solid OpenSCAD_Model
  facet normal 0.0654546 -0.997856 0
    outer loop
      vertex 40.7 0 5.6
      vertex 40.8305 0.00856018 27.8
      vertex 40.7 0 27.8
    endloop
  endfacet
  facet normal 0.0654546 -0.997856 0
    outer loop
      vertex 40.8305 0.00856018 27.8
      vertex 40.7 0 5.6
      vertex 40.8305 0.00856018 5.6
    endloop
  endfacet
  facet normal 0.321404 -0.946942 0
    outer loop
      vertex 40.9588 0.0340729 5.6
      vertex 41.0827 0.0761261 27.8
      vertex 40.9588 0.0340729 27.8
    endloop
  endfacet
  facet normal 0.321404 -0.946942 0
    outer loop
      vertex 41.0827 0.0761261 27.8
      vertex 40.9588 0.0340729 5.6
      vertex 41.0827 0.0761261 5.6
    endloop
  endfacet
  facet normal 0 -1 0
    outer loop
      vertex 1 0 5.6
      vertex 40.7 0 27.8
      vertex 1 0 27.8
    endloop
  endfacet
  facet normal 0 -1 -0
    outer loop
      vertex 40.7 0 27.8
      vertex 1 0 5.6
      vertex 40.7 0 5.6
    endloop
  endfacet
  facet normal 0.19494 0.980815 -0
    outer loop
      vertex 40.9588 21.1659 5.6
      vertex 40.8305 21.1914 27.8
      vertex 40.9588 21.1659 27.8
    endloop
  endfacet
  facet normal 0.19494 0.980815 0
    outer loop
      vertex 40.8305 21.1914 27.8
      vertex 40.9588 21.1659 5.6
      vertex 40.8305 21.1914 5.6
    endloop
  endfacet
  facet normal 0.195033 -0.980797 0
    outer loop
      vertex 40.8305 0.00856018 5.6
      vertex 40.9588 0.0340729 27.8
      vertex 40.8305 0.00856018 27.8
    endloop
  endfacet
  facet normal 0.195033 -0.980797 0
    outer loop
      vertex 40.9588 0.0340729 27.8
      vertex 40.8305 0.00856018 5.6
      vertex 40.9588 0.0340729 5.6
    endloop
  endfacet
  facet normal -0.980795 -0.195039 0
    outer loop
      vertex 0.0340729 0.74118 5.6
      vertex 0.00856018 0.869476 27.8
      vertex 0.00856018 0.869476 5.6
    endloop
  endfacet
  facet normal -0.980795 -0.195039 0
    outer loop
      vertex 0.00856018 0.869476 27.8
      vertex 0.0340729 0.74118 5.6
      vertex 0.0340729 0.74118 27.8
    endloop
  endfacet
  facet normal -0.0654426 -0.997856 0
    outer loop
      vertex 0.869476 0.00856018 5.6
      vertex 1 0 27.8
      vertex 0.869476 0.00856018 27.8
    endloop
  endfacet
  facet normal -0.0654426 -0.997856 -0
    outer loop
      vertex 1 0 27.8
      vertex 0.869476 0.00856018 5.6
      vertex 1 0 5.6
    endloop
  endfacet
  facet normal -1 0 0
    outer loop
      vertex 0 7.80001 5.72205e-07
      vertex 0 5.8 5.72205e-07
      vertex 0 6.30001 4.29999
    endloop
  endfacet
  facet normal -1 0 0
    outer loop
      vertex 0 15.4 5.6
      vertex 0 7.6 14.7
      vertex 0 13.6 14.7
    endloop
  endfacet
  facet normal -1 0 0
    outer loop
      vertex 0 15.4 5.6
      vertex 0 5.8 5.6
      vertex 0 7.6 14.7
    endloop
  endfacet
  facet normal -1 0 0
    outer loop
      vertex 0 5.8 5.6
      vertex 0 14.9 4.29999
      vertex 0 6.30001 4.29999
    endloop
  endfacet
  facet normal -1 0 0
    outer loop
      vertex 0 15.4 5.72205e-07
      vertex 0 14.9 4.29999
      vertex 0 15.4 5.6
    endloop
  endfacet
  facet normal -1 0 -0
    outer loop
      vertex 0 14.9 4.29999
      vertex 0 15.4 5.72205e-07
      vertex 0 13.4 5.72205e-07
    endloop
  endfacet
  facet normal -1 0 0
    outer loop
      vertex 0 13.6 14.7
      vertex 0 20.2 5.6
      vertex 0 15.4 5.6
    endloop
  endfacet
  facet normal -1 0 0
    outer loop
      vertex 0 5.8 5.6
      vertex 0 15.4 5.6
      vertex 0 14.9 4.29999
    endloop
  endfacet
  facet normal -1 0 0
    outer loop
      vertex 0 20.2 5.6
      vertex 0 13.6 14.7
      vertex 0 20.2 27.8
    endloop
  endfacet
  facet normal -1 0 0
    outer loop
      vertex 0 13.6 18.7
      vertex 0 20.2 27.8
      vertex 0 13.6 14.7
    endloop
  endfacet
  facet normal -1 0 0
    outer loop
      vertex 0 7.6 18.7
      vertex 0 20.2 27.8
      vertex 0 13.6 18.7
    endloop
  endfacet
  facet normal -1 0 0
    outer loop
      vertex 0 5.8 5.6
      vertex 0 6.30001 4.29999
      vertex 0 5.8 5.72205e-07
    endloop
  endfacet
  facet normal -1 0 0
    outer loop
      vertex 0 1 5.6
      vertex 0 7.6 14.7
      vertex 0 5.8 5.6
    endloop
  endfacet
  facet normal -1 -0 0
    outer loop
      vertex 0 7.6 14.7
      vertex 0 1 5.6
      vertex 0 7.6 18.7
    endloop
  endfacet
  facet normal -1 0 0
    outer loop
      vertex 0 7.6 18.7
      vertex 0 1 27.8
      vertex 0 20.2 27.8
    endloop
  endfacet
  facet normal -1 0 0
    outer loop
      vertex 0 1 27.8
      vertex 0 7.6 18.7
      vertex 0 1 5.6
    endloop
  endfacet
  facet normal 0.947066 0.321039 0
    outer loop
      vertex 41.6659 20.4588 27.8
      vertex 41.6239 20.5827 5.6
      vertex 41.6239 20.5827 27.8
    endloop
  endfacet
  facet normal 0.947066 0.321039 0
    outer loop
      vertex 41.6239 20.5827 5.6
      vertex 41.6659 20.4588 27.8
      vertex 41.6659 20.4588 5.6
    endloop
  endfacet
  facet normal -0.83154 0.555465 0
    outer loop
      vertex 0.133972 20.7 5.6
      vertex 0.20665 20.8088 27.8
      vertex 0.20665 20.8088 5.6
    endloop
  endfacet
  facet normal -0.83154 0.555465 0
    outer loop
      vertex 0.20665 20.8088 27.8
      vertex 0.133972 20.7 5.6
      vertex 0.133972 20.7 27.8
    endloop
  endfacet
  facet normal -0.896888 -0.442258 0
    outer loop
      vertex 0.133972 0.5 5.6
      vertex 0.0761261 0.61731 27.8
      vertex 0.0761261 0.61731 5.6
    endloop
  endfacet
  facet normal -0.896888 -0.442258 0
    outer loop
      vertex 0.0761261 0.61731 27.8
      vertex 0.133972 0.5 5.6
      vertex 0.133972 0.5 27.8
    endloop
  endfacet
  facet normal 0.0657577 0.997836 -0
    outer loop
      vertex 40.8305 21.1914 5.6
      vertex 40.7 21.2 27.8
      vertex 40.8305 21.1914 27.8
    endloop
  endfacet
  facet normal 0.0657577 0.997836 0
    outer loop
      vertex 40.7 21.2 27.8
      vertex 40.8305 21.1914 5.6
      vertex 40.7 21.2 5.6
    endloop
  endfacet
  facet normal -0.980797 0.195033 0
    outer loop
      vertex 0.00856018 20.3305 5.6
      vertex 0.0340729 20.4588 27.8
      vertex 0.0340729 20.4588 5.6
    endloop
  endfacet
  facet normal -0.980797 0.195033 0
    outer loop
      vertex 0.0340729 20.4588 27.8
      vertex 0.00856018 20.3305 5.6
      vertex 0.00856018 20.3305 27.8
    endloop
  endfacet
  facet normal 0.997836 -0.0657457 0
    outer loop
      vertex 41.6914 0.869476 27.8
      vertex 41.7 1 5.6
      vertex 41.7 1 27.8
    endloop
  endfacet
  facet normal 0.997836 -0.0657457 0
    outer loop
      vertex 41.7 1 5.6
      vertex 41.6914 0.869476 27.8
      vertex 41.6914 0.869476 5.6
    endloop
  endfacet
  facet normal -0.442258 -0.896888 0
    outer loop
      vertex 0.5 0.133972 5.6
      vertex 0.61731 0.0761261 27.8
      vertex 0.5 0.133972 27.8
    endloop
  endfacet
  facet normal -0.442258 -0.896888 -0
    outer loop
      vertex 0.61731 0.0761261 27.8
      vertex 0.5 0.133972 5.6
      vertex 0.61731 0.0761261 5.6
    endloop
  endfacet
  facet normal 1 -0 0
    outer loop
      vertex 41.7 13.6 14.7
      vertex 41.7 20.2 5.6
      vertex 41.7 20.2 27.8
    endloop
  endfacet
  facet normal 1 0 0
    outer loop
      vertex 41.7 15.4 5.6
      vertex 41.7 14.9 4.29999
      vertex 41.7 15.4 5.72205e-07
    endloop
  endfacet
  facet normal 1 0 0
    outer loop
      vertex 41.7 20.2 5.6
      vertex 41.7 13.6 14.7
      vertex 41.7 15.4 5.6
    endloop
  endfacet
  facet normal 1 0 0
    outer loop
      vertex 41.7 13.6 14.7
      vertex 41.7 20.2 27.8
      vertex 41.7 13.6 18.7
    endloop
  endfacet
  facet normal 1 0 0
    outer loop
      vertex 41.7 20.2 27.8
      vertex 41.7 7.6 18.7
      vertex 41.7 13.6 18.7
    endloop
  endfacet
  facet normal 1 0 0
    outer loop
      vertex 41.7 1 5.6
      vertex 41.7 7.6 14.7
      vertex 41.7 7.6 18.7
    endloop
  endfacet
  facet normal 1 0 0
    outer loop
      vertex 41.7 15.4 5.6
      vertex 41.7 5.8 5.6
      vertex 41.7 6.30001 4.29999
    endloop
  endfacet
  facet normal 1 -0 0
    outer loop
      vertex 41.7 1 27.8
      vertex 41.7 7.6 18.7
      vertex 41.7 20.2 27.8
    endloop
  endfacet
  facet normal 1 0 0
    outer loop
      vertex 41.7 1 5.6
      vertex 41.7 7.6 18.7
      vertex 41.7 1 27.8
    endloop
  endfacet
  facet normal 1 0 0
    outer loop
      vertex 41.7 7.6 14.7
      vertex 41.7 1 5.6
      vertex 41.7 5.8 5.6
    endloop
  endfacet
  facet normal 1 0 0
    outer loop
      vertex 41.7 15.4 5.72205e-07
      vertex 41.7 14.9 4.29999
      vertex 41.7 13.4 5.72205e-07
    endloop
  endfacet
  facet normal 1 -0 0
    outer loop
      vertex 41.7 7.6 14.7
      vertex 41.7 15.4 5.6
      vertex 41.7 13.6 14.7
    endloop
  endfacet
  facet normal 1 0 0
    outer loop
      vertex 41.7 5.8 5.6
      vertex 41.7 15.4 5.6
      vertex 41.7 7.6 14.7
    endloop
  endfacet
  facet normal 1 0 0
    outer loop
      vertex 41.7 15.4 5.6
      vertex 41.7 6.30001 4.29999
      vertex 41.7 14.9 4.29999
    endloop
  endfacet
  facet normal 1 0 0
    outer loop
      vertex 41.7 5.8 5.72205e-07
      vertex 41.7 6.30001 4.29999
      vertex 41.7 5.8 5.6
    endloop
  endfacet
  facet normal 1 0 0
    outer loop
      vertex 41.7 6.30001 4.29999
      vertex 41.7 5.8 5.72205e-07
      vertex 41.7 7.80001 5.72205e-07
    endloop
  endfacet
  facet normal -0.659335 -0.751849 0
    outer loop
      vertex 0.292892 0.292892 5.6
      vertex 0.391235 0.20665 27.8
      vertex 0.292892 0.292892 27.8
    endloop
  endfacet
  facet normal -0.659335 -0.751849 -0
    outer loop
      vertex 0.391235 0.20665 27.8
      vertex 0.292892 0.292892 5.6
      vertex 0.391235 0.20665 5.6
    endloop
  endfacet
  facet normal -0.195039 -0.980795 0
    outer loop
      vertex 0.74118 0.0340729 5.6
      vertex 0.869476 0.00856018 27.8
      vertex 0.74118 0.0340729 27.8
    endloop
  endfacet
  facet normal -0.195039 -0.980795 -0
    outer loop
      vertex 0.869476 0.00856018 27.8
      vertex 0.74118 0.0340729 5.6
      vertex 0.869476 0.00856018 5.6
    endloop
  endfacet
  facet normal -0.321474 -0.946918 0
    outer loop
      vertex 0.61731 0.0761261 5.6
      vertex 0.74118 0.0340729 27.8
      vertex 0.61731 0.0761261 27.8
    endloop
  endfacet
  facet normal -0.321474 -0.946918 -0
    outer loop
      vertex 0.74118 0.0340729 27.8
      vertex 0.61731 0.0761261 5.6
      vertex 0.74118 0.0340729 5.6
    endloop
  endfacet
  facet normal 0.442288 -0.896873 0
    outer loop
      vertex 41.0827 0.0761261 5.6
      vertex 41.2 0.133972 27.8
      vertex 41.0827 0.0761261 27.8
    endloop
  endfacet
  facet normal 0.442288 -0.896873 0
    outer loop
      vertex 41.2 0.133972 27.8
      vertex 41.0827 0.0761261 5.6
      vertex 41.2 0.133972 5.6
    endloop
  endfacet
  facet normal -0.555705 0.831379 0
    outer loop
      vertex 0.5 21.066 5.6
      vertex 0.391235 20.9933 27.8
      vertex 0.5 21.066 27.8
    endloop
  endfacet
  facet normal -0.555705 0.831379 0
    outer loop
      vertex 0.391235 20.9933 27.8
      vertex 0.5 21.066 5.6
      vertex 0.391235 20.9933 5.6
    endloop
  endfacet
  facet normal 0 1 -0
    outer loop
      vertex 40.7 21.2 5.6
      vertex 1 21.2 27.8
      vertex 40.7 21.2 27.8
    endloop
  endfacet
  facet normal 0 1 0
    outer loop
      vertex 1 21.2 27.8
      vertex 40.7 21.2 5.6
      vertex 1 21.2 5.6
    endloop
  endfacet
  facet normal 0.555465 -0.83154 0
    outer loop
      vertex 41.2 0.133972 5.6
      vertex 41.3088 0.20665 27.8
      vertex 41.2 0.133972 27.8
    endloop
  endfacet
  facet normal 0.555465 -0.83154 0
    outer loop
      vertex 41.3088 0.20665 27.8
      vertex 41.2 0.133972 5.6
      vertex 41.3088 0.20665 5.6
    endloop
  endfacet
  facet normal -0.194946 0.980814 0
    outer loop
      vertex 0.869476 21.1914 5.6
      vertex 0.74118 21.1659 27.8
      vertex 0.869476 21.1914 27.8
    endloop
  endfacet
  facet normal -0.194946 0.980814 0
    outer loop
      vertex 0.74118 21.1659 27.8
      vertex 0.869476 21.1914 5.6
      vertex 0.74118 21.1659 5.6
    endloop
  endfacet
  facet normal -0.0657457 0.997836 0
    outer loop
      vertex 1 21.2 5.6
      vertex 0.869476 21.1914 27.8
      vertex 1 21.2 27.8
    endloop
  endfacet
  facet normal -0.0657457 0.997836 0
    outer loop
      vertex 0.869476 21.1914 27.8
      vertex 1 21.2 5.6
      vertex 0.869476 21.1914 5.6
    endloop
  endfacet
  facet normal 0.831462 0.555582 0
    outer loop
      vertex 41.566 20.7 27.8
      vertex 41.4933 20.8088 5.6
      vertex 41.4933 20.8088 27.8
    endloop
  endfacet
  facet normal 0.831462 0.555582 0
    outer loop
      vertex 41.4933 20.8088 5.6
      vertex 41.566 20.7 27.8
      vertex 41.566 20.7 5.6
    endloop
  endfacet
  facet normal 0 0 -1
    outer loop
      vertex 41.7 1 5.6
      vertex 41.6931 5.69559 5.6
      vertex 41.7 5.8 5.6
    endloop
  endfacet
  facet normal 0 0 -1
    outer loop
      vertex 40.7 0 5.6
      vertex 41.7 1 5.6
      vertex 41.6914 0.869476 5.6
    endloop
  endfacet
  facet normal 0 0 -1
    outer loop
      vertex 41.7 1 5.6
      vertex 41.6727 5.59294 5.6
      vertex 41.6931 5.69559 5.6
    endloop
  endfacet
  facet normal 0 0 -1
    outer loop
      vertex 40.7 0 5.6
      vertex 41.6914 0.869476 5.6
      vertex 41.6659 0.74118 5.6
    endloop
  endfacet
  facet normal 0 0 -1
    outer loop
      vertex 41.7 1 5.6
      vertex 41.6391 5.49385 5.6
      vertex 41.6727 5.59294 5.6
    endloop
  endfacet
  facet normal 0 0 -1
    outer loop
      vertex 40.7 0 5.6
      vertex 41.6659 0.74118 5.6
      vertex 41.6239 0.61731 5.6
    endloop
  endfacet
  facet normal 0 0 -1
    outer loop
      vertex 41.7 1 5.6
      vertex 41.5928 5.40001 5.6
      vertex 41.6391 5.49385 5.6
    endloop
  endfacet
  facet normal 0 0 -1
    outer loop
      vertex 40.7 0 5.6
      vertex 41.6239 0.61731 5.6
      vertex 41.566 0.5 5.6
    endloop
  endfacet
  facet normal 0 0 -1
    outer loop
      vertex 41.7 1 5.6
      vertex 41.5347 5.31299 5.6
      vertex 41.5928 5.40001 5.6
    endloop
  endfacet
  facet normal 0 0 -1
    outer loop
      vertex 40.7 0 5.6
      vertex 41.566 0.5 5.6
      vertex 41.4933 0.391235 5.6
    endloop
  endfacet
  facet normal 0 0 -1
    outer loop
      vertex 41.7 1 5.6
      vertex 41.4657 5.23431 5.6
      vertex 41.5347 5.31299 5.6
    endloop
  endfacet
  facet normal 0 0 -1
    outer loop
      vertex 40.7 0 5.6
      vertex 41.4933 0.391235 5.6
      vertex 41.4071 0.292892 5.6
    endloop
  endfacet
  facet normal 0 0 -1
    outer loop
      vertex 41.7 1 5.6
      vertex 41.387 5.16531 5.6
      vertex 41.4657 5.23431 5.6
    endloop
  endfacet
  facet normal 0 0 -1
    outer loop
      vertex 40.7 0 5.6
      vertex 41.4071 0.292892 5.6
      vertex 41.3088 0.20665 5.6
    endloop
  endfacet
  facet normal 0 0 -1
    outer loop
      vertex 41.7 1 5.6
      vertex 41.3 5.10718 5.6
      vertex 41.387 5.16531 5.6
    endloop
  endfacet
  facet normal 0 0 -1
    outer loop
      vertex 41.7 1 5.6
      vertex 41.2061 5.0609 5.6
      vertex 41.3 5.10718 5.6
    endloop
  endfacet
  facet normal 0 0 -1
    outer loop
      vertex 40.7 0 5.6
      vertex 41.3088 0.20665 5.6
      vertex 41.2 0.133972 5.6
    endloop
  endfacet
  facet normal 0 0 -1
    outer loop
      vertex 41.7 1 5.6
      vertex 41.1071 5.02727 5.6
      vertex 41.2061 5.0609 5.6
    endloop
  endfacet
  facet normal 0 0 -1
    outer loop
      vertex 40.7 0 5.6
      vertex 41.2 0.133972 5.6
      vertex 41.0827 0.0761261 5.6
    endloop
  endfacet
  facet normal 0 0 -1
    outer loop
      vertex 41.7 1 5.6
      vertex 41.0044 5.00685 5.6
      vertex 41.1071 5.02727 5.6
    endloop
  endfacet
  facet normal 0 0 -1
    outer loop
      vertex 40.7 0 5.6
      vertex 41.0827 0.0761261 5.6
      vertex 40.9588 0.0340729 5.6
    endloop
  endfacet
  facet normal 0 0 -1
    outer loop
      vertex 41.7 1 5.6
      vertex 40.9 5 5.6
      vertex 41.0044 5.00685 5.6
    endloop
  endfacet
  facet normal 0 0 -1
    outer loop
      vertex 40.7 0 5.6
      vertex 40.9588 0.0340729 5.6
      vertex 40.8305 0.00856018 5.6
    endloop
  endfacet
  facet normal -0 0 -1
    outer loop
      vertex 41.7 1 5.6
      vertex 40.7 0 5.6
      vertex 40.9 5 5.6
    endloop
  endfacet
  facet normal 0 0 -1
    outer loop
      vertex 1 0 5.6
      vertex 40.9 5 5.6
      vertex 40.7 0 5.6
    endloop
  endfacet
  facet normal 0 0 -1
    outer loop
      vertex 0 1 5.6
      vertex 1 0 5.6
      vertex 0.869476 0.00856018 5.6
    endloop
  endfacet
  facet normal 0 0 -1
    outer loop
      vertex 1 0 5.6
      vertex 0.800003 5 5.6
      vertex 40.9 5 5.6
    endloop
  endfacet
  facet normal 0 0 -1
    outer loop
      vertex 0 1 5.6
      vertex 0.869476 0.00856018 5.6
      vertex 0.74118 0.0340729 5.6
    endloop
  endfacet
  facet normal 0 0 -1
    outer loop
      vertex 1 0 5.6
      vertex 0 1 5.6
      vertex 0.800003 5 5.6
    endloop
  endfacet
  facet normal 0 0 -1
    outer loop
      vertex 0 1 5.6
      vertex 0.74118 0.0340729 5.6
      vertex 0.61731 0.0761261 5.6
    endloop
  endfacet
  facet normal -0 0 -1
    outer loop
      vertex 0.800003 5 5.6
      vertex 0 1 5.6
      vertex 0.695587 5.00685 5.6
    endloop
  endfacet
  facet normal 0 0 -1
    outer loop
      vertex 0 1 5.6
      vertex 0.61731 0.0761261 5.6
      vertex 0.5 0.133972 5.6
    endloop
  endfacet
  facet normal -0 0 -1
    outer loop
      vertex 0.695587 5.00685 5.6
      vertex 0 1 5.6
      vertex 0.592941 5.02727 5.6
    endloop
  endfacet
  facet normal -0 0 -1
    outer loop
      vertex 0.592941 5.02727 5.6
      vertex 0 1 5.6
      vertex 0.493851 5.0609 5.6
    endloop
  endfacet
  facet normal 0 0 -1
    outer loop
      vertex 0 1 5.6
      vertex 0.5 0.133972 5.6
      vertex 0.391235 0.20665 5.6
    endloop
  endfacet
  facet normal -0 0 -1
    outer loop
      vertex 0.493851 5.0609 5.6
      vertex 0 1 5.6
      vertex 0.400009 5.10718 5.6
    endloop
  endfacet
  facet normal 0 0 -1
    outer loop
      vertex 0 1 5.6
      vertex 0.391235 0.20665 5.6
      vertex 0.292892 0.292892 5.6
    endloop
  endfacet
  facet normal -0 0 -1
    outer loop
      vertex 0.400009 5.10718 5.6
      vertex 0 1 5.6
      vertex 0.312988 5.16531 5.6
    endloop
  endfacet
  facet normal 0 0 -1
    outer loop
      vertex 0 1 5.6
      vertex 0.292892 0.292892 5.6
      vertex 0.20665 0.391235 5.6
    endloop
  endfacet
  facet normal -0 0 -1
    outer loop
      vertex 0.312988 5.16531 5.6
      vertex 0 1 5.6
      vertex 0.234314 5.23431 5.6
    endloop
  endfacet
  facet normal 0 0 -1
    outer loop
      vertex 0 1 5.6
      vertex 0.20665 0.391235 5.6
      vertex 0.133972 0.5 5.6
    endloop
  endfacet
  facet normal -0 0 -1
    outer loop
      vertex 0.234314 5.23431 5.6
      vertex 0 1 5.6
      vertex 0.165314 5.31299 5.6
    endloop
  endfacet
  facet normal 0 0 -1
    outer loop
      vertex 0 1 5.6
      vertex 0.133972 0.5 5.6
      vertex 0.0761261 0.61731 5.6
    endloop
  endfacet
  facet normal -0 0 -1
    outer loop
      vertex 0.165314 5.31299 5.6
      vertex 0 1 5.6
      vertex 0.107178 5.40001 5.6
    endloop
  endfacet
  facet normal 0 0 -1
    outer loop
      vertex 0 1 5.6
      vertex 0.0761261 0.61731 5.6
      vertex 0.0340729 0.74118 5.6
    endloop
  endfacet
  facet normal -0 0 -1
    outer loop
      vertex 0.107178 5.40001 5.6
      vertex 0 1 5.6
      vertex 0.0608978 5.49385 5.6
    endloop
  endfacet
  facet normal 0 0 -1
    outer loop
      vertex 0 1 5.6
      vertex 0.0340729 0.74118 5.6
      vertex 0.00856018 0.869476 5.6
    endloop
  endfacet
  facet normal -0 0 -1
    outer loop
      vertex 0.0608978 5.49385 5.6
      vertex 0 1 5.6
      vertex 0.0272675 5.59294 5.6
    endloop
  endfacet
  facet normal -0 0 -1
    outer loop
      vertex 0.0272675 5.59294 5.6
      vertex 0 1 5.6
      vertex 0.0068512 5.69559 5.6
    endloop
  endfacet
  facet normal -0 0 -1
    outer loop
      vertex 0.0068512 5.69559 5.6
      vertex 0 1 5.6
      vertex 0 5.8 5.6
    endloop
  endfacet
  facet normal 0 0 -1
    outer loop
      vertex 41.6931 15.5044 5.6
      vertex 41.7 20.2 5.6
      vertex 41.7 15.4 5.6
    endloop
  endfacet
  facet normal 0 0 -1
    outer loop
      vertex 41.6727 15.6071 5.6
      vertex 41.7 20.2 5.6
      vertex 41.6931 15.5044 5.6
    endloop
  endfacet
  facet normal 0 0 -1
    outer loop
      vertex 41.6391 15.7061 5.6
      vertex 41.7 20.2 5.6
      vertex 41.6727 15.6071 5.6
    endloop
  endfacet
  facet normal 0 0 -1
    outer loop
      vertex 41.5928 15.8 5.6
      vertex 41.7 20.2 5.6
      vertex 41.6391 15.7061 5.6
    endloop
  endfacet
  facet normal 0 0 -1
    outer loop
      vertex 41.5347 15.887 5.6
      vertex 41.7 20.2 5.6
      vertex 41.5928 15.8 5.6
    endloop
  endfacet
  facet normal 0 0 -1
    outer loop
      vertex 41.4657 15.9657 5.6
      vertex 41.7 20.2 5.6
      vertex 41.5347 15.887 5.6
    endloop
  endfacet
  facet normal 0 0 -1
    outer loop
      vertex 41.387 16.0347 5.6
      vertex 41.7 20.2 5.6
      vertex 41.4657 15.9657 5.6
    endloop
  endfacet
  facet normal 0 0 -1
    outer loop
      vertex 41.3 16.0928 5.6
      vertex 41.7 20.2 5.6
      vertex 41.387 16.0347 5.6
    endloop
  endfacet
  facet normal 0 0 -1
    outer loop
      vertex 41.2061 16.1391 5.6
      vertex 41.7 20.2 5.6
      vertex 41.3 16.0928 5.6
    endloop
  endfacet
  facet normal 0 0 -1
    outer loop
      vertex 41.1071 16.1727 5.6
      vertex 41.7 20.2 5.6
      vertex 41.2061 16.1391 5.6
    endloop
  endfacet
  facet normal 0 0 -1
    outer loop
      vertex 41.0044 16.1931 5.6
      vertex 41.7 20.2 5.6
      vertex 41.1071 16.1727 5.6
    endloop
  endfacet
  facet normal 0 0 -1
    outer loop
      vertex 40.9 16.2 5.6
      vertex 41.7 20.2 5.6
      vertex 41.0044 16.1931 5.6
    endloop
  endfacet
  facet normal 0 0 -1
    outer loop
      vertex 40.7 21.2 5.6
      vertex 41.7 20.2 5.6
      vertex 40.9 16.2 5.6
    endloop
  endfacet
  facet normal 0 0 -1
    outer loop
      vertex 41.7 20.2 5.6
      vertex 40.7 21.2 5.6
      vertex 41.6914 20.3305 5.6
    endloop
  endfacet
  facet normal 0 0 -1
    outer loop
      vertex 41.6914 20.3305 5.6
      vertex 40.7 21.2 5.6
      vertex 41.6659 20.4588 5.6
    endloop
  endfacet
  facet normal 0 0 -1
    outer loop
      vertex 41.6659 20.4588 5.6
      vertex 40.7 21.2 5.6
      vertex 41.6239 20.5827 5.6
    endloop
  endfacet
  facet normal 0 0 -1
    outer loop
      vertex 41.6239 20.5827 5.6
      vertex 40.7 21.2 5.6
      vertex 41.566 20.7 5.6
    endloop
  endfacet
  facet normal 0 0 -1
    outer loop
      vertex 41.566 20.7 5.6
      vertex 40.7 21.2 5.6
      vertex 41.4933 20.8088 5.6
    endloop
  endfacet
  facet normal 0 0 -1
    outer loop
      vertex 41.4933 20.8088 5.6
      vertex 40.7 21.2 5.6
      vertex 41.4071 20.9071 5.6
    endloop
  endfacet
  facet normal 0 0 -1
    outer loop
      vertex 41.4071 20.9071 5.6
      vertex 40.7 21.2 5.6
      vertex 41.3088 20.9933 5.6
    endloop
  endfacet
  facet normal 0 0 -1
    outer loop
      vertex 41.3088 20.9933 5.6
      vertex 40.7 21.2 5.6
      vertex 41.2 21.066 5.6
    endloop
  endfacet
  facet normal 0 0 -1
    outer loop
      vertex 41.2 21.066 5.6
      vertex 40.7 21.2 5.6
      vertex 41.0827 21.1239 5.6
    endloop
  endfacet
  facet normal 0 0 -1
    outer loop
      vertex 41.0827 21.1239 5.6
      vertex 40.7 21.2 5.6
      vertex 40.9588 21.1659 5.6
    endloop
  endfacet
  facet normal 0 0 -1
    outer loop
      vertex 40.9588 21.1659 5.6
      vertex 40.7 21.2 5.6
      vertex 40.8305 21.1914 5.6
    endloop
  endfacet
  facet normal 0 0 -1
    outer loop
      vertex 40.9 16.2 5.6
      vertex 1 21.2 5.6
      vertex 40.7 21.2 5.6
    endloop
  endfacet
  facet normal 0 0 -1
    outer loop
      vertex 0.800003 16.2 5.6
      vertex 1 21.2 5.6
      vertex 40.9 16.2 5.6
    endloop
  endfacet
  facet normal 0 0 -1
    outer loop
      vertex 0 20.2 5.6
      vertex 1 21.2 5.6
      vertex 0.800003 16.2 5.6
    endloop
  endfacet
  facet normal 0 0 -1
    outer loop
      vertex 1 21.2 5.6
      vertex 0 20.2 5.6
      vertex 0.869476 21.1914 5.6
    endloop
  endfacet
  facet normal 0 0 -1
    outer loop
      vertex 0 20.2 5.6
      vertex 0.800003 16.2 5.6
      vertex 0.695587 16.1931 5.6
    endloop
  endfacet
  facet normal 0 0 -1
    outer loop
      vertex 0.869476 21.1914 5.6
      vertex 0 20.2 5.6
      vertex 0.74118 21.1659 5.6
    endloop
  endfacet
  facet normal 0 0 -1
    outer loop
      vertex 0 20.2 5.6
      vertex 0.695587 16.1931 5.6
      vertex 0.592941 16.1727 5.6
    endloop
  endfacet
  facet normal 0 0 -1
    outer loop
      vertex 0.74118 21.1659 5.6
      vertex 0 20.2 5.6
      vertex 0.61731 21.1239 5.6
    endloop
  endfacet
  facet normal 0 0 -1
    outer loop
      vertex 0 20.2 5.6
      vertex 0.592941 16.1727 5.6
      vertex 0.493851 16.1391 5.6
    endloop
  endfacet
  facet normal 0 0 -1
    outer loop
      vertex 0 20.2 5.6
      vertex 0.493851 16.1391 5.6
      vertex 0.400009 16.0928 5.6
    endloop
  endfacet
  facet normal 0 0 -1
    outer loop
      vertex 0.61731 21.1239 5.6
      vertex 0 20.2 5.6
      vertex 0.5 21.066 5.6
    endloop
  endfacet
  facet normal 0 0 -1
    outer loop
      vertex 0 20.2 5.6
      vertex 0.400009 16.0928 5.6
      vertex 0.312988 16.0347 5.6
    endloop
  endfacet
  facet normal 0 0 -1
    outer loop
      vertex 0.5 21.066 5.6
      vertex 0 20.2 5.6
      vertex 0.391235 20.9933 5.6
    endloop
  endfacet
  facet normal 0 0 -1
    outer loop
      vertex 0 20.2 5.6
      vertex 0.312988 16.0347 5.6
      vertex 0.234314 15.9657 5.6
    endloop
  endfacet
  facet normal 0 0 -1
    outer loop
      vertex 0.391235 20.9933 5.6
      vertex 0 20.2 5.6
      vertex 0.292892 20.9071 5.6
    endloop
  endfacet
  facet normal 0 0 -1
    outer loop
      vertex 0 20.2 5.6
      vertex 0.234314 15.9657 5.6
      vertex 0.165314 15.887 5.6
    endloop
  endfacet
  facet normal 0 0 -1
    outer loop
      vertex 0.292892 20.9071 5.6
      vertex 0 20.2 5.6
      vertex 0.20665 20.8088 5.6
    endloop
  endfacet
  facet normal 0 0 -1
    outer loop
      vertex 0 20.2 5.6
      vertex 0.165314 15.887 5.6
      vertex 0.107178 15.8 5.6
    endloop
  endfacet
  facet normal 0 0 -1
    outer loop
      vertex 0.20665 20.8088 5.6
      vertex 0 20.2 5.6
      vertex 0.133972 20.7 5.6
    endloop
  endfacet
  facet normal 0 0 -1
    outer loop
      vertex 0 20.2 5.6
      vertex 0.107178 15.8 5.6
      vertex 0.0608978 15.7061 5.6
    endloop
  endfacet
  facet normal 0 0 -1
    outer loop
      vertex 0.133972 20.7 5.6
      vertex 0 20.2 5.6
      vertex 0.0761261 20.5827 5.6
    endloop
  endfacet
  facet normal 0 0 -1
    outer loop
      vertex 0 20.2 5.6
      vertex 0.0608978 15.7061 5.6
      vertex 0.0272675 15.6071 5.6
    endloop
  endfacet
  facet normal 0 0 -1
    outer loop
      vertex 0.0761261 20.5827 5.6
      vertex 0 20.2 5.6
      vertex 0.0340729 20.4588 5.6
    endloop
  endfacet
  facet normal 0 0 -1
    outer loop
      vertex 0 20.2 5.6
      vertex 0.0272675 15.6071 5.6
      vertex 0.0068512 15.5044 5.6
    endloop
  endfacet
  facet normal 0 0 -1
    outer loop
      vertex 0 20.2 5.6
      vertex 0.0068512 15.5044 5.6
      vertex 0 15.4 5.6
    endloop
  endfacet
  facet normal 0 0 -1
    outer loop
      vertex 0.0340729 20.4588 5.6
      vertex 0 20.2 5.6
      vertex 0.00856018 20.3305 5.6
    endloop
  endfacet
  facet normal 0.896724 -0.442591 0
    outer loop
      vertex 41.566 0.5 27.8
      vertex 41.6239 0.61731 5.6
      vertex 41.6239 0.61731 27.8
    endloop
  endfacet
  facet normal 0.896724 -0.442591 0
    outer loop
      vertex 41.6239 0.61731 5.6
      vertex 41.566 0.5 27.8
      vertex 41.566 0.5 5.6
    endloop
  endfacet
  facet normal -0.751849 -0.659335 0
    outer loop
      vertex 0.292892 0.292892 5.6
      vertex 0.20665 0.391235 27.8
      vertex 0.20665 0.391235 5.6
    endloop
  endfacet
  facet normal -0.751849 -0.659335 0
    outer loop
      vertex 0.20665 0.391235 27.8
      vertex 0.292892 0.292892 5.6
      vertex 0.292892 0.292892 27.8
    endloop
  endfacet
  facet normal 0.997836 0.0657577 0
    outer loop
      vertex 41.7 20.2 27.8
      vertex 41.6914 20.3305 5.6
      vertex 41.6914 20.3305 27.8
    endloop
  endfacet
  facet normal 0.997836 0.0657577 0
    outer loop
      vertex 41.6914 20.3305 5.6
      vertex 41.7 20.2 27.8
      vertex 41.7 20.2 5.6
    endloop
  endfacet
  facet normal -0.946942 0.321404 0
    outer loop
      vertex 0.0340729 20.4588 5.6
      vertex 0.0761261 20.5827 27.8
      vertex 0.0761261 20.5827 5.6
    endloop
  endfacet
  facet normal -0.946942 0.321404 0
    outer loop
      vertex 0.0761261 20.5827 27.8
      vertex 0.0340729 20.4588 5.6
      vertex 0.0340729 20.4588 27.8
    endloop
  endfacet
  facet normal -0.997856 0.0654546 0
    outer loop
      vertex 0 20.2 5.6
      vertex 0.00856018 20.3305 27.8
      vertex 0.00856018 20.3305 5.6
    endloop
  endfacet
  facet normal -0.997856 0.0654546 0
    outer loop
      vertex 0.00856018 20.3305 27.8
      vertex 0 20.2 5.6
      vertex 0 20.2 27.8
    endloop
  endfacet
  facet normal 0.980814 -0.194946 0
    outer loop
      vertex 41.6659 0.74118 27.8
      vertex 41.6914 0.869476 5.6
      vertex 41.6914 0.869476 27.8
    endloop
  endfacet
  facet normal 0.980814 -0.194946 0
    outer loop
      vertex 41.6914 0.869476 5.6
      vertex 41.6659 0.74118 27.8
      vertex 41.6659 0.74118 5.6
    endloop
  endfacet
  facet normal 0.947042 -0.321109 0
    outer loop
      vertex 41.6239 0.61731 27.8
      vertex 41.6659 0.74118 5.6
      vertex 41.6659 0.74118 27.8
    endloop
  endfacet
  facet normal 0.947042 -0.321109 0
    outer loop
      vertex 41.6659 0.74118 5.6
      vertex 41.6239 0.61731 27.8
      vertex 41.6239 0.61731 5.6
    endloop
  endfacet
  facet normal 0.442621 0.896709 -0
    outer loop
      vertex 41.2 21.066 5.6
      vertex 41.0827 21.1239 27.8
      vertex 41.2 21.066 27.8
    endloop
  endfacet
  facet normal 0.442621 0.896709 0
    outer loop
      vertex 41.0827 21.1239 27.8
      vertex 41.2 21.066 5.6
      vertex 41.0827 21.1239 5.6
    endloop
  endfacet
  facet normal 0.321039 0.947066 -0
    outer loop
      vertex 41.0827 21.1239 5.6
      vertex 40.9588 21.1659 27.8
      vertex 41.0827 21.1239 27.8
    endloop
  endfacet
  facet normal 0.321039 0.947066 0
    outer loop
      vertex 40.9588 21.1659 27.8
      vertex 41.0827 21.1239 5.6
      vertex 40.9588 21.1659 5.6
    endloop
  endfacet
  facet normal 0.896709 0.442621 0
    outer loop
      vertex 41.6239 20.5827 27.8
      vertex 41.566 20.7 5.6
      vertex 41.566 20.7 27.8
    endloop
  endfacet
  facet normal 0.896709 0.442621 0
    outer loop
      vertex 41.566 20.7 5.6
      vertex 41.6239 20.5827 27.8
      vertex 41.6239 20.5827 5.6
    endloop
  endfacet
  facet normal -0.321109 0.947042 0
    outer loop
      vertex 0.74118 21.1659 5.6
      vertex 0.61731 21.1239 27.8
      vertex 0.74118 21.1659 27.8
    endloop
  endfacet
  facet normal -0.321109 0.947042 0
    outer loop
      vertex 0.61731 21.1239 27.8
      vertex 0.74118 21.1659 5.6
      vertex 0.61731 21.1239 5.6
    endloop
  endfacet
  facet normal -0.442591 0.896724 0
    outer loop
      vertex 0.61731 21.1239 5.6
      vertex 0.5 21.066 27.8
      vertex 0.61731 21.1239 27.8
    endloop
  endfacet
  facet normal -0.442591 0.896724 0
    outer loop
      vertex 0.5 21.066 27.8
      vertex 0.61731 21.1239 5.6
      vertex 0.5 21.066 5.6
    endloop
  endfacet
  facet normal 0 0 1
    outer loop
      vertex 40.7 21.2 27.8
      vertex 41.7 20.2 27.8
      vertex 41.6914 20.3305 27.8
    endloop
  endfacet
  facet normal 0 0 1
    outer loop
      vertex 41.7 20.2 27.8
      vertex 40.7 21.2 27.8
      vertex 41.7 1 27.8
    endloop
  endfacet
  facet normal 0 0 1
    outer loop
      vertex 40.7 21.2 27.8
      vertex 41.6914 20.3305 27.8
      vertex 41.6659 20.4588 27.8
    endloop
  endfacet
  facet normal 0 0 1
    outer loop
      vertex 40.7 0 27.8
      vertex 41.7 1 27.8
      vertex 40.7 21.2 27.8
    endloop
  endfacet
  facet normal 0 0 1
    outer loop
      vertex 40.7 21.2 27.8
      vertex 41.6659 20.4588 27.8
      vertex 41.6239 20.5827 27.8
    endloop
  endfacet
  facet normal 0 0 1
    outer loop
      vertex 41.7 1 27.8
      vertex 40.7 0 27.8
      vertex 41.6914 0.869476 27.8
    endloop
  endfacet
  facet normal 0 0 1
    outer loop
      vertex 40.7 21.2 27.8
      vertex 41.6239 20.5827 27.8
      vertex 41.566 20.7 27.8
    endloop
  endfacet
  facet normal 0 0 1
    outer loop
      vertex 41.6914 0.869476 27.8
      vertex 40.7 0 27.8
      vertex 41.6659 0.74118 27.8
    endloop
  endfacet
  facet normal 0 0 1
    outer loop
      vertex 40.7 21.2 27.8
      vertex 41.566 20.7 27.8
      vertex 41.4933 20.8088 27.8
    endloop
  endfacet
  facet normal 0 0 1
    outer loop
      vertex 41.6659 0.74118 27.8
      vertex 40.7 0 27.8
      vertex 41.6239 0.61731 27.8
    endloop
  endfacet
  facet normal 0 0 1
    outer loop
      vertex 40.7 21.2 27.8
      vertex 41.4933 20.8088 27.8
      vertex 41.4071 20.9071 27.8
    endloop
  endfacet
  facet normal 0 0 1
    outer loop
      vertex 41.6239 0.61731 27.8
      vertex 40.7 0 27.8
      vertex 41.566 0.5 27.8
    endloop
  endfacet
  facet normal 0 0 1
    outer loop
      vertex 40.7 21.2 27.8
      vertex 41.4071 20.9071 27.8
      vertex 41.3088 20.9933 27.8
    endloop
  endfacet
  facet normal 0 0 1
    outer loop
      vertex 41.566 0.5 27.8
      vertex 40.7 0 27.8
      vertex 41.4933 0.391235 27.8
    endloop
  endfacet
  facet normal 0 0 1
    outer loop
      vertex 40.7 21.2 27.8
      vertex 41.3088 20.9933 27.8
      vertex 41.2 21.066 27.8
    endloop
  endfacet
  facet normal 0 0 1
    outer loop
      vertex 41.4933 0.391235 27.8
      vertex 40.7 0 27.8
      vertex 41.4071 0.292892 27.8
    endloop
  endfacet
  facet normal 0 0 1
    outer loop
      vertex 40.7 21.2 27.8
      vertex 41.2 21.066 27.8
      vertex 41.0827 21.1239 27.8
    endloop
  endfacet
  facet normal 0 0 1
    outer loop
      vertex 41.4071 0.292892 27.8
      vertex 40.7 0 27.8
      vertex 41.3088 0.20665 27.8
    endloop
  endfacet
  facet normal 0 0 1
    outer loop
      vertex 40.7 21.2 27.8
      vertex 41.0827 21.1239 27.8
      vertex 40.9588 21.1659 27.8
    endloop
  endfacet
  facet normal 0 0 1
    outer loop
      vertex 41.3088 0.20665 27.8
      vertex 40.7 0 27.8
      vertex 41.2 0.133972 27.8
    endloop
  endfacet
  facet normal 0 0 1
    outer loop
      vertex 40.7 21.2 27.8
      vertex 40.9588 21.1659 27.8
      vertex 40.8305 21.1914 27.8
    endloop
  endfacet
  facet normal 0 0 1
    outer loop
      vertex 41.2 0.133972 27.8
      vertex 40.7 0 27.8
      vertex 41.0827 0.0761261 27.8
    endloop
  endfacet
  facet normal 0 0 1
    outer loop
      vertex 41.0827 0.0761261 27.8
      vertex 40.7 0 27.8
      vertex 40.9588 0.0340729 27.8
    endloop
  endfacet
  facet normal 0 0 1
    outer loop
      vertex 40.9588 0.0340729 27.8
      vertex 40.7 0 27.8
      vertex 40.8305 0.00856018 27.8
    endloop
  endfacet
  facet normal -0 0 1
    outer loop
      vertex 1 21.2 27.8
      vertex 40.7 0 27.8
      vertex 40.7 21.2 27.8
    endloop
  endfacet
  facet normal 0 0 1
    outer loop
      vertex 1 21.2 27.8
      vertex 1 0 27.8
      vertex 40.7 0 27.8
    endloop
  endfacet
  facet normal 0 0 1
    outer loop
      vertex 0 20.2 27.8
      vertex 1 21.2 27.8
      vertex 0.869476 21.1914 27.8
    endloop
  endfacet
  facet normal 0 0 1
    outer loop
      vertex 1 21.2 27.8
      vertex 0 20.2 27.8
      vertex 1 0 27.8
    endloop
  endfacet
  facet normal 0 0 1
    outer loop
      vertex 0 20.2 27.8
      vertex 0.869476 21.1914 27.8
      vertex 0.74118 21.1659 27.8
    endloop
  endfacet
  facet normal -0 0 1
    outer loop
      vertex 0 1 27.8
      vertex 1 0 27.8
      vertex 0 20.2 27.8
    endloop
  endfacet
  facet normal 0 0 1
    outer loop
      vertex 0 20.2 27.8
      vertex 0.74118 21.1659 27.8
      vertex 0.61731 21.1239 27.8
    endloop
  endfacet
  facet normal 0 0 1
    outer loop
      vertex 1 0 27.8
      vertex 0 1 27.8
      vertex 0.869476 0.00856018 27.8
    endloop
  endfacet
  facet normal 0 0 1
    outer loop
      vertex 0 20.2 27.8
      vertex 0.61731 21.1239 27.8
      vertex 0.5 21.066 27.8
    endloop
  endfacet
  facet normal 0 0 1
    outer loop
      vertex 0.869476 0.00856018 27.8
      vertex 0 1 27.8
      vertex 0.74118 0.0340729 27.8
    endloop
  endfacet
  facet normal 0 0 1
    outer loop
      vertex 0 20.2 27.8
      vertex 0.5 21.066 27.8
      vertex 0.391235 20.9933 27.8
    endloop
  endfacet
  facet normal 0 0 1
    outer loop
      vertex 0.74118 0.0340729 27.8
      vertex 0 1 27.8
      vertex 0.61731 0.0761261 27.8
    endloop
  endfacet
  facet normal 0 0 1
    outer loop
      vertex 0 20.2 27.8
      vertex 0.391235 20.9933 27.8
      vertex 0.292892 20.9071 27.8
    endloop
  endfacet
  facet normal 0 0 1
    outer loop
      vertex 0.61731 0.0761261 27.8
      vertex 0 1 27.8
      vertex 0.5 0.133972 27.8
    endloop
  endfacet
  facet normal 0 0 1
    outer loop
      vertex 0 20.2 27.8
      vertex 0.292892 20.9071 27.8
      vertex 0.20665 20.8088 27.8
    endloop
  endfacet
  facet normal 0 0 1
    outer loop
      vertex 0.5 0.133972 27.8
      vertex 0 1 27.8
      vertex 0.391235 0.20665 27.8
    endloop
  endfacet
  facet normal 0 0 1
    outer loop
      vertex 0 20.2 27.8
      vertex 0.20665 20.8088 27.8
      vertex 0.133972 20.7 27.8
    endloop
  endfacet
  facet normal 0 0 1
    outer loop
      vertex 0.391235 0.20665 27.8
      vertex 0 1 27.8
      vertex 0.292892 0.292892 27.8
    endloop
  endfacet
  facet normal 0 0 1
    outer loop
      vertex 0 20.2 27.8
      vertex 0.133972 20.7 27.8
      vertex 0.0761261 20.5827 27.8
    endloop
  endfacet
  facet normal 0 0 1
    outer loop
      vertex 0.292892 0.292892 27.8
      vertex 0 1 27.8
      vertex 0.20665 0.391235 27.8
    endloop
  endfacet
  facet normal 0 0 1
    outer loop
      vertex 0 20.2 27.8
      vertex 0.0761261 20.5827 27.8
      vertex 0.0340729 20.4588 27.8
    endloop
  endfacet
  facet normal 0 0 1
    outer loop
      vertex 0.20665 0.391235 27.8
      vertex 0 1 27.8
      vertex 0.133972 0.5 27.8
    endloop
  endfacet
  facet normal 0 0 1
    outer loop
      vertex 0 20.2 27.8
      vertex 0.0340729 20.4588 27.8
      vertex 0.00856018 20.3305 27.8
    endloop
  endfacet
  facet normal 0 0 1
    outer loop
      vertex 0.133972 0.5 27.8
      vertex 0 1 27.8
      vertex 0.0761261 0.61731 27.8
    endloop
  endfacet
  facet normal 0 0 1
    outer loop
      vertex 0.0761261 0.61731 27.8
      vertex 0 1 27.8
      vertex 0.0340729 0.74118 27.8
    endloop
  endfacet
  facet normal 0 0 1
    outer loop
      vertex 0.0340729 0.74118 27.8
      vertex 0 1 27.8
      vertex 0.00856018 0.869476 27.8
    endloop
  endfacet
  facet normal 0.980815 0.19494 0
    outer loop
      vertex 41.6914 20.3305 27.8
      vertex 41.6659 20.4588 5.6
      vertex 41.6659 20.4588 27.8
    endloop
  endfacet
  facet normal 0.980815 0.19494 0
    outer loop
      vertex 41.6659 20.4588 5.6
      vertex 41.6914 20.3305 27.8
      vertex 41.6914 20.3305 5.6
    endloop
  endfacet
  facet normal -0.555589 -0.831457 0
    outer loop
      vertex 0.391235 0.20665 5.6
      vertex 0.5 0.133972 27.8
      vertex 0.391235 0.20665 27.8
    endloop
  endfacet
  facet normal -0.555589 -0.831457 -0
    outer loop
      vertex 0.5 0.133972 27.8
      vertex 0.391235 0.20665 5.6
      vertex 0.5 0.133972 5.6
    endloop
  endfacet
  facet normal 0.752008 -0.659153 0
    outer loop
      vertex 41.4071 0.292892 27.8
      vertex 41.4933 0.391235 5.6
      vertex 41.4933 0.391235 27.8
    endloop
  endfacet
  facet normal 0.752008 -0.659153 0
    outer loop
      vertex 41.4933 0.391235 5.6
      vertex 41.4071 0.292892 27.8
      vertex 41.4071 0.292892 5.6
    endloop
  endfacet
  facet normal 0.831379 -0.555705 0
    outer loop
      vertex 41.4933 0.391235 27.8
      vertex 41.566 0.5 5.6
      vertex 41.566 0.5 27.8
    endloop
  endfacet
  facet normal 0.831379 -0.555705 0
    outer loop
      vertex 41.566 0.5 5.6
      vertex 41.4933 0.391235 27.8
      vertex 41.4933 0.391235 5.6
    endloop
  endfacet
  facet normal 0.751866 0.659316 0
    outer loop
      vertex 41.4933 20.8088 27.8
      vertex 41.4071 20.9071 5.6
      vertex 41.4071 20.9071 27.8
    endloop
  endfacet
  facet normal 0.751866 0.659316 0
    outer loop
      vertex 41.4071 20.9071 5.6
      vertex 41.4933 20.8088 27.8
      vertex 41.4933 20.8088 5.6
    endloop
  endfacet
  facet normal 0.659498 -0.751706 0
    outer loop
      vertex 41.3088 0.20665 5.6
      vertex 41.4071 0.292892 27.8
      vertex 41.3088 0.20665 27.8
    endloop
  endfacet
  facet normal 0.659498 -0.751706 0
    outer loop
      vertex 41.4071 0.292892 27.8
      vertex 41.3088 0.20665 5.6
      vertex 41.4071 0.292892 5.6
    endloop
  endfacet
  facet normal -0.831457 -0.555589 0
    outer loop
      vertex 0.20665 0.391235 5.6
      vertex 0.133972 0.5 27.8
      vertex 0.133972 0.5 5.6
    endloop
  endfacet
  facet normal -0.831457 -0.555589 0
    outer loop
      vertex 0.133972 0.5 27.8
      vertex 0.20665 0.391235 5.6
      vertex 0.20665 0.391235 27.8
    endloop
  endfacet
  facet normal 0.659316 0.751866 -0
    outer loop
      vertex 41.4071 20.9071 5.6
      vertex 41.3088 20.9933 27.8
      vertex 41.4071 20.9071 27.8
    endloop
  endfacet
  facet normal 0.659316 0.751866 0
    outer loop
      vertex 41.3088 20.9933 27.8
      vertex 41.4071 20.9071 5.6
      vertex 41.3088 20.9933 5.6
    endloop
  endfacet
  facet normal 0.555582 0.831462 -0
    outer loop
      vertex 41.3088 20.9933 5.6
      vertex 41.2 21.066 27.8
      vertex 41.3088 20.9933 27.8
    endloop
  endfacet
  facet normal 0.555582 0.831462 0
    outer loop
      vertex 41.2 21.066 27.8
      vertex 41.3088 20.9933 5.6
      vertex 41.2 21.066 5.6
    endloop
  endfacet
  facet normal -0.997856 -0.0654426 0
    outer loop
      vertex 0.00856018 0.869476 5.6
      vertex 0 1 27.8
      vertex 0 1 5.6
    endloop
  endfacet
  facet normal -0.997856 -0.0654426 0
    outer loop
      vertex 0 1 27.8
      vertex 0.00856018 0.869476 5.6
      vertex 0.00856018 0.869476 27.8
    endloop
  endfacet
  facet normal -0.659153 0.752008 0
    outer loop
      vertex 0.391235 20.9933 5.6
      vertex 0.292892 20.9071 27.8
      vertex 0.391235 20.9933 27.8
    endloop
  endfacet
  facet normal -0.659153 0.752008 0
    outer loop
      vertex 0.292892 20.9071 27.8
      vertex 0.391235 20.9933 5.6
      vertex 0.292892 20.9071 5.6
    endloop
  endfacet
  facet normal -0.751706 0.659498 0
    outer loop
      vertex 0.20665 20.8088 5.6
      vertex 0.292892 20.9071 27.8
      vertex 0.292892 20.9071 5.6
    endloop
  endfacet
  facet normal -0.751706 0.659498 0
    outer loop
      vertex 0.292892 20.9071 27.8
      vertex 0.20665 20.8088 5.6
      vertex 0.20665 20.8088 27.8
    endloop
  endfacet
  facet normal -0.896873 0.442288 0
    outer loop
      vertex 0.0761261 20.5827 5.6
      vertex 0.133972 20.7 27.8
      vertex 0.133972 20.7 5.6
    endloop
  endfacet
  facet normal -0.896873 0.442288 0
    outer loop
      vertex 0.133972 20.7 27.8
      vertex 0.0761261 20.5827 5.6
      vertex 0.0761261 20.5827 27.8
    endloop
  endfacet
  facet normal -0.946918 -0.321474 0
    outer loop
      vertex 0.0761261 0.61731 5.6
      vertex 0.0340729 0.74118 27.8
      vertex 0.0340729 0.74118 5.6
    endloop
  endfacet
  facet normal -0.946918 -0.321474 0
    outer loop
      vertex 0.0340729 0.74118 27.8
      vertex 0.0761261 0.61731 5.6
      vertex 0.0761261 0.61731 27.8
    endloop
  endfacet
  facet normal 0.321646 -0.94686 0
    outer loop
      vertex 41.1071 5.02727 5.72205e-07
      vertex 41.2061 5.0609 5.6
      vertex 41.1071 5.02727 5.6
    endloop
  endfacet
  facet normal 0.321646 -0.94686 0
    outer loop
      vertex 41.2061 5.0609 5.6
      vertex 41.1071 5.02727 5.72205e-07
      vertex 41.2061 5.0609 5.72205e-07
    endloop
  endfacet
  facet normal 0.980819 -0.194922 0
    outer loop
      vertex 41.6727 5.59294 5.6
      vertex 41.6931 5.69559 5.72205e-07
      vertex 41.6931 5.69559 5.6
    endloop
  endfacet
  facet normal 0.980819 -0.194922 0
    outer loop
      vertex 41.6931 5.69559 5.72205e-07
      vertex 41.6727 5.59294 5.6
      vertex 41.6727 5.59294 5.72205e-07
    endloop
  endfacet
  facet normal 0.321388 0.946948 -0
    outer loop
      vertex 41.2061 16.1391 5.72205e-07
      vertex 41.1071 16.1727 5.6
      vertex 41.2061 16.1391 5.6
    endloop
  endfacet
  facet normal 0.321388 0.946948 0
    outer loop
      vertex 41.1071 16.1727 5.6
      vertex 41.2061 16.1391 5.72205e-07
      vertex 41.1071 16.1727 5.72205e-07
    endloop
  endfacet
  facet normal 0.896785 -0.442467 0
    outer loop
      vertex 41.5928 5.40001 5.6
      vertex 41.6391 5.49385 5.72205e-07
      vertex 41.6391 5.49385 5.6
    endloop
  endfacet
  facet normal 0.896785 -0.442467 0
    outer loop
      vertex 41.6391 5.49385 5.72205e-07
      vertex 41.5928 5.40001 5.6
      vertex 41.5928 5.40001 5.72205e-07
    endloop
  endfacet
  facet normal -0.946948 -0.321386 0
    outer loop
      vertex 0.0608978 5.49385 5.72205e-07
      vertex 0.0272675 5.59294 5.6
      vertex 0.0272675 5.59294 5.72205e-07
    endloop
  endfacet
  facet normal -0.946948 -0.321386 0
    outer loop
      vertex 0.0272675 5.59294 5.6
      vertex 0.0608978 5.49385 5.72205e-07
      vertex 0.0608978 5.49385 5.6
    endloop
  endfacet
  facet normal 0.751925 0.659248 0
    outer loop
      vertex 41.5347 15.887 5.6
      vertex 41.4657 15.9657 5.72205e-07
      vertex 41.4657 15.9657 5.6
    endloop
  endfacet
  facet normal 0.751925 0.659248 0
    outer loop
      vertex 41.4657 15.9657 5.72205e-07
      vertex 41.5347 15.887 5.6
      vertex 41.5347 15.887 5.72205e-07
    endloop
  endfacet
  facet normal 0.195014 -0.9808 0
    outer loop
      vertex 41.0044 5.00685 5.72205e-07
      vertex 41.1071 5.02727 5.6
      vertex 41.0044 5.00685 5.6
    endloop
  endfacet
  facet normal 0.195014 -0.9808 0
    outer loop
      vertex 41.1071 5.02727 5.6
      vertex 41.0044 5.00685 5.72205e-07
      vertex 41.1071 5.02727 5.72205e-07
    endloop
  endfacet
  facet normal -0.321126 0.947036 0
    outer loop
      vertex 0.592941 16.1727 5.72205e-07
      vertex 0.493851 16.1391 5.6
      vertex 0.592941 16.1727 5.6
    endloop
  endfacet
  facet normal -0.321126 0.947036 0
    outer loop
      vertex 0.493851 16.1391 5.6
      vertex 0.592941 16.1727 5.72205e-07
      vertex 0.493851 16.1391 5.72205e-07
    endloop
  endfacet
  facet normal -0.831509 -0.555511 0
    outer loop
      vertex 0.165314 5.31299 5.72205e-07
      vertex 0.107178 5.40001 5.6
      vertex 0.107178 5.40001 5.72205e-07
    endloop
  endfacet
  facet normal -0.831509 -0.555511 0
    outer loop
      vertex 0.107178 5.40001 5.6
      vertex 0.165314 5.31299 5.72205e-07
      vertex 0.165314 5.31299 5.6
    endloop
  endfacet
  facet normal 0.0654722 -0.997854 0
    outer loop
      vertex 40.9 5 5.72205e-07
      vertex 41.0044 5.00685 5.6
      vertex 40.9 5 5.6
    endloop
  endfacet
  facet normal 0.0654722 -0.997854 0
    outer loop
      vertex 41.0044 5.00685 5.6
      vertex 40.9 5 5.72205e-07
      vertex 41.0044 5.00685 5.72205e-07
    endloop
  endfacet
  facet normal 0.831668 -0.555273 0
    outer loop
      vertex 41.5347 5.31299 5.6
      vertex 41.5928 5.40001 5.72205e-07
      vertex 41.5928 5.40001 5.6
    endloop
  endfacet
  facet normal 0.831668 -0.555273 0
    outer loop
      vertex 41.5928 5.40001 5.72205e-07
      vertex 41.5347 5.31299 5.6
      vertex 41.5347 5.31299 5.72205e-07
    endloop
  endfacet
  facet normal 0 -1 0
    outer loop
      vertex 0.800003 5 5.72205e-07
      vertex 40.9 5 5.6
      vertex 0.800003 5 5.6
    endloop
  endfacet
  facet normal 0 -1 -0
    outer loop
      vertex 40.9 5 5.6
      vertex 0.800003 5 5.72205e-07
      vertex 40.9 5 5.72205e-07
    endloop
  endfacet
  facet normal 0 1 -0
    outer loop
      vertex 40.9 16.2 5.72205e-07
      vertex 0.800003 16.2 5.6
      vertex 40.9 16.2 5.6
    endloop
  endfacet
  facet normal 0 1 0
    outer loop
      vertex 0.800003 16.2 5.6
      vertex 40.9 16.2 5.72205e-07
      vertex 0.800003 16.2 5.72205e-07
    endloop
  endfacet
  facet normal 0.659248 -0.751925 0
    outer loop
      vertex 41.387 5.16531 5.72205e-07
      vertex 41.4657 5.23431 5.6
      vertex 41.387 5.16531 5.6
    endloop
  endfacet
  facet normal 0.659248 -0.751925 0
    outer loop
      vertex 41.4657 5.23431 5.6
      vertex 41.387 5.16531 5.72205e-07
      vertex 41.4657 5.23431 5.72205e-07
    endloop
  endfacet
  facet normal -0.751842 -0.659343 0
    outer loop
      vertex 0.234314 5.23431 5.72205e-07
      vertex 0.165314 5.31299 5.6
      vertex 0.165314 5.31299 5.72205e-07
    endloop
  endfacet
  facet normal -0.751842 -0.659343 0
    outer loop
      vertex 0.165314 5.31299 5.6
      vertex 0.234314 5.23431 5.72205e-07
      vertex 0.234314 5.23431 5.6
    endloop
  endfacet
  facet normal 0.44224 0.896897 -0
    outer loop
      vertex 41.3 16.0928 5.72205e-07
      vertex 41.2061 16.1391 5.6
      vertex 41.3 16.0928 5.6
    endloop
  endfacet
  facet normal 0.44224 0.896897 0
    outer loop
      vertex 41.2061 16.1391 5.6
      vertex 41.3 16.0928 5.72205e-07
      vertex 41.2061 16.1391 5.72205e-07
    endloop
  endfacet
  facet normal -0.896972 0.442088 0
    outer loop
      vertex 0.0608978 15.7061 5.72205e-07
      vertex 0.107178 15.8 5.6
      vertex 0.107178 15.8 5.72205e-07
    endloop
  endfacet
  facet normal -0.896972 0.442088 0
    outer loop
      vertex 0.107178 15.8 5.6
      vertex 0.0608978 15.7061 5.72205e-07
      vertex 0.0608978 15.7061 5.6
    endloop
  endfacet
  facet normal -0.321384 -0.946949 0
    outer loop
      vertex 0.493851 5.0609 5.72205e-07
      vertex 0.592941 5.02727 5.6
      vertex 0.493851 5.0609 5.6
    endloop
  endfacet
  facet normal -0.321384 -0.946949 -0
    outer loop
      vertex 0.592941 5.02727 5.6
      vertex 0.493851 5.0609 5.72205e-07
      vertex 0.592941 5.02727 5.72205e-07
    endloop
  endfacet
  facet normal -0.065938 0.997824 0
    outer loop
      vertex 0.800003 16.2 5.72205e-07
      vertex 0.695587 16.1931 5.6
      vertex 0.800003 16.2 5.6
    endloop
  endfacet
  facet normal -0.065938 0.997824 0
    outer loop
      vertex 0.695587 16.1931 5.6
      vertex 0.800003 16.2 5.72205e-07
      vertex 0.695587 16.1931 5.72205e-07
    endloop
  endfacet
  facet normal -0.194929 0.980817 0
    outer loop
      vertex 0.695587 16.1931 5.72205e-07
      vertex 0.592941 16.1727 5.6
      vertex 0.695587 16.1931 5.6
    endloop
  endfacet
  facet normal -0.194929 0.980817 0
    outer loop
      vertex 0.592941 16.1727 5.6
      vertex 0.695587 16.1931 5.72205e-07
      vertex 0.592941 16.1727 5.72205e-07
    endloop
  endfacet
  facet normal -0.83145 0.5556 0
    outer loop
      vertex 0.107178 15.8 5.72205e-07
      vertex 0.165314 15.887 5.6
      vertex 0.165314 15.887 5.72205e-07
    endloop
  endfacet
  facet normal -0.83145 0.5556 0
    outer loop
      vertex 0.165314 15.887 5.6
      vertex 0.107178 15.8 5.72205e-07
      vertex 0.107178 15.8 5.6
    endloop
  endfacet
  facet normal -0.0654623 -0.997855 0
    outer loop
      vertex 0.695587 5.00685 5.72205e-07
      vertex 0.800003 5 5.6
      vertex 0.695587 5.00685 5.6
    endloop
  endfacet
  facet normal -0.0654623 -0.997855 -0
    outer loop
      vertex 0.800003 5 5.6
      vertex 0.695587 5.00685 5.72205e-07
      vertex 0.800003 5 5.72205e-07
    endloop
  endfacet
  facet normal -0.195113 -0.980781 0
    outer loop
      vertex 0.592941 5.02727 5.72205e-07
      vertex 0.695587 5.00685 5.6
      vertex 0.592941 5.02727 5.6
    endloop
  endfacet
  facet normal -0.195113 -0.980781 -0
    outer loop
      vertex 0.695587 5.00685 5.6
      vertex 0.592941 5.02727 5.72205e-07
      vertex 0.695587 5.00685 5.72205e-07
    endloop
  endfacet
  facet normal 0.997823 -0.0659418 0
    outer loop
      vertex 41.6931 5.69559 5.6
      vertex 41.7 5.8 5.72205e-07
      vertex 41.7 5.8 5.6
    endloop
  endfacet
  facet normal 0.997823 -0.0659418 0
    outer loop
      vertex 41.7 5.8 5.72205e-07
      vertex 41.6931 5.69559 5.6
      vertex 41.6931 5.69559 5.72205e-07
    endloop
  endfacet
  facet normal -0.997854 -0.0654774 0
    outer loop
      vertex 0.0068512 5.69559 5.72205e-07
      vertex 0 5.8 5.6
      vertex 0 5.8 5.72205e-07
    endloop
  endfacet
  facet normal -0.997854 -0.0654774 0
    outer loop
      vertex 0 5.8 5.6
      vertex 0.0068512 5.69559 5.72205e-07
      vertex 0.0068512 5.69559 5.6
    endloop
  endfacet
  facet normal 0 0 -1
    outer loop
      vertex 40.9 5 5.72205e-07
      vertex 41.7 5.8 5.72205e-07
      vertex 41.6931 5.69559 5.72205e-07
    endloop
  endfacet
  facet normal 0 0 -1
    outer loop
      vertex 40.9 5 5.72205e-07
      vertex 41.6931 5.69559 5.72205e-07
      vertex 41.6727 5.59294 5.72205e-07
    endloop
  endfacet
  facet normal 0 0 -1
    outer loop
      vertex 40.9 5 5.72205e-07
      vertex 41.6727 5.59294 5.72205e-07
      vertex 41.6391 5.49385 5.72205e-07
    endloop
  endfacet
  facet normal 0 0 -1
    outer loop
      vertex 40.9 5 5.72205e-07
      vertex 41.6391 5.49385 5.72205e-07
      vertex 41.5928 5.40001 5.72205e-07
    endloop
  endfacet
  facet normal 0 0 -1
    outer loop
      vertex 40.9 5 5.72205e-07
      vertex 41.5928 5.40001 5.72205e-07
      vertex 41.5347 5.31299 5.72205e-07
    endloop
  endfacet
  facet normal 0 0 -1
    outer loop
      vertex 40.9 5 5.72205e-07
      vertex 41.5347 5.31299 5.72205e-07
      vertex 41.4657 5.23431 5.72205e-07
    endloop
  endfacet
  facet normal 0 0 -1
    outer loop
      vertex 40.9 5 5.72205e-07
      vertex 41.4657 5.23431 5.72205e-07
      vertex 41.387 5.16531 5.72205e-07
    endloop
  endfacet
  facet normal 0 0 -1
    outer loop
      vertex 40.9 5 5.72205e-07
      vertex 41.387 5.16531 5.72205e-07
      vertex 41.3 5.10718 5.72205e-07
    endloop
  endfacet
  facet normal 0 0 -1
    outer loop
      vertex 40.9 5 5.72205e-07
      vertex 41.3 5.10718 5.72205e-07
      vertex 41.2061 5.0609 5.72205e-07
    endloop
  endfacet
  facet normal 0 0 -1
    outer loop
      vertex 40.9 5 5.72205e-07
      vertex 41.2061 5.0609 5.72205e-07
      vertex 41.1071 5.02727 5.72205e-07
    endloop
  endfacet
  facet normal 0 0 -1
    outer loop
      vertex 40.9 5 5.72205e-07
      vertex 41.1071 5.02727 5.72205e-07
      vertex 41.0044 5.00685 5.72205e-07
    endloop
  endfacet
  facet normal -0 0 -1
    outer loop
      vertex 41.7 5.8 5.72205e-07
      vertex 40.9 5 5.72205e-07
      vertex 41.7 7.80001 5.72205e-07
    endloop
  endfacet
  facet normal 0 0 -1
    outer loop
      vertex 0.800003 5 5.72205e-07
      vertex 41.7 7.80001 5.72205e-07
      vertex 40.9 5 5.72205e-07
    endloop
  endfacet
  facet normal 0 0 -1
    outer loop
      vertex 0 5.8 5.72205e-07
      vertex 0.800003 5 5.72205e-07
      vertex 0.695587 5.00685 5.72205e-07
    endloop
  endfacet
  facet normal 0 0 -1
    outer loop
      vertex 0 5.8 5.72205e-07
      vertex 0.695587 5.00685 5.72205e-07
      vertex 0.592941 5.02727 5.72205e-07
    endloop
  endfacet
  facet normal 0 0 -1
    outer loop
      vertex 0 5.8 5.72205e-07
      vertex 0.592941 5.02727 5.72205e-07
      vertex 0.493851 5.0609 5.72205e-07
    endloop
  endfacet
  facet normal 0 0 -1
    outer loop
      vertex 0 5.8 5.72205e-07
      vertex 0.493851 5.0609 5.72205e-07
      vertex 0.400009 5.10718 5.72205e-07
    endloop
  endfacet
  facet normal 0 0 -1
    outer loop
      vertex 0 5.8 5.72205e-07
      vertex 0.400009 5.10718 5.72205e-07
      vertex 0.312988 5.16531 5.72205e-07
    endloop
  endfacet
  facet normal 0 0 -1
    outer loop
      vertex 0 5.8 5.72205e-07
      vertex 0.312988 5.16531 5.72205e-07
      vertex 0.234314 5.23431 5.72205e-07
    endloop
  endfacet
  facet normal 0 0 -1
    outer loop
      vertex 0 5.8 5.72205e-07
      vertex 0.234314 5.23431 5.72205e-07
      vertex 0.165314 5.31299 5.72205e-07
    endloop
  endfacet
  facet normal 0 0 -1
    outer loop
      vertex 0 5.8 5.72205e-07
      vertex 0.165314 5.31299 5.72205e-07
      vertex 0.107178 5.40001 5.72205e-07
    endloop
  endfacet
  facet normal 0 0 -1
    outer loop
      vertex 0 5.8 5.72205e-07
      vertex 0.107178 5.40001 5.72205e-07
      vertex 0.0608978 5.49385 5.72205e-07
    endloop
  endfacet
  facet normal 0 0 -1
    outer loop
      vertex 0 5.8 5.72205e-07
      vertex 0.0608978 5.49385 5.72205e-07
      vertex 0.0272675 5.59294 5.72205e-07
    endloop
  endfacet
  facet normal 0 0 -1
    outer loop
      vertex 0 5.8 5.72205e-07
      vertex 0.0272675 5.59294 5.72205e-07
      vertex 0.0068512 5.69559 5.72205e-07
    endloop
  endfacet
  facet normal 0 0 -1
    outer loop
      vertex 0.800003 5 5.72205e-07
      vertex 0 5.8 5.72205e-07
      vertex 0 7.80001 5.72205e-07
    endloop
  endfacet
  facet normal 0 0 -1
    outer loop
      vertex 0.800003 5 5.72205e-07
      vertex 0 7.80001 5.72205e-07
      vertex 41.7 7.80001 5.72205e-07
    endloop
  endfacet
  facet normal 0 0 -1
    outer loop
      vertex 40.9 16.2 5.72205e-07
      vertex 41.7 15.4 5.72205e-07
      vertex 41.7 13.4 5.72205e-07
    endloop
  endfacet
  facet normal 0 0 -1
    outer loop
      vertex 41.7 15.4 5.72205e-07
      vertex 40.9 16.2 5.72205e-07
      vertex 41.6931 15.5044 5.72205e-07
    endloop
  endfacet
  facet normal 0 0 -1
    outer loop
      vertex 41.6931 15.5044 5.72205e-07
      vertex 40.9 16.2 5.72205e-07
      vertex 41.6727 15.6071 5.72205e-07
    endloop
  endfacet
  facet normal 0 0 -1
    outer loop
      vertex 41.6727 15.6071 5.72205e-07
      vertex 40.9 16.2 5.72205e-07
      vertex 41.6391 15.7061 5.72205e-07
    endloop
  endfacet
  facet normal 0 0 -1
    outer loop
      vertex 41.6391 15.7061 5.72205e-07
      vertex 40.9 16.2 5.72205e-07
      vertex 41.5928 15.8 5.72205e-07
    endloop
  endfacet
  facet normal 0 0 -1
    outer loop
      vertex 41.5928 15.8 5.72205e-07
      vertex 40.9 16.2 5.72205e-07
      vertex 41.5347 15.887 5.72205e-07
    endloop
  endfacet
  facet normal 0 0 -1
    outer loop
      vertex 41.5347 15.887 5.72205e-07
      vertex 40.9 16.2 5.72205e-07
      vertex 41.4657 15.9657 5.72205e-07
    endloop
  endfacet
  facet normal 0 0 -1
    outer loop
      vertex 41.4657 15.9657 5.72205e-07
      vertex 40.9 16.2 5.72205e-07
      vertex 41.387 16.0347 5.72205e-07
    endloop
  endfacet
  facet normal 0 0 -1
    outer loop
      vertex 41.387 16.0347 5.72205e-07
      vertex 40.9 16.2 5.72205e-07
      vertex 41.3 16.0928 5.72205e-07
    endloop
  endfacet
  facet normal 0 0 -1
    outer loop
      vertex 41.3 16.0928 5.72205e-07
      vertex 40.9 16.2 5.72205e-07
      vertex 41.2061 16.1391 5.72205e-07
    endloop
  endfacet
  facet normal 0 0 -1
    outer loop
      vertex 41.2061 16.1391 5.72205e-07
      vertex 40.9 16.2 5.72205e-07
      vertex 41.1071 16.1727 5.72205e-07
    endloop
  endfacet
  facet normal 0 0 -1
    outer loop
      vertex 41.1071 16.1727 5.72205e-07
      vertex 40.9 16.2 5.72205e-07
      vertex 41.0044 16.1931 5.72205e-07
    endloop
  endfacet
  facet normal 0 0 -1
    outer loop
      vertex 41.7 13.4 5.72205e-07
      vertex 0.800003 16.2 5.72205e-07
      vertex 40.9 16.2 5.72205e-07
    endloop
  endfacet
  facet normal 0 0 -1
    outer loop
      vertex 0 13.4 5.72205e-07
      vertex 0.800003 16.2 5.72205e-07
      vertex 41.7 13.4 5.72205e-07
    endloop
  endfacet
  facet normal 0 0 -1
    outer loop
      vertex 0 15.4 5.72205e-07
      vertex 0.800003 16.2 5.72205e-07
      vertex 0 13.4 5.72205e-07
    endloop
  endfacet
  facet normal 0 0 -1
    outer loop
      vertex 0.800003 16.2 5.72205e-07
      vertex 0 15.4 5.72205e-07
      vertex 0.695587 16.1931 5.72205e-07
    endloop
  endfacet
  facet normal 0 0 -1
    outer loop
      vertex 0.695587 16.1931 5.72205e-07
      vertex 0 15.4 5.72205e-07
      vertex 0.592941 16.1727 5.72205e-07
    endloop
  endfacet
  facet normal 0 0 -1
    outer loop
      vertex 0.592941 16.1727 5.72205e-07
      vertex 0 15.4 5.72205e-07
      vertex 0.493851 16.1391 5.72205e-07
    endloop
  endfacet
  facet normal 0 0 -1
    outer loop
      vertex 0.493851 16.1391 5.72205e-07
      vertex 0 15.4 5.72205e-07
      vertex 0.400009 16.0928 5.72205e-07
    endloop
  endfacet
  facet normal 0 0 -1
    outer loop
      vertex 0.400009 16.0928 5.72205e-07
      vertex 0 15.4 5.72205e-07
      vertex 0.312988 16.0347 5.72205e-07
    endloop
  endfacet
  facet normal 0 0 -1
    outer loop
      vertex 0.312988 16.0347 5.72205e-07
      vertex 0 15.4 5.72205e-07
      vertex 0.234314 15.9657 5.72205e-07
    endloop
  endfacet
  facet normal 0 0 -1
    outer loop
      vertex 0.234314 15.9657 5.72205e-07
      vertex 0 15.4 5.72205e-07
      vertex 0.165314 15.887 5.72205e-07
    endloop
  endfacet
  facet normal 0 0 -1
    outer loop
      vertex 0.165314 15.887 5.72205e-07
      vertex 0 15.4 5.72205e-07
      vertex 0.107178 15.8 5.72205e-07
    endloop
  endfacet
  facet normal 0 0 -1
    outer loop
      vertex 0.107178 15.8 5.72205e-07
      vertex 0 15.4 5.72205e-07
      vertex 0.0608978 15.7061 5.72205e-07
    endloop
  endfacet
  facet normal 0 0 -1
    outer loop
      vertex 0.0608978 15.7061 5.72205e-07
      vertex 0 15.4 5.72205e-07
      vertex 0.0272675 15.6071 5.72205e-07
    endloop
  endfacet
  facet normal 0 0 -1
    outer loop
      vertex 0.0272675 15.6071 5.72205e-07
      vertex 0 15.4 5.72205e-07
      vertex 0.0068512 15.5044 5.72205e-07
    endloop
  endfacet
  facet normal 0.442086 -0.896973 0
    outer loop
      vertex 41.2061 5.0609 5.72205e-07
      vertex 41.3 5.10718 5.6
      vertex 41.2061 5.0609 5.6
    endloop
  endfacet
  facet normal 0.442086 -0.896973 0
    outer loop
      vertex 41.3 5.10718 5.6
      vertex 41.2061 5.0609 5.72205e-07
      vertex 41.3 5.10718 5.72205e-07
    endloop
  endfacet
  facet normal 0.997823 0.0659481 0
    outer loop
      vertex 41.7 15.4 5.6
      vertex 41.6931 15.5044 5.72205e-07
      vertex 41.6931 15.5044 5.6
    endloop
  endfacet
  facet normal 0.997823 0.0659481 0
    outer loop
      vertex 41.6931 15.5044 5.72205e-07
      vertex 41.7 15.4 5.6
      vertex 41.7 15.4 5.72205e-07
    endloop
  endfacet
  facet normal -0.997854 0.0654837 0
    outer loop
      vertex 0 15.4 5.72205e-07
      vertex 0.0068512 15.5044 5.6
      vertex 0.0068512 15.5044 5.72205e-07
    endloop
  endfacet
  facet normal -0.997854 0.0654837 0
    outer loop
      vertex 0.0068512 15.5044 5.6
      vertex 0 15.4 5.72205e-07
      vertex 0 15.4 5.6
    endloop
  endfacet
  facet normal -0.946859 0.321648 0
    outer loop
      vertex 0.0272675 15.6071 5.72205e-07
      vertex 0.0608978 15.7061 5.6
      vertex 0.0608978 15.7061 5.72205e-07
    endloop
  endfacet
  facet normal -0.946859 0.321648 0
    outer loop
      vertex 0.0608978 15.7061 5.6
      vertex 0.0272675 15.6071 5.72205e-07
      vertex 0.0272675 15.6071 5.6
    endloop
  endfacet
  facet normal 0.831609 0.555362 0
    outer loop
      vertex 41.5928 15.8 5.6
      vertex 41.5347 15.887 5.72205e-07
      vertex 41.5347 15.887 5.6
    endloop
  endfacet
  facet normal 0.831609 0.555362 0
    outer loop
      vertex 41.5347 15.887 5.72205e-07
      vertex 41.5928 15.8 5.6
      vertex 41.5928 15.8 5.72205e-07
    endloop
  endfacet
  facet normal -0.659371 -0.751817 0
    outer loop
      vertex 0.234314 5.23431 5.72205e-07
      vertex 0.312988 5.16531 5.6
      vertex 0.234314 5.23431 5.6
    endloop
  endfacet
  facet normal -0.659371 -0.751817 -0
    outer loop
      vertex 0.312988 5.16531 5.6
      vertex 0.234314 5.23431 5.72205e-07
      vertex 0.312988 5.16531 5.72205e-07
    endloop
  endfacet
  facet normal 0.19483 0.980837 -0
    outer loop
      vertex 41.1071 16.1727 5.72205e-07
      vertex 41.0044 16.1931 5.6
      vertex 41.1071 16.1727 5.6
    endloop
  endfacet
  facet normal 0.19483 0.980837 0
    outer loop
      vertex 41.0044 16.1931 5.6
      vertex 41.1071 16.1727 5.72205e-07
      vertex 41.0044 16.1931 5.72205e-07
    endloop
  endfacet
  facet normal -0.555467 -0.831538 0
    outer loop
      vertex 0.312988 5.16531 5.72205e-07
      vertex 0.400009 5.10718 5.6
      vertex 0.312988 5.16531 5.6
    endloop
  endfacet
  facet normal -0.555467 -0.831538 -0
    outer loop
      vertex 0.400009 5.10718 5.6
      vertex 0.312988 5.16531 5.72205e-07
      vertex 0.400009 5.10718 5.72205e-07
    endloop
  endfacet
  facet normal -0.980789 -0.195071 0
    outer loop
      vertex 0.0272675 5.59294 5.72205e-07
      vertex 0.0068512 5.69559 5.6
      vertex 0.0068512 5.69559 5.72205e-07
    endloop
  endfacet
  facet normal -0.980789 -0.195071 0
    outer loop
      vertex 0.0068512 5.69559 5.6
      vertex 0.0272675 5.59294 5.72205e-07
      vertex 0.0272675 5.59294 5.6
    endloop
  endfacet
  facet normal 0.896897 0.44224 0
    outer loop
      vertex 41.6391 15.7061 5.6
      vertex 41.5928 15.8 5.72205e-07
      vertex 41.5928 15.8 5.6
    endloop
  endfacet
  facet normal 0.896897 0.44224 0
    outer loop
      vertex 41.5928 15.8 5.72205e-07
      vertex 41.6391 15.7061 5.6
      vertex 41.6391 15.7061 5.72205e-07
    endloop
  endfacet
  facet normal 0.659248 0.751925 -0
    outer loop
      vertex 41.4657 15.9657 5.72205e-07
      vertex 41.387 16.0347 5.6
      vertex 41.4657 15.9657 5.6
    endloop
  endfacet
  facet normal 0.659248 0.751925 0
    outer loop
      vertex 41.387 16.0347 5.6
      vertex 41.4657 15.9657 5.72205e-07
      vertex 41.387 16.0347 5.72205e-07
    endloop
  endfacet
  facet normal 0.0659481 0.997823 -0
    outer loop
      vertex 41.0044 16.1931 5.72205e-07
      vertex 40.9 16.2 5.6
      vertex 41.0044 16.1931 5.6
    endloop
  endfacet
  facet normal 0.0659481 0.997823 0
    outer loop
      vertex 40.9 16.2 5.6
      vertex 41.0044 16.1931 5.72205e-07
      vertex 40.9 16.2 5.72205e-07
    endloop
  endfacet
  facet normal -0.442306 -0.896864 0
    outer loop
      vertex 0.400009 5.10718 5.72205e-07
      vertex 0.493851 5.0609 5.6
      vertex 0.400009 5.10718 5.6
    endloop
  endfacet
  facet normal -0.442306 -0.896864 -0
    outer loop
      vertex 0.493851 5.0609 5.6
      vertex 0.400009 5.10718 5.72205e-07
      vertex 0.493851 5.0609 5.72205e-07
    endloop
  endfacet
  facet normal 0.555362 0.831609 -0
    outer loop
      vertex 41.387 16.0347 5.72205e-07
      vertex 41.3 16.0928 5.6
      vertex 41.387 16.0347 5.6
    endloop
  endfacet
  facet normal 0.555362 0.831609 0
    outer loop
      vertex 41.3 16.0928 5.6
      vertex 41.387 16.0347 5.72205e-07
      vertex 41.3 16.0928 5.72205e-07
    endloop
  endfacet
  facet normal -0.751925 0.659248 0
    outer loop
      vertex 0.165314 15.887 5.72205e-07
      vertex 0.234314 15.9657 5.6
      vertex 0.234314 15.9657 5.72205e-07
    endloop
  endfacet
  facet normal -0.751925 0.659248 0
    outer loop
      vertex 0.234314 15.9657 5.6
      vertex 0.165314 15.887 5.72205e-07
      vertex 0.165314 15.887 5.6
    endloop
  endfacet
  facet normal -0.980807 0.19498 0
    outer loop
      vertex 0.0068512 15.5044 5.72205e-07
      vertex 0.0272675 15.6071 5.6
      vertex 0.0272675 15.6071 5.72205e-07
    endloop
  endfacet
  facet normal -0.980807 0.19498 0
    outer loop
      vertex 0.0272675 15.6071 5.6
      vertex 0.0068512 15.5044 5.72205e-07
      vertex 0.0068512 15.5044 5.6
    endloop
  endfacet
  facet normal -0.89686 -0.442315 0
    outer loop
      vertex 0.107178 5.40001 5.72205e-07
      vertex 0.0608978 5.49385 5.6
      vertex 0.0608978 5.49385 5.72205e-07
    endloop
  endfacet
  facet normal -0.89686 -0.442315 0
    outer loop
      vertex 0.0608978 5.49385 5.6
      vertex 0.107178 5.40001 5.72205e-07
      vertex 0.107178 5.40001 5.6
    endloop
  endfacet
  facet normal -0.44246 0.896788 0
    outer loop
      vertex 0.493851 16.1391 5.72205e-07
      vertex 0.400009 16.0928 5.6
      vertex 0.493851 16.1391 5.6
    endloop
  endfacet
  facet normal -0.44246 0.896788 0
    outer loop
      vertex 0.400009 16.0928 5.6
      vertex 0.493851 16.1391 5.72205e-07
      vertex 0.400009 16.0928 5.72205e-07
    endloop
  endfacet
  facet normal 0.751842 -0.659343 0
    outer loop
      vertex 41.4657 5.23431 5.6
      vertex 41.5347 5.31299 5.72205e-07
      vertex 41.5347 5.31299 5.6
    endloop
  endfacet
  facet normal 0.751842 -0.659343 0
    outer loop
      vertex 41.5347 5.31299 5.72205e-07
      vertex 41.4657 5.23431 5.6
      vertex 41.4657 5.23431 5.72205e-07
    endloop
  endfacet
  facet normal 0.946948 0.321388 0
    outer loop
      vertex 41.6727 15.6071 5.6
      vertex 41.6391 15.7061 5.72205e-07
      vertex 41.6391 15.7061 5.6
    endloop
  endfacet
  facet normal 0.946948 0.321388 0
    outer loop
      vertex 41.6391 15.7061 5.72205e-07
      vertex 41.6727 15.6071 5.6
      vertex 41.6727 15.6071 5.72205e-07
    endloop
  endfacet
  facet normal 0.55556 -0.831476 0
    outer loop
      vertex 41.3 5.10718 5.72205e-07
      vertex 41.387 5.16531 5.6
      vertex 41.3 5.10718 5.6
    endloop
  endfacet
  facet normal 0.55556 -0.831476 0
    outer loop
      vertex 41.387 5.16531 5.6
      vertex 41.3 5.10718 5.72205e-07
      vertex 41.387 5.16531 5.72205e-07
    endloop
  endfacet
  facet normal -0.659371 0.751817 0
    outer loop
      vertex 0.312988 16.0347 5.72205e-07
      vertex 0.234314 15.9657 5.6
      vertex 0.312988 16.0347 5.6
    endloop
  endfacet
  facet normal -0.659371 0.751817 0
    outer loop
      vertex 0.234314 15.9657 5.6
      vertex 0.312988 16.0347 5.72205e-07
      vertex 0.234314 15.9657 5.72205e-07
    endloop
  endfacet
  facet normal 0.947036 -0.321126 0
    outer loop
      vertex 41.6391 5.49385 5.6
      vertex 41.6727 5.59294 5.72205e-07
      vertex 41.6727 5.59294 5.6
    endloop
  endfacet
  facet normal 0.947036 -0.321126 0
    outer loop
      vertex 41.6727 5.59294 5.72205e-07
      vertex 41.6391 5.49385 5.6
      vertex 41.6391 5.49385 5.72205e-07
    endloop
  endfacet
  facet normal -0.555269 0.831671 0
    outer loop
      vertex 0.400009 16.0928 5.72205e-07
      vertex 0.312988 16.0347 5.6
      vertex 0.400009 16.0928 5.6
    endloop
  endfacet
  facet normal -0.555269 0.831671 0
    outer loop
      vertex 0.312988 16.0347 5.6
      vertex 0.400009 16.0928 5.72205e-07
      vertex 0.312988 16.0347 5.72205e-07
    endloop
  endfacet
  facet normal 0.980837 0.19483 0
    outer loop
      vertex 41.6931 15.5044 5.6
      vertex 41.6727 15.6071 5.72205e-07
      vertex 41.6727 15.6071 5.6
    endloop
  endfacet
  facet normal 0.980837 0.19483 0
    outer loop
      vertex 41.6727 15.6071 5.72205e-07
      vertex 41.6931 15.5044 5.6
      vertex 41.6931 15.5044 5.72205e-07
    endloop
  endfacet
  facet normal -1 0 0
    outer loop
      vertex 40.1 19.6 7.2
      vertex 40.1 13.6 14.7
      vertex 40.1 19.6 26.21
    endloop
  endfacet
  facet normal -1 0 0
    outer loop
      vertex 40.1 19.6 7.2
      vertex 40.1 7.6 14.7
      vertex 40.1 13.6 14.7
    endloop
  endfacet
  facet normal -1 -0 0
    outer loop
      vertex 40.1 7.6 14.7
      vertex 40.1 1.6 7.2
      vertex 40.1 7.6 18.7
    endloop
  endfacet
  facet normal -1 0 0
    outer loop
      vertex 40.1 1.6 7.2
      vertex 40.1 7.6 14.7
      vertex 40.1 19.6 7.2
    endloop
  endfacet
  facet normal -1 0 0
    outer loop
      vertex 40.1 13.6 18.7
      vertex 40.1 19.6 26.21
      vertex 40.1 13.6 14.7
    endloop
  endfacet
  facet normal -1 0 0
    outer loop
      vertex 40.1 7.6 18.7
      vertex 40.1 19.6 26.21
      vertex 40.1 13.6 18.7
    endloop
  endfacet
  facet normal -1 0 0
    outer loop
      vertex 40.1 7.6 18.7
      vertex 40.1 1.6 26.21
      vertex 40.1 19.6 26.21
    endloop
  endfacet
  facet normal -1 0 0
    outer loop
      vertex 40.1 1.6 26.21
      vertex 40.1 7.6 18.7
      vertex 40.1 1.6 7.2
    endloop
  endfacet
  facet normal 0 0 -1
    outer loop
      vertex 1.6 1.6 26.21
      vertex 40.1 19.6 26.21
      vertex 40.1 1.6 26.21
    endloop
  endfacet
  facet normal -0 0 -1
    outer loop
      vertex 40.1 19.6 26.21
      vertex 1.6 1.6 26.21
      vertex 1.6 19.6 26.21
    endloop
  endfacet
  facet normal -0 0 1
    outer loop
      vertex 1.6 19.6 7.2
      vertex 40.1 1.6 7.2
      vertex 40.1 19.6 7.2
    endloop
  endfacet
  facet normal 0 0 1
    outer loop
      vertex 40.1 1.6 7.2
      vertex 1.6 19.6 7.2
      vertex 1.6 1.6 7.2
    endloop
  endfacet
  facet normal 1 0 0
    outer loop
      vertex 1.6 19.6 26.21
      vertex 1.6 13.6 18.7
      vertex 1.6 19.6 7.2
    endloop
  endfacet
  facet normal 1 0 0
    outer loop
      vertex 1.6 19.6 26.21
      vertex 1.6 7.6 18.7
      vertex 1.6 13.6 18.7
    endloop
  endfacet
  facet normal 1 0 0
    outer loop
      vertex 1.6 7.6 18.7
      vertex 1.6 1.6 26.21
      vertex 1.6 7.6 14.7
    endloop
  endfacet
  facet normal 1 -0 0
    outer loop
      vertex 1.6 1.6 26.21
      vertex 1.6 7.6 18.7
      vertex 1.6 19.6 26.21
    endloop
  endfacet
  facet normal 1 -0 0
    outer loop
      vertex 1.6 13.6 14.7
      vertex 1.6 19.6 7.2
      vertex 1.6 13.6 18.7
    endloop
  endfacet
  facet normal 1 -0 0
    outer loop
      vertex 1.6 7.6 14.7
      vertex 1.6 19.6 7.2
      vertex 1.6 13.6 14.7
    endloop
  endfacet
  facet normal 1 0 0
    outer loop
      vertex 1.6 7.6 14.7
      vertex 1.6 1.6 7.2
      vertex 1.6 19.6 7.2
    endloop
  endfacet
  facet normal 1 0 0
    outer loop
      vertex 1.6 1.6 7.2
      vertex 1.6 7.6 14.7
      vertex 1.6 1.6 26.21
    endloop
  endfacet
  facet normal 0 -1 0
    outer loop
      vertex 1.6 19.6 7.2
      vertex 40.1 19.6 26.21
      vertex 1.6 19.6 26.21
    endloop
  endfacet
  facet normal 0 -1 -0
    outer loop
      vertex 40.1 19.6 26.21
      vertex 1.6 19.6 7.2
      vertex 40.1 19.6 7.2
    endloop
  endfacet
  facet normal 0 1 -0
    outer loop
      vertex 40.1 1.6 7.2
      vertex 1.6 1.6 26.21
      vertex 40.1 1.6 26.21
    endloop
  endfacet
  facet normal 0 1 0
    outer loop
      vertex 1.6 1.6 26.21
      vertex 40.1 1.6 7.2
      vertex 1.6 1.6 7.2
    endloop
  endfacet
  facet normal 0 -0.9442 0.329373
    outer loop
      vertex 0 13.4 5.72205e-07
      vertex 41.7 14.9 4.29999
      vertex 0 14.9 4.29999
    endloop
  endfacet
  facet normal 0 -0.9442 0.329373
    outer loop
      vertex 41.7 14.9 4.29999
      vertex 0 13.4 5.72205e-07
      vertex 41.7 13.4 5.72205e-07
    endloop
  endfacet
  facet normal 0 0 -1
    outer loop
      vertex 0 6.30001 4.29999
      vertex 41.7 14.9 4.29999
      vertex 41.7 6.30001 4.29999
    endloop
  endfacet
  facet normal -0 0 -1
    outer loop
      vertex 41.7 14.9 4.29999
      vertex 0 6.30001 4.29999
      vertex 0 14.9 4.29999
    endloop
  endfacet
  facet normal 0 0.9442 0.329373
    outer loop
      vertex 41.7 7.80001 5.72205e-07
      vertex 0 6.30001 4.29999
      vertex 41.7 6.30001 4.29999
    endloop
  endfacet
  facet normal 0 0.9442 0.329373
    outer loop
      vertex 0 6.30001 4.29999
      vertex 41.7 7.80001 5.72205e-07
      vertex 0 7.80001 5.72205e-07
    endloop
  endfacet
  facet normal 0 0 -1
    outer loop
      vertex 0 7.6 18.7
      vertex 1.6 13.6 18.7
      vertex 1.6 7.6 18.7
    endloop
  endfacet
  facet normal -0 0 -1
    outer loop
      vertex 1.6 13.6 18.7
      vertex 0 7.6 18.7
      vertex 0 13.6 18.7
    endloop
  endfacet
  facet normal -0 0 1
    outer loop
      vertex 0 13.6 14.7
      vertex 1.6 7.6 14.7
      vertex 1.6 13.6 14.7
    endloop
  endfacet
  facet normal 0 0 1
    outer loop
      vertex 1.6 7.6 14.7
      vertex 0 13.6 14.7
      vertex 0 7.6 14.7
    endloop
  endfacet
  facet normal 0 -1 0
    outer loop
      vertex 0 13.6 14.7
      vertex 1.6 13.6 18.7
      vertex 0 13.6 18.7
    endloop
  endfacet
  facet normal 0 -1 -0
    outer loop
      vertex 1.6 13.6 18.7
      vertex 0 13.6 14.7
      vertex 1.6 13.6 14.7
    endloop
  endfacet
  facet normal 0 1 -0
    outer loop
      vertex 1.6 7.6 14.7
      vertex 0 7.6 18.7
      vertex 1.6 7.6 18.7
    endloop
  endfacet
  facet normal 0 1 0
    outer loop
      vertex 0 7.6 18.7
      vertex 1.6 7.6 14.7
      vertex 0 7.6 14.7
    endloop
  endfacet
  facet normal 0 0 -1
    outer loop
      vertex 40.1 7.6 18.7
      vertex 41.7 13.6 18.7
      vertex 41.7 7.6 18.7
    endloop
  endfacet
  facet normal -0 0 -1
    outer loop
      vertex 41.7 13.6 18.7
      vertex 40.1 7.6 18.7
      vertex 40.1 13.6 18.7
    endloop
  endfacet
  facet normal -0 0 1
    outer loop
      vertex 40.1 13.6 14.7
      vertex 41.7 7.6 14.7
      vertex 41.7 13.6 14.7
    endloop
  endfacet
  facet normal 0 0 1
    outer loop
      vertex 41.7 7.6 14.7
      vertex 40.1 13.6 14.7
      vertex 40.1 7.6 14.7
    endloop
  endfacet
  facet normal 0 -1 0
    outer loop
      vertex 40.1 13.6 14.7
      vertex 41.7 13.6 18.7
      vertex 40.1 13.6 18.7
    endloop
  endfacet
  facet normal 0 -1 -0
    outer loop
      vertex 41.7 13.6 18.7
      vertex 40.1 13.6 14.7
      vertex 41.7 13.6 14.7
    endloop
  endfacet
  facet normal 0 1 -0
    outer loop
      vertex 41.7 7.6 14.7
      vertex 40.1 7.6 18.7
      vertex 41.7 7.6 18.7
    endloop
  endfacet
  facet normal 0 1 0
    outer loop
      vertex 40.1 7.6 18.7
      vertex 41.7 7.6 14.7
      vertex 40.1 7.6 14.7
    endloop
  endfacet
  facet normal 0.98154 0.191259 0
    outer loop
      vertex 104.891 10.3305 36.8
      vertex 104.866 10.4588 5.61
      vertex 104.866 10.4588 36.8
    endloop
  endfacet
  facet normal 0.98154 0.191259 0
    outer loop
      vertex 104.866 10.4588 5.61
      vertex 104.891 10.3305 36.8
      vertex 104.891 10.3305 5.61
    endloop
  endfacet
  facet normal 0.321171 -0.947021 0
    outer loop
      vertex 104.159 0.0340729 5.61
      vertex 104.283 0.0761261 36.8
      vertex 104.159 0.0340729 36.8
    endloop
  endfacet
  facet normal 0.321171 -0.947021 0
    outer loop
      vertex 104.283 0.0761261 36.8
      vertex 104.159 0.0340729 5.61
      vertex 104.283 0.0761261 5.61
    endloop
  endfacet
  facet normal 0 -1 0
    outer loop
      vertex 50.5 0 5.72205e-07
      vertex 50.7 0 5.61
      vertex 50.5 0 5.61
    endloop
  endfacet
  facet normal 0 -1 -0
    outer loop
      vertex 50.7 0 5.61
      vertex 50.5 0 5.72205e-07
      vertex 103.9 0 5.61
    endloop
  endfacet
  facet normal 0 -1 0
    outer loop
      vertex 104.1 0 5.72205e-07
      vertex 103.9 0 5.61
      vertex 50.5 0 5.72205e-07
    endloop
  endfacet
  facet normal 0 -1 0
    outer loop
      vertex 103.9 0 5.61
      vertex 104.1 0 5.72205e-07
      vertex 104.1 0 5.61
    endloop
  endfacet
  facet normal 0 -1 0
    outer loop
      vertex 50.7 0 5.61
      vertex 103.9 0 36.8
      vertex 50.7 0 36.8
    endloop
  endfacet
  facet normal 0 -1 -0
    outer loop
      vertex 103.9 0 36.8
      vertex 50.7 0 5.61
      vertex 103.9 0 5.61
    endloop
  endfacet
  facet normal 0.195473 -0.980709 0
    outer loop
      vertex 104.031 0.00856018 5.61
      vertex 104.159 0.0340729 36.8
      vertex 104.031 0.00856018 36.8
    endloop
  endfacet
  facet normal 0.195473 -0.980709 0
    outer loop
      vertex 104.159 0.0340729 36.8
      vertex 104.031 0.00856018 5.61
      vertex 104.159 0.0340729 5.61
    endloop
  endfacet
  facet normal -0.0654546 -0.997856 0
    outer loop
      vertex 50.5695 0.00856018 5.61
      vertex 50.7 0 36.8
      vertex 50.5695 0.00856018 36.8
    endloop
  endfacet
  facet normal -0.0654546 -0.997856 -0
    outer loop
      vertex 50.7 0 36.8
      vertex 50.5695 0.00856018 5.61
      vertex 50.7 0 5.61
    endloop
  endfacet
  facet normal -0.751866 0.659316 0
    outer loop
      vertex 49.9067 10.8088 5.61
      vertex 49.9929 10.9071 36.8
      vertex 49.9929 10.9071 5.61
    endloop
  endfacet
  facet normal -0.751866 0.659316 0
    outer loop
      vertex 49.9929 10.9071 36.8
      vertex 49.9067 10.8088 5.61
      vertex 49.9067 10.8088 36.8
    endloop
  endfacet
  facet normal 0.83032 -0.557287 0
    outer loop
      vertex 104.693 0.391235 36.8
      vertex 104.766 0.5 5.61
      vertex 104.766 0.5 36.8
    endloop
  endfacet
  facet normal 0.83032 -0.557287 0
    outer loop
      vertex 104.766 0.5 5.61
      vertex 104.693 0.391235 36.8
      vertex 104.693 0.391235 5.61
    endloop
  endfacet
  facet normal 0.0652058 -0.997872 0
    outer loop
      vertex 103.9 0 5.61
      vertex 104.031 0.00856018 36.8
      vertex 103.9 0 36.8
    endloop
  endfacet
  facet normal 0.0652058 -0.997872 0
    outer loop
      vertex 104.031 0.00856018 36.8
      vertex 103.9 0 5.61
      vertex 104.031 0.00856018 5.61
    endloop
  endfacet
  facet normal -0.0657577 0.997836 0
    outer loop
      vertex 50.7 11.2 5.61
      vertex 50.5695 11.1914 36.8
      vertex 50.7 11.2 36.8
    endloop
  endfacet
  facet normal -0.0657577 0.997836 0
    outer loop
      vertex 50.5695 11.1914 36.8
      vertex 50.7 11.2 5.61
      vertex 50.5695 11.1914 5.61
    endloop
  endfacet
  facet normal 0 1 -0
    outer loop
      vertex 104.1 11.2 5.72205e-07
      vertex 103.9 11.2 5.61
      vertex 104.1 11.2 5.61
    endloop
  endfacet
  facet normal 0 1 0
    outer loop
      vertex 103.9 11.2 5.61
      vertex 104.1 11.2 5.72205e-07
      vertex 50.7 11.2 5.61
    endloop
  endfacet
  facet normal 0 1 0
    outer loop
      vertex 50.5 11.2 5.72205e-07
      vertex 50.7 11.2 5.61
      vertex 104.1 11.2 5.72205e-07
    endloop
  endfacet
  facet normal 0 1 0
    outer loop
      vertex 50.7 11.2 5.61
      vertex 50.5 11.2 5.72205e-07
      vertex 50.5 11.2 5.61
    endloop
  endfacet
  facet normal 0 1 -0
    outer loop
      vertex 103.9 11.2 5.61
      vertex 50.7 11.2 36.8
      vertex 103.9 11.2 36.8
    endloop
  endfacet
  facet normal 0 1 0
    outer loop
      vertex 50.7 11.2 36.8
      vertex 103.9 11.2 5.61
      vertex 50.7 11.2 5.61
    endloop
  endfacet
  facet normal 0.830403 0.557164 0
    outer loop
      vertex 104.766 10.7 36.8
      vertex 104.693 10.8088 5.61
      vertex 104.693 10.8088 36.8
    endloop
  endfacet
  facet normal 0.830403 0.557164 0
    outer loop
      vertex 104.693 10.8088 5.61
      vertex 104.766 10.7 36.8
      vertex 104.766 10.7 5.61
    endloop
  endfacet
  facet normal 0.99763 0.0688021 0
    outer loop
      vertex 104.9 10.2 36.8
      vertex 104.891 10.3305 5.61
      vertex 104.891 10.3305 36.8
    endloop
  endfacet
  facet normal 0.99763 0.0688021 0
    outer loop
      vertex 104.891 10.3305 5.61
      vertex 104.9 10.2 36.8
      vertex 104.9 10.2 5.61
    endloop
  endfacet
  facet normal -0.997836 -0.0657457 0
    outer loop
      vertex 49.7086 0.869476 5.61
      vertex 49.7 1 36.8
      vertex 49.7 1 5.61
    endloop
  endfacet
  facet normal -0.997836 -0.0657457 0
    outer loop
      vertex 49.7 1 36.8
      vertex 49.7086 0.869476 5.61
      vertex 49.7086 0.869476 36.8
    endloop
  endfacet
  facet normal 0.0655078 0.997852 -0
    outer loop
      vertex 104.031 11.1914 5.61
      vertex 103.9 11.2 36.8
      vertex 104.031 11.1914 36.8
    endloop
  endfacet
  facet normal 0.0655078 0.997852 0
    outer loop
      vertex 103.9 11.2 36.8
      vertex 104.031 11.1914 5.61
      vertex 103.9 11.2 5.61
    endloop
  endfacet
  facet normal -0.442621 0.896709 0
    outer loop
      vertex 50.3173 11.1239 5.61
      vertex 50.2 11.066 36.8
      vertex 50.3173 11.1239 36.8
    endloop
  endfacet
  facet normal -0.442621 0.896709 0
    outer loop
      vertex 50.2 11.066 36.8
      vertex 50.3173 11.1239 5.61
      vertex 50.2 11.066 5.61
    endloop
  endfacet
  facet normal -0.947042 -0.321109 0
    outer loop
      vertex 49.7761 0.61731 5.61
      vertex 49.7341 0.74118 36.8
      vertex 49.7341 0.74118 5.61
    endloop
  endfacet
  facet normal -0.947042 -0.321109 0
    outer loop
      vertex 49.7341 0.74118 36.8
      vertex 49.7761 0.61731 5.61
      vertex 49.7761 0.61731 36.8
    endloop
  endfacet
  facet normal -0.659316 0.751866 0
    outer loop
      vertex 50.0912 10.9933 5.61
      vertex 49.9929 10.9071 36.8
      vertex 50.0912 10.9933 36.8
    endloop
  endfacet
  facet normal -0.659316 0.751866 0
    outer loop
      vertex 49.9929 10.9071 36.8
      vertex 50.0912 10.9933 5.61
      vertex 49.9929 10.9071 5.61
    endloop
  endfacet
  facet normal 0.195379 0.980728 -0
    outer loop
      vertex 104.159 11.1659 5.61
      vertex 104.031 11.1914 36.8
      vertex 104.159 11.1659 36.8
    endloop
  endfacet
  facet normal 0.195379 0.980728 0
    outer loop
      vertex 104.031 11.1914 36.8
      vertex 104.159 11.1659 5.61
      vertex 104.031 11.1914 5.61
    endloop
  endfacet
  facet normal 0.443533 0.896258 -0
    outer loop
      vertex 104.4 11.066 5.61
      vertex 104.283 11.1239 36.8
      vertex 104.4 11.066 36.8
    endloop
  endfacet
  facet normal 0.443533 0.896258 0
    outer loop
      vertex 104.283 11.1239 36.8
      vertex 104.4 11.066 5.61
      vertex 104.283 11.1239 5.61
    endloop
  endfacet
  facet normal -0.442288 -0.896873 0
    outer loop
      vertex 50.2 0.133972 5.61
      vertex 50.3173 0.0761261 36.8
      vertex 50.2 0.133972 36.8
    endloop
  endfacet
  facet normal -0.442288 -0.896873 -0
    outer loop
      vertex 50.3173 0.0761261 36.8
      vertex 50.2 0.133972 5.61
      vertex 50.3173 0.0761261 5.61
    endloop
  endfacet
  facet normal -0.321404 -0.946942 0
    outer loop
      vertex 50.3173 0.0761261 5.61
      vertex 50.4412 0.0340729 36.8
      vertex 50.3173 0.0761261 36.8
    endloop
  endfacet
  facet normal -0.321404 -0.946942 -0
    outer loop
      vertex 50.4412 0.0340729 36.8
      vertex 50.3173 0.0761261 5.61
      vertex 50.4412 0.0340729 5.61
    endloop
  endfacet
  facet normal -0.195033 -0.980797 0
    outer loop
      vertex 50.4412 0.0340729 5.61
      vertex 50.5695 0.00856018 36.8
      vertex 50.4412 0.0340729 36.8
    endloop
  endfacet
  facet normal -0.195033 -0.980797 -0
    outer loop
      vertex 50.5695 0.00856018 36.8
      vertex 50.4412 0.0340729 5.61
      vertex 50.5695 0.00856018 5.61
    endloop
  endfacet
  facet normal -0.947066 0.321039 0
    outer loop
      vertex 49.7341 10.4588 5.61
      vertex 49.7761 10.5827 36.8
      vertex 49.7761 10.5827 5.61
    endloop
  endfacet
  facet normal -0.947066 0.321039 0
    outer loop
      vertex 49.7761 10.5827 36.8
      vertex 49.7341 10.4588 5.61
      vertex 49.7341 10.4588 36.8
    endloop
  endfacet
  facet normal 1 -0 0
    outer loop
      vertex 104.9 8.6 19.2
      vertex 104.9 10.2 5.61
      vertex 104.9 10.2 36.8
    endloop
  endfacet
  facet normal 1 0 0
    outer loop
      vertex 104.9 8.6 19.2
      vertex 104.9 10.2 36.8
      vertex 104.9 8.6 23.2
    endloop
  endfacet
  facet normal 1 0 0
    outer loop
      vertex 104.9 10.2 36.8
      vertex 104.9 2.6 23.2
      vertex 104.9 8.6 23.2
    endloop
  endfacet
  facet normal 1 0 0
    outer loop
      vertex 104.9 1 5.61
      vertex 104.9 2.6 19.2
      vertex 104.9 2.6 23.2
    endloop
  endfacet
  facet normal 1 0 0
    outer loop
      vertex 104.9 1 5.61
      vertex 104.9 2.6 23.2
      vertex 104.9 1 36.8
    endloop
  endfacet
  facet normal 1 -0 0
    outer loop
      vertex 104.9 1 36.8
      vertex 104.9 2.6 23.2
      vertex 104.9 10.2 36.8
    endloop
  endfacet
  facet normal 1 0 0
    outer loop
      vertex 104.9 9.89999 4.29999
      vertex 104.9 10.4 5.61
      vertex 104.9 10.2 5.61
    endloop
  endfacet
  facet normal 1 0 0
    outer loop
      vertex 104.9 10.4 5.61
      vertex 104.9 9.89999 4.29999
      vertex 104.9 10.4 5.72205e-07
    endloop
  endfacet
  facet normal 1 0 0
    outer loop
      vertex 104.9 10.4 5.72205e-07
      vertex 104.9 9.89999 4.29999
      vertex 104.9 8.39999 5.72205e-07
    endloop
  endfacet
  facet normal 1 -0 0
    outer loop
      vertex 104.9 2.6 19.2
      vertex 104.9 10.2 5.61
      vertex 104.9 8.6 19.2
    endloop
  endfacet
  facet normal 1 0 0
    outer loop
      vertex 104.9 1 5.61
      vertex 104.9 10.2 5.61
      vertex 104.9 2.6 19.2
    endloop
  endfacet
  facet normal 1 0 0
    outer loop
      vertex 104.9 10.2 5.61
      vertex 104.9 1.30001 4.29999
      vertex 104.9 9.89999 4.29999
    endloop
  endfacet
  facet normal 1 0 0
    outer loop
      vertex 104.9 10.2 5.61
      vertex 104.9 1 5.61
      vertex 104.9 1.30001 4.29999
    endloop
  endfacet
  facet normal 1 -0 0
    outer loop
      vertex 104.9 0.800003 5.61
      vertex 104.9 1.30001 4.29999
      vertex 104.9 1 5.61
    endloop
  endfacet
  facet normal 1 0 0
    outer loop
      vertex 104.9 0.800003 5.72205e-07
      vertex 104.9 1.30001 4.29999
      vertex 104.9 0.800003 5.61
    endloop
  endfacet
  facet normal 1 0 0
    outer loop
      vertex 104.9 1.30001 4.29999
      vertex 104.9 0.800003 5.72205e-07
      vertex 104.9 2.80001 5.72205e-07
    endloop
  endfacet
  facet normal -1 0 0
    outer loop
      vertex 49.7 10.2 5.61
      vertex 49.7 2.6 19.2
      vertex 49.7 8.6 19.2
    endloop
  endfacet
  facet normal -1 0 0
    outer loop
      vertex 49.7 10.2 5.61
      vertex 49.7 1 5.61
      vertex 49.7 2.6 19.2
    endloop
  endfacet
  facet normal -1 0 0
    outer loop
      vertex 49.7 1 5.61
      vertex 49.7 9.89999 4.29999
      vertex 49.7 1.30001 4.29999
    endloop
  endfacet
  facet normal -1 0 0
    outer loop
      vertex 49.7 9.89999 4.29999
      vertex 49.7 10.4 5.61
      vertex 49.7 10.4 5.72205e-07
    endloop
  endfacet
  facet normal -1 0 0
    outer loop
      vertex 49.7 1 5.61
      vertex 49.7 10.2 5.61
      vertex 49.7 9.89999 4.29999
    endloop
  endfacet
  facet normal -1 -0 0
    outer loop
      vertex 49.7 10.4 5.61
      vertex 49.7 9.89999 4.29999
      vertex 49.7 10.2 5.61
    endloop
  endfacet
  facet normal -1 0 -0
    outer loop
      vertex 49.7 9.89999 4.29999
      vertex 49.7 10.4 5.72205e-07
      vertex 49.7 8.39999 5.72205e-07
    endloop
  endfacet
  facet normal -1 0 0
    outer loop
      vertex 49.7 10.2 5.61
      vertex 49.7 8.6 19.2
      vertex 49.7 10.2 36.8
    endloop
  endfacet
  facet normal -1 0 0
    outer loop
      vertex 49.7 8.6 23.2
      vertex 49.7 10.2 36.8
      vertex 49.7 8.6 19.2
    endloop
  endfacet
  facet normal -1 0 0
    outer loop
      vertex 49.7 2.6 23.2
      vertex 49.7 10.2 36.8
      vertex 49.7 8.6 23.2
    endloop
  endfacet
  facet normal -1 -0 0
    outer loop
      vertex 49.7 2.6 19.2
      vertex 49.7 1 5.61
      vertex 49.7 2.6 23.2
    endloop
  endfacet
  facet normal -1 0 0
    outer loop
      vertex 49.7 2.6 23.2
      vertex 49.7 1 36.8
      vertex 49.7 10.2 36.8
    endloop
  endfacet
  facet normal -1 0 0
    outer loop
      vertex 49.7 1 36.8
      vertex 49.7 2.6 23.2
      vertex 49.7 1 5.61
    endloop
  endfacet
  facet normal -1 0 0
    outer loop
      vertex 49.7 0.800003 5.72205e-07
      vertex 49.7 1.30001 4.29999
      vertex 49.7 2.80001 5.72205e-07
    endloop
  endfacet
  facet normal -1 0 0
    outer loop
      vertex 49.7 0.800003 5.61
      vertex 49.7 1.30001 4.29999
      vertex 49.7 0.800003 5.72205e-07
    endloop
  endfacet
  facet normal -1 0 0
    outer loop
      vertex 49.7 1.30001 4.29999
      vertex 49.7 0.800003 5.61
      vertex 49.7 1 5.61
    endloop
  endfacet
  facet normal -0.555582 0.831462 0
    outer loop
      vertex 50.2 11.066 5.61
      vertex 50.0912 10.9933 36.8
      vertex 50.2 11.066 36.8
    endloop
  endfacet
  facet normal -0.555582 0.831462 0
    outer loop
      vertex 50.0912 10.9933 36.8
      vertex 50.2 11.066 5.61
      vertex 50.0912 10.9933 5.61
    endloop
  endfacet
  facet normal 0.752767 -0.658287 0
    outer loop
      vertex 104.607 0.292892 36.8
      vertex 104.693 0.391235 5.61
      vertex 104.693 0.391235 36.8
    endloop
  endfacet
  facet normal 0.752767 -0.658287 0
    outer loop
      vertex 104.693 0.391235 5.61
      vertex 104.607 0.292892 36.8
      vertex 104.607 0.292892 5.61
    endloop
  endfacet
  facet normal -0.321039 0.947066 0
    outer loop
      vertex 50.4412 11.1659 5.61
      vertex 50.3173 11.1239 36.8
      vertex 50.4412 11.1659 36.8
    endloop
  endfacet
  facet normal -0.321039 0.947066 0
    outer loop
      vertex 50.3173 11.1239 36.8
      vertex 50.4412 11.1659 5.61
      vertex 50.3173 11.1239 5.61
    endloop
  endfacet
  facet normal 0.981539 -0.191264 0
    outer loop
      vertex 104.866 0.74118 36.8
      vertex 104.891 0.869476 5.61
      vertex 104.891 0.869476 36.8
    endloop
  endfacet
  facet normal 0.981539 -0.191264 0
    outer loop
      vertex 104.891 0.869476 5.61
      vertex 104.866 0.74118 36.8
      vertex 104.866 0.74118 5.61
    endloop
  endfacet
  facet normal -0.831462 0.555582 0
    outer loop
      vertex 49.834 10.7 5.61
      vertex 49.9067 10.8088 36.8
      vertex 49.9067 10.8088 5.61
    endloop
  endfacet
  facet normal -0.831462 0.555582 0
    outer loop
      vertex 49.9067 10.8088 36.8
      vertex 49.834 10.7 5.61
      vertex 49.834 10.7 36.8
    endloop
  endfacet
  facet normal 0.320807 0.947145 -0
    outer loop
      vertex 104.283 11.1239 5.61
      vertex 104.159 11.1659 36.8
      vertex 104.283 11.1239 36.8
    endloop
  endfacet
  facet normal 0.320807 0.947145 0
    outer loop
      vertex 104.159 11.1659 36.8
      vertex 104.283 11.1239 5.61
      vertex 104.159 11.1659 5.61
    endloop
  endfacet
  facet normal -0.19494 0.980815 0
    outer loop
      vertex 50.5695 11.1914 5.61
      vertex 50.4412 11.1659 36.8
      vertex 50.5695 11.1914 36.8
    endloop
  endfacet
  facet normal -0.19494 0.980815 0
    outer loop
      vertex 50.4412 11.1659 36.8
      vertex 50.5695 11.1914 5.61
      vertex 50.4412 11.1659 5.61
    endloop
  endfacet
  facet normal -0.896709 0.442621 0
    outer loop
      vertex 49.7761 10.5827 5.61
      vertex 49.834 10.7 36.8
      vertex 49.834 10.7 5.61
    endloop
  endfacet
  facet normal -0.896709 0.442621 0
    outer loop
      vertex 49.834 10.7 36.8
      vertex 49.7761 10.5827 5.61
      vertex 49.7761 10.5827 36.8
    endloop
  endfacet
  facet normal 0.947066 0.321039 0
    outer loop
      vertex 104.866 10.4588 36.8
      vertex 104.824 10.5827 5.61
      vertex 104.824 10.5827 36.8
    endloop
  endfacet
  facet normal 0.947066 0.321039 0
    outer loop
      vertex 104.824 10.5827 5.61
      vertex 104.866 10.4588 36.8
      vertex 104.866 10.4588 5.61
    endloop
  endfacet
  facet normal 0.554876 0.831933 -0
    outer loop
      vertex 104.509 10.9933 5.61
      vertex 104.4 11.066 36.8
      vertex 104.509 10.9933 36.8
    endloop
  endfacet
  facet normal 0.554876 0.831933 0
    outer loop
      vertex 104.4 11.066 36.8
      vertex 104.509 10.9933 5.61
      vertex 104.4 11.066 5.61
    endloop
  endfacet
  facet normal 0.89642 -0.443205 0
    outer loop
      vertex 104.766 0.5 36.8
      vertex 104.824 0.61731 5.61
      vertex 104.824 0.61731 36.8
    endloop
  endfacet
  facet normal 0.89642 -0.443205 0
    outer loop
      vertex 104.824 0.61731 5.61
      vertex 104.766 0.5 36.8
      vertex 104.766 0.5 5.61
    endloop
  endfacet
  facet normal -0.980815 0.19494 0
    outer loop
      vertex 49.7086 10.3305 5.61
      vertex 49.7341 10.4588 36.8
      vertex 49.7341 10.4588 5.61
    endloop
  endfacet
  facet normal -0.980815 0.19494 0
    outer loop
      vertex 49.7341 10.4588 36.8
      vertex 49.7086 10.3305 5.61
      vertex 49.7086 10.3305 36.8
    endloop
  endfacet
  facet normal 0.55476 -0.83201 0
    outer loop
      vertex 104.4 0.133972 5.61
      vertex 104.509 0.20665 36.8
      vertex 104.4 0.133972 36.8
    endloop
  endfacet
  facet normal 0.55476 -0.83201 0
    outer loop
      vertex 104.509 0.20665 36.8
      vertex 104.4 0.133972 5.61
      vertex 104.509 0.20665 5.61
    endloop
  endfacet
  facet normal 0.4432 -0.896423 0
    outer loop
      vertex 104.283 0.0761261 5.61
      vertex 104.4 0.133972 36.8
      vertex 104.283 0.0761261 36.8
    endloop
  endfacet
  facet normal 0.4432 -0.896423 0
    outer loop
      vertex 104.4 0.133972 36.8
      vertex 104.283 0.0761261 5.61
      vertex 104.4 0.133972 5.61
    endloop
  endfacet
  facet normal -0.997836 0.0657577 0
    outer loop
      vertex 49.7 10.2 5.61
      vertex 49.7086 10.3305 36.8
      vertex 49.7086 10.3305 5.61
    endloop
  endfacet
  facet normal -0.997836 0.0657577 0
    outer loop
      vertex 49.7086 10.3305 36.8
      vertex 49.7 10.2 5.61
      vertex 49.7 10.2 36.8
    endloop
  endfacet
  facet normal -0.659498 -0.751706 0
    outer loop
      vertex 49.9929 0.292892 5.61
      vertex 50.0912 0.20665 36.8
      vertex 49.9929 0.292892 36.8
    endloop
  endfacet
  facet normal -0.659498 -0.751706 -0
    outer loop
      vertex 50.0912 0.20665 36.8
      vertex 49.9929 0.292892 5.61
      vertex 50.0912 0.20665 5.61
    endloop
  endfacet
  facet normal 0.752624 0.65845 0
    outer loop
      vertex 104.693 10.8088 36.8
      vertex 104.607 10.9071 5.61
      vertex 104.607 10.9071 36.8
    endloop
  endfacet
  facet normal 0.752624 0.65845 0
    outer loop
      vertex 104.607 10.9071 5.61
      vertex 104.693 10.8088 36.8
      vertex 104.693 10.8088 5.61
    endloop
  endfacet
  facet normal -0.980814 -0.194946 0
    outer loop
      vertex 49.7341 0.74118 5.61
      vertex 49.7086 0.869476 36.8
      vertex 49.7086 0.869476 5.61
    endloop
  endfacet
  facet normal -0.980814 -0.194946 0
    outer loop
      vertex 49.7086 0.869476 36.8
      vertex 49.7341 0.74118 5.61
      vertex 49.7341 0.74118 36.8
    endloop
  endfacet
  facet normal -0.555465 -0.83154 0
    outer loop
      vertex 50.0912 0.20665 5.61
      vertex 50.2 0.133972 36.8
      vertex 50.0912 0.20665 36.8
    endloop
  endfacet
  facet normal -0.555465 -0.83154 -0
    outer loop
      vertex 50.2 0.133972 36.8
      vertex 50.0912 0.20665 5.61
      vertex 50.2 0.133972 5.61
    endloop
  endfacet
  facet normal 0.947042 -0.321109 0
    outer loop
      vertex 104.824 0.61731 36.8
      vertex 104.866 0.74118 5.61
      vertex 104.866 0.74118 36.8
    endloop
  endfacet
  facet normal 0.947042 -0.321109 0
    outer loop
      vertex 104.866 0.74118 5.61
      vertex 104.824 0.61731 36.8
      vertex 104.824 0.61731 5.61
    endloop
  endfacet
  facet normal 0 0 1
    outer loop
      vertex 103.9 11.2 36.8
      vertex 104.9 10.2 36.8
      vertex 104.891 10.3305 36.8
    endloop
  endfacet
  facet normal 0 0 1
    outer loop
      vertex 104.9 10.2 36.8
      vertex 103.9 11.2 36.8
      vertex 104.9 1 36.8
    endloop
  endfacet
  facet normal 0 0 1
    outer loop
      vertex 103.9 11.2 36.8
      vertex 104.891 10.3305 36.8
      vertex 104.866 10.4588 36.8
    endloop
  endfacet
  facet normal 0 0 1
    outer loop
      vertex 103.9 0 36.8
      vertex 104.9 1 36.8
      vertex 103.9 11.2 36.8
    endloop
  endfacet
  facet normal 0 0 1
    outer loop
      vertex 103.9 11.2 36.8
      vertex 104.866 10.4588 36.8
      vertex 104.824 10.5827 36.8
    endloop
  endfacet
  facet normal 0 0 1
    outer loop
      vertex 104.9 1 36.8
      vertex 103.9 0 36.8
      vertex 104.891 0.869476 36.8
    endloop
  endfacet
  facet normal 0 0 1
    outer loop
      vertex 103.9 11.2 36.8
      vertex 104.824 10.5827 36.8
      vertex 104.766 10.7 36.8
    endloop
  endfacet
  facet normal 0 0 1
    outer loop
      vertex 104.891 0.869476 36.8
      vertex 103.9 0 36.8
      vertex 104.866 0.74118 36.8
    endloop
  endfacet
  facet normal 0 0 1
    outer loop
      vertex 103.9 11.2 36.8
      vertex 104.766 10.7 36.8
      vertex 104.693 10.8088 36.8
    endloop
  endfacet
  facet normal 0 0 1
    outer loop
      vertex 104.866 0.74118 36.8
      vertex 103.9 0 36.8
      vertex 104.824 0.61731 36.8
    endloop
  endfacet
  facet normal 0 0 1
    outer loop
      vertex 103.9 11.2 36.8
      vertex 104.693 10.8088 36.8
      vertex 104.607 10.9071 36.8
    endloop
  endfacet
  facet normal 0 0 1
    outer loop
      vertex 104.824 0.61731 36.8
      vertex 103.9 0 36.8
      vertex 104.766 0.5 36.8
    endloop
  endfacet
  facet normal 0 0 1
    outer loop
      vertex 103.9 11.2 36.8
      vertex 104.607 10.9071 36.8
      vertex 104.509 10.9933 36.8
    endloop
  endfacet
  facet normal 0 0 1
    outer loop
      vertex 104.766 0.5 36.8
      vertex 103.9 0 36.8
      vertex 104.693 0.391235 36.8
    endloop
  endfacet
  facet normal 0 0 1
    outer loop
      vertex 103.9 11.2 36.8
      vertex 104.509 10.9933 36.8
      vertex 104.4 11.066 36.8
    endloop
  endfacet
  facet normal 0 0 1
    outer loop
      vertex 104.693 0.391235 36.8
      vertex 103.9 0 36.8
      vertex 104.607 0.292892 36.8
    endloop
  endfacet
  facet normal 0 0 1
    outer loop
      vertex 103.9 11.2 36.8
      vertex 104.4 11.066 36.8
      vertex 104.283 11.1239 36.8
    endloop
  endfacet
  facet normal 0 0 1
    outer loop
      vertex 104.607 0.292892 36.8
      vertex 103.9 0 36.8
      vertex 104.509 0.20665 36.8
    endloop
  endfacet
  facet normal 0 0 1
    outer loop
      vertex 103.9 11.2 36.8
      vertex 104.283 11.1239 36.8
      vertex 104.159 11.1659 36.8
    endloop
  endfacet
  facet normal 0 0 1
    outer loop
      vertex 104.509 0.20665 36.8
      vertex 103.9 0 36.8
      vertex 104.4 0.133972 36.8
    endloop
  endfacet
  facet normal 0 0 1
    outer loop
      vertex 103.9 11.2 36.8
      vertex 104.159 11.1659 36.8
      vertex 104.031 11.1914 36.8
    endloop
  endfacet
  facet normal 0 0 1
    outer loop
      vertex 104.4 0.133972 36.8
      vertex 103.9 0 36.8
      vertex 104.283 0.0761261 36.8
    endloop
  endfacet
  facet normal 0 0 1
    outer loop
      vertex 104.283 0.0761261 36.8
      vertex 103.9 0 36.8
      vertex 104.159 0.0340729 36.8
    endloop
  endfacet
  facet normal 0 0 1
    outer loop
      vertex 104.159 0.0340729 36.8
      vertex 103.9 0 36.8
      vertex 104.031 0.00856018 36.8
    endloop
  endfacet
  facet normal -0 0 1
    outer loop
      vertex 50.7 11.2 36.8
      vertex 103.9 0 36.8
      vertex 103.9 11.2 36.8
    endloop
  endfacet
  facet normal 0 0 1
    outer loop
      vertex 50.7 11.2 36.8
      vertex 50.7 0 36.8
      vertex 103.9 0 36.8
    endloop
  endfacet
  facet normal 0 0 1
    outer loop
      vertex 49.7 10.2 36.8
      vertex 50.7 11.2 36.8
      vertex 50.5695 11.1914 36.8
    endloop
  endfacet
  facet normal 0 0 1
    outer loop
      vertex 50.7 11.2 36.8
      vertex 49.7 10.2 36.8
      vertex 50.7 0 36.8
    endloop
  endfacet
  facet normal 0 0 1
    outer loop
      vertex 49.7 10.2 36.8
      vertex 50.5695 11.1914 36.8
      vertex 50.4412 11.1659 36.8
    endloop
  endfacet
  facet normal -0 0 1
    outer loop
      vertex 49.7 1 36.8
      vertex 50.7 0 36.8
      vertex 49.7 10.2 36.8
    endloop
  endfacet
  facet normal 0 0 1
    outer loop
      vertex 49.7 10.2 36.8
      vertex 50.4412 11.1659 36.8
      vertex 50.3173 11.1239 36.8
    endloop
  endfacet
  facet normal 0 0 1
    outer loop
      vertex 50.7 0 36.8
      vertex 49.7 1 36.8
      vertex 50.5695 0.00856018 36.8
    endloop
  endfacet
  facet normal 0 0 1
    outer loop
      vertex 49.7 10.2 36.8
      vertex 50.3173 11.1239 36.8
      vertex 50.2 11.066 36.8
    endloop
  endfacet
  facet normal 0 0 1
    outer loop
      vertex 50.5695 0.00856018 36.8
      vertex 49.7 1 36.8
      vertex 50.4412 0.0340729 36.8
    endloop
  endfacet
  facet normal 0 0 1
    outer loop
      vertex 49.7 10.2 36.8
      vertex 50.2 11.066 36.8
      vertex 50.0912 10.9933 36.8
    endloop
  endfacet
  facet normal 0 0 1
    outer loop
      vertex 50.4412 0.0340729 36.8
      vertex 49.7 1 36.8
      vertex 50.3173 0.0761261 36.8
    endloop
  endfacet
  facet normal 0 0 1
    outer loop
      vertex 49.7 10.2 36.8
      vertex 50.0912 10.9933 36.8
      vertex 49.9929 10.9071 36.8
    endloop
  endfacet
  facet normal 0 0 1
    outer loop
      vertex 50.3173 0.0761261 36.8
      vertex 49.7 1 36.8
      vertex 50.2 0.133972 36.8
    endloop
  endfacet
  facet normal 0 0 1
    outer loop
      vertex 49.7 10.2 36.8
      vertex 49.9929 10.9071 36.8
      vertex 49.9067 10.8088 36.8
    endloop
  endfacet
  facet normal 0 0 1
    outer loop
      vertex 50.2 0.133972 36.8
      vertex 49.7 1 36.8
      vertex 50.0912 0.20665 36.8
    endloop
  endfacet
  facet normal 0 0 1
    outer loop
      vertex 49.7 10.2 36.8
      vertex 49.9067 10.8088 36.8
      vertex 49.834 10.7 36.8
    endloop
  endfacet
  facet normal 0 0 1
    outer loop
      vertex 50.0912 0.20665 36.8
      vertex 49.7 1 36.8
      vertex 49.9929 0.292892 36.8
    endloop
  endfacet
  facet normal 0 0 1
    outer loop
      vertex 49.7 10.2 36.8
      vertex 49.834 10.7 36.8
      vertex 49.7761 10.5827 36.8
    endloop
  endfacet
  facet normal 0 0 1
    outer loop
      vertex 49.9929 0.292892 36.8
      vertex 49.7 1 36.8
      vertex 49.9067 0.391235 36.8
    endloop
  endfacet
  facet normal 0 0 1
    outer loop
      vertex 49.7 10.2 36.8
      vertex 49.7761 10.5827 36.8
      vertex 49.7341 10.4588 36.8
    endloop
  endfacet
  facet normal 0 0 1
    outer loop
      vertex 49.9067 0.391235 36.8
      vertex 49.7 1 36.8
      vertex 49.834 0.5 36.8
    endloop
  endfacet
  facet normal 0 0 1
    outer loop
      vertex 49.7 10.2 36.8
      vertex 49.7341 10.4588 36.8
      vertex 49.7086 10.3305 36.8
    endloop
  endfacet
  facet normal 0 0 1
    outer loop
      vertex 49.834 0.5 36.8
      vertex 49.7 1 36.8
      vertex 49.7761 0.61731 36.8
    endloop
  endfacet
  facet normal 0 0 1
    outer loop
      vertex 49.7761 0.61731 36.8
      vertex 49.7 1 36.8
      vertex 49.7341 0.74118 36.8
    endloop
  endfacet
  facet normal 0 0 1
    outer loop
      vertex 49.7341 0.74118 36.8
      vertex 49.7 1 36.8
      vertex 49.7086 0.869476 36.8
    endloop
  endfacet
  facet normal -0.896724 -0.442591 0
    outer loop
      vertex 49.834 0.5 5.61
      vertex 49.7761 0.61731 36.8
      vertex 49.7761 0.61731 5.61
    endloop
  endfacet
  facet normal -0.896724 -0.442591 0
    outer loop
      vertex 49.7761 0.61731 36.8
      vertex 49.834 0.5 5.61
      vertex 49.834 0.5 36.8
    endloop
  endfacet
  facet normal 0.660455 0.750865 -0
    outer loop
      vertex 104.607 10.9071 5.61
      vertex 104.509 10.9933 36.8
      vertex 104.607 10.9071 36.8
    endloop
  endfacet
  facet normal 0.660455 0.750865 0
    outer loop
      vertex 104.509 10.9933 36.8
      vertex 104.607 10.9071 5.61
      vertex 104.509 10.9933 5.61
    endloop
  endfacet
  facet normal -0.831379 -0.555705 0
    outer loop
      vertex 49.9067 0.391235 5.61
      vertex 49.834 0.5 36.8
      vertex 49.834 0.5 5.61
    endloop
  endfacet
  facet normal -0.831379 -0.555705 0
    outer loop
      vertex 49.834 0.5 36.8
      vertex 49.9067 0.391235 5.61
      vertex 49.9067 0.391235 36.8
    endloop
  endfacet
  facet normal -0.752008 -0.659153 0
    outer loop
      vertex 49.9929 0.292892 5.61
      vertex 49.9067 0.391235 36.8
      vertex 49.9067 0.391235 5.61
    endloop
  endfacet
  facet normal -0.752008 -0.659153 0
    outer loop
      vertex 49.9067 0.391235 36.8
      vertex 49.9929 0.292892 5.61
      vertex 49.9929 0.292892 36.8
    endloop
  endfacet
  facet normal 0.896405 0.443235 0
    outer loop
      vertex 104.824 10.5827 36.8
      vertex 104.766 10.7 5.61
      vertex 104.766 10.7 36.8
    endloop
  endfacet
  facet normal 0.896405 0.443235 0
    outer loop
      vertex 104.766 10.7 5.61
      vertex 104.824 10.5827 36.8
      vertex 104.824 10.5827 5.61
    endloop
  endfacet
  facet normal 0.660637 -0.750706 0
    outer loop
      vertex 104.509 0.20665 5.61
      vertex 104.607 0.292892 36.8
      vertex 104.509 0.20665 36.8
    endloop
  endfacet
  facet normal 0.660637 -0.750706 0
    outer loop
      vertex 104.607 0.292892 36.8
      vertex 104.509 0.20665 5.61
      vertex 104.607 0.292892 5.61
    endloop
  endfacet
  facet normal 0.997631 -0.0687895 0
    outer loop
      vertex 104.891 0.869476 36.8
      vertex 104.9 1 5.61
      vertex 104.9 1 36.8
    endloop
  endfacet
  facet normal 0.997631 -0.0687895 0
    outer loop
      vertex 104.9 1 5.61
      vertex 104.891 0.869476 36.8
      vertex 104.891 0.869476 5.61
    endloop
  endfacet
  facet normal 0.321648 -0.946859 0
    outer loop
      vertex 104.307 0.0272675 5.72205e-07
      vertex 104.406 0.0608978 5.61
      vertex 104.307 0.0272675 5.61
    endloop
  endfacet
  facet normal 0.321648 -0.946859 0
    outer loop
      vertex 104.406 0.0608978 5.61
      vertex 104.307 0.0272675 5.72205e-07
      vertex 104.406 0.0608978 5.72205e-07
    endloop
  endfacet
  facet normal 0.981542 -0.191248 0
    outer loop
      vertex 104.873 0.592941 5.61
      vertex 104.893 0.695587 5.72205e-07
      vertex 104.893 0.695587 5.61
    endloop
  endfacet
  facet normal 0.981542 -0.191248 0
    outer loop
      vertex 104.893 0.695587 5.72205e-07
      vertex 104.873 0.592941 5.61
      vertex 104.873 0.592941 5.72205e-07
    endloop
  endfacet
  facet normal 0.321388 0.946948 -0
    outer loop
      vertex 104.406 11.1391 5.72205e-07
      vertex 104.307 11.1727 5.61
      vertex 104.406 11.1391 5.61
    endloop
  endfacet
  facet normal 0.321388 0.946948 0
    outer loop
      vertex 104.307 11.1727 5.61
      vertex 104.406 11.1391 5.72205e-07
      vertex 104.307 11.1727 5.72205e-07
    endloop
  endfacet
  facet normal 0.897924 -0.44015 0
    outer loop
      vertex 104.793 0.400009 5.61
      vertex 104.839 0.493851 5.72205e-07
      vertex 104.839 0.493851 5.61
    endloop
  endfacet
  facet normal 0.897924 -0.44015 0
    outer loop
      vertex 104.839 0.493851 5.72205e-07
      vertex 104.793 0.400009 5.61
      vertex 104.793 0.400009 5.72205e-07
    endloop
  endfacet
  facet normal -0.947036 -0.321126 0
    outer loop
      vertex 49.7609 0.493851 5.72205e-07
      vertex 49.7273 0.592941 5.61
      vertex 49.7273 0.592941 5.72205e-07
    endloop
  endfacet
  facet normal -0.947036 -0.321126 0
    outer loop
      vertex 49.7273 0.592941 5.61
      vertex 49.7609 0.493851 5.72205e-07
      vertex 49.7609 0.493851 5.61
    endloop
  endfacet
  facet normal 0.751817 -0.659371 0
    outer loop
      vertex 104.666 0.234314 5.61
      vertex 104.735 0.312988 5.72205e-07
      vertex 104.735 0.312988 5.61
    endloop
  endfacet
  facet normal 0.751817 -0.659371 0
    outer loop
      vertex 104.735 0.312988 5.72205e-07
      vertex 104.666 0.234314 5.61
      vertex 104.666 0.234314 5.72205e-07
    endloop
  endfacet
  facet normal 0.751925 0.659248 0
    outer loop
      vertex 104.735 10.887 5.61
      vertex 104.666 10.9657 5.72205e-07
      vertex 104.666 10.9657 5.61
    endloop
  endfacet
  facet normal 0.751925 0.659248 0
    outer loop
      vertex 104.666 10.9657 5.72205e-07
      vertex 104.735 10.887 5.61
      vertex 104.735 10.887 5.72205e-07
    endloop
  endfacet
  facet normal 0.194434 -0.980916 0
    outer loop
      vertex 104.204 0.0068512 5.72205e-07
      vertex 104.307 0.0272675 5.61
      vertex 104.204 0.0068512 5.61
    endloop
  endfacet
  facet normal 0.194434 -0.980916 0
    outer loop
      vertex 104.307 0.0272675 5.61
      vertex 104.204 0.0068512 5.72205e-07
      vertex 104.307 0.0272675 5.72205e-07
    endloop
  endfacet
  facet normal -0.321388 0.946948 0
    outer loop
      vertex 50.2929 11.1727 5.72205e-07
      vertex 50.1939 11.1391 5.61
      vertex 50.2929 11.1727 5.61
    endloop
  endfacet
  facet normal -0.321388 0.946948 0
    outer loop
      vertex 50.1939 11.1391 5.61
      vertex 50.2929 11.1727 5.72205e-07
      vertex 50.1939 11.1391 5.72205e-07
    endloop
  endfacet
  facet normal -0.831671 -0.555269 0
    outer loop
      vertex 49.8653 0.312988 5.72205e-07
      vertex 49.8072 0.400009 5.61
      vertex 49.8072 0.400009 5.72205e-07
    endloop
  endfacet
  facet normal -0.831671 -0.555269 0
    outer loop
      vertex 49.8072 0.400009 5.61
      vertex 49.8653 0.312988 5.72205e-07
      vertex 49.8653 0.312988 5.61
    endloop
  endfacet
  facet normal 0.0657344 -0.997837 0
    outer loop
      vertex 104.1 0 5.72205e-07
      vertex 104.204 0.0068512 5.61
      vertex 104.1 0 5.61
    endloop
  endfacet
  facet normal 0.0657344 -0.997837 0
    outer loop
      vertex 104.204 0.0068512 5.61
      vertex 104.1 0 5.72205e-07
      vertex 104.204 0.0068512 5.72205e-07
    endloop
  endfacet
  facet normal 0.832112 -0.554608 0
    outer loop
      vertex 104.735 0.312988 5.61
      vertex 104.793 0.400009 5.72205e-07
      vertex 104.793 0.400009 5.61
    endloop
  endfacet
  facet normal 0.832112 -0.554608 0
    outer loop
      vertex 104.793 0.400009 5.72205e-07
      vertex 104.735 0.312988 5.61
      vertex 104.735 0.312988 5.72205e-07
    endloop
  endfacet
  facet normal 0.657829 -0.753167 0
    outer loop
      vertex 104.587 0.165314 5.72205e-07
      vertex 104.666 0.234314 5.61
      vertex 104.587 0.165314 5.61
    endloop
  endfacet
  facet normal 0.657829 -0.753167 0
    outer loop
      vertex 104.666 0.234314 5.61
      vertex 104.587 0.165314 5.72205e-07
      vertex 104.666 0.234314 5.72205e-07
    endloop
  endfacet
  facet normal -0.44224 0.896897 0
    outer loop
      vertex 50.1939 11.1391 5.72205e-07
      vertex 50.1 11.0928 5.61
      vertex 50.1939 11.1391 5.61
    endloop
  endfacet
  facet normal -0.44224 0.896897 0
    outer loop
      vertex 50.1 11.0928 5.61
      vertex 50.1939 11.1391 5.72205e-07
      vertex 50.1 11.0928 5.72205e-07
    endloop
  endfacet
  facet normal -0.751817 -0.659371 0
    outer loop
      vertex 49.9343 0.234314 5.72205e-07
      vertex 49.8653 0.312988 5.61
      vertex 49.8653 0.312988 5.72205e-07
    endloop
  endfacet
  facet normal -0.751817 -0.659371 0
    outer loop
      vertex 49.8653 0.312988 5.61
      vertex 49.9343 0.234314 5.72205e-07
      vertex 49.9343 0.234314 5.61
    endloop
  endfacet
  facet normal 0.441861 0.897083 -0
    outer loop
      vertex 104.5 11.0928 5.72205e-07
      vertex 104.406 11.1391 5.61
      vertex 104.5 11.0928 5.61
    endloop
  endfacet
  facet normal 0.441861 0.897083 0
    outer loop
      vertex 104.406 11.1391 5.61
      vertex 104.5 11.0928 5.72205e-07
      vertex 104.406 11.1391 5.72205e-07
    endloop
  endfacet
  facet normal -0.896897 0.44224 0
    outer loop
      vertex 49.7609 10.7061 5.72205e-07
      vertex 49.8072 10.8 5.61
      vertex 49.8072 10.8 5.72205e-07
    endloop
  endfacet
  facet normal -0.896897 0.44224 0
    outer loop
      vertex 49.8072 10.8 5.61
      vertex 49.7609 10.7061 5.72205e-07
      vertex 49.7609 10.7061 5.61
    endloop
  endfacet
  facet normal -0.321648 -0.946859 0
    outer loop
      vertex 50.1939 0.0608978 5.72205e-07
      vertex 50.2929 0.0272675 5.61
      vertex 50.1939 0.0608978 5.61
    endloop
  endfacet
  facet normal -0.321648 -0.946859 -0
    outer loop
      vertex 50.2929 0.0272675 5.61
      vertex 50.1939 0.0608978 5.72205e-07
      vertex 50.2929 0.0272675 5.72205e-07
    endloop
  endfacet
  facet normal -0.0659481 0.997823 0
    outer loop
      vertex 50.5 11.2 5.72205e-07
      vertex 50.3956 11.1931 5.61
      vertex 50.5 11.2 5.61
    endloop
  endfacet
  facet normal -0.0659481 0.997823 0
    outer loop
      vertex 50.3956 11.1931 5.61
      vertex 50.5 11.2 5.72205e-07
      vertex 50.3956 11.1931 5.72205e-07
    endloop
  endfacet
  facet normal -0.19483 0.980837 0
    outer loop
      vertex 50.3956 11.1931 5.72205e-07
      vertex 50.2929 11.1727 5.61
      vertex 50.3956 11.1931 5.61
    endloop
  endfacet
  facet normal -0.19483 0.980837 0
    outer loop
      vertex 50.2929 11.1727 5.61
      vertex 50.3956 11.1931 5.72205e-07
      vertex 50.2929 11.1727 5.72205e-07
    endloop
  endfacet
  facet normal -0.831609 0.555362 0
    outer loop
      vertex 49.8072 10.8 5.72205e-07
      vertex 49.8653 10.887 5.61
      vertex 49.8653 10.887 5.72205e-07
    endloop
  endfacet
  facet normal -0.831609 0.555362 0
    outer loop
      vertex 49.8653 10.887 5.61
      vertex 49.8072 10.8 5.72205e-07
      vertex 49.8072 10.8 5.61
    endloop
  endfacet
  facet normal -0.0654837 -0.997854 0
    outer loop
      vertex 50.3956 0.0068512 5.72205e-07
      vertex 50.5 0 5.61
      vertex 50.3956 0.0068512 5.61
    endloop
  endfacet
  facet normal -0.0654837 -0.997854 -0
    outer loop
      vertex 50.5 0 5.61
      vertex 50.3956 0.0068512 5.72205e-07
      vertex 50.5 0 5.72205e-07
    endloop
  endfacet
  facet normal -0.19498 -0.980807 0
    outer loop
      vertex 50.2929 0.0272675 5.72205e-07
      vertex 50.3956 0.0068512 5.61
      vertex 50.2929 0.0272675 5.61
    endloop
  endfacet
  facet normal -0.19498 -0.980807 -0
    outer loop
      vertex 50.3956 0.0068512 5.61
      vertex 50.2929 0.0272675 5.72205e-07
      vertex 50.3956 0.0068512 5.72205e-07
    endloop
  endfacet
  facet normal 0.99776 -0.0668894 0
    outer loop
      vertex 104.893 0.695587 5.61
      vertex 104.9 0.800003 5.72205e-07
      vertex 104.9 0.800003 5.61
    endloop
  endfacet
  facet normal 0.99776 -0.0668894 0
    outer loop
      vertex 104.9 0.800003 5.72205e-07
      vertex 104.893 0.695587 5.61
      vertex 104.893 0.695587 5.72205e-07
    endloop
  endfacet
  facet normal 0.441709 -0.897158 0
    outer loop
      vertex 104.406 0.0608978 5.72205e-07
      vertex 104.5 0.107178 5.61
      vertex 104.406 0.0608978 5.61
    endloop
  endfacet
  facet normal 0.441709 -0.897158 0
    outer loop
      vertex 104.5 0.107178 5.61
      vertex 104.406 0.0608978 5.72205e-07
      vertex 104.5 0.107178 5.72205e-07
    endloop
  endfacet
  facet normal -0.997823 0.0659481 0
    outer loop
      vertex 49.7 10.4 5.72205e-07
      vertex 49.7069 10.5044 5.61
      vertex 49.7069 10.5044 5.72205e-07
    endloop
  endfacet
  facet normal -0.997823 0.0659481 0
    outer loop
      vertex 49.7069 10.5044 5.61
      vertex 49.7 10.4 5.72205e-07
      vertex 49.7 10.4 5.61
    endloop
  endfacet
  facet normal -0.946948 0.321388 0
    outer loop
      vertex 49.7273 10.6071 5.72205e-07
      vertex 49.7609 10.7061 5.61
      vertex 49.7609 10.7061 5.72205e-07
    endloop
  endfacet
  facet normal -0.946948 0.321388 0
    outer loop
      vertex 49.7609 10.7061 5.61
      vertex 49.7273 10.6071 5.72205e-07
      vertex 49.7273 10.6071 5.61
    endloop
  endfacet
  facet normal 0.83205 0.5547 0
    outer loop
      vertex 104.793 10.8 5.61
      vertex 104.735 10.887 5.72205e-07
      vertex 104.735 10.887 5.61
    endloop
  endfacet
  facet normal 0.83205 0.5547 0
    outer loop
      vertex 104.735 10.887 5.72205e-07
      vertex 104.793 10.8 5.61
      vertex 104.793 10.8 5.72205e-07
    endloop
  endfacet
  facet normal -0.659248 -0.751925 0
    outer loop
      vertex 49.9343 0.234314 5.72205e-07
      vertex 50.013 0.165314 5.61
      vertex 49.9343 0.234314 5.61
    endloop
  endfacet
  facet normal -0.659248 -0.751925 -0
    outer loop
      vertex 50.013 0.165314 5.61
      vertex 49.9343 0.234314 5.72205e-07
      vertex 50.013 0.165314 5.72205e-07
    endloop
  endfacet
  facet normal 0.194284 0.980945 -0
    outer loop
      vertex 104.307 11.1727 5.72205e-07
      vertex 104.204 11.1931 5.61
      vertex 104.307 11.1727 5.61
    endloop
  endfacet
  facet normal 0.194284 0.980945 0
    outer loop
      vertex 104.204 11.1931 5.61
      vertex 104.307 11.1727 5.72205e-07
      vertex 104.204 11.1931 5.72205e-07
    endloop
  endfacet
  facet normal -0.5556 -0.83145 0
    outer loop
      vertex 50.013 0.165314 5.72205e-07
      vertex 50.1 0.107178 5.61
      vertex 50.013 0.165314 5.61
    endloop
  endfacet
  facet normal -0.5556 -0.83145 -0
    outer loop
      vertex 50.1 0.107178 5.61
      vertex 50.013 0.165314 5.72205e-07
      vertex 50.1 0.107178 5.72205e-07
    endloop
  endfacet
  facet normal -0.980817 -0.194929 0
    outer loop
      vertex 49.7273 0.592941 5.72205e-07
      vertex 49.7069 0.695587 5.61
      vertex 49.7069 0.695587 5.72205e-07
    endloop
  endfacet
  facet normal -0.980817 -0.194929 0
    outer loop
      vertex 49.7069 0.695587 5.61
      vertex 49.7273 0.592941 5.72205e-07
      vertex 49.7273 0.592941 5.61
    endloop
  endfacet
  facet normal 0.898032 0.43993 0
    outer loop
      vertex 104.839 10.7061 5.61
      vertex 104.793 10.8 5.72205e-07
      vertex 104.793 10.8 5.61
    endloop
  endfacet
  facet normal 0.898032 0.43993 0
    outer loop
      vertex 104.793 10.8 5.72205e-07
      vertex 104.839 10.7061 5.61
      vertex 104.839 10.7061 5.72205e-07
    endloop
  endfacet
  facet normal 0.657829 0.753167 -0
    outer loop
      vertex 104.666 10.9657 5.72205e-07
      vertex 104.587 11.0347 5.61
      vertex 104.666 10.9657 5.61
    endloop
  endfacet
  facet normal 0.657829 0.753167 0
    outer loop
      vertex 104.587 11.0347 5.61
      vertex 104.666 10.9657 5.72205e-07
      vertex 104.587 11.0347 5.72205e-07
    endloop
  endfacet
  facet normal 0.0662006 0.997806 -0
    outer loop
      vertex 104.204 11.1931 5.72205e-07
      vertex 104.1 11.2 5.61
      vertex 104.204 11.1931 5.61
    endloop
  endfacet
  facet normal 0.0662006 0.997806 0
    outer loop
      vertex 104.1 11.2 5.61
      vertex 104.204 11.1931 5.72205e-07
      vertex 104.1 11.2 5.72205e-07
    endloop
  endfacet
  facet normal -0.442088 -0.896972 0
    outer loop
      vertex 50.1 0.107178 5.72205e-07
      vertex 50.1939 0.0608978 5.61
      vertex 50.1 0.107178 5.61
    endloop
  endfacet
  facet normal -0.442088 -0.896972 -0
    outer loop
      vertex 50.1939 0.0608978 5.61
      vertex 50.1 0.107178 5.72205e-07
      vertex 50.1939 0.0608978 5.72205e-07
    endloop
  endfacet
  facet normal 0.555362 0.831609 -0
    outer loop
      vertex 104.587 11.0347 5.72205e-07
      vertex 104.5 11.0928 5.61
      vertex 104.587 11.0347 5.61
    endloop
  endfacet
  facet normal 0.555362 0.831609 0
    outer loop
      vertex 104.5 11.0928 5.61
      vertex 104.587 11.0347 5.72205e-07
      vertex 104.5 11.0928 5.72205e-07
    endloop
  endfacet
  facet normal -0 0 1
    outer loop
      vertex 50.5 11.2 5.61
      vertex 50.5695 11.1914 5.61
      vertex 50.7 11.2 5.61
    endloop
  endfacet
  facet normal 0 0 1
    outer loop
      vertex 50.5 11.2 5.61
      vertex 50.4412 11.1659 5.61
      vertex 50.5695 11.1914 5.61
    endloop
  endfacet
  facet normal -0 0 1
    outer loop
      vertex 50.3956 11.1931 5.61
      vertex 50.4412 11.1659 5.61
      vertex 50.5 11.2 5.61
    endloop
  endfacet
  facet normal 0 0 1
    outer loop
      vertex 50.3956 11.1931 5.61
      vertex 50.3173 11.1239 5.61
      vertex 50.4412 11.1659 5.61
    endloop
  endfacet
  facet normal -0 0 1
    outer loop
      vertex 50.2929 11.1727 5.61
      vertex 50.3173 11.1239 5.61
      vertex 50.3956 11.1931 5.61
    endloop
  endfacet
  facet normal -0 0 1
    outer loop
      vertex 50.1939 11.1391 5.61
      vertex 50.3173 11.1239 5.61
      vertex 50.2929 11.1727 5.61
    endloop
  endfacet
  facet normal 0 0 1
    outer loop
      vertex 50.3173 11.1239 5.61
      vertex 50.1939 11.1391 5.61
      vertex 50.2 11.066 5.61
    endloop
  endfacet
  facet normal -0 0 1
    outer loop
      vertex 50.1 11.0928 5.61
      vertex 50.2 11.066 5.61
      vertex 50.1939 11.1391 5.61
    endloop
  endfacet
  facet normal 0 0 1
    outer loop
      vertex 50.1 11.0928 5.61
      vertex 50.0912 10.9933 5.61
      vertex 50.2 11.066 5.61
    endloop
  endfacet
  facet normal -0 0 1
    outer loop
      vertex 50.013 11.0347 5.61
      vertex 50.0912 10.9933 5.61
      vertex 50.1 11.0928 5.61
    endloop
  endfacet
  facet normal 0 0 1
    outer loop
      vertex 50.013 11.0347 5.61
      vertex 49.9929 10.9071 5.61
      vertex 50.0912 10.9933 5.61
    endloop
  endfacet
  facet normal -0 0 1
    outer loop
      vertex 49.9343 10.9657 5.61
      vertex 49.9929 10.9071 5.61
      vertex 50.013 11.0347 5.61
    endloop
  endfacet
  facet normal 0 0 1
    outer loop
      vertex 49.8653 10.887 5.61
      vertex 49.9929 10.9071 5.61
      vertex 49.9343 10.9657 5.61
    endloop
  endfacet
  facet normal 0 0 1
    outer loop
      vertex 49.9929 10.9071 5.61
      vertex 49.8653 10.887 5.61
      vertex 49.9067 10.8088 5.61
    endloop
  endfacet
  facet normal 0 0 1
    outer loop
      vertex 49.8072 10.8 5.61
      vertex 49.9067 10.8088 5.61
      vertex 49.8653 10.887 5.61
    endloop
  endfacet
  facet normal 0 0 1
    outer loop
      vertex 49.9067 10.8088 5.61
      vertex 49.8072 10.8 5.61
      vertex 49.834 10.7 5.61
    endloop
  endfacet
  facet normal -0 0 1
    outer loop
      vertex 49.7609 10.7061 5.61
      vertex 49.834 10.7 5.61
      vertex 49.8072 10.8 5.61
    endloop
  endfacet
  facet normal 0 0 1
    outer loop
      vertex 49.834 10.7 5.61
      vertex 49.7609 10.7061 5.61
      vertex 49.7761 10.5827 5.61
    endloop
  endfacet
  facet normal -0 0 1
    outer loop
      vertex 49.7273 10.6071 5.61
      vertex 49.7761 10.5827 5.61
      vertex 49.7609 10.7061 5.61
    endloop
  endfacet
  facet normal 0 0 1
    outer loop
      vertex 49.7069 10.5044 5.61
      vertex 49.7761 10.5827 5.61
      vertex 49.7273 10.6071 5.61
    endloop
  endfacet
  facet normal 0 0 1
    outer loop
      vertex 49.7761 10.5827 5.61
      vertex 49.7069 10.5044 5.61
      vertex 49.7341 10.4588 5.61
    endloop
  endfacet
  facet normal 0 0 1
    outer loop
      vertex 49.7 10.4 5.61
      vertex 49.7341 10.4588 5.61
      vertex 49.7069 10.5044 5.61
    endloop
  endfacet
  facet normal 0 0 1
    outer loop
      vertex 49.7341 10.4588 5.61
      vertex 49.7 10.4 5.61
      vertex 49.7086 10.3305 5.61
    endloop
  endfacet
  facet normal 0 0 1
    outer loop
      vertex 49.7086 10.3305 5.61
      vertex 49.7 10.4 5.61
      vertex 49.7 10.2 5.61
    endloop
  endfacet
  facet normal -0 0 1
    outer loop
      vertex 104.866 10.4588 5.61
      vertex 104.9 10.4 5.61
      vertex 104.893 10.5044 5.61
    endloop
  endfacet
  facet normal 0 0 1
    outer loop
      vertex 104.9 10.4 5.61
      vertex 104.891 10.3305 5.61
      vertex 104.9 10.2 5.61
    endloop
  endfacet
  facet normal -0 0 1
    outer loop
      vertex 104.824 10.5827 5.61
      vertex 104.893 10.5044 5.61
      vertex 104.873 10.6071 5.61
    endloop
  endfacet
  facet normal 0 0 1
    outer loop
      vertex 104.9 10.4 5.61
      vertex 104.866 10.4588 5.61
      vertex 104.891 10.3305 5.61
    endloop
  endfacet
  facet normal 0 0 1
    outer loop
      vertex 104.824 10.5827 5.61
      vertex 104.873 10.6071 5.61
      vertex 104.839 10.7061 5.61
    endloop
  endfacet
  facet normal 0 0 1
    outer loop
      vertex 104.893 10.5044 5.61
      vertex 104.824 10.5827 5.61
      vertex 104.866 10.4588 5.61
    endloop
  endfacet
  facet normal 0 0 1
    outer loop
      vertex 104.766 10.7 5.61
      vertex 104.839 10.7061 5.61
      vertex 104.793 10.8 5.61
    endloop
  endfacet
  facet normal 0 0 1
    outer loop
      vertex 104.839 10.7061 5.61
      vertex 104.766 10.7 5.61
      vertex 104.824 10.5827 5.61
    endloop
  endfacet
  facet normal -0 0 1
    outer loop
      vertex 104.693 10.8088 5.61
      vertex 104.793 10.8 5.61
      vertex 104.735 10.887 5.61
    endloop
  endfacet
  facet normal 0 0 1
    outer loop
      vertex 104.793 10.8 5.61
      vertex 104.693 10.8088 5.61
      vertex 104.766 10.7 5.61
    endloop
  endfacet
  facet normal -0 0 1
    outer loop
      vertex 104.607 10.9071 5.61
      vertex 104.735 10.887 5.61
      vertex 104.666 10.9657 5.61
    endloop
  endfacet
  facet normal 0 0 1
    outer loop
      vertex 104.735 10.887 5.61
      vertex 104.607 10.9071 5.61
      vertex 104.693 10.8088 5.61
    endloop
  endfacet
  facet normal 0 0 1
    outer loop
      vertex 104.587 11.0347 5.61
      vertex 104.607 10.9071 5.61
      vertex 104.666 10.9657 5.61
    endloop
  endfacet
  facet normal 0 0 1
    outer loop
      vertex 104.587 11.0347 5.61
      vertex 104.509 10.9933 5.61
      vertex 104.607 10.9071 5.61
    endloop
  endfacet
  facet normal 0 0 1
    outer loop
      vertex 104.5 11.0928 5.61
      vertex 104.509 10.9933 5.61
      vertex 104.587 11.0347 5.61
    endloop
  endfacet
  facet normal 0 0 1
    outer loop
      vertex 104.4 11.066 5.61
      vertex 104.5 11.0928 5.61
      vertex 104.406 11.1391 5.61
    endloop
  endfacet
  facet normal 0 0 1
    outer loop
      vertex 104.5 11.0928 5.61
      vertex 104.4 11.066 5.61
      vertex 104.509 10.9933 5.61
    endloop
  endfacet
  facet normal 0 0 1
    outer loop
      vertex 104.283 11.1239 5.61
      vertex 104.406 11.1391 5.61
      vertex 104.307 11.1727 5.61
    endloop
  endfacet
  facet normal 0 0 1
    outer loop
      vertex 104.406 11.1391 5.61
      vertex 104.283 11.1239 5.61
      vertex 104.4 11.066 5.61
    endloop
  endfacet
  facet normal 0 0 1
    outer loop
      vertex 104.204 11.1931 5.61
      vertex 104.283 11.1239 5.61
      vertex 104.307 11.1727 5.61
    endloop
  endfacet
  facet normal 0 0 1
    outer loop
      vertex 104.204 11.1931 5.61
      vertex 104.159 11.1659 5.61
      vertex 104.283 11.1239 5.61
    endloop
  endfacet
  facet normal 0 0 1
    outer loop
      vertex 104.1 11.2 5.61
      vertex 104.159 11.1659 5.61
      vertex 104.204 11.1931 5.61
    endloop
  endfacet
  facet normal 0 0 1
    outer loop
      vertex 104.1 11.2 5.61
      vertex 104.031 11.1914 5.61
      vertex 104.159 11.1659 5.61
    endloop
  endfacet
  facet normal 0 -0 1
    outer loop
      vertex 104.031 11.1914 5.61
      vertex 104.1 11.2 5.61
      vertex 103.9 11.2 5.61
    endloop
  endfacet
  facet normal 0 0 1
    outer loop
      vertex 50.5695 0.00856018 5.61
      vertex 50.5 0 5.61
      vertex 50.7 0 5.61
    endloop
  endfacet
  facet normal 0 0 1
    outer loop
      vertex 50.4412 0.0340729 5.61
      vertex 50.5 0 5.61
      vertex 50.5695 0.00856018 5.61
    endloop
  endfacet
  facet normal 0 0 1
    outer loop
      vertex 50.4412 0.0340729 5.61
      vertex 50.3956 0.0068512 5.61
      vertex 50.5 0 5.61
    endloop
  endfacet
  facet normal 0 0 1
    outer loop
      vertex 50.3173 0.0761261 5.61
      vertex 50.3956 0.0068512 5.61
      vertex 50.4412 0.0340729 5.61
    endloop
  endfacet
  facet normal 0 0 1
    outer loop
      vertex 50.3173 0.0761261 5.61
      vertex 50.2929 0.0272675 5.61
      vertex 50.3956 0.0068512 5.61
    endloop
  endfacet
  facet normal 0 0 1
    outer loop
      vertex 50.1939 0.0608978 5.61
      vertex 50.3173 0.0761261 5.61
      vertex 50.2 0.133972 5.61
    endloop
  endfacet
  facet normal 0 0 1
    outer loop
      vertex 50.3173 0.0761261 5.61
      vertex 50.1939 0.0608978 5.61
      vertex 50.2929 0.0272675 5.61
    endloop
  endfacet
  facet normal 0 0 1
    outer loop
      vertex 50.2 0.133972 5.61
      vertex 50.1 0.107178 5.61
      vertex 50.1939 0.0608978 5.61
    endloop
  endfacet
  facet normal 0 0 1
    outer loop
      vertex 50.0912 0.20665 5.61
      vertex 50.1 0.107178 5.61
      vertex 50.2 0.133972 5.61
    endloop
  endfacet
  facet normal 0 0 1
    outer loop
      vertex 50.0912 0.20665 5.61
      vertex 50.013 0.165314 5.61
      vertex 50.1 0.107178 5.61
    endloop
  endfacet
  facet normal 0 0 1
    outer loop
      vertex 49.9929 0.292892 5.61
      vertex 50.013 0.165314 5.61
      vertex 50.0912 0.20665 5.61
    endloop
  endfacet
  facet normal 0 0 1
    outer loop
      vertex 49.9929 0.292892 5.61
      vertex 49.9343 0.234314 5.61
      vertex 50.013 0.165314 5.61
    endloop
  endfacet
  facet normal -0 0 1
    outer loop
      vertex 49.8653 0.312988 5.61
      vertex 49.9929 0.292892 5.61
      vertex 49.9067 0.391235 5.61
    endloop
  endfacet
  facet normal 0 0 1
    outer loop
      vertex 49.9929 0.292892 5.61
      vertex 49.8653 0.312988 5.61
      vertex 49.9343 0.234314 5.61
    endloop
  endfacet
  facet normal -0 0 1
    outer loop
      vertex 49.8072 0.400009 5.61
      vertex 49.9067 0.391235 5.61
      vertex 49.834 0.5 5.61
    endloop
  endfacet
  facet normal 0 0 1
    outer loop
      vertex 49.9067 0.391235 5.61
      vertex 49.8072 0.400009 5.61
      vertex 49.8653 0.312988 5.61
    endloop
  endfacet
  facet normal 0 0 1
    outer loop
      vertex 49.7609 0.493851 5.61
      vertex 49.834 0.5 5.61
      vertex 49.7761 0.61731 5.61
    endloop
  endfacet
  facet normal 0 0 1
    outer loop
      vertex 49.834 0.5 5.61
      vertex 49.7609 0.493851 5.61
      vertex 49.8072 0.400009 5.61
    endloop
  endfacet
  facet normal -0 0 1
    outer loop
      vertex 49.7069 0.695587 5.61
      vertex 49.7761 0.61731 5.61
      vertex 49.7341 0.74118 5.61
    endloop
  endfacet
  facet normal 0 0 1
    outer loop
      vertex 49.7761 0.61731 5.61
      vertex 49.7273 0.592941 5.61
      vertex 49.7609 0.493851 5.61
    endloop
  endfacet
  facet normal -0 0 1
    outer loop
      vertex 49.7 0.800003 5.61
      vertex 49.7341 0.74118 5.61
      vertex 49.7086 0.869476 5.61
    endloop
  endfacet
  facet normal 0 0 1
    outer loop
      vertex 49.7761 0.61731 5.61
      vertex 49.7069 0.695587 5.61
      vertex 49.7273 0.592941 5.61
    endloop
  endfacet
  facet normal 0 0 1
    outer loop
      vertex 49.7 0.800003 5.61
      vertex 49.7086 0.869476 5.61
      vertex 49.7 1 5.61
    endloop
  endfacet
  facet normal 0 0 1
    outer loop
      vertex 49.7341 0.74118 5.61
      vertex 49.7 0.800003 5.61
      vertex 49.7069 0.695587 5.61
    endloop
  endfacet
  facet normal -0 0 1
    outer loop
      vertex 104.891 0.869476 5.61
      vertex 104.9 0.800003 5.61
      vertex 104.9 1 5.61
    endloop
  endfacet
  facet normal 0 0 1
    outer loop
      vertex 104.866 0.74118 5.61
      vertex 104.9 0.800003 5.61
      vertex 104.891 0.869476 5.61
    endloop
  endfacet
  facet normal 0 0 1
    outer loop
      vertex 104.9 0.800003 5.61
      vertex 104.866 0.74118 5.61
      vertex 104.893 0.695587 5.61
    endloop
  endfacet
  facet normal 0 0 1
    outer loop
      vertex 104.824 0.61731 5.61
      vertex 104.893 0.695587 5.61
      vertex 104.866 0.74118 5.61
    endloop
  endfacet
  facet normal 0 0 1
    outer loop
      vertex 104.893 0.695587 5.61
      vertex 104.824 0.61731 5.61
      vertex 104.873 0.592941 5.61
    endloop
  endfacet
  facet normal 0 0 1
    outer loop
      vertex 104.873 0.592941 5.61
      vertex 104.824 0.61731 5.61
      vertex 104.839 0.493851 5.61
    endloop
  endfacet
  facet normal -0 0 1
    outer loop
      vertex 104.766 0.5 5.61
      vertex 104.839 0.493851 5.61
      vertex 104.824 0.61731 5.61
    endloop
  endfacet
  facet normal 0 0 1
    outer loop
      vertex 104.839 0.493851 5.61
      vertex 104.766 0.5 5.61
      vertex 104.793 0.400009 5.61
    endloop
  endfacet
  facet normal 0 0 1
    outer loop
      vertex 104.693 0.391235 5.61
      vertex 104.793 0.400009 5.61
      vertex 104.766 0.5 5.61
    endloop
  endfacet
  facet normal 0 0 1
    outer loop
      vertex 104.793 0.400009 5.61
      vertex 104.693 0.391235 5.61
      vertex 104.735 0.312988 5.61
    endloop
  endfacet
  facet normal 0 0 1
    outer loop
      vertex 104.607 0.292892 5.61
      vertex 104.735 0.312988 5.61
      vertex 104.693 0.391235 5.61
    endloop
  endfacet
  facet normal 0 0 1
    outer loop
      vertex 104.735 0.312988 5.61
      vertex 104.607 0.292892 5.61
      vertex 104.666 0.234314 5.61
    endloop
  endfacet
  facet normal 0 0 1
    outer loop
      vertex 104.607 0.292892 5.61
      vertex 104.587 0.165314 5.61
      vertex 104.666 0.234314 5.61
    endloop
  endfacet
  facet normal -0 0 1
    outer loop
      vertex 104.509 0.20665 5.61
      vertex 104.587 0.165314 5.61
      vertex 104.607 0.292892 5.61
    endloop
  endfacet
  facet normal 0 0 1
    outer loop
      vertex 104.509 0.20665 5.61
      vertex 104.5 0.107178 5.61
      vertex 104.587 0.165314 5.61
    endloop
  endfacet
  facet normal -0 0 1
    outer loop
      vertex 104.4 0.133972 5.61
      vertex 104.5 0.107178 5.61
      vertex 104.509 0.20665 5.61
    endloop
  endfacet
  facet normal 0 0 1
    outer loop
      vertex 104.5 0.107178 5.61
      vertex 104.4 0.133972 5.61
      vertex 104.406 0.0608978 5.61
    endloop
  endfacet
  facet normal -0 0 1
    outer loop
      vertex 104.283 0.0761261 5.61
      vertex 104.406 0.0608978 5.61
      vertex 104.4 0.133972 5.61
    endloop
  endfacet
  facet normal 0 0 1
    outer loop
      vertex 104.406 0.0608978 5.61
      vertex 104.283 0.0761261 5.61
      vertex 104.307 0.0272675 5.61
    endloop
  endfacet
  facet normal 0 0 1
    outer loop
      vertex 104.283 0.0761261 5.61
      vertex 104.204 0.0068512 5.61
      vertex 104.307 0.0272675 5.61
    endloop
  endfacet
  facet normal -0 0 1
    outer loop
      vertex 104.159 0.0340729 5.61
      vertex 104.204 0.0068512 5.61
      vertex 104.283 0.0761261 5.61
    endloop
  endfacet
  facet normal 0 0 1
    outer loop
      vertex 104.159 0.0340729 5.61
      vertex 104.1 0 5.61
      vertex 104.204 0.0068512 5.61
    endloop
  endfacet
  facet normal -0 0 1
    outer loop
      vertex 104.031 0.00856018 5.61
      vertex 104.1 0 5.61
      vertex 104.159 0.0340729 5.61
    endloop
  endfacet
  facet normal 0 0 1
    outer loop
      vertex 104.1 0 5.61
      vertex 104.031 0.00856018 5.61
      vertex 103.9 0 5.61
    endloop
  endfacet
  facet normal -0.751925 0.659248 0
    outer loop
      vertex 49.8653 10.887 5.72205e-07
      vertex 49.9343 10.9657 5.61
      vertex 49.9343 10.9657 5.72205e-07
    endloop
  endfacet
  facet normal -0.751925 0.659248 0
    outer loop
      vertex 49.9343 10.9657 5.61
      vertex 49.8653 10.887 5.72205e-07
      vertex 49.8653 10.887 5.61
    endloop
  endfacet
  facet normal -0.980837 0.19483 0
    outer loop
      vertex 49.7069 10.5044 5.72205e-07
      vertex 49.7273 10.6071 5.61
      vertex 49.7273 10.6071 5.72205e-07
    endloop
  endfacet
  facet normal -0.980837 0.19483 0
    outer loop
      vertex 49.7273 10.6071 5.61
      vertex 49.7069 10.5044 5.72205e-07
      vertex 49.7069 10.5044 5.61
    endloop
  endfacet
  facet normal -0.896788 -0.44246 0
    outer loop
      vertex 49.8072 0.400009 5.72205e-07
      vertex 49.7609 0.493851 5.61
      vertex 49.7609 0.493851 5.72205e-07
    endloop
  endfacet
  facet normal -0.896788 -0.44246 0
    outer loop
      vertex 49.7609 0.493851 5.61
      vertex 49.8072 0.400009 5.72205e-07
      vertex 49.8072 0.400009 5.61
    endloop
  endfacet
  facet normal 0.99776 0.0668996 0
    outer loop
      vertex 104.9 10.4 5.61
      vertex 104.893 10.5044 5.72205e-07
      vertex 104.893 10.5044 5.61
    endloop
  endfacet
  facet normal 0.99776 0.0668996 0
    outer loop
      vertex 104.893 10.5044 5.72205e-07
      vertex 104.9 10.4 5.61
      vertex 104.9 10.4 5.72205e-07
    endloop
  endfacet
  facet normal -0.997824 -0.065938 0
    outer loop
      vertex 49.7069 0.695587 5.72205e-07
      vertex 49.7 0.800003 5.61
      vertex 49.7 0.800003 5.72205e-07
    endloop
  endfacet
  facet normal -0.997824 -0.065938 0
    outer loop
      vertex 49.7 0.800003 5.61
      vertex 49.7069 0.695587 5.72205e-07
      vertex 49.7069 0.695587 5.61
    endloop
  endfacet
  facet normal 0.945778 0.324813 0
    outer loop
      vertex 104.873 10.6071 5.61
      vertex 104.839 10.7061 5.72205e-07
      vertex 104.839 10.7061 5.61
    endloop
  endfacet
  facet normal 0.945778 0.324813 0
    outer loop
      vertex 104.839 10.7061 5.72205e-07
      vertex 104.873 10.6071 5.61
      vertex 104.873 10.6071 5.72205e-07
    endloop
  endfacet
  facet normal 0.5556 -0.83145 0
    outer loop
      vertex 104.5 0.107178 5.72205e-07
      vertex 104.587 0.165314 5.61
      vertex 104.5 0.107178 5.61
    endloop
  endfacet
  facet normal 0.5556 -0.83145 0
    outer loop
      vertex 104.587 0.165314 5.61
      vertex 104.5 0.107178 5.72205e-07
      vertex 104.587 0.165314 5.72205e-07
    endloop
  endfacet
  facet normal -0.659248 0.751925 0
    outer loop
      vertex 50.013 11.0347 5.72205e-07
      vertex 49.9343 10.9657 5.61
      vertex 50.013 11.0347 5.61
    endloop
  endfacet
  facet normal -0.659248 0.751925 0
    outer loop
      vertex 49.9343 10.9657 5.61
      vertex 50.013 11.0347 5.72205e-07
      vertex 49.9343 10.9657 5.72205e-07
    endloop
  endfacet
  facet normal -0.555362 0.831609 0
    outer loop
      vertex 50.1 11.0928 5.72205e-07
      vertex 50.013 11.0347 5.61
      vertex 50.1 11.0928 5.61
    endloop
  endfacet
  facet normal -0.555362 0.831609 0
    outer loop
      vertex 50.013 11.0347 5.61
      vertex 50.1 11.0928 5.72205e-07
      vertex 50.013 11.0347 5.72205e-07
    endloop
  endfacet
  facet normal 0.945869 -0.324549 0
    outer loop
      vertex 104.839 0.493851 5.61
      vertex 104.873 0.592941 5.72205e-07
      vertex 104.873 0.592941 5.61
    endloop
  endfacet
  facet normal 0.945869 -0.324549 0
    outer loop
      vertex 104.873 0.592941 5.72205e-07
      vertex 104.839 0.493851 5.61
      vertex 104.839 0.493851 5.72205e-07
    endloop
  endfacet
  facet normal 0.981561 0.191151 0
    outer loop
      vertex 104.893 10.5044 5.61
      vertex 104.873 10.6071 5.72205e-07
      vertex 104.873 10.6071 5.61
    endloop
  endfacet
  facet normal 0.981561 0.191151 0
    outer loop
      vertex 104.873 10.6071 5.72205e-07
      vertex 104.893 10.5044 5.61
      vertex 104.893 10.5044 5.72205e-07
    endloop
  endfacet
  facet normal 0 0 -1
    outer loop
      vertex 104.1 0 5.72205e-07
      vertex 104.9 0.800003 5.72205e-07
      vertex 104.893 0.695587 5.72205e-07
    endloop
  endfacet
  facet normal 0 0 -1
    outer loop
      vertex 104.1 0 5.72205e-07
      vertex 104.893 0.695587 5.72205e-07
      vertex 104.873 0.592941 5.72205e-07
    endloop
  endfacet
  facet normal 0 0 -1
    outer loop
      vertex 104.1 0 5.72205e-07
      vertex 104.873 0.592941 5.72205e-07
      vertex 104.839 0.493851 5.72205e-07
    endloop
  endfacet
  facet normal 0 0 -1
    outer loop
      vertex 104.1 0 5.72205e-07
      vertex 104.839 0.493851 5.72205e-07
      vertex 104.793 0.400009 5.72205e-07
    endloop
  endfacet
  facet normal 0 0 -1
    outer loop
      vertex 104.1 0 5.72205e-07
      vertex 104.793 0.400009 5.72205e-07
      vertex 104.735 0.312988 5.72205e-07
    endloop
  endfacet
  facet normal 0 0 -1
    outer loop
      vertex 104.1 0 5.72205e-07
      vertex 104.735 0.312988 5.72205e-07
      vertex 104.666 0.234314 5.72205e-07
    endloop
  endfacet
  facet normal 0 0 -1
    outer loop
      vertex 104.1 0 5.72205e-07
      vertex 104.666 0.234314 5.72205e-07
      vertex 104.587 0.165314 5.72205e-07
    endloop
  endfacet
  facet normal 0 0 -1
    outer loop
      vertex 104.1 0 5.72205e-07
      vertex 104.587 0.165314 5.72205e-07
      vertex 104.5 0.107178 5.72205e-07
    endloop
  endfacet
  facet normal 0 0 -1
    outer loop
      vertex 104.1 0 5.72205e-07
      vertex 104.5 0.107178 5.72205e-07
      vertex 104.406 0.0608978 5.72205e-07
    endloop
  endfacet
  facet normal 0 0 -1
    outer loop
      vertex 104.1 0 5.72205e-07
      vertex 104.406 0.0608978 5.72205e-07
      vertex 104.307 0.0272675 5.72205e-07
    endloop
  endfacet
  facet normal 0 0 -1
    outer loop
      vertex 104.1 0 5.72205e-07
      vertex 104.307 0.0272675 5.72205e-07
      vertex 104.204 0.0068512 5.72205e-07
    endloop
  endfacet
  facet normal -0 0 -1
    outer loop
      vertex 104.9 0.800003 5.72205e-07
      vertex 104.1 0 5.72205e-07
      vertex 104.9 2.80001 5.72205e-07
    endloop
  endfacet
  facet normal 0 0 -1
    outer loop
      vertex 50.5 0 5.72205e-07
      vertex 104.9 2.80001 5.72205e-07
      vertex 104.1 0 5.72205e-07
    endloop
  endfacet
  facet normal 0 0 -1
    outer loop
      vertex 49.7 0.800003 5.72205e-07
      vertex 50.5 0 5.72205e-07
      vertex 50.3956 0.0068512 5.72205e-07
    endloop
  endfacet
  facet normal 0 0 -1
    outer loop
      vertex 49.7 0.800003 5.72205e-07
      vertex 50.3956 0.0068512 5.72205e-07
      vertex 50.2929 0.0272675 5.72205e-07
    endloop
  endfacet
  facet normal 0 0 -1
    outer loop
      vertex 49.7 0.800003 5.72205e-07
      vertex 50.2929 0.0272675 5.72205e-07
      vertex 50.1939 0.0608978 5.72205e-07
    endloop
  endfacet
  facet normal 0 0 -1
    outer loop
      vertex 49.7 0.800003 5.72205e-07
      vertex 50.1939 0.0608978 5.72205e-07
      vertex 50.1 0.107178 5.72205e-07
    endloop
  endfacet
  facet normal 0 0 -1
    outer loop
      vertex 49.7 0.800003 5.72205e-07
      vertex 50.1 0.107178 5.72205e-07
      vertex 50.013 0.165314 5.72205e-07
    endloop
  endfacet
  facet normal 0 0 -1
    outer loop
      vertex 49.7 0.800003 5.72205e-07
      vertex 50.013 0.165314 5.72205e-07
      vertex 49.9343 0.234314 5.72205e-07
    endloop
  endfacet
  facet normal 0 0 -1
    outer loop
      vertex 49.7 0.800003 5.72205e-07
      vertex 49.9343 0.234314 5.72205e-07
      vertex 49.8653 0.312988 5.72205e-07
    endloop
  endfacet
  facet normal 0 0 -1
    outer loop
      vertex 49.7 0.800003 5.72205e-07
      vertex 49.8653 0.312988 5.72205e-07
      vertex 49.8072 0.400009 5.72205e-07
    endloop
  endfacet
  facet normal 0 0 -1
    outer loop
      vertex 49.7 0.800003 5.72205e-07
      vertex 49.8072 0.400009 5.72205e-07
      vertex 49.7609 0.493851 5.72205e-07
    endloop
  endfacet
  facet normal 0 0 -1
    outer loop
      vertex 49.7 0.800003 5.72205e-07
      vertex 49.7609 0.493851 5.72205e-07
      vertex 49.7273 0.592941 5.72205e-07
    endloop
  endfacet
  facet normal 0 0 -1
    outer loop
      vertex 49.7 0.800003 5.72205e-07
      vertex 49.7273 0.592941 5.72205e-07
      vertex 49.7069 0.695587 5.72205e-07
    endloop
  endfacet
  facet normal 0 0 -1
    outer loop
      vertex 50.5 0 5.72205e-07
      vertex 49.7 0.800003 5.72205e-07
      vertex 49.7 2.80001 5.72205e-07
    endloop
  endfacet
  facet normal 0 0 -1
    outer loop
      vertex 50.5 0 5.72205e-07
      vertex 49.7 2.80001 5.72205e-07
      vertex 104.9 2.80001 5.72205e-07
    endloop
  endfacet
  facet normal 0 0 -1
    outer loop
      vertex 104.1 11.2 5.72205e-07
      vertex 104.9 10.4 5.72205e-07
      vertex 104.9 8.39999 5.72205e-07
    endloop
  endfacet
  facet normal 0 0 -1
    outer loop
      vertex 104.9 10.4 5.72205e-07
      vertex 104.1 11.2 5.72205e-07
      vertex 104.893 10.5044 5.72205e-07
    endloop
  endfacet
  facet normal 0 0 -1
    outer loop
      vertex 104.893 10.5044 5.72205e-07
      vertex 104.1 11.2 5.72205e-07
      vertex 104.873 10.6071 5.72205e-07
    endloop
  endfacet
  facet normal 0 0 -1
    outer loop
      vertex 104.873 10.6071 5.72205e-07
      vertex 104.1 11.2 5.72205e-07
      vertex 104.839 10.7061 5.72205e-07
    endloop
  endfacet
  facet normal 0 0 -1
    outer loop
      vertex 104.839 10.7061 5.72205e-07
      vertex 104.1 11.2 5.72205e-07
      vertex 104.793 10.8 5.72205e-07
    endloop
  endfacet
  facet normal 0 0 -1
    outer loop
      vertex 104.793 10.8 5.72205e-07
      vertex 104.1 11.2 5.72205e-07
      vertex 104.735 10.887 5.72205e-07
    endloop
  endfacet
  facet normal 0 0 -1
    outer loop
      vertex 104.735 10.887 5.72205e-07
      vertex 104.1 11.2 5.72205e-07
      vertex 104.666 10.9657 5.72205e-07
    endloop
  endfacet
  facet normal 0 0 -1
    outer loop
      vertex 104.666 10.9657 5.72205e-07
      vertex 104.1 11.2 5.72205e-07
      vertex 104.587 11.0347 5.72205e-07
    endloop
  endfacet
  facet normal 0 0 -1
    outer loop
      vertex 104.587 11.0347 5.72205e-07
      vertex 104.1 11.2 5.72205e-07
      vertex 104.5 11.0928 5.72205e-07
    endloop
  endfacet
  facet normal 0 0 -1
    outer loop
      vertex 104.5 11.0928 5.72205e-07
      vertex 104.1 11.2 5.72205e-07
      vertex 104.406 11.1391 5.72205e-07
    endloop
  endfacet
  facet normal 0 0 -1
    outer loop
      vertex 104.406 11.1391 5.72205e-07
      vertex 104.1 11.2 5.72205e-07
      vertex 104.307 11.1727 5.72205e-07
    endloop
  endfacet
  facet normal 0 0 -1
    outer loop
      vertex 104.307 11.1727 5.72205e-07
      vertex 104.1 11.2 5.72205e-07
      vertex 104.204 11.1931 5.72205e-07
    endloop
  endfacet
  facet normal 0 0 -1
    outer loop
      vertex 104.9 8.39999 5.72205e-07
      vertex 50.5 11.2 5.72205e-07
      vertex 104.1 11.2 5.72205e-07
    endloop
  endfacet
  facet normal 0 0 -1
    outer loop
      vertex 49.7 8.39999 5.72205e-07
      vertex 50.5 11.2 5.72205e-07
      vertex 104.9 8.39999 5.72205e-07
    endloop
  endfacet
  facet normal 0 0 -1
    outer loop
      vertex 49.7 10.4 5.72205e-07
      vertex 50.5 11.2 5.72205e-07
      vertex 49.7 8.39999 5.72205e-07
    endloop
  endfacet
  facet normal 0 0 -1
    outer loop
      vertex 50.5 11.2 5.72205e-07
      vertex 49.7 10.4 5.72205e-07
      vertex 50.3956 11.1931 5.72205e-07
    endloop
  endfacet
  facet normal 0 0 -1
    outer loop
      vertex 50.3956 11.1931 5.72205e-07
      vertex 49.7 10.4 5.72205e-07
      vertex 50.2929 11.1727 5.72205e-07
    endloop
  endfacet
  facet normal 0 0 -1
    outer loop
      vertex 50.2929 11.1727 5.72205e-07
      vertex 49.7 10.4 5.72205e-07
      vertex 50.1939 11.1391 5.72205e-07
    endloop
  endfacet
  facet normal 0 0 -1
    outer loop
      vertex 50.1939 11.1391 5.72205e-07
      vertex 49.7 10.4 5.72205e-07
      vertex 50.1 11.0928 5.72205e-07
    endloop
  endfacet
  facet normal 0 0 -1
    outer loop
      vertex 50.1 11.0928 5.72205e-07
      vertex 49.7 10.4 5.72205e-07
      vertex 50.013 11.0347 5.72205e-07
    endloop
  endfacet
  facet normal 0 0 -1
    outer loop
      vertex 50.013 11.0347 5.72205e-07
      vertex 49.7 10.4 5.72205e-07
      vertex 49.9343 10.9657 5.72205e-07
    endloop
  endfacet
  facet normal 0 0 -1
    outer loop
      vertex 49.9343 10.9657 5.72205e-07
      vertex 49.7 10.4 5.72205e-07
      vertex 49.8653 10.887 5.72205e-07
    endloop
  endfacet
  facet normal 0 0 -1
    outer loop
      vertex 49.8653 10.887 5.72205e-07
      vertex 49.7 10.4 5.72205e-07
      vertex 49.8072 10.8 5.72205e-07
    endloop
  endfacet
  facet normal 0 0 -1
    outer loop
      vertex 49.8072 10.8 5.72205e-07
      vertex 49.7 10.4 5.72205e-07
      vertex 49.7609 10.7061 5.72205e-07
    endloop
  endfacet
  facet normal 0 0 -1
    outer loop
      vertex 49.7609 10.7061 5.72205e-07
      vertex 49.7 10.4 5.72205e-07
      vertex 49.7273 10.6071 5.72205e-07
    endloop
  endfacet
  facet normal 0 0 -1
    outer loop
      vertex 49.7273 10.6071 5.72205e-07
      vertex 49.7 10.4 5.72205e-07
      vertex 49.7069 10.5044 5.72205e-07
    endloop
  endfacet
  facet normal -1 0 0
    outer loop
      vertex 103.3 9.6 7.2
      vertex 103.3 8.6 19.2
      vertex 103.3 9.6 35.21
    endloop
  endfacet
  facet normal -1 0 0
    outer loop
      vertex 103.3 9.6 7.2
      vertex 103.3 2.6 19.2
      vertex 103.3 8.6 19.2
    endloop
  endfacet
  facet normal -1 -0 0
    outer loop
      vertex 103.3 2.6 19.2
      vertex 103.3 1.6 7.2
      vertex 103.3 2.6 23.2
    endloop
  endfacet
  facet normal -1 0 0
    outer loop
      vertex 103.3 1.6 7.2
      vertex 103.3 2.6 19.2
      vertex 103.3 9.6 7.2
    endloop
  endfacet
  facet normal -1 0 0
    outer loop
      vertex 103.3 8.6 23.2
      vertex 103.3 9.6 35.21
      vertex 103.3 8.6 19.2
    endloop
  endfacet
  facet normal -1 0 0
    outer loop
      vertex 103.3 2.6 23.2
      vertex 103.3 9.6 35.21
      vertex 103.3 8.6 23.2
    endloop
  endfacet
  facet normal -1 0 0
    outer loop
      vertex 103.3 2.6 23.2
      vertex 103.3 1.6 35.21
      vertex 103.3 9.6 35.21
    endloop
  endfacet
  facet normal -1 0 0
    outer loop
      vertex 103.3 1.6 35.21
      vertex 103.3 2.6 23.2
      vertex 103.3 1.6 7.2
    endloop
  endfacet
  facet normal 0 0 -1
    outer loop
      vertex 51.3 1.6 35.21
      vertex 103.3 9.6 35.21
      vertex 103.3 1.6 35.21
    endloop
  endfacet
  facet normal -0 0 -1
    outer loop
      vertex 103.3 9.6 35.21
      vertex 51.3 1.6 35.21
      vertex 51.3 9.6 35.21
    endloop
  endfacet
  facet normal -0 0 1
    outer loop
      vertex 51.3 9.6 7.2
      vertex 103.3 1.6 7.2
      vertex 103.3 9.6 7.2
    endloop
  endfacet
  facet normal 0 0 1
    outer loop
      vertex 103.3 1.6 7.2
      vertex 51.3 9.6 7.2
      vertex 51.3 1.6 7.2
    endloop
  endfacet
  facet normal 1 0 0
    outer loop
      vertex 51.3 9.6 35.21
      vertex 51.3 8.6 23.2
      vertex 51.3 9.6 7.2
    endloop
  endfacet
  facet normal 1 0 0
    outer loop
      vertex 51.3 9.6 35.21
      vertex 51.3 2.6 23.2
      vertex 51.3 8.6 23.2
    endloop
  endfacet
  facet normal 1 0 0
    outer loop
      vertex 51.3 2.6 23.2
      vertex 51.3 1.6 35.21
      vertex 51.3 2.6 19.2
    endloop
  endfacet
  facet normal 1 -0 0
    outer loop
      vertex 51.3 1.6 35.21
      vertex 51.3 2.6 23.2
      vertex 51.3 9.6 35.21
    endloop
  endfacet
  facet normal 1 -0 0
    outer loop
      vertex 51.3 8.6 19.2
      vertex 51.3 9.6 7.2
      vertex 51.3 8.6 23.2
    endloop
  endfacet
  facet normal 1 -0 0
    outer loop
      vertex 51.3 2.6 19.2
      vertex 51.3 9.6 7.2
      vertex 51.3 8.6 19.2
    endloop
  endfacet
  facet normal 1 0 0
    outer loop
      vertex 51.3 2.6 19.2
      vertex 51.3 1.6 7.2
      vertex 51.3 9.6 7.2
    endloop
  endfacet
  facet normal 1 0 0
    outer loop
      vertex 51.3 1.6 7.2
      vertex 51.3 2.6 19.2
      vertex 51.3 1.6 35.21
    endloop
  endfacet
  facet normal 0 -1 0
    outer loop
      vertex 51.3 9.6 7.2
      vertex 103.3 9.6 35.21
      vertex 51.3 9.6 35.21
    endloop
  endfacet
  facet normal 0 -1 -0
    outer loop
      vertex 103.3 9.6 35.21
      vertex 51.3 9.6 7.2
      vertex 103.3 9.6 7.2
    endloop
  endfacet
  facet normal 0 1 -0
    outer loop
      vertex 103.3 1.6 7.2
      vertex 51.3 1.6 35.21
      vertex 103.3 1.6 35.21
    endloop
  endfacet
  facet normal 0 1 0
    outer loop
      vertex 51.3 1.6 35.21
      vertex 103.3 1.6 7.2
      vertex 51.3 1.6 7.2
    endloop
  endfacet
  facet normal 0 -0.9442 0.329373
    outer loop
      vertex 49.7 8.39999 5.72205e-07
      vertex 104.9 9.89999 4.29999
      vertex 49.7 9.89999 4.29999
    endloop
  endfacet
  facet normal 0 -0.9442 0.329373
    outer loop
      vertex 104.9 9.89999 4.29999
      vertex 49.7 8.39999 5.72205e-07
      vertex 104.9 8.39999 5.72205e-07
    endloop
  endfacet
  facet normal 0 0 -1
    outer loop
      vertex 49.7 1.30001 4.29999
      vertex 104.9 9.89999 4.29999
      vertex 104.9 1.30001 4.29999
    endloop
  endfacet
  facet normal -0 0 -1
    outer loop
      vertex 104.9 9.89999 4.29999
      vertex 49.7 1.30001 4.29999
      vertex 49.7 9.89999 4.29999
    endloop
  endfacet
  facet normal 0 0.9442 0.329373
    outer loop
      vertex 104.9 2.80001 5.72205e-07
      vertex 49.7 1.30001 4.29999
      vertex 104.9 1.30001 4.29999
    endloop
  endfacet
  facet normal 0 0.9442 0.329373
    outer loop
      vertex 49.7 1.30001 4.29999
      vertex 104.9 2.80001 5.72205e-07
      vertex 49.7 2.80001 5.72205e-07
    endloop
  endfacet
  facet normal 0 0 -1
    outer loop
      vertex 49.7 2.6 23.2
      vertex 51.3 8.6 23.2
      vertex 51.3 2.6 23.2
    endloop
  endfacet
  facet normal -0 0 -1
    outer loop
      vertex 51.3 8.6 23.2
      vertex 49.7 2.6 23.2
      vertex 49.7 8.6 23.2
    endloop
  endfacet
  facet normal -0 0 1
    outer loop
      vertex 49.7 8.6 19.2
      vertex 51.3 2.6 19.2
      vertex 51.3 8.6 19.2
    endloop
  endfacet
  facet normal 0 0 1
    outer loop
      vertex 51.3 2.6 19.2
      vertex 49.7 8.6 19.2
      vertex 49.7 2.6 19.2
    endloop
  endfacet
  facet normal 0 -1 0
    outer loop
      vertex 49.7 8.6 19.2
      vertex 51.3 8.6 23.2
      vertex 49.7 8.6 23.2
    endloop
  endfacet
  facet normal 0 -1 -0
    outer loop
      vertex 51.3 8.6 23.2
      vertex 49.7 8.6 19.2
      vertex 51.3 8.6 19.2
    endloop
  endfacet
  facet normal 0 1 -0
    outer loop
      vertex 51.3 2.6 19.2
      vertex 49.7 2.6 23.2
      vertex 51.3 2.6 23.2
    endloop
  endfacet
  facet normal 0 1 0
    outer loop
      vertex 49.7 2.6 23.2
      vertex 51.3 2.6 19.2
      vertex 49.7 2.6 19.2
    endloop
  endfacet
  facet normal 0 0 -1
    outer loop
      vertex 103.3 2.6 23.2
      vertex 104.9 8.6 23.2
      vertex 104.9 2.6 23.2
    endloop
  endfacet
  facet normal -0 0 -1
    outer loop
      vertex 104.9 8.6 23.2
      vertex 103.3 2.6 23.2
      vertex 103.3 8.6 23.2
    endloop
  endfacet
  facet normal -0 0 1
    outer loop
      vertex 103.3 8.6 19.2
      vertex 104.9 2.6 19.2
      vertex 104.9 8.6 19.2
    endloop
  endfacet
  facet normal 0 0 1
    outer loop
      vertex 104.9 2.6 19.2
      vertex 103.3 8.6 19.2
      vertex 103.3 2.6 19.2
    endloop
  endfacet
  facet normal 0 -1 0
    outer loop
      vertex 103.3 8.6 19.2
      vertex 104.9 8.6 23.2
      vertex 103.3 8.6 23.2
    endloop
  endfacet
  facet normal 0 -1 -0
    outer loop
      vertex 104.9 8.6 23.2
      vertex 103.3 8.6 19.2
      vertex 104.9 8.6 19.2
    endloop
  endfacet
  facet normal 0 1 -0
    outer loop
      vertex 104.9 2.6 19.2
      vertex 103.3 2.6 23.2
      vertex 104.9 2.6 23.2
    endloop
  endfacet
  facet normal 0 1 0
    outer loop
      vertex 103.3 2.6 23.2
      vertex 104.9 2.6 19.2
      vertex 103.3 2.6 19.2
    endloop
  endfacet
  facet normal 0.321039 -0.947066 0
    outer loop
      vertex 40.9588 56.4341 0
      vertex 41.0827 56.4761 1.6
      vertex 40.9588 56.4341 1.6
    endloop
  endfacet
  facet normal 0.321039 -0.947066 0
    outer loop
      vertex 41.0827 56.4761 1.6
      vertex 40.9588 56.4341 0
      vertex 41.0827 56.4761 0
    endloop
  endfacet
  facet normal 0 -1 0
    outer loop
      vertex 1 56.4 0
      vertex 40.7 56.4 1.6
      vertex 1 56.4 1.6
    endloop
  endfacet
  facet normal 0 -1 -0
    outer loop
      vertex 40.7 56.4 1.6
      vertex 1 56.4 0
      vertex 40.7 56.4 0
    endloop
  endfacet
  facet normal 0.19494 -0.980815 0
    outer loop
      vertex 40.8305 56.4086 0
      vertex 40.9588 56.4341 1.6
      vertex 40.8305 56.4086 1.6
    endloop
  endfacet
  facet normal 0.19494 -0.980815 0
    outer loop
      vertex 40.9588 56.4341 1.6
      vertex 40.8305 56.4086 0
      vertex 40.9588 56.4341 0
    endloop
  endfacet
  facet normal 0.751866 0.659316 0
    outer loop
      vertex 41.4933 77.2088 1.6
      vertex 41.4071 77.3071 0
      vertex 41.4071 77.3071 1.6
    endloop
  endfacet
  facet normal 0.751866 0.659316 0
    outer loop
      vertex 41.4071 77.3071 0
      vertex 41.4933 77.2088 1.6
      vertex 41.4933 77.2088 0
    endloop
  endfacet
  facet normal 0.0657577 0.997836 -0
    outer loop
      vertex 40.8305 77.5914 0
      vertex 40.7 77.6 1.6
      vertex 40.8305 77.5914 1.6
    endloop
  endfacet
  facet normal 0.0657577 0.997836 0
    outer loop
      vertex 40.7 77.6 1.6
      vertex 40.8305 77.5914 0
      vertex 40.7 77.6 0
    endloop
  endfacet
  facet normal 0.0657577 -0.997836 0
    outer loop
      vertex 40.7 56.4 0
      vertex 40.8305 56.4086 1.6
      vertex 40.7 56.4 1.6
    endloop
  endfacet
  facet normal 0.0657577 -0.997836 0
    outer loop
      vertex 40.8305 56.4086 1.6
      vertex 40.7 56.4 0
      vertex 40.8305 56.4086 0
    endloop
  endfacet
  facet normal -0.896873 -0.442288 0
    outer loop
      vertex 0.133972 56.9 0
      vertex 0.0761261 57.0173 1.6
      vertex 0.0761261 57.0173 0
    endloop
  endfacet
  facet normal -0.896873 -0.442288 0
    outer loop
      vertex 0.0761261 57.0173 1.6
      vertex 0.133972 56.9 0
      vertex 0.133972 56.9 1.6
    endloop
  endfacet
  facet normal -0.0657457 -0.997836 0
    outer loop
      vertex 0.869476 56.4086 0
      vertex 1 56.4 1.6
      vertex 0.869476 56.4086 1.6
    endloop
  endfacet
  facet normal -0.0657457 -0.997836 -0
    outer loop
      vertex 1 56.4 1.6
      vertex 0.869476 56.4086 0
      vertex 1 56.4 0
    endloop
  endfacet
  facet normal -0.321109 -0.947042 0
    outer loop
      vertex 0.61731 56.4761 0
      vertex 0.74118 56.4341 1.6
      vertex 0.61731 56.4761 1.6
    endloop
  endfacet
  facet normal -0.321109 -0.947042 -0
    outer loop
      vertex 0.74118 56.4341 1.6
      vertex 0.61731 56.4761 0
      vertex 0.74118 56.4341 0
    endloop
  endfacet
  facet normal -0.659153 0.752008 0
    outer loop
      vertex 0.391235 77.3933 0
      vertex 0.292892 77.3071 1.6
      vertex 0.391235 77.3933 1.6
    endloop
  endfacet
  facet normal -0.659153 0.752008 0
    outer loop
      vertex 0.292892 77.3071 1.6
      vertex 0.391235 77.3933 0
      vertex 0.292892 77.3071 0
    endloop
  endfacet
  facet normal -0.896873 0.442288 0
    outer loop
      vertex 0.0761261 76.9827 0
      vertex 0.133972 77.1 1.6
      vertex 0.133972 77.1 0
    endloop
  endfacet
  facet normal -0.896873 0.442288 0
    outer loop
      vertex 0.133972 77.1 1.6
      vertex 0.0761261 76.9827 0
      vertex 0.0761261 76.9827 1.6
    endloop
  endfacet
  facet normal -0.442591 0.896724 0
    outer loop
      vertex 0.61731 77.5239 0
      vertex 0.5 77.466 1.6
      vertex 0.61731 77.5239 1.6
    endloop
  endfacet
  facet normal -0.442591 0.896724 0
    outer loop
      vertex 0.5 77.466 1.6
      vertex 0.61731 77.5239 0
      vertex 0.5 77.466 0
    endloop
  endfacet
  facet normal 1 -0 0
    outer loop
      vertex 41.7 57.4 1.6
      vertex 41.7 76.6 0
      vertex 41.7 76.6 1.6
    endloop
  endfacet
  facet normal 1 0 0
    outer loop
      vertex 41.7 76.6 0
      vertex 41.7 57.4 1.6
      vertex 41.7 57.4 0
    endloop
  endfacet
  facet normal -1 0 0
    outer loop
      vertex 0 57.4 0
      vertex 0 76.6 1.6
      vertex 0 76.6 0
    endloop
  endfacet
  facet normal -1 -0 0
    outer loop
      vertex 0 76.6 1.6
      vertex 0 57.4 0
      vertex 0 57.4 1.6
    endloop
  endfacet
  facet normal -0.0657457 0.997836 0
    outer loop
      vertex 1 77.6 0
      vertex 0.869476 77.5914 1.6
      vertex 1 77.6 1.6
    endloop
  endfacet
  facet normal -0.0657457 0.997836 0
    outer loop
      vertex 0.869476 77.5914 1.6
      vertex 1 77.6 0
      vertex 0.869476 77.5914 0
    endloop
  endfacet
  facet normal 0.321039 0.947066 -0
    outer loop
      vertex 41.0827 77.5239 0
      vertex 40.9588 77.5659 1.6
      vertex 41.0827 77.5239 1.6
    endloop
  endfacet
  facet normal 0.321039 0.947066 0
    outer loop
      vertex 40.9588 77.5659 1.6
      vertex 41.0827 77.5239 0
      vertex 40.9588 77.5659 0
    endloop
  endfacet
  facet normal -0.659153 -0.752008 0
    outer loop
      vertex 0.292892 56.6929 0
      vertex 0.391235 56.6067 1.6
      vertex 0.292892 56.6929 1.6
    endloop
  endfacet
  facet normal -0.659153 -0.752008 -0
    outer loop
      vertex 0.391235 56.6067 1.6
      vertex 0.292892 56.6929 0
      vertex 0.391235 56.6067 0
    endloop
  endfacet
  facet normal -0.946942 0.321404 0
    outer loop
      vertex 0.0340729 76.8588 0
      vertex 0.0761261 76.9827 1.6
      vertex 0.0761261 76.9827 0
    endloop
  endfacet
  facet normal -0.946942 0.321404 0
    outer loop
      vertex 0.0761261 76.9827 1.6
      vertex 0.0340729 76.8588 0
      vertex 0.0340729 76.8588 1.6
    endloop
  endfacet
  facet normal -0.194946 -0.980814 0
    outer loop
      vertex 0.74118 56.4341 0
      vertex 0.869476 56.4086 1.6
      vertex 0.74118 56.4341 1.6
    endloop
  endfacet
  facet normal -0.194946 -0.980814 -0
    outer loop
      vertex 0.869476 56.4086 1.6
      vertex 0.74118 56.4341 0
      vertex 0.869476 56.4086 0
    endloop
  endfacet
  facet normal -0.751706 0.659498 0
    outer loop
      vertex 0.20665 77.2088 0
      vertex 0.292892 77.3071 1.6
      vertex 0.292892 77.3071 0
    endloop
  endfacet
  facet normal -0.751706 0.659498 0
    outer loop
      vertex 0.292892 77.3071 1.6
      vertex 0.20665 77.2088 0
      vertex 0.20665 77.2088 1.6
    endloop
  endfacet
  facet normal 0.980815 -0.19494 0
    outer loop
      vertex 41.6659 57.1412 1.6
      vertex 41.6914 57.2695 0
      vertex 41.6914 57.2695 1.6
    endloop
  endfacet
  facet normal 0.980815 -0.19494 0
    outer loop
      vertex 41.6914 57.2695 0
      vertex 41.6659 57.1412 1.6
      vertex 41.6659 57.1412 0
    endloop
  endfacet
  facet normal -0.442591 -0.896724 0
    outer loop
      vertex 0.5 56.534 0
      vertex 0.61731 56.4761 1.6
      vertex 0.5 56.534 1.6
    endloop
  endfacet
  facet normal -0.442591 -0.896724 -0
    outer loop
      vertex 0.61731 56.4761 1.6
      vertex 0.5 56.534 0
      vertex 0.61731 56.4761 0
    endloop
  endfacet
  facet normal 0 1 -0
    outer loop
      vertex 40.7 77.6 0
      vertex 1 77.6 1.6
      vertex 40.7 77.6 1.6
    endloop
  endfacet
  facet normal 0 1 0
    outer loop
      vertex 1 77.6 1.6
      vertex 40.7 77.6 0
      vertex 1 77.6 0
    endloop
  endfacet
  facet normal 0.831462 0.555582 0
    outer loop
      vertex 41.566 77.1 1.6
      vertex 41.4933 77.2088 0
      vertex 41.4933 77.2088 1.6
    endloop
  endfacet
  facet normal 0.831462 0.555582 0
    outer loop
      vertex 41.4933 77.2088 0
      vertex 41.566 77.1 1.6
      vertex 41.566 77.1 0
    endloop
  endfacet
  facet normal -0.321109 0.947042 0
    outer loop
      vertex 0.74118 77.5659 0
      vertex 0.61731 77.5239 1.6
      vertex 0.74118 77.5659 1.6
    endloop
  endfacet
  facet normal -0.321109 0.947042 0
    outer loop
      vertex 0.61731 77.5239 1.6
      vertex 0.74118 77.5659 0
      vertex 0.61731 77.5239 0
    endloop
  endfacet
  facet normal -0.83154 0.555465 0
    outer loop
      vertex 0.133972 77.1 0
      vertex 0.20665 77.2088 1.6
      vertex 0.20665 77.2088 0
    endloop
  endfacet
  facet normal -0.83154 0.555465 0
    outer loop
      vertex 0.20665 77.2088 1.6
      vertex 0.133972 77.1 0
      vertex 0.133972 77.1 1.6
    endloop
  endfacet
  facet normal -0.997856 0.0654546 0
    outer loop
      vertex 0 76.6 0
      vertex 0.00856018 76.7305 1.6
      vertex 0.00856018 76.7305 0
    endloop
  endfacet
  facet normal -0.997856 0.0654546 0
    outer loop
      vertex 0.00856018 76.7305 1.6
      vertex 0 76.6 0
      vertex 0 76.6 1.6
    endloop
  endfacet
  facet normal -0.555705 -0.831379 0
    outer loop
      vertex 0.391235 56.6067 0
      vertex 0.5 56.534 1.6
      vertex 0.391235 56.6067 1.6
    endloop
  endfacet
  facet normal -0.555705 -0.831379 -0
    outer loop
      vertex 0.5 56.534 1.6
      vertex 0.391235 56.6067 0
      vertex 0.5 56.534 0
    endloop
  endfacet
  facet normal -0.194946 0.980814 0
    outer loop
      vertex 0.869476 77.5914 0
      vertex 0.74118 77.5659 1.6
      vertex 0.869476 77.5914 1.6
    endloop
  endfacet
  facet normal -0.194946 0.980814 0
    outer loop
      vertex 0.74118 77.5659 1.6
      vertex 0.869476 77.5914 0
      vertex 0.74118 77.5659 0
    endloop
  endfacet
  facet normal 0.896709 -0.442621 0
    outer loop
      vertex 41.566 56.9 1.6
      vertex 41.6239 57.0173 0
      vertex 41.6239 57.0173 1.6
    endloop
  endfacet
  facet normal 0.896709 -0.442621 0
    outer loop
      vertex 41.6239 57.0173 0
      vertex 41.566 56.9 1.6
      vertex 41.566 56.9 0
    endloop
  endfacet
  facet normal 0.659316 -0.751866 0
    outer loop
      vertex 41.3088 56.6067 0
      vertex 41.4071 56.6929 1.6
      vertex 41.3088 56.6067 1.6
    endloop
  endfacet
  facet normal 0.659316 -0.751866 0
    outer loop
      vertex 41.4071 56.6929 1.6
      vertex 41.3088 56.6067 0
      vertex 41.4071 56.6929 0
    endloop
  endfacet
  facet normal 0.555582 0.831462 -0
    outer loop
      vertex 41.3088 77.3933 0
      vertex 41.2 77.466 1.6
      vertex 41.3088 77.3933 1.6
    endloop
  endfacet
  facet normal 0.555582 0.831462 0
    outer loop
      vertex 41.2 77.466 1.6
      vertex 41.3088 77.3933 0
      vertex 41.2 77.466 0
    endloop
  endfacet
  facet normal 0.442621 0.896709 -0
    outer loop
      vertex 41.2 77.466 0
      vertex 41.0827 77.5239 1.6
      vertex 41.2 77.466 1.6
    endloop
  endfacet
  facet normal 0.442621 0.896709 0
    outer loop
      vertex 41.0827 77.5239 1.6
      vertex 41.2 77.466 0
      vertex 41.0827 77.5239 0
    endloop
  endfacet
  facet normal 0.947066 0.321039 0
    outer loop
      vertex 41.6659 76.8588 1.6
      vertex 41.6239 76.9827 0
      vertex 41.6239 76.9827 1.6
    endloop
  endfacet
  facet normal 0.947066 0.321039 0
    outer loop
      vertex 41.6239 76.9827 0
      vertex 41.6659 76.8588 1.6
      vertex 41.6659 76.8588 0
    endloop
  endfacet
  facet normal 0.19494 0.980815 -0
    outer loop
      vertex 40.9588 77.5659 0
      vertex 40.8305 77.5914 1.6
      vertex 40.9588 77.5659 1.6
    endloop
  endfacet
  facet normal 0.19494 0.980815 0
    outer loop
      vertex 40.8305 77.5914 1.6
      vertex 40.9588 77.5659 0
      vertex 40.8305 77.5914 0
    endloop
  endfacet
  facet normal 0.997836 0.0657577 0
    outer loop
      vertex 41.7 76.6 1.6
      vertex 41.6914 76.7305 0
      vertex 41.6914 76.7305 1.6
    endloop
  endfacet
  facet normal 0.997836 0.0657577 0
    outer loop
      vertex 41.6914 76.7305 0
      vertex 41.7 76.6 1.6
      vertex 41.7 76.6 0
    endloop
  endfacet
  facet normal -0.555705 0.831379 0
    outer loop
      vertex 0.5 77.466 0
      vertex 0.391235 77.3933 1.6
      vertex 0.5 77.466 1.6
    endloop
  endfacet
  facet normal -0.555705 0.831379 0
    outer loop
      vertex 0.391235 77.3933 1.6
      vertex 0.5 77.466 0
      vertex 0.391235 77.3933 0
    endloop
  endfacet
  facet normal 0.831462 -0.555582 0
    outer loop
      vertex 41.4933 56.7912 1.6
      vertex 41.566 56.9 0
      vertex 41.566 56.9 1.6
    endloop
  endfacet
  facet normal 0.831462 -0.555582 0
    outer loop
      vertex 41.566 56.9 0
      vertex 41.4933 56.7912 1.6
      vertex 41.4933 56.7912 0
    endloop
  endfacet
  facet normal 0.751866 -0.659316 0
    outer loop
      vertex 41.4071 56.6929 1.6
      vertex 41.4933 56.7912 0
      vertex 41.4933 56.7912 1.6
    endloop
  endfacet
  facet normal 0.751866 -0.659316 0
    outer loop
      vertex 41.4933 56.7912 0
      vertex 41.4071 56.6929 1.6
      vertex 41.4071 56.6929 0
    endloop
  endfacet
  facet normal -0.997856 -0.0654546 0
    outer loop
      vertex 0.00856018 57.2695 0
      vertex 0 57.4 1.6
      vertex 0 57.4 0
    endloop
  endfacet
  facet normal -0.997856 -0.0654546 0
    outer loop
      vertex 0 57.4 1.6
      vertex 0.00856018 57.2695 0
      vertex 0.00856018 57.2695 1.6
    endloop
  endfacet
  facet normal -0.980797 0.195033 0
    outer loop
      vertex 0.00856018 76.7305 0
      vertex 0.0340729 76.8588 1.6
      vertex 0.0340729 76.8588 0
    endloop
  endfacet
  facet normal -0.980797 0.195033 0
    outer loop
      vertex 0.0340729 76.8588 1.6
      vertex 0.00856018 76.7305 0
      vertex 0.00856018 76.7305 1.6
    endloop
  endfacet
  facet normal 0.947066 -0.321039 0
    outer loop
      vertex 41.6239 57.0173 1.6
      vertex 41.6659 57.1412 0
      vertex 41.6659 57.1412 1.6
    endloop
  endfacet
  facet normal 0.947066 -0.321039 0
    outer loop
      vertex 41.6659 57.1412 0
      vertex 41.6239 57.0173 1.6
      vertex 41.6239 57.0173 0
    endloop
  endfacet
  facet normal 0.659316 0.751866 -0
    outer loop
      vertex 41.4071 77.3071 0
      vertex 41.3088 77.3933 1.6
      vertex 41.4071 77.3071 1.6
    endloop
  endfacet
  facet normal 0.659316 0.751866 0
    outer loop
      vertex 41.3088 77.3933 1.6
      vertex 41.4071 77.3071 0
      vertex 41.3088 77.3933 0
    endloop
  endfacet
  facet normal 0.896709 0.442621 0
    outer loop
      vertex 41.6239 76.9827 1.6
      vertex 41.566 77.1 0
      vertex 41.566 77.1 1.6
    endloop
  endfacet
  facet normal 0.896709 0.442621 0
    outer loop
      vertex 41.566 77.1 0
      vertex 41.6239 76.9827 1.6
      vertex 41.6239 76.9827 0
    endloop
  endfacet
  facet normal 0.980815 0.19494 0
    outer loop
      vertex 41.6914 76.7305 1.6
      vertex 41.6659 76.8588 0
      vertex 41.6659 76.8588 1.6
    endloop
  endfacet
  facet normal 0.980815 0.19494 0
    outer loop
      vertex 41.6659 76.8588 0
      vertex 41.6914 76.7305 1.6
      vertex 41.6914 76.7305 0
    endloop
  endfacet
  facet normal -0.980797 -0.195033 0
    outer loop
      vertex 0.0340729 57.1412 0
      vertex 0.00856018 57.2695 1.6
      vertex 0.00856018 57.2695 0
    endloop
  endfacet
  facet normal -0.980797 -0.195033 0
    outer loop
      vertex 0.00856018 57.2695 1.6
      vertex 0.0340729 57.1412 0
      vertex 0.0340729 57.1412 1.6
    endloop
  endfacet
  facet normal -0.946942 -0.321404 0
    outer loop
      vertex 0.0761261 57.0173 0
      vertex 0.0340729 57.1412 1.6
      vertex 0.0340729 57.1412 0
    endloop
  endfacet
  facet normal -0.946942 -0.321404 0
    outer loop
      vertex 0.0340729 57.1412 1.6
      vertex 0.0761261 57.0173 0
      vertex 0.0761261 57.0173 1.6
    endloop
  endfacet
  facet normal -0.83154 -0.555465 0
    outer loop
      vertex 0.20665 56.7912 0
      vertex 0.133972 56.9 1.6
      vertex 0.133972 56.9 0
    endloop
  endfacet
  facet normal -0.83154 -0.555465 0
    outer loop
      vertex 0.133972 56.9 1.6
      vertex 0.20665 56.7912 0
      vertex 0.20665 56.7912 1.6
    endloop
  endfacet
  facet normal -0.751706 -0.659498 0
    outer loop
      vertex 0.292892 56.6929 0
      vertex 0.20665 56.7912 1.6
      vertex 0.20665 56.7912 0
    endloop
  endfacet
  facet normal -0.751706 -0.659498 0
    outer loop
      vertex 0.20665 56.7912 1.6
      vertex 0.292892 56.6929 0
      vertex 0.292892 56.6929 1.6
    endloop
  endfacet
  facet normal 0 0 -1
    outer loop
      vertex 40.7 56.4 0
      vertex 41.7 57.4 0
      vertex 41.6914 57.2695 0
    endloop
  endfacet
  facet normal 0 0 -1
    outer loop
      vertex 41.7 57.4 0
      vertex 28.8 67 0
      vertex 41.7 76.6 0
    endloop
  endfacet
  facet normal 0 0 -1
    outer loop
      vertex 40.7 56.4 0
      vertex 41.6914 57.2695 0
      vertex 41.6659 57.1412 0
    endloop
  endfacet
  facet normal 0 0 -1
    outer loop
      vertex 28.7625 67.2847 0
      vertex 41.7 76.6 0
      vertex 28.8 67 0
    endloop
  endfacet
  facet normal 0 0 -1
    outer loop
      vertex 40.7 56.4 0
      vertex 41.6659 57.1412 0
      vertex 41.6239 57.0173 0
    endloop
  endfacet
  facet normal 0 0 -1
    outer loop
      vertex 28.6526 67.55 0
      vertex 41.7 76.6 0
      vertex 28.7625 67.2847 0
    endloop
  endfacet
  facet normal 0 0 -1
    outer loop
      vertex 40.7 56.4 0
      vertex 41.6239 57.0173 0
      vertex 41.566 56.9 0
    endloop
  endfacet
  facet normal 0 -0 -1
    outer loop
      vertex 40.7 77.6 0
      vertex 41.7 76.6 0
      vertex 28.6526 67.55 0
    endloop
  endfacet
  facet normal 0 0 -1
    outer loop
      vertex 40.7 56.4 0
      vertex 41.566 56.9 0
      vertex 41.4933 56.7912 0
    endloop
  endfacet
  facet normal 0 0 -1
    outer loop
      vertex 41.7 76.6 0
      vertex 40.7 77.6 0
      vertex 41.6914 76.7305 0
    endloop
  endfacet
  facet normal 0 0 -1
    outer loop
      vertex 40.7 56.4 0
      vertex 41.4933 56.7912 0
      vertex 41.4071 56.6929 0
    endloop
  endfacet
  facet normal 0 0 -1
    outer loop
      vertex 41.6659 76.8588 0
      vertex 40.7 77.6 0
      vertex 41.6239 76.9827 0
    endloop
  endfacet
  facet normal 0 0 -1
    outer loop
      vertex 40.7 56.4 0
      vertex 41.4071 56.6929 0
      vertex 41.3088 56.6067 0
    endloop
  endfacet
  facet normal 0 0 -1
    outer loop
      vertex 41.6239 76.9827 0
      vertex 40.7 77.6 0
      vertex 41.566 77.1 0
    endloop
  endfacet
  facet normal 0 0 -1
    outer loop
      vertex 40.7 56.4 0
      vertex 41.3088 56.6067 0
      vertex 41.2 56.534 0
    endloop
  endfacet
  facet normal 0 0 -1
    outer loop
      vertex 41.566 77.1 0
      vertex 40.7 77.6 0
      vertex 41.4933 77.2088 0
    endloop
  endfacet
  facet normal 0 0 -1
    outer loop
      vertex 40.7 56.4 0
      vertex 41.2 56.534 0
      vertex 41.0827 56.4761 0
    endloop
  endfacet
  facet normal 0 0 -1
    outer loop
      vertex 41.4933 77.2088 0
      vertex 40.7 77.6 0
      vertex 41.4071 77.3071 0
    endloop
  endfacet
  facet normal 0 0 -1
    outer loop
      vertex 40.7 56.4 0
      vertex 41.0827 56.4761 0
      vertex 40.9588 56.4341 0
    endloop
  endfacet
  facet normal -0 0 -1
    outer loop
      vertex 41.7 57.4 0
      vertex 40.7 56.4 0
      vertex 28.6526 66.45 0
    endloop
  endfacet
  facet normal 0 0 -1
    outer loop
      vertex 40.7 56.4 0
      vertex 40.9588 56.4341 0
      vertex 40.8305 56.4086 0
    endloop
  endfacet
  facet normal 0 0 -1
    outer loop
      vertex 41.3088 77.3933 0
      vertex 40.7 77.6 0
      vertex 41.2 77.466 0
    endloop
  endfacet
  facet normal 0 0 -1
    outer loop
      vertex 41.0827 77.5239 0
      vertex 40.7 77.6 0
      vertex 40.9588 77.5659 0
    endloop
  endfacet
  facet normal 0 0 -1
    outer loop
      vertex 40.9588 77.5659 0
      vertex 40.7 77.6 0
      vertex 40.8305 77.5914 0
    endloop
  endfacet
  facet normal 0 0 -1
    outer loop
      vertex 41.2 77.466 0
      vertex 40.7 77.6 0
      vertex 41.0827 77.5239 0
    endloop
  endfacet
  facet normal 0 0 -1
    outer loop
      vertex 41.7 57.4 0
      vertex 28.7625 66.7153 0
      vertex 28.8 67 0
    endloop
  endfacet
  facet normal 0 0 -1
    outer loop
      vertex 41.7 57.4 0
      vertex 28.6526 66.45 0
      vertex 28.7625 66.7153 0
    endloop
  endfacet
  facet normal 0 0 -1
    outer loop
      vertex 40.7 56.4 0
      vertex 28.4778 66.2222 0
      vertex 28.6526 66.45 0
    endloop
  endfacet
  facet normal 0 0 -1
    outer loop
      vertex 40.7 56.4 0
      vertex 28.25 66.0474 0
      vertex 28.4778 66.2222 0
    endloop
  endfacet
  facet normal 0 0 -1
    outer loop
      vertex 40.7 56.4 0
      vertex 27.9847 65.9375 0
      vertex 28.25 66.0474 0
    endloop
  endfacet
  facet normal 0 0 -1
    outer loop
      vertex 40.7 56.4 0
      vertex 27.7 65.9 0
      vertex 27.9847 65.9375 0
    endloop
  endfacet
  facet normal 0 0 -1
    outer loop
      vertex 40.7 56.4 0
      vertex 27.4153 65.9375 0
      vertex 27.7 65.9 0
    endloop
  endfacet
  facet normal 0 0 -1
    outer loop
      vertex 9.18897 63.8815 0
      vertex 27.4153 65.9375 0
      vertex 40.7 56.4 0
    endloop
  endfacet
  facet normal 0 0 -1
    outer loop
      vertex 11.0569 66.4525 0
      vertex 26.6 67 0
      vertex 26.6375 66.7153 0
    endloop
  endfacet
  facet normal 0 0 -1
    outer loop
      vertex 10.9287 65.9184 0
      vertex 26.6375 66.7153 0
      vertex 26.7474 66.45 0
    endloop
  endfacet
  facet normal 0 0 -1
    outer loop
      vertex 10.7185 65.411 0
      vertex 26.7474 66.45 0
      vertex 26.9222 66.2222 0
    endloop
  endfacet
  facet normal 0 0 -1
    outer loop
      vertex 10.0749 64.5251 0
      vertex 26.9222 66.2222 0
      vertex 27.15 66.0474 0
    endloop
  endfacet
  facet normal 0 -0 -1
    outer loop
      vertex 9.65725 64.1684 0
      vertex 27.4153 65.9375 0
      vertex 9.18897 63.8815 0
    endloop
  endfacet
  facet normal -0 0 -1
    outer loop
      vertex 26.6 67 0
      vertex 11.0569 66.4525 0
      vertex 11.1 67 0
    endloop
  endfacet
  facet normal 0 0 -1
    outer loop
      vertex 26.6375 66.7153 0
      vertex 10.9287 65.9184 0
      vertex 11.0569 66.4525 0
    endloop
  endfacet
  facet normal 0 0 -1
    outer loop
      vertex 26.7474 66.45 0
      vertex 10.7185 65.411 0
      vertex 10.9287 65.9184 0
    endloop
  endfacet
  facet normal 0 0 -1
    outer loop
      vertex 26.9222 66.2222 0
      vertex 10.4316 64.9427 0
      vertex 10.7185 65.411 0
    endloop
  endfacet
  facet normal 0 0 -1
    outer loop
      vertex 26.9222 66.2222 0
      vertex 10.0749 64.5251 0
      vertex 10.4316 64.9427 0
    endloop
  endfacet
  facet normal 0 0 -1
    outer loop
      vertex 27.15 66.0474 0
      vertex 9.65725 64.1684 0
      vertex 10.0749 64.5251 0
    endloop
  endfacet
  facet normal -0 0 -1
    outer loop
      vertex 27.4153 65.9375 0
      vertex 9.65725 64.1684 0
      vertex 27.15 66.0474 0
    endloop
  endfacet
  facet normal 0 0 -1
    outer loop
      vertex 1 56.4 0
      vertex 9.18897 63.8815 0
      vertex 40.7 56.4 0
    endloop
  endfacet
  facet normal 0 0 -1
    outer loop
      vertex 9.18897 63.8815 0
      vertex 1 56.4 0
      vertex 8.68156 63.6713 0
    endloop
  endfacet
  facet normal 0 0 -1
    outer loop
      vertex 8.68156 63.6713 0
      vertex 1 56.4 0
      vertex 8.14752 63.5431 0
    endloop
  endfacet
  facet normal 0 0 -1
    outer loop
      vertex 8.14752 63.5431 0
      vertex 1 56.4 0
      vertex 7.6 63.5 0
    endloop
  endfacet
  facet normal -0 0 -1
    outer loop
      vertex 4.2713 65.9184 0
      vertex 0 57.4 0
      vertex 4.14309 66.4525 0
    endloop
  endfacet
  facet normal -0 0 -1
    outer loop
      vertex 4.48148 65.411 0
      vertex 0 57.4 0
      vertex 4.2713 65.9184 0
    endloop
  endfacet
  facet normal -0 0 -1
    outer loop
      vertex 4.76844 64.9427 0
      vertex 0 57.4 0
      vertex 4.48148 65.411 0
    endloop
  endfacet
  facet normal -0 0 -1
    outer loop
      vertex 5.12513 64.5251 0
      vertex 0 57.4 0
      vertex 4.76844 64.9427 0
    endloop
  endfacet
  facet normal -0 0 -1
    outer loop
      vertex 5.54275 64.1684 0
      vertex 0 57.4 0
      vertex 5.12513 64.5251 0
    endloop
  endfacet
  facet normal -0 0 -1
    outer loop
      vertex 6.01103 63.8815 0
      vertex 0 57.4 0
      vertex 5.54275 64.1684 0
    endloop
  endfacet
  facet normal 0 0 -1
    outer loop
      vertex 0 57.4 0
      vertex 6.01103 63.8815 0
      vertex 1 56.4 0
    endloop
  endfacet
  facet normal -0 0 -1
    outer loop
      vertex 6.51844 63.6713 0
      vertex 1 56.4 0
      vertex 6.01103 63.8815 0
    endloop
  endfacet
  facet normal -0 0 -1
    outer loop
      vertex 7.05248 63.5431 0
      vertex 1 56.4 0
      vertex 6.51844 63.6713 0
    endloop
  endfacet
  facet normal -0 0 -1
    outer loop
      vertex 7.6 63.5 0
      vertex 1 56.4 0
      vertex 7.05248 63.5431 0
    endloop
  endfacet
  facet normal 0 0 -1
    outer loop
      vertex 41.4071 77.3071 0
      vertex 40.7 77.6 0
      vertex 41.3088 77.3933 0
    endloop
  endfacet
  facet normal 0 0 -1
    outer loop
      vertex 41.6914 76.7305 0
      vertex 40.7 77.6 0
      vertex 41.6659 76.8588 0
    endloop
  endfacet
  facet normal 0 0 -1
    outer loop
      vertex 28.4778 67.7778 0
      vertex 40.7 77.6 0
      vertex 28.6526 67.55 0
    endloop
  endfacet
  facet normal 0 0 -1
    outer loop
      vertex 28.25 67.9526 0
      vertex 40.7 77.6 0
      vertex 28.4778 67.7778 0
    endloop
  endfacet
  facet normal 0 0 -1
    outer loop
      vertex 27.9847 68.0625 0
      vertex 40.7 77.6 0
      vertex 28.25 67.9526 0
    endloop
  endfacet
  facet normal 0 0 -1
    outer loop
      vertex 27.7 68.1 0
      vertex 40.7 77.6 0
      vertex 27.9847 68.0625 0
    endloop
  endfacet
  facet normal 0 0 -1
    outer loop
      vertex 27.4153 68.0625 0
      vertex 40.7 77.6 0
      vertex 27.7 68.1 0
    endloop
  endfacet
  facet normal 0 0 -1
    outer loop
      vertex 9.65725 69.8316 0
      vertex 27.4153 68.0625 0
      vertex 27.15 67.9526 0
    endloop
  endfacet
  facet normal 0 0 -1
    outer loop
      vertex 11.0569 67.5475 0
      vertex 26.6 67 0
      vertex 11.1 67 0
    endloop
  endfacet
  facet normal 0 0 -1
    outer loop
      vertex 26.6 67 0
      vertex 11.0569 67.5475 0
      vertex 26.6375 67.2847 0
    endloop
  endfacet
  facet normal 0 0 -1
    outer loop
      vertex 10.9287 68.0816 0
      vertex 26.6375 67.2847 0
      vertex 11.0569 67.5475 0
    endloop
  endfacet
  facet normal 0 0 -1
    outer loop
      vertex 26.6375 67.2847 0
      vertex 10.9287 68.0816 0
      vertex 26.7474 67.55 0
    endloop
  endfacet
  facet normal 0 0 -1
    outer loop
      vertex 10.7185 68.589 0
      vertex 26.7474 67.55 0
      vertex 10.9287 68.0816 0
    endloop
  endfacet
  facet normal 0 0 -1
    outer loop
      vertex 26.7474 67.55 0
      vertex 10.7185 68.589 0
      vertex 26.9222 67.7778 0
    endloop
  endfacet
  facet normal 0 0 -1
    outer loop
      vertex 10.4316 69.0573 0
      vertex 26.9222 67.7778 0
      vertex 10.7185 68.589 0
    endloop
  endfacet
  facet normal 0 0 -1
    outer loop
      vertex 10.0749 69.4749 0
      vertex 26.9222 67.7778 0
      vertex 10.4316 69.0573 0
    endloop
  endfacet
  facet normal 0 0 -1
    outer loop
      vertex 26.9222 67.7778 0
      vertex 10.0749 69.4749 0
      vertex 27.15 67.9526 0
    endloop
  endfacet
  facet normal 0 0 -1
    outer loop
      vertex 9.65725 69.8316 0
      vertex 27.15 67.9526 0
      vertex 10.0749 69.4749 0
    endloop
  endfacet
  facet normal 0 0 -1
    outer loop
      vertex 27.4153 68.0625 0
      vertex 9.65725 69.8316 0
      vertex 9.18897 70.1185 0
    endloop
  endfacet
  facet normal 0 0 -1
    outer loop
      vertex 27.4153 68.0625 0
      vertex 9.18897 70.1185 0
      vertex 40.7 77.6 0
    endloop
  endfacet
  facet normal 0 0 -1
    outer loop
      vertex 1 77.6 0
      vertex 9.18897 70.1185 0
      vertex 8.68156 70.3287 0
    endloop
  endfacet
  facet normal 0 0 -1
    outer loop
      vertex 1 77.6 0
      vertex 8.68156 70.3287 0
      vertex 8.14752 70.4569 0
    endloop
  endfacet
  facet normal 0 0 -1
    outer loop
      vertex 1 77.6 0
      vertex 8.14752 70.4569 0
      vertex 7.6 70.5 0
    endloop
  endfacet
  facet normal 0 0 -1
    outer loop
      vertex 1 77.6 0
      vertex 7.6 70.5 0
      vertex 7.05248 70.4569 0
    endloop
  endfacet
  facet normal -0 0 -1
    outer loop
      vertex 4.14309 66.4525 0
      vertex 0 57.4 0
      vertex 4.1 67 0
    endloop
  endfacet
  facet normal 0 0 -1
    outer loop
      vertex 0 76.6 0
      vertex 4.1 67 0
      vertex 0 57.4 0
    endloop
  endfacet
  facet normal 0 0 -1
    outer loop
      vertex 9.18897 70.1185 0
      vertex 1 77.6 0
      vertex 40.7 77.6 0
    endloop
  endfacet
  facet normal 0 0 -1
    outer loop
      vertex 6.51844 70.3287 0
      vertex 1 77.6 0
      vertex 7.05248 70.4569 0
    endloop
  endfacet
  facet normal 0 0 -1
    outer loop
      vertex 6.01103 70.1185 0
      vertex 1 77.6 0
      vertex 6.51844 70.3287 0
    endloop
  endfacet
  facet normal 0 0 -1
    outer loop
      vertex 0 76.6 0
      vertex 6.01103 70.1185 0
      vertex 5.54275 69.8316 0
    endloop
  endfacet
  facet normal 0 0 -1
    outer loop
      vertex 0 76.6 0
      vertex 5.54275 69.8316 0
      vertex 5.12513 69.4749 0
    endloop
  endfacet
  facet normal 0 0 -1
    outer loop
      vertex 0 76.6 0
      vertex 5.12513 69.4749 0
      vertex 4.76844 69.0573 0
    endloop
  endfacet
  facet normal 0 0 -1
    outer loop
      vertex 0 76.6 0
      vertex 4.76844 69.0573 0
      vertex 4.48148 68.589 0
    endloop
  endfacet
  facet normal 0 0 -1
    outer loop
      vertex 0 76.6 0
      vertex 4.48148 68.589 0
      vertex 4.2713 68.0816 0
    endloop
  endfacet
  facet normal 0 0 -1
    outer loop
      vertex 4.1 67 0
      vertex 0 76.6 0
      vertex 4.14309 67.5475 0
    endloop
  endfacet
  facet normal 0 0 -1
    outer loop
      vertex 0 57.4 0
      vertex 1 56.4 0
      vertex 0.869476 56.4086 0
    endloop
  endfacet
  facet normal 0 0 -1
    outer loop
      vertex 4.14309 67.5475 0
      vertex 0 76.6 0
      vertex 4.2713 68.0816 0
    endloop
  endfacet
  facet normal 0 0 -1
    outer loop
      vertex 0 57.4 0
      vertex 0.869476 56.4086 0
      vertex 0.74118 56.4341 0
    endloop
  endfacet
  facet normal 0 0 -1
    outer loop
      vertex 6.01103 70.1185 0
      vertex 0 76.6 0
      vertex 1 77.6 0
    endloop
  endfacet
  facet normal 0 0 -1
    outer loop
      vertex 0 57.4 0
      vertex 0.74118 56.4341 0
      vertex 0.61731 56.4761 0
    endloop
  endfacet
  facet normal 0 0 -1
    outer loop
      vertex 1 77.6 0
      vertex 0 76.6 0
      vertex 0.869476 77.5914 0
    endloop
  endfacet
  facet normal 0 0 -1
    outer loop
      vertex 0 57.4 0
      vertex 0.61731 56.4761 0
      vertex 0.5 56.534 0
    endloop
  endfacet
  facet normal 0 0 -1
    outer loop
      vertex 0.869476 77.5914 0
      vertex 0 76.6 0
      vertex 0.74118 77.5659 0
    endloop
  endfacet
  facet normal 0 0 -1
    outer loop
      vertex 0 57.4 0
      vertex 0.5 56.534 0
      vertex 0.391235 56.6067 0
    endloop
  endfacet
  facet normal 0 0 -1
    outer loop
      vertex 0.74118 77.5659 0
      vertex 0 76.6 0
      vertex 0.61731 77.5239 0
    endloop
  endfacet
  facet normal 0 0 -1
    outer loop
      vertex 0 57.4 0
      vertex 0.391235 56.6067 0
      vertex 0.292892 56.6929 0
    endloop
  endfacet
  facet normal 0 0 -1
    outer loop
      vertex 0.61731 77.5239 0
      vertex 0 76.6 0
      vertex 0.5 77.466 0
    endloop
  endfacet
  facet normal 0 0 -1
    outer loop
      vertex 0 57.4 0
      vertex 0.292892 56.6929 0
      vertex 0.20665 56.7912 0
    endloop
  endfacet
  facet normal 0 0 -1
    outer loop
      vertex 0.5 77.466 0
      vertex 0 76.6 0
      vertex 0.391235 77.3933 0
    endloop
  endfacet
  facet normal 0 0 -1
    outer loop
      vertex 0 57.4 0
      vertex 0.20665 56.7912 0
      vertex 0.133972 56.9 0
    endloop
  endfacet
  facet normal 0 0 -1
    outer loop
      vertex 0.391235 77.3933 0
      vertex 0 76.6 0
      vertex 0.292892 77.3071 0
    endloop
  endfacet
  facet normal 0 0 -1
    outer loop
      vertex 0 57.4 0
      vertex 0.133972 56.9 0
      vertex 0.0761261 57.0173 0
    endloop
  endfacet
  facet normal 0 0 -1
    outer loop
      vertex 0.292892 77.3071 0
      vertex 0 76.6 0
      vertex 0.20665 77.2088 0
    endloop
  endfacet
  facet normal 0 0 -1
    outer loop
      vertex 0 57.4 0
      vertex 0.0761261 57.0173 0
      vertex 0.0340729 57.1412 0
    endloop
  endfacet
  facet normal 0 0 -1
    outer loop
      vertex 0.20665 77.2088 0
      vertex 0 76.6 0
      vertex 0.133972 77.1 0
    endloop
  endfacet
  facet normal 0 0 -1
    outer loop
      vertex 0 57.4 0
      vertex 0.0340729 57.1412 0
      vertex 0.00856018 57.2695 0
    endloop
  endfacet
  facet normal 0 0 -1
    outer loop
      vertex 0.133972 77.1 0
      vertex 0 76.6 0
      vertex 0.0761261 76.9827 0
    endloop
  endfacet
  facet normal 0 0 -1
    outer loop
      vertex 0.0761261 76.9827 0
      vertex 0 76.6 0
      vertex 0.0340729 76.8588 0
    endloop
  endfacet
  facet normal 0 0 -1
    outer loop
      vertex 0.0340729 76.8588 0
      vertex 0 76.6 0
      vertex 0.00856018 76.7305 0
    endloop
  endfacet
  facet normal 0.997836 -0.0657577 0
    outer loop
      vertex 41.6914 57.2695 1.6
      vertex 41.7 57.4 0
      vertex 41.7 57.4 1.6
    endloop
  endfacet
  facet normal 0.997836 -0.0657577 0
    outer loop
      vertex 41.7 57.4 0
      vertex 41.6914 57.2695 1.6
      vertex 41.6914 57.2695 0
    endloop
  endfacet
  facet normal 0 0 1
    outer loop
      vertex 40.7 77.6 1.6
      vertex 41.7 76.6 1.6
      vertex 41.6914 76.7305 1.6
    endloop
  endfacet
  facet normal 0 0 1
    outer loop
      vertex 41.7 76.6 1.6
      vertex 39.8 75.1 1.6
      vertex 41.7 57.4 1.6
    endloop
  endfacet
  facet normal 0 0 1
    outer loop
      vertex 40.7 77.6 1.6
      vertex 41.6914 76.7305 1.6
      vertex 41.6659 76.8588 1.6
    endloop
  endfacet
  facet normal -0 0 1
    outer loop
      vertex 39.8 58.9 1.6
      vertex 41.7 57.4 1.6
      vertex 39.8 75.1 1.6
    endloop
  endfacet
  facet normal 0 0 1
    outer loop
      vertex 40.7 77.6 1.6
      vertex 41.6659 76.8588 1.6
      vertex 41.6239 76.9827 1.6
    endloop
  endfacet
  facet normal -0 0 1
    outer loop
      vertex 39.7949 58.8217 1.6
      vertex 41.7 57.4 1.6
      vertex 39.8 58.9 1.6
    endloop
  endfacet
  facet normal 0 0 1
    outer loop
      vertex 40.7 77.6 1.6
      vertex 41.6239 76.9827 1.6
      vertex 41.566 77.1 1.6
    endloop
  endfacet
  facet normal -0 0 1
    outer loop
      vertex 39.7795 58.7447 1.6
      vertex 41.7 57.4 1.6
      vertex 39.7949 58.8217 1.6
    endloop
  endfacet
  facet normal 0 0 1
    outer loop
      vertex 40.7 77.6 1.6
      vertex 41.566 77.1 1.6
      vertex 41.4933 77.2088 1.6
    endloop
  endfacet
  facet normal -0 0 1
    outer loop
      vertex 39.7543 58.6704 1.6
      vertex 41.7 57.4 1.6
      vertex 39.7795 58.7447 1.6
    endloop
  endfacet
  facet normal 0 0 1
    outer loop
      vertex 40.7 77.6 1.6
      vertex 41.4933 77.2088 1.6
      vertex 41.4071 77.3071 1.6
    endloop
  endfacet
  facet normal -0 0 1
    outer loop
      vertex 39.7196 58.6 1.6
      vertex 41.7 57.4 1.6
      vertex 39.7543 58.6704 1.6
    endloop
  endfacet
  facet normal 0 0 1
    outer loop
      vertex 40.7 77.6 1.6
      vertex 41.4071 77.3071 1.6
      vertex 41.3088 77.3933 1.6
    endloop
  endfacet
  facet normal -0 0 1
    outer loop
      vertex 39.676 58.5348 1.6
      vertex 41.7 57.4 1.6
      vertex 39.7196 58.6 1.6
    endloop
  endfacet
  facet normal 0 0 1
    outer loop
      vertex 40.7 77.6 1.6
      vertex 41.3088 77.3933 1.6
      vertex 41.2 77.466 1.6
    endloop
  endfacet
  facet normal -0 0 1
    outer loop
      vertex 39.6243 58.4757 1.6
      vertex 41.7 57.4 1.6
      vertex 39.676 58.5348 1.6
    endloop
  endfacet
  facet normal 0 0 1
    outer loop
      vertex 40.7 77.6 1.6
      vertex 41.2 77.466 1.6
      vertex 41.0827 77.5239 1.6
    endloop
  endfacet
  facet normal 0 -0 1
    outer loop
      vertex 40.7 56.4 1.6
      vertex 41.7 57.4 1.6
      vertex 39.6243 58.4757 1.6
    endloop
  endfacet
  facet normal 0 0 1
    outer loop
      vertex 40.7 77.6 1.6
      vertex 41.0827 77.5239 1.6
      vertex 40.9588 77.5659 1.6
    endloop
  endfacet
  facet normal 0 0 1
    outer loop
      vertex 41.7 57.4 1.6
      vertex 40.7 56.4 1.6
      vertex 41.6914 57.2695 1.6
    endloop
  endfacet
  facet normal 0 0 1
    outer loop
      vertex 40.7 77.6 1.6
      vertex 40.9588 77.5659 1.6
      vertex 40.8305 77.5914 1.6
    endloop
  endfacet
  facet normal 0 0 1
    outer loop
      vertex 41.6914 57.2695 1.6
      vertex 40.7 56.4 1.6
      vertex 41.6659 57.1412 1.6
    endloop
  endfacet
  facet normal 0 0 1
    outer loop
      vertex 41.7 76.6 1.6
      vertex 40.7 77.6 1.6
      vertex 39.6243 75.5243 1.6
    endloop
  endfacet
  facet normal 0 0 1
    outer loop
      vertex 41.6659 57.1412 1.6
      vertex 40.7 56.4 1.6
      vertex 41.6239 57.0173 1.6
    endloop
  endfacet
  facet normal 0 0 1
    outer loop
      vertex 41.6239 57.0173 1.6
      vertex 40.7 56.4 1.6
      vertex 41.566 56.9 1.6
    endloop
  endfacet
  facet normal 0 0 1
    outer loop
      vertex 41.7 76.6 1.6
      vertex 39.7949 75.1783 1.6
      vertex 39.8 75.1 1.6
    endloop
  endfacet
  facet normal 0 0 1
    outer loop
      vertex 41.7 76.6 1.6
      vertex 39.7795 75.2553 1.6
      vertex 39.7949 75.1783 1.6
    endloop
  endfacet
  facet normal 0 0 1
    outer loop
      vertex 41.7 76.6 1.6
      vertex 39.7543 75.3296 1.6
      vertex 39.7795 75.2553 1.6
    endloop
  endfacet
  facet normal 0 0 1
    outer loop
      vertex 41.7 76.6 1.6
      vertex 39.7196 75.4 1.6
      vertex 39.7543 75.3296 1.6
    endloop
  endfacet
  facet normal 0 0 1
    outer loop
      vertex 41.7 76.6 1.6
      vertex 39.676 75.4652 1.6
      vertex 39.7196 75.4 1.6
    endloop
  endfacet
  facet normal 0 0 1
    outer loop
      vertex 41.7 76.6 1.6
      vertex 39.6243 75.5243 1.6
      vertex 39.676 75.4652 1.6
    endloop
  endfacet
  facet normal 0 0 1
    outer loop
      vertex 40.7 77.6 1.6
      vertex 39.5652 75.576 1.6
      vertex 39.6243 75.5243 1.6
    endloop
  endfacet
  facet normal 0 0 1
    outer loop
      vertex 40.7 77.6 1.6
      vertex 39.5 75.6196 1.6
      vertex 39.5652 75.576 1.6
    endloop
  endfacet
  facet normal 0 0 1
    outer loop
      vertex 40.7 77.6 1.6
      vertex 39.4296 75.6543 1.6
      vertex 39.5 75.6196 1.6
    endloop
  endfacet
  facet normal 0 0 1
    outer loop
      vertex 40.7 77.6 1.6
      vertex 39.3553 75.6796 1.6
      vertex 39.4296 75.6543 1.6
    endloop
  endfacet
  facet normal 0 0 1
    outer loop
      vertex 40.7 77.6 1.6
      vertex 39.2783 75.6949 1.6
      vertex 39.3553 75.6796 1.6
    endloop
  endfacet
  facet normal 0 0 1
    outer loop
      vertex 40.7 77.6 1.6
      vertex 39.2 75.7 1.6
      vertex 39.2783 75.6949 1.6
    endloop
  endfacet
  facet normal 0 0 1
    outer loop
      vertex 40.7 77.6 1.6
      vertex 2.50001 75.7 1.6
      vertex 39.2 75.7 1.6
    endloop
  endfacet
  facet normal 0 0 1
    outer loop
      vertex 1.90514 75.1783 1.6
      vertex 0 76.6 1.6
      vertex 1.9 75.1 1.6
    endloop
  endfacet
  facet normal 0 0 1
    outer loop
      vertex 1.92045 75.2553 1.6
      vertex 0 76.6 1.6
      vertex 1.90514 75.1783 1.6
    endloop
  endfacet
  facet normal 0 0 1
    outer loop
      vertex 1.94568 75.3296 1.6
      vertex 0 76.6 1.6
      vertex 1.92045 75.2553 1.6
    endloop
  endfacet
  facet normal 0 0 1
    outer loop
      vertex 1.98038 75.4 1.6
      vertex 0 76.6 1.6
      vertex 1.94568 75.3296 1.6
    endloop
  endfacet
  facet normal 0 0 1
    outer loop
      vertex 2.02399 75.4652 1.6
      vertex 0 76.6 1.6
      vertex 1.98038 75.4 1.6
    endloop
  endfacet
  facet normal 0 0 1
    outer loop
      vertex 2.07574 75.5243 1.6
      vertex 0 76.6 1.6
      vertex 2.02399 75.4652 1.6
    endloop
  endfacet
  facet normal -0 0 1
    outer loop
      vertex 0 76.6 1.6
      vertex 2.07574 75.5243 1.6
      vertex 1 77.6 1.6
    endloop
  endfacet
  facet normal 0 0 1
    outer loop
      vertex 2.13476 75.576 1.6
      vertex 1 77.6 1.6
      vertex 2.07574 75.5243 1.6
    endloop
  endfacet
  facet normal 0 0 1
    outer loop
      vertex 2.2 75.6196 1.6
      vertex 1 77.6 1.6
      vertex 2.13476 75.576 1.6
    endloop
  endfacet
  facet normal 0 0 1
    outer loop
      vertex 2.27039 75.6543 1.6
      vertex 1 77.6 1.6
      vertex 2.2 75.6196 1.6
    endloop
  endfacet
  facet normal 0 0 1
    outer loop
      vertex 2.34472 75.6796 1.6
      vertex 1 77.6 1.6
      vertex 2.27039 75.6543 1.6
    endloop
  endfacet
  facet normal 0 0 1
    outer loop
      vertex 2.4217 75.6949 1.6
      vertex 1 77.6 1.6
      vertex 2.34472 75.6796 1.6
    endloop
  endfacet
  facet normal 0 0 1
    outer loop
      vertex 2.50001 75.7 1.6
      vertex 1 77.6 1.6
      vertex 2.4217 75.6949 1.6
    endloop
  endfacet
  facet normal -0 0 1
    outer loop
      vertex 1 77.6 1.6
      vertex 2.50001 75.7 1.6
      vertex 40.7 77.6 1.6
    endloop
  endfacet
  facet normal 0 0 1
    outer loop
      vertex 41.566 56.9 1.6
      vertex 40.7 56.4 1.6
      vertex 41.4933 56.7912 1.6
    endloop
  endfacet
  facet normal 0 0 1
    outer loop
      vertex 41.4071 56.6929 1.6
      vertex 40.7 56.4 1.6
      vertex 41.3088 56.6067 1.6
    endloop
  endfacet
  facet normal 0 0 1
    outer loop
      vertex 41.3088 56.6067 1.6
      vertex 40.7 56.4 1.6
      vertex 41.2 56.534 1.6
    endloop
  endfacet
  facet normal 0 0 1
    outer loop
      vertex 41.2 56.534 1.6
      vertex 40.7 56.4 1.6
      vertex 41.0827 56.4761 1.6
    endloop
  endfacet
  facet normal 0 0 1
    outer loop
      vertex 41.0827 56.4761 1.6
      vertex 40.7 56.4 1.6
      vertex 40.9588 56.4341 1.6
    endloop
  endfacet
  facet normal 0 0 1
    outer loop
      vertex 40.9588 56.4341 1.6
      vertex 40.7 56.4 1.6
      vertex 40.8305 56.4086 1.6
    endloop
  endfacet
  facet normal 0 0 1
    outer loop
      vertex 41.4933 56.7912 1.6
      vertex 40.7 56.4 1.6
      vertex 41.4071 56.6929 1.6
    endloop
  endfacet
  facet normal -0 0 1
    outer loop
      vertex 39.5652 58.424 1.6
      vertex 40.7 56.4 1.6
      vertex 39.6243 58.4757 1.6
    endloop
  endfacet
  facet normal -0 0 1
    outer loop
      vertex 39.5 58.3804 1.6
      vertex 40.7 56.4 1.6
      vertex 39.5652 58.424 1.6
    endloop
  endfacet
  facet normal -0 0 1
    outer loop
      vertex 39.4296 58.3457 1.6
      vertex 40.7 56.4 1.6
      vertex 39.5 58.3804 1.6
    endloop
  endfacet
  facet normal -0 0 1
    outer loop
      vertex 39.3553 58.3204 1.6
      vertex 40.7 56.4 1.6
      vertex 39.4296 58.3457 1.6
    endloop
  endfacet
  facet normal -0 0 1
    outer loop
      vertex 39.2783 58.3051 1.6
      vertex 40.7 56.4 1.6
      vertex 39.3553 58.3204 1.6
    endloop
  endfacet
  facet normal -0 0 1
    outer loop
      vertex 39.2 58.3 1.6
      vertex 40.7 56.4 1.6
      vertex 39.2783 58.3051 1.6
    endloop
  endfacet
  facet normal -0 0 1
    outer loop
      vertex 2.50001 58.3 1.6
      vertex 40.7 56.4 1.6
      vertex 39.2 58.3 1.6
    endloop
  endfacet
  facet normal 0 0 1
    outer loop
      vertex 2.50001 58.3 1.6
      vertex 1 56.4 1.6
      vertex 40.7 56.4 1.6
    endloop
  endfacet
  facet normal 0 0 1
    outer loop
      vertex 2.4217 58.3051 1.6
      vertex 1 56.4 1.6
      vertex 2.50001 58.3 1.6
    endloop
  endfacet
  facet normal 0 0 1
    outer loop
      vertex 2.34472 58.3204 1.6
      vertex 1 56.4 1.6
      vertex 2.4217 58.3051 1.6
    endloop
  endfacet
  facet normal 0 0 1
    outer loop
      vertex 2.27039 58.3457 1.6
      vertex 1 56.4 1.6
      vertex 2.34472 58.3204 1.6
    endloop
  endfacet
  facet normal 0 0 1
    outer loop
      vertex 2.2 58.3804 1.6
      vertex 1 56.4 1.6
      vertex 2.27039 58.3457 1.6
    endloop
  endfacet
  facet normal 0 0 1
    outer loop
      vertex 2.13476 58.424 1.6
      vertex 1 56.4 1.6
      vertex 2.2 58.3804 1.6
    endloop
  endfacet
  facet normal 0 0 1
    outer loop
      vertex 2.07574 58.4757 1.6
      vertex 1 56.4 1.6
      vertex 2.13476 58.424 1.6
    endloop
  endfacet
  facet normal 0 0 1
    outer loop
      vertex 0 57.4 1.6
      vertex 2.07574 58.4757 1.6
      vertex 2.02399 58.5348 1.6
    endloop
  endfacet
  facet normal 0 0 1
    outer loop
      vertex 0 57.4 1.6
      vertex 2.02399 58.5348 1.6
      vertex 1.98038 58.6 1.6
    endloop
  endfacet
  facet normal 0 0 1
    outer loop
      vertex 0 57.4 1.6
      vertex 1.98038 58.6 1.6
      vertex 1.94568 58.6704 1.6
    endloop
  endfacet
  facet normal 0 0 1
    outer loop
      vertex 0 57.4 1.6
      vertex 1.94568 58.6704 1.6
      vertex 1.92045 58.7447 1.6
    endloop
  endfacet
  facet normal 0 0 1
    outer loop
      vertex 0 57.4 1.6
      vertex 1.92045 58.7447 1.6
      vertex 1.90514 58.8217 1.6
    endloop
  endfacet
  facet normal 0 0 1
    outer loop
      vertex 0 57.4 1.6
      vertex 1.90514 58.8217 1.6
      vertex 1.9 58.9 1.6
    endloop
  endfacet
  facet normal 0 0 1
    outer loop
      vertex 1.9 75.1 1.6
      vertex 0 76.6 1.6
      vertex 1.9 58.9 1.6
    endloop
  endfacet
  facet normal 0 0 1
    outer loop
      vertex 0 76.6 1.6
      vertex 1 77.6 1.6
      vertex 0.869476 77.5914 1.6
    endloop
  endfacet
  facet normal 0 0 1
    outer loop
      vertex 0 57.4 1.6
      vertex 1.9 58.9 1.6
      vertex 0 76.6 1.6
    endloop
  endfacet
  facet normal 0 0 1
    outer loop
      vertex 0 76.6 1.6
      vertex 0.869476 77.5914 1.6
      vertex 0.74118 77.5659 1.6
    endloop
  endfacet
  facet normal 0 0 1
    outer loop
      vertex 2.07574 58.4757 1.6
      vertex 0 57.4 1.6
      vertex 1 56.4 1.6
    endloop
  endfacet
  facet normal 0 0 1
    outer loop
      vertex 0 76.6 1.6
      vertex 0.74118 77.5659 1.6
      vertex 0.61731 77.5239 1.6
    endloop
  endfacet
  facet normal 0 0 1
    outer loop
      vertex 1 56.4 1.6
      vertex 0 57.4 1.6
      vertex 0.869476 56.4086 1.6
    endloop
  endfacet
  facet normal 0 0 1
    outer loop
      vertex 0 76.6 1.6
      vertex 0.61731 77.5239 1.6
      vertex 0.5 77.466 1.6
    endloop
  endfacet
  facet normal 0 0 1
    outer loop
      vertex 0.869476 56.4086 1.6
      vertex 0 57.4 1.6
      vertex 0.74118 56.4341 1.6
    endloop
  endfacet
  facet normal 0 0 1
    outer loop
      vertex 0 76.6 1.6
      vertex 0.5 77.466 1.6
      vertex 0.391235 77.3933 1.6
    endloop
  endfacet
  facet normal 0 0 1
    outer loop
      vertex 0.74118 56.4341 1.6
      vertex 0 57.4 1.6
      vertex 0.61731 56.4761 1.6
    endloop
  endfacet
  facet normal 0 0 1
    outer loop
      vertex 0 76.6 1.6
      vertex 0.391235 77.3933 1.6
      vertex 0.292892 77.3071 1.6
    endloop
  endfacet
  facet normal 0 0 1
    outer loop
      vertex 0.61731 56.4761 1.6
      vertex 0 57.4 1.6
      vertex 0.5 56.534 1.6
    endloop
  endfacet
  facet normal 0 0 1
    outer loop
      vertex 0 76.6 1.6
      vertex 0.292892 77.3071 1.6
      vertex 0.20665 77.2088 1.6
    endloop
  endfacet
  facet normal 0 0 1
    outer loop
      vertex 0.5 56.534 1.6
      vertex 0 57.4 1.6
      vertex 0.391235 56.6067 1.6
    endloop
  endfacet
  facet normal 0 0 1
    outer loop
      vertex 0 76.6 1.6
      vertex 0.20665 77.2088 1.6
      vertex 0.133972 77.1 1.6
    endloop
  endfacet
  facet normal 0 0 1
    outer loop
      vertex 0.391235 56.6067 1.6
      vertex 0 57.4 1.6
      vertex 0.292892 56.6929 1.6
    endloop
  endfacet
  facet normal 0 0 1
    outer loop
      vertex 0 76.6 1.6
      vertex 0.133972 77.1 1.6
      vertex 0.0761261 76.9827 1.6
    endloop
  endfacet
  facet normal 0 0 1
    outer loop
      vertex 0.292892 56.6929 1.6
      vertex 0 57.4 1.6
      vertex 0.20665 56.7912 1.6
    endloop
  endfacet
  facet normal 0 0 1
    outer loop
      vertex 0 76.6 1.6
      vertex 0.0761261 76.9827 1.6
      vertex 0.0340729 76.8588 1.6
    endloop
  endfacet
  facet normal 0 0 1
    outer loop
      vertex 0.20665 56.7912 1.6
      vertex 0 57.4 1.6
      vertex 0.133972 56.9 1.6
    endloop
  endfacet
  facet normal 0 0 1
    outer loop
      vertex 0 76.6 1.6
      vertex 0.0340729 76.8588 1.6
      vertex 0.00856018 76.7305 1.6
    endloop
  endfacet
  facet normal 0 0 1
    outer loop
      vertex 0.133972 56.9 1.6
      vertex 0 57.4 1.6
      vertex 0.0761261 57.0173 1.6
    endloop
  endfacet
  facet normal 0 0 1
    outer loop
      vertex 0.0761261 57.0173 1.6
      vertex 0 57.4 1.6
      vertex 0.0340729 57.1412 1.6
    endloop
  endfacet
  facet normal 0 0 1
    outer loop
      vertex 0.0340729 57.1412 1.6
      vertex 0 57.4 1.6
      vertex 0.00856018 57.2695 1.6
    endloop
  endfacet
  facet normal 0.442621 -0.896709 0
    outer loop
      vertex 41.0827 56.4761 0
      vertex 41.2 56.534 1.6
      vertex 41.0827 56.4761 1.6
    endloop
  endfacet
  facet normal 0.442621 -0.896709 0
    outer loop
      vertex 41.2 56.534 1.6
      vertex 41.0827 56.4761 0
      vertex 41.2 56.534 0
    endloop
  endfacet
  facet normal 0.555582 -0.831462 0
    outer loop
      vertex 41.2 56.534 0
      vertex 41.3088 56.6067 1.6
      vertex 41.2 56.534 1.6
    endloop
  endfacet
  facet normal 0.555582 -0.831462 0
    outer loop
      vertex 41.3088 56.6067 1.6
      vertex 41.2 56.534 0
      vertex 41.3088 56.6067 0
    endloop
  endfacet
  facet normal -0.0649881 -0.997886 0
    outer loop
      vertex 2.4217 58.3051 1.6
      vertex 2.50001 58.3 2.59
      vertex 2.4217 58.3051 2.59
    endloop
  endfacet
  facet normal -0.0649881 -0.997886 -0
    outer loop
      vertex 2.50001 58.3 2.59
      vertex 2.4217 58.3051 1.6
      vertex 2.50001 58.3 1.6
    endloop
  endfacet
  facet normal 0.322337 -0.946625 0
    outer loop
      vertex 39.3553 58.3204 1.6
      vertex 39.4296 58.3457 2.59
      vertex 39.3553 58.3204 2.59
    endloop
  endfacet
  facet normal 0.322337 -0.946625 0
    outer loop
      vertex 39.4296 58.3457 2.59
      vertex 39.3553 58.3204 1.6
      vertex 39.4296 58.3457 1.6
    endloop
  endfacet
  facet normal 0 -1 0
    outer loop
      vertex 2.50001 58.3 1.6
      vertex 39.2 58.3 2.59
      vertex 2.50001 58.3 2.59
    endloop
  endfacet
  facet normal 0 -1 -0
    outer loop
      vertex 39.2 58.3 2.59
      vertex 2.50001 58.3 1.6
      vertex 39.2 58.3 1.6
    endloop
  endfacet
  facet normal 0.194891 -0.980825 0
    outer loop
      vertex 39.2783 58.3051 1.6
      vertex 39.3553 58.3204 2.59
      vertex 39.2783 58.3051 2.59
    endloop
  endfacet
  facet normal 0.194891 -0.980825 0
    outer loop
      vertex 39.3553 58.3204 2.59
      vertex 39.2783 58.3051 1.6
      vertex 39.3553 58.3204 1.6
    endloop
  endfacet
  facet normal -0.19494 -0.980815 0
    outer loop
      vertex 2.34472 58.3204 1.6
      vertex 2.4217 58.3051 2.59
      vertex 2.34472 58.3204 2.59
    endloop
  endfacet
  facet normal -0.19494 -0.980815 -0
    outer loop
      vertex 2.4217 58.3051 2.59
      vertex 2.34472 58.3204 1.6
      vertex 2.4217 58.3051 1.6
    endloop
  endfacet
  facet normal -0.65892 0.752213 0
    outer loop
      vertex 2.13476 75.576 1.6
      vertex 2.07574 75.5243 2.59
      vertex 2.13476 75.576 2.59
    endloop
  endfacet
  facet normal -0.65892 0.752213 0
    outer loop
      vertex 2.07574 75.5243 2.59
      vertex 2.13476 75.576 1.6
      vertex 2.07574 75.5243 1.6
    endloop
  endfacet
  facet normal 0.0649964 -0.997886 0
    outer loop
      vertex 39.2 58.3 1.6
      vertex 39.2783 58.3051 2.59
      vertex 39.2 58.3 2.59
    endloop
  endfacet
  facet normal 0.0649964 -0.997886 0
    outer loop
      vertex 39.2783 58.3051 2.59
      vertex 39.2 58.3 1.6
      vertex 39.2783 58.3051 1.6
    endloop
  endfacet
  facet normal 0.322337 0.946625 -0
    outer loop
      vertex 39.4296 75.6543 1.6
      vertex 39.3553 75.6796 2.59
      vertex 39.4296 75.6543 2.59
    endloop
  endfacet
  facet normal 0.322337 0.946625 0
    outer loop
      vertex 39.3553 75.6796 2.59
      vertex 39.4296 75.6543 1.6
      vertex 39.3553 75.6796 1.6
    endloop
  endfacet
  facet normal 0.947013 0.321194 0
    outer loop
      vertex 39.7795 75.2553 2.59
      vertex 39.7543 75.3296 1.6
      vertex 39.7543 75.3296 2.59
    endloop
  endfacet
  facet normal 0.947013 0.321194 0
    outer loop
      vertex 39.7543 75.3296 1.6
      vertex 39.7795 75.2553 2.59
      vertex 39.7795 75.2553 1.6
    endloop
  endfacet
  facet normal -0.0649881 0.997886 0
    outer loop
      vertex 2.50001 75.7 1.6
      vertex 2.4217 75.6949 2.59
      vertex 2.50001 75.7 2.59
    endloop
  endfacet
  facet normal -0.0649881 0.997886 0
    outer loop
      vertex 2.4217 75.6949 2.59
      vertex 2.50001 75.7 1.6
      vertex 2.4217 75.6949 1.6
    endloop
  endfacet
  facet normal -1 0 0
    outer loop
      vertex 1.9 58.9 1.6
      vertex 1.9 75.1 2.59
      vertex 1.9 75.1 1.6
    endloop
  endfacet
  facet normal -1 -0 0
    outer loop
      vertex 1.9 75.1 2.59
      vertex 1.9 58.9 1.6
      vertex 1.9 58.9 2.59
    endloop
  endfacet
  facet normal -0.32222 0.946665 0
    outer loop
      vertex 2.34472 75.6796 1.6
      vertex 2.27039 75.6543 2.59
      vertex 2.34472 75.6796 2.59
    endloop
  endfacet
  facet normal -0.32222 0.946665 0
    outer loop
      vertex 2.27039 75.6543 2.59
      vertex 2.34472 75.6796 1.6
      vertex 2.27039 75.6543 1.6
    endloop
  endfacet
  facet normal 0.555877 0.831265 -0
    outer loop
      vertex 39.5652 75.576 1.6
      vertex 39.5 75.6196 2.59
      vertex 39.5652 75.576 2.59
    endloop
  endfacet
  facet normal 0.555877 0.831265 0
    outer loop
      vertex 39.5 75.6196 2.59
      vertex 39.5652 75.576 1.6
      vertex 39.5 75.6196 1.6
    endloop
  endfacet
  facet normal 0 0 1
    outer loop
      vertex 39.2 75.7 2.59
      vertex 39.8 75.1 2.59
      vertex 39.7949 75.1783 2.59
    endloop
  endfacet
  facet normal 0 0 1
    outer loop
      vertex 39.8 75.1 2.59
      vertex 28.8 67 2.59
      vertex 39.8 58.9 2.59
    endloop
  endfacet
  facet normal 0 0 1
    outer loop
      vertex 39.2 75.7 2.59
      vertex 39.7949 75.1783 2.59
      vertex 39.7795 75.2553 2.59
    endloop
  endfacet
  facet normal -0 0 1
    outer loop
      vertex 28.7625 66.7153 2.59
      vertex 39.8 58.9 2.59
      vertex 28.8 67 2.59
    endloop
  endfacet
  facet normal 0 0 1
    outer loop
      vertex 39.2 75.7 2.59
      vertex 39.7795 75.2553 2.59
      vertex 39.7543 75.3296 2.59
    endloop
  endfacet
  facet normal -0 0 1
    outer loop
      vertex 28.6526 66.45 2.59
      vertex 39.8 58.9 2.59
      vertex 28.7625 66.7153 2.59
    endloop
  endfacet
  facet normal 0 0 1
    outer loop
      vertex 39.2 75.7 2.59
      vertex 39.7543 75.3296 2.59
      vertex 39.7196 75.4 2.59
    endloop
  endfacet
  facet normal 0 -0 1
    outer loop
      vertex 39.2 58.3 2.59
      vertex 39.8 58.9 2.59
      vertex 28.6526 66.45 2.59
    endloop
  endfacet
  facet normal 0 0 1
    outer loop
      vertex 39.2 75.7 2.59
      vertex 39.7196 75.4 2.59
      vertex 39.676 75.4652 2.59
    endloop
  endfacet
  facet normal 0 0 1
    outer loop
      vertex 39.7949 58.8217 2.59
      vertex 39.2 58.3 2.59
      vertex 39.7795 58.7447 2.59
    endloop
  endfacet
  facet normal 0 0 1
    outer loop
      vertex 39.2 75.7 2.59
      vertex 39.676 75.4652 2.59
      vertex 39.6243 75.5243 2.59
    endloop
  endfacet
  facet normal 0 0 1
    outer loop
      vertex 39.7795 58.7447 2.59
      vertex 39.2 58.3 2.59
      vertex 39.7543 58.6704 2.59
    endloop
  endfacet
  facet normal 0 0 1
    outer loop
      vertex 39.2 75.7 2.59
      vertex 39.6243 75.5243 2.59
      vertex 39.5652 75.576 2.59
    endloop
  endfacet
  facet normal 0 0 1
    outer loop
      vertex 39.7543 58.6704 2.59
      vertex 39.2 58.3 2.59
      vertex 39.7196 58.6 2.59
    endloop
  endfacet
  facet normal 0 0 1
    outer loop
      vertex 39.2 75.7 2.59
      vertex 39.5652 75.576 2.59
      vertex 39.5 75.6196 2.59
    endloop
  endfacet
  facet normal 0 0 1
    outer loop
      vertex 39.7196 58.6 2.59
      vertex 39.2 58.3 2.59
      vertex 39.676 58.5348 2.59
    endloop
  endfacet
  facet normal 0 0 1
    outer loop
      vertex 39.2 75.7 2.59
      vertex 39.5 75.6196 2.59
      vertex 39.4296 75.6543 2.59
    endloop
  endfacet
  facet normal 0 0 1
    outer loop
      vertex 39.8 75.1 2.59
      vertex 39.2 75.7 2.59
      vertex 28.6526 67.55 2.59
    endloop
  endfacet
  facet normal 0 0 1
    outer loop
      vertex 39.2 75.7 2.59
      vertex 39.4296 75.6543 2.59
      vertex 39.3553 75.6796 2.59
    endloop
  endfacet
  facet normal 0 0 1
    outer loop
      vertex 39.6243 58.4757 2.59
      vertex 39.2 58.3 2.59
      vertex 39.5652 58.424 2.59
    endloop
  endfacet
  facet normal 0 0 1
    outer loop
      vertex 39.2 75.7 2.59
      vertex 39.3553 75.6796 2.59
      vertex 39.2783 75.6949 2.59
    endloop
  endfacet
  facet normal 0 0 1
    outer loop
      vertex 39.5 58.3804 2.59
      vertex 39.2 58.3 2.59
      vertex 39.4296 58.3457 2.59
    endloop
  endfacet
  facet normal 0 0 1
    outer loop
      vertex 39.4296 58.3457 2.59
      vertex 39.2 58.3 2.59
      vertex 39.3553 58.3204 2.59
    endloop
  endfacet
  facet normal 0 0 1
    outer loop
      vertex 39.3553 58.3204 2.59
      vertex 39.2 58.3 2.59
      vertex 39.2783 58.3051 2.59
    endloop
  endfacet
  facet normal 0 0 1
    outer loop
      vertex 39.5652 58.424 2.59
      vertex 39.2 58.3 2.59
      vertex 39.5 58.3804 2.59
    endloop
  endfacet
  facet normal 0 0 1
    outer loop
      vertex 39.8 75.1 2.59
      vertex 28.7625 67.2847 2.59
      vertex 28.8 67 2.59
    endloop
  endfacet
  facet normal 0 0 1
    outer loop
      vertex 39.8 75.1 2.59
      vertex 28.6526 67.55 2.59
      vertex 28.7625 67.2847 2.59
    endloop
  endfacet
  facet normal 0 0 1
    outer loop
      vertex 39.2 75.7 2.59
      vertex 28.4778 67.7778 2.59
      vertex 28.6526 67.55 2.59
    endloop
  endfacet
  facet normal 0 0 1
    outer loop
      vertex 39.2 75.7 2.59
      vertex 28.25 67.9526 2.59
      vertex 28.4778 67.7778 2.59
    endloop
  endfacet
  facet normal 0 0 1
    outer loop
      vertex 39.2 75.7 2.59
      vertex 27.9847 68.0625 2.59
      vertex 28.25 67.9526 2.59
    endloop
  endfacet
  facet normal 0 0 1
    outer loop
      vertex 39.2 75.7 2.59
      vertex 27.7 68.1 2.59
      vertex 27.9847 68.0625 2.59
    endloop
  endfacet
  facet normal 0 0 1
    outer loop
      vertex 39.2 75.7 2.59
      vertex 27.4153 68.0625 2.59
      vertex 27.7 68.1 2.59
    endloop
  endfacet
  facet normal -0 0 1
    outer loop
      vertex 9.18897 70.1185 2.59
      vertex 27.4153 68.0625 2.59
      vertex 39.2 75.7 2.59
    endloop
  endfacet
  facet normal 0 0 1
    outer loop
      vertex 11.0569 67.5475 2.59
      vertex 26.6 67 2.59
      vertex 26.6375 67.2847 2.59
    endloop
  endfacet
  facet normal 0 0 1
    outer loop
      vertex 10.9287 68.0816 2.59
      vertex 26.6375 67.2847 2.59
      vertex 26.7474 67.55 2.59
    endloop
  endfacet
  facet normal 0 0 1
    outer loop
      vertex 10.7185 68.589 2.59
      vertex 26.7474 67.55 2.59
      vertex 26.9222 67.7778 2.59
    endloop
  endfacet
  facet normal 0 0 1
    outer loop
      vertex 10.0749 69.4749 2.59
      vertex 26.9222 67.7778 2.59
      vertex 27.15 67.9526 2.59
    endloop
  endfacet
  facet normal -0 -0 1
    outer loop
      vertex 9.65725 69.8316 2.59
      vertex 27.4153 68.0625 2.59
      vertex 9.18897 70.1185 2.59
    endloop
  endfacet
  facet normal 0 0 1
    outer loop
      vertex 26.6 67 2.59
      vertex 11.0569 67.5475 2.59
      vertex 11.1 67 2.59
    endloop
  endfacet
  facet normal 0 0 1
    outer loop
      vertex 26.6375 67.2847 2.59
      vertex 10.9287 68.0816 2.59
      vertex 11.0569 67.5475 2.59
    endloop
  endfacet
  facet normal 0 0 1
    outer loop
      vertex 26.7474 67.55 2.59
      vertex 10.7185 68.589 2.59
      vertex 10.9287 68.0816 2.59
    endloop
  endfacet
  facet normal 0 0 1
    outer loop
      vertex 26.9222 67.7778 2.59
      vertex 10.4316 69.0573 2.59
      vertex 10.7185 68.589 2.59
    endloop
  endfacet
  facet normal 0 0 1
    outer loop
      vertex 26.9222 67.7778 2.59
      vertex 10.0749 69.4749 2.59
      vertex 10.4316 69.0573 2.59
    endloop
  endfacet
  facet normal 0 0 1
    outer loop
      vertex 27.15 67.9526 2.59
      vertex 9.65725 69.8316 2.59
      vertex 10.0749 69.4749 2.59
    endloop
  endfacet
  facet normal 0 0 1
    outer loop
      vertex 27.4153 68.0625 2.59
      vertex 9.65725 69.8316 2.59
      vertex 27.15 67.9526 2.59
    endloop
  endfacet
  facet normal -0 0 1
    outer loop
      vertex 2.50001 75.7 2.59
      vertex 9.18897 70.1185 2.59
      vertex 39.2 75.7 2.59
    endloop
  endfacet
  facet normal 0 0 1
    outer loop
      vertex 9.18897 70.1185 2.59
      vertex 2.50001 75.7 2.59
      vertex 8.68156 70.3287 2.59
    endloop
  endfacet
  facet normal 0 0 1
    outer loop
      vertex 8.68156 70.3287 2.59
      vertex 2.50001 75.7 2.59
      vertex 8.14752 70.4569 2.59
    endloop
  endfacet
  facet normal 0 0 1
    outer loop
      vertex 8.14752 70.4569 2.59
      vertex 2.50001 75.7 2.59
      vertex 7.6 70.5 2.59
    endloop
  endfacet
  facet normal 0 0 1
    outer loop
      vertex 4.2713 68.0816 2.59
      vertex 1.9 75.1 2.59
      vertex 4.14309 67.5475 2.59
    endloop
  endfacet
  facet normal 0 0 1
    outer loop
      vertex 4.48148 68.589 2.59
      vertex 1.9 75.1 2.59
      vertex 4.2713 68.0816 2.59
    endloop
  endfacet
  facet normal 0 0 1
    outer loop
      vertex 4.76844 69.0573 2.59
      vertex 1.9 75.1 2.59
      vertex 4.48148 68.589 2.59
    endloop
  endfacet
  facet normal 0 0 1
    outer loop
      vertex 5.12513 69.4749 2.59
      vertex 1.9 75.1 2.59
      vertex 4.76844 69.0573 2.59
    endloop
  endfacet
  facet normal 0 0 1
    outer loop
      vertex 5.54275 69.8316 2.59
      vertex 1.9 75.1 2.59
      vertex 5.12513 69.4749 2.59
    endloop
  endfacet
  facet normal 0 0 1
    outer loop
      vertex 6.01103 70.1185 2.59
      vertex 1.9 75.1 2.59
      vertex 5.54275 69.8316 2.59
    endloop
  endfacet
  facet normal -0 0 1
    outer loop
      vertex 1.9 75.1 2.59
      vertex 6.01103 70.1185 2.59
      vertex 2.50001 75.7 2.59
    endloop
  endfacet
  facet normal 0 0 1
    outer loop
      vertex 6.51844 70.3287 2.59
      vertex 2.50001 75.7 2.59
      vertex 6.01103 70.1185 2.59
    endloop
  endfacet
  facet normal 0 0 1
    outer loop
      vertex 7.05248 70.4569 2.59
      vertex 2.50001 75.7 2.59
      vertex 6.51844 70.3287 2.59
    endloop
  endfacet
  facet normal 0 0 1
    outer loop
      vertex 7.6 70.5 2.59
      vertex 2.50001 75.7 2.59
      vertex 7.05248 70.4569 2.59
    endloop
  endfacet
  facet normal 0 0 1
    outer loop
      vertex 39.676 58.5348 2.59
      vertex 39.2 58.3 2.59
      vertex 39.6243 58.4757 2.59
    endloop
  endfacet
  facet normal 0 0 1
    outer loop
      vertex 39.8 58.9 2.59
      vertex 39.2 58.3 2.59
      vertex 39.7949 58.8217 2.59
    endloop
  endfacet
  facet normal -0 0 1
    outer loop
      vertex 28.4778 66.2222 2.59
      vertex 39.2 58.3 2.59
      vertex 28.6526 66.45 2.59
    endloop
  endfacet
  facet normal -0 0 1
    outer loop
      vertex 28.25 66.0474 2.59
      vertex 39.2 58.3 2.59
      vertex 28.4778 66.2222 2.59
    endloop
  endfacet
  facet normal -0 0 1
    outer loop
      vertex 27.9847 65.9375 2.59
      vertex 39.2 58.3 2.59
      vertex 28.25 66.0474 2.59
    endloop
  endfacet
  facet normal -0 0 1
    outer loop
      vertex 27.7 65.9 2.59
      vertex 39.2 58.3 2.59
      vertex 27.9847 65.9375 2.59
    endloop
  endfacet
  facet normal 0 0 1
    outer loop
      vertex 27.4153 65.9375 2.59
      vertex 39.2 58.3 2.59
      vertex 27.7 65.9 2.59
    endloop
  endfacet
  facet normal 0 0 1
    outer loop
      vertex 9.65725 64.1684 2.59
      vertex 27.4153 65.9375 2.59
      vertex 27.15 66.0474 2.59
    endloop
  endfacet
  facet normal 0 0 1
    outer loop
      vertex 11.0569 66.4525 2.59
      vertex 26.6 67 2.59
      vertex 11.1 67 2.59
    endloop
  endfacet
  facet normal 0 0 1
    outer loop
      vertex 26.6 67 2.59
      vertex 11.0569 66.4525 2.59
      vertex 26.6375 66.7153 2.59
    endloop
  endfacet
  facet normal 0 0 1
    outer loop
      vertex 10.9287 65.9184 2.59
      vertex 26.6375 66.7153 2.59
      vertex 11.0569 66.4525 2.59
    endloop
  endfacet
  facet normal 0 0 1
    outer loop
      vertex 26.6375 66.7153 2.59
      vertex 10.9287 65.9184 2.59
      vertex 26.7474 66.45 2.59
    endloop
  endfacet
  facet normal 0 0 1
    outer loop
      vertex 10.7185 65.411 2.59
      vertex 26.7474 66.45 2.59
      vertex 10.9287 65.9184 2.59
    endloop
  endfacet
  facet normal 0 0 1
    outer loop
      vertex 26.7474 66.45 2.59
      vertex 10.7185 65.411 2.59
      vertex 26.9222 66.2222 2.59
    endloop
  endfacet
  facet normal 0 0 1
    outer loop
      vertex 10.4316 64.9427 2.59
      vertex 26.9222 66.2222 2.59
      vertex 10.7185 65.411 2.59
    endloop
  endfacet
  facet normal 0 0 1
    outer loop
      vertex 10.0749 64.5251 2.59
      vertex 26.9222 66.2222 2.59
      vertex 10.4316 64.9427 2.59
    endloop
  endfacet
  facet normal 0 0 1
    outer loop
      vertex 26.9222 66.2222 2.59
      vertex 10.0749 64.5251 2.59
      vertex 27.15 66.0474 2.59
    endloop
  endfacet
  facet normal 0 0 1
    outer loop
      vertex 9.65725 64.1684 2.59
      vertex 27.15 66.0474 2.59
      vertex 10.0749 64.5251 2.59
    endloop
  endfacet
  facet normal 0 0 1
    outer loop
      vertex 27.4153 65.9375 2.59
      vertex 9.65725 64.1684 2.59
      vertex 9.18897 63.8815 2.59
    endloop
  endfacet
  facet normal 0 0 1
    outer loop
      vertex 27.4153 65.9375 2.59
      vertex 9.18897 63.8815 2.59
      vertex 39.2 58.3 2.59
    endloop
  endfacet
  facet normal 0 0 1
    outer loop
      vertex 2.50001 58.3 2.59
      vertex 9.18897 63.8815 2.59
      vertex 8.68156 63.6713 2.59
    endloop
  endfacet
  facet normal 0 0 1
    outer loop
      vertex 2.50001 58.3 2.59
      vertex 8.68156 63.6713 2.59
      vertex 8.14752 63.5431 2.59
    endloop
  endfacet
  facet normal 0 0 1
    outer loop
      vertex 2.50001 58.3 2.59
      vertex 8.14752 63.5431 2.59
      vertex 7.6 63.5 2.59
    endloop
  endfacet
  facet normal 0 0 1
    outer loop
      vertex 2.50001 58.3 2.59
      vertex 7.6 63.5 2.59
      vertex 7.05248 63.5431 2.59
    endloop
  endfacet
  facet normal 0 0 1
    outer loop
      vertex 4.14309 67.5475 2.59
      vertex 1.9 75.1 2.59
      vertex 4.1 67 2.59
    endloop
  endfacet
  facet normal 0 0 1
    outer loop
      vertex 9.18897 63.8815 2.59
      vertex 2.50001 58.3 2.59
      vertex 39.2 58.3 2.59
    endloop
  endfacet
  facet normal 0 0 1
    outer loop
      vertex 6.51844 63.6713 2.59
      vertex 2.50001 58.3 2.59
      vertex 7.05248 63.5431 2.59
    endloop
  endfacet
  facet normal 0 0 1
    outer loop
      vertex 6.01103 63.8815 2.59
      vertex 2.50001 58.3 2.59
      vertex 6.51844 63.6713 2.59
    endloop
  endfacet
  facet normal 0 0 1
    outer loop
      vertex 1.9 58.9 2.59
      vertex 6.01103 63.8815 2.59
      vertex 5.54275 64.1684 2.59
    endloop
  endfacet
  facet normal 0 0 1
    outer loop
      vertex 1.9 58.9 2.59
      vertex 5.54275 64.1684 2.59
      vertex 5.12513 64.5251 2.59
    endloop
  endfacet
  facet normal 0 0 1
    outer loop
      vertex 1.9 58.9 2.59
      vertex 5.12513 64.5251 2.59
      vertex 4.76844 64.9427 2.59
    endloop
  endfacet
  facet normal 0 0 1
    outer loop
      vertex 1.9 58.9 2.59
      vertex 4.76844 64.9427 2.59
      vertex 4.48148 65.411 2.59
    endloop
  endfacet
  facet normal 0 0 1
    outer loop
      vertex 1.9 58.9 2.59
      vertex 4.48148 65.411 2.59
      vertex 4.2713 65.9184 2.59
    endloop
  endfacet
  facet normal 0 0 1
    outer loop
      vertex 1.9 58.9 2.59
      vertex 4.2713 65.9184 2.59
      vertex 4.14309 66.4525 2.59
    endloop
  endfacet
  facet normal 0 0 1
    outer loop
      vertex 1.9 58.9 2.59
      vertex 4.1 67 2.59
      vertex 1.9 75.1 2.59
    endloop
  endfacet
  facet normal 0 0 1
    outer loop
      vertex 1.9 75.1 2.59
      vertex 2.50001 75.7 2.59
      vertex 2.4217 75.6949 2.59
    endloop
  endfacet
  facet normal 0 0 1
    outer loop
      vertex 4.1 67 2.59
      vertex 1.9 58.9 2.59
      vertex 4.14309 66.4525 2.59
    endloop
  endfacet
  facet normal 0 0 1
    outer loop
      vertex 1.9 75.1 2.59
      vertex 2.4217 75.6949 2.59
      vertex 2.34472 75.6796 2.59
    endloop
  endfacet
  facet normal 0 0 1
    outer loop
      vertex 6.01103 63.8815 2.59
      vertex 1.9 58.9 2.59
      vertex 2.50001 58.3 2.59
    endloop
  endfacet
  facet normal 0 0 1
    outer loop
      vertex 1.9 75.1 2.59
      vertex 2.34472 75.6796 2.59
      vertex 2.27039 75.6543 2.59
    endloop
  endfacet
  facet normal 0 0 1
    outer loop
      vertex 2.50001 58.3 2.59
      vertex 1.9 58.9 2.59
      vertex 2.4217 58.3051 2.59
    endloop
  endfacet
  facet normal 0 0 1
    outer loop
      vertex 1.9 75.1 2.59
      vertex 2.27039 75.6543 2.59
      vertex 2.2 75.6196 2.59
    endloop
  endfacet
  facet normal 0 0 1
    outer loop
      vertex 2.4217 58.3051 2.59
      vertex 1.9 58.9 2.59
      vertex 2.34472 58.3204 2.59
    endloop
  endfacet
  facet normal 0 0 1
    outer loop
      vertex 1.9 75.1 2.59
      vertex 2.2 75.6196 2.59
      vertex 2.13476 75.576 2.59
    endloop
  endfacet
  facet normal 0 0 1
    outer loop
      vertex 2.34472 58.3204 2.59
      vertex 1.9 58.9 2.59
      vertex 2.27039 58.3457 2.59
    endloop
  endfacet
  facet normal 0 0 1
    outer loop
      vertex 1.9 75.1 2.59
      vertex 2.13476 75.576 2.59
      vertex 2.07574 75.5243 2.59
    endloop
  endfacet
  facet normal 0 0 1
    outer loop
      vertex 2.27039 58.3457 2.59
      vertex 1.9 58.9 2.59
      vertex 2.2 58.3804 2.59
    endloop
  endfacet
  facet normal 0 0 1
    outer loop
      vertex 1.9 75.1 2.59
      vertex 2.07574 75.5243 2.59
      vertex 2.02399 75.4652 2.59
    endloop
  endfacet
  facet normal 0 0 1
    outer loop
      vertex 2.2 58.3804 2.59
      vertex 1.9 58.9 2.59
      vertex 2.13476 58.424 2.59
    endloop
  endfacet
  facet normal 0 0 1
    outer loop
      vertex 1.9 75.1 2.59
      vertex 2.02399 75.4652 2.59
      vertex 1.98038 75.4 2.59
    endloop
  endfacet
  facet normal 0 0 1
    outer loop
      vertex 2.13476 58.424 2.59
      vertex 1.9 58.9 2.59
      vertex 2.07574 58.4757 2.59
    endloop
  endfacet
  facet normal 0 0 1
    outer loop
      vertex 1.9 75.1 2.59
      vertex 1.98038 75.4 2.59
      vertex 1.94568 75.3296 2.59
    endloop
  endfacet
  facet normal 0 0 1
    outer loop
      vertex 2.07574 58.4757 2.59
      vertex 1.9 58.9 2.59
      vertex 2.02399 58.5348 2.59
    endloop
  endfacet
  facet normal 0 0 1
    outer loop
      vertex 1.9 75.1 2.59
      vertex 1.94568 75.3296 2.59
      vertex 1.92045 75.2553 2.59
    endloop
  endfacet
  facet normal 0 0 1
    outer loop
      vertex 2.02399 58.5348 2.59
      vertex 1.9 58.9 2.59
      vertex 1.98038 58.6 2.59
    endloop
  endfacet
  facet normal 0 0 1
    outer loop
      vertex 1.9 75.1 2.59
      vertex 1.92045 75.2553 2.59
      vertex 1.90514 75.1783 2.59
    endloop
  endfacet
  facet normal 0 0 1
    outer loop
      vertex 1.98038 58.6 2.59
      vertex 1.9 58.9 2.59
      vertex 1.94568 58.6704 2.59
    endloop
  endfacet
  facet normal 0 0 1
    outer loop
      vertex 1.94568 58.6704 2.59
      vertex 1.9 58.9 2.59
      vertex 1.92045 58.7447 2.59
    endloop
  endfacet
  facet normal 0 0 1
    outer loop
      vertex 1.92045 58.7447 2.59
      vertex 1.9 58.9 2.59
      vertex 1.90514 58.8217 2.59
    endloop
  endfacet
  facet normal 0 1 -0
    outer loop
      vertex 39.2 75.7 1.6
      vertex 2.50001 75.7 2.59
      vertex 39.2 75.7 2.59
    endloop
  endfacet
  facet normal 0 1 0
    outer loop
      vertex 2.50001 75.7 2.59
      vertex 39.2 75.7 1.6
      vertex 2.50001 75.7 1.6
    endloop
  endfacet
  facet normal 0.658414 -0.752656 0
    outer loop
      vertex 39.5652 58.424 1.6
      vertex 39.6243 58.4757 2.59
      vertex 39.5652 58.424 2.59
    endloop
  endfacet
  facet normal 0.658414 -0.752656 0
    outer loop
      vertex 39.6243 58.4757 2.59
      vertex 39.5652 58.424 1.6
      vertex 39.6243 58.4757 1.6
    endloop
  endfacet
  facet normal -0.32222 -0.946665 0
    outer loop
      vertex 2.27039 58.3457 1.6
      vertex 2.34472 58.3204 2.59
      vertex 2.27039 58.3457 2.59
    endloop
  endfacet
  facet normal -0.32222 -0.946665 -0
    outer loop
      vertex 2.34472 58.3204 2.59
      vertex 2.27039 58.3457 1.6
      vertex 2.34472 58.3204 1.6
    endloop
  endfacet
  facet normal -0.946897 0.321537 0
    outer loop
      vertex 1.92045 75.2553 1.6
      vertex 1.94568 75.3296 2.59
      vertex 1.94568 75.3296 1.6
    endloop
  endfacet
  facet normal -0.946897 0.321537 0
    outer loop
      vertex 1.94568 75.3296 2.59
      vertex 1.92045 75.2553 1.6
      vertex 1.92045 75.2553 2.59
    endloop
  endfacet
  facet normal -0.896961 0.44211 0
    outer loop
      vertex 1.94568 75.3296 1.6
      vertex 1.98038 75.4 2.59
      vertex 1.98038 75.4 1.6
    endloop
  endfacet
  facet normal -0.896961 0.44211 0
    outer loop
      vertex 1.98038 75.4 2.59
      vertex 1.94568 75.3296 1.6
      vertex 1.94568 75.3296 2.59
    endloop
  endfacet
  facet normal 1 -0 0
    outer loop
      vertex 39.8 58.9 2.59
      vertex 39.8 75.1 1.6
      vertex 39.8 75.1 2.59
    endloop
  endfacet
  facet normal 1 0 0
    outer loop
      vertex 39.8 75.1 1.6
      vertex 39.8 58.9 2.59
      vertex 39.8 58.9 1.6
    endloop
  endfacet
  facet normal -0.44216 0.896936 0
    outer loop
      vertex 2.27039 75.6543 1.6
      vertex 2.2 75.6196 2.59
      vertex 2.27039 75.6543 2.59
    endloop
  endfacet
  facet normal -0.44216 0.896936 0
    outer loop
      vertex 2.2 75.6196 2.59
      vertex 2.27039 75.6543 1.6
      vertex 2.2 75.6196 1.6
    endloop
  endfacet
  facet normal 0.831265 -0.555877 0
    outer loop
      vertex 39.676 58.5348 2.59
      vertex 39.7196 58.6 1.6
      vertex 39.7196 58.6 2.59
    endloop
  endfacet
  facet normal 0.831265 -0.555877 0
    outer loop
      vertex 39.7196 58.6 1.6
      vertex 39.676 58.5348 2.59
      vertex 39.676 58.5348 1.6
    endloop
  endfacet
  facet normal 0.194891 0.980825 -0
    outer loop
      vertex 39.3553 75.6796 1.6
      vertex 39.2783 75.6949 2.59
      vertex 39.3553 75.6796 2.59
    endloop
  endfacet
  facet normal 0.194891 0.980825 0
    outer loop
      vertex 39.2783 75.6949 2.59
      vertex 39.3553 75.6796 1.6
      vertex 39.2783 75.6949 1.6
    endloop
  endfacet
  facet normal 0.752656 -0.658414 0
    outer loop
      vertex 39.6243 58.4757 2.59
      vertex 39.676 58.5348 1.6
      vertex 39.676 58.5348 2.59
    endloop
  endfacet
  facet normal 0.752656 -0.658414 0
    outer loop
      vertex 39.676 58.5348 1.6
      vertex 39.6243 58.4757 2.59
      vertex 39.6243 58.4757 1.6
    endloop
  endfacet
  facet normal -0.19494 0.980815 0
    outer loop
      vertex 2.4217 75.6949 1.6
      vertex 2.34472 75.6796 2.59
      vertex 2.4217 75.6949 2.59
    endloop
  endfacet
  facet normal -0.19494 0.980815 0
    outer loop
      vertex 2.34472 75.6796 2.59
      vertex 2.4217 75.6949 1.6
      vertex 2.34472 75.6796 1.6
    endloop
  endfacet
  facet normal 0.997886 -0.0649964 0
    outer loop
      vertex 39.7949 58.8217 2.59
      vertex 39.8 58.9 1.6
      vertex 39.8 58.9 2.59
    endloop
  endfacet
  facet normal 0.997886 -0.0649964 0
    outer loop
      vertex 39.8 58.9 1.6
      vertex 39.7949 58.8217 2.59
      vertex 39.7949 58.8217 1.6
    endloop
  endfacet
  facet normal -0.980801 0.195014 0
    outer loop
      vertex 1.90514 75.1783 1.6
      vertex 1.92045 75.2553 2.59
      vertex 1.92045 75.2553 1.6
    endloop
  endfacet
  facet normal -0.980801 0.195014 0
    outer loop
      vertex 1.92045 75.2553 2.59
      vertex 1.90514 75.1783 1.6
      vertex 1.90514 75.1783 2.59
    endloop
  endfacet
  facet normal -0.555641 0.831422 0
    outer loop
      vertex 2.2 75.6196 1.6
      vertex 2.13476 75.576 2.59
      vertex 2.2 75.6196 2.59
    endloop
  endfacet
  facet normal -0.555641 0.831422 0
    outer loop
      vertex 2.13476 75.576 2.59
      vertex 2.2 75.6196 1.6
      vertex 2.13476 75.576 1.6
    endloop
  endfacet
  facet normal -0.997852 -0.065504 0
    outer loop
      vertex 1.90514 58.8217 1.6
      vertex 1.9 58.9 2.59
      vertex 1.9 58.9 1.6
    endloop
  endfacet
  facet normal -0.997852 -0.065504 0
    outer loop
      vertex 1.9 58.9 2.59
      vertex 1.90514 58.8217 1.6
      vertex 1.90514 58.8217 2.59
    endloop
  endfacet
  facet normal 0.752656 0.658414 0
    outer loop
      vertex 39.676 75.4652 2.59
      vertex 39.6243 75.5243 1.6
      vertex 39.6243 75.5243 2.59
    endloop
  endfacet
  facet normal 0.752656 0.658414 0
    outer loop
      vertex 39.6243 75.5243 1.6
      vertex 39.676 75.4652 2.59
      vertex 39.676 75.4652 1.6
    endloop
  endfacet
  facet normal -0.75234 0.658775 0
    outer loop
      vertex 2.02399 75.4652 1.6
      vertex 2.07574 75.5243 2.59
      vertex 2.07574 75.5243 1.6
    endloop
  endfacet
  facet normal -0.75234 0.658775 0
    outer loop
      vertex 2.07574 75.5243 2.59
      vertex 2.02399 75.4652 1.6
      vertex 2.02399 75.4652 2.59
    endloop
  endfacet
  facet normal 0.831265 0.555877 0
    outer loop
      vertex 39.7196 75.4 2.59
      vertex 39.676 75.4652 1.6
      vertex 39.676 75.4652 2.59
    endloop
  endfacet
  facet normal 0.831265 0.555877 0
    outer loop
      vertex 39.676 75.4652 1.6
      vertex 39.7196 75.4 2.59
      vertex 39.7196 75.4 1.6
    endloop
  endfacet
  facet normal -0.831206 0.555965 0
    outer loop
      vertex 1.98038 75.4 1.6
      vertex 2.02399 75.4652 2.59
      vertex 2.02399 75.4652 1.6
    endloop
  endfacet
  facet normal -0.831206 0.555965 0
    outer loop
      vertex 2.02399 75.4652 2.59
      vertex 1.98038 75.4 1.6
      vertex 1.98038 75.4 2.59
    endloop
  endfacet
  facet normal -0.75234 -0.658775 0
    outer loop
      vertex 2.07574 58.4757 1.6
      vertex 2.02399 58.5348 2.59
      vertex 2.02399 58.5348 1.6
    endloop
  endfacet
  facet normal -0.75234 -0.658775 0
    outer loop
      vertex 2.02399 58.5348 2.59
      vertex 2.07574 58.4757 1.6
      vertex 2.07574 58.4757 2.59
    endloop
  endfacet
  facet normal 0.0649964 0.997886 -0
    outer loop
      vertex 39.2783 75.6949 1.6
      vertex 39.2 75.7 2.59
      vertex 39.2783 75.6949 2.59
    endloop
  endfacet
  facet normal 0.0649964 0.997886 0
    outer loop
      vertex 39.2 75.7 2.59
      vertex 39.2783 75.6949 1.6
      vertex 39.2 75.7 1.6
    endloop
  endfacet
  facet normal 0.658414 0.752656 -0
    outer loop
      vertex 39.6243 75.5243 1.6
      vertex 39.5652 75.576 2.59
      vertex 39.6243 75.5243 2.59
    endloop
  endfacet
  facet normal 0.658414 0.752656 0
    outer loop
      vertex 39.5652 75.576 2.59
      vertex 39.6243 75.5243 1.6
      vertex 39.5652 75.576 1.6
    endloop
  endfacet
  facet normal 0.896961 0.44211 0
    outer loop
      vertex 39.7543 75.3296 2.59
      vertex 39.7196 75.4 1.6
      vertex 39.7196 75.4 2.59
    endloop
  endfacet
  facet normal 0.896961 0.44211 0
    outer loop
      vertex 39.7196 75.4 1.6
      vertex 39.7543 75.3296 2.59
      vertex 39.7543 75.3296 1.6
    endloop
  endfacet
  facet normal 0.980581 0.196116 0
    outer loop
      vertex 39.7949 75.1783 2.59
      vertex 39.7795 75.2553 1.6
      vertex 39.7795 75.2553 2.59
    endloop
  endfacet
  facet normal 0.980581 0.196116 0
    outer loop
      vertex 39.7795 75.2553 1.6
      vertex 39.7949 75.1783 2.59
      vertex 39.7949 75.1783 1.6
    endloop
  endfacet
  facet normal 0.947013 -0.321194 0
    outer loop
      vertex 39.7543 58.6704 2.59
      vertex 39.7795 58.7447 1.6
      vertex 39.7795 58.7447 2.59
    endloop
  endfacet
  facet normal 0.947013 -0.321194 0
    outer loop
      vertex 39.7795 58.7447 1.6
      vertex 39.7543 58.6704 2.59
      vertex 39.7543 58.6704 1.6
    endloop
  endfacet
  facet normal 0.896961 -0.44211 0
    outer loop
      vertex 39.7196 58.6 2.59
      vertex 39.7543 58.6704 1.6
      vertex 39.7543 58.6704 2.59
    endloop
  endfacet
  facet normal 0.896961 -0.44211 0
    outer loop
      vertex 39.7543 58.6704 1.6
      vertex 39.7196 58.6 2.59
      vertex 39.7196 58.6 1.6
    endloop
  endfacet
  facet normal -0.997852 0.065504 0
    outer loop
      vertex 1.9 75.1 1.6
      vertex 1.90514 75.1783 2.59
      vertex 1.90514 75.1783 1.6
    endloop
  endfacet
  facet normal -0.997852 0.065504 0
    outer loop
      vertex 1.90514 75.1783 2.59
      vertex 1.9 75.1 1.6
      vertex 1.9 75.1 2.59
    endloop
  endfacet
  facet normal 0.997886 0.0649964 0
    outer loop
      vertex 39.8 75.1 2.59
      vertex 39.7949 75.1783 1.6
      vertex 39.7949 75.1783 2.59
    endloop
  endfacet
  facet normal 0.997886 0.0649964 0
    outer loop
      vertex 39.7949 75.1783 1.6
      vertex 39.8 75.1 2.59
      vertex 39.8 75.1 1.6
    endloop
  endfacet
  facet normal -0.44216 -0.896936 0
    outer loop
      vertex 2.2 58.3804 1.6
      vertex 2.27039 58.3457 2.59
      vertex 2.2 58.3804 2.59
    endloop
  endfacet
  facet normal -0.44216 -0.896936 -0
    outer loop
      vertex 2.27039 58.3457 2.59
      vertex 2.2 58.3804 1.6
      vertex 2.27039 58.3457 1.6
    endloop
  endfacet
  facet normal 0.555877 -0.831265 0
    outer loop
      vertex 39.5 58.3804 1.6
      vertex 39.5652 58.424 2.59
      vertex 39.5 58.3804 2.59
    endloop
  endfacet
  facet normal 0.555877 -0.831265 0
    outer loop
      vertex 39.5652 58.424 2.59
      vertex 39.5 58.3804 1.6
      vertex 39.5652 58.424 1.6
    endloop
  endfacet
  facet normal -0.555641 -0.831422 0
    outer loop
      vertex 2.13476 58.424 1.6
      vertex 2.2 58.3804 2.59
      vertex 2.13476 58.424 2.59
    endloop
  endfacet
  facet normal -0.555641 -0.831422 -0
    outer loop
      vertex 2.2 58.3804 2.59
      vertex 2.13476 58.424 1.6
      vertex 2.2 58.3804 1.6
    endloop
  endfacet
  facet normal 0.44211 0.896961 -0
    outer loop
      vertex 39.5 75.6196 1.6
      vertex 39.4296 75.6543 2.59
      vertex 39.5 75.6196 2.59
    endloop
  endfacet
  facet normal 0.44211 0.896961 0
    outer loop
      vertex 39.4296 75.6543 2.59
      vertex 39.5 75.6196 1.6
      vertex 39.4296 75.6543 1.6
    endloop
  endfacet
  facet normal -0.896961 -0.44211 0
    outer loop
      vertex 1.98038 58.6 1.6
      vertex 1.94568 58.6704 2.59
      vertex 1.94568 58.6704 1.6
    endloop
  endfacet
  facet normal -0.896961 -0.44211 0
    outer loop
      vertex 1.94568 58.6704 2.59
      vertex 1.98038 58.6 1.6
      vertex 1.98038 58.6 2.59
    endloop
  endfacet
  facet normal -0.980801 -0.195014 0
    outer loop
      vertex 1.92045 58.7447 1.6
      vertex 1.90514 58.8217 2.59
      vertex 1.90514 58.8217 1.6
    endloop
  endfacet
  facet normal -0.980801 -0.195014 0
    outer loop
      vertex 1.90514 58.8217 2.59
      vertex 1.92045 58.7447 1.6
      vertex 1.92045 58.7447 2.59
    endloop
  endfacet
  facet normal -0.831206 -0.555965 0
    outer loop
      vertex 2.02399 58.5348 1.6
      vertex 1.98038 58.6 2.59
      vertex 1.98038 58.6 1.6
    endloop
  endfacet
  facet normal -0.831206 -0.555965 0
    outer loop
      vertex 1.98038 58.6 2.59
      vertex 2.02399 58.5348 1.6
      vertex 2.02399 58.5348 2.59
    endloop
  endfacet
  facet normal -0.65892 -0.752213 0
    outer loop
      vertex 2.07574 58.4757 1.6
      vertex 2.13476 58.424 2.59
      vertex 2.07574 58.4757 2.59
    endloop
  endfacet
  facet normal -0.65892 -0.752213 -0
    outer loop
      vertex 2.13476 58.424 2.59
      vertex 2.07574 58.4757 1.6
      vertex 2.13476 58.424 1.6
    endloop
  endfacet
  facet normal 0.44211 -0.896961 0
    outer loop
      vertex 39.4296 58.3457 1.6
      vertex 39.5 58.3804 2.59
      vertex 39.4296 58.3457 2.59
    endloop
  endfacet
  facet normal 0.44211 -0.896961 0
    outer loop
      vertex 39.5 58.3804 2.59
      vertex 39.4296 58.3457 1.6
      vertex 39.5 58.3804 1.6
    endloop
  endfacet
  facet normal -0.946897 -0.321537 0
    outer loop
      vertex 1.94568 58.6704 1.6
      vertex 1.92045 58.7447 2.59
      vertex 1.92045 58.7447 1.6
    endloop
  endfacet
  facet normal -0.946897 -0.321537 0
    outer loop
      vertex 1.92045 58.7447 2.59
      vertex 1.94568 58.6704 1.6
      vertex 1.94568 58.6704 2.59
    endloop
  endfacet
  facet normal 0.980581 -0.196116 0
    outer loop
      vertex 39.7795 58.7447 2.59
      vertex 39.7949 58.8217 1.6
      vertex 39.7949 58.8217 2.59
    endloop
  endfacet
  facet normal 0.980581 -0.196116 0
    outer loop
      vertex 39.7949 58.8217 1.6
      vertex 39.7795 58.7447 2.59
      vertex 39.7795 58.7447 1.6
    endloop
  endfacet
  facet normal 0.852644 -0.522492 0
    outer loop
      vertex 18.1905 69.043 1.61
      vertex 18.5594 69.645 0.799999
      vertex 18.5594 69.645 1.61
    endloop
  endfacet
  facet normal 0.852644 -0.522492 0
    outer loop
      vertex 18.5594 69.645 0.799999
      vertex 18.1905 69.043 1.61
      vertex 18.1905 69.043 0.799999
    endloop
  endfacet
  facet normal 0.972382 0.233394 0
    outer loop
      vertex 17.9202 65.6094 1.61
      vertex 17.7554 66.296 0.799999
      vertex 17.7554 66.296 1.61
    endloop
  endfacet
  facet normal 0.972382 0.233394 0
    outer loop
      vertex 17.7554 66.296 0.799999
      vertex 17.9202 65.6094 1.61
      vertex 17.9202 65.6094 0.799999
    endloop
  endfacet
  facet normal -0.0784506 0.996918 0
    outer loop
      vertex 33.904 62.5554 0.799999
      vertex 33.2 62.5 1.61
      vertex 33.904 62.5554 1.61
    endloop
  endfacet
  facet normal -0.0784506 0.996918 0
    outer loop
      vertex 33.2 62.5 1.61
      vertex 33.904 62.5554 0.799999
      vertex 33.2 62.5 0.799999
    endloop
  endfacet
  facet normal -0.996918 -0.0784506 0
    outer loop
      vertex 37.7 67 0.799999
      vertex 37.6446 67.704 1.61
      vertex 37.6446 67.704 0.799999
    endloop
  endfacet
  facet normal -0.996918 -0.0784506 0
    outer loop
      vertex 37.6446 67.704 1.61
      vertex 37.7 67 0.799999
      vertex 37.7 67 1.61
    endloop
  endfacet
  facet normal -0.382765 0.923846 0
    outer loop
      vertex 35.243 62.9905 0.799999
      vertex 34.5906 62.7202 1.61
      vertex 35.243 62.9905 1.61
    endloop
  endfacet
  facet normal -0.382765 0.923846 0
    outer loop
      vertex 34.5906 62.7202 1.61
      vertex 35.243 62.9905 0.799999
      vertex 34.5906 62.7202 0.799999
    endloop
  endfacet
  facet normal -0.760435 0.649414 0
    outer loop
      vertex 36.382 63.818 0.799999
      vertex 36.8406 64.355 1.61
      vertex 36.8406 64.355 0.799999
    endloop
  endfacet
  facet normal -0.760435 0.649414 0
    outer loop
      vertex 36.8406 64.355 1.61
      vertex 36.382 63.818 0.799999
      vertex 36.382 63.818 1.61
    endloop
  endfacet
  facet normal 0.649414 -0.760435 0
    outer loop
      vertex 19.018 70.182 0.799999
      vertex 19.555 70.6406 1.61
      vertex 19.018 70.182 1.61
    endloop
  endfacet
  facet normal 0.649414 -0.760435 0
    outer loop
      vertex 19.555 70.6406 1.61
      vertex 19.018 70.182 0.799999
      vertex 19.555 70.6406 0.799999
    endloop
  endfacet
  facet normal -0.972382 -0.233394 0
    outer loop
      vertex 37.6446 67.704 0.799999
      vertex 37.4798 68.3906 1.61
      vertex 37.4798 68.3906 0.799999
    endloop
  endfacet
  facet normal -0.972382 -0.233394 0
    outer loop
      vertex 37.4798 68.3906 1.61
      vertex 37.6446 67.704 0.799999
      vertex 37.6446 67.704 1.61
    endloop
  endfacet
  facet normal 0.760435 -0.649414 0
    outer loop
      vertex 18.5594 69.645 1.61
      vertex 19.018 70.182 0.799999
      vertex 19.018 70.182 1.61
    endloop
  endfacet
  facet normal 0.760435 -0.649414 0
    outer loop
      vertex 19.018 70.182 0.799999
      vertex 18.5594 69.645 1.61
      vertex 18.5594 69.645 0.799999
    endloop
  endfacet
  facet normal 0 -1 0
    outer loop
      vertex 22.2 71.5 0.799999
      vertex 33.2 71.5 1.61
      vertex 22.2 71.5 1.61
    endloop
  endfacet
  facet normal 0 -1 -0
    outer loop
      vertex 33.2 71.5 1.61
      vertex 22.2 71.5 0.799999
      vertex 33.2 71.5 0.799999
    endloop
  endfacet
  facet normal -0.233394 -0.972382 0
    outer loop
      vertex 33.904 71.4446 0.799999
      vertex 34.5906 71.2798 1.61
      vertex 33.904 71.4446 1.61
    endloop
  endfacet
  facet normal -0.233394 -0.972382 -0
    outer loop
      vertex 34.5906 71.2798 1.61
      vertex 33.904 71.4446 0.799999
      vertex 34.5906 71.2798 0.799999
    endloop
  endfacet
  facet normal -0.852644 0.522492 0
    outer loop
      vertex 36.8406 64.355 0.799999
      vertex 37.2095 64.957 1.61
      vertex 37.2095 64.957 0.799999
    endloop
  endfacet
  facet normal -0.852644 0.522492 0
    outer loop
      vertex 37.2095 64.957 1.61
      vertex 36.8406 64.355 0.799999
      vertex 36.8406 64.355 1.61
    endloop
  endfacet
  facet normal 0.852644 0.522492 0
    outer loop
      vertex 18.5594 64.355 1.61
      vertex 18.1905 64.957 0.799999
      vertex 18.1905 64.957 1.61
    endloop
  endfacet
  facet normal 0.852644 0.522492 0
    outer loop
      vertex 18.1905 64.957 0.799999
      vertex 18.5594 64.355 1.61
      vertex 18.5594 64.355 0.799999
    endloop
  endfacet
  facet normal 0.522492 0.852644 -0
    outer loop
      vertex 20.157 62.9905 0.799999
      vertex 19.555 63.3594 1.61
      vertex 20.157 62.9905 1.61
    endloop
  endfacet
  facet normal 0.522492 0.852644 0
    outer loop
      vertex 19.555 63.3594 1.61
      vertex 20.157 62.9905 0.799999
      vertex 19.555 63.3594 0.799999
    endloop
  endfacet
  facet normal -0.0784506 -0.996918 0
    outer loop
      vertex 33.2 71.5 0.799999
      vertex 33.904 71.4446 1.61
      vertex 33.2 71.5 1.61
    endloop
  endfacet
  facet normal -0.0784506 -0.996918 -0
    outer loop
      vertex 33.904 71.4446 1.61
      vertex 33.2 71.5 0.799999
      vertex 33.904 71.4446 0.799999
    endloop
  endfacet
  facet normal 0.996918 -0.0784506 0
    outer loop
      vertex 17.7 67 1.61
      vertex 17.7554 67.704 0.799999
      vertex 17.7554 67.704 1.61
    endloop
  endfacet
  facet normal 0.996918 -0.0784506 0
    outer loop
      vertex 17.7554 67.704 0.799999
      vertex 17.7 67 1.61
      vertex 17.7 67 0.799999
    endloop
  endfacet
  facet normal 0.0784506 0.996918 -0
    outer loop
      vertex 22.2 62.5 0.799999
      vertex 21.496 62.5554 1.61
      vertex 22.2 62.5 1.61
    endloop
  endfacet
  facet normal 0.0784506 0.996918 0
    outer loop
      vertex 21.496 62.5554 1.61
      vertex 22.2 62.5 0.799999
      vertex 21.496 62.5554 0.799999
    endloop
  endfacet
  facet normal 0.0784506 -0.996918 0
    outer loop
      vertex 21.496 71.4446 0.799999
      vertex 22.2 71.5 1.61
      vertex 21.496 71.4446 1.61
    endloop
  endfacet
  facet normal 0.0784506 -0.996918 0
    outer loop
      vertex 22.2 71.5 1.61
      vertex 21.496 71.4446 0.799999
      vertex 22.2 71.5 0.799999
    endloop
  endfacet
  facet normal 0.972382 -0.233394 0
    outer loop
      vertex 17.7554 67.704 1.61
      vertex 17.9202 68.3906 0.799999
      vertex 17.9202 68.3906 1.61
    endloop
  endfacet
  facet normal 0.972382 -0.233394 0
    outer loop
      vertex 17.9202 68.3906 0.799999
      vertex 17.7554 67.704 1.61
      vertex 17.7554 67.704 0.799999
    endloop
  endfacet
  facet normal 0 1 -0
    outer loop
      vertex 33.2 62.5 0.799999
      vertex 22.2 62.5 1.61
      vertex 33.2 62.5 1.61
    endloop
  endfacet
  facet normal 0 1 0
    outer loop
      vertex 22.2 62.5 1.61
      vertex 33.2 62.5 0.799999
      vertex 22.2 62.5 0.799999
    endloop
  endfacet
  facet normal -0.923846 0.382765 0
    outer loop
      vertex 37.2095 64.957 0.799999
      vertex 37.4798 65.6094 1.61
      vertex 37.4798 65.6094 0.799999
    endloop
  endfacet
  facet normal -0.923846 0.382765 0
    outer loop
      vertex 37.4798 65.6094 1.61
      vertex 37.2095 64.957 0.799999
      vertex 37.2095 64.957 1.61
    endloop
  endfacet
  facet normal 0.382765 -0.923846 0
    outer loop
      vertex 20.157 71.0095 0.799999
      vertex 20.8094 71.2798 1.61
      vertex 20.157 71.0095 1.61
    endloop
  endfacet
  facet normal 0.382765 -0.923846 0
    outer loop
      vertex 20.8094 71.2798 1.61
      vertex 20.157 71.0095 0.799999
      vertex 20.8094 71.2798 0.799999
    endloop
  endfacet
  facet normal -0.649414 0.760435 0
    outer loop
      vertex 36.382 63.818 0.799999
      vertex 35.845 63.3594 1.61
      vertex 36.382 63.818 1.61
    endloop
  endfacet
  facet normal -0.649414 0.760435 0
    outer loop
      vertex 35.845 63.3594 1.61
      vertex 36.382 63.818 0.799999
      vertex 35.845 63.3594 0.799999
    endloop
  endfacet
  facet normal -0.852644 -0.522492 0
    outer loop
      vertex 37.2095 69.043 0.799999
      vertex 36.8406 69.645 1.61
      vertex 36.8406 69.645 0.799999
    endloop
  endfacet
  facet normal -0.852644 -0.522492 0
    outer loop
      vertex 36.8406 69.645 1.61
      vertex 37.2095 69.043 0.799999
      vertex 37.2095 69.043 1.61
    endloop
  endfacet
  facet normal 0.996918 0.0784506 0
    outer loop
      vertex 17.7554 66.296 1.61
      vertex 17.7 67 0.799999
      vertex 17.7 67 1.61
    endloop
  endfacet
  facet normal 0.996918 0.0784506 0
    outer loop
      vertex 17.7 67 0.799999
      vertex 17.7554 66.296 1.61
      vertex 17.7554 66.296 0.799999
    endloop
  endfacet
  facet normal -0.649414 -0.760435 0
    outer loop
      vertex 35.845 70.6406 0.799999
      vertex 36.382 70.182 1.61
      vertex 35.845 70.6406 1.61
    endloop
  endfacet
  facet normal -0.649414 -0.760435 -0
    outer loop
      vertex 36.382 70.182 1.61
      vertex 35.845 70.6406 0.799999
      vertex 36.382 70.182 0.799999
    endloop
  endfacet
  facet normal 0.923846 -0.382765 0
    outer loop
      vertex 17.9202 68.3906 1.61
      vertex 18.1905 69.043 0.799999
      vertex 18.1905 69.043 1.61
    endloop
  endfacet
  facet normal 0.923846 -0.382765 0
    outer loop
      vertex 18.1905 69.043 0.799999
      vertex 17.9202 68.3906 1.61
      vertex 17.9202 68.3906 0.799999
    endloop
  endfacet
  facet normal -0.382765 -0.923846 0
    outer loop
      vertex 34.5906 71.2798 0.799999
      vertex 35.243 71.0095 1.61
      vertex 34.5906 71.2798 1.61
    endloop
  endfacet
  facet normal -0.382765 -0.923846 -0
    outer loop
      vertex 35.243 71.0095 1.61
      vertex 34.5906 71.2798 0.799999
      vertex 35.243 71.0095 0.799999
    endloop
  endfacet
  facet normal -0.972382 0.233394 0
    outer loop
      vertex 37.4798 65.6094 0.799999
      vertex 37.6446 66.296 1.61
      vertex 37.6446 66.296 0.799999
    endloop
  endfacet
  facet normal -0.972382 0.233394 0
    outer loop
      vertex 37.6446 66.296 1.61
      vertex 37.4798 65.6094 0.799999
      vertex 37.4798 65.6094 1.61
    endloop
  endfacet
  facet normal 0.233394 -0.972382 0
    outer loop
      vertex 20.8094 71.2798 0.799999
      vertex 21.496 71.4446 1.61
      vertex 20.8094 71.2798 1.61
    endloop
  endfacet
  facet normal 0.233394 -0.972382 0
    outer loop
      vertex 21.496 71.4446 1.61
      vertex 20.8094 71.2798 0.799999
      vertex 21.496 71.4446 0.799999
    endloop
  endfacet
  facet normal 0.760435 0.649414 0
    outer loop
      vertex 19.018 63.818 1.61
      vertex 18.5594 64.355 0.799999
      vertex 18.5594 64.355 1.61
    endloop
  endfacet
  facet normal 0.760435 0.649414 0
    outer loop
      vertex 18.5594 64.355 0.799999
      vertex 19.018 63.818 1.61
      vertex 19.018 63.818 0.799999
    endloop
  endfacet
  facet normal 0.382765 0.923846 -0
    outer loop
      vertex 20.8094 62.7202 0.799999
      vertex 20.157 62.9905 1.61
      vertex 20.8094 62.7202 1.61
    endloop
  endfacet
  facet normal 0.382765 0.923846 0
    outer loop
      vertex 20.157 62.9905 1.61
      vertex 20.8094 62.7202 0.799999
      vertex 20.157 62.9905 0.799999
    endloop
  endfacet
  facet normal 0 0 1
    outer loop
      vertex 37.6446 67.704 0.799999
      vertex 37.6446 66.296 0.799999
      vertex 37.7 67 0.799999
    endloop
  endfacet
  facet normal 0 0 1
    outer loop
      vertex 37.4798 68.3906 0.799999
      vertex 37.6446 66.296 0.799999
      vertex 37.6446 67.704 0.799999
    endloop
  endfacet
  facet normal 0 0 1
    outer loop
      vertex 37.4798 68.3906 0.799999
      vertex 37.4798 65.6094 0.799999
      vertex 37.6446 66.296 0.799999
    endloop
  endfacet
  facet normal 0 0 1
    outer loop
      vertex 37.2095 69.043 0.799999
      vertex 37.4798 65.6094 0.799999
      vertex 37.4798 68.3906 0.799999
    endloop
  endfacet
  facet normal 0 0 1
    outer loop
      vertex 37.2095 69.043 0.799999
      vertex 37.2095 64.957 0.799999
      vertex 37.4798 65.6094 0.799999
    endloop
  endfacet
  facet normal 0 0 1
    outer loop
      vertex 36.8406 69.645 0.799999
      vertex 37.2095 64.957 0.799999
      vertex 37.2095 69.043 0.799999
    endloop
  endfacet
  facet normal 0 0 1
    outer loop
      vertex 36.8406 69.645 0.799999
      vertex 36.8406 64.355 0.799999
      vertex 37.2095 64.957 0.799999
    endloop
  endfacet
  facet normal 0 0 1
    outer loop
      vertex 36.382 70.182 0.799999
      vertex 36.8406 64.355 0.799999
      vertex 36.8406 69.645 0.799999
    endloop
  endfacet
  facet normal 0 0 1
    outer loop
      vertex 36.382 70.182 0.799999
      vertex 36.382 63.818 0.799999
      vertex 36.8406 64.355 0.799999
    endloop
  endfacet
  facet normal 0 0 1
    outer loop
      vertex 28.8 67 0.799999
      vertex 36.382 70.182 0.799999
      vertex 35.845 70.6406 0.799999
    endloop
  endfacet
  facet normal 0 0 1
    outer loop
      vertex 36.382 70.182 0.799999
      vertex 28.8 67 0.799999
      vertex 36.382 63.818 0.799999
    endloop
  endfacet
  facet normal 0 0 1
    outer loop
      vertex 28.8 67 0.799999
      vertex 35.845 70.6406 0.799999
      vertex 35.243 71.0095 0.799999
    endloop
  endfacet
  facet normal 0 0 1
    outer loop
      vertex 36.382 63.818 0.799999
      vertex 28.8 67 0.799999
      vertex 35.845 63.3594 0.799999
    endloop
  endfacet
  facet normal 0 0 1
    outer loop
      vertex 28.8 67 0.799999
      vertex 35.243 71.0095 0.799999
      vertex 34.5906 71.2798 0.799999
    endloop
  endfacet
  facet normal 0 0 1
    outer loop
      vertex 35.845 63.3594 0.799999
      vertex 28.8 67 0.799999
      vertex 35.243 62.9905 0.799999
    endloop
  endfacet
  facet normal 0 0 1
    outer loop
      vertex 28.8 67 0.799999
      vertex 34.5906 71.2798 0.799999
      vertex 33.904 71.4446 0.799999
    endloop
  endfacet
  facet normal 0 0 1
    outer loop
      vertex 35.243 62.9905 0.799999
      vertex 28.8 67 0.799999
      vertex 34.5906 62.7202 0.799999
    endloop
  endfacet
  facet normal 0 0 1
    outer loop
      vertex 28.8 67 0.799999
      vertex 33.904 71.4446 0.799999
      vertex 33.2 71.5 0.799999
    endloop
  endfacet
  facet normal 0 0 1
    outer loop
      vertex 34.5906 62.7202 0.799999
      vertex 28.8 67 0.799999
      vertex 33.904 62.5554 0.799999
    endloop
  endfacet
  facet normal 0 0 1
    outer loop
      vertex 33.904 62.5554 0.799999
      vertex 28.8 67 0.799999
      vertex 33.2 62.5 0.799999
    endloop
  endfacet
  facet normal 0 0 1
    outer loop
      vertex 33.2 71.5 0.799999
      vertex 28.7625 67.2847 0.799999
      vertex 28.8 67 0.799999
    endloop
  endfacet
  facet normal 0 0 1
    outer loop
      vertex 33.2 71.5 0.799999
      vertex 28.6526 67.55 0.799999
      vertex 28.7625 67.2847 0.799999
    endloop
  endfacet
  facet normal 0 0 1
    outer loop
      vertex 33.2 71.5 0.799999
      vertex 28.4778 67.7778 0.799999
      vertex 28.6526 67.55 0.799999
    endloop
  endfacet
  facet normal 0 0 1
    outer loop
      vertex 33.2 71.5 0.799999
      vertex 28.25 67.9526 0.799999
      vertex 28.4778 67.7778 0.799999
    endloop
  endfacet
  facet normal 0 0 1
    outer loop
      vertex 33.2 71.5 0.799999
      vertex 27.9847 68.0625 0.799999
      vertex 28.25 67.9526 0.799999
    endloop
  endfacet
  facet normal 0 0 1
    outer loop
      vertex 33.2 71.5 0.799999
      vertex 27.7 68.1 0.799999
      vertex 27.9847 68.0625 0.799999
    endloop
  endfacet
  facet normal -0 0 1
    outer loop
      vertex 22.2 71.5 0.799999
      vertex 27.7 68.1 0.799999
      vertex 33.2 71.5 0.799999
    endloop
  endfacet
  facet normal 0 0 1
    outer loop
      vertex 27.7 68.1 0.799999
      vertex 22.2 71.5 0.799999
      vertex 27.4153 68.0625 0.799999
    endloop
  endfacet
  facet normal 0 0 1
    outer loop
      vertex 26.6375 67.2847 0.799999
      vertex 22.2 71.5 0.799999
      vertex 26.6 67 0.799999
    endloop
  endfacet
  facet normal 0 0 1
    outer loop
      vertex 26.7474 67.55 0.799999
      vertex 22.2 71.5 0.799999
      vertex 26.6375 67.2847 0.799999
    endloop
  endfacet
  facet normal 0 0 1
    outer loop
      vertex 26.9222 67.7778 0.799999
      vertex 22.2 71.5 0.799999
      vertex 26.7474 67.55 0.799999
    endloop
  endfacet
  facet normal 0 0 1
    outer loop
      vertex 27.15 67.9526 0.799999
      vertex 22.2 71.5 0.799999
      vertex 26.9222 67.7778 0.799999
    endloop
  endfacet
  facet normal 0 0 1
    outer loop
      vertex 27.4153 68.0625 0.799999
      vertex 22.2 71.5 0.799999
      vertex 27.15 67.9526 0.799999
    endloop
  endfacet
  facet normal -0 0 1
    outer loop
      vertex 28.7625 66.7153 0.799999
      vertex 33.2 62.5 0.799999
      vertex 28.8 67 0.799999
    endloop
  endfacet
  facet normal -0 0 1
    outer loop
      vertex 28.6526 66.45 0.799999
      vertex 33.2 62.5 0.799999
      vertex 28.7625 66.7153 0.799999
    endloop
  endfacet
  facet normal -0 0 1
    outer loop
      vertex 28.4778 66.2222 0.799999
      vertex 33.2 62.5 0.799999
      vertex 28.6526 66.45 0.799999
    endloop
  endfacet
  facet normal -0 0 1
    outer loop
      vertex 28.25 66.0474 0.799999
      vertex 33.2 62.5 0.799999
      vertex 28.4778 66.2222 0.799999
    endloop
  endfacet
  facet normal -0 0 1
    outer loop
      vertex 27.9847 65.9375 0.799999
      vertex 33.2 62.5 0.799999
      vertex 28.25 66.0474 0.799999
    endloop
  endfacet
  facet normal -0 0 1
    outer loop
      vertex 27.7 65.9 0.799999
      vertex 33.2 62.5 0.799999
      vertex 27.9847 65.9375 0.799999
    endloop
  endfacet
  facet normal 0 0 1
    outer loop
      vertex 22.2 62.5 0.799999
      vertex 27.7 65.9 0.799999
      vertex 27.4153 65.9375 0.799999
    endloop
  endfacet
  facet normal 0 0 1
    outer loop
      vertex 22.2 62.5 0.799999
      vertex 27.4153 65.9375 0.799999
      vertex 27.15 66.0474 0.799999
    endloop
  endfacet
  facet normal -0 0 1
    outer loop
      vertex 21.496 71.4446 0.799999
      vertex 26.6 67 0.799999
      vertex 22.2 71.5 0.799999
    endloop
  endfacet
  facet normal -0 0 1
    outer loop
      vertex 20.8094 71.2798 0.799999
      vertex 26.6 67 0.799999
      vertex 21.496 71.4446 0.799999
    endloop
  endfacet
  facet normal 0 0 1
    outer loop
      vertex 26.6375 66.7153 0.799999
      vertex 22.2 62.5 0.799999
      vertex 26.7474 66.45 0.799999
    endloop
  endfacet
  facet normal 0 0 1
    outer loop
      vertex 27.7 65.9 0.799999
      vertex 22.2 62.5 0.799999
      vertex 33.2 62.5 0.799999
    endloop
  endfacet
  facet normal 0 0 1
    outer loop
      vertex 26.9222 66.2222 0.799999
      vertex 22.2 62.5 0.799999
      vertex 27.15 66.0474 0.799999
    endloop
  endfacet
  facet normal 0 0 1
    outer loop
      vertex 26.7474 66.45 0.799999
      vertex 22.2 62.5 0.799999
      vertex 26.9222 66.2222 0.799999
    endloop
  endfacet
  facet normal -0 0 1
    outer loop
      vertex 20.157 71.0095 0.799999
      vertex 26.6 67 0.799999
      vertex 20.8094 71.2798 0.799999
    endloop
  endfacet
  facet normal 0 0 1
    outer loop
      vertex 26.6 67 0.799999
      vertex 22.2 62.5 0.799999
      vertex 26.6375 66.7153 0.799999
    endloop
  endfacet
  facet normal 0 -0 1
    outer loop
      vertex 22.2 62.5 0.799999
      vertex 26.6 67 0.799999
      vertex 21.496 62.5554 0.799999
    endloop
  endfacet
  facet normal 0 0 1
    outer loop
      vertex 26.6 67 0.799999
      vertex 20.8094 62.7202 0.799999
      vertex 21.496 62.5554 0.799999
    endloop
  endfacet
  facet normal -0 0 1
    outer loop
      vertex 19.555 70.6406 0.799999
      vertex 26.6 67 0.799999
      vertex 20.157 71.0095 0.799999
    endloop
  endfacet
  facet normal 0 0 1
    outer loop
      vertex 26.6 67 0.799999
      vertex 20.157 62.9905 0.799999
      vertex 20.8094 62.7202 0.799999
    endloop
  endfacet
  facet normal -0 0 1
    outer loop
      vertex 19.018 70.182 0.799999
      vertex 26.6 67 0.799999
      vertex 19.555 70.6406 0.799999
    endloop
  endfacet
  facet normal 0 0 1
    outer loop
      vertex 26.6 67 0.799999
      vertex 19.555 63.3594 0.799999
      vertex 20.157 62.9905 0.799999
    endloop
  endfacet
  facet normal 0 0 1
    outer loop
      vertex 19.018 63.818 0.799999
      vertex 26.6 67 0.799999
      vertex 19.018 70.182 0.799999
    endloop
  endfacet
  facet normal 0 0 1
    outer loop
      vertex 26.6 67 0.799999
      vertex 19.018 63.818 0.799999
      vertex 19.555 63.3594 0.799999
    endloop
  endfacet
  facet normal -0 0 1
    outer loop
      vertex 18.5594 69.645 0.799999
      vertex 19.018 63.818 0.799999
      vertex 19.018 70.182 0.799999
    endloop
  endfacet
  facet normal 0 0 1
    outer loop
      vertex 18.5594 69.645 0.799999
      vertex 18.5594 64.355 0.799999
      vertex 19.018 63.818 0.799999
    endloop
  endfacet
  facet normal -0 0 1
    outer loop
      vertex 18.1905 69.043 0.799999
      vertex 18.5594 64.355 0.799999
      vertex 18.5594 69.645 0.799999
    endloop
  endfacet
  facet normal 0 0 1
    outer loop
      vertex 18.1905 69.043 0.799999
      vertex 18.1905 64.957 0.799999
      vertex 18.5594 64.355 0.799999
    endloop
  endfacet
  facet normal -0 0 1
    outer loop
      vertex 17.9202 68.3906 0.799999
      vertex 18.1905 64.957 0.799999
      vertex 18.1905 69.043 0.799999
    endloop
  endfacet
  facet normal 0 0 1
    outer loop
      vertex 17.9202 68.3906 0.799999
      vertex 17.9202 65.6094 0.799999
      vertex 18.1905 64.957 0.799999
    endloop
  endfacet
  facet normal -0 0 1
    outer loop
      vertex 17.7554 67.704 0.799999
      vertex 17.9202 65.6094 0.799999
      vertex 17.9202 68.3906 0.799999
    endloop
  endfacet
  facet normal 0 0 1
    outer loop
      vertex 17.7554 67.704 0.799999
      vertex 17.7554 66.296 0.799999
      vertex 17.9202 65.6094 0.799999
    endloop
  endfacet
  facet normal 0 -0 1
    outer loop
      vertex 17.7554 66.296 0.799999
      vertex 17.7554 67.704 0.799999
      vertex 17.7 67 0.799999
    endloop
  endfacet
  facet normal 0.233394 0.972382 -0
    outer loop
      vertex 21.496 62.5554 0.799999
      vertex 20.8094 62.7202 1.61
      vertex 21.496 62.5554 1.61
    endloop
  endfacet
  facet normal 0.233394 0.972382 0
    outer loop
      vertex 20.8094 62.7202 1.61
      vertex 21.496 62.5554 0.799999
      vertex 20.8094 62.7202 0.799999
    endloop
  endfacet
  facet normal 0.923846 0.382765 0
    outer loop
      vertex 18.1905 64.957 1.61
      vertex 17.9202 65.6094 0.799999
      vertex 17.9202 65.6094 1.61
    endloop
  endfacet
  facet normal 0.923846 0.382765 0
    outer loop
      vertex 17.9202 65.6094 0.799999
      vertex 18.1905 64.957 1.61
      vertex 18.1905 64.957 0.799999
    endloop
  endfacet
  facet normal 0.649414 0.760435 -0
    outer loop
      vertex 19.555 63.3594 0.799999
      vertex 19.018 63.818 1.61
      vertex 19.555 63.3594 1.61
    endloop
  endfacet
  facet normal 0.649414 0.760435 0
    outer loop
      vertex 19.018 63.818 1.61
      vertex 19.555 63.3594 0.799999
      vertex 19.018 63.818 0.799999
    endloop
  endfacet
  facet normal -0.522492 -0.852644 0
    outer loop
      vertex 35.243 71.0095 0.799999
      vertex 35.845 70.6406 1.61
      vertex 35.243 71.0095 1.61
    endloop
  endfacet
  facet normal -0.522492 -0.852644 -0
    outer loop
      vertex 35.845 70.6406 1.61
      vertex 35.243 71.0095 0.799999
      vertex 35.845 70.6406 0.799999
    endloop
  endfacet
  facet normal -0.522492 0.852644 0
    outer loop
      vertex 35.845 63.3594 0.799999
      vertex 35.243 62.9905 1.61
      vertex 35.845 63.3594 1.61
    endloop
  endfacet
  facet normal -0.522492 0.852644 0
    outer loop
      vertex 35.243 62.9905 1.61
      vertex 35.845 63.3594 0.799999
      vertex 35.243 62.9905 0.799999
    endloop
  endfacet
  facet normal -0.233394 0.972382 0
    outer loop
      vertex 34.5906 62.7202 0.799999
      vertex 33.904 62.5554 1.61
      vertex 34.5906 62.7202 1.61
    endloop
  endfacet
  facet normal -0.233394 0.972382 0
    outer loop
      vertex 33.904 62.5554 1.61
      vertex 34.5906 62.7202 0.799999
      vertex 33.904 62.5554 0.799999
    endloop
  endfacet
  facet normal -0.923846 -0.382765 0
    outer loop
      vertex 37.4798 68.3906 0.799999
      vertex 37.2095 69.043 1.61
      vertex 37.2095 69.043 0.799999
    endloop
  endfacet
  facet normal -0.923846 -0.382765 0
    outer loop
      vertex 37.2095 69.043 1.61
      vertex 37.4798 68.3906 0.799999
      vertex 37.4798 68.3906 1.61
    endloop
  endfacet
  facet normal -0.996918 0.0784506 0
    outer loop
      vertex 37.6446 66.296 0.799999
      vertex 37.7 67 1.61
      vertex 37.7 67 0.799999
    endloop
  endfacet
  facet normal -0.996918 0.0784506 0
    outer loop
      vertex 37.7 67 1.61
      vertex 37.6446 66.296 0.799999
      vertex 37.6446 66.296 1.61
    endloop
  endfacet
  facet normal -0.760435 -0.649414 0
    outer loop
      vertex 36.8406 69.645 0.799999
      vertex 36.382 70.182 1.61
      vertex 36.382 70.182 0.799999
    endloop
  endfacet
  facet normal -0.760435 -0.649414 0
    outer loop
      vertex 36.382 70.182 1.61
      vertex 36.8406 69.645 0.799999
      vertex 36.8406 69.645 1.61
    endloop
  endfacet
  facet normal 0 0 -1
    outer loop
      vertex 37.6446 66.296 1.61
      vertex 37.6446 67.704 1.61
      vertex 37.7 67 1.61
    endloop
  endfacet
  facet normal 0 0 -1
    outer loop
      vertex 37.4798 65.6094 1.61
      vertex 37.6446 67.704 1.61
      vertex 37.6446 66.296 1.61
    endloop
  endfacet
  facet normal 0 0 -1
    outer loop
      vertex 37.4798 65.6094 1.61
      vertex 37.4798 68.3906 1.61
      vertex 37.6446 67.704 1.61
    endloop
  endfacet
  facet normal 0 0 -1
    outer loop
      vertex 37.2095 64.957 1.61
      vertex 37.4798 68.3906 1.61
      vertex 37.4798 65.6094 1.61
    endloop
  endfacet
  facet normal 0 0 -1
    outer loop
      vertex 37.2095 64.957 1.61
      vertex 37.2095 69.043 1.61
      vertex 37.4798 68.3906 1.61
    endloop
  endfacet
  facet normal 0 0 -1
    outer loop
      vertex 36.8406 64.355 1.61
      vertex 37.2095 69.043 1.61
      vertex 37.2095 64.957 1.61
    endloop
  endfacet
  facet normal 0 0 -1
    outer loop
      vertex 36.8406 64.355 1.61
      vertex 36.8406 69.645 1.61
      vertex 37.2095 69.043 1.61
    endloop
  endfacet
  facet normal 0 0 -1
    outer loop
      vertex 36.382 63.818 1.61
      vertex 36.8406 69.645 1.61
      vertex 36.8406 64.355 1.61
    endloop
  endfacet
  facet normal 0 0 -1
    outer loop
      vertex 36.382 63.818 1.61
      vertex 36.382 70.182 1.61
      vertex 36.8406 69.645 1.61
    endloop
  endfacet
  facet normal 0 0 -1
    outer loop
      vertex 28.8 67 1.61
      vertex 36.382 63.818 1.61
      vertex 35.845 63.3594 1.61
    endloop
  endfacet
  facet normal 0 0 -1
    outer loop
      vertex 36.382 63.818 1.61
      vertex 28.8 67 1.61
      vertex 36.382 70.182 1.61
    endloop
  endfacet
  facet normal 0 0 -1
    outer loop
      vertex 28.8 67 1.61
      vertex 35.845 63.3594 1.61
      vertex 35.243 62.9905 1.61
    endloop
  endfacet
  facet normal -0 0 -1
    outer loop
      vertex 36.382 70.182 1.61
      vertex 28.8 67 1.61
      vertex 35.845 70.6406 1.61
    endloop
  endfacet
  facet normal 0 0 -1
    outer loop
      vertex 28.8 67 1.61
      vertex 35.243 62.9905 1.61
      vertex 34.5906 62.7202 1.61
    endloop
  endfacet
  facet normal -0 0 -1
    outer loop
      vertex 35.845 70.6406 1.61
      vertex 28.8 67 1.61
      vertex 35.243 71.0095 1.61
    endloop
  endfacet
  facet normal 0 0 -1
    outer loop
      vertex 28.8 67 1.61
      vertex 34.5906 62.7202 1.61
      vertex 33.904 62.5554 1.61
    endloop
  endfacet
  facet normal -0 0 -1
    outer loop
      vertex 35.243 71.0095 1.61
      vertex 28.8 67 1.61
      vertex 34.5906 71.2798 1.61
    endloop
  endfacet
  facet normal 0 0 -1
    outer loop
      vertex 28.8 67 1.61
      vertex 33.904 62.5554 1.61
      vertex 33.2 62.5 1.61
    endloop
  endfacet
  facet normal -0 0 -1
    outer loop
      vertex 34.5906 71.2798 1.61
      vertex 28.8 67 1.61
      vertex 33.904 71.4446 1.61
    endloop
  endfacet
  facet normal -0 0 -1
    outer loop
      vertex 33.904 71.4446 1.61
      vertex 28.8 67 1.61
      vertex 33.2 71.5 1.61
    endloop
  endfacet
  facet normal 0 0 -1
    outer loop
      vertex 33.2 62.5 1.61
      vertex 28.7625 66.7153 1.61
      vertex 28.8 67 1.61
    endloop
  endfacet
  facet normal 0 0 -1
    outer loop
      vertex 33.2 62.5 1.61
      vertex 28.6526 66.45 1.61
      vertex 28.7625 66.7153 1.61
    endloop
  endfacet
  facet normal 0 0 -1
    outer loop
      vertex 33.2 62.5 1.61
      vertex 28.4778 66.2222 1.61
      vertex 28.6526 66.45 1.61
    endloop
  endfacet
  facet normal 0 0 -1
    outer loop
      vertex 33.2 62.5 1.61
      vertex 28.25 66.0474 1.61
      vertex 28.4778 66.2222 1.61
    endloop
  endfacet
  facet normal 0 0 -1
    outer loop
      vertex 33.2 62.5 1.61
      vertex 27.9847 65.9375 1.61
      vertex 28.25 66.0474 1.61
    endloop
  endfacet
  facet normal 0 0 -1
    outer loop
      vertex 33.2 62.5 1.61
      vertex 27.7 65.9 1.61
      vertex 27.9847 65.9375 1.61
    endloop
  endfacet
  facet normal 0 0 -1
    outer loop
      vertex 22.2 62.5 1.61
      vertex 27.7 65.9 1.61
      vertex 33.2 62.5 1.61
    endloop
  endfacet
  facet normal -0 0 -1
    outer loop
      vertex 27.7 65.9 1.61
      vertex 22.2 62.5 1.61
      vertex 27.4153 65.9375 1.61
    endloop
  endfacet
  facet normal -0 0 -1
    outer loop
      vertex 26.6375 66.7153 1.61
      vertex 22.2 62.5 1.61
      vertex 26.6 67 1.61
    endloop
  endfacet
  facet normal -0 0 -1
    outer loop
      vertex 26.7474 66.45 1.61
      vertex 22.2 62.5 1.61
      vertex 26.6375 66.7153 1.61
    endloop
  endfacet
  facet normal -0 0 -1
    outer loop
      vertex 26.9222 66.2222 1.61
      vertex 22.2 62.5 1.61
      vertex 26.7474 66.45 1.61
    endloop
  endfacet
  facet normal -0 0 -1
    outer loop
      vertex 27.15 66.0474 1.61
      vertex 22.2 62.5 1.61
      vertex 26.9222 66.2222 1.61
    endloop
  endfacet
  facet normal -0 0 -1
    outer loop
      vertex 27.4153 65.9375 1.61
      vertex 22.2 62.5 1.61
      vertex 27.15 66.0474 1.61
    endloop
  endfacet
  facet normal 0 0 -1
    outer loop
      vertex 28.7625 67.2847 1.61
      vertex 33.2 71.5 1.61
      vertex 28.8 67 1.61
    endloop
  endfacet
  facet normal 0 0 -1
    outer loop
      vertex 28.6526 67.55 1.61
      vertex 33.2 71.5 1.61
      vertex 28.7625 67.2847 1.61
    endloop
  endfacet
  facet normal 0 0 -1
    outer loop
      vertex 28.4778 67.7778 1.61
      vertex 33.2 71.5 1.61
      vertex 28.6526 67.55 1.61
    endloop
  endfacet
  facet normal 0 0 -1
    outer loop
      vertex 28.25 67.9526 1.61
      vertex 33.2 71.5 1.61
      vertex 28.4778 67.7778 1.61
    endloop
  endfacet
  facet normal 0 0 -1
    outer loop
      vertex 27.9847 68.0625 1.61
      vertex 33.2 71.5 1.61
      vertex 28.25 67.9526 1.61
    endloop
  endfacet
  facet normal 0 0 -1
    outer loop
      vertex 27.7 68.1 1.61
      vertex 33.2 71.5 1.61
      vertex 27.9847 68.0625 1.61
    endloop
  endfacet
  facet normal 0 0 -1
    outer loop
      vertex 22.2 71.5 1.61
      vertex 27.7 68.1 1.61
      vertex 27.4153 68.0625 1.61
    endloop
  endfacet
  facet normal 0 0 -1
    outer loop
      vertex 22.2 71.5 1.61
      vertex 27.4153 68.0625 1.61
      vertex 27.15 67.9526 1.61
    endloop
  endfacet
  facet normal 0 0 -1
    outer loop
      vertex 21.496 62.5554 1.61
      vertex 26.6 67 1.61
      vertex 22.2 62.5 1.61
    endloop
  endfacet
  facet normal 0 0 -1
    outer loop
      vertex 20.8094 62.7202 1.61
      vertex 26.6 67 1.61
      vertex 21.496 62.5554 1.61
    endloop
  endfacet
  facet normal 0 0 -1
    outer loop
      vertex 26.6375 67.2847 1.61
      vertex 22.2 71.5 1.61
      vertex 26.7474 67.55 1.61
    endloop
  endfacet
  facet normal 0 0 -1
    outer loop
      vertex 27.7 68.1 1.61
      vertex 22.2 71.5 1.61
      vertex 33.2 71.5 1.61
    endloop
  endfacet
  facet normal 0 0 -1
    outer loop
      vertex 26.9222 67.7778 1.61
      vertex 22.2 71.5 1.61
      vertex 27.15 67.9526 1.61
    endloop
  endfacet
  facet normal 0 0 -1
    outer loop
      vertex 26.7474 67.55 1.61
      vertex 22.2 71.5 1.61
      vertex 26.9222 67.7778 1.61
    endloop
  endfacet
  facet normal 0 0 -1
    outer loop
      vertex 20.157 62.9905 1.61
      vertex 26.6 67 1.61
      vertex 20.8094 62.7202 1.61
    endloop
  endfacet
  facet normal 0 0 -1
    outer loop
      vertex 26.6 67 1.61
      vertex 22.2 71.5 1.61
      vertex 26.6375 67.2847 1.61
    endloop
  endfacet
  facet normal 0 -0 -1
    outer loop
      vertex 22.2 71.5 1.61
      vertex 26.6 67 1.61
      vertex 21.496 71.4446 1.61
    endloop
  endfacet
  facet normal 0 0 -1
    outer loop
      vertex 26.6 67 1.61
      vertex 20.8094 71.2798 1.61
      vertex 21.496 71.4446 1.61
    endloop
  endfacet
  facet normal 0 0 -1
    outer loop
      vertex 19.555 63.3594 1.61
      vertex 26.6 67 1.61
      vertex 20.157 62.9905 1.61
    endloop
  endfacet
  facet normal 0 0 -1
    outer loop
      vertex 26.6 67 1.61
      vertex 20.157 71.0095 1.61
      vertex 20.8094 71.2798 1.61
    endloop
  endfacet
  facet normal 0 0 -1
    outer loop
      vertex 19.018 63.818 1.61
      vertex 26.6 67 1.61
      vertex 19.555 63.3594 1.61
    endloop
  endfacet
  facet normal 0 0 -1
    outer loop
      vertex 26.6 67 1.61
      vertex 19.555 70.6406 1.61
      vertex 20.157 71.0095 1.61
    endloop
  endfacet
  facet normal 0 0 -1
    outer loop
      vertex 19.018 70.182 1.61
      vertex 26.6 67 1.61
      vertex 19.018 63.818 1.61
    endloop
  endfacet
  facet normal 0 0 -1
    outer loop
      vertex 26.6 67 1.61
      vertex 19.018 70.182 1.61
      vertex 19.555 70.6406 1.61
    endloop
  endfacet
  facet normal 0 0 -1
    outer loop
      vertex 18.5594 64.355 1.61
      vertex 19.018 70.182 1.61
      vertex 19.018 63.818 1.61
    endloop
  endfacet
  facet normal 0 0 -1
    outer loop
      vertex 18.5594 64.355 1.61
      vertex 18.5594 69.645 1.61
      vertex 19.018 70.182 1.61
    endloop
  endfacet
  facet normal 0 0 -1
    outer loop
      vertex 18.1905 64.957 1.61
      vertex 18.5594 69.645 1.61
      vertex 18.5594 64.355 1.61
    endloop
  endfacet
  facet normal 0 0 -1
    outer loop
      vertex 18.1905 64.957 1.61
      vertex 18.1905 69.043 1.61
      vertex 18.5594 69.645 1.61
    endloop
  endfacet
  facet normal 0 0 -1
    outer loop
      vertex 17.9202 65.6094 1.61
      vertex 18.1905 69.043 1.61
      vertex 18.1905 64.957 1.61
    endloop
  endfacet
  facet normal 0 0 -1
    outer loop
      vertex 17.9202 65.6094 1.61
      vertex 17.9202 68.3906 1.61
      vertex 18.1905 69.043 1.61
    endloop
  endfacet
  facet normal 0 0 -1
    outer loop
      vertex 17.7554 66.296 1.61
      vertex 17.9202 68.3906 1.61
      vertex 17.9202 65.6094 1.61
    endloop
  endfacet
  facet normal 0 0 -1
    outer loop
      vertex 17.7554 66.296 1.61
      vertex 17.7554 67.704 1.61
      vertex 17.9202 68.3906 1.61
    endloop
  endfacet
  facet normal 0 -0 -1
    outer loop
      vertex 17.7554 67.704 1.61
      vertex 17.7554 66.296 1.61
      vertex 17.7 67 1.61
    endloop
  endfacet
  facet normal 0.522492 -0.852644 0
    outer loop
      vertex 19.555 70.6406 0.799999
      vertex 20.157 71.0095 1.61
      vertex 19.555 70.6406 1.61
    endloop
  endfacet
  facet normal 0.522492 -0.852644 0
    outer loop
      vertex 20.157 71.0095 1.61
      vertex 19.555 70.6406 0.799999
      vertex 20.157 71.0095 0.799999
    endloop
  endfacet
  facet normal -0.923868 0.382711 0
    outer loop
      vertex 28.6526 66.45 0
      vertex 28.7625 66.7153 0.799999
      vertex 28.7625 66.7153 0
    endloop
  endfacet
  facet normal -0.923868 0.382711 0
    outer loop
      vertex 28.7625 66.7153 0.799999
      vertex 28.6526 66.45 0
      vertex 28.6526 66.45 0.799999
    endloop
  endfacet
  facet normal -0.923868 0.382711 0
    outer loop
      vertex 28.6526 66.45 1.61
      vertex 28.7625 66.7153 2.59
      vertex 28.7625 66.7153 1.61
    endloop
  endfacet
  facet normal -0.923868 0.382711 0
    outer loop
      vertex 28.7625 66.7153 2.59
      vertex 28.6526 66.45 1.61
      vertex 28.6526 66.45 2.59
    endloop
  endfacet
  facet normal -0.923868 -0.382711 0
    outer loop
      vertex 28.7625 67.2847 0
      vertex 28.6526 67.55 0.799999
      vertex 28.6526 67.55 0
    endloop
  endfacet
  facet normal -0.923868 -0.382711 0
    outer loop
      vertex 28.6526 67.55 0.799999
      vertex 28.7625 67.2847 0
      vertex 28.7625 67.2847 0.799999
    endloop
  endfacet
  facet normal -0.923868 -0.382711 0
    outer loop
      vertex 28.7625 67.2847 1.61
      vertex 28.6526 67.55 2.59
      vertex 28.6526 67.55 1.61
    endloop
  endfacet
  facet normal -0.923868 -0.382711 0
    outer loop
      vertex 28.6526 67.55 2.59
      vertex 28.7625 67.2847 1.61
      vertex 28.7625 67.2847 2.59
    endloop
  endfacet
  facet normal -0.991437 -0.13059 0
    outer loop
      vertex 28.8 67 0
      vertex 28.7625 67.2847 0.799999
      vertex 28.7625 67.2847 0
    endloop
  endfacet
  facet normal -0.991437 -0.13059 0
    outer loop
      vertex 28.7625 67.2847 0.799999
      vertex 28.8 67 0
      vertex 28.8 67 0.799999
    endloop
  endfacet
  facet normal -0.991437 -0.13059 0
    outer loop
      vertex 28.8 67 1.61
      vertex 28.7625 67.2847 2.59
      vertex 28.7625 67.2847 1.61
    endloop
  endfacet
  facet normal -0.991437 -0.13059 0
    outer loop
      vertex 28.7625 67.2847 2.59
      vertex 28.8 67 1.61
      vertex 28.8 67 2.59
    endloop
  endfacet
  facet normal -0.793348 -0.608768 0
    outer loop
      vertex 28.6526 67.55 0
      vertex 28.4778 67.7778 0.799999
      vertex 28.4778 67.7778 0
    endloop
  endfacet
  facet normal -0.793348 -0.608768 0
    outer loop
      vertex 28.4778 67.7778 0.799999
      vertex 28.6526 67.55 0
      vertex 28.6526 67.55 0.799999
    endloop
  endfacet
  facet normal -0.793348 -0.608768 0
    outer loop
      vertex 28.6526 67.55 1.61
      vertex 28.4778 67.7778 2.59
      vertex 28.4778 67.7778 1.61
    endloop
  endfacet
  facet normal -0.793348 -0.608768 0
    outer loop
      vertex 28.4778 67.7778 2.59
      vertex 28.6526 67.55 1.61
      vertex 28.6526 67.55 2.59
    endloop
  endfacet
  facet normal 0.793348 -0.608768 0
    outer loop
      vertex 26.7474 67.55 0.799999
      vertex 26.9222 67.7778 0
      vertex 26.9222 67.7778 0.799999
    endloop
  endfacet
  facet normal 0.793348 -0.608768 0
    outer loop
      vertex 26.9222 67.7778 0
      vertex 26.7474 67.55 0.799999
      vertex 26.7474 67.55 0
    endloop
  endfacet
  facet normal 0.793348 -0.608768 0
    outer loop
      vertex 26.7474 67.55 2.59
      vertex 26.9222 67.7778 1.61
      vertex 26.9222 67.7778 2.59
    endloop
  endfacet
  facet normal 0.793348 -0.608768 0
    outer loop
      vertex 26.9222 67.7778 1.61
      vertex 26.7474 67.55 2.59
      vertex 26.7474 67.55 1.61
    endloop
  endfacet
  facet normal 0.13059 0.991437 -0
    outer loop
      vertex 27.7 65.9 0
      vertex 27.4153 65.9375 0.799999
      vertex 27.7 65.9 0.799999
    endloop
  endfacet
  facet normal 0.13059 0.991437 0
    outer loop
      vertex 27.4153 65.9375 0.799999
      vertex 27.7 65.9 0
      vertex 27.4153 65.9375 0
    endloop
  endfacet
  facet normal 0.13059 0.991437 -0
    outer loop
      vertex 27.7 65.9 1.61
      vertex 27.4153 65.9375 2.59
      vertex 27.7 65.9 2.59
    endloop
  endfacet
  facet normal 0.13059 0.991437 0
    outer loop
      vertex 27.4153 65.9375 2.59
      vertex 27.7 65.9 1.61
      vertex 27.4153 65.9375 1.61
    endloop
  endfacet
  facet normal -0.382711 0.923868 0
    outer loop
      vertex 28.25 66.0474 0
      vertex 27.9847 65.9375 0.799999
      vertex 28.25 66.0474 0.799999
    endloop
  endfacet
  facet normal -0.382711 0.923868 0
    outer loop
      vertex 27.9847 65.9375 0.799999
      vertex 28.25 66.0474 0
      vertex 27.9847 65.9375 0
    endloop
  endfacet
  facet normal -0.382711 0.923868 0
    outer loop
      vertex 28.25 66.0474 1.61
      vertex 27.9847 65.9375 2.59
      vertex 28.25 66.0474 2.59
    endloop
  endfacet
  facet normal -0.382711 0.923868 0
    outer loop
      vertex 27.9847 65.9375 2.59
      vertex 28.25 66.0474 1.61
      vertex 27.9847 65.9375 1.61
    endloop
  endfacet
  facet normal -0.13059 0.991437 0
    outer loop
      vertex 27.9847 65.9375 0
      vertex 27.7 65.9 0.799999
      vertex 27.9847 65.9375 0.799999
    endloop
  endfacet
  facet normal -0.13059 0.991437 0
    outer loop
      vertex 27.7 65.9 0.799999
      vertex 27.9847 65.9375 0
      vertex 27.7 65.9 0
    endloop
  endfacet
  facet normal -0.13059 0.991437 0
    outer loop
      vertex 27.9847 65.9375 1.61
      vertex 27.7 65.9 2.59
      vertex 27.9847 65.9375 2.59
    endloop
  endfacet
  facet normal -0.13059 0.991437 0
    outer loop
      vertex 27.7 65.9 2.59
      vertex 27.9847 65.9375 1.61
      vertex 27.7 65.9 1.61
    endloop
  endfacet
  facet normal -0.991437 0.13059 0
    outer loop
      vertex 28.7625 66.7153 0
      vertex 28.8 67 0.799999
      vertex 28.8 67 0
    endloop
  endfacet
  facet normal -0.991437 0.13059 0
    outer loop
      vertex 28.8 67 0.799999
      vertex 28.7625 66.7153 0
      vertex 28.7625 66.7153 0.799999
    endloop
  endfacet
  facet normal -0.991437 0.13059 0
    outer loop
      vertex 28.7625 66.7153 1.61
      vertex 28.8 67 2.59
      vertex 28.8 67 1.61
    endloop
  endfacet
  facet normal -0.991437 0.13059 0
    outer loop
      vertex 28.8 67 2.59
      vertex 28.7625 66.7153 1.61
      vertex 28.7625 66.7153 2.59
    endloop
  endfacet
  facet normal -0.608768 -0.793348 0
    outer loop
      vertex 28.25 67.9526 0
      vertex 28.4778 67.7778 0.799999
      vertex 28.25 67.9526 0.799999
    endloop
  endfacet
  facet normal -0.608768 -0.793348 -0
    outer loop
      vertex 28.4778 67.7778 0.799999
      vertex 28.25 67.9526 0
      vertex 28.4778 67.7778 0
    endloop
  endfacet
  facet normal -0.608768 -0.793348 0
    outer loop
      vertex 28.25 67.9526 1.61
      vertex 28.4778 67.7778 2.59
      vertex 28.25 67.9526 2.59
    endloop
  endfacet
  facet normal -0.608768 -0.793348 -0
    outer loop
      vertex 28.4778 67.7778 2.59
      vertex 28.25 67.9526 1.61
      vertex 28.4778 67.7778 1.61
    endloop
  endfacet
  facet normal 0.608768 -0.793348 0
    outer loop
      vertex 26.9222 67.7778 0
      vertex 27.15 67.9526 0.799999
      vertex 26.9222 67.7778 0.799999
    endloop
  endfacet
  facet normal 0.608768 -0.793348 0
    outer loop
      vertex 27.15 67.9526 0.799999
      vertex 26.9222 67.7778 0
      vertex 27.15 67.9526 0
    endloop
  endfacet
  facet normal 0.608768 -0.793348 0
    outer loop
      vertex 26.9222 67.7778 1.61
      vertex 27.15 67.9526 2.59
      vertex 26.9222 67.7778 2.59
    endloop
  endfacet
  facet normal 0.608768 -0.793348 0
    outer loop
      vertex 27.15 67.9526 2.59
      vertex 26.9222 67.7778 1.61
      vertex 27.15 67.9526 1.61
    endloop
  endfacet
  facet normal -0.382711 -0.923868 0
    outer loop
      vertex 27.9847 68.0625 0
      vertex 28.25 67.9526 0.799999
      vertex 27.9847 68.0625 0.799999
    endloop
  endfacet
  facet normal -0.382711 -0.923868 -0
    outer loop
      vertex 28.25 67.9526 0.799999
      vertex 27.9847 68.0625 0
      vertex 28.25 67.9526 0
    endloop
  endfacet
  facet normal -0.382711 -0.923868 0
    outer loop
      vertex 27.9847 68.0625 1.61
      vertex 28.25 67.9526 2.59
      vertex 27.9847 68.0625 2.59
    endloop
  endfacet
  facet normal -0.382711 -0.923868 -0
    outer loop
      vertex 28.25 67.9526 2.59
      vertex 27.9847 68.0625 1.61
      vertex 28.25 67.9526 1.61
    endloop
  endfacet
  facet normal 0.382711 -0.923868 0
    outer loop
      vertex 27.15 67.9526 0
      vertex 27.4153 68.0625 0.799999
      vertex 27.15 67.9526 0.799999
    endloop
  endfacet
  facet normal 0.382711 -0.923868 0
    outer loop
      vertex 27.4153 68.0625 0.799999
      vertex 27.15 67.9526 0
      vertex 27.4153 68.0625 0
    endloop
  endfacet
  facet normal 0.382711 -0.923868 0
    outer loop
      vertex 27.15 67.9526 1.61
      vertex 27.4153 68.0625 2.59
      vertex 27.15 67.9526 2.59
    endloop
  endfacet
  facet normal 0.382711 -0.923868 0
    outer loop
      vertex 27.4153 68.0625 2.59
      vertex 27.15 67.9526 1.61
      vertex 27.4153 68.0625 1.61
    endloop
  endfacet
  facet normal 0.991437 -0.13059 0
    outer loop
      vertex 26.6 67 0.799999
      vertex 26.6375 67.2847 0
      vertex 26.6375 67.2847 0.799999
    endloop
  endfacet
  facet normal 0.991437 -0.13059 0
    outer loop
      vertex 26.6375 67.2847 0
      vertex 26.6 67 0.799999
      vertex 26.6 67 0
    endloop
  endfacet
  facet normal 0.991437 -0.13059 0
    outer loop
      vertex 26.6 67 2.59
      vertex 26.6375 67.2847 1.61
      vertex 26.6375 67.2847 2.59
    endloop
  endfacet
  facet normal 0.991437 -0.13059 0
    outer loop
      vertex 26.6375 67.2847 1.61
      vertex 26.6 67 2.59
      vertex 26.6 67 1.61
    endloop
  endfacet
  facet normal 0.608768 0.793348 -0
    outer loop
      vertex 27.15 66.0474 0
      vertex 26.9222 66.2222 0.799999
      vertex 27.15 66.0474 0.799999
    endloop
  endfacet
  facet normal 0.608768 0.793348 0
    outer loop
      vertex 26.9222 66.2222 0.799999
      vertex 27.15 66.0474 0
      vertex 26.9222 66.2222 0
    endloop
  endfacet
  facet normal 0.608768 0.793348 -0
    outer loop
      vertex 27.15 66.0474 1.61
      vertex 26.9222 66.2222 2.59
      vertex 27.15 66.0474 2.59
    endloop
  endfacet
  facet normal 0.608768 0.793348 0
    outer loop
      vertex 26.9222 66.2222 2.59
      vertex 27.15 66.0474 1.61
      vertex 26.9222 66.2222 1.61
    endloop
  endfacet
  facet normal 0.13059 -0.991437 0
    outer loop
      vertex 27.4153 68.0625 0
      vertex 27.7 68.1 0.799999
      vertex 27.4153 68.0625 0.799999
    endloop
  endfacet
  facet normal 0.13059 -0.991437 0
    outer loop
      vertex 27.7 68.1 0.799999
      vertex 27.4153 68.0625 0
      vertex 27.7 68.1 0
    endloop
  endfacet
  facet normal 0.13059 -0.991437 0
    outer loop
      vertex 27.4153 68.0625 1.61
      vertex 27.7 68.1 2.59
      vertex 27.4153 68.0625 2.59
    endloop
  endfacet
  facet normal 0.13059 -0.991437 0
    outer loop
      vertex 27.7 68.1 2.59
      vertex 27.4153 68.0625 1.61
      vertex 27.7 68.1 1.61
    endloop
  endfacet
  facet normal -0.793348 0.608768 0
    outer loop
      vertex 28.4778 66.2222 0
      vertex 28.6526 66.45 0.799999
      vertex 28.6526 66.45 0
    endloop
  endfacet
  facet normal -0.793348 0.608768 0
    outer loop
      vertex 28.6526 66.45 0.799999
      vertex 28.4778 66.2222 0
      vertex 28.4778 66.2222 0.799999
    endloop
  endfacet
  facet normal -0.793348 0.608768 0
    outer loop
      vertex 28.4778 66.2222 1.61
      vertex 28.6526 66.45 2.59
      vertex 28.6526 66.45 1.61
    endloop
  endfacet
  facet normal -0.793348 0.608768 0
    outer loop
      vertex 28.6526 66.45 2.59
      vertex 28.4778 66.2222 1.61
      vertex 28.4778 66.2222 2.59
    endloop
  endfacet
  facet normal -0.608768 0.793348 0
    outer loop
      vertex 28.4778 66.2222 0
      vertex 28.25 66.0474 0.799999
      vertex 28.4778 66.2222 0.799999
    endloop
  endfacet
  facet normal -0.608768 0.793348 0
    outer loop
      vertex 28.25 66.0474 0.799999
      vertex 28.4778 66.2222 0
      vertex 28.25 66.0474 0
    endloop
  endfacet
  facet normal -0.608768 0.793348 0
    outer loop
      vertex 28.4778 66.2222 1.61
      vertex 28.25 66.0474 2.59
      vertex 28.4778 66.2222 2.59
    endloop
  endfacet
  facet normal -0.608768 0.793348 0
    outer loop
      vertex 28.25 66.0474 2.59
      vertex 28.4778 66.2222 1.61
      vertex 28.25 66.0474 1.61
    endloop
  endfacet
  facet normal -0.13059 -0.991437 0
    outer loop
      vertex 27.7 68.1 0
      vertex 27.9847 68.0625 0.799999
      vertex 27.7 68.1 0.799999
    endloop
  endfacet
  facet normal -0.13059 -0.991437 -0
    outer loop
      vertex 27.9847 68.0625 0.799999
      vertex 27.7 68.1 0
      vertex 27.9847 68.0625 0
    endloop
  endfacet
  facet normal -0.13059 -0.991437 0
    outer loop
      vertex 27.7 68.1 1.61
      vertex 27.9847 68.0625 2.59
      vertex 27.7 68.1 2.59
    endloop
  endfacet
  facet normal -0.13059 -0.991437 -0
    outer loop
      vertex 27.9847 68.0625 2.59
      vertex 27.7 68.1 1.61
      vertex 27.9847 68.0625 1.61
    endloop
  endfacet
  facet normal 0.991437 0.13059 0
    outer loop
      vertex 26.6375 66.7153 0.799999
      vertex 26.6 67 0
      vertex 26.6 67 0.799999
    endloop
  endfacet
  facet normal 0.991437 0.13059 0
    outer loop
      vertex 26.6 67 0
      vertex 26.6375 66.7153 0.799999
      vertex 26.6375 66.7153 0
    endloop
  endfacet
  facet normal 0.991437 0.13059 0
    outer loop
      vertex 26.6375 66.7153 2.59
      vertex 26.6 67 1.61
      vertex 26.6 67 2.59
    endloop
  endfacet
  facet normal 0.991437 0.13059 0
    outer loop
      vertex 26.6 67 1.61
      vertex 26.6375 66.7153 2.59
      vertex 26.6375 66.7153 1.61
    endloop
  endfacet
  facet normal 0.923868 0.382711 0
    outer loop
      vertex 26.7474 66.45 0.799999
      vertex 26.6375 66.7153 0
      vertex 26.6375 66.7153 0.799999
    endloop
  endfacet
  facet normal 0.923868 0.382711 0
    outer loop
      vertex 26.6375 66.7153 0
      vertex 26.7474 66.45 0.799999
      vertex 26.7474 66.45 0
    endloop
  endfacet
  facet normal 0.923868 0.382711 0
    outer loop
      vertex 26.7474 66.45 2.59
      vertex 26.6375 66.7153 1.61
      vertex 26.6375 66.7153 2.59
    endloop
  endfacet
  facet normal 0.923868 0.382711 0
    outer loop
      vertex 26.6375 66.7153 1.61
      vertex 26.7474 66.45 2.59
      vertex 26.7474 66.45 1.61
    endloop
  endfacet
  facet normal 0.793348 0.608768 0
    outer loop
      vertex 26.9222 66.2222 0.799999
      vertex 26.7474 66.45 0
      vertex 26.7474 66.45 0.799999
    endloop
  endfacet
  facet normal 0.793348 0.608768 0
    outer loop
      vertex 26.7474 66.45 0
      vertex 26.9222 66.2222 0.799999
      vertex 26.9222 66.2222 0
    endloop
  endfacet
  facet normal 0.793348 0.608768 0
    outer loop
      vertex 26.9222 66.2222 2.59
      vertex 26.7474 66.45 1.61
      vertex 26.7474 66.45 2.59
    endloop
  endfacet
  facet normal 0.793348 0.608768 0
    outer loop
      vertex 26.7474 66.45 1.61
      vertex 26.9222 66.2222 2.59
      vertex 26.9222 66.2222 1.61
    endloop
  endfacet
  facet normal 0.382711 0.923868 -0
    outer loop
      vertex 27.4153 65.9375 0
      vertex 27.15 66.0474 0.799999
      vertex 27.4153 65.9375 0.799999
    endloop
  endfacet
  facet normal 0.382711 0.923868 0
    outer loop
      vertex 27.15 66.0474 0.799999
      vertex 27.4153 65.9375 0
      vertex 27.15 66.0474 0
    endloop
  endfacet
  facet normal 0.382711 0.923868 -0
    outer loop
      vertex 27.4153 65.9375 1.61
      vertex 27.15 66.0474 2.59
      vertex 27.4153 65.9375 2.59
    endloop
  endfacet
  facet normal 0.382711 0.923868 0
    outer loop
      vertex 27.15 66.0474 2.59
      vertex 27.4153 65.9375 1.61
      vertex 27.15 66.0474 1.61
    endloop
  endfacet
  facet normal 0.923868 -0.382711 0
    outer loop
      vertex 26.6375 67.2847 0.799999
      vertex 26.7474 67.55 0
      vertex 26.7474 67.55 0.799999
    endloop
  endfacet
  facet normal 0.923868 -0.382711 0
    outer loop
      vertex 26.7474 67.55 0
      vertex 26.6375 67.2847 0.799999
      vertex 26.6375 67.2847 0
    endloop
  endfacet
  facet normal 0.923868 -0.382711 0
    outer loop
      vertex 26.6375 67.2847 2.59
      vertex 26.7474 67.55 1.61
      vertex 26.7474 67.55 2.59
    endloop
  endfacet
  facet normal 0.923868 -0.382711 0
    outer loop
      vertex 26.7474 67.55 1.61
      vertex 26.6375 67.2847 2.59
      vertex 26.6375 67.2847 1.61
    endloop
  endfacet
  facet normal -0.0784758 0.996916 0
    outer loop
      vertex 8.14752 63.5431 0
      vertex 7.6 63.5 2.59
      vertex 8.14752 63.5431 2.59
    endloop
  endfacet
  facet normal -0.0784758 0.996916 0
    outer loop
      vertex 7.6 63.5 2.59
      vertex 8.14752 63.5431 0
      vertex 7.6 63.5 0
    endloop
  endfacet
  facet normal -0.972381 -0.2334 0
    outer loop
      vertex 11.0569 67.5475 0
      vertex 10.9287 68.0816 2.59
      vertex 10.9287 68.0816 0
    endloop
  endfacet
  facet normal -0.972381 -0.2334 0
    outer loop
      vertex 10.9287 68.0816 2.59
      vertex 11.0569 67.5475 0
      vertex 11.0569 67.5475 2.59
    endloop
  endfacet
  facet normal -0.996916 -0.0784787 0
    outer loop
      vertex 11.1 67 0
      vertex 11.0569 67.5475 2.59
      vertex 11.0569 67.5475 0
    endloop
  endfacet
  facet normal -0.996916 -0.0784787 0
    outer loop
      vertex 11.0569 67.5475 2.59
      vertex 11.1 67 0
      vertex 11.1 67 2.59
    endloop
  endfacet
  facet normal -0.923861 -0.382727 0
    outer loop
      vertex 10.9287 68.0816 0
      vertex 10.7185 68.589 2.59
      vertex 10.7185 68.589 0
    endloop
  endfacet
  facet normal -0.923861 -0.382727 0
    outer loop
      vertex 10.7185 68.589 2.59
      vertex 10.9287 68.0816 0
      vertex 10.9287 68.0816 2.59
    endloop
  endfacet
  facet normal -0.522416 0.852691 0
    outer loop
      vertex 9.65725 64.1684 0
      vertex 9.18897 63.8815 2.59
      vertex 9.65725 64.1684 2.59
    endloop
  endfacet
  facet normal -0.522416 0.852691 0
    outer loop
      vertex 9.18897 63.8815 2.59
      vertex 9.65725 64.1684 0
      vertex 9.18897 63.8815 0
    endloop
  endfacet
  facet normal -0.852701 -0.5224 0
    outer loop
      vertex 10.7185 68.589 0
      vertex 10.4316 69.0573 2.59
      vertex 10.4316 69.0573 0
    endloop
  endfacet
  facet normal -0.852701 -0.5224 0
    outer loop
      vertex 10.4316 69.0573 2.59
      vertex 10.7185 68.589 0
      vertex 10.7185 68.589 2.59
    endloop
  endfacet
  facet normal -0.760374 -0.649486 0
    outer loop
      vertex 10.4316 69.0573 0
      vertex 10.0749 69.4749 2.59
      vertex 10.0749 69.4749 0
    endloop
  endfacet
  facet normal -0.760374 -0.649486 0
    outer loop
      vertex 10.0749 69.4749 2.59
      vertex 10.4316 69.0573 0
      vertex 10.4316 69.0573 2.59
    endloop
  endfacet
  facet normal 0.996917 -0.0784606 0
    outer loop
      vertex 4.1 67 2.59
      vertex 4.14309 67.5475 0
      vertex 4.14309 67.5475 2.59
    endloop
  endfacet
  facet normal 0.996917 -0.0784606 0
    outer loop
      vertex 4.14309 67.5475 0
      vertex 4.1 67 2.59
      vertex 4.1 67 0
    endloop
  endfacet
  facet normal -0.233425 0.972375 0
    outer loop
      vertex 8.68156 63.6713 0
      vertex 8.14752 63.5431 2.59
      vertex 8.68156 63.6713 2.59
    endloop
  endfacet
  facet normal -0.233425 0.972375 0
    outer loop
      vertex 8.14752 63.5431 2.59
      vertex 8.68156 63.6713 0
      vertex 8.14752 63.5431 0
    endloop
  endfacet
  facet normal 0.852652 0.522479 0
    outer loop
      vertex 4.76844 64.9427 2.59
      vertex 4.48148 65.411 0
      vertex 4.48148 65.411 2.59
    endloop
  endfacet
  facet normal 0.852652 0.522479 0
    outer loop
      vertex 4.48148 65.411 0
      vertex 4.76844 64.9427 2.59
      vertex 4.76844 64.9427 0
    endloop
  endfacet
  facet normal 0.923874 0.382696 0
    outer loop
      vertex 4.48148 65.411 2.59
      vertex 4.2713 65.9184 0
      vertex 4.2713 65.9184 2.59
    endloop
  endfacet
  facet normal 0.923874 0.382696 0
    outer loop
      vertex 4.2713 65.9184 0
      vertex 4.48148 65.411 2.59
      vertex 4.48148 65.411 0
    endloop
  endfacet
  facet normal -0.522416 -0.852691 0
    outer loop
      vertex 9.18897 70.1185 0
      vertex 9.65725 69.8316 2.59
      vertex 9.18897 70.1185 2.59
    endloop
  endfacet
  facet normal -0.522416 -0.852691 -0
    outer loop
      vertex 9.65725 69.8316 2.59
      vertex 9.18897 70.1185 0
      vertex 9.65725 69.8316 0
    endloop
  endfacet
  facet normal -0.923861 0.382727 0
    outer loop
      vertex 10.7185 65.411 0
      vertex 10.9287 65.9184 2.59
      vertex 10.9287 65.9184 0
    endloop
  endfacet
  facet normal -0.923861 0.382727 0
    outer loop
      vertex 10.9287 65.9184 2.59
      vertex 10.7185 65.411 0
      vertex 10.7185 65.411 2.59
    endloop
  endfacet
  facet normal 0.522416 -0.852691 0
    outer loop
      vertex 5.54275 69.8316 0
      vertex 6.01103 70.1185 2.59
      vertex 5.54275 69.8316 2.59
    endloop
  endfacet
  facet normal 0.522416 -0.852691 0
    outer loop
      vertex 6.01103 70.1185 2.59
      vertex 5.54275 69.8316 0
      vertex 6.01103 70.1185 0
    endloop
  endfacet
  facet normal 0.760383 -0.649475 0
    outer loop
      vertex 4.76844 69.0573 2.59
      vertex 5.12513 69.4749 0
      vertex 5.12513 69.4749 2.59
    endloop
  endfacet
  facet normal 0.760383 -0.649475 0
    outer loop
      vertex 5.12513 69.4749 0
      vertex 4.76844 69.0573 2.59
      vertex 4.76844 69.0573 0
    endloop
  endfacet
  facet normal 0.996917 0.0784606 0
    outer loop
      vertex 4.14309 66.4525 2.59
      vertex 4.1 67 0
      vertex 4.1 67 2.59
    endloop
  endfacet
  facet normal 0.996917 0.0784606 0
    outer loop
      vertex 4.1 67 0
      vertex 4.14309 66.4525 2.59
      vertex 4.14309 66.4525 0
    endloop
  endfacet
  facet normal -0.760374 0.649486 0
    outer loop
      vertex 10.0749 64.5251 0
      vertex 10.4316 64.9427 2.59
      vertex 10.4316 64.9427 0
    endloop
  endfacet
  facet normal -0.760374 0.649486 0
    outer loop
      vertex 10.4316 64.9427 2.59
      vertex 10.0749 64.5251 0
      vertex 10.0749 64.5251 2.59
    endloop
  endfacet
  facet normal -0.852701 0.5224 0
    outer loop
      vertex 10.4316 64.9427 0
      vertex 10.7185 65.411 2.59
      vertex 10.7185 65.411 0
    endloop
  endfacet
  facet normal -0.852701 0.5224 0
    outer loop
      vertex 10.7185 65.411 2.59
      vertex 10.4316 64.9427 0
      vertex 10.4316 64.9427 2.59
    endloop
  endfacet
  facet normal 0.233425 0.972375 -0
    outer loop
      vertex 7.05248 63.5431 0
      vertex 6.51844 63.6713 2.59
      vertex 7.05248 63.5431 2.59
    endloop
  endfacet
  facet normal 0.233425 0.972375 0
    outer loop
      vertex 6.51844 63.6713 2.59
      vertex 7.05248 63.5431 0
      vertex 6.51844 63.6713 0
    endloop
  endfacet
  facet normal 0.972377 0.233418 0
    outer loop
      vertex 4.2713 65.9184 2.59
      vertex 4.14309 66.4525 0
      vertex 4.14309 66.4525 2.59
    endloop
  endfacet
  facet normal 0.972377 0.233418 0
    outer loop
      vertex 4.14309 66.4525 0
      vertex 4.2713 65.9184 2.59
      vertex 4.2713 65.9184 0
    endloop
  endfacet
  facet normal 0.382721 0.923864 -0
    outer loop
      vertex 6.51844 63.6713 0
      vertex 6.01103 63.8815 2.59
      vertex 6.51844 63.6713 2.59
    endloop
  endfacet
  facet normal 0.382721 0.923864 0
    outer loop
      vertex 6.01103 63.8815 2.59
      vertex 6.51844 63.6713 0
      vertex 6.01103 63.8815 0
    endloop
  endfacet
  facet normal -0.996916 0.0784787 0
    outer loop
      vertex 11.0569 66.4525 0
      vertex 11.1 67 2.59
      vertex 11.1 67 0
    endloop
  endfacet
  facet normal -0.996916 0.0784787 0
    outer loop
      vertex 11.1 67 2.59
      vertex 11.0569 66.4525 0
      vertex 11.0569 66.4525 2.59
    endloop
  endfacet
  facet normal -0.972381 0.2334 0
    outer loop
      vertex 10.9287 65.9184 0
      vertex 11.0569 66.4525 2.59
      vertex 11.0569 66.4525 0
    endloop
  endfacet
  facet normal -0.972381 0.2334 0
    outer loop
      vertex 11.0569 66.4525 2.59
      vertex 10.9287 65.9184 0
      vertex 10.9287 65.9184 2.59
    endloop
  endfacet
  facet normal 0.649468 -0.760389 0
    outer loop
      vertex 5.12513 69.4749 0
      vertex 5.54275 69.8316 2.59
      vertex 5.12513 69.4749 2.59
    endloop
  endfacet
  facet normal 0.649468 -0.760389 0
    outer loop
      vertex 5.54275 69.8316 2.59
      vertex 5.12513 69.4749 0
      vertex 5.54275 69.8316 0
    endloop
  endfacet
  facet normal 0.382721 -0.923864 0
    outer loop
      vertex 6.01103 70.1185 0
      vertex 6.51844 70.3287 2.59
      vertex 6.01103 70.1185 2.59
    endloop
  endfacet
  facet normal 0.382721 -0.923864 0
    outer loop
      vertex 6.51844 70.3287 2.59
      vertex 6.01103 70.1185 0
      vertex 6.51844 70.3287 0
    endloop
  endfacet
  facet normal -0.649441 -0.760412 0
    outer loop
      vertex 9.65725 69.8316 0
      vertex 10.0749 69.4749 2.59
      vertex 9.65725 69.8316 2.59
    endloop
  endfacet
  facet normal -0.649441 -0.760412 -0
    outer loop
      vertex 10.0749 69.4749 2.59
      vertex 9.65725 69.8316 0
      vertex 10.0749 69.4749 0
    endloop
  endfacet
  facet normal 0.852652 -0.522479 0
    outer loop
      vertex 4.48148 68.589 2.59
      vertex 4.76844 69.0573 0
      vertex 4.76844 69.0573 2.59
    endloop
  endfacet
  facet normal 0.852652 -0.522479 0
    outer loop
      vertex 4.76844 69.0573 0
      vertex 4.48148 68.589 2.59
      vertex 4.48148 68.589 0
    endloop
  endfacet
  facet normal 0.923874 -0.382696 0
    outer loop
      vertex 4.2713 68.0816 2.59
      vertex 4.48148 68.589 0
      vertex 4.48148 68.589 2.59
    endloop
  endfacet
  facet normal 0.923874 -0.382696 0
    outer loop
      vertex 4.48148 68.589 0
      vertex 4.2713 68.0816 2.59
      vertex 4.2713 68.0816 0
    endloop
  endfacet
  facet normal 0.233425 -0.972375 0
    outer loop
      vertex 6.51844 70.3287 0
      vertex 7.05248 70.4569 2.59
      vertex 6.51844 70.3287 2.59
    endloop
  endfacet
  facet normal 0.233425 -0.972375 0
    outer loop
      vertex 7.05248 70.4569 2.59
      vertex 6.51844 70.3287 0
      vertex 7.05248 70.4569 0
    endloop
  endfacet
  facet normal 0.0784758 -0.996916 0
    outer loop
      vertex 7.05248 70.4569 0
      vertex 7.6 70.5 2.59
      vertex 7.05248 70.4569 2.59
    endloop
  endfacet
  facet normal 0.0784758 -0.996916 0
    outer loop
      vertex 7.6 70.5 2.59
      vertex 7.05248 70.4569 0
      vertex 7.6 70.5 0
    endloop
  endfacet
  facet normal 0.649468 0.760389 -0
    outer loop
      vertex 5.54275 64.1684 0
      vertex 5.12513 64.5251 2.59
      vertex 5.54275 64.1684 2.59
    endloop
  endfacet
  facet normal 0.649468 0.760389 0
    outer loop
      vertex 5.12513 64.5251 2.59
      vertex 5.54275 64.1684 0
      vertex 5.12513 64.5251 0
    endloop
  endfacet
  facet normal -0.0784758 -0.996916 0
    outer loop
      vertex 7.6 70.5 0
      vertex 8.14752 70.4569 2.59
      vertex 7.6 70.5 2.59
    endloop
  endfacet
  facet normal -0.0784758 -0.996916 -0
    outer loop
      vertex 8.14752 70.4569 2.59
      vertex 7.6 70.5 0
      vertex 8.14752 70.4569 0
    endloop
  endfacet
  facet normal 0.760383 0.649475 0
    outer loop
      vertex 5.12513 64.5251 2.59
      vertex 4.76844 64.9427 0
      vertex 4.76844 64.9427 2.59
    endloop
  endfacet
  facet normal 0.760383 0.649475 0
    outer loop
      vertex 4.76844 64.9427 0
      vertex 5.12513 64.5251 2.59
      vertex 5.12513 64.5251 0
    endloop
  endfacet
  facet normal -0.649441 0.760412 0
    outer loop
      vertex 10.0749 64.5251 0
      vertex 9.65725 64.1684 2.59
      vertex 10.0749 64.5251 2.59
    endloop
  endfacet
  facet normal -0.649441 0.760412 0
    outer loop
      vertex 9.65725 64.1684 2.59
      vertex 10.0749 64.5251 0
      vertex 9.65725 64.1684 0
    endloop
  endfacet
  facet normal -0.382721 -0.923864 0
    outer loop
      vertex 8.68156 70.3287 0
      vertex 9.18897 70.1185 2.59
      vertex 8.68156 70.3287 2.59
    endloop
  endfacet
  facet normal -0.382721 -0.923864 -0
    outer loop
      vertex 9.18897 70.1185 2.59
      vertex 8.68156 70.3287 0
      vertex 9.18897 70.1185 0
    endloop
  endfacet
  facet normal 0.972377 -0.233418 0
    outer loop
      vertex 4.14309 67.5475 2.59
      vertex 4.2713 68.0816 0
      vertex 4.2713 68.0816 2.59
    endloop
  endfacet
  facet normal 0.972377 -0.233418 0
    outer loop
      vertex 4.2713 68.0816 0
      vertex 4.14309 67.5475 2.59
      vertex 4.14309 67.5475 0
    endloop
  endfacet
  facet normal -0.233425 -0.972375 0
    outer loop
      vertex 8.14752 70.4569 0
      vertex 8.68156 70.3287 2.59
      vertex 8.14752 70.4569 2.59
    endloop
  endfacet
  facet normal -0.233425 -0.972375 -0
    outer loop
      vertex 8.68156 70.3287 2.59
      vertex 8.14752 70.4569 0
      vertex 8.68156 70.3287 0
    endloop
  endfacet
  facet normal -0.382721 0.923864 0
    outer loop
      vertex 9.18897 63.8815 0
      vertex 8.68156 63.6713 2.59
      vertex 9.18897 63.8815 2.59
    endloop
  endfacet
  facet normal -0.382721 0.923864 0
    outer loop
      vertex 8.68156 63.6713 2.59
      vertex 9.18897 63.8815 0
      vertex 8.68156 63.6713 0
    endloop
  endfacet
  facet normal 0.0784758 0.996916 -0
    outer loop
      vertex 7.6 63.5 0
      vertex 7.05248 63.5431 2.59
      vertex 7.6 63.5 2.59
    endloop
  endfacet
  facet normal 0.0784758 0.996916 0
    outer loop
      vertex 7.05248 63.5431 2.59
      vertex 7.6 63.5 0
      vertex 7.05248 63.5431 0
    endloop
  endfacet
  facet normal 0.522416 0.852691 -0
    outer loop
      vertex 6.01103 63.8815 0
      vertex 5.54275 64.1684 2.59
      vertex 6.01103 63.8815 2.59
    endloop
  endfacet
  facet normal 0.522416 0.852691 0
    outer loop
      vertex 5.54275 64.1684 2.59
      vertex 6.01103 63.8815 0
      vertex 5.54275 64.1684 0
    endloop
  endfacet
  facet normal 0.98154 0.191259 0
    outer loop
      vertex 104.891 46.7305 1.6
      vertex 104.866 46.8588 0
      vertex 104.866 46.8588 1.6
    endloop
  endfacet
  facet normal 0.98154 0.191259 0
    outer loop
      vertex 104.866 46.8588 0
      vertex 104.891 46.7305 1.6
      vertex 104.891 46.7305 0
    endloop
  endfacet
  facet normal 0.320807 -0.947145 0
    outer loop
      vertex 104.159 36.4341 0
      vertex 104.283 36.4761 1.6
      vertex 104.159 36.4341 1.6
    endloop
  endfacet
  facet normal 0.320807 -0.947145 0
    outer loop
      vertex 104.283 36.4761 1.6
      vertex 104.159 36.4341 0
      vertex 104.283 36.4761 0
    endloop
  endfacet
  facet normal 0 -1 0
    outer loop
      vertex 50.7 36.4 0
      vertex 103.9 36.4 1.6
      vertex 50.7 36.4 1.6
    endloop
  endfacet
  facet normal 0 -1 -0
    outer loop
      vertex 103.9 36.4 1.6
      vertex 50.7 36.4 0
      vertex 103.9 36.4 0
    endloop
  endfacet
  facet normal 0.195379 -0.980728 0
    outer loop
      vertex 104.031 36.4086 0
      vertex 104.159 36.4341 1.6
      vertex 104.031 36.4086 1.6
    endloop
  endfacet
  facet normal 0.195379 -0.980728 0
    outer loop
      vertex 104.159 36.4341 1.6
      vertex 104.031 36.4086 0
      vertex 104.159 36.4341 0
    endloop
  endfacet
  facet normal -0.0657577 -0.997836 0
    outer loop
      vertex 50.5695 36.4086 0
      vertex 50.7 36.4 1.6
      vertex 50.5695 36.4086 1.6
    endloop
  endfacet
  facet normal -0.0657577 -0.997836 -0
    outer loop
      vertex 50.7 36.4 1.6
      vertex 50.5695 36.4086 0
      vertex 50.7 36.4 0
    endloop
  endfacet
  facet normal -0.751866 0.659316 0
    outer loop
      vertex 49.9067 47.2088 0
      vertex 49.9929 47.3071 1.6
      vertex 49.9929 47.3071 0
    endloop
  endfacet
  facet normal -0.751866 0.659316 0
    outer loop
      vertex 49.9929 47.3071 1.6
      vertex 49.9067 47.2088 0
      vertex 49.9067 47.2088 1.6
    endloop
  endfacet
  facet normal 0.830403 -0.557164 0
    outer loop
      vertex 104.693 36.7912 1.6
      vertex 104.766 36.9 0
      vertex 104.766 36.9 1.6
    endloop
  endfacet
  facet normal 0.830403 -0.557164 0
    outer loop
      vertex 104.766 36.9 0
      vertex 104.693 36.7912 1.6
      vertex 104.693 36.7912 0
    endloop
  endfacet
  facet normal 0.0655078 -0.997852 0
    outer loop
      vertex 103.9 36.4 0
      vertex 104.031 36.4086 1.6
      vertex 103.9 36.4 1.6
    endloop
  endfacet
  facet normal 0.0655078 -0.997852 0
    outer loop
      vertex 104.031 36.4086 1.6
      vertex 103.9 36.4 0
      vertex 104.031 36.4086 0
    endloop
  endfacet
  facet normal -0.0657577 0.997836 0
    outer loop
      vertex 50.7 47.6 0
      vertex 50.5695 47.5914 1.6
      vertex 50.7 47.6 1.6
    endloop
  endfacet
  facet normal -0.0657577 0.997836 0
    outer loop
      vertex 50.5695 47.5914 1.6
      vertex 50.7 47.6 0
      vertex 50.5695 47.5914 0
    endloop
  endfacet
  facet normal 0 1 -0
    outer loop
      vertex 103.9 47.6 0
      vertex 50.7 47.6 1.6
      vertex 103.9 47.6 1.6
    endloop
  endfacet
  facet normal 0 1 0
    outer loop
      vertex 50.7 47.6 1.6
      vertex 103.9 47.6 0
      vertex 50.7 47.6 0
    endloop
  endfacet
  facet normal 0.830403 0.557164 0
    outer loop
      vertex 104.766 47.1 1.6
      vertex 104.693 47.2088 0
      vertex 104.693 47.2088 1.6
    endloop
  endfacet
  facet normal 0.830403 0.557164 0
    outer loop
      vertex 104.693 47.2088 0
      vertex 104.766 47.1 1.6
      vertex 104.766 47.1 0
    endloop
  endfacet
  facet normal 0.99763 0.0688021 0
    outer loop
      vertex 104.9 46.6 1.6
      vertex 104.891 46.7305 0
      vertex 104.891 46.7305 1.6
    endloop
  endfacet
  facet normal 0.99763 0.0688021 0
    outer loop
      vertex 104.891 46.7305 0
      vertex 104.9 46.6 1.6
      vertex 104.9 46.6 0
    endloop
  endfacet
  facet normal -0.997836 -0.0657577 0
    outer loop
      vertex 49.7086 37.2695 0
      vertex 49.7 37.4 1.6
      vertex 49.7 37.4 0
    endloop
  endfacet
  facet normal -0.997836 -0.0657577 0
    outer loop
      vertex 49.7 37.4 1.6
      vertex 49.7086 37.2695 0
      vertex 49.7086 37.2695 1.6
    endloop
  endfacet
  facet normal 0.0655078 0.997852 -0
    outer loop
      vertex 104.031 47.5914 0
      vertex 103.9 47.6 1.6
      vertex 104.031 47.5914 1.6
    endloop
  endfacet
  facet normal 0.0655078 0.997852 0
    outer loop
      vertex 103.9 47.6 1.6
      vertex 104.031 47.5914 0
      vertex 103.9 47.6 0
    endloop
  endfacet
  facet normal -0.442621 0.896709 0
    outer loop
      vertex 50.3173 47.5239 0
      vertex 50.2 47.466 1.6
      vertex 50.3173 47.5239 1.6
    endloop
  endfacet
  facet normal -0.442621 0.896709 0
    outer loop
      vertex 50.2 47.466 1.6
      vertex 50.3173 47.5239 0
      vertex 50.2 47.466 0
    endloop
  endfacet
  facet normal -0.947066 -0.321039 0
    outer loop
      vertex 49.7761 37.0173 0
      vertex 49.7341 37.1412 1.6
      vertex 49.7341 37.1412 0
    endloop
  endfacet
  facet normal -0.947066 -0.321039 0
    outer loop
      vertex 49.7341 37.1412 1.6
      vertex 49.7761 37.0173 0
      vertex 49.7761 37.0173 1.6
    endloop
  endfacet
  facet normal -0.659316 0.751866 0
    outer loop
      vertex 50.0912 47.3933 0
      vertex 49.9929 47.3071 1.6
      vertex 50.0912 47.3933 1.6
    endloop
  endfacet
  facet normal -0.659316 0.751866 0
    outer loop
      vertex 49.9929 47.3071 1.6
      vertex 50.0912 47.3933 0
      vertex 49.9929 47.3071 0
    endloop
  endfacet
  facet normal 0.195379 0.980728 -0
    outer loop
      vertex 104.159 47.5659 0
      vertex 104.031 47.5914 1.6
      vertex 104.159 47.5659 1.6
    endloop
  endfacet
  facet normal 0.195379 0.980728 0
    outer loop
      vertex 104.031 47.5914 1.6
      vertex 104.159 47.5659 0
      vertex 104.031 47.5914 0
    endloop
  endfacet
  facet normal 0.443533 0.896258 -0
    outer loop
      vertex 104.4 47.466 0
      vertex 104.283 47.5239 1.6
      vertex 104.4 47.466 1.6
    endloop
  endfacet
  facet normal 0.443533 0.896258 0
    outer loop
      vertex 104.283 47.5239 1.6
      vertex 104.4 47.466 0
      vertex 104.283 47.5239 0
    endloop
  endfacet
  facet normal -0.442621 -0.896709 0
    outer loop
      vertex 50.2 36.534 0
      vertex 50.3173 36.4761 1.6
      vertex 50.2 36.534 1.6
    endloop
  endfacet
  facet normal -0.442621 -0.896709 -0
    outer loop
      vertex 50.3173 36.4761 1.6
      vertex 50.2 36.534 0
      vertex 50.3173 36.4761 0
    endloop
  endfacet
  facet normal -0.321039 -0.947066 0
    outer loop
      vertex 50.3173 36.4761 0
      vertex 50.4412 36.4341 1.6
      vertex 50.3173 36.4761 1.6
    endloop
  endfacet
  facet normal -0.321039 -0.947066 -0
    outer loop
      vertex 50.4412 36.4341 1.6
      vertex 50.3173 36.4761 0
      vertex 50.4412 36.4341 0
    endloop
  endfacet
  facet normal -0.19494 -0.980815 0
    outer loop
      vertex 50.4412 36.4341 0
      vertex 50.5695 36.4086 1.6
      vertex 50.4412 36.4341 1.6
    endloop
  endfacet
  facet normal -0.19494 -0.980815 -0
    outer loop
      vertex 50.5695 36.4086 1.6
      vertex 50.4412 36.4341 0
      vertex 50.5695 36.4086 0
    endloop
  endfacet
  facet normal -0.947066 0.321039 0
    outer loop
      vertex 49.7341 46.8588 0
      vertex 49.7761 46.9827 1.6
      vertex 49.7761 46.9827 0
    endloop
  endfacet
  facet normal -0.947066 0.321039 0
    outer loop
      vertex 49.7761 46.9827 1.6
      vertex 49.7341 46.8588 0
      vertex 49.7341 46.8588 1.6
    endloop
  endfacet
  facet normal 1 -0 0
    outer loop
      vertex 104.9 37.4 1.6
      vertex 104.9 46.6 0
      vertex 104.9 46.6 1.6
    endloop
  endfacet
  facet normal 1 0 0
    outer loop
      vertex 104.9 46.6 0
      vertex 104.9 37.4 1.6
      vertex 104.9 37.4 0
    endloop
  endfacet
  facet normal -1 0 0
    outer loop
      vertex 49.7 37.4 0
      vertex 49.7 46.6 1.6
      vertex 49.7 46.6 0
    endloop
  endfacet
  facet normal -1 -0 0
    outer loop
      vertex 49.7 46.6 1.6
      vertex 49.7 37.4 0
      vertex 49.7 37.4 1.6
    endloop
  endfacet
  facet normal -0.555582 0.831462 0
    outer loop
      vertex 50.2 47.466 0
      vertex 50.0912 47.3933 1.6
      vertex 50.2 47.466 1.6
    endloop
  endfacet
  facet normal -0.555582 0.831462 0
    outer loop
      vertex 50.0912 47.3933 1.6
      vertex 50.2 47.466 0
      vertex 50.0912 47.3933 0
    endloop
  endfacet
  facet normal 0.752624 -0.65845 0
    outer loop
      vertex 104.607 36.6929 1.6
      vertex 104.693 36.7912 0
      vertex 104.693 36.7912 1.6
    endloop
  endfacet
  facet normal 0.752624 -0.65845 0
    outer loop
      vertex 104.693 36.7912 0
      vertex 104.607 36.6929 1.6
      vertex 104.607 36.6929 0
    endloop
  endfacet
  facet normal -0.321039 0.947066 0
    outer loop
      vertex 50.4412 47.5659 0
      vertex 50.3173 47.5239 1.6
      vertex 50.4412 47.5659 1.6
    endloop
  endfacet
  facet normal -0.321039 0.947066 0
    outer loop
      vertex 50.3173 47.5239 1.6
      vertex 50.4412 47.5659 0
      vertex 50.3173 47.5239 0
    endloop
  endfacet
  facet normal 0.98154 -0.191259 0
    outer loop
      vertex 104.866 37.1412 1.6
      vertex 104.891 37.2695 0
      vertex 104.891 37.2695 1.6
    endloop
  endfacet
  facet normal 0.98154 -0.191259 0
    outer loop
      vertex 104.891 37.2695 0
      vertex 104.866 37.1412 1.6
      vertex 104.866 37.1412 0
    endloop
  endfacet
  facet normal -0.831462 0.555582 0
    outer loop
      vertex 49.834 47.1 0
      vertex 49.9067 47.2088 1.6
      vertex 49.9067 47.2088 0
    endloop
  endfacet
  facet normal -0.831462 0.555582 0
    outer loop
      vertex 49.9067 47.2088 1.6
      vertex 49.834 47.1 0
      vertex 49.834 47.1 1.6
    endloop
  endfacet
  facet normal 0.320807 0.947145 -0
    outer loop
      vertex 104.283 47.5239 0
      vertex 104.159 47.5659 1.6
      vertex 104.283 47.5239 1.6
    endloop
  endfacet
  facet normal 0.320807 0.947145 0
    outer loop
      vertex 104.159 47.5659 1.6
      vertex 104.283 47.5239 0
      vertex 104.159 47.5659 0
    endloop
  endfacet
  facet normal -0.19494 0.980815 0
    outer loop
      vertex 50.5695 47.5914 0
      vertex 50.4412 47.5659 1.6
      vertex 50.5695 47.5914 1.6
    endloop
  endfacet
  facet normal -0.19494 0.980815 0
    outer loop
      vertex 50.4412 47.5659 1.6
      vertex 50.5695 47.5914 0
      vertex 50.4412 47.5659 0
    endloop
  endfacet
  facet normal -0.896709 0.442621 0
    outer loop
      vertex 49.7761 46.9827 0
      vertex 49.834 47.1 1.6
      vertex 49.834 47.1 0
    endloop
  endfacet
  facet normal -0.896709 0.442621 0
    outer loop
      vertex 49.834 47.1 1.6
      vertex 49.7761 46.9827 0
      vertex 49.7761 46.9827 1.6
    endloop
  endfacet
  facet normal 0.947066 0.321039 0
    outer loop
      vertex 104.866 46.8588 1.6
      vertex 104.824 46.9827 0
      vertex 104.824 46.9827 1.6
    endloop
  endfacet
  facet normal 0.947066 0.321039 0
    outer loop
      vertex 104.824 46.9827 0
      vertex 104.866 46.8588 1.6
      vertex 104.866 46.8588 0
    endloop
  endfacet
  facet normal 0.554876 0.831933 -0
    outer loop
      vertex 104.509 47.3933 0
      vertex 104.4 47.466 1.6
      vertex 104.509 47.3933 1.6
    endloop
  endfacet
  facet normal 0.554876 0.831933 0
    outer loop
      vertex 104.4 47.466 1.6
      vertex 104.509 47.3933 0
      vertex 104.4 47.466 0
    endloop
  endfacet
  facet normal 0.896405 -0.443235 0
    outer loop
      vertex 104.766 36.9 1.6
      vertex 104.824 37.0173 0
      vertex 104.824 37.0173 1.6
    endloop
  endfacet
  facet normal 0.896405 -0.443235 0
    outer loop
      vertex 104.824 37.0173 0
      vertex 104.766 36.9 1.6
      vertex 104.766 36.9 0
    endloop
  endfacet
  facet normal -0.980815 0.19494 0
    outer loop
      vertex 49.7086 46.7305 0
      vertex 49.7341 46.8588 1.6
      vertex 49.7341 46.8588 0
    endloop
  endfacet
  facet normal -0.980815 0.19494 0
    outer loop
      vertex 49.7341 46.8588 1.6
      vertex 49.7086 46.7305 0
      vertex 49.7086 46.7305 1.6
    endloop
  endfacet
  facet normal 0.554876 -0.831933 0
    outer loop
      vertex 104.4 36.534 0
      vertex 104.509 36.6067 1.6
      vertex 104.4 36.534 1.6
    endloop
  endfacet
  facet normal 0.554876 -0.831933 0
    outer loop
      vertex 104.509 36.6067 1.6
      vertex 104.4 36.534 0
      vertex 104.509 36.6067 0
    endloop
  endfacet
  facet normal 0.443533 -0.896258 0
    outer loop
      vertex 104.283 36.4761 0
      vertex 104.4 36.534 1.6
      vertex 104.283 36.4761 1.6
    endloop
  endfacet
  facet normal 0.443533 -0.896258 0
    outer loop
      vertex 104.4 36.534 1.6
      vertex 104.283 36.4761 0
      vertex 104.4 36.534 0
    endloop
  endfacet
  facet normal -0.997836 0.0657577 0
    outer loop
      vertex 49.7 46.6 0
      vertex 49.7086 46.7305 1.6
      vertex 49.7086 46.7305 0
    endloop
  endfacet
  facet normal -0.997836 0.0657577 0
    outer loop
      vertex 49.7086 46.7305 1.6
      vertex 49.7 46.6 0
      vertex 49.7 46.6 1.6
    endloop
  endfacet
  facet normal -0.659316 -0.751866 0
    outer loop
      vertex 49.9929 36.6929 0
      vertex 50.0912 36.6067 1.6
      vertex 49.9929 36.6929 1.6
    endloop
  endfacet
  facet normal -0.659316 -0.751866 -0
    outer loop
      vertex 50.0912 36.6067 1.6
      vertex 49.9929 36.6929 0
      vertex 50.0912 36.6067 0
    endloop
  endfacet
  facet normal 0.752624 0.65845 0
    outer loop
      vertex 104.693 47.2088 1.6
      vertex 104.607 47.3071 0
      vertex 104.607 47.3071 1.6
    endloop
  endfacet
  facet normal 0.752624 0.65845 0
    outer loop
      vertex 104.607 47.3071 0
      vertex 104.693 47.2088 1.6
      vertex 104.693 47.2088 0
    endloop
  endfacet
  facet normal -0.980815 -0.19494 0
    outer loop
      vertex 49.7341 37.1412 0
      vertex 49.7086 37.2695 1.6
      vertex 49.7086 37.2695 0
    endloop
  endfacet
  facet normal -0.980815 -0.19494 0
    outer loop
      vertex 49.7086 37.2695 1.6
      vertex 49.7341 37.1412 0
      vertex 49.7341 37.1412 1.6
    endloop
  endfacet
  facet normal -0.555582 -0.831462 0
    outer loop
      vertex 50.0912 36.6067 0
      vertex 50.2 36.534 1.6
      vertex 50.0912 36.6067 1.6
    endloop
  endfacet
  facet normal -0.555582 -0.831462 -0
    outer loop
      vertex 50.2 36.534 1.6
      vertex 50.0912 36.6067 0
      vertex 50.2 36.534 0
    endloop
  endfacet
  facet normal 0.947066 -0.321039 0
    outer loop
      vertex 104.824 37.0173 1.6
      vertex 104.866 37.1412 0
      vertex 104.866 37.1412 1.6
    endloop
  endfacet
  facet normal 0.947066 -0.321039 0
    outer loop
      vertex 104.866 37.1412 0
      vertex 104.824 37.0173 1.6
      vertex 104.824 37.0173 0
    endloop
  endfacet
  facet normal 0 0 1
    outer loop
      vertex 85.4685 37.8411 1.6
      vertex 52.2 38.3 1.6
      vertex 85.4 37.4967 1.6
    endloop
  endfacet
  facet normal 0 0 1
    outer loop
      vertex 85.6636 38.1331 1.6
      vertex 52.2 38.3 1.6
      vertex 85.4685 37.8411 1.6
    endloop
  endfacet
  facet normal -0 0 1
    outer loop
      vertex 52.2 38.3 1.6
      vertex 85.6636 38.1331 1.6
      vertex 85.9134 38.3 1.6
    endloop
  endfacet
  facet normal 0 0 1
    outer loop
      vertex 90.6685 37.8411 1.6
      vertex 87.2 37.4967 1.6
      vertex 90.6 37.4967 1.6
    endloop
  endfacet
  facet normal 0 0 1
    outer loop
      vertex 87.1315 37.8411 1.6
      vertex 90.6685 37.8411 1.6
      vertex 90.8636 38.1331 1.6
    endloop
  endfacet
  facet normal 0 0 1
    outer loop
      vertex 86.9364 38.1331 1.6
      vertex 90.8636 38.1331 1.6
      vertex 91.1134 38.3 1.6
    endloop
  endfacet
  facet normal 0 0 1
    outer loop
      vertex 90.6685 37.8411 1.6
      vertex 87.1315 37.8411 1.6
      vertex 87.2 37.4967 1.6
    endloop
  endfacet
  facet normal 0 0 1
    outer loop
      vertex 90.8636 38.1331 1.6
      vertex 86.9364 38.1331 1.6
      vertex 87.1315 37.8411 1.6
    endloop
  endfacet
  facet normal 0 -0 1
    outer loop
      vertex 86.9364 38.1331 1.6
      vertex 91.1134 38.3 1.6
      vertex 86.6866 38.3 1.6
    endloop
  endfacet
  facet normal 0 0 1
    outer loop
      vertex 102.4 38.3 1.6
      vertex 92.3315 37.8411 1.6
      vertex 92.4 37.4967 1.6
    endloop
  endfacet
  facet normal 0 0 1
    outer loop
      vertex 102.4 38.3 1.6
      vertex 92.1364 38.1331 1.6
      vertex 92.3315 37.8411 1.6
    endloop
  endfacet
  facet normal 0 -0 1
    outer loop
      vertex 92.1364 38.1331 1.6
      vertex 102.4 38.3 1.6
      vertex 91.8866 38.3 1.6
    endloop
  endfacet
  facet normal 0 0 1
    outer loop
      vertex 103.9 47.6 1.6
      vertex 104.9 46.6 1.6
      vertex 104.891 46.7305 1.6
    endloop
  endfacet
  facet normal 0 0 1
    outer loop
      vertex 104.9 46.6 1.6
      vertex 103 45.1 1.6
      vertex 104.9 37.4 1.6
    endloop
  endfacet
  facet normal 0 0 1
    outer loop
      vertex 103.9 47.6 1.6
      vertex 104.891 46.7305 1.6
      vertex 104.866 46.8588 1.6
    endloop
  endfacet
  facet normal -0 0 1
    outer loop
      vertex 103 38.9 1.6
      vertex 104.9 37.4 1.6
      vertex 103 45.1 1.6
    endloop
  endfacet
  facet normal 0 0 1
    outer loop
      vertex 103.9 47.6 1.6
      vertex 104.866 46.8588 1.6
      vertex 104.824 46.9827 1.6
    endloop
  endfacet
  facet normal -0 0 1
    outer loop
      vertex 102.995 38.8217 1.6
      vertex 104.9 37.4 1.6
      vertex 103 38.9 1.6
    endloop
  endfacet
  facet normal 0 0 1
    outer loop
      vertex 103.9 47.6 1.6
      vertex 104.824 46.9827 1.6
      vertex 104.766 47.1 1.6
    endloop
  endfacet
  facet normal -0 0 1
    outer loop
      vertex 102.98 38.7447 1.6
      vertex 104.9 37.4 1.6
      vertex 102.995 38.8217 1.6
    endloop
  endfacet
  facet normal 0 0 1
    outer loop
      vertex 103.9 47.6 1.6
      vertex 104.766 47.1 1.6
      vertex 104.693 47.2088 1.6
    endloop
  endfacet
  facet normal -0 0 1
    outer loop
      vertex 102.954 38.6704 1.6
      vertex 104.9 37.4 1.6
      vertex 102.98 38.7447 1.6
    endloop
  endfacet
  facet normal 0 0 1
    outer loop
      vertex 103.9 47.6 1.6
      vertex 104.693 47.2088 1.6
      vertex 104.607 47.3071 1.6
    endloop
  endfacet
  facet normal -0 0 1
    outer loop
      vertex 102.92 38.6 1.6
      vertex 104.9 37.4 1.6
      vertex 102.954 38.6704 1.6
    endloop
  endfacet
  facet normal 0 0 1
    outer loop
      vertex 103.9 47.6 1.6
      vertex 104.607 47.3071 1.6
      vertex 104.509 47.3933 1.6
    endloop
  endfacet
  facet normal -0 0 1
    outer loop
      vertex 102.876 38.5348 1.6
      vertex 104.9 37.4 1.6
      vertex 102.92 38.6 1.6
    endloop
  endfacet
  facet normal 0 0 1
    outer loop
      vertex 103.9 47.6 1.6
      vertex 104.509 47.3933 1.6
      vertex 104.4 47.466 1.6
    endloop
  endfacet
  facet normal -0 0 1
    outer loop
      vertex 102.824 38.4757 1.6
      vertex 104.9 37.4 1.6
      vertex 102.876 38.5348 1.6
    endloop
  endfacet
  facet normal 0 0 1
    outer loop
      vertex 103.9 47.6 1.6
      vertex 104.4 47.466 1.6
      vertex 104.283 47.5239 1.6
    endloop
  endfacet
  facet normal 0 -0 1
    outer loop
      vertex 103.9 36.4 1.6
      vertex 104.9 37.4 1.6
      vertex 102.824 38.4757 1.6
    endloop
  endfacet
  facet normal 0 0 1
    outer loop
      vertex 103.9 47.6 1.6
      vertex 104.283 47.5239 1.6
      vertex 104.159 47.5659 1.6
    endloop
  endfacet
  facet normal 0 0 1
    outer loop
      vertex 104.9 37.4 1.6
      vertex 103.9 36.4 1.6
      vertex 104.891 37.2695 1.6
    endloop
  endfacet
  facet normal 0 0 1
    outer loop
      vertex 103.9 47.6 1.6
      vertex 104.159 47.5659 1.6
      vertex 104.031 47.5914 1.6
    endloop
  endfacet
  facet normal 0 0 1
    outer loop
      vertex 104.891 37.2695 1.6
      vertex 103.9 36.4 1.6
      vertex 104.866 37.1412 1.6
    endloop
  endfacet
  facet normal 0 0 1
    outer loop
      vertex 104.9 46.6 1.6
      vertex 103.9 47.6 1.6
      vertex 102.824 45.5243 1.6
    endloop
  endfacet
  facet normal 0 0 1
    outer loop
      vertex 104.866 37.1412 1.6
      vertex 103.9 36.4 1.6
      vertex 104.824 37.0173 1.6
    endloop
  endfacet
  facet normal 0 0 1
    outer loop
      vertex 104.824 37.0173 1.6
      vertex 103.9 36.4 1.6
      vertex 104.766 36.9 1.6
    endloop
  endfacet
  facet normal 0 0 1
    outer loop
      vertex 104.9 46.6 1.6
      vertex 102.995 45.1783 1.6
      vertex 103 45.1 1.6
    endloop
  endfacet
  facet normal 0 0 1
    outer loop
      vertex 104.9 46.6 1.6
      vertex 102.98 45.2553 1.6
      vertex 102.995 45.1783 1.6
    endloop
  endfacet
  facet normal 0 0 1
    outer loop
      vertex 104.9 46.6 1.6
      vertex 102.954 45.3296 1.6
      vertex 102.98 45.2553 1.6
    endloop
  endfacet
  facet normal 0 0 1
    outer loop
      vertex 104.9 46.6 1.6
      vertex 102.92 45.4 1.6
      vertex 102.954 45.3296 1.6
    endloop
  endfacet
  facet normal 0 0 1
    outer loop
      vertex 104.9 46.6 1.6
      vertex 102.876 45.4652 1.6
      vertex 102.92 45.4 1.6
    endloop
  endfacet
  facet normal 0 0 1
    outer loop
      vertex 104.9 46.6 1.6
      vertex 102.824 45.5243 1.6
      vertex 102.876 45.4652 1.6
    endloop
  endfacet
  facet normal 0 0 1
    outer loop
      vertex 103.9 47.6 1.6
      vertex 102.765 45.576 1.6
      vertex 102.824 45.5243 1.6
    endloop
  endfacet
  facet normal 0 0 1
    outer loop
      vertex 103.9 47.6 1.6
      vertex 102.7 45.6196 1.6
      vertex 102.765 45.576 1.6
    endloop
  endfacet
  facet normal 0 0 1
    outer loop
      vertex 103.9 47.6 1.6
      vertex 102.63 45.6543 1.6
      vertex 102.7 45.6196 1.6
    endloop
  endfacet
  facet normal 0 0 1
    outer loop
      vertex 103.9 47.6 1.6
      vertex 102.555 45.6795 1.6
      vertex 102.63 45.6543 1.6
    endloop
  endfacet
  facet normal 0 0 1
    outer loop
      vertex 103.9 47.6 1.6
      vertex 102.478 45.6949 1.6
      vertex 102.555 45.6795 1.6
    endloop
  endfacet
  facet normal 0 0 1
    outer loop
      vertex 103.9 47.6 1.6
      vertex 102.4 45.7 1.6
      vertex 102.478 45.6949 1.6
    endloop
  endfacet
  facet normal -0 0 1
    outer loop
      vertex 92.3315 46.8477 1.6
      vertex 102.4 45.7 1.6
      vertex 103.9 47.6 1.6
    endloop
  endfacet
  facet normal 0 0 1
    outer loop
      vertex 102.4 45.7 1.6
      vertex 92.3315 46.8477 1.6
      vertex 92.4 46.5033 1.6
    endloop
  endfacet
  facet normal 0 0 1
    outer loop
      vertex 103.9 47.6 1.6
      vertex 92.1364 47.1397 1.6
      vertex 92.3315 46.8477 1.6
    endloop
  endfacet
  facet normal 0 0 1
    outer loop
      vertex 103.9 47.6 1.6
      vertex 91.8444 47.3348 1.6
      vertex 92.1364 47.1397 1.6
    endloop
  endfacet
  facet normal 0 0 1
    outer loop
      vertex 103.9 47.6 1.6
      vertex 91.5 47.4033 1.6
      vertex 91.8444 47.3348 1.6
    endloop
  endfacet
  facet normal 0 0 1
    outer loop
      vertex 90.6685 46.8477 1.6
      vertex 87.2 46.5033 1.6
      vertex 90.6 46.5033 1.6
    endloop
  endfacet
  facet normal 0 0 1
    outer loop
      vertex 87.1315 46.8477 1.6
      vertex 90.6685 46.8477 1.6
      vertex 90.8636 47.1397 1.6
    endloop
  endfacet
  facet normal 0 0 1
    outer loop
      vertex 86.9364 47.1397 1.6
      vertex 90.8636 47.1397 1.6
      vertex 91.1556 47.3348 1.6
    endloop
  endfacet
  facet normal 0 0 1
    outer loop
      vertex 90.6685 46.8477 1.6
      vertex 87.1315 46.8477 1.6
      vertex 87.2 46.5033 1.6
    endloop
  endfacet
  facet normal 0 0 1
    outer loop
      vertex 86.6444 47.3348 1.6
      vertex 91.1556 47.3348 1.6
      vertex 91.5 47.4033 1.6
    endloop
  endfacet
  facet normal 0 0 1
    outer loop
      vertex 90.8636 47.1397 1.6
      vertex 86.9364 47.1397 1.6
      vertex 87.1315 46.8477 1.6
    endloop
  endfacet
  facet normal 0 0 1
    outer loop
      vertex 91.1556 47.3348 1.6
      vertex 86.6444 47.3348 1.6
      vertex 86.9364 47.1397 1.6
    endloop
  endfacet
  facet normal 0 0 1
    outer loop
      vertex 86.3 47.4033 1.6
      vertex 91.5 47.4033 1.6
      vertex 103.9 47.6 1.6
    endloop
  endfacet
  facet normal 0 0 1
    outer loop
      vertex 91.5 47.4033 1.6
      vertex 86.3 47.4033 1.6
      vertex 86.6444 47.3348 1.6
    endloop
  endfacet
  facet normal 0 0 1
    outer loop
      vertex 85.4685 46.8477 1.6
      vertex 52.2 45.7 1.6
      vertex 85.4 46.5033 1.6
    endloop
  endfacet
  facet normal 0 0 1
    outer loop
      vertex 85.6636 47.1397 1.6
      vertex 52.2 45.7 1.6
      vertex 85.4685 46.8477 1.6
    endloop
  endfacet
  facet normal 0 0 1
    outer loop
      vertex 50.7 47.6 1.6
      vertex 85.6636 47.1397 1.6
      vertex 85.9556 47.3348 1.6
    endloop
  endfacet
  facet normal 0 0 1
    outer loop
      vertex 50.7 47.6 1.6
      vertex 85.9556 47.3348 1.6
      vertex 86.3 47.4033 1.6
    endloop
  endfacet
  facet normal 0 0 1
    outer loop
      vertex 51.6051 45.1783 1.6
      vertex 49.7 46.6 1.6
      vertex 51.6 45.1 1.6
    endloop
  endfacet
  facet normal 0 0 1
    outer loop
      vertex 51.6204 45.2553 1.6
      vertex 49.7 46.6 1.6
      vertex 51.6051 45.1783 1.6
    endloop
  endfacet
  facet normal 0 0 1
    outer loop
      vertex 51.6457 45.3296 1.6
      vertex 49.7 46.6 1.6
      vertex 51.6204 45.2553 1.6
    endloop
  endfacet
  facet normal 0 0 1
    outer loop
      vertex 51.6804 45.4 1.6
      vertex 49.7 46.6 1.6
      vertex 51.6457 45.3296 1.6
    endloop
  endfacet
  facet normal 0 0 1
    outer loop
      vertex 51.724 45.4652 1.6
      vertex 49.7 46.6 1.6
      vertex 51.6804 45.4 1.6
    endloop
  endfacet
  facet normal 0 0 1
    outer loop
      vertex 51.7757 45.5243 1.6
      vertex 49.7 46.6 1.6
      vertex 51.724 45.4652 1.6
    endloop
  endfacet
  facet normal -0 0 1
    outer loop
      vertex 49.7 46.6 1.6
      vertex 51.7757 45.5243 1.6
      vertex 50.7 47.6 1.6
    endloop
  endfacet
  facet normal 0 0 1
    outer loop
      vertex 51.8348 45.576 1.6
      vertex 50.7 47.6 1.6
      vertex 51.7757 45.5243 1.6
    endloop
  endfacet
  facet normal 0 0 1
    outer loop
      vertex 51.9 45.6196 1.6
      vertex 50.7 47.6 1.6
      vertex 51.8348 45.576 1.6
    endloop
  endfacet
  facet normal 0 0 1
    outer loop
      vertex 51.9704 45.6543 1.6
      vertex 50.7 47.6 1.6
      vertex 51.9 45.6196 1.6
    endloop
  endfacet
  facet normal 0 0 1
    outer loop
      vertex 52.0447 45.6795 1.6
      vertex 50.7 47.6 1.6
      vertex 51.9704 45.6543 1.6
    endloop
  endfacet
  facet normal 0 0 1
    outer loop
      vertex 52.1217 45.6949 1.6
      vertex 50.7 47.6 1.6
      vertex 52.0447 45.6795 1.6
    endloop
  endfacet
  facet normal 0 0 1
    outer loop
      vertex 52.2 45.7 1.6
      vertex 50.7 47.6 1.6
      vertex 52.1217 45.6949 1.6
    endloop
  endfacet
  facet normal 0 0 1
    outer loop
      vertex 85.6636 47.1397 1.6
      vertex 50.7 47.6 1.6
      vertex 52.2 45.7 1.6
    endloop
  endfacet
  facet normal -0 0 1
    outer loop
      vertex 50.7 47.6 1.6
      vertex 86.3 47.4033 1.6
      vertex 103.9 47.6 1.6
    endloop
  endfacet
  facet normal 0 0 1
    outer loop
      vertex 104.766 36.9 1.6
      vertex 103.9 36.4 1.6
      vertex 104.693 36.7912 1.6
    endloop
  endfacet
  facet normal 0 0 1
    outer loop
      vertex 104.607 36.6929 1.6
      vertex 103.9 36.4 1.6
      vertex 104.509 36.6067 1.6
    endloop
  endfacet
  facet normal 0 0 1
    outer loop
      vertex 104.509 36.6067 1.6
      vertex 103.9 36.4 1.6
      vertex 104.4 36.534 1.6
    endloop
  endfacet
  facet normal 0 0 1
    outer loop
      vertex 104.4 36.534 1.6
      vertex 103.9 36.4 1.6
      vertex 104.283 36.4761 1.6
    endloop
  endfacet
  facet normal 0 0 1
    outer loop
      vertex 104.283 36.4761 1.6
      vertex 103.9 36.4 1.6
      vertex 104.159 36.4341 1.6
    endloop
  endfacet
  facet normal 0 0 1
    outer loop
      vertex 104.159 36.4341 1.6
      vertex 103.9 36.4 1.6
      vertex 104.031 36.4086 1.6
    endloop
  endfacet
  facet normal 0 0 1
    outer loop
      vertex 104.693 36.7912 1.6
      vertex 103.9 36.4 1.6
      vertex 104.607 36.6929 1.6
    endloop
  endfacet
  facet normal -0 0 1
    outer loop
      vertex 102.765 38.424 1.6
      vertex 103.9 36.4 1.6
      vertex 102.824 38.4757 1.6
    endloop
  endfacet
  facet normal -0 0 1
    outer loop
      vertex 102.7 38.3804 1.6
      vertex 103.9 36.4 1.6
      vertex 102.765 38.424 1.6
    endloop
  endfacet
  facet normal -0 0 1
    outer loop
      vertex 102.63 38.3457 1.6
      vertex 103.9 36.4 1.6
      vertex 102.7 38.3804 1.6
    endloop
  endfacet
  facet normal -0 0 1
    outer loop
      vertex 102.555 38.3204 1.6
      vertex 103.9 36.4 1.6
      vertex 102.63 38.3457 1.6
    endloop
  endfacet
  facet normal -0 0 1
    outer loop
      vertex 102.478 38.3051 1.6
      vertex 103.9 36.4 1.6
      vertex 102.555 38.3204 1.6
    endloop
  endfacet
  facet normal -0 0 1
    outer loop
      vertex 102.4 38.3 1.6
      vertex 103.9 36.4 1.6
      vertex 102.478 38.3051 1.6
    endloop
  endfacet
  facet normal 0 0 1
    outer loop
      vertex 92.3315 37.1523 1.6
      vertex 102.4 38.3 1.6
      vertex 92.4 37.4967 1.6
    endloop
  endfacet
  facet normal 0 0 1
    outer loop
      vertex 102.4 38.3 1.6
      vertex 92.3315 37.1523 1.6
      vertex 103.9 36.4 1.6
    endloop
  endfacet
  facet normal -0 0 1
    outer loop
      vertex 92.1364 36.8603 1.6
      vertex 103.9 36.4 1.6
      vertex 92.3315 37.1523 1.6
    endloop
  endfacet
  facet normal -0 0 1
    outer loop
      vertex 91.8444 36.6652 1.6
      vertex 103.9 36.4 1.6
      vertex 92.1364 36.8603 1.6
    endloop
  endfacet
  facet normal -0 0 1
    outer loop
      vertex 91.5 36.5967 1.6
      vertex 103.9 36.4 1.6
      vertex 91.8444 36.6652 1.6
    endloop
  endfacet
  facet normal -0 0 1
    outer loop
      vertex 87.2 37.4967 1.6
      vertex 90.6685 37.1523 1.6
      vertex 90.6 37.4967 1.6
    endloop
  endfacet
  facet normal 0 0 1
    outer loop
      vertex 87.1315 37.1523 1.6
      vertex 90.6685 37.1523 1.6
      vertex 87.2 37.4967 1.6
    endloop
  endfacet
  facet normal 0 0 1
    outer loop
      vertex 90.6685 37.1523 1.6
      vertex 87.1315 37.1523 1.6
      vertex 90.8636 36.8603 1.6
    endloop
  endfacet
  facet normal 0 0 1
    outer loop
      vertex 86.9364 36.8603 1.6
      vertex 90.8636 36.8603 1.6
      vertex 87.1315 37.1523 1.6
    endloop
  endfacet
  facet normal 0 0 1
    outer loop
      vertex 90.8636 36.8603 1.6
      vertex 86.9364 36.8603 1.6
      vertex 91.1556 36.6652 1.6
    endloop
  endfacet
  facet normal 0 0 1
    outer loop
      vertex 86.6444 36.6652 1.6
      vertex 91.1556 36.6652 1.6
      vertex 86.9364 36.8603 1.6
    endloop
  endfacet
  facet normal 0 0 1
    outer loop
      vertex 91.1556 36.6652 1.6
      vertex 86.6444 36.6652 1.6
      vertex 91.5 36.5967 1.6
    endloop
  endfacet
  facet normal 0 0 1
    outer loop
      vertex 86.3 36.5967 1.6
      vertex 91.5 36.5967 1.6
      vertex 86.6444 36.6652 1.6
    endloop
  endfacet
  facet normal 0 0 1
    outer loop
      vertex 91.5 36.5967 1.6
      vertex 86.3 36.5967 1.6
      vertex 103.9 36.4 1.6
    endloop
  endfacet
  facet normal 0 0 1
    outer loop
      vertex 52.2 38.3 1.6
      vertex 85.4685 37.1523 1.6
      vertex 85.4 37.4967 1.6
    endloop
  endfacet
  facet normal 0 0 1
    outer loop
      vertex 52.2 38.3 1.6
      vertex 85.6636 36.8603 1.6
      vertex 85.4685 37.1523 1.6
    endloop
  endfacet
  facet normal 0 0 1
    outer loop
      vertex 50.7 36.4 1.6
      vertex 85.6636 36.8603 1.6
      vertex 52.2 38.3 1.6
    endloop
  endfacet
  facet normal 0 0 1
    outer loop
      vertex 85.6636 36.8603 1.6
      vertex 50.7 36.4 1.6
      vertex 85.9556 36.6652 1.6
    endloop
  endfacet
  facet normal 0 0 1
    outer loop
      vertex 51.6 45.1 1.6
      vertex 49.7 46.6 1.6
      vertex 51.6 38.9 1.6
    endloop
  endfacet
  facet normal 0 0 1
    outer loop
      vertex 86.3 36.5967 1.6
      vertex 50.7 36.4 1.6
      vertex 103.9 36.4 1.6
    endloop
  endfacet
  facet normal 0 0 1
    outer loop
      vertex 85.9556 36.6652 1.6
      vertex 50.7 36.4 1.6
      vertex 86.3 36.5967 1.6
    endloop
  endfacet
  facet normal 0 0 1
    outer loop
      vertex 52.1217 38.3051 1.6
      vertex 50.7 36.4 1.6
      vertex 52.2 38.3 1.6
    endloop
  endfacet
  facet normal 0 0 1
    outer loop
      vertex 52.0447 38.3204 1.6
      vertex 50.7 36.4 1.6
      vertex 52.1217 38.3051 1.6
    endloop
  endfacet
  facet normal 0 0 1
    outer loop
      vertex 51.9704 38.3457 1.6
      vertex 50.7 36.4 1.6
      vertex 52.0447 38.3204 1.6
    endloop
  endfacet
  facet normal 0 0 1
    outer loop
      vertex 51.9 38.3804 1.6
      vertex 50.7 36.4 1.6
      vertex 51.9704 38.3457 1.6
    endloop
  endfacet
  facet normal 0 0 1
    outer loop
      vertex 51.8348 38.424 1.6
      vertex 50.7 36.4 1.6
      vertex 51.9 38.3804 1.6
    endloop
  endfacet
  facet normal 0 0 1
    outer loop
      vertex 51.7757 38.4757 1.6
      vertex 50.7 36.4 1.6
      vertex 51.8348 38.424 1.6
    endloop
  endfacet
  facet normal 0 0 1
    outer loop
      vertex 49.7 37.4 1.6
      vertex 51.7757 38.4757 1.6
      vertex 51.724 38.5348 1.6
    endloop
  endfacet
  facet normal 0 0 1
    outer loop
      vertex 49.7 37.4 1.6
      vertex 51.724 38.5348 1.6
      vertex 51.6804 38.6 1.6
    endloop
  endfacet
  facet normal 0 0 1
    outer loop
      vertex 49.7 37.4 1.6
      vertex 51.6804 38.6 1.6
      vertex 51.6457 38.6704 1.6
    endloop
  endfacet
  facet normal 0 0 1
    outer loop
      vertex 49.7 37.4 1.6
      vertex 51.6457 38.6704 1.6
      vertex 51.6204 38.7447 1.6
    endloop
  endfacet
  facet normal 0 0 1
    outer loop
      vertex 49.7 37.4 1.6
      vertex 51.6204 38.7447 1.6
      vertex 51.6051 38.8217 1.6
    endloop
  endfacet
  facet normal 0 0 1
    outer loop
      vertex 49.7 37.4 1.6
      vertex 51.6 38.9 1.6
      vertex 49.7 46.6 1.6
    endloop
  endfacet
  facet normal 0 0 1
    outer loop
      vertex 49.7 46.6 1.6
      vertex 50.7 47.6 1.6
      vertex 50.5695 47.5914 1.6
    endloop
  endfacet
  facet normal 0 0 1
    outer loop
      vertex 51.6 38.9 1.6
      vertex 49.7 37.4 1.6
      vertex 51.6051 38.8217 1.6
    endloop
  endfacet
  facet normal 0 0 1
    outer loop
      vertex 49.7 46.6 1.6
      vertex 50.5695 47.5914 1.6
      vertex 50.4412 47.5659 1.6
    endloop
  endfacet
  facet normal 0 0 1
    outer loop
      vertex 51.7757 38.4757 1.6
      vertex 49.7 37.4 1.6
      vertex 50.7 36.4 1.6
    endloop
  endfacet
  facet normal 0 0 1
    outer loop
      vertex 49.7 46.6 1.6
      vertex 50.4412 47.5659 1.6
      vertex 50.3173 47.5239 1.6
    endloop
  endfacet
  facet normal 0 0 1
    outer loop
      vertex 50.7 36.4 1.6
      vertex 49.7 37.4 1.6
      vertex 50.5695 36.4086 1.6
    endloop
  endfacet
  facet normal 0 0 1
    outer loop
      vertex 49.7 46.6 1.6
      vertex 50.3173 47.5239 1.6
      vertex 50.2 47.466 1.6
    endloop
  endfacet
  facet normal 0 0 1
    outer loop
      vertex 50.5695 36.4086 1.6
      vertex 49.7 37.4 1.6
      vertex 50.4412 36.4341 1.6
    endloop
  endfacet
  facet normal 0 0 1
    outer loop
      vertex 49.7 46.6 1.6
      vertex 50.2 47.466 1.6
      vertex 50.0912 47.3933 1.6
    endloop
  endfacet
  facet normal 0 0 1
    outer loop
      vertex 50.4412 36.4341 1.6
      vertex 49.7 37.4 1.6
      vertex 50.3173 36.4761 1.6
    endloop
  endfacet
  facet normal 0 0 1
    outer loop
      vertex 49.7 46.6 1.6
      vertex 50.0912 47.3933 1.6
      vertex 49.9929 47.3071 1.6
    endloop
  endfacet
  facet normal 0 0 1
    outer loop
      vertex 50.3173 36.4761 1.6
      vertex 49.7 37.4 1.6
      vertex 50.2 36.534 1.6
    endloop
  endfacet
  facet normal 0 0 1
    outer loop
      vertex 49.7 46.6 1.6
      vertex 49.9929 47.3071 1.6
      vertex 49.9067 47.2088 1.6
    endloop
  endfacet
  facet normal 0 0 1
    outer loop
      vertex 50.2 36.534 1.6
      vertex 49.7 37.4 1.6
      vertex 50.0912 36.6067 1.6
    endloop
  endfacet
  facet normal 0 0 1
    outer loop
      vertex 49.7 46.6 1.6
      vertex 49.9067 47.2088 1.6
      vertex 49.834 47.1 1.6
    endloop
  endfacet
  facet normal 0 0 1
    outer loop
      vertex 50.0912 36.6067 1.6
      vertex 49.7 37.4 1.6
      vertex 49.9929 36.6929 1.6
    endloop
  endfacet
  facet normal 0 0 1
    outer loop
      vertex 49.7 46.6 1.6
      vertex 49.834 47.1 1.6
      vertex 49.7761 46.9827 1.6
    endloop
  endfacet
  facet normal 0 0 1
    outer loop
      vertex 49.9929 36.6929 1.6
      vertex 49.7 37.4 1.6
      vertex 49.9067 36.7912 1.6
    endloop
  endfacet
  facet normal 0 0 1
    outer loop
      vertex 49.7 46.6 1.6
      vertex 49.7761 46.9827 1.6
      vertex 49.7341 46.8588 1.6
    endloop
  endfacet
  facet normal 0 0 1
    outer loop
      vertex 49.9067 36.7912 1.6
      vertex 49.7 37.4 1.6
      vertex 49.834 36.9 1.6
    endloop
  endfacet
  facet normal 0 0 1
    outer loop
      vertex 49.7 46.6 1.6
      vertex 49.7341 46.8588 1.6
      vertex 49.7086 46.7305 1.6
    endloop
  endfacet
  facet normal 0 0 1
    outer loop
      vertex 49.834 36.9 1.6
      vertex 49.7 37.4 1.6
      vertex 49.7761 37.0173 1.6
    endloop
  endfacet
  facet normal 0 0 1
    outer loop
      vertex 49.7761 37.0173 1.6
      vertex 49.7 37.4 1.6
      vertex 49.7341 37.1412 1.6
    endloop
  endfacet
  facet normal 0 0 1
    outer loop
      vertex 49.7341 37.1412 1.6
      vertex 49.7 37.4 1.6
      vertex 49.7086 37.2695 1.6
    endloop
  endfacet
  facet normal -0 0 1
    outer loop
      vertex 92.3315 46.1589 1.6
      vertex 102.4 45.7 1.6
      vertex 92.4 46.5033 1.6
    endloop
  endfacet
  facet normal -0 0 1
    outer loop
      vertex 92.1364 45.8669 1.6
      vertex 102.4 45.7 1.6
      vertex 92.3315 46.1589 1.6
    endloop
  endfacet
  facet normal 0 0 1
    outer loop
      vertex 102.4 45.7 1.6
      vertex 92.1364 45.8669 1.6
      vertex 91.8866 45.7 1.6
    endloop
  endfacet
  facet normal -0 0 1
    outer loop
      vertex 87.2 46.5033 1.6
      vertex 90.6685 46.1589 1.6
      vertex 90.6 46.5033 1.6
    endloop
  endfacet
  facet normal 0 0 1
    outer loop
      vertex 87.1315 46.1589 1.6
      vertex 90.6685 46.1589 1.6
      vertex 87.2 46.5033 1.6
    endloop
  endfacet
  facet normal 0 0 1
    outer loop
      vertex 90.6685 46.1589 1.6
      vertex 87.1315 46.1589 1.6
      vertex 90.8636 45.8669 1.6
    endloop
  endfacet
  facet normal 0 0 1
    outer loop
      vertex 86.9364 45.8669 1.6
      vertex 90.8636 45.8669 1.6
      vertex 87.1315 46.1589 1.6
    endloop
  endfacet
  facet normal 0 0 1
    outer loop
      vertex 90.8636 45.8669 1.6
      vertex 86.9364 45.8669 1.6
      vertex 91.1134 45.7 1.6
    endloop
  endfacet
  facet normal 0 0 1
    outer loop
      vertex 91.1134 45.7 1.6
      vertex 86.9364 45.8669 1.6
      vertex 86.6865 45.7 1.6
    endloop
  endfacet
  facet normal 0 0 1
    outer loop
      vertex 85.6636 45.8669 1.6
      vertex 52.2 45.7 1.6
      vertex 85.9135 45.7 1.6
    endloop
  endfacet
  facet normal 0 0 1
    outer loop
      vertex 85.4685 46.1589 1.6
      vertex 52.2 45.7 1.6
      vertex 85.6636 45.8669 1.6
    endloop
  endfacet
  facet normal 0 0 1
    outer loop
      vertex 52.2 45.7 1.6
      vertex 85.4685 46.1589 1.6
      vertex 85.4 46.5033 1.6
    endloop
  endfacet
  facet normal -0.896709 -0.442621 0
    outer loop
      vertex 49.834 36.9 0
      vertex 49.7761 37.0173 1.6
      vertex 49.7761 37.0173 0
    endloop
  endfacet
  facet normal -0.896709 -0.442621 0
    outer loop
      vertex 49.7761 37.0173 1.6
      vertex 49.834 36.9 0
      vertex 49.834 36.9 1.6
    endloop
  endfacet
  facet normal 0.660455 0.750865 -0
    outer loop
      vertex 104.607 47.3071 0
      vertex 104.509 47.3933 1.6
      vertex 104.607 47.3071 1.6
    endloop
  endfacet
  facet normal 0.660455 0.750865 0
    outer loop
      vertex 104.509 47.3933 1.6
      vertex 104.607 47.3071 0
      vertex 104.509 47.3933 0
    endloop
  endfacet
  facet normal -0.831462 -0.555582 0
    outer loop
      vertex 49.9067 36.7912 0
      vertex 49.834 36.9 1.6
      vertex 49.834 36.9 0
    endloop
  endfacet
  facet normal -0.831462 -0.555582 0
    outer loop
      vertex 49.834 36.9 1.6
      vertex 49.9067 36.7912 0
      vertex 49.9067 36.7912 1.6
    endloop
  endfacet
  facet normal -0.751866 -0.659316 0
    outer loop
      vertex 49.9929 36.6929 0
      vertex 49.9067 36.7912 1.6
      vertex 49.9067 36.7912 0
    endloop
  endfacet
  facet normal -0.751866 -0.659316 0
    outer loop
      vertex 49.9067 36.7912 1.6
      vertex 49.9929 36.6929 0
      vertex 49.9929 36.6929 1.6
    endloop
  endfacet
  facet normal 0.896405 0.443235 0
    outer loop
      vertex 104.824 46.9827 1.6
      vertex 104.766 47.1 0
      vertex 104.766 47.1 1.6
    endloop
  endfacet
  facet normal 0.896405 0.443235 0
    outer loop
      vertex 104.766 47.1 0
      vertex 104.824 46.9827 1.6
      vertex 104.824 46.9827 0
    endloop
  endfacet
  facet normal 0 0 -1
    outer loop
      vertex 87.9444 45.0832 0
      vertex 87.1315 46.1589 0
      vertex 87.2 46.5033 0
    endloop
  endfacet
  facet normal 0 0 -1
    outer loop
      vertex 86.6444 45.6718 0
      vertex 87.2556 45.0832 0
      vertex 86.9636 44.8881 0
    endloop
  endfacet
  facet normal 0 0 -1
    outer loop
      vertex 87.6 45.1517 0
      vertex 86.9364 45.8669 0
      vertex 87.1315 46.1589 0
    endloop
  endfacet
  facet normal 0 0 -1
    outer loop
      vertex 86.3 45.6033 0
      vertex 86.9636 44.8881 0
      vertex 86.7685 44.5961 0
    endloop
  endfacet
  facet normal 0 0 -1
    outer loop
      vertex 85.9556 45.6718 0
      vertex 86.7685 44.5961 0
      vertex 86.7 44.2517 0
    endloop
  endfacet
  facet normal 0 0 -1
    outer loop
      vertex 87.2556 45.0832 0
      vertex 86.6444 45.6718 0
      vertex 86.9364 45.8669 0
    endloop
  endfacet
  facet normal 0 0 -1
    outer loop
      vertex 85.9556 42.8315 0
      vertex 86.7685 43.9072 0
      vertex 86.3 42.9 0
    endloop
  endfacet
  facet normal -0 0 -1
    outer loop
      vertex 86.7685 43.9072 0
      vertex 85.9556 42.8315 0
      vertex 86.7 44.2517 0
    endloop
  endfacet
  facet normal 0 0 -1
    outer loop
      vertex 86.9636 44.8881 0
      vertex 86.3 45.6033 0
      vertex 86.6444 45.6718 0
    endloop
  endfacet
  facet normal 0 0 -1
    outer loop
      vertex 84.0444 42.8315 0
      vertex 86.7 44.2517 0
      vertex 85.9556 42.8315 0
    endloop
  endfacet
  facet normal 0 0 -1
    outer loop
      vertex 86.7685 44.5961 0
      vertex 85.9556 45.6718 0
      vertex 86.3 45.6033 0
    endloop
  endfacet
  facet normal 0 0 -1
    outer loop
      vertex 84.0444 42.8315 0
      vertex 85.9556 42.8315 0
      vertex 85.6636 42.6364 0
    endloop
  endfacet
  facet normal -0 0 -1
    outer loop
      vertex 86.7 44.2517 0
      vertex 84.0444 42.8315 0
      vertex 85.9556 45.6718 0
    endloop
  endfacet
  facet normal 0 0 -1
    outer loop
      vertex 84.3364 42.6364 0
      vertex 85.6636 42.6364 0
      vertex 85.4685 42.3444 0
    endloop
  endfacet
  facet normal 0 0 -1
    outer loop
      vertex 84.0444 42.8315 0
      vertex 85.6636 42.6364 0
      vertex 84.3364 42.6364 0
    endloop
  endfacet
  facet normal 0 0 -1
    outer loop
      vertex 84.5315 42.3444 0
      vertex 85.4685 42.3444 0
      vertex 85.4 42 0
    endloop
  endfacet
  facet normal -0 0 -1
    outer loop
      vertex 85.9556 45.6718 0
      vertex 84.0444 42.8315 0
      vertex 85.6636 45.8669 0
    endloop
  endfacet
  facet normal 0 0 -1
    outer loop
      vertex 87.2 42 0
      vertex 90.6 42 0
      vertex 87.9444 40.5798 0
    endloop
  endfacet
  facet normal 0 0 -1
    outer loop
      vertex 89.5636 43.6153 0
      vertex 88.4315 43.9072 0
      vertex 88.5 44.2517 0
    endloop
  endfacet
  facet normal 0 0 -1
    outer loop
      vertex 90.6 42 0
      vertex 87.2 42 0
      vertex 89.8556 43.4202 0
    endloop
  endfacet
  facet normal 0 0 -1
    outer loop
      vertex 89.5636 43.6153 0
      vertex 88.2364 43.6153 0
      vertex 88.4315 43.9072 0
    endloop
  endfacet
  facet normal 0 0 -1
    outer loop
      vertex 89.8556 43.4202 0
      vertex 87.9444 43.4202 0
      vertex 89.5636 43.6153 0
    endloop
  endfacet
  facet normal -0 0 -1
    outer loop
      vertex 89.5636 43.6153 0
      vertex 87.9444 43.4202 0
      vertex 88.2364 43.6153 0
    endloop
  endfacet
  facet normal 0 0 -1
    outer loop
      vertex 87.1315 41.6556 0
      vertex 87.9444 40.5798 0
      vertex 87.6 40.6483 0
    endloop
  endfacet
  facet normal -0 0 -1
    outer loop
      vertex 89.8556 43.4202 0
      vertex 87.2 42 0
      vertex 87.9444 43.4202 0
    endloop
  endfacet
  facet normal 0 0 -1
    outer loop
      vertex 86.9364 41.3636 0
      vertex 87.6 40.6483 0
      vertex 87.2556 40.5798 0
    endloop
  endfacet
  facet normal 0 0 -1
    outer loop
      vertex 87.1315 42.3444 0
      vertex 87.9444 43.4202 0
      vertex 87.2 42 0
    endloop
  endfacet
  facet normal 0 0 -1
    outer loop
      vertex 87.9444 43.4202 0
      vertex 87.1315 42.3444 0
      vertex 87.6 43.3517 0
    endloop
  endfacet
  facet normal 0 0 -1
    outer loop
      vertex 87.9444 40.5798 0
      vertex 87.1315 41.6556 0
      vertex 87.2 42 0
    endloop
  endfacet
  facet normal 0 0 -1
    outer loop
      vertex 86.6444 41.1685 0
      vertex 87.2556 40.5798 0
      vertex 86.9636 40.3847 0
    endloop
  endfacet
  facet normal 0 0 -1
    outer loop
      vertex 87.6 40.6483 0
      vertex 86.9364 41.3636 0
      vertex 87.1315 41.6556 0
    endloop
  endfacet
  facet normal 0 0 -1
    outer loop
      vertex 86.3 41.1 0
      vertex 86.9636 40.3847 0
      vertex 86.7685 40.0928 0
    endloop
  endfacet
  facet normal 0 0 -1
    outer loop
      vertex 85.9556 41.1685 0
      vertex 86.7685 40.0928 0
      vertex 86.7 39.7483 0
    endloop
  endfacet
  facet normal 0 0 -1
    outer loop
      vertex 87.2556 40.5798 0
      vertex 86.6444 41.1685 0
      vertex 86.9364 41.3636 0
    endloop
  endfacet
  facet normal 0 0 -1
    outer loop
      vertex 85.9556 38.3282 0
      vertex 86.7685 39.4039 0
      vertex 86.3 38.3967 0
    endloop
  endfacet
  facet normal -0 0 -1
    outer loop
      vertex 86.7685 39.4039 0
      vertex 85.9556 38.3282 0
      vertex 86.7 39.7483 0
    endloop
  endfacet
  facet normal 0 0 -1
    outer loop
      vertex 86.9636 40.3847 0
      vertex 86.3 41.1 0
      vertex 86.6444 41.1685 0
    endloop
  endfacet
  facet normal 0 0 -1
    outer loop
      vertex 84.0444 41.1685 0
      vertex 86.7 39.7483 0
      vertex 85.9556 38.3282 0
    endloop
  endfacet
  facet normal 0 0 -1
    outer loop
      vertex 86.7685 40.0928 0
      vertex 85.9556 41.1685 0
      vertex 86.3 41.1 0
    endloop
  endfacet
  facet normal 0 0 -1
    outer loop
      vertex 84.0444 41.1685 0
      vertex 85.9556 38.3282 0
      vertex 85.6636 38.1331 0
    endloop
  endfacet
  facet normal 0 0 -1
    outer loop
      vertex 86.7 39.7483 0
      vertex 84.0444 41.1685 0
      vertex 85.9556 41.1685 0
    endloop
  endfacet
  facet normal 0 0 -1
    outer loop
      vertex 83.7 41.1 0
      vertex 85.6636 38.1331 0
      vertex 85.4685 37.8411 0
    endloop
  endfacet
  facet normal 0 0 -1
    outer loop
      vertex 85.9556 41.1685 0
      vertex 84.0444 41.1685 0
      vertex 85.6636 41.3636 0
    endloop
  endfacet
  facet normal 0 0 -1
    outer loop
      vertex 83.3556 41.1685 0
      vertex 85.4685 37.8411 0
      vertex 85.4 37.4967 0
    endloop
  endfacet
  facet normal 0 0 -1
    outer loop
      vertex 85.6636 41.3636 0
      vertex 84.3364 41.3636 0
      vertex 85.4685 41.6556 0
    endloop
  endfacet
  facet normal 0 0 -1
    outer loop
      vertex 86.9364 38.1331 0
      vertex 87.6 38.8483 0
      vertex 87.1315 37.8411 0
    endloop
  endfacet
  facet normal -0 0 -1
    outer loop
      vertex 87.6 38.8483 0
      vertex 86.9364 38.1331 0
      vertex 87.2556 38.9168 0
    endloop
  endfacet
  facet normal 0 0 -1
    outer loop
      vertex 86.6444 38.3282 0
      vertex 87.2556 38.9168 0
      vertex 86.9364 38.1331 0
    endloop
  endfacet
  facet normal -0 0 -1
    outer loop
      vertex 87.2556 38.9168 0
      vertex 86.6444 38.3282 0
      vertex 86.9636 39.1119 0
    endloop
  endfacet
  facet normal 0 0 -1
    outer loop
      vertex 86.3 38.3967 0
      vertex 86.9636 39.1119 0
      vertex 86.6444 38.3282 0
    endloop
  endfacet
  facet normal -0 0 -1
    outer loop
      vertex 86.9636 39.1119 0
      vertex 86.3 38.3967 0
      vertex 86.7685 39.4039 0
    endloop
  endfacet
  facet normal 0 0 -1
    outer loop
      vertex 86.9364 42.6364 0
      vertex 87.6 43.3517 0
      vertex 87.1315 42.3444 0
    endloop
  endfacet
  facet normal -0 0 -1
    outer loop
      vertex 87.6 43.3517 0
      vertex 86.9364 42.6364 0
      vertex 87.2556 43.4202 0
    endloop
  endfacet
  facet normal 0 0 -1
    outer loop
      vertex 86.6444 42.8315 0
      vertex 87.2556 43.4202 0
      vertex 86.9364 42.6364 0
    endloop
  endfacet
  facet normal -0 0 -1
    outer loop
      vertex 87.2556 43.4202 0
      vertex 86.6444 42.8315 0
      vertex 86.9636 43.6153 0
    endloop
  endfacet
  facet normal 0 0 -1
    outer loop
      vertex 86.3 42.9 0
      vertex 86.9636 43.6153 0
      vertex 86.6444 42.8315 0
    endloop
  endfacet
  facet normal -0 0 -1
    outer loop
      vertex 86.9636 43.6153 0
      vertex 86.3 42.9 0
      vertex 86.7685 43.9072 0
    endloop
  endfacet
  facet normal 0 0 -1
    outer loop
      vertex 92.1364 42.6364 0
      vertex 93.4636 42.6364 0
      vertex 92.3315 42.3444 0
    endloop
  endfacet
  facet normal 0 0 -1
    outer loop
      vertex 93.4636 42.6364 0
      vertex 92.3315 46.1589 0
      vertex 92.4 46.5033 0
    endloop
  endfacet
  facet normal 0 0 -1
    outer loop
      vertex 91.8444 42.8315 0
      vertex 93.4636 42.6364 0
      vertex 92.1364 42.6364 0
    endloop
  endfacet
  facet normal 0 0 -1
    outer loop
      vertex 93.4636 42.6364 0
      vertex 92.1364 45.8669 0
      vertex 92.3315 46.1589 0
    endloop
  endfacet
  facet normal 0 0 -1
    outer loop
      vertex 91.8444 45.6718 0
      vertex 93.4636 42.6364 0
      vertex 91.8444 42.8315 0
    endloop
  endfacet
  facet normal 0 0 -1
    outer loop
      vertex 93.4636 42.6364 0
      vertex 91.8444 45.6718 0
      vertex 92.1364 45.8669 0
    endloop
  endfacet
  facet normal 0 0 -1
    outer loop
      vertex 91.0315 43.9072 0
      vertex 91.8444 42.8315 0
      vertex 91.5 42.9 0
    endloop
  endfacet
  facet normal 0 0 -1
    outer loop
      vertex 91.8444 42.8315 0
      vertex 91.1 44.2517 0
      vertex 91.8444 45.6718 0
    endloop
  endfacet
  facet normal 0 0 -1
    outer loop
      vertex 90.8364 43.6153 0
      vertex 91.5 42.9 0
      vertex 91.1556 42.8315 0
    endloop
  endfacet
  facet normal 0 0 -1
    outer loop
      vertex 91.0315 44.5961 0
      vertex 91.8444 45.6718 0
      vertex 91.1 44.2517 0
    endloop
  endfacet
  facet normal 0 0 -1
    outer loop
      vertex 91.8444 45.6718 0
      vertex 91.0315 44.5961 0
      vertex 91.5 45.6033 0
    endloop
  endfacet
  facet normal 0 0 -1
    outer loop
      vertex 91.8444 42.8315 0
      vertex 91.0315 43.9072 0
      vertex 91.1 44.2517 0
    endloop
  endfacet
  facet normal 0 0 -1
    outer loop
      vertex 90.5444 43.4202 0
      vertex 91.1556 42.8315 0
      vertex 90.8636 42.6364 0
    endloop
  endfacet
  facet normal 0 0 -1
    outer loop
      vertex 91.5 42.9 0
      vertex 90.8364 43.6153 0
      vertex 91.0315 43.9072 0
    endloop
  endfacet
  facet normal 0 0 -1
    outer loop
      vertex 90.2 43.3517 0
      vertex 90.8636 42.6364 0
      vertex 90.6685 42.3444 0
    endloop
  endfacet
  facet normal 0 0 -1
    outer loop
      vertex 89.8556 43.4202 0
      vertex 90.6685 42.3444 0
      vertex 90.6 42 0
    endloop
  endfacet
  facet normal 0 0 -1
    outer loop
      vertex 91.1556 42.8315 0
      vertex 90.5444 43.4202 0
      vertex 90.8364 43.6153 0
    endloop
  endfacet
  facet normal 0 0 -1
    outer loop
      vertex 89.8556 40.5798 0
      vertex 90.6685 41.6556 0
      vertex 90.2 40.6483 0
    endloop
  endfacet
  facet normal -0 0 -1
    outer loop
      vertex 90.6685 41.6556 0
      vertex 89.8556 40.5798 0
      vertex 90.6 42 0
    endloop
  endfacet
  facet normal 0 0 -1
    outer loop
      vertex 90.8636 42.6364 0
      vertex 90.2 43.3517 0
      vertex 90.5444 43.4202 0
    endloop
  endfacet
  facet normal 0 0 -1
    outer loop
      vertex 87.9444 40.5798 0
      vertex 90.6 42 0
      vertex 89.8556 40.5798 0
    endloop
  endfacet
  facet normal 0 0 -1
    outer loop
      vertex 90.6685 42.3444 0
      vertex 89.8556 43.4202 0
      vertex 90.2 43.3517 0
    endloop
  endfacet
  facet normal 0 0 -1
    outer loop
      vertex 88.2364 40.3847 0
      vertex 89.8556 40.5798 0
      vertex 89.5636 40.3847 0
    endloop
  endfacet
  facet normal 0 0 -1
    outer loop
      vertex 87.9444 40.5798 0
      vertex 89.8556 40.5798 0
      vertex 88.2364 40.3847 0
    endloop
  endfacet
  facet normal 0 0 -1
    outer loop
      vertex 88.4315 40.0928 0
      vertex 89.3685 40.0928 0
      vertex 88.5 39.7483 0
    endloop
  endfacet
  facet normal 0 0 -1
    outer loop
      vertex 89.3685 40.0928 0
      vertex 88.4315 40.0928 0
      vertex 89.5636 40.3847 0
    endloop
  endfacet
  facet normal 0 0 -1
    outer loop
      vertex 88.5 39.7483 0
      vertex 89.3685 40.0928 0
      vertex 89.3 39.7483 0
    endloop
  endfacet
  facet normal 0 0 -1
    outer loop
      vertex 88.2364 40.3847 0
      vertex 89.5636 40.3847 0
      vertex 88.4315 40.0928 0
    endloop
  endfacet
  facet normal 0 0 -1
    outer loop
      vertex 91.8444 38.3282 0
      vertex 93.7556 41.1685 0
      vertex 92.1364 38.1331 0
    endloop
  endfacet
  facet normal 0 0 -1
    outer loop
      vertex 93.4636 41.3636 0
      vertex 92.3315 41.6556 0
      vertex 92.4 42 0
    endloop
  endfacet
  facet normal 0 0 -1
    outer loop
      vertex 91.1 39.7483 0
      vertex 93.7556 41.1685 0
      vertex 91.8444 38.3282 0
    endloop
  endfacet
  facet normal 0 0 -1
    outer loop
      vertex 93.4636 41.3636 0
      vertex 92.1364 41.3636 0
      vertex 92.3315 41.6556 0
    endloop
  endfacet
  facet normal 0 0 -1
    outer loop
      vertex 93.7556 41.1685 0
      vertex 91.8444 41.1685 0
      vertex 93.4636 41.3636 0
    endloop
  endfacet
  facet normal -0 0 -1
    outer loop
      vertex 93.4636 41.3636 0
      vertex 91.8444 41.1685 0
      vertex 92.1364 41.3636 0
    endloop
  endfacet
  facet normal 0 0 -1
    outer loop
      vertex 91.0315 39.4039 0
      vertex 91.8444 38.3282 0
      vertex 91.5 38.3967 0
    endloop
  endfacet
  facet normal -0 0 -1
    outer loop
      vertex 93.7556 41.1685 0
      vertex 91.1 39.7483 0
      vertex 91.8444 41.1685 0
    endloop
  endfacet
  facet normal 0 0 -1
    outer loop
      vertex 90.8364 39.1119 0
      vertex 91.5 38.3967 0
      vertex 91.1556 38.3282 0
    endloop
  endfacet
  facet normal 0 0 -1
    outer loop
      vertex 91.0315 40.0928 0
      vertex 91.8444 41.1685 0
      vertex 91.1 39.7483 0
    endloop
  endfacet
  facet normal 0 0 -1
    outer loop
      vertex 91.8444 41.1685 0
      vertex 91.0315 40.0928 0
      vertex 91.5 41.1 0
    endloop
  endfacet
  facet normal 0 0 -1
    outer loop
      vertex 91.8444 38.3282 0
      vertex 91.0315 39.4039 0
      vertex 91.1 39.7483 0
    endloop
  endfacet
  facet normal 0 0 -1
    outer loop
      vertex 90.5444 38.9168 0
      vertex 91.1556 38.3282 0
      vertex 90.8636 38.1331 0
    endloop
  endfacet
  facet normal 0 0 -1
    outer loop
      vertex 91.5 38.3967 0
      vertex 90.8364 39.1119 0
      vertex 91.0315 39.4039 0
    endloop
  endfacet
  facet normal 0 0 -1
    outer loop
      vertex 90.2 38.8483 0
      vertex 90.8636 38.1331 0
      vertex 90.6685 37.8411 0
    endloop
  endfacet
  facet normal 0 0 -1
    outer loop
      vertex 89.8556 38.9168 0
      vertex 90.6685 37.8411 0
      vertex 90.6 37.4967 0
    endloop
  endfacet
  facet normal 0 0 -1
    outer loop
      vertex 91.1556 38.3282 0
      vertex 90.5444 38.9168 0
      vertex 90.8364 39.1119 0
    endloop
  endfacet
  facet normal 0 0 -1
    outer loop
      vertex 103.9 36.4 0
      vertex 104.9 37.4 0
      vertex 104.891 37.2695 0
    endloop
  endfacet
  facet normal 0 0 -1
    outer loop
      vertex 104.9 37.4 0
      vertex 95 42 0
      vertex 104.9 46.6 0
    endloop
  endfacet
  facet normal 0 0 -1
    outer loop
      vertex 103.9 36.4 0
      vertex 104.891 37.2695 0
      vertex 104.866 37.1412 0
    endloop
  endfacet
  facet normal 0 -0 -1
    outer loop
      vertex 103.9 47.6 0
      vertex 104.9 46.6 0
      vertex 95 42 0
    endloop
  endfacet
  facet normal 0 0 -1
    outer loop
      vertex 103.9 36.4 0
      vertex 104.866 37.1412 0
      vertex 104.824 37.0173 0
    endloop
  endfacet
  facet normal 0 0 -1
    outer loop
      vertex 104.9 46.6 0
      vertex 103.9 47.6 0
      vertex 104.891 46.7305 0
    endloop
  endfacet
  facet normal 0 0 -1
    outer loop
      vertex 103.9 36.4 0
      vertex 104.824 37.0173 0
      vertex 104.766 36.9 0
    endloop
  endfacet
  facet normal -0 0 -1
    outer loop
      vertex 104.9 37.4 0
      vertex 103.9 36.4 0
      vertex 95 42 0
    endloop
  endfacet
  facet normal 0 0 -1
    outer loop
      vertex 103.9 36.4 0
      vertex 104.766 36.9 0
      vertex 104.693 36.7912 0
    endloop
  endfacet
  facet normal 0 0 -1
    outer loop
      vertex 104.891 46.7305 0
      vertex 103.9 47.6 0
      vertex 104.866 46.8588 0
    endloop
  endfacet
  facet normal 0 0 -1
    outer loop
      vertex 103.9 36.4 0
      vertex 104.693 36.7912 0
      vertex 104.607 36.6929 0
    endloop
  endfacet
  facet normal 0 0 -1
    outer loop
      vertex 104.824 46.9827 0
      vertex 103.9 47.6 0
      vertex 104.766 47.1 0
    endloop
  endfacet
  facet normal 0 0 -1
    outer loop
      vertex 103.9 36.4 0
      vertex 104.607 36.6929 0
      vertex 104.509 36.6067 0
    endloop
  endfacet
  facet normal 0 0 -1
    outer loop
      vertex 104.766 47.1 0
      vertex 103.9 47.6 0
      vertex 104.693 47.2088 0
    endloop
  endfacet
  facet normal 0 0 -1
    outer loop
      vertex 103.9 36.4 0
      vertex 104.509 36.6067 0
      vertex 104.4 36.534 0
    endloop
  endfacet
  facet normal 0 0 -1
    outer loop
      vertex 104.693 47.2088 0
      vertex 103.9 47.6 0
      vertex 104.607 47.3071 0
    endloop
  endfacet
  facet normal 0 0 -1
    outer loop
      vertex 103.9 36.4 0
      vertex 104.4 36.534 0
      vertex 104.283 36.4761 0
    endloop
  endfacet
  facet normal 0 0 -1
    outer loop
      vertex 104.607 47.3071 0
      vertex 103.9 47.6 0
      vertex 104.509 47.3933 0
    endloop
  endfacet
  facet normal 0 0 -1
    outer loop
      vertex 103.9 36.4 0
      vertex 104.283 36.4761 0
      vertex 104.159 36.4341 0
    endloop
  endfacet
  facet normal 0 0 -1
    outer loop
      vertex 104.509 47.3933 0
      vertex 103.9 47.6 0
      vertex 104.4 47.466 0
    endloop
  endfacet
  facet normal 0 0 -1
    outer loop
      vertex 103.9 36.4 0
      vertex 104.159 36.4341 0
      vertex 104.031 36.4086 0
    endloop
  endfacet
  facet normal 0 0 -1
    outer loop
      vertex 104.4 47.466 0
      vertex 103.9 47.6 0
      vertex 104.283 47.5239 0
    endloop
  endfacet
  facet normal 0 0 -1
    outer loop
      vertex 104.283 47.5239 0
      vertex 103.9 47.6 0
      vertex 104.159 47.5659 0
    endloop
  endfacet
  facet normal 0 0 -1
    outer loop
      vertex 104.159 47.5659 0
      vertex 103.9 47.6 0
      vertex 104.031 47.5914 0
    endloop
  endfacet
  facet normal 0 0 -1
    outer loop
      vertex 104.866 46.8588 0
      vertex 103.9 47.6 0
      vertex 104.824 46.9827 0
    endloop
  endfacet
  facet normal 0 0 -1
    outer loop
      vertex 103.9 36.4 0
      vertex 94.9315 41.6556 0
      vertex 95 42 0
    endloop
  endfacet
  facet normal 0 0 -1
    outer loop
      vertex 103.9 36.4 0
      vertex 94.7364 41.3636 0
      vertex 94.9315 41.6556 0
    endloop
  endfacet
  facet normal 0 0 -1
    outer loop
      vertex 92.4 37.4967 0
      vertex 94.7364 41.3636 0
      vertex 103.9 36.4 0
    endloop
  endfacet
  facet normal 0 0 -1
    outer loop
      vertex 94.7364 41.3636 0
      vertex 92.4 37.4967 0
      vertex 94.4444 41.1685 0
    endloop
  endfacet
  facet normal 0 0 -1
    outer loop
      vertex 92.3315 37.8411 0
      vertex 94.4444 41.1685 0
      vertex 92.4 37.4967 0
    endloop
  endfacet
  facet normal 0 0 -1
    outer loop
      vertex 93.4636 41.3636 0
      vertex 92.4 42 0
      vertex 93.2685 41.6556 0
    endloop
  endfacet
  facet normal -0 0 -1
    outer loop
      vertex 94.1 41.1 0
      vertex 92.1364 38.1331 0
      vertex 93.7556 41.1685 0
    endloop
  endfacet
  facet normal 0 0 -1
    outer loop
      vertex 92.1364 38.1331 0
      vertex 94.1 41.1 0
      vertex 92.3315 37.8411 0
    endloop
  endfacet
  facet normal 0 0 -1
    outer loop
      vertex 94.4444 41.1685 0
      vertex 92.3315 37.8411 0
      vertex 94.1 41.1 0
    endloop
  endfacet
  facet normal 0 0 -1
    outer loop
      vertex 103.9 36.4 0
      vertex 92.3315 37.1523 0
      vertex 92.4 37.4967 0
    endloop
  endfacet
  facet normal 0 0 -1
    outer loop
      vertex 103.9 36.4 0
      vertex 92.1364 36.8603 0
      vertex 92.3315 37.1523 0
    endloop
  endfacet
  facet normal 0 0 -1
    outer loop
      vertex 103.9 36.4 0
      vertex 91.8444 36.6652 0
      vertex 92.1364 36.8603 0
    endloop
  endfacet
  facet normal 0 0 -1
    outer loop
      vertex 103.9 36.4 0
      vertex 91.5 36.5967 0
      vertex 91.8444 36.6652 0
    endloop
  endfacet
  facet normal 0 0 -1
    outer loop
      vertex 90.8636 38.1331 0
      vertex 90.2 38.8483 0
      vertex 90.5444 38.9168 0
    endloop
  endfacet
  facet normal 0 0 -1
    outer loop
      vertex 87.2 37.4967 0
      vertex 90.6 37.4967 0
      vertex 90.6685 37.1523 0
    endloop
  endfacet
  facet normal 0 0 -1
    outer loop
      vertex 90.6685 37.8411 0
      vertex 89.8556 38.9168 0
      vertex 90.2 38.8483 0
    endloop
  endfacet
  facet normal 0 0 -1
    outer loop
      vertex 90.6 37.4967 0
      vertex 87.2 37.4967 0
      vertex 89.8556 38.9168 0
    endloop
  endfacet
  facet normal 0 0 -1
    outer loop
      vertex 89.8556 38.9168 0
      vertex 87.9444 38.9168 0
      vertex 89.5636 39.1119 0
    endloop
  endfacet
  facet normal 0 0 -1
    outer loop
      vertex 89.5636 43.6153 0
      vertex 88.5 44.2517 0
      vertex 89.3685 43.9072 0
    endloop
  endfacet
  facet normal 0 0 -1
    outer loop
      vertex 89.3685 39.4039 0
      vertex 88.5 39.7483 0
      vertex 89.3 39.7483 0
    endloop
  endfacet
  facet normal 0 0 -1
    outer loop
      vertex 89.5636 39.1119 0
      vertex 88.2364 39.1119 0
      vertex 89.3685 39.4039 0
    endloop
  endfacet
  facet normal 0 0 -1
    outer loop
      vertex 87.1315 37.1523 0
      vertex 90.6685 37.1523 0
      vertex 90.8636 36.8603 0
    endloop
  endfacet
  facet normal 0 0 -1
    outer loop
      vertex 89.3685 39.4039 0
      vertex 88.4315 39.4039 0
      vertex 88.5 39.7483 0
    endloop
  endfacet
  facet normal -0 0 -1
    outer loop
      vertex 89.3685 39.4039 0
      vertex 88.2364 39.1119 0
      vertex 88.4315 39.4039 0
    endloop
  endfacet
  facet normal -0 0 -1
    outer loop
      vertex 89.5636 39.1119 0
      vertex 87.9444 38.9168 0
      vertex 88.2364 39.1119 0
    endloop
  endfacet
  facet normal -0 0 -1
    outer loop
      vertex 89.8556 38.9168 0
      vertex 87.2 37.4967 0
      vertex 87.9444 38.9168 0
    endloop
  endfacet
  facet normal 0 0 -1
    outer loop
      vertex 86.9364 36.8603 0
      vertex 90.8636 36.8603 0
      vertex 91.1556 36.6652 0
    endloop
  endfacet
  facet normal 0 0 -1
    outer loop
      vertex 87.1315 37.8411 0
      vertex 87.9444 38.9168 0
      vertex 87.2 37.4967 0
    endloop
  endfacet
  facet normal 0 0 -1
    outer loop
      vertex 87.9444 38.9168 0
      vertex 87.1315 37.8411 0
      vertex 87.6 38.8483 0
    endloop
  endfacet
  facet normal 0 0 -1
    outer loop
      vertex 90.6685 37.1523 0
      vertex 87.1315 37.1523 0
      vertex 87.2 37.4967 0
    endloop
  endfacet
  facet normal 0 0 -1
    outer loop
      vertex 86.6444 36.6652 0
      vertex 91.1556 36.6652 0
      vertex 91.5 36.5967 0
    endloop
  endfacet
  facet normal 0 0 -1
    outer loop
      vertex 90.8636 36.8603 0
      vertex 86.9364 36.8603 0
      vertex 87.1315 37.1523 0
    endloop
  endfacet
  facet normal 0 0 -1
    outer loop
      vertex 91.1556 36.6652 0
      vertex 86.6444 36.6652 0
      vertex 86.9364 36.8603 0
    endloop
  endfacet
  facet normal 0 0 -1
    outer loop
      vertex 86.3 36.5967 0
      vertex 91.5 36.5967 0
      vertex 103.9 36.4 0
    endloop
  endfacet
  facet normal 0 0 -1
    outer loop
      vertex 91.5 36.5967 0
      vertex 86.3 36.5967 0
      vertex 86.6444 36.6652 0
    endloop
  endfacet
  facet normal 0 -0 -1
    outer loop
      vertex 84.5315 41.6556 0
      vertex 85.4685 41.6556 0
      vertex 84.3364 41.3636 0
    endloop
  endfacet
  facet normal 0 0 -1
    outer loop
      vertex 84.5315 42.3444 0
      vertex 85.4 42 0
      vertex 84.6 42 0
    endloop
  endfacet
  facet normal -0 0 -1
    outer loop
      vertex 85.4 42 0
      vertex 84.5315 41.6556 0
      vertex 84.6 42 0
    endloop
  endfacet
  facet normal 0 0 -1
    outer loop
      vertex 83.0636 41.3636 0
      vertex 85.4 37.4967 0
      vertex 85.4685 37.1523 0
    endloop
  endfacet
  facet normal 0 0 -1
    outer loop
      vertex 85.4685 41.6556 0
      vertex 84.5315 41.6556 0
      vertex 85.4 42 0
    endloop
  endfacet
  facet normal -0 0 -1
    outer loop
      vertex 85.6636 41.3636 0
      vertex 84.0444 41.1685 0
      vertex 84.3364 41.3636 0
    endloop
  endfacet
  facet normal 0 0 -1
    outer loop
      vertex 85.6636 38.1331 0
      vertex 83.7 41.1 0
      vertex 84.0444 41.1685 0
    endloop
  endfacet
  facet normal 0 0 -1
    outer loop
      vertex 85.4685 37.8411 0
      vertex 83.3556 41.1685 0
      vertex 83.7 41.1 0
    endloop
  endfacet
  facet normal 0 0 -1
    outer loop
      vertex 85.4 37.4967 0
      vertex 83.0636 41.3636 0
      vertex 83.3556 41.1685 0
    endloop
  endfacet
  facet normal 0 0 -1
    outer loop
      vertex 50.7 36.4 0
      vertex 83.0636 41.3636 0
      vertex 85.4685 37.1523 0
    endloop
  endfacet
  facet normal -0 0 -1
    outer loop
      vertex 82.8685 41.6556 0
      vertex 50.7 36.4 0
      vertex 82.8 42 0
    endloop
  endfacet
  facet normal -0 0 -1
    outer loop
      vertex 83.0636 41.3636 0
      vertex 50.7 36.4 0
      vertex 82.8685 41.6556 0
    endloop
  endfacet
  facet normal -0 0 -1
    outer loop
      vertex 85.6636 36.8603 0
      vertex 50.7 36.4 0
      vertex 85.4685 37.1523 0
    endloop
  endfacet
  facet normal -0 0 -1
    outer loop
      vertex 85.9556 36.6652 0
      vertex 50.7 36.4 0
      vertex 85.6636 36.8603 0
    endloop
  endfacet
  facet normal -0 0 -1
    outer loop
      vertex 86.3 36.5967 0
      vertex 50.7 36.4 0
      vertex 85.9556 36.6652 0
    endloop
  endfacet
  facet normal 0 0 -1
    outer loop
      vertex 50.7 36.4 0
      vertex 86.3 36.5967 0
      vertex 103.9 36.4 0
    endloop
  endfacet
  facet normal 0 0 -1
    outer loop
      vertex 94.9315 42.3444 0
      vertex 103.9 47.6 0
      vertex 95 42 0
    endloop
  endfacet
  facet normal 0 0 -1
    outer loop
      vertex 94.7364 42.6364 0
      vertex 103.9 47.6 0
      vertex 94.9315 42.3444 0
    endloop
  endfacet
  facet normal 0 0 -1
    outer loop
      vertex 92.4 46.5033 0
      vertex 94.7364 42.6364 0
      vertex 94.4444 42.8315 0
    endloop
  endfacet
  facet normal 0 0 -1
    outer loop
      vertex 92.4 46.5033 0
      vertex 94.4444 42.8315 0
      vertex 94.1 42.9 0
    endloop
  endfacet
  facet normal 0 0 -1
    outer loop
      vertex 92.4 46.5033 0
      vertex 94.1 42.9 0
      vertex 93.7556 42.8315 0
    endloop
  endfacet
  facet normal 0 0 -1
    outer loop
      vertex 93.2685 41.6556 0
      vertex 92.4 42 0
      vertex 93.2 42 0
    endloop
  endfacet
  facet normal 0 0 -1
    outer loop
      vertex 92.4 42 0
      vertex 93.2685 42.3444 0
      vertex 93.2 42 0
    endloop
  endfacet
  facet normal 0 0 -1
    outer loop
      vertex 92.3315 42.3444 0
      vertex 93.2685 42.3444 0
      vertex 92.4 42 0
    endloop
  endfacet
  facet normal 0 0 -1
    outer loop
      vertex 93.2685 42.3444 0
      vertex 92.3315 42.3444 0
      vertex 93.4636 42.6364 0
    endloop
  endfacet
  facet normal 0 0 -1
    outer loop
      vertex 93.4636 42.6364 0
      vertex 92.4 46.5033 0
      vertex 93.7556 42.8315 0
    endloop
  endfacet
  facet normal 0 0 -1
    outer loop
      vertex 94.7364 42.6364 0
      vertex 92.4 46.5033 0
      vertex 103.9 47.6 0
    endloop
  endfacet
  facet normal 0 0 -1
    outer loop
      vertex 92.3315 46.8477 0
      vertex 103.9 47.6 0
      vertex 92.4 46.5033 0
    endloop
  endfacet
  facet normal 0 0 -1
    outer loop
      vertex 92.1364 47.1397 0
      vertex 103.9 47.6 0
      vertex 92.3315 46.8477 0
    endloop
  endfacet
  facet normal 0 0 -1
    outer loop
      vertex 91.8444 47.3348 0
      vertex 103.9 47.6 0
      vertex 92.1364 47.1397 0
    endloop
  endfacet
  facet normal 0 0 -1
    outer loop
      vertex 91.5 47.4033 0
      vertex 103.9 47.6 0
      vertex 91.8444 47.3348 0
    endloop
  endfacet
  facet normal 0 0 -1
    outer loop
      vertex 89.8556 45.0832 0
      vertex 90.6685 46.1589 0
      vertex 90.2 45.1517 0
    endloop
  endfacet
  facet normal -0 0 -1
    outer loop
      vertex 90.6685 46.1589 0
      vertex 89.8556 45.0832 0
      vertex 90.6 46.5033 0
    endloop
  endfacet
  facet normal 0 0 -1
    outer loop
      vertex 87.2 46.5033 0
      vertex 90.6 46.5033 0
      vertex 89.8556 45.0832 0
    endloop
  endfacet
  facet normal 0 0 -1
    outer loop
      vertex 87.9444 45.0832 0
      vertex 89.8556 45.0832 0
      vertex 89.5636 44.8881 0
    endloop
  endfacet
  facet normal 0 0 -1
    outer loop
      vertex 88.2364 44.8881 0
      vertex 89.5636 44.8881 0
      vertex 89.3685 44.5961 0
    endloop
  endfacet
  facet normal 0 0 -1
    outer loop
      vertex 89.3685 43.9072 0
      vertex 88.5 44.2517 0
      vertex 89.3 44.2517 0
    endloop
  endfacet
  facet normal 0 0 -1
    outer loop
      vertex 88.5 44.2517 0
      vertex 89.3685 44.5961 0
      vertex 89.3 44.2517 0
    endloop
  endfacet
  facet normal 0 0 -1
    outer loop
      vertex 88.4315 44.5961 0
      vertex 89.3685 44.5961 0
      vertex 88.5 44.2517 0
    endloop
  endfacet
  facet normal 0 0 -1
    outer loop
      vertex 88.2364 44.8881 0
      vertex 89.3685 44.5961 0
      vertex 88.4315 44.5961 0
    endloop
  endfacet
  facet normal 0 0 -1
    outer loop
      vertex 87.9444 45.0832 0
      vertex 89.5636 44.8881 0
      vertex 88.2364 44.8881 0
    endloop
  endfacet
  facet normal 0 0 -1
    outer loop
      vertex 87.2 46.5033 0
      vertex 89.8556 45.0832 0
      vertex 87.9444 45.0832 0
    endloop
  endfacet
  facet normal 0 0 -1
    outer loop
      vertex 90.6 46.5033 0
      vertex 87.2 46.5033 0
      vertex 90.6685 46.8477 0
    endloop
  endfacet
  facet normal 0 0 -1
    outer loop
      vertex 87.1315 46.1589 0
      vertex 87.9444 45.0832 0
      vertex 87.6 45.1517 0
    endloop
  endfacet
  facet normal 0 0 -1
    outer loop
      vertex 87.1315 46.8477 0
      vertex 90.6685 46.8477 0
      vertex 87.2 46.5033 0
    endloop
  endfacet
  facet normal 0 0 -1
    outer loop
      vertex 86.9364 45.8669 0
      vertex 87.6 45.1517 0
      vertex 87.2556 45.0832 0
    endloop
  endfacet
  facet normal 0 0 -1
    outer loop
      vertex 90.6685 46.8477 0
      vertex 87.1315 46.8477 0
      vertex 90.8636 47.1397 0
    endloop
  endfacet
  facet normal 0 0 -1
    outer loop
      vertex 86.9364 47.1397 0
      vertex 90.8636 47.1397 0
      vertex 87.1315 46.8477 0
    endloop
  endfacet
  facet normal 0 0 -1
    outer loop
      vertex 90.8636 47.1397 0
      vertex 86.9364 47.1397 0
      vertex 91.1556 47.3348 0
    endloop
  endfacet
  facet normal 0 0 -1
    outer loop
      vertex 86.6444 47.3348 0
      vertex 91.1556 47.3348 0
      vertex 86.9364 47.1397 0
    endloop
  endfacet
  facet normal 0 0 -1
    outer loop
      vertex 91.1556 47.3348 0
      vertex 86.6444 47.3348 0
      vertex 91.5 47.4033 0
    endloop
  endfacet
  facet normal 0 0 -1
    outer loop
      vertex 86.3 47.4033 0
      vertex 91.5 47.4033 0
      vertex 86.6444 47.3348 0
    endloop
  endfacet
  facet normal 0 0 -1
    outer loop
      vertex 91.5 47.4033 0
      vertex 86.3 47.4033 0
      vertex 103.9 47.6 0
    endloop
  endfacet
  facet normal 0 0 -1
    outer loop
      vertex 85.4685 42.3444 0
      vertex 84.5315 42.3444 0
      vertex 84.3364 42.6364 0
    endloop
  endfacet
  facet normal 0 0 -1
    outer loop
      vertex 83.7 42.9 0
      vertex 85.6636 45.8669 0
      vertex 84.0444 42.8315 0
    endloop
  endfacet
  facet normal -0 0 -1
    outer loop
      vertex 85.6636 45.8669 0
      vertex 83.7 42.9 0
      vertex 85.4685 46.1589 0
    endloop
  endfacet
  facet normal 0 0 -1
    outer loop
      vertex 83.3556 42.8315 0
      vertex 85.4685 46.1589 0
      vertex 83.7 42.9 0
    endloop
  endfacet
  facet normal -0 0 -1
    outer loop
      vertex 85.4685 46.1589 0
      vertex 83.3556 42.8315 0
      vertex 85.4 46.5033 0
    endloop
  endfacet
  facet normal 0 0 -1
    outer loop
      vertex 83.0636 42.6364 0
      vertex 85.4 46.5033 0
      vertex 83.3556 42.8315 0
    endloop
  endfacet
  facet normal -0 0 -1
    outer loop
      vertex 85.4 46.5033 0
      vertex 83.0636 42.6364 0
      vertex 85.4685 46.8477 0
    endloop
  endfacet
  facet normal 0 0 -1
    outer loop
      vertex 50.7 47.6 0
      vertex 83.0636 42.6364 0
      vertex 82.8685 42.3444 0
    endloop
  endfacet
  facet normal 0 0 -1
    outer loop
      vertex 50.7 47.6 0
      vertex 82.8 42 0
      vertex 50.7 36.4 0
    endloop
  endfacet
  facet normal 0 0 -1
    outer loop
      vertex 82.8 42 0
      vertex 50.7 47.6 0
      vertex 82.8685 42.3444 0
    endloop
  endfacet
  facet normal 0 0 -1
    outer loop
      vertex 83.0636 42.6364 0
      vertex 50.7 47.6 0
      vertex 85.4685 46.8477 0
    endloop
  endfacet
  facet normal 0 0 -1
    outer loop
      vertex 85.4685 46.8477 0
      vertex 50.7 47.6 0
      vertex 85.6636 47.1397 0
    endloop
  endfacet
  facet normal 0 0 -1
    outer loop
      vertex 86.3 47.4033 0
      vertex 50.7 47.6 0
      vertex 103.9 47.6 0
    endloop
  endfacet
  facet normal 0 0 -1
    outer loop
      vertex 85.9556 47.3348 0
      vertex 50.7 47.6 0
      vertex 86.3 47.4033 0
    endloop
  endfacet
  facet normal 0 0 -1
    outer loop
      vertex 85.6636 47.1397 0
      vertex 50.7 47.6 0
      vertex 85.9556 47.3348 0
    endloop
  endfacet
  facet normal 0 0 -1
    outer loop
      vertex 49.7 37.4 0
      vertex 50.7 36.4 0
      vertex 50.5695 36.4086 0
    endloop
  endfacet
  facet normal 0 0 -1
    outer loop
      vertex 50.7 36.4 0
      vertex 49.7 37.4 0
      vertex 50.7 47.6 0
    endloop
  endfacet
  facet normal 0 0 -1
    outer loop
      vertex 49.7 37.4 0
      vertex 50.5695 36.4086 0
      vertex 50.4412 36.4341 0
    endloop
  endfacet
  facet normal 0 0 -1
    outer loop
      vertex 49.7 46.6 0
      vertex 50.7 47.6 0
      vertex 49.7 37.4 0
    endloop
  endfacet
  facet normal 0 0 -1
    outer loop
      vertex 49.7 37.4 0
      vertex 50.4412 36.4341 0
      vertex 50.3173 36.4761 0
    endloop
  endfacet
  facet normal 0 0 -1
    outer loop
      vertex 50.7 47.6 0
      vertex 49.7 46.6 0
      vertex 50.5695 47.5914 0
    endloop
  endfacet
  facet normal 0 0 -1
    outer loop
      vertex 49.7 37.4 0
      vertex 50.3173 36.4761 0
      vertex 50.2 36.534 0
    endloop
  endfacet
  facet normal 0 0 -1
    outer loop
      vertex 50.5695 47.5914 0
      vertex 49.7 46.6 0
      vertex 50.4412 47.5659 0
    endloop
  endfacet
  facet normal 0 0 -1
    outer loop
      vertex 49.7 37.4 0
      vertex 50.2 36.534 0
      vertex 50.0912 36.6067 0
    endloop
  endfacet
  facet normal 0 0 -1
    outer loop
      vertex 50.4412 47.5659 0
      vertex 49.7 46.6 0
      vertex 50.3173 47.5239 0
    endloop
  endfacet
  facet normal 0 0 -1
    outer loop
      vertex 49.7 37.4 0
      vertex 50.0912 36.6067 0
      vertex 49.9929 36.6929 0
    endloop
  endfacet
  facet normal 0 0 -1
    outer loop
      vertex 50.3173 47.5239 0
      vertex 49.7 46.6 0
      vertex 50.2 47.466 0
    endloop
  endfacet
  facet normal 0 0 -1
    outer loop
      vertex 49.7 37.4 0
      vertex 49.9929 36.6929 0
      vertex 49.9067 36.7912 0
    endloop
  endfacet
  facet normal 0 0 -1
    outer loop
      vertex 50.2 47.466 0
      vertex 49.7 46.6 0
      vertex 50.0912 47.3933 0
    endloop
  endfacet
  facet normal 0 0 -1
    outer loop
      vertex 49.7 37.4 0
      vertex 49.9067 36.7912 0
      vertex 49.834 36.9 0
    endloop
  endfacet
  facet normal 0 0 -1
    outer loop
      vertex 50.0912 47.3933 0
      vertex 49.7 46.6 0
      vertex 49.9929 47.3071 0
    endloop
  endfacet
  facet normal 0 0 -1
    outer loop
      vertex 49.7 37.4 0
      vertex 49.834 36.9 0
      vertex 49.7761 37.0173 0
    endloop
  endfacet
  facet normal 0 0 -1
    outer loop
      vertex 49.9929 47.3071 0
      vertex 49.7 46.6 0
      vertex 49.9067 47.2088 0
    endloop
  endfacet
  facet normal 0 0 -1
    outer loop
      vertex 49.7 37.4 0
      vertex 49.7761 37.0173 0
      vertex 49.7341 37.1412 0
    endloop
  endfacet
  facet normal 0 0 -1
    outer loop
      vertex 49.9067 47.2088 0
      vertex 49.7 46.6 0
      vertex 49.834 47.1 0
    endloop
  endfacet
  facet normal 0 0 -1
    outer loop
      vertex 49.7 37.4 0
      vertex 49.7341 37.1412 0
      vertex 49.7086 37.2695 0
    endloop
  endfacet
  facet normal 0 0 -1
    outer loop
      vertex 49.834 47.1 0
      vertex 49.7 46.6 0
      vertex 49.7761 46.9827 0
    endloop
  endfacet
  facet normal 0 0 -1
    outer loop
      vertex 49.7761 46.9827 0
      vertex 49.7 46.6 0
      vertex 49.7341 46.8588 0
    endloop
  endfacet
  facet normal 0 0 -1
    outer loop
      vertex 49.7341 46.8588 0
      vertex 49.7 46.6 0
      vertex 49.7086 46.7305 0
    endloop
  endfacet
  facet normal 0 0 -1
    outer loop
      vertex 90.8364 40.3847 0
      vertex 91.5 41.1 0
      vertex 91.0315 40.0928 0
    endloop
  endfacet
  facet normal -0 0 -1
    outer loop
      vertex 91.5 41.1 0
      vertex 90.8364 40.3847 0
      vertex 91.1556 41.1685 0
    endloop
  endfacet
  facet normal 0 0 -1
    outer loop
      vertex 90.5444 40.5798 0
      vertex 91.1556 41.1685 0
      vertex 90.8364 40.3847 0
    endloop
  endfacet
  facet normal -0 0 -1
    outer loop
      vertex 91.1556 41.1685 0
      vertex 90.5444 40.5798 0
      vertex 90.8636 41.3636 0
    endloop
  endfacet
  facet normal 0 0 -1
    outer loop
      vertex 90.2 40.6483 0
      vertex 90.8636 41.3636 0
      vertex 90.5444 40.5798 0
    endloop
  endfacet
  facet normal -0 0 -1
    outer loop
      vertex 90.8636 41.3636 0
      vertex 90.2 40.6483 0
      vertex 90.6685 41.6556 0
    endloop
  endfacet
  facet normal 0 0 -1
    outer loop
      vertex 90.8364 44.8881 0
      vertex 91.5 45.6033 0
      vertex 91.0315 44.5961 0
    endloop
  endfacet
  facet normal -0 0 -1
    outer loop
      vertex 91.5 45.6033 0
      vertex 90.8364 44.8881 0
      vertex 91.1556 45.6718 0
    endloop
  endfacet
  facet normal 0 0 -1
    outer loop
      vertex 90.5444 45.0832 0
      vertex 91.1556 45.6718 0
      vertex 90.8364 44.8881 0
    endloop
  endfacet
  facet normal -0 0 -1
    outer loop
      vertex 91.1556 45.6718 0
      vertex 90.5444 45.0832 0
      vertex 90.8636 45.8669 0
    endloop
  endfacet
  facet normal 0 0 -1
    outer loop
      vertex 90.2 45.1517 0
      vertex 90.8636 45.8669 0
      vertex 90.5444 45.0832 0
    endloop
  endfacet
  facet normal -0 0 -1
    outer loop
      vertex 90.8636 45.8669 0
      vertex 90.2 45.1517 0
      vertex 90.6685 46.1589 0
    endloop
  endfacet
  facet normal 0.660455 -0.750865 0
    outer loop
      vertex 104.509 36.6067 0
      vertex 104.607 36.6929 1.6
      vertex 104.509 36.6067 1.6
    endloop
  endfacet
  facet normal 0.660455 -0.750865 0
    outer loop
      vertex 104.607 36.6929 1.6
      vertex 104.509 36.6067 0
      vertex 104.607 36.6929 0
    endloop
  endfacet
  facet normal 0.99763 -0.0688021 0
    outer loop
      vertex 104.891 37.2695 1.6
      vertex 104.9 37.4 0
      vertex 104.9 37.4 1.6
    endloop
  endfacet
  facet normal 0.99763 -0.0688021 0
    outer loop
      vertex 104.9 37.4 0
      vertex 104.891 37.2695 1.6
      vertex 104.891 37.2695 0
    endloop
  endfacet
  facet normal 0.319637 -0.94754 0
    outer loop
      vertex 102.555 38.3204 1.6
      vertex 102.63 38.3457 2.59
      vertex 102.555 38.3204 2.59
    endloop
  endfacet
  facet normal 0.319637 -0.94754 0
    outer loop
      vertex 102.63 38.3457 2.59
      vertex 102.555 38.3204 1.6
      vertex 102.63 38.3457 1.6
    endloop
  endfacet
  facet normal 0.900483 -0.434892 0
    outer loop
      vertex 102.92 38.6 2.59
      vertex 102.954 38.6704 1.6
      vertex 102.954 38.6704 2.59
    endloop
  endfacet
  facet normal 0.900483 -0.434892 0
    outer loop
      vertex 102.954 38.6704 1.6
      vertex 102.92 38.6 2.59
      vertex 102.92 38.6 1.6
    endloop
  endfacet
  facet normal 0.194891 -0.980825 0
    outer loop
      vertex 102.478 38.3051 1.6
      vertex 102.555 38.3204 2.59
      vertex 102.478 38.3051 2.59
    endloop
  endfacet
  facet normal 0.194891 -0.980825 0
    outer loop
      vertex 102.555 38.3204 2.59
      vertex 102.478 38.3051 1.6
      vertex 102.555 38.3204 1.6
    endloop
  endfacet
  facet normal 0.0652453 -0.997869 0
    outer loop
      vertex 102.4 38.3 1.6
      vertex 102.478 38.3051 2.59
      vertex 102.4 38.3 2.59
    endloop
  endfacet
  facet normal 0.0652453 -0.997869 0
    outer loop
      vertex 102.478 38.3051 2.59
      vertex 102.4 38.3 1.6
      vertex 102.478 38.3051 1.6
    endloop
  endfacet
  facet normal -0.980825 -0.194891 0
    outer loop
      vertex 51.6204 38.7447 1.6
      vertex 51.6051 38.8217 2.59
      vertex 51.6051 38.8217 1.6
    endloop
  endfacet
  facet normal -0.980825 -0.194891 0
    outer loop
      vertex 51.6051 38.8217 2.59
      vertex 51.6204 38.7447 1.6
      vertex 51.6204 38.7447 2.59
    endloop
  endfacet
  facet normal -1 0 0
    outer loop
      vertex 51.6 38.9 1.6
      vertex 51.6 45.1 2.59
      vertex 51.6 45.1 1.6
    endloop
  endfacet
  facet normal -1 -0 0
    outer loop
      vertex 51.6 45.1 2.59
      vertex 51.6 38.9 1.6
      vertex 51.6 38.9 2.59
    endloop
  endfacet
  facet normal -0.0649964 0.997886 0
    outer loop
      vertex 52.2 45.7 1.6
      vertex 52.1217 45.6949 2.59
      vertex 52.2 45.7 2.59
    endloop
  endfacet
  facet normal -0.0649964 0.997886 0
    outer loop
      vertex 52.1217 45.6949 2.59
      vertex 52.2 45.7 1.6
      vertex 52.1217 45.6949 1.6
    endloop
  endfacet
  facet normal 0 0 1
    outer loop
      vertex 87.2 42 2.59
      vertex 90.6 42 2.59
      vertex 87.9444 43.4202 2.59
    endloop
  endfacet
  facet normal 0 0 1
    outer loop
      vertex 89.5636 40.3847 2.59
      vertex 88.4315 40.0928 2.59
      vertex 88.5 39.7483 2.59
    endloop
  endfacet
  facet normal 0 0 1
    outer loop
      vertex 90.6 42 2.59
      vertex 87.2 42 2.59
      vertex 89.8556 40.5798 2.59
    endloop
  endfacet
  facet normal 0 0 1
    outer loop
      vertex 89.5636 40.3847 2.59
      vertex 88.2364 40.3847 2.59
      vertex 88.4315 40.0928 2.59
    endloop
  endfacet
  facet normal 0 0 1
    outer loop
      vertex 89.8556 40.5798 2.59
      vertex 87.9444 40.5798 2.59
      vertex 89.5636 40.3847 2.59
    endloop
  endfacet
  facet normal 0 0 1
    outer loop
      vertex 89.5636 40.3847 2.59
      vertex 87.9444 40.5798 2.59
      vertex 88.2364 40.3847 2.59
    endloop
  endfacet
  facet normal 0 0 1
    outer loop
      vertex 87.1315 42.3444 2.59
      vertex 87.9444 43.4202 2.59
      vertex 87.6 43.3517 2.59
    endloop
  endfacet
  facet normal 0 0 1
    outer loop
      vertex 89.8556 40.5798 2.59
      vertex 87.2 42 2.59
      vertex 87.9444 40.5798 2.59
    endloop
  endfacet
  facet normal 0 0 1
    outer loop
      vertex 86.9364 42.6364 2.59
      vertex 87.6 43.3517 2.59
      vertex 87.2556 43.4202 2.59
    endloop
  endfacet
  facet normal -0 0 1
    outer loop
      vertex 87.1315 41.6556 2.59
      vertex 87.9444 40.5798 2.59
      vertex 87.2 42 2.59
    endloop
  endfacet
  facet normal 0 0 1
    outer loop
      vertex 87.9444 40.5798 2.59
      vertex 87.1315 41.6556 2.59
      vertex 87.6 40.6483 2.59
    endloop
  endfacet
  facet normal 0 0 1
    outer loop
      vertex 87.9444 43.4202 2.59
      vertex 87.1315 42.3444 2.59
      vertex 87.2 42 2.59
    endloop
  endfacet
  facet normal 0 0 1
    outer loop
      vertex 86.6444 42.8315 2.59
      vertex 87.2556 43.4202 2.59
      vertex 86.9636 43.6153 2.59
    endloop
  endfacet
  facet normal 0 0 1
    outer loop
      vertex 87.6 43.3517 2.59
      vertex 86.9364 42.6364 2.59
      vertex 87.1315 42.3444 2.59
    endloop
  endfacet
  facet normal 0 0 1
    outer loop
      vertex 86.3 42.9 2.59
      vertex 86.9636 43.6153 2.59
      vertex 86.7685 43.9072 2.59
    endloop
  endfacet
  facet normal 0 0 1
    outer loop
      vertex 85.9556 42.8315 2.59
      vertex 86.7685 43.9072 2.59
      vertex 86.7 44.2517 2.59
    endloop
  endfacet
  facet normal 0 0 1
    outer loop
      vertex 86.9636 44.8881 2.59
      vertex 86.3 45.6033 2.59
      vertex 86.7685 44.5961 2.59
    endloop
  endfacet
  facet normal 0 0 1
    outer loop
      vertex 87.2556 43.4202 2.59
      vertex 86.6444 42.8315 2.59
      vertex 86.9364 42.6364 2.59
    endloop
  endfacet
  facet normal 0 0 1
    outer loop
      vertex 85.9556 45.6718 2.59
      vertex 86.7685 44.5961 2.59
      vertex 86.3 45.6033 2.59
    endloop
  endfacet
  facet normal 0 0 1
    outer loop
      vertex 86.7685 44.5961 2.59
      vertex 85.9556 45.6718 2.59
      vertex 86.7 44.2517 2.59
    endloop
  endfacet
  facet normal 0 0 1
    outer loop
      vertex 86.9636 43.6153 2.59
      vertex 86.3 42.9 2.59
      vertex 86.6444 42.8315 2.59
    endloop
  endfacet
  facet normal 0 0 1
    outer loop
      vertex 84.0444 42.8315 2.59
      vertex 86.7 44.2517 2.59
      vertex 85.9556 45.6718 2.59
    endloop
  endfacet
  facet normal 0 0 1
    outer loop
      vertex 86.7685 43.9072 2.59
      vertex 85.9556 42.8315 2.59
      vertex 86.3 42.9 2.59
    endloop
  endfacet
  facet normal 0 0 1
    outer loop
      vertex 84.0444 42.8315 2.59
      vertex 85.9556 45.6718 2.59
      vertex 85.9135 45.7 2.59
    endloop
  endfacet
  facet normal 0 0 1
    outer loop
      vertex 86.7 44.2517 2.59
      vertex 84.0444 42.8315 2.59
      vertex 85.9556 42.8315 2.59
    endloop
  endfacet
  facet normal 0 0 1
    outer loop
      vertex 85.9556 42.8315 2.59
      vertex 84.0444 42.8315 2.59
      vertex 85.6636 42.6364 2.59
    endloop
  endfacet
  facet normal 0 0 1
    outer loop
      vertex 85.6636 42.6364 2.59
      vertex 84.3364 42.6364 2.59
      vertex 85.4685 42.3444 2.59
    endloop
  endfacet
  facet normal 0 -0 1
    outer loop
      vertex 84.5315 42.3444 2.59
      vertex 85.4685 42.3444 2.59
      vertex 84.3364 42.6364 2.59
    endloop
  endfacet
  facet normal 0 0 1
    outer loop
      vertex 85.4 42 2.59
      vertex 84.5315 42.3444 2.59
      vertex 84.6 42 2.59
    endloop
  endfacet
  facet normal 0 0 1
    outer loop
      vertex 85.4685 42.3444 2.59
      vertex 84.5315 42.3444 2.59
      vertex 85.4 42 2.59
    endloop
  endfacet
  facet normal 0 0 1
    outer loop
      vertex 85.6636 42.6364 2.59
      vertex 84.0444 42.8315 2.59
      vertex 84.3364 42.6364 2.59
    endloop
  endfacet
  facet normal 0 0 1
    outer loop
      vertex 85.9135 45.7 2.59
      vertex 83.7 42.9 2.59
      vertex 84.0444 42.8315 2.59
    endloop
  endfacet
  facet normal 0 0 1
    outer loop
      vertex 85.9135 45.7 2.59
      vertex 83.3556 42.8315 2.59
      vertex 83.7 42.9 2.59
    endloop
  endfacet
  facet normal 0 0 1
    outer loop
      vertex 85.9135 45.7 2.59
      vertex 83.0636 42.6364 2.59
      vertex 83.3556 42.8315 2.59
    endloop
  endfacet
  facet normal 0 0 1
    outer loop
      vertex 82.8685 42.3444 2.59
      vertex 52.2 45.7 2.59
      vertex 82.8 42 2.59
    endloop
  endfacet
  facet normal 0 0 1
    outer loop
      vertex 83.0636 42.6364 2.59
      vertex 52.2 45.7 2.59
      vertex 82.8685 42.3444 2.59
    endloop
  endfacet
  facet normal -0 0 1
    outer loop
      vertex 52.2 45.7 2.59
      vertex 83.0636 42.6364 2.59
      vertex 85.9135 45.7 2.59
    endloop
  endfacet
  facet normal -0 0 1
    outer loop
      vertex 86.9364 41.3636 2.59
      vertex 87.6 40.6483 2.59
      vertex 87.1315 41.6556 2.59
    endloop
  endfacet
  facet normal 0 0 1
    outer loop
      vertex 87.6 40.6483 2.59
      vertex 86.9364 41.3636 2.59
      vertex 87.2556 40.5798 2.59
    endloop
  endfacet
  facet normal -0 0 1
    outer loop
      vertex 86.6444 41.1685 2.59
      vertex 87.2556 40.5798 2.59
      vertex 86.9364 41.3636 2.59
    endloop
  endfacet
  facet normal 0 0 1
    outer loop
      vertex 87.2556 40.5798 2.59
      vertex 86.6444 41.1685 2.59
      vertex 86.9636 40.3847 2.59
    endloop
  endfacet
  facet normal -0 0 1
    outer loop
      vertex 86.3 41.1 2.59
      vertex 86.9636 40.3847 2.59
      vertex 86.6444 41.1685 2.59
    endloop
  endfacet
  facet normal 0 0 1
    outer loop
      vertex 86.9636 40.3847 2.59
      vertex 86.3 41.1 2.59
      vertex 86.7685 40.0928 2.59
    endloop
  endfacet
  facet normal 0 0 1
    outer loop
      vertex 85.9556 41.1685 2.59
      vertex 86.7685 40.0928 2.59
      vertex 86.3 41.1 2.59
    endloop
  endfacet
  facet normal 0 0 1
    outer loop
      vertex 86.7 39.7483 2.59
      vertex 86.6444 38.3282 2.59
      vertex 86.6866 38.3 2.59
    endloop
  endfacet
  facet normal 0 0 1
    outer loop
      vertex 86.7685 40.0928 2.59
      vertex 85.9556 41.1685 2.59
      vertex 86.7 39.7483 2.59
    endloop
  endfacet
  facet normal 0 0 1
    outer loop
      vertex 86.7 39.7483 2.59
      vertex 86.3 38.3967 2.59
      vertex 86.6444 38.3282 2.59
    endloop
  endfacet
  facet normal -0 0 1
    outer loop
      vertex 84.0444 41.1685 2.59
      vertex 86.7 39.7483 2.59
      vertex 85.9556 41.1685 2.59
    endloop
  endfacet
  facet normal 0 0 1
    outer loop
      vertex 86.7 39.7483 2.59
      vertex 85.9556 38.3282 2.59
      vertex 86.3 38.3967 2.59
    endloop
  endfacet
  facet normal 0 0 1
    outer loop
      vertex 86.7 39.7483 2.59
      vertex 84.0444 41.1685 2.59
      vertex 85.9556 38.3282 2.59
    endloop
  endfacet
  facet normal 0 0 1
    outer loop
      vertex 84.0444 41.1685 2.59
      vertex 85.9556 41.1685 2.59
      vertex 85.6636 41.3636 2.59
    endloop
  endfacet
  facet normal 0 0 1
    outer loop
      vertex 84.3364 41.3636 2.59
      vertex 85.6636 41.3636 2.59
      vertex 85.4685 41.6556 2.59
    endloop
  endfacet
  facet normal 0 0 1
    outer loop
      vertex 84.5315 41.6556 2.59
      vertex 85.4685 41.6556 2.59
      vertex 85.4 42 2.59
    endloop
  endfacet
  facet normal 0 0 1
    outer loop
      vertex 84.5315 41.6556 2.59
      vertex 85.4 42 2.59
      vertex 84.6 42 2.59
    endloop
  endfacet
  facet normal 0 0 1
    outer loop
      vertex 85.4685 41.6556 2.59
      vertex 84.5315 41.6556 2.59
      vertex 84.3364 41.3636 2.59
    endloop
  endfacet
  facet normal 0 0 1
    outer loop
      vertex 84.0444 41.1685 2.59
      vertex 85.6636 41.3636 2.59
      vertex 84.3364 41.3636 2.59
    endloop
  endfacet
  facet normal 0 0 1
    outer loop
      vertex 85.9556 38.3282 2.59
      vertex 84.0444 41.1685 2.59
      vertex 85.9134 38.3 2.59
    endloop
  endfacet
  facet normal -0 0 1
    outer loop
      vertex 83.7 41.1 2.59
      vertex 85.9134 38.3 2.59
      vertex 84.0444 41.1685 2.59
    endloop
  endfacet
  facet normal 0 0 1
    outer loop
      vertex 83.3556 41.1685 2.59
      vertex 85.9134 38.3 2.59
      vertex 83.7 41.1 2.59
    endloop
  endfacet
  facet normal 0 0 1
    outer loop
      vertex 83.0636 41.3636 2.59
      vertex 85.9134 38.3 2.59
      vertex 83.3556 41.1685 2.59
    endloop
  endfacet
  facet normal 0 0 1
    outer loop
      vertex 52.2 38.3 2.59
      vertex 82.8 42 2.59
      vertex 52.2 45.7 2.59
    endloop
  endfacet
  facet normal 0 0 1
    outer loop
      vertex 82.8 42 2.59
      vertex 52.2 38.3 2.59
      vertex 82.8685 41.6556 2.59
    endloop
  endfacet
  facet normal 0 0 1
    outer loop
      vertex 82.8685 41.6556 2.59
      vertex 52.2 38.3 2.59
      vertex 83.0636 41.3636 2.59
    endloop
  endfacet
  facet normal 0 0 1
    outer loop
      vertex 83.0636 41.3636 2.59
      vertex 52.2 38.3 2.59
      vertex 85.9134 38.3 2.59
    endloop
  endfacet
  facet normal 0 0 1
    outer loop
      vertex 51.6 45.1 2.59
      vertex 52.2 45.7 2.59
      vertex 52.1217 45.6949 2.59
    endloop
  endfacet
  facet normal 0 0 1
    outer loop
      vertex 52.2 45.7 2.59
      vertex 51.6 45.1 2.59
      vertex 52.2 38.3 2.59
    endloop
  endfacet
  facet normal 0 0 1
    outer loop
      vertex 51.6 45.1 2.59
      vertex 52.1217 45.6949 2.59
      vertex 52.0447 45.6795 2.59
    endloop
  endfacet
  facet normal -0 0 1
    outer loop
      vertex 51.6 38.9 2.59
      vertex 52.2 38.3 2.59
      vertex 51.6 45.1 2.59
    endloop
  endfacet
  facet normal 0 0 1
    outer loop
      vertex 51.6 45.1 2.59
      vertex 52.0447 45.6795 2.59
      vertex 51.9704 45.6543 2.59
    endloop
  endfacet
  facet normal 0 0 1
    outer loop
      vertex 52.2 38.3 2.59
      vertex 51.6 38.9 2.59
      vertex 52.1217 38.3051 2.59
    endloop
  endfacet
  facet normal 0 0 1
    outer loop
      vertex 51.6 45.1 2.59
      vertex 51.9704 45.6543 2.59
      vertex 51.9 45.6196 2.59
    endloop
  endfacet
  facet normal 0 0 1
    outer loop
      vertex 52.1217 38.3051 2.59
      vertex 51.6 38.9 2.59
      vertex 52.0447 38.3204 2.59
    endloop
  endfacet
  facet normal 0 0 1
    outer loop
      vertex 51.6 45.1 2.59
      vertex 51.9 45.6196 2.59
      vertex 51.8348 45.576 2.59
    endloop
  endfacet
  facet normal 0 0 1
    outer loop
      vertex 52.0447 38.3204 2.59
      vertex 51.6 38.9 2.59
      vertex 51.9704 38.3457 2.59
    endloop
  endfacet
  facet normal 0 0 1
    outer loop
      vertex 51.6 45.1 2.59
      vertex 51.8348 45.576 2.59
      vertex 51.7757 45.5243 2.59
    endloop
  endfacet
  facet normal 0 0 1
    outer loop
      vertex 51.9704 38.3457 2.59
      vertex 51.6 38.9 2.59
      vertex 51.9 38.3804 2.59
    endloop
  endfacet
  facet normal 0 0 1
    outer loop
      vertex 51.6 45.1 2.59
      vertex 51.7757 45.5243 2.59
      vertex 51.724 45.4652 2.59
    endloop
  endfacet
  facet normal 0 0 1
    outer loop
      vertex 51.9 38.3804 2.59
      vertex 51.6 38.9 2.59
      vertex 51.8348 38.424 2.59
    endloop
  endfacet
  facet normal 0 0 1
    outer loop
      vertex 51.6 45.1 2.59
      vertex 51.724 45.4652 2.59
      vertex 51.6804 45.4 2.59
    endloop
  endfacet
  facet normal 0 0 1
    outer loop
      vertex 51.8348 38.424 2.59
      vertex 51.6 38.9 2.59
      vertex 51.7757 38.4757 2.59
    endloop
  endfacet
  facet normal 0 0 1
    outer loop
      vertex 51.6 45.1 2.59
      vertex 51.6804 45.4 2.59
      vertex 51.6457 45.3296 2.59
    endloop
  endfacet
  facet normal 0 0 1
    outer loop
      vertex 51.7757 38.4757 2.59
      vertex 51.6 38.9 2.59
      vertex 51.724 38.5348 2.59
    endloop
  endfacet
  facet normal 0 0 1
    outer loop
      vertex 51.6 45.1 2.59
      vertex 51.6457 45.3296 2.59
      vertex 51.6204 45.2553 2.59
    endloop
  endfacet
  facet normal 0 0 1
    outer loop
      vertex 51.724 38.5348 2.59
      vertex 51.6 38.9 2.59
      vertex 51.6804 38.6 2.59
    endloop
  endfacet
  facet normal 0 0 1
    outer loop
      vertex 51.6 45.1 2.59
      vertex 51.6204 45.2553 2.59
      vertex 51.6051 45.1783 2.59
    endloop
  endfacet
  facet normal 0 0 1
    outer loop
      vertex 51.6804 38.6 2.59
      vertex 51.6 38.9 2.59
      vertex 51.6457 38.6704 2.59
    endloop
  endfacet
  facet normal 0 0 1
    outer loop
      vertex 51.6457 38.6704 2.59
      vertex 51.6 38.9 2.59
      vertex 51.6204 38.7447 2.59
    endloop
  endfacet
  facet normal 0 0 1
    outer loop
      vertex 51.6204 38.7447 2.59
      vertex 51.6 38.9 2.59
      vertex 51.6051 38.8217 2.59
    endloop
  endfacet
  facet normal 0 0 1
    outer loop
      vertex 91.8444 45.6718 2.59
      vertex 91.0315 44.5961 2.59
      vertex 91.1 44.2517 2.59
    endloop
  endfacet
  facet normal 0 0 1
    outer loop
      vertex 91.1556 45.6718 2.59
      vertex 90.8364 44.8881 2.59
      vertex 91.0315 44.5961 2.59
    endloop
  endfacet
  facet normal 0 0 1
    outer loop
      vertex 91.1556 45.6718 2.59
      vertex 90.5444 45.0832 2.59
      vertex 90.8364 44.8881 2.59
    endloop
  endfacet
  facet normal 0 0 1
    outer loop
      vertex 91.1134 45.7 2.59
      vertex 90.2 45.1517 2.59
      vertex 90.5444 45.0832 2.59
    endloop
  endfacet
  facet normal 0 0 1
    outer loop
      vertex 91.1134 45.7 2.59
      vertex 89.8556 45.0832 2.59
      vertex 90.2 45.1517 2.59
    endloop
  endfacet
  facet normal 0 0 1
    outer loop
      vertex 89.5636 40.3847 2.59
      vertex 88.5 39.7483 2.59
      vertex 89.3685 40.0928 2.59
    endloop
  endfacet
  facet normal 0 0 1
    outer loop
      vertex 89.3685 44.5961 2.59
      vertex 88.5 44.2517 2.59
      vertex 89.3 44.2517 2.59
    endloop
  endfacet
  facet normal 0 0 1
    outer loop
      vertex 88.4315 44.5961 2.59
      vertex 89.3685 44.5961 2.59
      vertex 89.5636 44.8881 2.59
    endloop
  endfacet
  facet normal 0 0 1
    outer loop
      vertex 88.2364 44.8881 2.59
      vertex 89.5636 44.8881 2.59
      vertex 89.8556 45.0832 2.59
    endloop
  endfacet
  facet normal 0 0 1
    outer loop
      vertex 89.3685 44.5961 2.59
      vertex 88.4315 44.5961 2.59
      vertex 88.5 44.2517 2.59
    endloop
  endfacet
  facet normal 0 0 1
    outer loop
      vertex 87.9444 45.0832 2.59
      vertex 89.8556 45.0832 2.59
      vertex 91.1134 45.7 2.59
    endloop
  endfacet
  facet normal 0 0 1
    outer loop
      vertex 89.5636 44.8881 2.59
      vertex 88.2364 44.8881 2.59
      vertex 88.4315 44.5961 2.59
    endloop
  endfacet
  facet normal 0 0 1
    outer loop
      vertex 89.8556 45.0832 2.59
      vertex 87.9444 45.0832 2.59
      vertex 88.2364 44.8881 2.59
    endloop
  endfacet
  facet normal -0 0 1
    outer loop
      vertex 86.6865 45.7 2.59
      vertex 87.9444 45.0832 2.59
      vertex 91.1134 45.7 2.59
    endloop
  endfacet
  facet normal -0 0 1
    outer loop
      vertex 86.3 45.6033 2.59
      vertex 86.9636 44.8881 2.59
      vertex 86.6444 45.6718 2.59
    endloop
  endfacet
  facet normal 0 0 1
    outer loop
      vertex 87.2556 45.0832 2.59
      vertex 86.6444 45.6718 2.59
      vertex 86.9636 44.8881 2.59
    endloop
  endfacet
  facet normal -0 0 1
    outer loop
      vertex 86.6444 45.6718 2.59
      vertex 87.2556 45.0832 2.59
      vertex 86.6865 45.7 2.59
    endloop
  endfacet
  facet normal 0 0 1
    outer loop
      vertex 87.6 45.1517 2.59
      vertex 86.6865 45.7 2.59
      vertex 87.2556 45.0832 2.59
    endloop
  endfacet
  facet normal 0 0 1
    outer loop
      vertex 87.9444 45.0832 2.59
      vertex 86.6865 45.7 2.59
      vertex 87.6 45.1517 2.59
    endloop
  endfacet
  facet normal 0 0 1
    outer loop
      vertex 102.4 45.7 2.59
      vertex 103 45.1 2.59
      vertex 102.995 45.1783 2.59
    endloop
  endfacet
  facet normal 0 0 1
    outer loop
      vertex 95 42 2.59
      vertex 103 45.1 2.59
      vertex 102.4 45.7 2.59
    endloop
  endfacet
  facet normal 0 0 1
    outer loop
      vertex 102.4 45.7 2.59
      vertex 102.995 45.1783 2.59
      vertex 102.98 45.2553 2.59
    endloop
  endfacet
  facet normal 0 0 1
    outer loop
      vertex 103 45.1 2.59
      vertex 95 42 2.59
      vertex 103 38.9 2.59
    endloop
  endfacet
  facet normal 0 0 1
    outer loop
      vertex 102.4 45.7 2.59
      vertex 102.98 45.2553 2.59
      vertex 102.954 45.3296 2.59
    endloop
  endfacet
  facet normal 0 0 1
    outer loop
      vertex 103 38.9 2.59
      vertex 102.4 38.3 2.59
      vertex 102.995 38.8217 2.59
    endloop
  endfacet
  facet normal 0 0 1
    outer loop
      vertex 102.4 45.7 2.59
      vertex 102.954 45.3296 2.59
      vertex 102.92 45.4 2.59
    endloop
  endfacet
  facet normal 0 0 1
    outer loop
      vertex 102.995 38.8217 2.59
      vertex 102.4 38.3 2.59
      vertex 102.98 38.7447 2.59
    endloop
  endfacet
  facet normal 0 0 1
    outer loop
      vertex 102.4 45.7 2.59
      vertex 102.92 45.4 2.59
      vertex 102.876 45.4652 2.59
    endloop
  endfacet
  facet normal 0 0 1
    outer loop
      vertex 102.98 38.7447 2.59
      vertex 102.4 38.3 2.59
      vertex 102.954 38.6704 2.59
    endloop
  endfacet
  facet normal 0 0 1
    outer loop
      vertex 102.4 45.7 2.59
      vertex 102.876 45.4652 2.59
      vertex 102.824 45.5243 2.59
    endloop
  endfacet
  facet normal 0 0 1
    outer loop
      vertex 102.954 38.6704 2.59
      vertex 102.4 38.3 2.59
      vertex 102.92 38.6 2.59
    endloop
  endfacet
  facet normal 0 0 1
    outer loop
      vertex 102.4 45.7 2.59
      vertex 102.824 45.5243 2.59
      vertex 102.765 45.576 2.59
    endloop
  endfacet
  facet normal 0 0 1
    outer loop
      vertex 102.92 38.6 2.59
      vertex 102.4 38.3 2.59
      vertex 102.876 38.5348 2.59
    endloop
  endfacet
  facet normal 0 0 1
    outer loop
      vertex 102.4 45.7 2.59
      vertex 102.765 45.576 2.59
      vertex 102.7 45.6196 2.59
    endloop
  endfacet
  facet normal 0 0 1
    outer loop
      vertex 102.876 38.5348 2.59
      vertex 102.4 38.3 2.59
      vertex 102.824 38.4757 2.59
    endloop
  endfacet
  facet normal 0 0 1
    outer loop
      vertex 102.4 45.7 2.59
      vertex 102.7 45.6196 2.59
      vertex 102.63 45.6543 2.59
    endloop
  endfacet
  facet normal 0 0 1
    outer loop
      vertex 102.824 38.4757 2.59
      vertex 102.4 38.3 2.59
      vertex 102.765 38.424 2.59
    endloop
  endfacet
  facet normal 0 0 1
    outer loop
      vertex 102.4 45.7 2.59
      vertex 102.63 45.6543 2.59
      vertex 102.555 45.6795 2.59
    endloop
  endfacet
  facet normal 0 0 1
    outer loop
      vertex 102.765 38.424 2.59
      vertex 102.4 38.3 2.59
      vertex 102.7 38.3804 2.59
    endloop
  endfacet
  facet normal 0 0 1
    outer loop
      vertex 102.4 45.7 2.59
      vertex 102.555 45.6795 2.59
      vertex 102.478 45.6949 2.59
    endloop
  endfacet
  facet normal 0 0 1
    outer loop
      vertex 102.7 38.3804 2.59
      vertex 102.4 38.3 2.59
      vertex 102.63 38.3457 2.59
    endloop
  endfacet
  facet normal 0 0 1
    outer loop
      vertex 102.63 38.3457 2.59
      vertex 102.4 38.3 2.59
      vertex 102.555 38.3204 2.59
    endloop
  endfacet
  facet normal 0 0 1
    outer loop
      vertex 102.555 38.3204 2.59
      vertex 102.4 38.3 2.59
      vertex 102.478 38.3051 2.59
    endloop
  endfacet
  facet normal 0 0 1
    outer loop
      vertex 103 38.9 2.59
      vertex 95 42 2.59
      vertex 102.4 38.3 2.59
    endloop
  endfacet
  facet normal 0 0 1
    outer loop
      vertex 102.4 45.7 2.59
      vertex 94.9315 42.3444 2.59
      vertex 95 42 2.59
    endloop
  endfacet
  facet normal 0 0 1
    outer loop
      vertex 102.4 45.7 2.59
      vertex 94.7364 42.6364 2.59
      vertex 94.9315 42.3444 2.59
    endloop
  endfacet
  facet normal 0 0 1
    outer loop
      vertex 102.4 45.7 2.59
      vertex 94.4444 42.8315 2.59
      vertex 94.7364 42.6364 2.59
    endloop
  endfacet
  facet normal -0 0 1
    outer loop
      vertex 91.8866 45.7 2.59
      vertex 94.4444 42.8315 2.59
      vertex 102.4 45.7 2.59
    endloop
  endfacet
  facet normal 0 0 1
    outer loop
      vertex 94.4444 42.8315 2.59
      vertex 91.8866 45.7 2.59
      vertex 94.1 42.9 2.59
    endloop
  endfacet
  facet normal 0 0 1
    outer loop
      vertex 93.2685 42.3444 2.59
      vertex 92.4 42 2.59
      vertex 93.2 42 2.59
    endloop
  endfacet
  facet normal 0 0 1
    outer loop
      vertex 92.3315 42.3444 2.59
      vertex 93.2685 42.3444 2.59
      vertex 93.4636 42.6364 2.59
    endloop
  endfacet
  facet normal 0 0 1
    outer loop
      vertex 92.1364 42.6364 2.59
      vertex 93.4636 42.6364 2.59
      vertex 93.7556 42.8315 2.59
    endloop
  endfacet
  facet normal 0 0 1
    outer loop
      vertex 93.2685 42.3444 2.59
      vertex 92.3315 42.3444 2.59
      vertex 92.4 42 2.59
    endloop
  endfacet
  facet normal 0 0 1
    outer loop
      vertex 93.4636 42.6364 2.59
      vertex 92.1364 42.6364 2.59
      vertex 92.3315 42.3444 2.59
    endloop
  endfacet
  facet normal 0 0 1
    outer loop
      vertex 94.1 42.9 2.59
      vertex 91.8866 45.7 2.59
      vertex 93.7556 42.8315 2.59
    endloop
  endfacet
  facet normal -0 0 1
    outer loop
      vertex 91.8444 45.6718 2.59
      vertex 93.7556 42.8315 2.59
      vertex 91.8866 45.7 2.59
    endloop
  endfacet
  facet normal -0 0 1
    outer loop
      vertex 91.1 44.2517 2.59
      vertex 93.7556 42.8315 2.59
      vertex 91.8444 45.6718 2.59
    endloop
  endfacet
  facet normal 0 0 1
    outer loop
      vertex 93.7556 42.8315 2.59
      vertex 91.8444 42.8315 2.59
      vertex 92.1364 42.6364 2.59
    endloop
  endfacet
  facet normal 0 0 1
    outer loop
      vertex 91.0315 44.5961 2.59
      vertex 91.8444 45.6718 2.59
      vertex 91.5 45.6033 2.59
    endloop
  endfacet
  facet normal 0 0 1
    outer loop
      vertex 93.7556 42.8315 2.59
      vertex 91.1 44.2517 2.59
      vertex 91.8444 42.8315 2.59
    endloop
  endfacet
  facet normal 0 0 1
    outer loop
      vertex 91.0315 44.5961 2.59
      vertex 91.5 45.6033 2.59
      vertex 91.1556 45.6718 2.59
    endloop
  endfacet
  facet normal -0 0 1
    outer loop
      vertex 91.0315 43.9072 2.59
      vertex 91.8444 42.8315 2.59
      vertex 91.1 44.2517 2.59
    endloop
  endfacet
  facet normal 0 0 1
    outer loop
      vertex 90.5444 45.0832 2.59
      vertex 91.1556 45.6718 2.59
      vertex 91.1134 45.7 2.59
    endloop
  endfacet
  facet normal 0 0 1
    outer loop
      vertex 91.8444 42.8315 2.59
      vertex 91.0315 43.9072 2.59
      vertex 91.5 42.9 2.59
    endloop
  endfacet
  facet normal -0 0 1
    outer loop
      vertex 90.8364 43.6153 2.59
      vertex 91.5 42.9 2.59
      vertex 91.0315 43.9072 2.59
    endloop
  endfacet
  facet normal 0 0 1
    outer loop
      vertex 91.5 42.9 2.59
      vertex 90.8364 43.6153 2.59
      vertex 91.1556 42.8315 2.59
    endloop
  endfacet
  facet normal -0 0 1
    outer loop
      vertex 90.5444 43.4202 2.59
      vertex 91.1556 42.8315 2.59
      vertex 90.8364 43.6153 2.59
    endloop
  endfacet
  facet normal 0 0 1
    outer loop
      vertex 91.1556 42.8315 2.59
      vertex 90.5444 43.4202 2.59
      vertex 90.8636 42.6364 2.59
    endloop
  endfacet
  facet normal -0 0 1
    outer loop
      vertex 90.2 43.3517 2.59
      vertex 90.8636 42.6364 2.59
      vertex 90.5444 43.4202 2.59
    endloop
  endfacet
  facet normal 0 0 1
    outer loop
      vertex 90.8636 42.6364 2.59
      vertex 90.2 43.3517 2.59
      vertex 90.6685 42.3444 2.59
    endloop
  endfacet
  facet normal -0 0 1
    outer loop
      vertex 94.9315 41.6556 2.59
      vertex 102.4 38.3 2.59
      vertex 95 42 2.59
    endloop
  endfacet
  facet normal -0 0 1
    outer loop
      vertex 94.7364 41.3636 2.59
      vertex 102.4 38.3 2.59
      vertex 94.9315 41.6556 2.59
    endloop
  endfacet
  facet normal -0 0 1
    outer loop
      vertex 94.4444 41.1685 2.59
      vertex 102.4 38.3 2.59
      vertex 94.7364 41.3636 2.59
    endloop
  endfacet
  facet normal 0 0 1
    outer loop
      vertex 91.8866 38.3 2.59
      vertex 94.4444 41.1685 2.59
      vertex 94.1 41.1 2.59
    endloop
  endfacet
  facet normal 0 0 1
    outer loop
      vertex 91.8866 38.3 2.59
      vertex 94.1 41.1 2.59
      vertex 93.7556 41.1685 2.59
    endloop
  endfacet
  facet normal -0 0 1
    outer loop
      vertex 92.4 42 2.59
      vertex 93.2685 41.6556 2.59
      vertex 93.2 42 2.59
    endloop
  endfacet
  facet normal 0 0 1
    outer loop
      vertex 92.3315 41.6556 2.59
      vertex 93.2685 41.6556 2.59
      vertex 92.4 42 2.59
    endloop
  endfacet
  facet normal 0 0 1
    outer loop
      vertex 93.2685 41.6556 2.59
      vertex 92.3315 41.6556 2.59
      vertex 93.4636 41.3636 2.59
    endloop
  endfacet
  facet normal 0 0 1
    outer loop
      vertex 92.1364 41.3636 2.59
      vertex 93.4636 41.3636 2.59
      vertex 92.3315 41.6556 2.59
    endloop
  endfacet
  facet normal 0 0 1
    outer loop
      vertex 93.4636 41.3636 2.59
      vertex 92.1364 41.3636 2.59
      vertex 93.7556 41.1685 2.59
    endloop
  endfacet
  facet normal 0 0 1
    outer loop
      vertex 91.8444 41.1685 2.59
      vertex 93.7556 41.1685 2.59
      vertex 92.1364 41.3636 2.59
    endloop
  endfacet
  facet normal 0 0 1
    outer loop
      vertex 94.4444 41.1685 2.59
      vertex 91.8866 38.3 2.59
      vertex 102.4 38.3 2.59
    endloop
  endfacet
  facet normal 0 0 1
    outer loop
      vertex 91.1 39.7483 2.59
      vertex 93.7556 41.1685 2.59
      vertex 91.8444 41.1685 2.59
    endloop
  endfacet
  facet normal 0 0 1
    outer loop
      vertex 93.7556 41.1685 2.59
      vertex 91.8444 38.3282 2.59
      vertex 91.8866 38.3 2.59
    endloop
  endfacet
  facet normal 0 0 1
    outer loop
      vertex 91.0315 40.0928 2.59
      vertex 91.8444 41.1685 2.59
      vertex 91.5 41.1 2.59
    endloop
  endfacet
  facet normal 0 0 1
    outer loop
      vertex 93.7556 41.1685 2.59
      vertex 91.1 39.7483 2.59
      vertex 91.8444 38.3282 2.59
    endloop
  endfacet
  facet normal 0 0 1
    outer loop
      vertex 90.8364 40.3847 2.59
      vertex 91.5 41.1 2.59
      vertex 91.1556 41.1685 2.59
    endloop
  endfacet
  facet normal -0 0 1
    outer loop
      vertex 91.0315 39.4039 2.59
      vertex 91.8444 38.3282 2.59
      vertex 91.1 39.7483 2.59
    endloop
  endfacet
  facet normal 0 0 1
    outer loop
      vertex 91.8444 38.3282 2.59
      vertex 91.0315 39.4039 2.59
      vertex 91.5 38.3967 2.59
    endloop
  endfacet
  facet normal -0 0 1
    outer loop
      vertex 90.8364 39.1119 2.59
      vertex 91.5 38.3967 2.59
      vertex 91.0315 39.4039 2.59
    endloop
  endfacet
  facet normal 0 0 1
    outer loop
      vertex 91.8444 41.1685 2.59
      vertex 91.0315 40.0928 2.59
      vertex 91.1 39.7483 2.59
    endloop
  endfacet
  facet normal 0 0 1
    outer loop
      vertex 90.5444 40.5798 2.59
      vertex 91.1556 41.1685 2.59
      vertex 90.8636 41.3636 2.59
    endloop
  endfacet
  facet normal 0 0 1
    outer loop
      vertex 91.5 41.1 2.59
      vertex 90.8364 40.3847 2.59
      vertex 91.0315 40.0928 2.59
    endloop
  endfacet
  facet normal 0 0 1
    outer loop
      vertex 90.2 40.6483 2.59
      vertex 90.8636 41.3636 2.59
      vertex 90.6685 41.6556 2.59
    endloop
  endfacet
  facet normal 0 0 1
    outer loop
      vertex 89.8556 40.5798 2.59
      vertex 90.6685 41.6556 2.59
      vertex 90.6 42 2.59
    endloop
  endfacet
  facet normal 0 0 1
    outer loop
      vertex 91.1556 41.1685 2.59
      vertex 90.5444 40.5798 2.59
      vertex 90.8364 40.3847 2.59
    endloop
  endfacet
  facet normal 0 0 1
    outer loop
      vertex 89.8556 43.4202 2.59
      vertex 90.6685 42.3444 2.59
      vertex 90.2 43.3517 2.59
    endloop
  endfacet
  facet normal 0 0 1
    outer loop
      vertex 90.6685 42.3444 2.59
      vertex 89.8556 43.4202 2.59
      vertex 90.6 42 2.59
    endloop
  endfacet
  facet normal 0 0 1
    outer loop
      vertex 90.8636 41.3636 2.59
      vertex 90.2 40.6483 2.59
      vertex 90.5444 40.5798 2.59
    endloop
  endfacet
  facet normal -0 0 1
    outer loop
      vertex 87.9444 43.4202 2.59
      vertex 90.6 42 2.59
      vertex 89.8556 43.4202 2.59
    endloop
  endfacet
  facet normal 0 0 1
    outer loop
      vertex 90.6685 41.6556 2.59
      vertex 89.8556 40.5798 2.59
      vertex 90.2 40.6483 2.59
    endloop
  endfacet
  facet normal -0 0 1
    outer loop
      vertex 88.2364 43.6153 2.59
      vertex 89.8556 43.4202 2.59
      vertex 89.5636 43.6153 2.59
    endloop
  endfacet
  facet normal 0 0 1
    outer loop
      vertex 87.9444 43.4202 2.59
      vertex 89.8556 43.4202 2.59
      vertex 88.2364 43.6153 2.59
    endloop
  endfacet
  facet normal 0 0 1
    outer loop
      vertex 88.4315 43.9072 2.59
      vertex 89.3685 43.9072 2.59
      vertex 88.5 44.2517 2.59
    endloop
  endfacet
  facet normal 0 0 1
    outer loop
      vertex 89.3685 43.9072 2.59
      vertex 88.4315 43.9072 2.59
      vertex 89.5636 43.6153 2.59
    endloop
  endfacet
  facet normal -0 0 1
    outer loop
      vertex 88.5 44.2517 2.59
      vertex 89.3685 43.9072 2.59
      vertex 89.3 44.2517 2.59
    endloop
  endfacet
  facet normal 0 0 1
    outer loop
      vertex 88.2364 43.6153 2.59
      vertex 89.5636 43.6153 2.59
      vertex 88.4315 43.9072 2.59
    endloop
  endfacet
  facet normal 0 0 1
    outer loop
      vertex 91.5 38.3967 2.59
      vertex 90.8364 39.1119 2.59
      vertex 91.1556 38.3282 2.59
    endloop
  endfacet
  facet normal -0 0 1
    outer loop
      vertex 90.5444 38.9168 2.59
      vertex 91.1556 38.3282 2.59
      vertex 90.8364 39.1119 2.59
    endloop
  endfacet
  facet normal 0 0 1
    outer loop
      vertex 91.1556 38.3282 2.59
      vertex 90.5444 38.9168 2.59
      vertex 91.1134 38.3 2.59
    endloop
  endfacet
  facet normal -0 0 1
    outer loop
      vertex 90.2 38.8483 2.59
      vertex 91.1134 38.3 2.59
      vertex 90.5444 38.9168 2.59
    endloop
  endfacet
  facet normal 0 0 1
    outer loop
      vertex 89.8556 38.9168 2.59
      vertex 91.1134 38.3 2.59
      vertex 90.2 38.8483 2.59
    endloop
  endfacet
  facet normal 0 0 1
    outer loop
      vertex 89.3685 40.0928 2.59
      vertex 88.5 39.7483 2.59
      vertex 89.3 39.7483 2.59
    endloop
  endfacet
  facet normal -0 0 1
    outer loop
      vertex 88.5 39.7483 2.59
      vertex 89.3685 39.4039 2.59
      vertex 89.3 39.7483 2.59
    endloop
  endfacet
  facet normal 0 0 1
    outer loop
      vertex 88.4315 39.4039 2.59
      vertex 89.3685 39.4039 2.59
      vertex 88.5 39.7483 2.59
    endloop
  endfacet
  facet normal 0 0 1
    outer loop
      vertex 89.3685 39.4039 2.59
      vertex 88.4315 39.4039 2.59
      vertex 89.5636 39.1119 2.59
    endloop
  endfacet
  facet normal 0 0 1
    outer loop
      vertex 88.2364 39.1119 2.59
      vertex 89.5636 39.1119 2.59
      vertex 88.4315 39.4039 2.59
    endloop
  endfacet
  facet normal 0 0 1
    outer loop
      vertex 89.5636 39.1119 2.59
      vertex 88.2364 39.1119 2.59
      vertex 89.8556 38.9168 2.59
    endloop
  endfacet
  facet normal 0 0 1
    outer loop
      vertex 87.9444 38.9168 2.59
      vertex 89.8556 38.9168 2.59
      vertex 88.2364 39.1119 2.59
    endloop
  endfacet
  facet normal 0 0 1
    outer loop
      vertex 89.8556 38.9168 2.59
      vertex 87.9444 38.9168 2.59
      vertex 91.1134 38.3 2.59
    endloop
  endfacet
  facet normal 0 0 1
    outer loop
      vertex 86.6866 38.3 2.59
      vertex 87.9444 38.9168 2.59
      vertex 87.6 38.8483 2.59
    endloop
  endfacet
  facet normal 0 0 1
    outer loop
      vertex 87.9444 38.9168 2.59
      vertex 86.6866 38.3 2.59
      vertex 91.1134 38.3 2.59
    endloop
  endfacet
  facet normal 0 0 1
    outer loop
      vertex 87.2556 38.9168 2.59
      vertex 86.6866 38.3 2.59
      vertex 87.6 38.8483 2.59
    endloop
  endfacet
  facet normal 0 0 1
    outer loop
      vertex 86.9636 39.1119 2.59
      vertex 86.6866 38.3 2.59
      vertex 87.2556 38.9168 2.59
    endloop
  endfacet
  facet normal 0 0 1
    outer loop
      vertex 86.7685 39.4039 2.59
      vertex 86.6866 38.3 2.59
      vertex 86.9636 39.1119 2.59
    endloop
  endfacet
  facet normal 0 0 1
    outer loop
      vertex 86.6866 38.3 2.59
      vertex 86.7685 39.4039 2.59
      vertex 86.7 39.7483 2.59
    endloop
  endfacet
  facet normal -0.997886 -0.0649964 0
    outer loop
      vertex 51.6051 38.8217 1.6
      vertex 51.6 38.9 2.59
      vertex 51.6 38.9 1.6
    endloop
  endfacet
  facet normal -0.997886 -0.0649964 0
    outer loop
      vertex 51.6 38.9 2.59
      vertex 51.6051 38.8217 1.6
      vertex 51.6051 38.8217 2.59
    endloop
  endfacet
  facet normal 0 -1 0
    outer loop
      vertex 91.8866 38.3 1.6
      vertex 102.4 38.3 2.59
      vertex 91.8866 38.3 2.59
    endloop
  endfacet
  facet normal 0 -1 -0
    outer loop
      vertex 102.4 38.3 2.59
      vertex 91.8866 38.3 1.6
      vertex 102.4 38.3 1.6
    endloop
  endfacet
  facet normal 0 -1 0
    outer loop
      vertex 52.2 38.3 1.6
      vertex 85.9134 38.3 2.59
      vertex 52.2 38.3 2.59
    endloop
  endfacet
  facet normal 0 -1 -0
    outer loop
      vertex 85.9134 38.3 2.59
      vertex 52.2 38.3 1.6
      vertex 85.9134 38.3 1.6
    endloop
  endfacet
  facet normal 0 -1 0
    outer loop
      vertex 86.6866 38.3 1.6
      vertex 91.1134 38.3 2.59
      vertex 86.6866 38.3 2.59
    endloop
  endfacet
  facet normal 0 -1 -0
    outer loop
      vertex 91.1134 38.3 2.59
      vertex 86.6866 38.3 1.6
      vertex 91.1134 38.3 1.6
    endloop
  endfacet
  facet normal 0.828908 0.559386 0
    outer loop
      vertex 102.92 45.4 2.59
      vertex 102.876 45.4652 1.6
      vertex 102.876 45.4652 2.59
    endloop
  endfacet
  facet normal 0.828908 0.559386 0
    outer loop
      vertex 102.876 45.4652 1.6
      vertex 102.92 45.4 2.59
      vertex 102.92 45.4 1.6
    endloop
  endfacet
  facet normal 0 1 -0
    outer loop
      vertex 102.4 45.7 1.6
      vertex 91.8866 45.7 2.59
      vertex 102.4 45.7 2.59
    endloop
  endfacet
  facet normal 0 1 0
    outer loop
      vertex 91.8866 45.7 2.59
      vertex 102.4 45.7 1.6
      vertex 91.8866 45.7 1.6
    endloop
  endfacet
  facet normal 0 1 -0
    outer loop
      vertex 85.9135 45.7 1.6
      vertex 52.2 45.7 2.59
      vertex 85.9135 45.7 2.59
    endloop
  endfacet
  facet normal 0 1 0
    outer loop
      vertex 52.2 45.7 2.59
      vertex 85.9135 45.7 1.6
      vertex 52.2 45.7 1.6
    endloop
  endfacet
  facet normal 0 1 -0
    outer loop
      vertex 91.1134 45.7 1.6
      vertex 86.6865 45.7 2.59
      vertex 91.1134 45.7 2.59
    endloop
  endfacet
  facet normal 0 1 0
    outer loop
      vertex 86.6865 45.7 2.59
      vertex 91.1134 45.7 1.6
      vertex 86.6865 45.7 1.6
    endloop
  endfacet
  facet normal -0.0649964 -0.997886 0
    outer loop
      vertex 52.1217 38.3051 1.6
      vertex 52.2 38.3 2.59
      vertex 52.1217 38.3051 2.59
    endloop
  endfacet
  facet normal -0.0649964 -0.997886 -0
    outer loop
      vertex 52.2 38.3 2.59
      vertex 52.1217 38.3051 1.6
      vertex 52.2 38.3 1.6
    endloop
  endfacet
  facet normal 0.0652453 0.997869 -0
    outer loop
      vertex 102.478 45.6949 1.6
      vertex 102.4 45.7 2.59
      vertex 102.478 45.6949 2.59
    endloop
  endfacet
  facet normal 0.0652453 0.997869 0
    outer loop
      vertex 102.4 45.7 2.59
      vertex 102.478 45.6949 1.6
      vertex 102.4 45.7 1.6
    endloop
  endfacet
  facet normal -0.997886 0.0649964 0
    outer loop
      vertex 51.6 45.1 1.6
      vertex 51.6051 45.1783 2.59
      vertex 51.6051 45.1783 1.6
    endloop
  endfacet
  facet normal -0.997886 0.0649964 0
    outer loop
      vertex 51.6051 45.1783 2.59
      vertex 51.6 45.1 1.6
      vertex 51.6 45.1 2.59
    endloop
  endfacet
  facet normal -0.44211 0.896961 0
    outer loop
      vertex 51.9704 45.6543 1.6
      vertex 51.9 45.6196 2.59
      vertex 51.9704 45.6543 2.59
    endloop
  endfacet
  facet normal -0.44211 0.896961 0
    outer loop
      vertex 51.9 45.6196 2.59
      vertex 51.9704 45.6543 1.6
      vertex 51.9 45.6196 1.6
    endloop
  endfacet
  facet normal 1 -0 0
    outer loop
      vertex 103 38.9 2.59
      vertex 103 45.1 1.6
      vertex 103 45.1 2.59
    endloop
  endfacet
  facet normal 1 0 0
    outer loop
      vertex 103 45.1 1.6
      vertex 103 38.9 2.59
      vertex 103 38.9 1.6
    endloop
  endfacet
  facet normal 0.444139 0.895958 -0
    outer loop
      vertex 102.7 45.6196 1.6
      vertex 102.63 45.6543 2.59
      vertex 102.7 45.6196 2.59
    endloop
  endfacet
  facet normal 0.444139 0.895958 0
    outer loop
      vertex 102.63 45.6543 2.59
      vertex 102.7 45.6196 1.6
      vertex 102.63 45.6543 1.6
    endloop
  endfacet
  facet normal 0.981549 -0.191211 0
    outer loop
      vertex 102.98 38.7447 2.59
      vertex 102.995 38.8217 1.6
      vertex 102.995 38.8217 2.59
    endloop
  endfacet
  facet normal 0.981549 -0.191211 0
    outer loop
      vertex 102.995 38.8217 1.6
      vertex 102.98 38.7447 2.59
      vertex 102.98 38.7447 1.6
    endloop
  endfacet
  facet normal -0.752656 0.658414 0
    outer loop
      vertex 51.724 45.4652 1.6
      vertex 51.7757 45.5243 2.59
      vertex 51.7757 45.5243 1.6
    endloop
  endfacet
  facet normal -0.752656 0.658414 0
    outer loop
      vertex 51.7757 45.5243 2.59
      vertex 51.724 45.4652 1.6
      vertex 51.724 45.4652 2.59
    endloop
  endfacet
  facet normal -0.196116 0.980581 0
    outer loop
      vertex 52.1217 45.6949 1.6
      vertex 52.0447 45.6795 2.59
      vertex 52.1217 45.6949 2.59
    endloop
  endfacet
  facet normal -0.196116 0.980581 0
    outer loop
      vertex 52.0447 45.6795 2.59
      vertex 52.1217 45.6949 1.6
      vertex 52.0447 45.6795 1.6
    endloop
  endfacet
  facet normal 0.659046 0.752103 -0
    outer loop
      vertex 102.824 45.5243 1.6
      vertex 102.765 45.576 2.59
      vertex 102.824 45.5243 2.59
    endloop
  endfacet
  facet normal 0.659046 0.752103 0
    outer loop
      vertex 102.765 45.576 2.59
      vertex 102.824 45.5243 1.6
      vertex 102.765 45.576 1.6
    endloop
  endfacet
  facet normal -0.980825 0.194891 0
    outer loop
      vertex 51.6051 45.1783 1.6
      vertex 51.6204 45.2553 2.59
      vertex 51.6204 45.2553 1.6
    endloop
  endfacet
  facet normal -0.980825 0.194891 0
    outer loop
      vertex 51.6204 45.2553 2.59
      vertex 51.6051 45.1783 1.6
      vertex 51.6051 45.1783 2.59
    endloop
  endfacet
  facet normal -0.946625 0.322337 0
    outer loop
      vertex 51.6204 45.2553 1.6
      vertex 51.6457 45.3296 2.59
      vertex 51.6457 45.3296 1.6
    endloop
  endfacet
  facet normal -0.946625 0.322337 0
    outer loop
      vertex 51.6457 45.3296 2.59
      vertex 51.6204 45.2553 1.6
      vertex 51.6204 45.2553 2.59
    endloop
  endfacet
  facet normal -0.658414 0.752656 0
    outer loop
      vertex 51.8348 45.576 1.6
      vertex 51.7757 45.5243 2.59
      vertex 51.8348 45.576 2.59
    endloop
  endfacet
  facet normal -0.658414 0.752656 0
    outer loop
      vertex 51.7757 45.5243 2.59
      vertex 51.8348 45.576 1.6
      vertex 51.7757 45.5243 1.6
    endloop
  endfacet
  facet normal -0.555877 0.831265 0
    outer loop
      vertex 51.9 45.6196 1.6
      vertex 51.8348 45.576 2.59
      vertex 51.9 45.6196 2.59
    endloop
  endfacet
  facet normal -0.555877 0.831265 0
    outer loop
      vertex 51.8348 45.576 2.59
      vertex 51.9 45.6196 1.6
      vertex 51.8348 45.576 1.6
    endloop
  endfacet
  facet normal 0.750764 0.660571 0
    outer loop
      vertex 102.876 45.4652 2.59
      vertex 102.824 45.5243 1.6
      vertex 102.824 45.5243 2.59
    endloop
  endfacet
  facet normal 0.750764 0.660571 0
    outer loop
      vertex 102.824 45.5243 1.6
      vertex 102.876 45.4652 2.59
      vertex 102.876 45.4652 1.6
    endloop
  endfacet
  facet normal -0.322337 -0.946625 0
    outer loop
      vertex 51.9704 38.3457 1.6
      vertex 52.0447 38.3204 2.59
      vertex 51.9704 38.3457 2.59
    endloop
  endfacet
  facet normal -0.322337 -0.946625 -0
    outer loop
      vertex 52.0447 38.3204 2.59
      vertex 51.9704 38.3457 1.6
      vertex 52.0447 38.3204 1.6
    endloop
  endfacet
  facet normal -0.946625 -0.322337 0
    outer loop
      vertex 51.6457 38.6704 1.6
      vertex 51.6204 38.7447 2.59
      vertex 51.6204 38.7447 1.6
    endloop
  endfacet
  facet normal -0.946625 -0.322337 0
    outer loop
      vertex 51.6204 38.7447 2.59
      vertex 51.6457 38.6704 1.6
      vertex 51.6457 38.6704 2.59
    endloop
  endfacet
  facet normal -0.321194 0.947013 0
    outer loop
      vertex 52.0447 45.6795 1.6
      vertex 51.9704 45.6543 2.59
      vertex 52.0447 45.6795 2.59
    endloop
  endfacet
  facet normal -0.321194 0.947013 0
    outer loop
      vertex 51.9704 45.6543 2.59
      vertex 52.0447 45.6795 1.6
      vertex 51.9704 45.6543 1.6
    endloop
  endfacet
  facet normal -0.896961 0.44211 0
    outer loop
      vertex 51.6457 45.3296 1.6
      vertex 51.6804 45.4 2.59
      vertex 51.6804 45.4 1.6
    endloop
  endfacet
  facet normal -0.896961 0.44211 0
    outer loop
      vertex 51.6804 45.4 2.59
      vertex 51.6457 45.3296 1.6
      vertex 51.6457 45.3296 2.59
    endloop
  endfacet
  facet normal 0.557057 -0.830474 0
    outer loop
      vertex 102.7 38.3804 1.6
      vertex 102.765 38.424 2.59
      vertex 102.7 38.3804 2.59
    endloop
  endfacet
  facet normal 0.557057 -0.830474 0
    outer loop
      vertex 102.765 38.424 2.59
      vertex 102.7 38.3804 1.6
      vertex 102.765 38.424 1.6
    endloop
  endfacet
  facet normal -0.831265 0.555877 0
    outer loop
      vertex 51.6804 45.4 1.6
      vertex 51.724 45.4652 2.59
      vertex 51.724 45.4652 1.6
    endloop
  endfacet
  facet normal -0.831265 0.555877 0
    outer loop
      vertex 51.724 45.4652 2.59
      vertex 51.6804 45.4 1.6
      vertex 51.6804 45.4 2.59
    endloop
  endfacet
  facet normal -0.896961 -0.44211 0
    outer loop
      vertex 51.6804 38.6 1.6
      vertex 51.6457 38.6704 2.59
      vertex 51.6457 38.6704 1.6
    endloop
  endfacet
  facet normal -0.896961 -0.44211 0
    outer loop
      vertex 51.6457 38.6704 2.59
      vertex 51.6804 38.6 1.6
      vertex 51.6804 38.6 2.59
    endloop
  endfacet
  facet normal 0.557057 0.830474 -0
    outer loop
      vertex 102.765 45.576 1.6
      vertex 102.7 45.6196 2.59
      vertex 102.765 45.576 2.59
    endloop
  endfacet
  facet normal 0.557057 0.830474 0
    outer loop
      vertex 102.7 45.6196 2.59
      vertex 102.765 45.576 1.6
      vertex 102.7 45.6196 1.6
    endloop
  endfacet
  facet normal -0.44211 -0.896961 0
    outer loop
      vertex 51.9 38.3804 1.6
      vertex 51.9704 38.3457 2.59
      vertex 51.9 38.3804 2.59
    endloop
  endfacet
  facet normal -0.44211 -0.896961 -0
    outer loop
      vertex 51.9704 38.3457 2.59
      vertex 51.9 38.3804 1.6
      vertex 51.9704 38.3457 1.6
    endloop
  endfacet
  facet normal 0.943878 0.330294 0
    outer loop
      vertex 102.98 45.2553 2.59
      vertex 102.954 45.3296 1.6
      vertex 102.954 45.3296 2.59
    endloop
  endfacet
  facet normal 0.943878 0.330294 0
    outer loop
      vertex 102.954 45.3296 1.6
      vertex 102.98 45.2553 2.59
      vertex 102.98 45.2553 1.6
    endloop
  endfacet
  facet normal 0.981549 0.191211 0
    outer loop
      vertex 102.995 45.1783 2.59
      vertex 102.98 45.2553 1.6
      vertex 102.98 45.2553 2.59
    endloop
  endfacet
  facet normal 0.981549 0.191211 0
    outer loop
      vertex 102.98 45.2553 1.6
      vertex 102.995 45.1783 2.59
      vertex 102.995 45.1783 1.6
    endloop
  endfacet
  facet normal 0.196116 0.980581 -0
    outer loop
      vertex 102.555 45.6795 1.6
      vertex 102.478 45.6949 2.59
      vertex 102.555 45.6795 2.59
    endloop
  endfacet
  facet normal 0.196116 0.980581 0
    outer loop
      vertex 102.478 45.6949 2.59
      vertex 102.555 45.6795 1.6
      vertex 102.478 45.6949 1.6
    endloop
  endfacet
  facet normal 0.318502 0.947922 -0
    outer loop
      vertex 102.63 45.6543 1.6
      vertex 102.555 45.6795 2.59
      vertex 102.63 45.6543 2.59
    endloop
  endfacet
  facet normal 0.318502 0.947922 0
    outer loop
      vertex 102.555 45.6795 2.59
      vertex 102.63 45.6543 1.6
      vertex 102.555 45.6795 1.6
    endloop
  endfacet
  facet normal -0.555877 -0.831265 0
    outer loop
      vertex 51.8348 38.424 1.6
      vertex 51.9 38.3804 2.59
      vertex 51.8348 38.424 2.59
    endloop
  endfacet
  facet normal -0.555877 -0.831265 -0
    outer loop
      vertex 51.9 38.3804 2.59
      vertex 51.8348 38.424 1.6
      vertex 51.9 38.3804 1.6
    endloop
  endfacet
  facet normal 0.997967 -0.0637272 0
    outer loop
      vertex 102.995 38.8217 2.59
      vertex 103 38.9 1.6
      vertex 103 38.9 2.59
    endloop
  endfacet
  facet normal 0.997967 -0.0637272 0
    outer loop
      vertex 103 38.9 1.6
      vertex 102.995 38.8217 2.59
      vertex 102.995 38.8217 1.6
    endloop
  endfacet
  facet normal -0.194891 -0.980825 0
    outer loop
      vertex 52.0447 38.3204 1.6
      vertex 52.1217 38.3051 2.59
      vertex 52.0447 38.3204 2.59
    endloop
  endfacet
  facet normal -0.194891 -0.980825 -0
    outer loop
      vertex 52.1217 38.3051 2.59
      vertex 52.0447 38.3204 1.6
      vertex 52.1217 38.3051 1.6
    endloop
  endfacet
  facet normal -0.658414 -0.752656 0
    outer loop
      vertex 51.7757 38.4757 1.6
      vertex 51.8348 38.424 2.59
      vertex 51.7757 38.4757 2.59
    endloop
  endfacet
  facet normal -0.658414 -0.752656 -0
    outer loop
      vertex 51.8348 38.424 2.59
      vertex 51.7757 38.4757 1.6
      vertex 51.8348 38.424 1.6
    endloop
  endfacet
  facet normal 0.943878 -0.330294 0
    outer loop
      vertex 102.954 38.6704 2.59
      vertex 102.98 38.7447 1.6
      vertex 102.98 38.7447 2.59
    endloop
  endfacet
  facet normal 0.943878 -0.330294 0
    outer loop
      vertex 102.98 38.7447 1.6
      vertex 102.954 38.6704 2.59
      vertex 102.954 38.6704 1.6
    endloop
  endfacet
  facet normal -0.831265 -0.555877 0
    outer loop
      vertex 51.724 38.5348 1.6
      vertex 51.6804 38.6 2.59
      vertex 51.6804 38.6 1.6
    endloop
  endfacet
  facet normal -0.831265 -0.555877 0
    outer loop
      vertex 51.6804 38.6 2.59
      vertex 51.724 38.5348 1.6
      vertex 51.724 38.5348 2.59
    endloop
  endfacet
  facet normal -0.752656 -0.658414 0
    outer loop
      vertex 51.7757 38.4757 1.6
      vertex 51.724 38.5348 2.59
      vertex 51.724 38.5348 1.6
    endloop
  endfacet
  facet normal -0.752656 -0.658414 0
    outer loop
      vertex 51.724 38.5348 2.59
      vertex 51.7757 38.4757 1.6
      vertex 51.7757 38.4757 2.59
    endloop
  endfacet
  facet normal 0.997967 0.0637272 0
    outer loop
      vertex 103 45.1 2.59
      vertex 102.995 45.1783 1.6
      vertex 102.995 45.1783 2.59
    endloop
  endfacet
  facet normal 0.997967 0.0637272 0
    outer loop
      vertex 102.995 45.1783 1.6
      vertex 103 45.1 2.59
      vertex 103 45.1 1.6
    endloop
  endfacet
  facet normal 0.900483 0.434892 0
    outer loop
      vertex 102.954 45.3296 2.59
      vertex 102.92 45.4 1.6
      vertex 102.92 45.4 2.59
    endloop
  endfacet
  facet normal 0.900483 0.434892 0
    outer loop
      vertex 102.92 45.4 1.6
      vertex 102.954 45.3296 2.59
      vertex 102.954 45.3296 1.6
    endloop
  endfacet
  facet normal 0.828908 -0.559386 0
    outer loop
      vertex 102.876 38.5348 2.59
      vertex 102.92 38.6 1.6
      vertex 102.92 38.6 2.59
    endloop
  endfacet
  facet normal 0.828908 -0.559386 0
    outer loop
      vertex 102.92 38.6 1.6
      vertex 102.876 38.5348 2.59
      vertex 102.876 38.5348 1.6
    endloop
  endfacet
  facet normal 0.659046 -0.752103 0
    outer loop
      vertex 102.765 38.424 1.6
      vertex 102.824 38.4757 2.59
      vertex 102.765 38.424 2.59
    endloop
  endfacet
  facet normal 0.659046 -0.752103 0
    outer loop
      vertex 102.824 38.4757 2.59
      vertex 102.765 38.424 1.6
      vertex 102.824 38.4757 1.6
    endloop
  endfacet
  facet normal 0.444139 -0.895958 0
    outer loop
      vertex 102.63 38.3457 1.6
      vertex 102.7 38.3804 2.59
      vertex 102.63 38.3457 2.59
    endloop
  endfacet
  facet normal 0.444139 -0.895958 0
    outer loop
      vertex 102.7 38.3804 2.59
      vertex 102.63 38.3457 1.6
      vertex 102.7 38.3804 1.6
    endloop
  endfacet
  facet normal 0.750764 -0.660571 0
    outer loop
      vertex 102.824 38.4757 2.59
      vertex 102.876 38.5348 1.6
      vertex 102.876 38.5348 2.59
    endloop
  endfacet
  facet normal 0.750764 -0.660571 0
    outer loop
      vertex 102.876 38.5348 1.6
      vertex 102.824 38.4757 2.59
      vertex 102.824 38.4757 1.6
    endloop
  endfacet
  facet normal -0.83148 -0.555554 0
    outer loop
      vertex 92.3315 42.3444 0
      vertex 92.1364 42.6364 2.59
      vertex 92.1364 42.6364 0
    endloop
  endfacet
  facet normal -0.83148 -0.555554 0
    outer loop
      vertex 92.1364 42.6364 2.59
      vertex 92.3315 42.3444 0
      vertex 92.3315 42.3444 2.59
    endloop
  endfacet
  facet normal -0.980788 -0.195075 0
    outer loop
      vertex 92.4 42 0
      vertex 92.3315 42.3444 2.59
      vertex 92.3315 42.3444 0
    endloop
  endfacet
  facet normal -0.980788 -0.195075 0
    outer loop
      vertex 92.3315 42.3444 2.59
      vertex 92.4 42 0
      vertex 92.4 42 2.59
    endloop
  endfacet
  facet normal -0.555554 -0.83148 0
    outer loop
      vertex 91.8444 42.8315 0
      vertex 92.1364 42.6364 2.59
      vertex 91.8444 42.8315 2.59
    endloop
  endfacet
  facet normal -0.555554 -0.83148 -0
    outer loop
      vertex 92.1364 42.6364 2.59
      vertex 91.8444 42.8315 0
      vertex 92.1364 42.6364 0
    endloop
  endfacet
  facet normal 0.980788 0.195075 0
    outer loop
      vertex 90.6685 41.6556 2.59
      vertex 90.6 42 0
      vertex 90.6 42 2.59
    endloop
  endfacet
  facet normal 0.980788 0.195075 0
    outer loop
      vertex 90.6 42 0
      vertex 90.6685 41.6556 2.59
      vertex 90.6685 41.6556 0
    endloop
  endfacet
  facet normal -0.555554 0.83148 0
    outer loop
      vertex 92.1364 41.3636 0
      vertex 91.8444 41.1685 2.59
      vertex 92.1364 41.3636 2.59
    endloop
  endfacet
  facet normal -0.555554 0.83148 0
    outer loop
      vertex 91.8444 41.1685 2.59
      vertex 92.1364 41.3636 0
      vertex 91.8444 41.1685 0
    endloop
  endfacet
  facet normal 0.83148 -0.555554 0
    outer loop
      vertex 90.6685 42.3444 2.59
      vertex 90.8636 42.6364 0
      vertex 90.8636 42.6364 2.59
    endloop
  endfacet
  facet normal 0.83148 -0.555554 0
    outer loop
      vertex 90.8636 42.6364 0
      vertex 90.6685 42.3444 2.59
      vertex 90.6685 42.3444 0
    endloop
  endfacet
  facet normal -0.83148 0.555554 0
    outer loop
      vertex 92.1364 41.3636 0
      vertex 92.3315 41.6556 2.59
      vertex 92.3315 41.6556 0
    endloop
  endfacet
  facet normal -0.83148 0.555554 0
    outer loop
      vertex 92.3315 41.6556 2.59
      vertex 92.1364 41.3636 0
      vertex 92.1364 41.3636 2.59
    endloop
  endfacet
  facet normal 0.195075 0.980788 -0
    outer loop
      vertex 91.5 41.1 0
      vertex 91.1556 41.1685 2.59
      vertex 91.5 41.1 2.59
    endloop
  endfacet
  facet normal 0.195075 0.980788 0
    outer loop
      vertex 91.1556 41.1685 2.59
      vertex 91.5 41.1 0
      vertex 91.1556 41.1685 0
    endloop
  endfacet
  facet normal -0.195075 -0.980788 0
    outer loop
      vertex 91.5 42.9 0
      vertex 91.8444 42.8315 2.59
      vertex 91.5 42.9 2.59
    endloop
  endfacet
  facet normal -0.195075 -0.980788 -0
    outer loop
      vertex 91.8444 42.8315 2.59
      vertex 91.5 42.9 0
      vertex 91.8444 42.8315 0
    endloop
  endfacet
  facet normal 0.195075 -0.980788 0
    outer loop
      vertex 91.1556 42.8315 0
      vertex 91.5 42.9 2.59
      vertex 91.1556 42.8315 2.59
    endloop
  endfacet
  facet normal 0.195075 -0.980788 0
    outer loop
      vertex 91.5 42.9 2.59
      vertex 91.1556 42.8315 0
      vertex 91.5 42.9 0
    endloop
  endfacet
  facet normal 0.555554 -0.83148 0
    outer loop
      vertex 90.8636 42.6364 0
      vertex 91.1556 42.8315 2.59
      vertex 90.8636 42.6364 2.59
    endloop
  endfacet
  facet normal 0.555554 -0.83148 0
    outer loop
      vertex 91.1556 42.8315 2.59
      vertex 90.8636 42.6364 0
      vertex 91.1556 42.8315 0
    endloop
  endfacet
  facet normal -0.980788 0.195075 0
    outer loop
      vertex 92.3315 41.6556 0
      vertex 92.4 42 2.59
      vertex 92.4 42 0
    endloop
  endfacet
  facet normal -0.980788 0.195075 0
    outer loop
      vertex 92.4 42 2.59
      vertex 92.3315 41.6556 0
      vertex 92.3315 41.6556 2.59
    endloop
  endfacet
  facet normal 0.83148 0.555554 0
    outer loop
      vertex 90.8636 41.3636 2.59
      vertex 90.6685 41.6556 0
      vertex 90.6685 41.6556 2.59
    endloop
  endfacet
  facet normal 0.83148 0.555554 0
    outer loop
      vertex 90.6685 41.6556 0
      vertex 90.8636 41.3636 2.59
      vertex 90.8636 41.3636 0
    endloop
  endfacet
  facet normal -0.195075 0.980788 0
    outer loop
      vertex 91.8444 41.1685 0
      vertex 91.5 41.1 2.59
      vertex 91.8444 41.1685 2.59
    endloop
  endfacet
  facet normal -0.195075 0.980788 0
    outer loop
      vertex 91.5 41.1 2.59
      vertex 91.8444 41.1685 0
      vertex 91.5 41.1 0
    endloop
  endfacet
  facet normal 0.980788 -0.195075 0
    outer loop
      vertex 90.6 42 2.59
      vertex 90.6685 42.3444 0
      vertex 90.6685 42.3444 2.59
    endloop
  endfacet
  facet normal 0.980788 -0.195075 0
    outer loop
      vertex 90.6685 42.3444 0
      vertex 90.6 42 2.59
      vertex 90.6 42 0
    endloop
  endfacet
  facet normal 0.555554 0.83148 -0
    outer loop
      vertex 91.1556 41.1685 0
      vertex 90.8636 41.3636 2.59
      vertex 91.1556 41.1685 2.59
    endloop
  endfacet
  facet normal 0.555554 0.83148 0
    outer loop
      vertex 90.8636 41.3636 2.59
      vertex 91.1556 41.1685 0
      vertex 90.8636 41.3636 0
    endloop
  endfacet
  facet normal 0.980788 -0.195075 0
    outer loop
      vertex 93.2 42 2.59
      vertex 93.2685 42.3444 0
      vertex 93.2685 42.3444 2.59
    endloop
  endfacet
  facet normal 0.980788 -0.195075 0
    outer loop
      vertex 93.2685 42.3444 0
      vertex 93.2 42 2.59
      vertex 93.2 42 0
    endloop
  endfacet
  facet normal -0.83148 -0.555554 0
    outer loop
      vertex 94.9315 42.3444 0
      vertex 94.7364 42.6364 2.59
      vertex 94.7364 42.6364 0
    endloop
  endfacet
  facet normal -0.83148 -0.555554 0
    outer loop
      vertex 94.7364 42.6364 2.59
      vertex 94.9315 42.3444 0
      vertex 94.9315 42.3444 2.59
    endloop
  endfacet
  facet normal -0.980788 -0.195075 0
    outer loop
      vertex 95 42 0
      vertex 94.9315 42.3444 2.59
      vertex 94.9315 42.3444 0
    endloop
  endfacet
  facet normal -0.980788 -0.195075 0
    outer loop
      vertex 94.9315 42.3444 2.59
      vertex 95 42 0
      vertex 95 42 2.59
    endloop
  endfacet
  facet normal 0.195075 0.980788 -0
    outer loop
      vertex 94.1 41.1 0
      vertex 93.7556 41.1685 2.59
      vertex 94.1 41.1 2.59
    endloop
  endfacet
  facet normal 0.195075 0.980788 0
    outer loop
      vertex 93.7556 41.1685 2.59
      vertex 94.1 41.1 0
      vertex 93.7556 41.1685 0
    endloop
  endfacet
  facet normal -0.555554 0.83148 0
    outer loop
      vertex 94.7364 41.3636 0
      vertex 94.4444 41.1685 2.59
      vertex 94.7364 41.3636 2.59
    endloop
  endfacet
  facet normal -0.555554 0.83148 0
    outer loop
      vertex 94.4444 41.1685 2.59
      vertex 94.7364 41.3636 0
      vertex 94.4444 41.1685 0
    endloop
  endfacet
  facet normal 0.555554 -0.83148 0
    outer loop
      vertex 93.4636 42.6364 0
      vertex 93.7556 42.8315 2.59
      vertex 93.4636 42.6364 2.59
    endloop
  endfacet
  facet normal 0.555554 -0.83148 0
    outer loop
      vertex 93.7556 42.8315 2.59
      vertex 93.4636 42.6364 0
      vertex 93.7556 42.8315 0
    endloop
  endfacet
  facet normal -0.980788 0.195075 0
    outer loop
      vertex 94.9315 41.6556 0
      vertex 95 42 2.59
      vertex 95 42 0
    endloop
  endfacet
  facet normal -0.980788 0.195075 0
    outer loop
      vertex 95 42 2.59
      vertex 94.9315 41.6556 0
      vertex 94.9315 41.6556 2.59
    endloop
  endfacet
  facet normal -0.195075 0.980788 0
    outer loop
      vertex 94.4444 41.1685 0
      vertex 94.1 41.1 2.59
      vertex 94.4444 41.1685 2.59
    endloop
  endfacet
  facet normal -0.195075 0.980788 0
    outer loop
      vertex 94.1 41.1 2.59
      vertex 94.4444 41.1685 0
      vertex 94.1 41.1 0
    endloop
  endfacet
  facet normal -0.83148 0.555554 0
    outer loop
      vertex 94.7364 41.3636 0
      vertex 94.9315 41.6556 2.59
      vertex 94.9315 41.6556 0
    endloop
  endfacet
  facet normal -0.83148 0.555554 0
    outer loop
      vertex 94.9315 41.6556 2.59
      vertex 94.7364 41.3636 0
      vertex 94.7364 41.3636 2.59
    endloop
  endfacet
  facet normal -0.195075 -0.980788 0
    outer loop
      vertex 94.1 42.9 0
      vertex 94.4444 42.8315 2.59
      vertex 94.1 42.9 2.59
    endloop
  endfacet
  facet normal -0.195075 -0.980788 -0
    outer loop
      vertex 94.4444 42.8315 2.59
      vertex 94.1 42.9 0
      vertex 94.4444 42.8315 0
    endloop
  endfacet
  facet normal 0.195075 -0.980788 0
    outer loop
      vertex 93.7556 42.8315 0
      vertex 94.1 42.9 2.59
      vertex 93.7556 42.8315 2.59
    endloop
  endfacet
  facet normal 0.195075 -0.980788 0
    outer loop
      vertex 94.1 42.9 2.59
      vertex 93.7556 42.8315 0
      vertex 94.1 42.9 0
    endloop
  endfacet
  facet normal 0.83148 -0.555554 0
    outer loop
      vertex 93.2685 42.3444 2.59
      vertex 93.4636 42.6364 0
      vertex 93.4636 42.6364 2.59
    endloop
  endfacet
  facet normal 0.83148 -0.555554 0
    outer loop
      vertex 93.4636 42.6364 0
      vertex 93.2685 42.3444 2.59
      vertex 93.2685 42.3444 0
    endloop
  endfacet
  facet normal -0.555554 -0.83148 0
    outer loop
      vertex 94.4444 42.8315 0
      vertex 94.7364 42.6364 2.59
      vertex 94.4444 42.8315 2.59
    endloop
  endfacet
  facet normal -0.555554 -0.83148 -0
    outer loop
      vertex 94.7364 42.6364 2.59
      vertex 94.4444 42.8315 0
      vertex 94.7364 42.6364 0
    endloop
  endfacet
  facet normal 0.83148 0.555554 0
    outer loop
      vertex 93.4636 41.3636 2.59
      vertex 93.2685 41.6556 0
      vertex 93.2685 41.6556 2.59
    endloop
  endfacet
  facet normal 0.83148 0.555554 0
    outer loop
      vertex 93.2685 41.6556 0
      vertex 93.4636 41.3636 2.59
      vertex 93.4636 41.3636 0
    endloop
  endfacet
  facet normal 0.980788 0.195075 0
    outer loop
      vertex 93.2685 41.6556 2.59
      vertex 93.2 42 0
      vertex 93.2 42 2.59
    endloop
  endfacet
  facet normal 0.980788 0.195075 0
    outer loop
      vertex 93.2 42 0
      vertex 93.2685 41.6556 2.59
      vertex 93.2685 41.6556 0
    endloop
  endfacet
  facet normal 0.555554 0.83148 -0
    outer loop
      vertex 93.7556 41.1685 0
      vertex 93.4636 41.3636 2.59
      vertex 93.7556 41.1685 2.59
    endloop
  endfacet
  facet normal 0.555554 0.83148 0
    outer loop
      vertex 93.4636 41.3636 2.59
      vertex 93.7556 41.1685 0
      vertex 93.4636 41.3636 0
    endloop
  endfacet
  facet normal 0.195075 0.980788 -0
    outer loop
      vertex 90.2 43.3517 0
      vertex 89.8556 43.4202 2.59
      vertex 90.2 43.3517 2.59
    endloop
  endfacet
  facet normal 0.195075 0.980788 0
    outer loop
      vertex 89.8556 43.4202 2.59
      vertex 90.2 43.3517 0
      vertex 89.8556 43.4202 0
    endloop
  endfacet
  facet normal -0.83148 -0.555554 0
    outer loop
      vertex 91.0315 44.5961 0
      vertex 90.8364 44.8881 2.59
      vertex 90.8364 44.8881 0
    endloop
  endfacet
  facet normal -0.83148 -0.555554 0
    outer loop
      vertex 90.8364 44.8881 2.59
      vertex 91.0315 44.5961 0
      vertex 91.0315 44.5961 2.59
    endloop
  endfacet
  facet normal -0.980788 -0.195075 0
    outer loop
      vertex 91.1 44.2517 0
      vertex 91.0315 44.5961 2.59
      vertex 91.0315 44.5961 0
    endloop
  endfacet
  facet normal -0.980788 -0.195075 0
    outer loop
      vertex 91.0315 44.5961 2.59
      vertex 91.1 44.2517 0
      vertex 91.1 44.2517 2.59
    endloop
  endfacet
  facet normal -0.555554 -0.83148 0
    outer loop
      vertex 90.5444 45.0832 0
      vertex 90.8364 44.8881 2.59
      vertex 90.5444 45.0832 2.59
    endloop
  endfacet
  facet normal -0.555554 -0.83148 -0
    outer loop
      vertex 90.8364 44.8881 2.59
      vertex 90.5444 45.0832 0
      vertex 90.8364 44.8881 0
    endloop
  endfacet
  facet normal -0.831392 0.555686 0
    outer loop
      vertex 90.8364 43.6153 0
      vertex 91.0315 43.9072 2.59
      vertex 91.0315 43.9072 0
    endloop
  endfacet
  facet normal -0.831392 0.555686 0
    outer loop
      vertex 91.0315 43.9072 2.59
      vertex 90.8364 43.6153 0
      vertex 90.8364 43.6153 2.59
    endloop
  endfacet
  facet normal -0.555554 0.83148 0
    outer loop
      vertex 90.8364 43.6153 0
      vertex 90.5444 43.4202 2.59
      vertex 90.8364 43.6153 2.59
    endloop
  endfacet
  facet normal -0.555554 0.83148 0
    outer loop
      vertex 90.5444 43.4202 2.59
      vertex 90.8364 43.6153 0
      vertex 90.5444 43.4202 0
    endloop
  endfacet
  facet normal 0.980788 -0.195075 0
    outer loop
      vertex 89.3 44.2517 2.59
      vertex 89.3685 44.5961 0
      vertex 89.3685 44.5961 2.59
    endloop
  endfacet
  facet normal 0.980788 -0.195075 0
    outer loop
      vertex 89.3685 44.5961 0
      vertex 89.3 44.2517 2.59
      vertex 89.3 44.2517 0
    endloop
  endfacet
  facet normal 0.555554 -0.83148 0
    outer loop
      vertex 89.5636 44.8881 0
      vertex 89.8556 45.0832 2.59
      vertex 89.5636 44.8881 2.59
    endloop
  endfacet
  facet normal 0.555554 -0.83148 0
    outer loop
      vertex 89.8556 45.0832 2.59
      vertex 89.5636 44.8881 0
      vertex 89.8556 45.0832 0
    endloop
  endfacet
  facet normal -0.980799 0.195021 0
    outer loop
      vertex 91.0315 43.9072 0
      vertex 91.1 44.2517 2.59
      vertex 91.1 44.2517 0
    endloop
  endfacet
  facet normal -0.980799 0.195021 0
    outer loop
      vertex 91.1 44.2517 2.59
      vertex 91.0315 43.9072 0
      vertex 91.0315 43.9072 2.59
    endloop
  endfacet
  facet normal -0.195075 0.980788 0
    outer loop
      vertex 90.5444 43.4202 0
      vertex 90.2 43.3517 2.59
      vertex 90.5444 43.4202 2.59
    endloop
  endfacet
  facet normal -0.195075 0.980788 0
    outer loop
      vertex 90.2 43.3517 2.59
      vertex 90.5444 43.4202 0
      vertex 90.2 43.3517 0
    endloop
  endfacet
  facet normal 0.555554 0.83148 -0
    outer loop
      vertex 89.8556 43.4202 0
      vertex 89.5636 43.6153 2.59
      vertex 89.8556 43.4202 2.59
    endloop
  endfacet
  facet normal 0.555554 0.83148 0
    outer loop
      vertex 89.5636 43.6153 2.59
      vertex 89.8556 43.4202 0
      vertex 89.5636 43.6153 0
    endloop
  endfacet
  facet normal 0.195075 -0.980788 0
    outer loop
      vertex 89.8556 45.0832 0
      vertex 90.2 45.1517 2.59
      vertex 89.8556 45.0832 2.59
    endloop
  endfacet
  facet normal 0.195075 -0.980788 0
    outer loop
      vertex 90.2 45.1517 2.59
      vertex 89.8556 45.0832 0
      vertex 90.2 45.1517 0
    endloop
  endfacet
  facet normal -0.195075 -0.980788 0
    outer loop
      vertex 90.2 45.1517 0
      vertex 90.5444 45.0832 2.59
      vertex 90.2 45.1517 2.59
    endloop
  endfacet
  facet normal -0.195075 -0.980788 -0
    outer loop
      vertex 90.5444 45.0832 2.59
      vertex 90.2 45.1517 0
      vertex 90.5444 45.0832 0
    endloop
  endfacet
  facet normal 0.83148 -0.555554 0
    outer loop
      vertex 89.3685 44.5961 2.59
      vertex 89.5636 44.8881 0
      vertex 89.5636 44.8881 2.59
    endloop
  endfacet
  facet normal 0.83148 -0.555554 0
    outer loop
      vertex 89.5636 44.8881 0
      vertex 89.3685 44.5961 2.59
      vertex 89.3685 44.5961 0
    endloop
  endfacet
  facet normal 0.831392 0.555686 0
    outer loop
      vertex 89.5636 43.6153 2.59
      vertex 89.3685 43.9072 0
      vertex 89.3685 43.9072 2.59
    endloop
  endfacet
  facet normal 0.831392 0.555686 0
    outer loop
      vertex 89.3685 43.9072 0
      vertex 89.5636 43.6153 2.59
      vertex 89.5636 43.6153 0
    endloop
  endfacet
  facet normal 0.980799 0.195021 0
    outer loop
      vertex 89.3685 43.9072 2.59
      vertex 89.3 44.2517 0
      vertex 89.3 44.2517 2.59
    endloop
  endfacet
  facet normal 0.980799 0.195021 0
    outer loop
      vertex 89.3 44.2517 0
      vertex 89.3685 43.9072 2.59
      vertex 89.3685 43.9072 0
    endloop
  endfacet
  facet normal -0.83148 -0.555554 0
    outer loop
      vertex 92.3315 46.8477 0
      vertex 92.1364 47.1397 1.6
      vertex 92.1364 47.1397 0
    endloop
  endfacet
  facet normal -0.83148 -0.555554 0
    outer loop
      vertex 92.1364 47.1397 1.6
      vertex 92.3315 46.8477 0
      vertex 92.3315 46.8477 1.6
    endloop
  endfacet
  facet normal -0.980788 -0.195075 0
    outer loop
      vertex 92.4 46.5033 0
      vertex 92.3315 46.8477 1.6
      vertex 92.3315 46.8477 0
    endloop
  endfacet
  facet normal -0.980788 -0.195075 0
    outer loop
      vertex 92.3315 46.8477 1.6
      vertex 92.4 46.5033 0
      vertex 92.4 46.5033 1.6
    endloop
  endfacet
  facet normal -0.555554 -0.83148 0
    outer loop
      vertex 91.8444 47.3348 0
      vertex 92.1364 47.1397 1.6
      vertex 91.8444 47.3348 1.6
    endloop
  endfacet
  facet normal -0.555554 -0.83148 -0
    outer loop
      vertex 92.1364 47.1397 1.6
      vertex 91.8444 47.3348 0
      vertex 92.1364 47.1397 0
    endloop
  endfacet
  facet normal 0.980788 0.195075 0
    outer loop
      vertex 90.6685 46.1589 1.6
      vertex 90.6 46.5033 0
      vertex 90.6 46.5033 1.6
    endloop
  endfacet
  facet normal 0.980788 0.195075 0
    outer loop
      vertex 90.6 46.5033 0
      vertex 90.6685 46.1589 1.6
      vertex 90.6685 46.1589 0
    endloop
  endfacet
  facet normal -0.555545 0.831487 0
    outer loop
      vertex 92.1364 45.8669 1.6
      vertex 92.1364 45.8669 0
      vertex 91.8866 45.7 1.6
    endloop
  endfacet
  facet normal -0.555609 0.831444 0
    outer loop
      vertex 91.8866 45.7 1.6
      vertex 91.8444 45.6718 2.59
      vertex 91.8866 45.7 2.59
    endloop
  endfacet
  facet normal -0.555609 0.831444 0
    outer loop
      vertex 91.8866 45.7 1.6
      vertex 91.8444 45.6718 0
      vertex 91.8444 45.6718 2.59
    endloop
  endfacet
  facet normal -0.555554 0.83148 -2.10006e-06
    outer loop
      vertex 91.8444 45.6718 0
      vertex 91.8866 45.7 1.6
      vertex 92.1364 45.8669 0
    endloop
  endfacet
  facet normal 0.83148 -0.555554 0
    outer loop
      vertex 90.6685 46.8477 1.6
      vertex 90.8636 47.1397 0
      vertex 90.8636 47.1397 1.6
    endloop
  endfacet
  facet normal 0.83148 -0.555554 0
    outer loop
      vertex 90.8636 47.1397 0
      vertex 90.6685 46.8477 1.6
      vertex 90.6685 46.8477 0
    endloop
  endfacet
  facet normal 0.195075 0.980788 -0
    outer loop
      vertex 91.5 45.6033 0
      vertex 91.1556 45.6718 2.59
      vertex 91.5 45.6033 2.59
    endloop
  endfacet
  facet normal 0.195075 0.980788 0
    outer loop
      vertex 91.1556 45.6718 2.59
      vertex 91.5 45.6033 0
      vertex 91.1556 45.6718 0
    endloop
  endfacet
  facet normal -0.195075 -0.980788 0
    outer loop
      vertex 91.5 47.4033 0
      vertex 91.8444 47.3348 1.6
      vertex 91.5 47.4033 1.6
    endloop
  endfacet
  facet normal -0.195075 -0.980788 -0
    outer loop
      vertex 91.8444 47.3348 1.6
      vertex 91.5 47.4033 0
      vertex 91.8444 47.3348 0
    endloop
  endfacet
  facet normal 0.195075 -0.980788 0
    outer loop
      vertex 91.1556 47.3348 0
      vertex 91.5 47.4033 1.6
      vertex 91.1556 47.3348 1.6
    endloop
  endfacet
  facet normal 0.195075 -0.980788 0
    outer loop
      vertex 91.5 47.4033 1.6
      vertex 91.1556 47.3348 0
      vertex 91.5 47.4033 0
    endloop
  endfacet
  facet normal 0.555554 -0.83148 0
    outer loop
      vertex 90.8636 47.1397 0
      vertex 91.1556 47.3348 1.6
      vertex 90.8636 47.1397 1.6
    endloop
  endfacet
  facet normal 0.555554 -0.83148 0
    outer loop
      vertex 91.1556 47.3348 1.6
      vertex 90.8636 47.1397 0
      vertex 91.1556 47.3348 0
    endloop
  endfacet
  facet normal -0.83148 0.555554 0
    outer loop
      vertex 92.1364 45.8669 0
      vertex 92.3315 46.1589 1.6
      vertex 92.3315 46.1589 0
    endloop
  endfacet
  facet normal -0.83148 0.555554 0
    outer loop
      vertex 92.3315 46.1589 1.6
      vertex 92.1364 45.8669 0
      vertex 92.1364 45.8669 1.6
    endloop
  endfacet
  facet normal -0.980788 0.195075 0
    outer loop
      vertex 92.3315 46.1589 0
      vertex 92.4 46.5033 1.6
      vertex 92.4 46.5033 0
    endloop
  endfacet
  facet normal -0.980788 0.195075 0
    outer loop
      vertex 92.4 46.5033 1.6
      vertex 92.3315 46.1589 0
      vertex 92.3315 46.1589 1.6
    endloop
  endfacet
  facet normal 0.83148 0.555554 0
    outer loop
      vertex 90.8636 45.8669 1.6
      vertex 90.6685 46.1589 0
      vertex 90.6685 46.1589 1.6
    endloop
  endfacet
  facet normal 0.83148 0.555554 0
    outer loop
      vertex 90.6685 46.1589 0
      vertex 90.8636 45.8669 1.6
      vertex 90.8636 45.8669 0
    endloop
  endfacet
  facet normal -0.195075 0.980788 0
    outer loop
      vertex 91.8444 45.6718 0
      vertex 91.5 45.6033 2.59
      vertex 91.8444 45.6718 2.59
    endloop
  endfacet
  facet normal -0.195075 0.980788 0
    outer loop
      vertex 91.5 45.6033 2.59
      vertex 91.8444 45.6718 0
      vertex 91.5 45.6033 0
    endloop
  endfacet
  facet normal 0.980788 -0.195075 0
    outer loop
      vertex 90.6 46.5033 1.6
      vertex 90.6685 46.8477 0
      vertex 90.6685 46.8477 1.6
    endloop
  endfacet
  facet normal 0.980788 -0.195075 0
    outer loop
      vertex 90.6685 46.8477 0
      vertex 90.6 46.5033 1.6
      vertex 90.6 46.5033 0
    endloop
  endfacet
  facet normal 0.555609 0.831444 0
    outer loop
      vertex 91.1556 45.6718 2.59
      vertex 91.1134 45.7 1.6
      vertex 91.1134 45.7 2.59
    endloop
  endfacet
  facet normal 0.555609 0.831444 -0
    outer loop
      vertex 91.1556 45.6718 0
      vertex 91.1134 45.7 1.6
      vertex 91.1556 45.6718 2.59
    endloop
  endfacet
  facet normal 0.555554 0.83148 -2.10006e-06
    outer loop
      vertex 90.8636 45.8669 0
      vertex 91.1134 45.7 1.6
      vertex 91.1556 45.6718 0
    endloop
  endfacet
  facet normal 0.555545 0.831487 0
    outer loop
      vertex 91.1134 45.7 1.6
      vertex 90.8636 45.8669 0
      vertex 90.8636 45.8669 1.6
    endloop
  endfacet
  facet normal 0.980788 -0.195075 0
    outer loop
      vertex 86.7 44.2517 2.59
      vertex 86.7685 44.5961 0
      vertex 86.7685 44.5961 2.59
    endloop
  endfacet
  facet normal 0.980788 -0.195075 0
    outer loop
      vertex 86.7685 44.5961 0
      vertex 86.7 44.2517 2.59
      vertex 86.7 44.2517 0
    endloop
  endfacet
  facet normal -0.83148 -0.555554 0
    outer loop
      vertex 88.4315 44.5961 0
      vertex 88.2364 44.8881 2.59
      vertex 88.2364 44.8881 0
    endloop
  endfacet
  facet normal -0.83148 -0.555554 0
    outer loop
      vertex 88.2364 44.8881 2.59
      vertex 88.4315 44.5961 0
      vertex 88.4315 44.5961 2.59
    endloop
  endfacet
  facet normal -0.980788 -0.195075 0
    outer loop
      vertex 88.5 44.2517 0
      vertex 88.4315 44.5961 2.59
      vertex 88.4315 44.5961 0
    endloop
  endfacet
  facet normal -0.980788 -0.195075 0
    outer loop
      vertex 88.4315 44.5961 2.59
      vertex 88.5 44.2517 0
      vertex 88.5 44.2517 2.59
    endloop
  endfacet
  facet normal -0.555554 -0.83148 0
    outer loop
      vertex 87.9444 45.0832 0
      vertex 88.2364 44.8881 2.59
      vertex 87.9444 45.0832 2.59
    endloop
  endfacet
  facet normal -0.555554 -0.83148 -0
    outer loop
      vertex 88.2364 44.8881 2.59
      vertex 87.9444 45.0832 0
      vertex 88.2364 44.8881 0
    endloop
  endfacet
  facet normal -0.831392 0.555686 0
    outer loop
      vertex 88.2364 43.6153 0
      vertex 88.4315 43.9072 2.59
      vertex 88.4315 43.9072 0
    endloop
  endfacet
  facet normal -0.831392 0.555686 0
    outer loop
      vertex 88.4315 43.9072 2.59
      vertex 88.2364 43.6153 0
      vertex 88.2364 43.6153 2.59
    endloop
  endfacet
  facet normal -0.555554 0.83148 0
    outer loop
      vertex 88.2364 43.6153 0
      vertex 87.9444 43.4202 2.59
      vertex 88.2364 43.6153 2.59
    endloop
  endfacet
  facet normal -0.555554 0.83148 0
    outer loop
      vertex 87.9444 43.4202 2.59
      vertex 88.2364 43.6153 0
      vertex 87.9444 43.4202 0
    endloop
  endfacet
  facet normal 0.555554 -0.83148 0
    outer loop
      vertex 86.9636 44.8881 0
      vertex 87.2556 45.0832 2.59
      vertex 86.9636 44.8881 2.59
    endloop
  endfacet
  facet normal 0.555554 -0.83148 0
    outer loop
      vertex 87.2556 45.0832 2.59
      vertex 86.9636 44.8881 0
      vertex 87.2556 45.0832 0
    endloop
  endfacet
  facet normal 0.195075 0.980788 -0
    outer loop
      vertex 87.6 43.3517 0
      vertex 87.2556 43.4202 2.59
      vertex 87.6 43.3517 2.59
    endloop
  endfacet
  facet normal 0.195075 0.980788 0
    outer loop
      vertex 87.2556 43.4202 2.59
      vertex 87.6 43.3517 0
      vertex 87.2556 43.4202 0
    endloop
  endfacet
  facet normal -0.195075 0.980788 0
    outer loop
      vertex 87.9444 43.4202 0
      vertex 87.6 43.3517 2.59
      vertex 87.9444 43.4202 2.59
    endloop
  endfacet
  facet normal -0.195075 0.980788 0
    outer loop
      vertex 87.6 43.3517 2.59
      vertex 87.9444 43.4202 0
      vertex 87.6 43.3517 0
    endloop
  endfacet
  facet normal 0.195075 -0.980788 0
    outer loop
      vertex 87.2556 45.0832 0
      vertex 87.6 45.1517 2.59
      vertex 87.2556 45.0832 2.59
    endloop
  endfacet
  facet normal 0.195075 -0.980788 0
    outer loop
      vertex 87.6 45.1517 2.59
      vertex 87.2556 45.0832 0
      vertex 87.6 45.1517 0
    endloop
  endfacet
  facet normal -0.195075 -0.980788 0
    outer loop
      vertex 87.6 45.1517 0
      vertex 87.9444 45.0832 2.59
      vertex 87.6 45.1517 2.59
    endloop
  endfacet
  facet normal -0.195075 -0.980788 -0
    outer loop
      vertex 87.9444 45.0832 2.59
      vertex 87.6 45.1517 0
      vertex 87.9444 45.0832 0
    endloop
  endfacet
  facet normal -0.980799 0.195021 0
    outer loop
      vertex 88.4315 43.9072 0
      vertex 88.5 44.2517 2.59
      vertex 88.5 44.2517 0
    endloop
  endfacet
  facet normal -0.980799 0.195021 0
    outer loop
      vertex 88.5 44.2517 2.59
      vertex 88.4315 43.9072 0
      vertex 88.4315 43.9072 2.59
    endloop
  endfacet
  facet normal 0.83148 -0.555554 0
    outer loop
      vertex 86.7685 44.5961 2.59
      vertex 86.9636 44.8881 0
      vertex 86.9636 44.8881 2.59
    endloop
  endfacet
  facet normal 0.83148 -0.555554 0
    outer loop
      vertex 86.9636 44.8881 0
      vertex 86.7685 44.5961 2.59
      vertex 86.7685 44.5961 0
    endloop
  endfacet
  facet normal 0.831392 0.555686 0
    outer loop
      vertex 86.9636 43.6153 2.59
      vertex 86.7685 43.9072 0
      vertex 86.7685 43.9072 2.59
    endloop
  endfacet
  facet normal 0.831392 0.555686 0
    outer loop
      vertex 86.7685 43.9072 0
      vertex 86.9636 43.6153 2.59
      vertex 86.9636 43.6153 0
    endloop
  endfacet
  facet normal 0.980799 0.195021 0
    outer loop
      vertex 86.7685 43.9072 2.59
      vertex 86.7 44.2517 0
      vertex 86.7 44.2517 2.59
    endloop
  endfacet
  facet normal 0.980799 0.195021 0
    outer loop
      vertex 86.7 44.2517 0
      vertex 86.7685 43.9072 2.59
      vertex 86.7685 43.9072 0
    endloop
  endfacet
  facet normal 0.555554 0.83148 -0
    outer loop
      vertex 87.2556 43.4202 0
      vertex 86.9636 43.6153 2.59
      vertex 87.2556 43.4202 2.59
    endloop
  endfacet
  facet normal 0.555554 0.83148 0
    outer loop
      vertex 86.9636 43.6153 2.59
      vertex 87.2556 43.4202 0
      vertex 86.9636 43.6153 0
    endloop
  endfacet
  facet normal -0.83148 -0.555554 0
    outer loop
      vertex 87.1315 46.8477 0
      vertex 86.9364 47.1397 1.6
      vertex 86.9364 47.1397 0
    endloop
  endfacet
  facet normal -0.83148 -0.555554 0
    outer loop
      vertex 86.9364 47.1397 1.6
      vertex 87.1315 46.8477 0
      vertex 87.1315 46.8477 1.6
    endloop
  endfacet
  facet normal -0.980788 -0.195075 0
    outer loop
      vertex 87.2 46.5033 0
      vertex 87.1315 46.8477 1.6
      vertex 87.1315 46.8477 0
    endloop
  endfacet
  facet normal -0.980788 -0.195075 0
    outer loop
      vertex 87.1315 46.8477 1.6
      vertex 87.2 46.5033 0
      vertex 87.2 46.5033 1.6
    endloop
  endfacet
  facet normal -0.555554 -0.83148 0
    outer loop
      vertex 86.6444 47.3348 0
      vertex 86.9364 47.1397 1.6
      vertex 86.6444 47.3348 1.6
    endloop
  endfacet
  facet normal -0.555554 -0.83148 -0
    outer loop
      vertex 86.9364 47.1397 1.6
      vertex 86.6444 47.3348 0
      vertex 86.9364 47.1397 0
    endloop
  endfacet
  facet normal -0.83148 0.555554 0
    outer loop
      vertex 86.9364 45.8669 0
      vertex 87.1315 46.1589 1.6
      vertex 87.1315 46.1589 0
    endloop
  endfacet
  facet normal -0.83148 0.555554 0
    outer loop
      vertex 87.1315 46.1589 1.6
      vertex 86.9364 45.8669 0
      vertex 86.9364 45.8669 1.6
    endloop
  endfacet
  facet normal 0.195075 -0.980788 0
    outer loop
      vertex 85.9556 47.3348 0
      vertex 86.3 47.4033 1.6
      vertex 85.9556 47.3348 1.6
    endloop
  endfacet
  facet normal 0.195075 -0.980788 0
    outer loop
      vertex 86.3 47.4033 1.6
      vertex 85.9556 47.3348 0
      vertex 86.3 47.4033 0
    endloop
  endfacet
  facet normal 0.83148 -0.555554 0
    outer loop
      vertex 85.4685 46.8477 1.6
      vertex 85.6636 47.1397 0
      vertex 85.6636 47.1397 1.6
    endloop
  endfacet
  facet normal 0.83148 -0.555554 0
    outer loop
      vertex 85.6636 47.1397 0
      vertex 85.4685 46.8477 1.6
      vertex 85.4685 46.8477 0
    endloop
  endfacet
  facet normal 0.980788 -0.195075 0
    outer loop
      vertex 85.4 46.5033 1.6
      vertex 85.4685 46.8477 0
      vertex 85.4685 46.8477 1.6
    endloop
  endfacet
  facet normal 0.980788 -0.195075 0
    outer loop
      vertex 85.4685 46.8477 0
      vertex 85.4 46.5033 1.6
      vertex 85.4 46.5033 0
    endloop
  endfacet
  facet normal -0.195075 0.980788 0
    outer loop
      vertex 86.6444 45.6718 0
      vertex 86.3 45.6033 2.59
      vertex 86.6444 45.6718 2.59
    endloop
  endfacet
  facet normal -0.195075 0.980788 0
    outer loop
      vertex 86.3 45.6033 2.59
      vertex 86.6444 45.6718 0
      vertex 86.3 45.6033 0
    endloop
  endfacet
  facet normal 0.195075 0.980788 -0
    outer loop
      vertex 86.3 45.6033 0
      vertex 85.9556 45.6718 2.59
      vertex 86.3 45.6033 2.59
    endloop
  endfacet
  facet normal 0.195075 0.980788 0
    outer loop
      vertex 85.9556 45.6718 2.59
      vertex 86.3 45.6033 0
      vertex 85.9556 45.6718 0
    endloop
  endfacet
  facet normal 0.980788 0.195075 0
    outer loop
      vertex 85.4685 46.1589 1.6
      vertex 85.4 46.5033 0
      vertex 85.4 46.5033 1.6
    endloop
  endfacet
  facet normal 0.980788 0.195075 0
    outer loop
      vertex 85.4 46.5033 0
      vertex 85.4685 46.1589 1.6
      vertex 85.4685 46.1589 0
    endloop
  endfacet
  facet normal -0.195075 -0.980788 0
    outer loop
      vertex 86.3 47.4033 0
      vertex 86.6444 47.3348 1.6
      vertex 86.3 47.4033 1.6
    endloop
  endfacet
  facet normal -0.195075 -0.980788 -0
    outer loop
      vertex 86.6444 47.3348 1.6
      vertex 86.3 47.4033 0
      vertex 86.6444 47.3348 0
    endloop
  endfacet
  facet normal -0.980788 0.195075 0
    outer loop
      vertex 87.1315 46.1589 0
      vertex 87.2 46.5033 1.6
      vertex 87.2 46.5033 0
    endloop
  endfacet
  facet normal -0.980788 0.195075 0
    outer loop
      vertex 87.2 46.5033 1.6
      vertex 87.1315 46.1589 0
      vertex 87.1315 46.1589 1.6
    endloop
  endfacet
  facet normal -0.555391 0.831589 0
    outer loop
      vertex 86.9364 45.8669 1.6
      vertex 86.9364 45.8669 0
      vertex 86.6865 45.7 1.6
    endloop
  endfacet
  facet normal -0.556521 0.830834 0
    outer loop
      vertex 86.6865 45.7 1.6
      vertex 86.6444 45.6718 2.59
      vertex 86.6865 45.7 2.59
    endloop
  endfacet
  facet normal -0.556521 0.830834 0
    outer loop
      vertex 86.6865 45.7 1.6
      vertex 86.6444 45.6718 0
      vertex 86.6444 45.6718 2.59
    endloop
  endfacet
  facet normal -0.555554 0.83148 -3.68222e-05
    outer loop
      vertex 86.6444 45.6718 0
      vertex 86.6865 45.7 1.6
      vertex 86.9364 45.8669 0
    endloop
  endfacet
  facet normal 0.83148 0.555554 0
    outer loop
      vertex 85.6636 45.8669 1.6
      vertex 85.4685 46.1589 0
      vertex 85.4685 46.1589 1.6
    endloop
  endfacet
  facet normal 0.83148 0.555554 0
    outer loop
      vertex 85.4685 46.1589 0
      vertex 85.6636 45.8669 1.6
      vertex 85.6636 45.8669 0
    endloop
  endfacet
  facet normal 0.555554 -0.83148 0
    outer loop
      vertex 85.6636 47.1397 0
      vertex 85.9556 47.3348 1.6
      vertex 85.6636 47.1397 1.6
    endloop
  endfacet
  facet normal 0.555554 -0.83148 0
    outer loop
      vertex 85.9556 47.3348 1.6
      vertex 85.6636 47.1397 0
      vertex 85.9556 47.3348 0
    endloop
  endfacet
  facet normal 0.556521 0.830834 0
    outer loop
      vertex 85.9556 45.6718 2.59
      vertex 85.9135 45.7 1.6
      vertex 85.9135 45.7 2.59
    endloop
  endfacet
  facet normal 0.556521 0.830834 -0
    outer loop
      vertex 85.9556 45.6718 0
      vertex 85.9135 45.7 1.6
      vertex 85.9556 45.6718 2.59
    endloop
  endfacet
  facet normal 0.555554 0.83148 -3.68222e-05
    outer loop
      vertex 85.6636 45.8669 0
      vertex 85.9135 45.7 1.6
      vertex 85.9556 45.6718 0
    endloop
  endfacet
  facet normal 0.555391 0.831589 0
    outer loop
      vertex 85.9135 45.7 1.6
      vertex 85.6636 45.8669 0
      vertex 85.6636 45.8669 1.6
    endloop
  endfacet
  facet normal -0.83148 -0.555554 0
    outer loop
      vertex 87.1315 42.3444 0
      vertex 86.9364 42.6364 2.59
      vertex 86.9364 42.6364 0
    endloop
  endfacet
  facet normal -0.83148 -0.555554 0
    outer loop
      vertex 86.9364 42.6364 2.59
      vertex 87.1315 42.3444 0
      vertex 87.1315 42.3444 2.59
    endloop
  endfacet
  facet normal -0.980788 -0.195075 0
    outer loop
      vertex 87.2 42 0
      vertex 87.1315 42.3444 2.59
      vertex 87.1315 42.3444 0
    endloop
  endfacet
  facet normal -0.980788 -0.195075 0
    outer loop
      vertex 87.1315 42.3444 2.59
      vertex 87.2 42 0
      vertex 87.2 42 2.59
    endloop
  endfacet
  facet normal -0.555554 -0.83148 0
    outer loop
      vertex 86.6444 42.8315 0
      vertex 86.9364 42.6364 2.59
      vertex 86.6444 42.8315 2.59
    endloop
  endfacet
  facet normal -0.555554 -0.83148 -0
    outer loop
      vertex 86.9364 42.6364 2.59
      vertex 86.6444 42.8315 0
      vertex 86.9364 42.6364 0
    endloop
  endfacet
  facet normal -0.83148 0.555554 0
    outer loop
      vertex 86.9364 41.3636 0
      vertex 87.1315 41.6556 2.59
      vertex 87.1315 41.6556 0
    endloop
  endfacet
  facet normal -0.83148 0.555554 0
    outer loop
      vertex 87.1315 41.6556 2.59
      vertex 86.9364 41.3636 0
      vertex 86.9364 41.3636 2.59
    endloop
  endfacet
  facet normal 0.195075 -0.980788 0
    outer loop
      vertex 85.9556 42.8315 0
      vertex 86.3 42.9 2.59
      vertex 85.9556 42.8315 2.59
    endloop
  endfacet
  facet normal 0.195075 -0.980788 0
    outer loop
      vertex 86.3 42.9 2.59
      vertex 85.9556 42.8315 0
      vertex 86.3 42.9 0
    endloop
  endfacet
  facet normal 0.83148 -0.555554 0
    outer loop
      vertex 85.4685 42.3444 2.59
      vertex 85.6636 42.6364 0
      vertex 85.6636 42.6364 2.59
    endloop
  endfacet
  facet normal 0.83148 -0.555554 0
    outer loop
      vertex 85.6636 42.6364 0
      vertex 85.4685 42.3444 2.59
      vertex 85.4685 42.3444 0
    endloop
  endfacet
  facet normal 0.980788 -0.195075 0
    outer loop
      vertex 85.4 42 2.59
      vertex 85.4685 42.3444 0
      vertex 85.4685 42.3444 2.59
    endloop
  endfacet
  facet normal 0.980788 -0.195075 0
    outer loop
      vertex 85.4685 42.3444 0
      vertex 85.4 42 2.59
      vertex 85.4 42 0
    endloop
  endfacet
  facet normal -0.195075 0.980788 0
    outer loop
      vertex 86.6444 41.1685 0
      vertex 86.3 41.1 2.59
      vertex 86.6444 41.1685 2.59
    endloop
  endfacet
  facet normal -0.195075 0.980788 0
    outer loop
      vertex 86.3 41.1 2.59
      vertex 86.6444 41.1685 0
      vertex 86.3 41.1 0
    endloop
  endfacet
  facet normal 0.195075 0.980788 -0
    outer loop
      vertex 86.3 41.1 0
      vertex 85.9556 41.1685 2.59
      vertex 86.3 41.1 2.59
    endloop
  endfacet
  facet normal 0.195075 0.980788 0
    outer loop
      vertex 85.9556 41.1685 2.59
      vertex 86.3 41.1 0
      vertex 85.9556 41.1685 0
    endloop
  endfacet
  facet normal 0.980788 0.195075 0
    outer loop
      vertex 85.4685 41.6556 2.59
      vertex 85.4 42 0
      vertex 85.4 42 2.59
    endloop
  endfacet
  facet normal 0.980788 0.195075 0
    outer loop
      vertex 85.4 42 0
      vertex 85.4685 41.6556 2.59
      vertex 85.4685 41.6556 0
    endloop
  endfacet
  facet normal -0.195075 -0.980788 0
    outer loop
      vertex 86.3 42.9 0
      vertex 86.6444 42.8315 2.59
      vertex 86.3 42.9 2.59
    endloop
  endfacet
  facet normal -0.195075 -0.980788 -0
    outer loop
      vertex 86.6444 42.8315 2.59
      vertex 86.3 42.9 0
      vertex 86.6444 42.8315 0
    endloop
  endfacet
  facet normal -0.980788 0.195075 0
    outer loop
      vertex 87.1315 41.6556 0
      vertex 87.2 42 2.59
      vertex 87.2 42 0
    endloop
  endfacet
  facet normal -0.980788 0.195075 0
    outer loop
      vertex 87.2 42 2.59
      vertex 87.1315 41.6556 0
      vertex 87.1315 41.6556 2.59
    endloop
  endfacet
  facet normal -0.555554 0.83148 0
    outer loop
      vertex 86.9364 41.3636 0
      vertex 86.6444 41.1685 2.59
      vertex 86.9364 41.3636 2.59
    endloop
  endfacet
  facet normal -0.555554 0.83148 0
    outer loop
      vertex 86.6444 41.1685 2.59
      vertex 86.9364 41.3636 0
      vertex 86.6444 41.1685 0
    endloop
  endfacet
  facet normal 0.83148 0.555554 0
    outer loop
      vertex 85.6636 41.3636 2.59
      vertex 85.4685 41.6556 0
      vertex 85.4685 41.6556 2.59
    endloop
  endfacet
  facet normal 0.83148 0.555554 0
    outer loop
      vertex 85.4685 41.6556 0
      vertex 85.6636 41.3636 2.59
      vertex 85.6636 41.3636 0
    endloop
  endfacet
  facet normal 0.555554 -0.83148 0
    outer loop
      vertex 85.6636 42.6364 0
      vertex 85.9556 42.8315 2.59
      vertex 85.6636 42.6364 2.59
    endloop
  endfacet
  facet normal 0.555554 -0.83148 0
    outer loop
      vertex 85.9556 42.8315 2.59
      vertex 85.6636 42.6364 0
      vertex 85.9556 42.8315 0
    endloop
  endfacet
  facet normal 0.555554 0.83148 -0
    outer loop
      vertex 85.9556 41.1685 0
      vertex 85.6636 41.3636 2.59
      vertex 85.9556 41.1685 2.59
    endloop
  endfacet
  facet normal 0.555554 0.83148 0
    outer loop
      vertex 85.6636 41.3636 2.59
      vertex 85.9556 41.1685 0
      vertex 85.6636 41.3636 0
    endloop
  endfacet
  facet normal 0.980788 -0.195075 0
    outer loop
      vertex 82.8 42 2.59
      vertex 82.8685 42.3444 0
      vertex 82.8685 42.3444 2.59
    endloop
  endfacet
  facet normal 0.980788 -0.195075 0
    outer loop
      vertex 82.8685 42.3444 0
      vertex 82.8 42 2.59
      vertex 82.8 42 0
    endloop
  endfacet
  facet normal -0.83148 -0.555554 0
    outer loop
      vertex 84.5315 42.3444 0
      vertex 84.3364 42.6364 2.59
      vertex 84.3364 42.6364 0
    endloop
  endfacet
  facet normal -0.83148 -0.555554 0
    outer loop
      vertex 84.3364 42.6364 2.59
      vertex 84.5315 42.3444 0
      vertex 84.5315 42.3444 2.59
    endloop
  endfacet
  facet normal -0.980788 -0.195075 0
    outer loop
      vertex 84.6 42 0
      vertex 84.5315 42.3444 2.59
      vertex 84.5315 42.3444 0
    endloop
  endfacet
  facet normal -0.980788 -0.195075 0
    outer loop
      vertex 84.5315 42.3444 2.59
      vertex 84.6 42 0
      vertex 84.6 42 2.59
    endloop
  endfacet
  facet normal 0.195075 0.980788 -0
    outer loop
      vertex 83.7 41.1 0
      vertex 83.3556 41.1685 2.59
      vertex 83.7 41.1 2.59
    endloop
  endfacet
  facet normal 0.195075 0.980788 0
    outer loop
      vertex 83.3556 41.1685 2.59
      vertex 83.7 41.1 0
      vertex 83.3556 41.1685 0
    endloop
  endfacet
  facet normal -0.555554 0.83148 0
    outer loop
      vertex 84.3364 41.3636 0
      vertex 84.0444 41.1685 2.59
      vertex 84.3364 41.3636 2.59
    endloop
  endfacet
  facet normal -0.555554 0.83148 0
    outer loop
      vertex 84.0444 41.1685 2.59
      vertex 84.3364 41.3636 0
      vertex 84.0444 41.1685 0
    endloop
  endfacet
  facet normal 0.555554 -0.83148 0
    outer loop
      vertex 83.0636 42.6364 0
      vertex 83.3556 42.8315 2.59
      vertex 83.0636 42.6364 2.59
    endloop
  endfacet
  facet normal 0.555554 -0.83148 0
    outer loop
      vertex 83.3556 42.8315 2.59
      vertex 83.0636 42.6364 0
      vertex 83.3556 42.8315 0
    endloop
  endfacet
  facet normal -0.980788 0.195075 0
    outer loop
      vertex 84.5315 41.6556 0
      vertex 84.6 42 2.59
      vertex 84.6 42 0
    endloop
  endfacet
  facet normal -0.980788 0.195075 0
    outer loop
      vertex 84.6 42 2.59
      vertex 84.5315 41.6556 0
      vertex 84.5315 41.6556 2.59
    endloop
  endfacet
  facet normal -0.195075 0.980788 0
    outer loop
      vertex 84.0444 41.1685 0
      vertex 83.7 41.1 2.59
      vertex 84.0444 41.1685 2.59
    endloop
  endfacet
  facet normal -0.195075 0.980788 0
    outer loop
      vertex 83.7 41.1 2.59
      vertex 84.0444 41.1685 0
      vertex 83.7 41.1 0
    endloop
  endfacet
  facet normal -0.83148 0.555554 0
    outer loop
      vertex 84.3364 41.3636 0
      vertex 84.5315 41.6556 2.59
      vertex 84.5315 41.6556 0
    endloop
  endfacet
  facet normal -0.83148 0.555554 0
    outer loop
      vertex 84.5315 41.6556 2.59
      vertex 84.3364 41.3636 0
      vertex 84.3364 41.3636 2.59
    endloop
  endfacet
  facet normal -0.195075 -0.980788 0
    outer loop
      vertex 83.7 42.9 0
      vertex 84.0444 42.8315 2.59
      vertex 83.7 42.9 2.59
    endloop
  endfacet
  facet normal -0.195075 -0.980788 -0
    outer loop
      vertex 84.0444 42.8315 2.59
      vertex 83.7 42.9 0
      vertex 84.0444 42.8315 0
    endloop
  endfacet
  facet normal 0.195075 -0.980788 0
    outer loop
      vertex 83.3556 42.8315 0
      vertex 83.7 42.9 2.59
      vertex 83.3556 42.8315 2.59
    endloop
  endfacet
  facet normal 0.195075 -0.980788 0
    outer loop
      vertex 83.7 42.9 2.59
      vertex 83.3556 42.8315 0
      vertex 83.7 42.9 0
    endloop
  endfacet
  facet normal 0.83148 -0.555554 0
    outer loop
      vertex 82.8685 42.3444 2.59
      vertex 83.0636 42.6364 0
      vertex 83.0636 42.6364 2.59
    endloop
  endfacet
  facet normal 0.83148 -0.555554 0
    outer loop
      vertex 83.0636 42.6364 0
      vertex 82.8685 42.3444 2.59
      vertex 82.8685 42.3444 0
    endloop
  endfacet
  facet normal -0.555554 -0.83148 0
    outer loop
      vertex 84.0444 42.8315 0
      vertex 84.3364 42.6364 2.59
      vertex 84.0444 42.8315 2.59
    endloop
  endfacet
  facet normal -0.555554 -0.83148 -0
    outer loop
      vertex 84.3364 42.6364 2.59
      vertex 84.0444 42.8315 0
      vertex 84.3364 42.6364 0
    endloop
  endfacet
  facet normal 0.83148 0.555554 0
    outer loop
      vertex 83.0636 41.3636 2.59
      vertex 82.8685 41.6556 0
      vertex 82.8685 41.6556 2.59
    endloop
  endfacet
  facet normal 0.83148 0.555554 0
    outer loop
      vertex 82.8685 41.6556 0
      vertex 83.0636 41.3636 2.59
      vertex 83.0636 41.3636 0
    endloop
  endfacet
  facet normal 0.980788 0.195075 0
    outer loop
      vertex 82.8685 41.6556 2.59
      vertex 82.8 42 0
      vertex 82.8 42 2.59
    endloop
  endfacet
  facet normal 0.980788 0.195075 0
    outer loop
      vertex 82.8 42 0
      vertex 82.8685 41.6556 2.59
      vertex 82.8685 41.6556 0
    endloop
  endfacet
  facet normal 0.555554 0.83148 -0
    outer loop
      vertex 83.3556 41.1685 0
      vertex 83.0636 41.3636 2.59
      vertex 83.3556 41.1685 2.59
    endloop
  endfacet
  facet normal 0.555554 0.83148 0
    outer loop
      vertex 83.0636 41.3636 2.59
      vertex 83.3556 41.1685 0
      vertex 83.0636 41.3636 0
    endloop
  endfacet
  facet normal 0.980799 -0.195021 0
    outer loop
      vertex 86.7 39.7483 2.59
      vertex 86.7685 40.0928 0
      vertex 86.7685 40.0928 2.59
    endloop
  endfacet
  facet normal 0.980799 -0.195021 0
    outer loop
      vertex 86.7685 40.0928 0
      vertex 86.7 39.7483 2.59
      vertex 86.7 39.7483 0
    endloop
  endfacet
  facet normal -0.831392 -0.555686 0
    outer loop
      vertex 88.4315 40.0928 0
      vertex 88.2364 40.3847 2.59
      vertex 88.2364 40.3847 0
    endloop
  endfacet
  facet normal -0.831392 -0.555686 0
    outer loop
      vertex 88.2364 40.3847 2.59
      vertex 88.4315 40.0928 0
      vertex 88.4315 40.0928 2.59
    endloop
  endfacet
  facet normal -0.980799 -0.195021 0
    outer loop
      vertex 88.5 39.7483 0
      vertex 88.4315 40.0928 2.59
      vertex 88.4315 40.0928 0
    endloop
  endfacet
  facet normal -0.980799 -0.195021 0
    outer loop
      vertex 88.4315 40.0928 2.59
      vertex 88.5 39.7483 0
      vertex 88.5 39.7483 2.59
    endloop
  endfacet
  facet normal 0.195075 0.980788 -0
    outer loop
      vertex 87.6 38.8483 0
      vertex 87.2556 38.9168 2.59
      vertex 87.6 38.8483 2.59
    endloop
  endfacet
  facet normal 0.195075 0.980788 0
    outer loop
      vertex 87.2556 38.9168 2.59
      vertex 87.6 38.8483 0
      vertex 87.2556 38.9168 0
    endloop
  endfacet
  facet normal -0.555554 0.83148 0
    outer loop
      vertex 88.2364 39.1119 0
      vertex 87.9444 38.9168 2.59
      vertex 88.2364 39.1119 2.59
    endloop
  endfacet
  facet normal -0.555554 0.83148 0
    outer loop
      vertex 87.9444 38.9168 2.59
      vertex 88.2364 39.1119 0
      vertex 87.9444 38.9168 0
    endloop
  endfacet
  facet normal 0.555554 -0.83148 0
    outer loop
      vertex 86.9636 40.3847 0
      vertex 87.2556 40.5798 2.59
      vertex 86.9636 40.3847 2.59
    endloop
  endfacet
  facet normal 0.555554 -0.83148 0
    outer loop
      vertex 87.2556 40.5798 2.59
      vertex 86.9636 40.3847 0
      vertex 87.2556 40.5798 0
    endloop
  endfacet
  facet normal -0.980788 0.195075 0
    outer loop
      vertex 88.4315 39.4039 0
      vertex 88.5 39.7483 2.59
      vertex 88.5 39.7483 0
    endloop
  endfacet
  facet normal -0.980788 0.195075 0
    outer loop
      vertex 88.5 39.7483 2.59
      vertex 88.4315 39.4039 0
      vertex 88.4315 39.4039 2.59
    endloop
  endfacet
  facet normal -0.195075 0.980788 0
    outer loop
      vertex 87.9444 38.9168 0
      vertex 87.6 38.8483 2.59
      vertex 87.9444 38.9168 2.59
    endloop
  endfacet
  facet normal -0.195075 0.980788 0
    outer loop
      vertex 87.6 38.8483 2.59
      vertex 87.9444 38.9168 0
      vertex 87.6 38.8483 0
    endloop
  endfacet
  facet normal -0.83148 0.555554 0
    outer loop
      vertex 88.2364 39.1119 0
      vertex 88.4315 39.4039 2.59
      vertex 88.4315 39.4039 0
    endloop
  endfacet
  facet normal -0.83148 0.555554 0
    outer loop
      vertex 88.4315 39.4039 2.59
      vertex 88.2364 39.1119 0
      vertex 88.2364 39.1119 2.59
    endloop
  endfacet
  facet normal -0.195075 -0.980788 0
    outer loop
      vertex 87.6 40.6483 0
      vertex 87.9444 40.5798 2.59
      vertex 87.6 40.6483 2.59
    endloop
  endfacet
  facet normal -0.195075 -0.980788 -0
    outer loop
      vertex 87.9444 40.5798 2.59
      vertex 87.6 40.6483 0
      vertex 87.9444 40.5798 0
    endloop
  endfacet
  facet normal 0.195075 -0.980788 0
    outer loop
      vertex 87.2556 40.5798 0
      vertex 87.6 40.6483 2.59
      vertex 87.2556 40.5798 2.59
    endloop
  endfacet
  facet normal 0.195075 -0.980788 0
    outer loop
      vertex 87.6 40.6483 2.59
      vertex 87.2556 40.5798 0
      vertex 87.6 40.6483 0
    endloop
  endfacet
  facet normal 0.831392 -0.555686 0
    outer loop
      vertex 86.7685 40.0928 2.59
      vertex 86.9636 40.3847 0
      vertex 86.9636 40.3847 2.59
    endloop
  endfacet
  facet normal 0.831392 -0.555686 0
    outer loop
      vertex 86.9636 40.3847 0
      vertex 86.7685 40.0928 2.59
      vertex 86.7685 40.0928 0
    endloop
  endfacet
  facet normal -0.555554 -0.83148 0
    outer loop
      vertex 87.9444 40.5798 0
      vertex 88.2364 40.3847 2.59
      vertex 87.9444 40.5798 2.59
    endloop
  endfacet
  facet normal -0.555554 -0.83148 -0
    outer loop
      vertex 88.2364 40.3847 2.59
      vertex 87.9444 40.5798 0
      vertex 88.2364 40.3847 0
    endloop
  endfacet
  facet normal 0.83148 0.555554 0
    outer loop
      vertex 86.9636 39.1119 2.59
      vertex 86.7685 39.4039 0
      vertex 86.7685 39.4039 2.59
    endloop
  endfacet
  facet normal 0.83148 0.555554 0
    outer loop
      vertex 86.7685 39.4039 0
      vertex 86.9636 39.1119 2.59
      vertex 86.9636 39.1119 0
    endloop
  endfacet
  facet normal 0.980788 0.195075 0
    outer loop
      vertex 86.7685 39.4039 2.59
      vertex 86.7 39.7483 0
      vertex 86.7 39.7483 2.59
    endloop
  endfacet
  facet normal 0.980788 0.195075 0
    outer loop
      vertex 86.7 39.7483 0
      vertex 86.7685 39.4039 2.59
      vertex 86.7685 39.4039 0
    endloop
  endfacet
  facet normal 0.555554 0.83148 -0
    outer loop
      vertex 87.2556 38.9168 0
      vertex 86.9636 39.1119 2.59
      vertex 87.2556 38.9168 2.59
    endloop
  endfacet
  facet normal 0.555554 0.83148 0
    outer loop
      vertex 86.9636 39.1119 2.59
      vertex 87.2556 38.9168 0
      vertex 86.9636 39.1119 0
    endloop
  endfacet
  facet normal -0.83148 -0.555554 0
    outer loop
      vertex 87.1315 37.8411 0
      vertex 86.9364 38.1331 1.6
      vertex 86.9364 38.1331 0
    endloop
  endfacet
  facet normal -0.83148 -0.555554 0
    outer loop
      vertex 86.9364 38.1331 1.6
      vertex 87.1315 37.8411 0
      vertex 87.1315 37.8411 1.6
    endloop
  endfacet
  facet normal -0.980788 -0.195075 0
    outer loop
      vertex 87.2 37.4967 0
      vertex 87.1315 37.8411 1.6
      vertex 87.1315 37.8411 0
    endloop
  endfacet
  facet normal -0.980788 -0.195075 0
    outer loop
      vertex 87.1315 37.8411 1.6
      vertex 87.2 37.4967 0
      vertex 87.2 37.4967 1.6
    endloop
  endfacet
  facet normal -0.555609 -0.831444 0
    outer loop
      vertex 86.6444 38.3282 2.59
      vertex 86.6866 38.3 1.6
      vertex 86.6866 38.3 2.59
    endloop
  endfacet
  facet normal -0.555609 -0.831444 0
    outer loop
      vertex 86.6444 38.3282 0
      vertex 86.6866 38.3 1.6
      vertex 86.6444 38.3282 2.59
    endloop
  endfacet
  facet normal -0.555554 -0.83148 -2.10006e-06
    outer loop
      vertex 86.9364 38.1331 0
      vertex 86.6866 38.3 1.6
      vertex 86.6444 38.3282 0
    endloop
  endfacet
  facet normal -0.555545 -0.831487 0
    outer loop
      vertex 86.6866 38.3 1.6
      vertex 86.9364 38.1331 0
      vertex 86.9364 38.1331 1.6
    endloop
  endfacet
  facet normal 0.980788 0.195075 0
    outer loop
      vertex 85.4685 37.1523 1.6
      vertex 85.4 37.4967 0
      vertex 85.4 37.4967 1.6
    endloop
  endfacet
  facet normal 0.980788 0.195075 0
    outer loop
      vertex 85.4 37.4967 0
      vertex 85.4685 37.1523 1.6
      vertex 85.4685 37.1523 0
    endloop
  endfacet
  facet normal -0.555554 0.83148 0
    outer loop
      vertex 86.9364 36.8603 0
      vertex 86.6444 36.6652 1.6
      vertex 86.9364 36.8603 1.6
    endloop
  endfacet
  facet normal -0.555554 0.83148 0
    outer loop
      vertex 86.6444 36.6652 1.6
      vertex 86.9364 36.8603 0
      vertex 86.6444 36.6652 0
    endloop
  endfacet
  facet normal 0.83148 -0.555554 0
    outer loop
      vertex 85.4685 37.8411 1.6
      vertex 85.6636 38.1331 0
      vertex 85.6636 38.1331 1.6
    endloop
  endfacet
  facet normal 0.83148 -0.555554 0
    outer loop
      vertex 85.6636 38.1331 0
      vertex 85.4685 37.8411 1.6
      vertex 85.4685 37.8411 0
    endloop
  endfacet
  facet normal -0.83148 0.555554 0
    outer loop
      vertex 86.9364 36.8603 0
      vertex 87.1315 37.1523 1.6
      vertex 87.1315 37.1523 0
    endloop
  endfacet
  facet normal -0.83148 0.555554 0
    outer loop
      vertex 87.1315 37.1523 1.6
      vertex 86.9364 36.8603 0
      vertex 86.9364 36.8603 1.6
    endloop
  endfacet
  facet normal 0.195075 0.980788 -0
    outer loop
      vertex 86.3 36.5967 0
      vertex 85.9556 36.6652 1.6
      vertex 86.3 36.5967 1.6
    endloop
  endfacet
  facet normal 0.195075 0.980788 0
    outer loop
      vertex 85.9556 36.6652 1.6
      vertex 86.3 36.5967 0
      vertex 85.9556 36.6652 0
    endloop
  endfacet
  facet normal -0.195075 -0.980788 0
    outer loop
      vertex 86.3 38.3967 0
      vertex 86.6444 38.3282 2.59
      vertex 86.3 38.3967 2.59
    endloop
  endfacet
  facet normal -0.195075 -0.980788 -0
    outer loop
      vertex 86.6444 38.3282 2.59
      vertex 86.3 38.3967 0
      vertex 86.6444 38.3282 0
    endloop
  endfacet
  facet normal 0.195075 -0.980788 0
    outer loop
      vertex 85.9556 38.3282 0
      vertex 86.3 38.3967 2.59
      vertex 85.9556 38.3282 2.59
    endloop
  endfacet
  facet normal 0.195075 -0.980788 0
    outer loop
      vertex 86.3 38.3967 2.59
      vertex 85.9556 38.3282 0
      vertex 86.3 38.3967 0
    endloop
  endfacet
  facet normal -0.980788 0.195075 0
    outer loop
      vertex 87.1315 37.1523 0
      vertex 87.2 37.4967 1.6
      vertex 87.2 37.4967 0
    endloop
  endfacet
  facet normal -0.980788 0.195075 0
    outer loop
      vertex 87.2 37.4967 1.6
      vertex 87.1315 37.1523 0
      vertex 87.1315 37.1523 1.6
    endloop
  endfacet
  facet normal 0.83148 0.555554 0
    outer loop
      vertex 85.6636 36.8603 1.6
      vertex 85.4685 37.1523 0
      vertex 85.4685 37.1523 1.6
    endloop
  endfacet
  facet normal 0.83148 0.555554 0
    outer loop
      vertex 85.4685 37.1523 0
      vertex 85.6636 36.8603 1.6
      vertex 85.6636 36.8603 0
    endloop
  endfacet
  facet normal -0.195075 0.980788 0
    outer loop
      vertex 86.6444 36.6652 0
      vertex 86.3 36.5967 1.6
      vertex 86.6444 36.6652 1.6
    endloop
  endfacet
  facet normal -0.195075 0.980788 0
    outer loop
      vertex 86.3 36.5967 1.6
      vertex 86.6444 36.6652 0
      vertex 86.3 36.5967 0
    endloop
  endfacet
  facet normal 0.980788 -0.195075 0
    outer loop
      vertex 85.4 37.4967 1.6
      vertex 85.4685 37.8411 0
      vertex 85.4685 37.8411 1.6
    endloop
  endfacet
  facet normal 0.980788 -0.195075 0
    outer loop
      vertex 85.4685 37.8411 0
      vertex 85.4 37.4967 1.6
      vertex 85.4 37.4967 0
    endloop
  endfacet
  facet normal 0.555545 -0.831487 0
    outer loop
      vertex 85.6636 38.1331 1.6
      vertex 85.6636 38.1331 0
      vertex 85.9134 38.3 1.6
    endloop
  endfacet
  facet normal 0.555609 -0.831444 0
    outer loop
      vertex 85.9134 38.3 1.6
      vertex 85.9556 38.3282 2.59
      vertex 85.9134 38.3 2.59
    endloop
  endfacet
  facet normal 0.555609 -0.831444 0
    outer loop
      vertex 85.9134 38.3 1.6
      vertex 85.9556 38.3282 0
      vertex 85.9556 38.3282 2.59
    endloop
  endfacet
  facet normal 0.555554 -0.83148 -2.10006e-06
    outer loop
      vertex 85.9556 38.3282 0
      vertex 85.9134 38.3 1.6
      vertex 85.6636 38.1331 0
    endloop
  endfacet
  facet normal 0.555554 0.83148 -0
    outer loop
      vertex 85.9556 36.6652 0
      vertex 85.6636 36.8603 1.6
      vertex 85.9556 36.6652 1.6
    endloop
  endfacet
  facet normal 0.555554 0.83148 0
    outer loop
      vertex 85.6636 36.8603 1.6
      vertex 85.9556 36.6652 0
      vertex 85.6636 36.8603 0
    endloop
  endfacet
  facet normal 0.980799 -0.195021 0
    outer loop
      vertex 89.3 39.7483 2.59
      vertex 89.3685 40.0928 0
      vertex 89.3685 40.0928 2.59
    endloop
  endfacet
  facet normal 0.980799 -0.195021 0
    outer loop
      vertex 89.3685 40.0928 0
      vertex 89.3 39.7483 2.59
      vertex 89.3 39.7483 0
    endloop
  endfacet
  facet normal -0.831392 -0.555686 0
    outer loop
      vertex 91.0315 40.0928 0
      vertex 90.8364 40.3847 2.59
      vertex 90.8364 40.3847 0
    endloop
  endfacet
  facet normal -0.831392 -0.555686 0
    outer loop
      vertex 90.8364 40.3847 2.59
      vertex 91.0315 40.0928 0
      vertex 91.0315 40.0928 2.59
    endloop
  endfacet
  facet normal -0.980799 -0.195021 0
    outer loop
      vertex 91.1 39.7483 0
      vertex 91.0315 40.0928 2.59
      vertex 91.0315 40.0928 0
    endloop
  endfacet
  facet normal -0.980799 -0.195021 0
    outer loop
      vertex 91.0315 40.0928 2.59
      vertex 91.1 39.7483 0
      vertex 91.1 39.7483 2.59
    endloop
  endfacet
  facet normal 0.195075 0.980788 -0
    outer loop
      vertex 90.2 38.8483 0
      vertex 89.8556 38.9168 2.59
      vertex 90.2 38.8483 2.59
    endloop
  endfacet
  facet normal 0.195075 0.980788 0
    outer loop
      vertex 89.8556 38.9168 2.59
      vertex 90.2 38.8483 0
      vertex 89.8556 38.9168 0
    endloop
  endfacet
  facet normal -0.555554 0.83148 0
    outer loop
      vertex 90.8364 39.1119 0
      vertex 90.5444 38.9168 2.59
      vertex 90.8364 39.1119 2.59
    endloop
  endfacet
  facet normal -0.555554 0.83148 0
    outer loop
      vertex 90.5444 38.9168 2.59
      vertex 90.8364 39.1119 0
      vertex 90.5444 38.9168 0
    endloop
  endfacet
  facet normal 0.555554 -0.83148 0
    outer loop
      vertex 89.5636 40.3847 0
      vertex 89.8556 40.5798 2.59
      vertex 89.5636 40.3847 2.59
    endloop
  endfacet
  facet normal 0.555554 -0.83148 0
    outer loop
      vertex 89.8556 40.5798 2.59
      vertex 89.5636 40.3847 0
      vertex 89.8556 40.5798 0
    endloop
  endfacet
  facet normal -0.980788 0.195075 0
    outer loop
      vertex 91.0315 39.4039 0
      vertex 91.1 39.7483 2.59
      vertex 91.1 39.7483 0
    endloop
  endfacet
  facet normal -0.980788 0.195075 0
    outer loop
      vertex 91.1 39.7483 2.59
      vertex 91.0315 39.4039 0
      vertex 91.0315 39.4039 2.59
    endloop
  endfacet
  facet normal -0.195075 0.980788 0
    outer loop
      vertex 90.5444 38.9168 0
      vertex 90.2 38.8483 2.59
      vertex 90.5444 38.9168 2.59
    endloop
  endfacet
  facet normal -0.195075 0.980788 0
    outer loop
      vertex 90.2 38.8483 2.59
      vertex 90.5444 38.9168 0
      vertex 90.2 38.8483 0
    endloop
  endfacet
  facet normal -0.83148 0.555554 0
    outer loop
      vertex 90.8364 39.1119 0
      vertex 91.0315 39.4039 2.59
      vertex 91.0315 39.4039 0
    endloop
  endfacet
  facet normal -0.83148 0.555554 0
    outer loop
      vertex 91.0315 39.4039 2.59
      vertex 90.8364 39.1119 0
      vertex 90.8364 39.1119 2.59
    endloop
  endfacet
  facet normal -0.195075 -0.980788 0
    outer loop
      vertex 90.2 40.6483 0
      vertex 90.5444 40.5798 2.59
      vertex 90.2 40.6483 2.59
    endloop
  endfacet
  facet normal -0.195075 -0.980788 -0
    outer loop
      vertex 90.5444 40.5798 2.59
      vertex 90.2 40.6483 0
      vertex 90.5444 40.5798 0
    endloop
  endfacet
  facet normal 0.195075 -0.980788 0
    outer loop
      vertex 89.8556 40.5798 0
      vertex 90.2 40.6483 2.59
      vertex 89.8556 40.5798 2.59
    endloop
  endfacet
  facet normal 0.195075 -0.980788 0
    outer loop
      vertex 90.2 40.6483 2.59
      vertex 89.8556 40.5798 0
      vertex 90.2 40.6483 0
    endloop
  endfacet
  facet normal 0.831392 -0.555686 0
    outer loop
      vertex 89.3685 40.0928 2.59
      vertex 89.5636 40.3847 0
      vertex 89.5636 40.3847 2.59
    endloop
  endfacet
  facet normal 0.831392 -0.555686 0
    outer loop
      vertex 89.5636 40.3847 0
      vertex 89.3685 40.0928 2.59
      vertex 89.3685 40.0928 0
    endloop
  endfacet
  facet normal -0.555554 -0.83148 0
    outer loop
      vertex 90.5444 40.5798 0
      vertex 90.8364 40.3847 2.59
      vertex 90.5444 40.5798 2.59
    endloop
  endfacet
  facet normal -0.555554 -0.83148 -0
    outer loop
      vertex 90.8364 40.3847 2.59
      vertex 90.5444 40.5798 0
      vertex 90.8364 40.3847 0
    endloop
  endfacet
  facet normal 0.83148 0.555554 0
    outer loop
      vertex 89.5636 39.1119 2.59
      vertex 89.3685 39.4039 0
      vertex 89.3685 39.4039 2.59
    endloop
  endfacet
  facet normal 0.83148 0.555554 0
    outer loop
      vertex 89.3685 39.4039 0
      vertex 89.5636 39.1119 2.59
      vertex 89.5636 39.1119 0
    endloop
  endfacet
  facet normal 0.980788 0.195075 0
    outer loop
      vertex 89.3685 39.4039 2.59
      vertex 89.3 39.7483 0
      vertex 89.3 39.7483 2.59
    endloop
  endfacet
  facet normal 0.980788 0.195075 0
    outer loop
      vertex 89.3 39.7483 0
      vertex 89.3685 39.4039 2.59
      vertex 89.3685 39.4039 0
    endloop
  endfacet
  facet normal 0.555554 0.83148 -0
    outer loop
      vertex 89.8556 38.9168 0
      vertex 89.5636 39.1119 2.59
      vertex 89.8556 38.9168 2.59
    endloop
  endfacet
  facet normal 0.555554 0.83148 0
    outer loop
      vertex 89.5636 39.1119 2.59
      vertex 89.8556 38.9168 0
      vertex 89.5636 39.1119 0
    endloop
  endfacet
  facet normal -0.83148 -0.555554 0
    outer loop
      vertex 92.3315 37.8411 0
      vertex 92.1364 38.1331 1.6
      vertex 92.1364 38.1331 0
    endloop
  endfacet
  facet normal -0.83148 -0.555554 0
    outer loop
      vertex 92.1364 38.1331 1.6
      vertex 92.3315 37.8411 0
      vertex 92.3315 37.8411 1.6
    endloop
  endfacet
  facet normal -0.980788 -0.195075 0
    outer loop
      vertex 92.4 37.4967 0
      vertex 92.3315 37.8411 1.6
      vertex 92.3315 37.8411 0
    endloop
  endfacet
  facet normal -0.980788 -0.195075 0
    outer loop
      vertex 92.3315 37.8411 1.6
      vertex 92.4 37.4967 0
      vertex 92.4 37.4967 1.6
    endloop
  endfacet
  facet normal -0.555609 -0.831444 0
    outer loop
      vertex 91.8444 38.3282 2.59
      vertex 91.8866 38.3 1.6
      vertex 91.8866 38.3 2.59
    endloop
  endfacet
  facet normal -0.555609 -0.831444 0
    outer loop
      vertex 91.8444 38.3282 0
      vertex 91.8866 38.3 1.6
      vertex 91.8444 38.3282 2.59
    endloop
  endfacet
  facet normal -0.555554 -0.83148 -2.10006e-06
    outer loop
      vertex 92.1364 38.1331 0
      vertex 91.8866 38.3 1.6
      vertex 91.8444 38.3282 0
    endloop
  endfacet
  facet normal -0.555545 -0.831487 0
    outer loop
      vertex 91.8866 38.3 1.6
      vertex 92.1364 38.1331 0
      vertex 92.1364 38.1331 1.6
    endloop
  endfacet
  facet normal 0.980788 0.195075 0
    outer loop
      vertex 90.6685 37.1523 1.6
      vertex 90.6 37.4967 0
      vertex 90.6 37.4967 1.6
    endloop
  endfacet
  facet normal 0.980788 0.195075 0
    outer loop
      vertex 90.6 37.4967 0
      vertex 90.6685 37.1523 1.6
      vertex 90.6685 37.1523 0
    endloop
  endfacet
  facet normal -0.555554 0.83148 0
    outer loop
      vertex 92.1364 36.8603 0
      vertex 91.8444 36.6652 1.6
      vertex 92.1364 36.8603 1.6
    endloop
  endfacet
  facet normal -0.555554 0.83148 0
    outer loop
      vertex 91.8444 36.6652 1.6
      vertex 92.1364 36.8603 0
      vertex 91.8444 36.6652 0
    endloop
  endfacet
  facet normal 0.83148 -0.555554 0
    outer loop
      vertex 90.6685 37.8411 1.6
      vertex 90.8636 38.1331 0
      vertex 90.8636 38.1331 1.6
    endloop
  endfacet
  facet normal 0.83148 -0.555554 0
    outer loop
      vertex 90.8636 38.1331 0
      vertex 90.6685 37.8411 1.6
      vertex 90.6685 37.8411 0
    endloop
  endfacet
  facet normal 0.195075 0.980788 -0
    outer loop
      vertex 91.5 36.5967 0
      vertex 91.1556 36.6652 1.6
      vertex 91.5 36.5967 1.6
    endloop
  endfacet
  facet normal 0.195075 0.980788 0
    outer loop
      vertex 91.1556 36.6652 1.6
      vertex 91.5 36.5967 0
      vertex 91.1556 36.6652 0
    endloop
  endfacet
  facet normal -0.195075 -0.980788 0
    outer loop
      vertex 91.5 38.3967 0
      vertex 91.8444 38.3282 2.59
      vertex 91.5 38.3967 2.59
    endloop
  endfacet
  facet normal -0.195075 -0.980788 -0
    outer loop
      vertex 91.8444 38.3282 2.59
      vertex 91.5 38.3967 0
      vertex 91.8444 38.3282 0
    endloop
  endfacet
  facet normal 0.195075 -0.980788 0
    outer loop
      vertex 91.1556 38.3282 0
      vertex 91.5 38.3967 2.59
      vertex 91.1556 38.3282 2.59
    endloop
  endfacet
  facet normal 0.195075 -0.980788 0
    outer loop
      vertex 91.5 38.3967 2.59
      vertex 91.1556 38.3282 0
      vertex 91.5 38.3967 0
    endloop
  endfacet
  facet normal -0.83148 0.555554 0
    outer loop
      vertex 92.1364 36.8603 0
      vertex 92.3315 37.1523 1.6
      vertex 92.3315 37.1523 0
    endloop
  endfacet
  facet normal -0.83148 0.555554 0
    outer loop
      vertex 92.3315 37.1523 1.6
      vertex 92.1364 36.8603 0
      vertex 92.1364 36.8603 1.6
    endloop
  endfacet
  facet normal -0.980788 0.195075 0
    outer loop
      vertex 92.3315 37.1523 0
      vertex 92.4 37.4967 1.6
      vertex 92.4 37.4967 0
    endloop
  endfacet
  facet normal -0.980788 0.195075 0
    outer loop
      vertex 92.4 37.4967 1.6
      vertex 92.3315 37.1523 0
      vertex 92.3315 37.1523 1.6
    endloop
  endfacet
  facet normal 0.83148 0.555554 0
    outer loop
      vertex 90.8636 36.8603 1.6
      vertex 90.6685 37.1523 0
      vertex 90.6685 37.1523 1.6
    endloop
  endfacet
  facet normal 0.83148 0.555554 0
    outer loop
      vertex 90.6685 37.1523 0
      vertex 90.8636 36.8603 1.6
      vertex 90.8636 36.8603 0
    endloop
  endfacet
  facet normal -0.195075 0.980788 0
    outer loop
      vertex 91.8444 36.6652 0
      vertex 91.5 36.5967 1.6
      vertex 91.8444 36.6652 1.6
    endloop
  endfacet
  facet normal -0.195075 0.980788 0
    outer loop
      vertex 91.5 36.5967 1.6
      vertex 91.8444 36.6652 0
      vertex 91.5 36.5967 0
    endloop
  endfacet
  facet normal 0.980788 -0.195075 0
    outer loop
      vertex 90.6 37.4967 1.6
      vertex 90.6685 37.8411 0
      vertex 90.6685 37.8411 1.6
    endloop
  endfacet
  facet normal 0.980788 -0.195075 0
    outer loop
      vertex 90.6685 37.8411 0
      vertex 90.6 37.4967 1.6
      vertex 90.6 37.4967 0
    endloop
  endfacet
  facet normal 0.555545 -0.831487 0
    outer loop
      vertex 90.8636 38.1331 1.6
      vertex 90.8636 38.1331 0
      vertex 91.1134 38.3 1.6
    endloop
  endfacet
  facet normal 0.555609 -0.831444 0
    outer loop
      vertex 91.1134 38.3 1.6
      vertex 91.1556 38.3282 2.59
      vertex 91.1134 38.3 2.59
    endloop
  endfacet
  facet normal 0.555609 -0.831444 0
    outer loop
      vertex 91.1134 38.3 1.6
      vertex 91.1556 38.3282 0
      vertex 91.1556 38.3282 2.59
    endloop
  endfacet
  facet normal 0.555554 -0.83148 -2.10006e-06
    outer loop
      vertex 91.1556 38.3282 0
      vertex 91.1134 38.3 1.6
      vertex 90.8636 38.1331 0
    endloop
  endfacet
  facet normal 0.555554 0.83148 -0
    outer loop
      vertex 91.1556 36.6652 0
      vertex 90.8636 36.8603 1.6
      vertex 91.1556 36.6652 1.6
    endloop
  endfacet
  facet normal 0.555554 0.83148 0
    outer loop
      vertex 90.8636 36.8603 1.6
      vertex 91.1556 36.6652 0
      vertex 90.8636 36.8603 0
    endloop
  endfacet
endsolid OpenSCAD_Model
