solid OpenSCAD_Model
  facet normal 0.454022 0 0.890991
    outer loop
      vertex 34.7927 1.6 25.4853
      vertex 34.8763 0.599999 25.4427
      vertex 34.8763 1.6 25.4427
    endloop
  endfacet
  facet normal 0.454022 0 0.890991
    outer loop
      vertex 34.8763 0.599999 25.4427
      vertex 34.7927 1.6 25.4853
      vertex 34.7927 0.599999 25.4853
    endloop
  endfacet
  facet normal 0.707107 -0 0.707107
    outer loop
      vertex 34.8763 0.599999 25.4427
      vertex 34.9427 1.6 25.3763
      vertex 34.8763 1.6 25.4427
    endloop
  endfacet
  facet normal 0.707107 0 0.707107
    outer loop
      vertex 34.9427 1.6 25.3763
      vertex 34.8763 0.599999 25.4427
      vertex 34.9427 0.599999 25.3763
    endloop
  endfacet
  facet normal -0.156619 0 0.987659
    outer loop
      vertex 34.6073 1.6 25.4853
      vertex 34.7 0.599999 25.5
      vertex 34.7 1.6 25.5
    endloop
  endfacet
  facet normal -0.156619 0 0.987659
    outer loop
      vertex 34.7 0.599999 25.5
      vertex 34.6073 1.6 25.4853
      vertex 34.6073 0.599999 25.4853
    endloop
  endfacet
  facet normal 0.987659 -0 0.156619
    outer loop
      vertex 34.9853 0.599999 25.2927
      vertex 35 1.6 25.2
      vertex 34.9853 1.6 25.2927
    endloop
  endfacet
  facet normal 0.987659 0 0.156619
    outer loop
      vertex 35 1.6 25.2
      vertex 34.9853 0.599999 25.2927
      vertex 35 0.599999 25.2
    endloop
  endfacet
  facet normal 0.890991 -0 0.454022
    outer loop
      vertex 34.9427 0.599999 25.3763
      vertex 34.9853 1.6 25.2927
      vertex 34.9427 1.6 25.3763
    endloop
  endfacet
  facet normal 0.890991 0 0.454022
    outer loop
      vertex 34.9853 1.6 25.2927
      vertex 34.9427 0.599999 25.3763
      vertex 34.9853 0.599999 25.2927
    endloop
  endfacet
  facet normal 0.156619 0 0.987659
    outer loop
      vertex 34.7 1.6 25.5
      vertex 34.7927 0.599999 25.4853
      vertex 34.7927 1.6 25.4853
    endloop
  endfacet
  facet normal 0.156619 0 0.987659
    outer loop
      vertex 34.7927 0.599999 25.4853
      vertex 34.7 1.6 25.5
      vertex 34.7 0.599999 25.5
    endloop
  endfacet
  facet normal -0.987659 0 0.156619
    outer loop
      vertex 34.4 0.599999 25.2
      vertex 34.4147 1.6 25.2927
      vertex 34.4 1.6 25.2
    endloop
  endfacet
  facet normal -0.987659 0 0.156619
    outer loop
      vertex 34.4147 1.6 25.2927
      vertex 34.4 0.599999 25.2
      vertex 34.4147 0.599999 25.2927
    endloop
  endfacet
  facet normal 0 1 0
    outer loop
      vertex 41.6153 0.599999 26.8
      vertex 34.7 0.599999 25.5
      vertex 1.6 0.599999 26.8
    endloop
  endfacet
  facet normal 0 1 0
    outer loop
      vertex 41.6153 0.599999 26.8
      vertex 34.7927 0.599999 25.4853
      vertex 34.7 0.599999 25.5
    endloop
  endfacet
  facet normal 0 1 0
    outer loop
      vertex 41.6153 0.599999 26.8
      vertex 34.8763 0.599999 25.4427
      vertex 34.7927 0.599999 25.4853
    endloop
  endfacet
  facet normal 0 1 0
    outer loop
      vertex 41.6153 0.599999 26.8
      vertex 34.9427 0.599999 25.3763
      vertex 34.8763 0.599999 25.4427
    endloop
  endfacet
  facet normal 0 1 0
    outer loop
      vertex 41.6153 0.599999 26.8
      vertex 34.9853 0.599999 25.2927
      vertex 34.9427 0.599999 25.3763
    endloop
  endfacet
  facet normal 0 1 -0
    outer loop
      vertex 41.6153 0.599999 25.2
      vertex 34.9853 0.599999 25.2927
      vertex 41.6153 0.599999 26.8
    endloop
  endfacet
  facet normal 0 1 0
    outer loop
      vertex 34.9853 0.599999 25.2927
      vertex 41.6153 0.599999 25.2
      vertex 35 0.599999 25.2
    endloop
  endfacet
  facet normal 0 1 -0
    outer loop
      vertex 34.6073 0.599999 25.4853
      vertex 1.6 0.599999 26.8
      vertex 34.7 0.599999 25.5
    endloop
  endfacet
  facet normal 0 1 -0
    outer loop
      vertex 34.5237 0.599999 25.4427
      vertex 1.6 0.599999 26.8
      vertex 34.6073 0.599999 25.4853
    endloop
  endfacet
  facet normal 0 1 -0
    outer loop
      vertex 34.4573 0.599999 25.3763
      vertex 1.6 0.599999 26.8
      vertex 34.5237 0.599999 25.4427
    endloop
  endfacet
  facet normal 0 1 -0
    outer loop
      vertex 34.4147 0.599999 25.2927
      vertex 1.6 0.599999 26.8
      vertex 34.4573 0.599999 25.3763
    endloop
  endfacet
  facet normal 0 1 -0
    outer loop
      vertex 34.4 0.599999 25.2
      vertex 1.6 0.599999 26.8
      vertex 34.4147 0.599999 25.2927
    endloop
  endfacet
  facet normal 0 1 0
    outer loop
      vertex 1.6 0.599999 26.8
      vertex 34.4 0.599999 25.2
      vertex 1.6 0.599999 25.2
    endloop
  endfacet
  facet normal -0.890991 0 0.454022
    outer loop
      vertex 34.4147 0.599999 25.2927
      vertex 34.4573 1.6 25.3763
      vertex 34.4147 1.6 25.2927
    endloop
  endfacet
  facet normal -0.890991 0 0.454022
    outer loop
      vertex 34.4573 1.6 25.3763
      vertex 34.4147 0.599999 25.2927
      vertex 34.4573 0.599999 25.3763
    endloop
  endfacet
  facet normal -0.454022 0 0.890991
    outer loop
      vertex 34.5237 1.6 25.4427
      vertex 34.6073 0.599999 25.4853
      vertex 34.6073 1.6 25.4853
    endloop
  endfacet
  facet normal -0.454022 0 0.890991
    outer loop
      vertex 34.6073 0.599999 25.4853
      vertex 34.5237 1.6 25.4427
      vertex 34.5237 0.599999 25.4427
    endloop
  endfacet
  facet normal -0.707107 0 0.707107
    outer loop
      vertex 34.4573 0.599999 25.3763
      vertex 34.5237 1.6 25.4427
      vertex 34.4573 1.6 25.3763
    endloop
  endfacet
  facet normal -0.707107 0 0.707107
    outer loop
      vertex 34.5237 1.6 25.4427
      vertex 34.4573 0.599999 25.3763
      vertex 34.5237 0.599999 25.4427
    endloop
  endfacet
  facet normal 0 1 0
    outer loop
      vertex 34.7927 1.6 25.4853
      vertex 34.6073 1.6 25.4853
      vertex 34.7 1.6 25.5
    endloop
  endfacet
  facet normal 0 1 0
    outer loop
      vertex 34.8763 1.6 25.4427
      vertex 34.6073 1.6 25.4853
      vertex 34.7927 1.6 25.4853
    endloop
  endfacet
  facet normal 0 1 0
    outer loop
      vertex 34.8763 1.6 25.4427
      vertex 34.5237 1.6 25.4427
      vertex 34.6073 1.6 25.4853
    endloop
  endfacet
  facet normal 0 1 0
    outer loop
      vertex 34.9427 1.6 25.3763
      vertex 34.5237 1.6 25.4427
      vertex 34.8763 1.6 25.4427
    endloop
  endfacet
  facet normal 0 1 0
    outer loop
      vertex 34.9427 1.6 25.3763
      vertex 34.4573 1.6 25.3763
      vertex 34.5237 1.6 25.4427
    endloop
  endfacet
  facet normal 0 1 0
    outer loop
      vertex 34.9853 1.6 25.2927
      vertex 34.4573 1.6 25.3763
      vertex 34.9427 1.6 25.3763
    endloop
  endfacet
  facet normal 0 1 0
    outer loop
      vertex 34.9853 1.6 25.2927
      vertex 34.4147 1.6 25.2927
      vertex 34.4573 1.6 25.3763
    endloop
  endfacet
  facet normal 0 1 0
    outer loop
      vertex 35 1.6 25.2
      vertex 34.4147 1.6 25.2927
      vertex 34.9853 1.6 25.2927
    endloop
  endfacet
  facet normal 0 1 0
    outer loop
      vertex 35 1.6 25.2
      vertex 34.4 1.6 25.2
      vertex 34.4147 1.6 25.2927
    endloop
  endfacet
  facet normal 0 1 -0
    outer loop
      vertex 34.9853 1.6 25.1073
      vertex 34.4 1.6 25.2
      vertex 35 1.6 25.2
    endloop
  endfacet
  facet normal 0 1 0
    outer loop
      vertex 34.9853 1.6 25.1073
      vertex 34.4147 1.6 25.1073
      vertex 34.4 1.6 25.2
    endloop
  endfacet
  facet normal 0 1 -0
    outer loop
      vertex 34.9427 1.6 25.0237
      vertex 34.4147 1.6 25.1073
      vertex 34.9853 1.6 25.1073
    endloop
  endfacet
  facet normal 0 1 0
    outer loop
      vertex 34.9427 1.6 25.0237
      vertex 34.4573 1.6 25.0237
      vertex 34.4147 1.6 25.1073
    endloop
  endfacet
  facet normal 0 1 -0
    outer loop
      vertex 34.8763 1.6 24.9573
      vertex 34.4573 1.6 25.0237
      vertex 34.9427 1.6 25.0237
    endloop
  endfacet
  facet normal 0 1 0
    outer loop
      vertex 34.8763 1.6 24.9573
      vertex 34.5237 1.6 24.9573
      vertex 34.4573 1.6 25.0237
    endloop
  endfacet
  facet normal 0 1 -0
    outer loop
      vertex 34.7927 1.6 24.9147
      vertex 34.5237 1.6 24.9573
      vertex 34.8763 1.6 24.9573
    endloop
  endfacet
  facet normal 0 1 0
    outer loop
      vertex 34.7927 1.6 24.9147
      vertex 34.6073 1.6 24.9147
      vertex 34.5237 1.6 24.9573
    endloop
  endfacet
  facet normal -0 1 0
    outer loop
      vertex 34.6073 1.6 24.9147
      vertex 34.7927 1.6 24.9147
      vertex 34.7 1.6 24.9
    endloop
  endfacet
  facet normal 0 1 0
    outer loop
      vertex 40.1 1.6 25.2
      vertex 34.9853 1.6 25.1073
      vertex 35 1.6 25.2
    endloop
  endfacet
  facet normal 0 1 0
    outer loop
      vertex 40.1 1.6 25.2
      vertex 34.9427 1.6 25.0237
      vertex 34.9853 1.6 25.1073
    endloop
  endfacet
  facet normal 0 1 0
    outer loop
      vertex 40.1 1.6 25.2
      vertex 34.8763 1.6 24.9573
      vertex 34.9427 1.6 25.0237
    endloop
  endfacet
  facet normal 0 1 0
    outer loop
      vertex 40.1 1.6 25.2
      vertex 34.7927 1.6 24.9147
      vertex 34.8763 1.6 24.9573
    endloop
  endfacet
  facet normal 0 1 -0
    outer loop
      vertex 40.1 1.6 7.2
      vertex 34.7927 1.6 24.9147
      vertex 40.1 1.6 25.2
    endloop
  endfacet
  facet normal 0 1 0
    outer loop
      vertex 34.7927 1.6 24.9147
      vertex 40.1 1.6 7.2
      vertex 34.7 1.6 24.9
    endloop
  endfacet
  facet normal 0 1 0
    outer loop
      vertex 34.4147 1.6 25.1073
      vertex 1.6 1.6 25.2
      vertex 34.4 1.6 25.2
    endloop
  endfacet
  facet normal 0 1 0
    outer loop
      vertex 34.4573 1.6 25.0237
      vertex 1.6 1.6 25.2
      vertex 34.4147 1.6 25.1073
    endloop
  endfacet
  facet normal 0 1 0
    outer loop
      vertex 1.6 1.6 7.2
      vertex 34.4573 1.6 25.0237
      vertex 34.5237 1.6 24.9573
    endloop
  endfacet
  facet normal 0 1 0
    outer loop
      vertex 40.1 1.6 7.2
      vertex 34.5237 1.6 24.9573
      vertex 34.6073 1.6 24.9147
    endloop
  endfacet
  facet normal 0 1 0
    outer loop
      vertex 40.1 1.6 7.2
      vertex 34.6073 1.6 24.9147
      vertex 34.7 1.6 24.9
    endloop
  endfacet
  facet normal 0 1 0
    outer loop
      vertex 34.5237 1.6 24.9573
      vertex 40.1 1.6 7.2
      vertex 1.6 1.6 7.2
    endloop
  endfacet
  facet normal 0 1 0
    outer loop
      vertex 34.4573 1.6 25.0237
      vertex 1.6 1.6 7.2
      vertex 1.6 1.6 25.2
    endloop
  endfacet
  facet normal 0 1 -0
    outer loop
      vertex 40.1 1.6 26.8
      vertex 1.6 1.6 27.8
      vertex 40.1 1.6 27.8
    endloop
  endfacet
  facet normal 0 1 0
    outer loop
      vertex 1.6 1.6 27.8
      vertex 40.1 1.6 26.8
      vertex 1.6 1.6 26.8
    endloop
  endfacet
  facet normal 0.454022 0 0.890991
    outer loop
      vertex 34.7927 31.6 25.4853
      vertex 34.8763 30.6 25.4427
      vertex 34.8763 31.6 25.4427
    endloop
  endfacet
  facet normal 0.454022 0 0.890991
    outer loop
      vertex 34.8763 30.6 25.4427
      vertex 34.7927 31.6 25.4853
      vertex 34.7927 30.6 25.4853
    endloop
  endfacet
  facet normal 0.707107 -0 0.707107
    outer loop
      vertex 34.8763 30.6 25.4427
      vertex 34.9427 31.6 25.3763
      vertex 34.8763 31.6 25.4427
    endloop
  endfacet
  facet normal 0.707107 0 0.707107
    outer loop
      vertex 34.9427 31.6 25.3763
      vertex 34.8763 30.6 25.4427
      vertex 34.9427 30.6 25.3763
    endloop
  endfacet
  facet normal -0.156619 0 0.987659
    outer loop
      vertex 34.6073 31.6 25.4853
      vertex 34.7 30.6 25.5
      vertex 34.7 31.6 25.5
    endloop
  endfacet
  facet normal -0.156619 0 0.987659
    outer loop
      vertex 34.7 30.6 25.5
      vertex 34.6073 31.6 25.4853
      vertex 34.6073 30.6 25.4853
    endloop
  endfacet
  facet normal 0.987659 -0 0.156619
    outer loop
      vertex 34.9853 30.6 25.2927
      vertex 35 31.6 25.2
      vertex 34.9853 31.6 25.2927
    endloop
  endfacet
  facet normal 0.987659 0 0.156619
    outer loop
      vertex 35 31.6 25.2
      vertex 34.9853 30.6 25.2927
      vertex 35 30.6 25.2
    endloop
  endfacet
  facet normal 0.890991 -0 0.454022
    outer loop
      vertex 34.9427 30.6 25.3763
      vertex 34.9853 31.6 25.2927
      vertex 34.9427 31.6 25.3763
    endloop
  endfacet
  facet normal 0.890991 0 0.454022
    outer loop
      vertex 34.9853 31.6 25.2927
      vertex 34.9427 30.6 25.3763
      vertex 34.9853 30.6 25.2927
    endloop
  endfacet
  facet normal 0.156619 0 0.987659
    outer loop
      vertex 34.7 31.6 25.5
      vertex 34.7927 30.6 25.4853
      vertex 34.7927 31.6 25.4853
    endloop
  endfacet
  facet normal 0.156619 0 0.987659
    outer loop
      vertex 34.7927 30.6 25.4853
      vertex 34.7 31.6 25.5
      vertex 34.7 30.6 25.5
    endloop
  endfacet
  facet normal -0.987659 0 0.156619
    outer loop
      vertex 34.4 30.6 25.2
      vertex 34.4147 31.6 25.2927
      vertex 34.4 31.6 25.2
    endloop
  endfacet
  facet normal -0.987659 0 0.156619
    outer loop
      vertex 34.4147 31.6 25.2927
      vertex 34.4 30.6 25.2
      vertex 34.4147 30.6 25.2927
    endloop
  endfacet
  facet normal 0 -1 0
    outer loop
      vertex 1.6 30.6 25.2
      vertex 34.4147 30.6 25.1073
      vertex 34.4 30.6 25.2
    endloop
  endfacet
  facet normal 0 -1 0
    outer loop
      vertex 1.6 30.6 25.2
      vertex 34.4573 30.6 25.0237
      vertex 34.4147 30.6 25.1073
    endloop
  endfacet
  facet normal 0 -1 0
    outer loop
      vertex 1.6 30.6 7.2
      vertex 34.4573 30.6 25.0237
      vertex 1.6 30.6 25.2
    endloop
  endfacet
  facet normal 0 -1 -0
    outer loop
      vertex 34.4573 30.6 25.0237
      vertex 1.6 30.6 7.2
      vertex 34.5237 30.6 24.9573
    endloop
  endfacet
  facet normal 0 -1 0
    outer loop
      vertex 40.1 30.6 7.2
      vertex 34.5237 30.6 24.9573
      vertex 1.6 30.6 7.2
    endloop
  endfacet
  facet normal 0 -1 0
    outer loop
      vertex 34.5237 30.6 24.9573
      vertex 40.1 30.6 7.2
      vertex 34.6073 30.6 24.9147
    endloop
  endfacet
  facet normal 0 -1 0
    outer loop
      vertex 34.9853 30.6 25.1073
      vertex 40.1 30.6 25.2
      vertex 35 30.6 25.2
    endloop
  endfacet
  facet normal 0 -1 0
    outer loop
      vertex 34.9427 30.6 25.0237
      vertex 40.1 30.6 25.2
      vertex 34.9853 30.6 25.1073
    endloop
  endfacet
  facet normal 0 -1 0
    outer loop
      vertex 34.8763 30.6 24.9573
      vertex 40.1 30.6 25.2
      vertex 34.9427 30.6 25.0237
    endloop
  endfacet
  facet normal 0 -1 0
    outer loop
      vertex 34.7927 30.6 24.9147
      vertex 40.1 30.6 25.2
      vertex 34.8763 30.6 24.9573
    endloop
  endfacet
  facet normal 0 -1 0
    outer loop
      vertex 40.1 30.6 7.2
      vertex 34.7927 30.6 24.9147
      vertex 34.7 30.6 24.9
    endloop
  endfacet
  facet normal 0 -1 0
    outer loop
      vertex 34.6073 30.6 24.9147
      vertex 40.1 30.6 7.2
      vertex 34.7 30.6 24.9
    endloop
  endfacet
  facet normal 0 -1 0
    outer loop
      vertex 34.7927 30.6 24.9147
      vertex 40.1 30.6 7.2
      vertex 40.1 30.6 25.2
    endloop
  endfacet
  facet normal 0 -1 0
    outer loop
      vertex 34.6073 30.6 25.4853
      vertex 34.7927 30.6 25.4853
      vertex 34.7 30.6 25.5
    endloop
  endfacet
  facet normal 0 -1 0
    outer loop
      vertex 34.5237 30.6 25.4427
      vertex 34.7927 30.6 25.4853
      vertex 34.6073 30.6 25.4853
    endloop
  endfacet
  facet normal 0 -1 0
    outer loop
      vertex 34.5237 30.6 25.4427
      vertex 34.8763 30.6 25.4427
      vertex 34.7927 30.6 25.4853
    endloop
  endfacet
  facet normal 0 -1 0
    outer loop
      vertex 34.4573 30.6 25.3763
      vertex 34.8763 30.6 25.4427
      vertex 34.5237 30.6 25.4427
    endloop
  endfacet
  facet normal 0 -1 0
    outer loop
      vertex 34.4573 30.6 25.3763
      vertex 34.9427 30.6 25.3763
      vertex 34.8763 30.6 25.4427
    endloop
  endfacet
  facet normal 0 -1 0
    outer loop
      vertex 34.4147 30.6 25.2927
      vertex 34.9427 30.6 25.3763
      vertex 34.4573 30.6 25.3763
    endloop
  endfacet
  facet normal 0 -1 0
    outer loop
      vertex 34.4147 30.6 25.2927
      vertex 34.9853 30.6 25.2927
      vertex 34.9427 30.6 25.3763
    endloop
  endfacet
  facet normal 0 -1 0
    outer loop
      vertex 34.4 30.6 25.2
      vertex 34.9853 30.6 25.2927
      vertex 34.4147 30.6 25.2927
    endloop
  endfacet
  facet normal 0 -1 0
    outer loop
      vertex 34.4 30.6 25.2
      vertex 35 30.6 25.2
      vertex 34.9853 30.6 25.2927
    endloop
  endfacet
  facet normal 0 -1 0
    outer loop
      vertex 34.4147 30.6 25.1073
      vertex 35 30.6 25.2
      vertex 34.4 30.6 25.2
    endloop
  endfacet
  facet normal 0 -1 0
    outer loop
      vertex 34.4147 30.6 25.1073
      vertex 34.9853 30.6 25.1073
      vertex 35 30.6 25.2
    endloop
  endfacet
  facet normal 0 -1 0
    outer loop
      vertex 34.4573 30.6 25.0237
      vertex 34.9853 30.6 25.1073
      vertex 34.4147 30.6 25.1073
    endloop
  endfacet
  facet normal 0 -1 0
    outer loop
      vertex 34.4573 30.6 25.0237
      vertex 34.9427 30.6 25.0237
      vertex 34.9853 30.6 25.1073
    endloop
  endfacet
  facet normal 0 -1 0
    outer loop
      vertex 34.5237 30.6 24.9573
      vertex 34.9427 30.6 25.0237
      vertex 34.4573 30.6 25.0237
    endloop
  endfacet
  facet normal 0 -1 0
    outer loop
      vertex 34.5237 30.6 24.9573
      vertex 34.8763 30.6 24.9573
      vertex 34.9427 30.6 25.0237
    endloop
  endfacet
  facet normal 0 -1 0
    outer loop
      vertex 34.6073 30.6 24.9147
      vertex 34.8763 30.6 24.9573
      vertex 34.5237 30.6 24.9573
    endloop
  endfacet
  facet normal 0 -1 0
    outer loop
      vertex 34.6073 30.6 24.9147
      vertex 34.7927 30.6 24.9147
      vertex 34.8763 30.6 24.9573
    endloop
  endfacet
  facet normal -0 -1 0
    outer loop
      vertex 34.7927 30.6 24.9147
      vertex 34.6073 30.6 24.9147
      vertex 34.7 30.6 24.9
    endloop
  endfacet
  facet normal 0 -1 0
    outer loop
      vertex 1.6 30.6 26.8
      vertex 40.1 30.6 27.8
      vertex 1.6 30.6 27.8
    endloop
  endfacet
  facet normal 0 -1 -0
    outer loop
      vertex 40.1 30.6 27.8
      vertex 1.6 30.6 26.8
      vertex 40.1 30.6 26.8
    endloop
  endfacet
  facet normal -0.890991 0 0.454022
    outer loop
      vertex 34.4147 30.6 25.2927
      vertex 34.4573 31.6 25.3763
      vertex 34.4147 31.6 25.2927
    endloop
  endfacet
  facet normal -0.890991 0 0.454022
    outer loop
      vertex 34.4573 31.6 25.3763
      vertex 34.4147 30.6 25.2927
      vertex 34.4573 30.6 25.3763
    endloop
  endfacet
  facet normal -0.454022 0 0.890991
    outer loop
      vertex 34.5237 31.6 25.4427
      vertex 34.6073 30.6 25.4853
      vertex 34.6073 31.6 25.4853
    endloop
  endfacet
  facet normal -0.454022 0 0.890991
    outer loop
      vertex 34.6073 30.6 25.4853
      vertex 34.5237 31.6 25.4427
      vertex 34.5237 30.6 25.4427
    endloop
  endfacet
  facet normal -0.707107 0 0.707107
    outer loop
      vertex 34.4573 30.6 25.3763
      vertex 34.5237 31.6 25.4427
      vertex 34.4573 31.6 25.3763
    endloop
  endfacet
  facet normal -0.707107 0 0.707107
    outer loop
      vertex 34.5237 31.6 25.4427
      vertex 34.4573 30.6 25.3763
      vertex 34.5237 30.6 25.4427
    endloop
  endfacet
  facet normal 0 -1 0
    outer loop
      vertex 1.6 31.6 26.8
      vertex 34.7 31.6 25.5
      vertex 41.6153 31.6 26.8
    endloop
  endfacet
  facet normal 0 -1 0
    outer loop
      vertex 1.6 31.6 26.8
      vertex 34.6073 31.6 25.4853
      vertex 34.7 31.6 25.5
    endloop
  endfacet
  facet normal 0 -1 0
    outer loop
      vertex 1.6 31.6 26.8
      vertex 34.5237 31.6 25.4427
      vertex 34.6073 31.6 25.4853
    endloop
  endfacet
  facet normal 0 -1 0
    outer loop
      vertex 1.6 31.6 26.8
      vertex 34.4573 31.6 25.3763
      vertex 34.5237 31.6 25.4427
    endloop
  endfacet
  facet normal 0 -1 0
    outer loop
      vertex 1.6 31.6 26.8
      vertex 34.4147 31.6 25.2927
      vertex 34.4573 31.6 25.3763
    endloop
  endfacet
  facet normal 0 -1 0
    outer loop
      vertex 34.4 31.6 25.2
      vertex 1.6 31.6 26.8
      vertex 1.6 31.6 25.2
    endloop
  endfacet
  facet normal 0 -1 0
    outer loop
      vertex 1.6 31.6 26.8
      vertex 34.4 31.6 25.2
      vertex 34.4147 31.6 25.2927
    endloop
  endfacet
  facet normal 0 -1 0
    outer loop
      vertex 34.7927 31.6 25.4853
      vertex 41.6153 31.6 26.8
      vertex 34.7 31.6 25.5
    endloop
  endfacet
  facet normal 0 -1 0
    outer loop
      vertex 34.8763 31.6 25.4427
      vertex 41.6153 31.6 26.8
      vertex 34.7927 31.6 25.4853
    endloop
  endfacet
  facet normal 0 -1 0
    outer loop
      vertex 34.9427 31.6 25.3763
      vertex 41.6153 31.6 26.8
      vertex 34.8763 31.6 25.4427
    endloop
  endfacet
  facet normal 0 -1 0
    outer loop
      vertex 34.9853 31.6 25.2927
      vertex 41.6153 31.6 26.8
      vertex 34.9427 31.6 25.3763
    endloop
  endfacet
  facet normal 0 -1 0
    outer loop
      vertex 41.6153 31.6 25.2
      vertex 34.9853 31.6 25.2927
      vertex 35 31.6 25.2
    endloop
  endfacet
  facet normal 0 -1 0
    outer loop
      vertex 34.9853 31.6 25.2927
      vertex 41.6153 31.6 25.2
      vertex 41.6153 31.6 26.8
    endloop
  endfacet
  facet normal 0.321404 -0.946942 0
    outer loop
      vertex 40.9588 0.0340729 5.6
      vertex 41.0827 0.0761261 27.8
      vertex 40.9588 0.0340729 27.8
    endloop
  endfacet
  facet normal 0.321404 -0.946942 0
    outer loop
      vertex 41.0827 0.0761261 27.8
      vertex 40.9588 0.0340729 5.6
      vertex 41.0827 0.0761261 5.6
    endloop
  endfacet
  facet normal 0 -1 0
    outer loop
      vertex 1 0 5.6
      vertex 40.7 0 27.8
      vertex 1 0 27.8
    endloop
  endfacet
  facet normal 0 -1 -0
    outer loop
      vertex 40.7 0 27.8
      vertex 1 0 5.6
      vertex 40.7 0 5.6
    endloop
  endfacet
  facet normal 0.195033 -0.980797 0
    outer loop
      vertex 40.8305 0.00856018 5.6
      vertex 40.9588 0.0340729 27.8
      vertex 40.8305 0.00856018 27.8
    endloop
  endfacet
  facet normal 0.195033 -0.980797 0
    outer loop
      vertex 40.9588 0.0340729 27.8
      vertex 40.8305 0.00856018 5.6
      vertex 40.9588 0.0340729 5.6
    endloop
  endfacet
  facet normal -0.896888 -0.442258 0
    outer loop
      vertex 0.133972 0.5 5.6
      vertex 0.0761261 0.61731 27.8
      vertex 0.0761261 0.61731 5.6
    endloop
  endfacet
  facet normal -0.896888 -0.442258 0
    outer loop
      vertex 0.0761261 0.61731 27.8
      vertex 0.133972 0.5 5.6
      vertex 0.133972 0.5 27.8
    endloop
  endfacet
  facet normal 0.0654546 -0.997856 0
    outer loop
      vertex 40.7 0 5.6
      vertex 40.8305 0.00856018 27.8
      vertex 40.7 0 27.8
    endloop
  endfacet
  facet normal 0.0654546 -0.997856 0
    outer loop
      vertex 40.8305 0.00856018 27.8
      vertex 40.7 0 5.6
      vertex 40.8305 0.00856018 5.6
    endloop
  endfacet
  facet normal 0.19494 0.980815 -0
    outer loop
      vertex 40.9588 32.1659 5.6
      vertex 40.8305 32.1914 27.8
      vertex 40.9588 32.1659 27.8
    endloop
  endfacet
  facet normal 0.19494 0.980815 0
    outer loop
      vertex 40.8305 32.1914 27.8
      vertex 40.9588 32.1659 5.6
      vertex 40.8305 32.1914 5.6
    endloop
  endfacet
  facet normal -0.0654426 -0.997856 0
    outer loop
      vertex 0.869476 0.00856018 5.6
      vertex 1 0 27.8
      vertex 0.869476 0.00856018 27.8
    endloop
  endfacet
  facet normal -0.0654426 -0.997856 -0
    outer loop
      vertex 1 0 27.8
      vertex 0.869476 0.00856018 5.6
      vertex 1 0 5.6
    endloop
  endfacet
  facet normal -0.555705 0.831379 0
    outer loop
      vertex 0.5 32.066 5.6
      vertex 0.391235 31.9933 27.8
      vertex 0.5 32.066 27.8
    endloop
  endfacet
  facet normal -0.555705 0.831379 0
    outer loop
      vertex 0.391235 31.9933 27.8
      vertex 0.5 32.066 5.6
      vertex 0.391235 31.9933 5.6
    endloop
  endfacet
  facet normal -0.997856 -0.0654426 0
    outer loop
      vertex 0.00856018 0.869476 5.6
      vertex 0 1 27.8
      vertex 0 1 5.6
    endloop
  endfacet
  facet normal -0.997856 -0.0654426 0
    outer loop
      vertex 0 1 27.8
      vertex 0.00856018 0.869476 5.6
      vertex 0.00856018 0.869476 27.8
    endloop
  endfacet
  facet normal -0.321474 -0.946918 0
    outer loop
      vertex 0.61731 0.0761261 5.6
      vertex 0.74118 0.0340729 27.8
      vertex 0.61731 0.0761261 27.8
    endloop
  endfacet
  facet normal -0.321474 -0.946918 -0
    outer loop
      vertex 0.74118 0.0340729 27.8
      vertex 0.61731 0.0761261 5.6
      vertex 0.74118 0.0340729 5.6
    endloop
  endfacet
  facet normal -0.896873 0.442288 0
    outer loop
      vertex 0.0761261 31.5827 5.6
      vertex 0.133972 31.7 27.8
      vertex 0.133972 31.7 5.6
    endloop
  endfacet
  facet normal -0.896873 0.442288 0
    outer loop
      vertex 0.133972 31.7 27.8
      vertex 0.0761261 31.5827 5.6
      vertex 0.0761261 31.5827 27.8
    endloop
  endfacet
  facet normal -0.659153 0.752008 0
    outer loop
      vertex 0.391235 31.9933 5.6
      vertex 0.292892 31.9071 27.8
      vertex 0.391235 31.9933 27.8
    endloop
  endfacet
  facet normal -0.659153 0.752008 0
    outer loop
      vertex 0.292892 31.9071 27.8
      vertex 0.391235 31.9933 5.6
      vertex 0.292892 31.9071 5.6
    endloop
  endfacet
  facet normal -0.442591 0.896724 0
    outer loop
      vertex 0.61731 32.1239 5.6
      vertex 0.5 32.066 27.8
      vertex 0.61731 32.1239 27.8
    endloop
  endfacet
  facet normal -0.442591 0.896724 0
    outer loop
      vertex 0.5 32.066 27.8
      vertex 0.61731 32.1239 5.6
      vertex 0.5 32.066 5.6
    endloop
  endfacet
  facet normal -0.0657457 0.997836 0
    outer loop
      vertex 1 32.2 5.6
      vertex 0.869476 32.1914 27.8
      vertex 1 32.2 27.8
    endloop
  endfacet
  facet normal -0.0657457 0.997836 0
    outer loop
      vertex 0.869476 32.1914 27.8
      vertex 1 32.2 5.6
      vertex 0.869476 32.1914 5.6
    endloop
  endfacet
  facet normal 0.555582 0.831462 -0
    outer loop
      vertex 41.3088 31.9933 5.6
      vertex 41.2 32.066 27.8
      vertex 41.3088 31.9933 27.8
    endloop
  endfacet
  facet normal 0.555582 0.831462 0
    outer loop
      vertex 41.2 32.066 27.8
      vertex 41.3088 31.9933 5.6
      vertex 41.2 32.066 5.6
    endloop
  endfacet
  facet normal 0.980814 -0.194946 0
    outer loop
      vertex 41.6659 0.74118 25.2
      vertex 41.6914 0.869476 5.6
      vertex 41.6914 0.869476 25.2
    endloop
  endfacet
  facet normal 0.980814 -0.194946 0
    outer loop
      vertex 41.6914 0.869476 5.6
      vertex 41.6659 0.74118 25.2
      vertex 41.6659 0.74118 5.6
    endloop
  endfacet
  facet normal 0.980814 -0.194946 0
    outer loop
      vertex 41.6659 0.74118 27.8
      vertex 41.6914 0.869476 26.8
      vertex 41.6914 0.869476 27.8
    endloop
  endfacet
  facet normal 0.980814 -0.194946 0
    outer loop
      vertex 41.6914 0.869476 26.8
      vertex 41.6659 0.74118 27.8
      vertex 41.6659 0.74118 26.8
    endloop
  endfacet
  facet normal 1 -0 0
    outer loop
      vertex 41.7 1 27.8
      vertex 41.7 31.2 26.8
      vertex 41.7 31.2 27.8
    endloop
  endfacet
  facet normal 1 0 0
    outer loop
      vertex 41.7 31.2 26.8
      vertex 41.7 1 27.8
      vertex 41.7 1 26.8
    endloop
  endfacet
  facet normal 1 -0 0
    outer loop
      vertex 41.7 19.1 14.2
      vertex 41.7 31.2 5.6
      vertex 41.7 31.2 25.2
    endloop
  endfacet
  facet normal 1 0 0
    outer loop
      vertex 41.7 20.9 5.6
      vertex 41.7 20.4 4.29999
      vertex 41.7 20.9 5.72205e-07
    endloop
  endfacet
  facet normal 1 0 0
    outer loop
      vertex 41.7 31.2 5.6
      vertex 41.7 19.1 14.2
      vertex 41.7 20.9 5.6
    endloop
  endfacet
  facet normal 1 0 0
    outer loop
      vertex 41.7 19.1 14.2
      vertex 41.7 31.2 25.2
      vertex 41.7 19.1 18.2
    endloop
  endfacet
  facet normal 1 0 0
    outer loop
      vertex 41.7 31.2 25.2
      vertex 41.7 13.1 18.2
      vertex 41.7 19.1 18.2
    endloop
  endfacet
  facet normal 1 0 0
    outer loop
      vertex 41.7 1 25.2
      vertex 41.7 13.1 14.2
      vertex 41.7 13.1 18.2
    endloop
  endfacet
  facet normal 1 0 0
    outer loop
      vertex 41.7 20.9 5.6
      vertex 41.7 11.3 5.6
      vertex 41.7 11.8 4.29999
    endloop
  endfacet
  facet normal 1 -0 0
    outer loop
      vertex 41.7 1 25.2
      vertex 41.7 13.1 18.2
      vertex 41.7 31.2 25.2
    endloop
  endfacet
  facet normal 1 0 0
    outer loop
      vertex 41.7 13.1 14.2
      vertex 41.7 1 25.2
      vertex 41.7 1 5.6
    endloop
  endfacet
  facet normal 1 0 0
    outer loop
      vertex 41.7 13.1 14.2
      vertex 41.7 1 5.6
      vertex 41.7 11.3 5.6
    endloop
  endfacet
  facet normal 1 0 0
    outer loop
      vertex 41.7 20.9 5.72205e-07
      vertex 41.7 20.4 4.29999
      vertex 41.7 18.9 5.72205e-07
    endloop
  endfacet
  facet normal 1 -0 0
    outer loop
      vertex 41.7 13.1 14.2
      vertex 41.7 20.9 5.6
      vertex 41.7 19.1 14.2
    endloop
  endfacet
  facet normal 1 0 0
    outer loop
      vertex 41.7 11.3 5.6
      vertex 41.7 20.9 5.6
      vertex 41.7 13.1 14.2
    endloop
  endfacet
  facet normal 1 0 0
    outer loop
      vertex 41.7 20.9 5.6
      vertex 41.7 11.8 4.29999
      vertex 41.7 20.4 4.29999
    endloop
  endfacet
  facet normal 1 0 0
    outer loop
      vertex 41.7 11.3 5.72205e-07
      vertex 41.7 11.8 4.29999
      vertex 41.7 11.3 5.6
    endloop
  endfacet
  facet normal 1 0 0
    outer loop
      vertex 41.7 11.8 4.29999
      vertex 41.7 11.3 5.72205e-07
      vertex 41.7 13.3 5.72205e-07
    endloop
  endfacet
  facet normal -1 0 0
    outer loop
      vertex 0 13.3 5.72205e-07
      vertex 0 11.3 5.72205e-07
      vertex 0 11.8 4.29999
    endloop
  endfacet
  facet normal -1 0 0
    outer loop
      vertex 0 20.9 5.6
      vertex 0 13.1 14.2
      vertex 0 19.1 14.2
    endloop
  endfacet
  facet normal -1 0 0
    outer loop
      vertex 0 20.9 5.6
      vertex 0 11.3 5.6
      vertex 0 13.1 14.2
    endloop
  endfacet
  facet normal -1 0 0
    outer loop
      vertex 0 11.3 5.6
      vertex 0 20.4 4.29999
      vertex 0 11.8 4.29999
    endloop
  endfacet
  facet normal -1 0 0
    outer loop
      vertex 0 20.9 5.72205e-07
      vertex 0 20.4 4.29999
      vertex 0 20.9 5.6
    endloop
  endfacet
  facet normal -1 0 -0
    outer loop
      vertex 0 20.4 4.29999
      vertex 0 20.9 5.72205e-07
      vertex 0 18.9 5.72205e-07
    endloop
  endfacet
  facet normal -1 0 0
    outer loop
      vertex 0 19.1 14.2
      vertex 0 31.2 5.6
      vertex 0 20.9 5.6
    endloop
  endfacet
  facet normal -1 0 0
    outer loop
      vertex 0 11.3 5.6
      vertex 0 20.9 5.6
      vertex 0 20.4 4.29999
    endloop
  endfacet
  facet normal -1 0 0
    outer loop
      vertex 0 19.1 18.2
      vertex 0 31.2 5.6
      vertex 0 19.1 14.2
    endloop
  endfacet
  facet normal -1 0 0
    outer loop
      vertex 0 31.2 5.6
      vertex 0 19.1 18.2
      vertex 0 31.2 27.8
    endloop
  endfacet
  facet normal -1 0 0
    outer loop
      vertex 0 13.1 18.2
      vertex 0 31.2 27.8
      vertex 0 19.1 18.2
    endloop
  endfacet
  facet normal -1 0 0
    outer loop
      vertex 0 11.3 5.6
      vertex 0 11.8 4.29999
      vertex 0 11.3 5.72205e-07
    endloop
  endfacet
  facet normal -1 0 0
    outer loop
      vertex 0 1 5.6
      vertex 0 13.1 14.2
      vertex 0 11.3 5.6
    endloop
  endfacet
  facet normal -1 -0 0
    outer loop
      vertex 0 13.1 14.2
      vertex 0 1 5.6
      vertex 0 13.1 18.2
    endloop
  endfacet
  facet normal -1 0 0
    outer loop
      vertex 0 13.1 18.2
      vertex 0 1 27.8
      vertex 0 31.2 27.8
    endloop
  endfacet
  facet normal -1 0 0
    outer loop
      vertex 0 1 27.8
      vertex 0 13.1 18.2
      vertex 0 1 5.6
    endloop
  endfacet
  facet normal -0.946942 0.321404 0
    outer loop
      vertex 0.0340729 31.4588 5.6
      vertex 0.0761261 31.5827 27.8
      vertex 0.0761261 31.5827 5.6
    endloop
  endfacet
  facet normal -0.946942 0.321404 0
    outer loop
      vertex 0.0761261 31.5827 27.8
      vertex 0.0340729 31.4588 5.6
      vertex 0.0340729 31.4588 27.8
    endloop
  endfacet
  facet normal 0.947066 0.321039 0
    outer loop
      vertex 41.6659 31.4588 27.8
      vertex 41.6239 31.5827 26.8
      vertex 41.6239 31.5827 27.8
    endloop
  endfacet
  facet normal 0.947066 0.321039 0
    outer loop
      vertex 41.6239 31.5827 26.8
      vertex 41.6659 31.4588 27.8
      vertex 41.6659 31.4588 26.8
    endloop
  endfacet
  facet normal 0.947066 0.321039 0
    outer loop
      vertex 41.6659 31.4588 25.2
      vertex 41.6239 31.5827 5.6
      vertex 41.6239 31.5827 25.2
    endloop
  endfacet
  facet normal 0.947066 0.321039 0
    outer loop
      vertex 41.6239 31.5827 5.6
      vertex 41.6659 31.4588 25.2
      vertex 41.6659 31.4588 5.6
    endloop
  endfacet
  facet normal -0.195039 -0.980795 0
    outer loop
      vertex 0.74118 0.0340729 5.6
      vertex 0.869476 0.00856018 27.8
      vertex 0.74118 0.0340729 27.8
    endloop
  endfacet
  facet normal -0.195039 -0.980795 -0
    outer loop
      vertex 0.869476 0.00856018 27.8
      vertex 0.74118 0.0340729 5.6
      vertex 0.869476 0.00856018 5.6
    endloop
  endfacet
  facet normal 0.831379 -0.555705 0
    outer loop
      vertex 41.4933 0.391235 27.8
      vertex 41.566 0.5 5.6
      vertex 41.566 0.5 27.8
    endloop
  endfacet
  facet normal 0.831379 -0.555705 0
    outer loop
      vertex 41.566 0.5 5.6
      vertex 41.4933 0.391235 27.8
      vertex 41.4933 0.391235 5.6
    endloop
  endfacet
  facet normal -0.751706 0.659498 0
    outer loop
      vertex 0.20665 31.8088 5.6
      vertex 0.292892 31.9071 27.8
      vertex 0.292892 31.9071 5.6
    endloop
  endfacet
  facet normal -0.751706 0.659498 0
    outer loop
      vertex 0.292892 31.9071 27.8
      vertex 0.20665 31.8088 5.6
      vertex 0.20665 31.8088 27.8
    endloop
  endfacet
  facet normal 0.895573 -0.444915 0
    outer loop
      vertex 41.6239 0.61731 27.8
      vertex 41.6153 0.599999 26.8
      vertex 41.6239 0.61731 26.8
    endloop
  endfacet
  facet normal 0.896923 -0.442187 0
    outer loop
      vertex 41.6153 0.599999 26.8
      vertex 41.566 0.5 27.8
      vertex 41.6153 0.599999 25.2
    endloop
  endfacet
  facet normal 0.896724 -0.442591 -5.01381e-05
    outer loop
      vertex 41.566 0.5 27.8
      vertex 41.6153 0.599999 26.8
      vertex 41.6239 0.61731 27.8
    endloop
  endfacet
  facet normal 0.895573 -0.444915 0
    outer loop
      vertex 41.6153 0.599999 25.2
      vertex 41.6239 0.61731 5.6
      vertex 41.6239 0.61731 25.2
    endloop
  endfacet
  facet normal 0.896923 -0.442187 0
    outer loop
      vertex 41.566 0.5 5.6
      vertex 41.6153 0.599999 25.2
      vertex 41.566 0.5 27.8
    endloop
  endfacet
  facet normal 0.896724 -0.442591 2.55807e-06
    outer loop
      vertex 41.6153 0.599999 25.2
      vertex 41.566 0.5 5.6
      vertex 41.6239 0.61731 5.6
    endloop
  endfacet
  facet normal -0.555589 -0.831457 0
    outer loop
      vertex 0.391235 0.20665 5.6
      vertex 0.5 0.133972 27.8
      vertex 0.391235 0.20665 27.8
    endloop
  endfacet
  facet normal -0.555589 -0.831457 -0
    outer loop
      vertex 0.5 0.133972 27.8
      vertex 0.391235 0.20665 5.6
      vertex 0.5 0.133972 5.6
    endloop
  endfacet
  facet normal 0 1 -0
    outer loop
      vertex 40.7 32.2 5.6
      vertex 1 32.2 27.8
      vertex 40.7 32.2 27.8
    endloop
  endfacet
  facet normal 0 1 0
    outer loop
      vertex 1 32.2 27.8
      vertex 40.7 32.2 5.6
      vertex 1 32.2 5.6
    endloop
  endfacet
  facet normal -0.321109 0.947042 0
    outer loop
      vertex 0.74118 32.1659 5.6
      vertex 0.61731 32.1239 27.8
      vertex 0.74118 32.1659 27.8
    endloop
  endfacet
  facet normal -0.321109 0.947042 0
    outer loop
      vertex 0.61731 32.1239 27.8
      vertex 0.74118 32.1659 5.6
      vertex 0.61731 32.1239 5.6
    endloop
  endfacet
  facet normal -0.83154 0.555465 0
    outer loop
      vertex 0.133972 31.7 5.6
      vertex 0.20665 31.8088 27.8
      vertex 0.20665 31.8088 5.6
    endloop
  endfacet
  facet normal -0.83154 0.555465 0
    outer loop
      vertex 0.20665 31.8088 27.8
      vertex 0.133972 31.7 5.6
      vertex 0.133972 31.7 27.8
    endloop
  endfacet
  facet normal 0.751866 0.659316 0
    outer loop
      vertex 41.4933 31.8088 27.8
      vertex 41.4071 31.9071 5.6
      vertex 41.4071 31.9071 27.8
    endloop
  endfacet
  facet normal 0.751866 0.659316 0
    outer loop
      vertex 41.4071 31.9071 5.6
      vertex 41.4933 31.8088 27.8
      vertex 41.4933 31.8088 5.6
    endloop
  endfacet
  facet normal 0.0657577 0.997836 -0
    outer loop
      vertex 40.8305 32.1914 5.6
      vertex 40.7 32.2 27.8
      vertex 40.8305 32.1914 27.8
    endloop
  endfacet
  facet normal 0.0657577 0.997836 0
    outer loop
      vertex 40.7 32.2 27.8
      vertex 40.8305 32.1914 5.6
      vertex 40.7 32.2 5.6
    endloop
  endfacet
  facet normal -0.194946 0.980814 0
    outer loop
      vertex 0.869476 32.1914 5.6
      vertex 0.74118 32.1659 27.8
      vertex 0.869476 32.1914 27.8
    endloop
  endfacet
  facet normal -0.194946 0.980814 0
    outer loop
      vertex 0.74118 32.1659 27.8
      vertex 0.869476 32.1914 5.6
      vertex 0.74118 32.1659 5.6
    endloop
  endfacet
  facet normal 0.442621 0.896709 -0
    outer loop
      vertex 41.2 32.066 5.6
      vertex 41.0827 32.1239 27.8
      vertex 41.2 32.066 27.8
    endloop
  endfacet
  facet normal 0.442621 0.896709 0
    outer loop
      vertex 41.0827 32.1239 27.8
      vertex 41.2 32.066 5.6
      vertex 41.0827 32.1239 5.6
    endloop
  endfacet
  facet normal -0.659335 -0.751849 0
    outer loop
      vertex 0.292892 0.292892 5.6
      vertex 0.391235 0.20665 27.8
      vertex 0.292892 0.292892 27.8
    endloop
  endfacet
  facet normal -0.659335 -0.751849 -0
    outer loop
      vertex 0.391235 0.20665 27.8
      vertex 0.292892 0.292892 5.6
      vertex 0.391235 0.20665 5.6
    endloop
  endfacet
  facet normal 0.659498 -0.751706 0
    outer loop
      vertex 41.3088 0.20665 5.6
      vertex 41.4071 0.292892 27.8
      vertex 41.3088 0.20665 27.8
    endloop
  endfacet
  facet normal 0.659498 -0.751706 0
    outer loop
      vertex 41.4071 0.292892 27.8
      vertex 41.3088 0.20665 5.6
      vertex 41.4071 0.292892 5.6
    endloop
  endfacet
  facet normal -0.442258 -0.896888 0
    outer loop
      vertex 0.5 0.133972 5.6
      vertex 0.61731 0.0761261 27.8
      vertex 0.5 0.133972 27.8
    endloop
  endfacet
  facet normal -0.442258 -0.896888 -0
    outer loop
      vertex 0.61731 0.0761261 27.8
      vertex 0.5 0.133972 5.6
      vertex 0.61731 0.0761261 5.6
    endloop
  endfacet
  facet normal 0.659316 0.751866 -0
    outer loop
      vertex 41.4071 31.9071 5.6
      vertex 41.3088 31.9933 27.8
      vertex 41.4071 31.9071 27.8
    endloop
  endfacet
  facet normal 0.659316 0.751866 0
    outer loop
      vertex 41.3088 31.9933 27.8
      vertex 41.4071 31.9071 5.6
      vertex 41.3088 31.9933 5.6
    endloop
  endfacet
  facet normal -0.980797 0.195033 0
    outer loop
      vertex 0.00856018 31.3305 5.6
      vertex 0.0340729 31.4588 27.8
      vertex 0.0340729 31.4588 5.6
    endloop
  endfacet
  facet normal -0.980797 0.195033 0
    outer loop
      vertex 0.0340729 31.4588 27.8
      vertex 0.00856018 31.3305 5.6
      vertex 0.00856018 31.3305 27.8
    endloop
  endfacet
  facet normal 0.947042 -0.321109 0
    outer loop
      vertex 41.6239 0.61731 27.8
      vertex 41.6659 0.74118 26.8
      vertex 41.6659 0.74118 27.8
    endloop
  endfacet
  facet normal 0.947042 -0.321109 0
    outer loop
      vertex 41.6659 0.74118 26.8
      vertex 41.6239 0.61731 27.8
      vertex 41.6239 0.61731 26.8
    endloop
  endfacet
  facet normal 0.947042 -0.321109 0
    outer loop
      vertex 41.6239 0.61731 25.2
      vertex 41.6659 0.74118 5.6
      vertex 41.6659 0.74118 25.2
    endloop
  endfacet
  facet normal 0.947042 -0.321109 0
    outer loop
      vertex 41.6659 0.74118 5.6
      vertex 41.6239 0.61731 25.2
      vertex 41.6239 0.61731 5.6
    endloop
  endfacet
  facet normal 0.752008 -0.659153 0
    outer loop
      vertex 41.4071 0.292892 27.8
      vertex 41.4933 0.391235 5.6
      vertex 41.4933 0.391235 27.8
    endloop
  endfacet
  facet normal 0.752008 -0.659153 0
    outer loop
      vertex 41.4933 0.391235 5.6
      vertex 41.4071 0.292892 27.8
      vertex 41.4071 0.292892 5.6
    endloop
  endfacet
  facet normal -0.997856 0.0654546 0
    outer loop
      vertex 0 31.2 5.6
      vertex 0.00856018 31.3305 27.8
      vertex 0.00856018 31.3305 5.6
    endloop
  endfacet
  facet normal -0.997856 0.0654546 0
    outer loop
      vertex 0.00856018 31.3305 27.8
      vertex 0 31.2 5.6
      vertex 0 31.2 27.8
    endloop
  endfacet
  facet normal 0.997836 0.0657577 0
    outer loop
      vertex 41.7 31.2 25.2
      vertex 41.6914 31.3305 5.6
      vertex 41.6914 31.3305 25.2
    endloop
  endfacet
  facet normal 0.997836 0.0657577 0
    outer loop
      vertex 41.6914 31.3305 5.6
      vertex 41.7 31.2 25.2
      vertex 41.7 31.2 5.6
    endloop
  endfacet
  facet normal 0.997836 0.0657577 0
    outer loop
      vertex 41.7 31.2 27.8
      vertex 41.6914 31.3305 26.8
      vertex 41.6914 31.3305 27.8
    endloop
  endfacet
  facet normal 0.997836 0.0657577 0
    outer loop
      vertex 41.6914 31.3305 26.8
      vertex 41.7 31.2 27.8
      vertex 41.7 31.2 26.8
    endloop
  endfacet
  facet normal 0.831462 0.555582 0
    outer loop
      vertex 41.566 31.7 27.8
      vertex 41.4933 31.8088 5.6
      vertex 41.4933 31.8088 27.8
    endloop
  endfacet
  facet normal 0.831462 0.555582 0
    outer loop
      vertex 41.4933 31.8088 5.6
      vertex 41.566 31.7 27.8
      vertex 41.566 31.7 5.6
    endloop
  endfacet
  facet normal -0.751849 -0.659335 0
    outer loop
      vertex 0.292892 0.292892 5.6
      vertex 0.20665 0.391235 27.8
      vertex 0.20665 0.391235 5.6
    endloop
  endfacet
  facet normal -0.751849 -0.659335 0
    outer loop
      vertex 0.20665 0.391235 27.8
      vertex 0.292892 0.292892 5.6
      vertex 0.292892 0.292892 27.8
    endloop
  endfacet
  facet normal 0.321039 0.947066 -0
    outer loop
      vertex 41.0827 32.1239 5.6
      vertex 40.9588 32.1659 27.8
      vertex 41.0827 32.1239 27.8
    endloop
  endfacet
  facet normal 0.321039 0.947066 0
    outer loop
      vertex 40.9588 32.1659 27.8
      vertex 41.0827 32.1239 5.6
      vertex 40.9588 32.1659 5.6
    endloop
  endfacet
  facet normal -0.831457 -0.555589 0
    outer loop
      vertex 0.20665 0.391235 5.6
      vertex 0.133972 0.5 27.8
      vertex 0.133972 0.5 5.6
    endloop
  endfacet
  facet normal -0.831457 -0.555589 0
    outer loop
      vertex 0.133972 0.5 27.8
      vertex 0.20665 0.391235 5.6
      vertex 0.20665 0.391235 27.8
    endloop
  endfacet
  facet normal 0.896924 0.442184 -0
    outer loop
      vertex 41.6153 31.6 25.2
      vertex 41.566 31.7 27.8
      vertex 41.6153 31.6 26.8
    endloop
  endfacet
  facet normal 0.896709 0.442621 -5.43529e-05
    outer loop
      vertex 41.6239 31.5827 27.8
      vertex 41.6153 31.6 26.8
      vertex 41.566 31.7 27.8
    endloop
  endfacet
  facet normal 0.89546 0.445142 0
    outer loop
      vertex 41.6153 31.6 26.8
      vertex 41.6239 31.5827 27.8
      vertex 41.6239 31.5827 26.8
    endloop
  endfacet
  facet normal 0.896924 0.442184 0
    outer loop
      vertex 41.566 31.7 27.8
      vertex 41.6153 31.6 25.2
      vertex 41.566 31.7 5.6
    endloop
  endfacet
  facet normal 0.89546 0.445142 1.87765e-05
    outer loop
      vertex 41.6239 31.5827 25.2
      vertex 41.566 31.7 5.6
      vertex 41.6153 31.6 25.2
    endloop
  endfacet
  facet normal 0.896709 0.442621 0
    outer loop
      vertex 41.566 31.7 5.6
      vertex 41.6239 31.5827 25.2
      vertex 41.6239 31.5827 5.6
    endloop
  endfacet
  facet normal 0.980815 0.19494 0
    outer loop
      vertex 41.6914 31.3305 27.8
      vertex 41.6659 31.4588 26.8
      vertex 41.6659 31.4588 27.8
    endloop
  endfacet
  facet normal 0.980815 0.19494 0
    outer loop
      vertex 41.6659 31.4588 26.8
      vertex 41.6914 31.3305 27.8
      vertex 41.6914 31.3305 26.8
    endloop
  endfacet
  facet normal 0.980815 0.19494 0
    outer loop
      vertex 41.6914 31.3305 25.2
      vertex 41.6659 31.4588 5.6
      vertex 41.6659 31.4588 25.2
    endloop
  endfacet
  facet normal 0.980815 0.19494 0
    outer loop
      vertex 41.6659 31.4588 5.6
      vertex 41.6914 31.3305 25.2
      vertex 41.6914 31.3305 5.6
    endloop
  endfacet
  facet normal -0.980795 -0.195039 0
    outer loop
      vertex 0.0340729 0.74118 5.6
      vertex 0.00856018 0.869476 27.8
      vertex 0.00856018 0.869476 5.6
    endloop
  endfacet
  facet normal -0.980795 -0.195039 0
    outer loop
      vertex 0.00856018 0.869476 27.8
      vertex 0.0340729 0.74118 5.6
      vertex 0.0340729 0.74118 27.8
    endloop
  endfacet
  facet normal -0.946918 -0.321474 0
    outer loop
      vertex 0.0761261 0.61731 5.6
      vertex 0.0340729 0.74118 27.8
      vertex 0.0340729 0.74118 5.6
    endloop
  endfacet
  facet normal -0.946918 -0.321474 0
    outer loop
      vertex 0.0340729 0.74118 27.8
      vertex 0.0761261 0.61731 5.6
      vertex 0.0761261 0.61731 27.8
    endloop
  endfacet
  facet normal 0 0 -1
    outer loop
      vertex 41.6931 21.0044 5.6
      vertex 41.7 31.2 5.6
      vertex 41.7 20.9 5.6
    endloop
  endfacet
  facet normal 0 0 -1
    outer loop
      vertex 41.6727 21.1071 5.6
      vertex 41.7 31.2 5.6
      vertex 41.6931 21.0044 5.6
    endloop
  endfacet
  facet normal 0 0 -1
    outer loop
      vertex 41.6391 21.2061 5.6
      vertex 41.7 31.2 5.6
      vertex 41.6727 21.1071 5.6
    endloop
  endfacet
  facet normal 0 0 -1
    outer loop
      vertex 41.5928 21.3 5.6
      vertex 41.7 31.2 5.6
      vertex 41.6391 21.2061 5.6
    endloop
  endfacet
  facet normal 0 0 -1
    outer loop
      vertex 41.5347 21.387 5.6
      vertex 41.7 31.2 5.6
      vertex 41.5928 21.3 5.6
    endloop
  endfacet
  facet normal 0 0 -1
    outer loop
      vertex 41.4657 21.4657 5.6
      vertex 41.7 31.2 5.6
      vertex 41.5347 21.387 5.6
    endloop
  endfacet
  facet normal 0 0 -1
    outer loop
      vertex 41.387 21.5347 5.6
      vertex 41.7 31.2 5.6
      vertex 41.4657 21.4657 5.6
    endloop
  endfacet
  facet normal 0 0 -1
    outer loop
      vertex 41.3 21.5928 5.6
      vertex 41.7 31.2 5.6
      vertex 41.387 21.5347 5.6
    endloop
  endfacet
  facet normal 0 0 -1
    outer loop
      vertex 41.2061 21.6391 5.6
      vertex 41.7 31.2 5.6
      vertex 41.3 21.5928 5.6
    endloop
  endfacet
  facet normal 0 0 -1
    outer loop
      vertex 41.1071 21.6727 5.6
      vertex 41.7 31.2 5.6
      vertex 41.2061 21.6391 5.6
    endloop
  endfacet
  facet normal 0 0 -1
    outer loop
      vertex 41.0044 21.6931 5.6
      vertex 41.7 31.2 5.6
      vertex 41.1071 21.6727 5.6
    endloop
  endfacet
  facet normal 0 0 -1
    outer loop
      vertex 40.9 21.7 5.6
      vertex 41.7 31.2 5.6
      vertex 41.0044 21.6931 5.6
    endloop
  endfacet
  facet normal 0 0 -1
    outer loop
      vertex 40.7 32.2 5.6
      vertex 41.7 31.2 5.6
      vertex 40.9 21.7 5.6
    endloop
  endfacet
  facet normal 0 0 -1
    outer loop
      vertex 41.7 31.2 5.6
      vertex 40.7 32.2 5.6
      vertex 41.6914 31.3305 5.6
    endloop
  endfacet
  facet normal 0 0 -1
    outer loop
      vertex 41.6914 31.3305 5.6
      vertex 40.7 32.2 5.6
      vertex 41.6659 31.4588 5.6
    endloop
  endfacet
  facet normal 0 0 -1
    outer loop
      vertex 41.6659 31.4588 5.6
      vertex 40.7 32.2 5.6
      vertex 41.6239 31.5827 5.6
    endloop
  endfacet
  facet normal 0 0 -1
    outer loop
      vertex 41.6239 31.5827 5.6
      vertex 40.7 32.2 5.6
      vertex 41.566 31.7 5.6
    endloop
  endfacet
  facet normal 0 0 -1
    outer loop
      vertex 41.566 31.7 5.6
      vertex 40.7 32.2 5.6
      vertex 41.4933 31.8088 5.6
    endloop
  endfacet
  facet normal 0 0 -1
    outer loop
      vertex 41.4933 31.8088 5.6
      vertex 40.7 32.2 5.6
      vertex 41.4071 31.9071 5.6
    endloop
  endfacet
  facet normal 0 0 -1
    outer loop
      vertex 41.4071 31.9071 5.6
      vertex 40.7 32.2 5.6
      vertex 41.3088 31.9933 5.6
    endloop
  endfacet
  facet normal 0 0 -1
    outer loop
      vertex 41.3088 31.9933 5.6
      vertex 40.7 32.2 5.6
      vertex 41.2 32.066 5.6
    endloop
  endfacet
  facet normal 0 0 -1
    outer loop
      vertex 41.2 32.066 5.6
      vertex 40.7 32.2 5.6
      vertex 41.0827 32.1239 5.6
    endloop
  endfacet
  facet normal 0 0 -1
    outer loop
      vertex 41.0827 32.1239 5.6
      vertex 40.7 32.2 5.6
      vertex 40.9588 32.1659 5.6
    endloop
  endfacet
  facet normal 0 0 -1
    outer loop
      vertex 40.9588 32.1659 5.6
      vertex 40.7 32.2 5.6
      vertex 40.8305 32.1914 5.6
    endloop
  endfacet
  facet normal 0 0 -1
    outer loop
      vertex 40.9 21.7 5.6
      vertex 1 32.2 5.6
      vertex 40.7 32.2 5.6
    endloop
  endfacet
  facet normal 0 0 -1
    outer loop
      vertex 0.800003 21.7 5.6
      vertex 1 32.2 5.6
      vertex 40.9 21.7 5.6
    endloop
  endfacet
  facet normal 0 0 -1
    outer loop
      vertex 0 31.2 5.6
      vertex 1 32.2 5.6
      vertex 0.800003 21.7 5.6
    endloop
  endfacet
  facet normal 0 0 -1
    outer loop
      vertex 1 32.2 5.6
      vertex 0 31.2 5.6
      vertex 0.869476 32.1914 5.6
    endloop
  endfacet
  facet normal 0 0 -1
    outer loop
      vertex 0 31.2 5.6
      vertex 0.800003 21.7 5.6
      vertex 0.695587 21.6931 5.6
    endloop
  endfacet
  facet normal 0 0 -1
    outer loop
      vertex 0.869476 32.1914 5.6
      vertex 0 31.2 5.6
      vertex 0.74118 32.1659 5.6
    endloop
  endfacet
  facet normal 0 0 -1
    outer loop
      vertex 0 31.2 5.6
      vertex 0.695587 21.6931 5.6
      vertex 0.592941 21.6727 5.6
    endloop
  endfacet
  facet normal 0 0 -1
    outer loop
      vertex 0.74118 32.1659 5.6
      vertex 0 31.2 5.6
      vertex 0.61731 32.1239 5.6
    endloop
  endfacet
  facet normal 0 0 -1
    outer loop
      vertex 0 31.2 5.6
      vertex 0.592941 21.6727 5.6
      vertex 0.493851 21.6391 5.6
    endloop
  endfacet
  facet normal 0 0 -1
    outer loop
      vertex 0 31.2 5.6
      vertex 0.493851 21.6391 5.6
      vertex 0.400009 21.5928 5.6
    endloop
  endfacet
  facet normal 0 0 -1
    outer loop
      vertex 0.61731 32.1239 5.6
      vertex 0 31.2 5.6
      vertex 0.5 32.066 5.6
    endloop
  endfacet
  facet normal 0 0 -1
    outer loop
      vertex 0 31.2 5.6
      vertex 0.400009 21.5928 5.6
      vertex 0.312988 21.5347 5.6
    endloop
  endfacet
  facet normal 0 0 -1
    outer loop
      vertex 0.5 32.066 5.6
      vertex 0 31.2 5.6
      vertex 0.391235 31.9933 5.6
    endloop
  endfacet
  facet normal 0 0 -1
    outer loop
      vertex 0 31.2 5.6
      vertex 0.312988 21.5347 5.6
      vertex 0.234314 21.4657 5.6
    endloop
  endfacet
  facet normal 0 0 -1
    outer loop
      vertex 0.391235 31.9933 5.6
      vertex 0 31.2 5.6
      vertex 0.292892 31.9071 5.6
    endloop
  endfacet
  facet normal 0 0 -1
    outer loop
      vertex 0 31.2 5.6
      vertex 0.234314 21.4657 5.6
      vertex 0.165314 21.387 5.6
    endloop
  endfacet
  facet normal 0 0 -1
    outer loop
      vertex 0.292892 31.9071 5.6
      vertex 0 31.2 5.6
      vertex 0.20665 31.8088 5.6
    endloop
  endfacet
  facet normal 0 0 -1
    outer loop
      vertex 0 31.2 5.6
      vertex 0.165314 21.387 5.6
      vertex 0.107178 21.3 5.6
    endloop
  endfacet
  facet normal 0 0 -1
    outer loop
      vertex 0.20665 31.8088 5.6
      vertex 0 31.2 5.6
      vertex 0.133972 31.7 5.6
    endloop
  endfacet
  facet normal 0 0 -1
    outer loop
      vertex 0 31.2 5.6
      vertex 0.107178 21.3 5.6
      vertex 0.0608978 21.2061 5.6
    endloop
  endfacet
  facet normal 0 0 -1
    outer loop
      vertex 0.133972 31.7 5.6
      vertex 0 31.2 5.6
      vertex 0.0761261 31.5827 5.6
    endloop
  endfacet
  facet normal 0 0 -1
    outer loop
      vertex 0 31.2 5.6
      vertex 0.0608978 21.2061 5.6
      vertex 0.0272675 21.1071 5.6
    endloop
  endfacet
  facet normal 0 0 -1
    outer loop
      vertex 0.0761261 31.5827 5.6
      vertex 0 31.2 5.6
      vertex 0.0340729 31.4588 5.6
    endloop
  endfacet
  facet normal 0 0 -1
    outer loop
      vertex 0 31.2 5.6
      vertex 0.0272675 21.1071 5.6
      vertex 0.0068512 21.0044 5.6
    endloop
  endfacet
  facet normal 0 0 -1
    outer loop
      vertex 0 31.2 5.6
      vertex 0.0068512 21.0044 5.6
      vertex 0 20.9 5.6
    endloop
  endfacet
  facet normal 0 0 -1
    outer loop
      vertex 0.0340729 31.4588 5.6
      vertex 0 31.2 5.6
      vertex 0.00856018 31.3305 5.6
    endloop
  endfacet
  facet normal 0 0 -1
    outer loop
      vertex 41.7 1 5.6
      vertex 41.6931 11.1956 5.6
      vertex 41.7 11.3 5.6
    endloop
  endfacet
  facet normal 0 0 -1
    outer loop
      vertex 40.7 0 5.6
      vertex 41.7 1 5.6
      vertex 41.6914 0.869476 5.6
    endloop
  endfacet
  facet normal 0 0 -1
    outer loop
      vertex 41.7 1 5.6
      vertex 41.6727 11.0929 5.6
      vertex 41.6931 11.1956 5.6
    endloop
  endfacet
  facet normal 0 0 -1
    outer loop
      vertex 40.7 0 5.6
      vertex 41.6914 0.869476 5.6
      vertex 41.6659 0.74118 5.6
    endloop
  endfacet
  facet normal 0 0 -1
    outer loop
      vertex 41.7 1 5.6
      vertex 41.6391 10.9939 5.6
      vertex 41.6727 11.0929 5.6
    endloop
  endfacet
  facet normal 0 0 -1
    outer loop
      vertex 40.7 0 5.6
      vertex 41.6659 0.74118 5.6
      vertex 41.6239 0.61731 5.6
    endloop
  endfacet
  facet normal 0 0 -1
    outer loop
      vertex 41.7 1 5.6
      vertex 41.5928 10.9 5.6
      vertex 41.6391 10.9939 5.6
    endloop
  endfacet
  facet normal 0 0 -1
    outer loop
      vertex 40.7 0 5.6
      vertex 41.6239 0.61731 5.6
      vertex 41.566 0.5 5.6
    endloop
  endfacet
  facet normal 0 0 -1
    outer loop
      vertex 41.7 1 5.6
      vertex 41.5347 10.813 5.6
      vertex 41.5928 10.9 5.6
    endloop
  endfacet
  facet normal 0 0 -1
    outer loop
      vertex 40.7 0 5.6
      vertex 41.566 0.5 5.6
      vertex 41.4933 0.391235 5.6
    endloop
  endfacet
  facet normal 0 0 -1
    outer loop
      vertex 41.7 1 5.6
      vertex 41.4657 10.7343 5.6
      vertex 41.5347 10.813 5.6
    endloop
  endfacet
  facet normal 0 0 -1
    outer loop
      vertex 40.7 0 5.6
      vertex 41.4933 0.391235 5.6
      vertex 41.4071 0.292892 5.6
    endloop
  endfacet
  facet normal 0 0 -1
    outer loop
      vertex 41.7 1 5.6
      vertex 41.387 10.6653 5.6
      vertex 41.4657 10.7343 5.6
    endloop
  endfacet
  facet normal 0 0 -1
    outer loop
      vertex 40.7 0 5.6
      vertex 41.4071 0.292892 5.6
      vertex 41.3088 0.20665 5.6
    endloop
  endfacet
  facet normal 0 0 -1
    outer loop
      vertex 41.7 1 5.6
      vertex 41.3 10.6072 5.6
      vertex 41.387 10.6653 5.6
    endloop
  endfacet
  facet normal 0 0 -1
    outer loop
      vertex 41.7 1 5.6
      vertex 41.2061 10.5609 5.6
      vertex 41.3 10.6072 5.6
    endloop
  endfacet
  facet normal 0 0 -1
    outer loop
      vertex 40.7 0 5.6
      vertex 41.3088 0.20665 5.6
      vertex 41.2 0.133972 5.6
    endloop
  endfacet
  facet normal 0 0 -1
    outer loop
      vertex 41.7 1 5.6
      vertex 41.1071 10.5273 5.6
      vertex 41.2061 10.5609 5.6
    endloop
  endfacet
  facet normal 0 0 -1
    outer loop
      vertex 40.7 0 5.6
      vertex 41.2 0.133972 5.6
      vertex 41.0827 0.0761261 5.6
    endloop
  endfacet
  facet normal 0 0 -1
    outer loop
      vertex 41.7 1 5.6
      vertex 41.0044 10.5069 5.6
      vertex 41.1071 10.5273 5.6
    endloop
  endfacet
  facet normal 0 0 -1
    outer loop
      vertex 40.7 0 5.6
      vertex 41.0827 0.0761261 5.6
      vertex 40.9588 0.0340729 5.6
    endloop
  endfacet
  facet normal 0 0 -1
    outer loop
      vertex 41.7 1 5.6
      vertex 40.9 10.5 5.6
      vertex 41.0044 10.5069 5.6
    endloop
  endfacet
  facet normal 0 0 -1
    outer loop
      vertex 40.7 0 5.6
      vertex 40.9588 0.0340729 5.6
      vertex 40.8305 0.00856018 5.6
    endloop
  endfacet
  facet normal -0 0 -1
    outer loop
      vertex 41.7 1 5.6
      vertex 40.7 0 5.6
      vertex 40.9 10.5 5.6
    endloop
  endfacet
  facet normal 0 0 -1
    outer loop
      vertex 1 0 5.6
      vertex 40.9 10.5 5.6
      vertex 40.7 0 5.6
    endloop
  endfacet
  facet normal 0 0 -1
    outer loop
      vertex 0 1 5.6
      vertex 1 0 5.6
      vertex 0.869476 0.00856018 5.6
    endloop
  endfacet
  facet normal 0 0 -1
    outer loop
      vertex 1 0 5.6
      vertex 0.800003 10.5 5.6
      vertex 40.9 10.5 5.6
    endloop
  endfacet
  facet normal 0 0 -1
    outer loop
      vertex 0 1 5.6
      vertex 0.869476 0.00856018 5.6
      vertex 0.74118 0.0340729 5.6
    endloop
  endfacet
  facet normal 0 0 -1
    outer loop
      vertex 1 0 5.6
      vertex 0 1 5.6
      vertex 0.800003 10.5 5.6
    endloop
  endfacet
  facet normal 0 0 -1
    outer loop
      vertex 0 1 5.6
      vertex 0.74118 0.0340729 5.6
      vertex 0.61731 0.0761261 5.6
    endloop
  endfacet
  facet normal -0 0 -1
    outer loop
      vertex 0.800003 10.5 5.6
      vertex 0 1 5.6
      vertex 0.695587 10.5069 5.6
    endloop
  endfacet
  facet normal 0 0 -1
    outer loop
      vertex 0 1 5.6
      vertex 0.61731 0.0761261 5.6
      vertex 0.5 0.133972 5.6
    endloop
  endfacet
  facet normal -0 0 -1
    outer loop
      vertex 0.695587 10.5069 5.6
      vertex 0 1 5.6
      vertex 0.592941 10.5273 5.6
    endloop
  endfacet
  facet normal -0 0 -1
    outer loop
      vertex 0.592941 10.5273 5.6
      vertex 0 1 5.6
      vertex 0.493851 10.5609 5.6
    endloop
  endfacet
  facet normal 0 0 -1
    outer loop
      vertex 0 1 5.6
      vertex 0.5 0.133972 5.6
      vertex 0.391235 0.20665 5.6
    endloop
  endfacet
  facet normal -0 0 -1
    outer loop
      vertex 0.493851 10.5609 5.6
      vertex 0 1 5.6
      vertex 0.400009 10.6072 5.6
    endloop
  endfacet
  facet normal 0 0 -1
    outer loop
      vertex 0 1 5.6
      vertex 0.391235 0.20665 5.6
      vertex 0.292892 0.292892 5.6
    endloop
  endfacet
  facet normal -0 0 -1
    outer loop
      vertex 0.400009 10.6072 5.6
      vertex 0 1 5.6
      vertex 0.312988 10.6653 5.6
    endloop
  endfacet
  facet normal 0 0 -1
    outer loop
      vertex 0 1 5.6
      vertex 0.292892 0.292892 5.6
      vertex 0.20665 0.391235 5.6
    endloop
  endfacet
  facet normal -0 0 -1
    outer loop
      vertex 0.312988 10.6653 5.6
      vertex 0 1 5.6
      vertex 0.234314 10.7343 5.6
    endloop
  endfacet
  facet normal 0 0 -1
    outer loop
      vertex 0 1 5.6
      vertex 0.20665 0.391235 5.6
      vertex 0.133972 0.5 5.6
    endloop
  endfacet
  facet normal -0 0 -1
    outer loop
      vertex 0.234314 10.7343 5.6
      vertex 0 1 5.6
      vertex 0.165314 10.813 5.6
    endloop
  endfacet
  facet normal 0 0 -1
    outer loop
      vertex 0 1 5.6
      vertex 0.133972 0.5 5.6
      vertex 0.0761261 0.61731 5.6
    endloop
  endfacet
  facet normal -0 0 -1
    outer loop
      vertex 0.165314 10.813 5.6
      vertex 0 1 5.6
      vertex 0.107178 10.9 5.6
    endloop
  endfacet
  facet normal 0 0 -1
    outer loop
      vertex 0 1 5.6
      vertex 0.0761261 0.61731 5.6
      vertex 0.0340729 0.74118 5.6
    endloop
  endfacet
  facet normal -0 0 -1
    outer loop
      vertex 0.107178 10.9 5.6
      vertex 0 1 5.6
      vertex 0.0608978 10.9939 5.6
    endloop
  endfacet
  facet normal 0 0 -1
    outer loop
      vertex 0 1 5.6
      vertex 0.0340729 0.74118 5.6
      vertex 0.00856018 0.869476 5.6
    endloop
  endfacet
  facet normal -0 0 -1
    outer loop
      vertex 0.0608978 10.9939 5.6
      vertex 0 1 5.6
      vertex 0.0272675 11.0929 5.6
    endloop
  endfacet
  facet normal -0 0 -1
    outer loop
      vertex 0.0272675 11.0929 5.6
      vertex 0 1 5.6
      vertex 0.0068512 11.1956 5.6
    endloop
  endfacet
  facet normal -0 0 -1
    outer loop
      vertex 0.0068512 11.1956 5.6
      vertex 0 1 5.6
      vertex 0 11.3 5.6
    endloop
  endfacet
  facet normal 0.997836 -0.0657457 0
    outer loop
      vertex 41.6914 0.869476 27.8
      vertex 41.7 1 26.8
      vertex 41.7 1 27.8
    endloop
  endfacet
  facet normal 0.997836 -0.0657457 0
    outer loop
      vertex 41.7 1 26.8
      vertex 41.6914 0.869476 27.8
      vertex 41.6914 0.869476 26.8
    endloop
  endfacet
  facet normal 0.997836 -0.0657457 0
    outer loop
      vertex 41.6914 0.869476 25.2
      vertex 41.7 1 5.6
      vertex 41.7 1 25.2
    endloop
  endfacet
  facet normal 0.997836 -0.0657457 0
    outer loop
      vertex 41.7 1 5.6
      vertex 41.6914 0.869476 25.2
      vertex 41.6914 0.869476 5.6
    endloop
  endfacet
  facet normal 0 0 1
    outer loop
      vertex 40.1 30.6 27.8
      vertex 41.7 31.2 27.8
      vertex 41.6914 31.3305 27.8
    endloop
  endfacet
  facet normal 0 0 1
    outer loop
      vertex 41.7 31.2 27.8
      vertex 40.1 30.6 27.8
      vertex 41.7 1 27.8
    endloop
  endfacet
  facet normal 0 0 1
    outer loop
      vertex 40.1 30.6 27.8
      vertex 41.6914 31.3305 27.8
      vertex 41.6659 31.4588 27.8
    endloop
  endfacet
  facet normal -0 0 1
    outer loop
      vertex 40.1 1.6 27.8
      vertex 41.7 1 27.8
      vertex 40.1 30.6 27.8
    endloop
  endfacet
  facet normal 0 0 1
    outer loop
      vertex 40.1 30.6 27.8
      vertex 41.6659 31.4588 27.8
      vertex 41.6239 31.5827 27.8
    endloop
  endfacet
  facet normal 0 0 1
    outer loop
      vertex 41.7 1 27.8
      vertex 40.1 1.6 27.8
      vertex 41.6914 0.869476 27.8
    endloop
  endfacet
  facet normal 0 0 1
    outer loop
      vertex 40.1 30.6 27.8
      vertex 41.6239 31.5827 27.8
      vertex 41.566 31.7 27.8
    endloop
  endfacet
  facet normal 0 0 1
    outer loop
      vertex 41.6914 0.869476 27.8
      vertex 40.1 1.6 27.8
      vertex 41.6659 0.74118 27.8
    endloop
  endfacet
  facet normal 0 0 1
    outer loop
      vertex 40.1 30.6 27.8
      vertex 41.566 31.7 27.8
      vertex 41.4933 31.8088 27.8
    endloop
  endfacet
  facet normal 0 0 1
    outer loop
      vertex 41.6659 0.74118 27.8
      vertex 40.1 1.6 27.8
      vertex 41.6239 0.61731 27.8
    endloop
  endfacet
  facet normal 0 0 1
    outer loop
      vertex 40.1 30.6 27.8
      vertex 41.4933 31.8088 27.8
      vertex 41.4071 31.9071 27.8
    endloop
  endfacet
  facet normal 0 0 1
    outer loop
      vertex 41.6239 0.61731 27.8
      vertex 40.1 1.6 27.8
      vertex 41.566 0.5 27.8
    endloop
  endfacet
  facet normal 0 0 1
    outer loop
      vertex 40.1 30.6 27.8
      vertex 41.4071 31.9071 27.8
      vertex 41.3088 31.9933 27.8
    endloop
  endfacet
  facet normal 0 0 1
    outer loop
      vertex 41.566 0.5 27.8
      vertex 40.1 1.6 27.8
      vertex 41.4933 0.391235 27.8
    endloop
  endfacet
  facet normal 0 0 1
    outer loop
      vertex 40.1 30.6 27.8
      vertex 41.3088 31.9933 27.8
      vertex 41.2 32.066 27.8
    endloop
  endfacet
  facet normal 0 0 1
    outer loop
      vertex 41.4933 0.391235 27.8
      vertex 40.1 1.6 27.8
      vertex 41.4071 0.292892 27.8
    endloop
  endfacet
  facet normal 0 0 1
    outer loop
      vertex 40.1 30.6 27.8
      vertex 41.2 32.066 27.8
      vertex 41.0827 32.1239 27.8
    endloop
  endfacet
  facet normal 0 0 1
    outer loop
      vertex 41.4071 0.292892 27.8
      vertex 40.1 1.6 27.8
      vertex 41.3088 0.20665 27.8
    endloop
  endfacet
  facet normal 0 0 1
    outer loop
      vertex 40.1 30.6 27.8
      vertex 41.0827 32.1239 27.8
      vertex 40.9588 32.1659 27.8
    endloop
  endfacet
  facet normal 0 0 1
    outer loop
      vertex 41.3088 0.20665 27.8
      vertex 40.1 1.6 27.8
      vertex 41.2 0.133972 27.8
    endloop
  endfacet
  facet normal 0 0 1
    outer loop
      vertex 40.1 30.6 27.8
      vertex 40.9588 32.1659 27.8
      vertex 40.8305 32.1914 27.8
    endloop
  endfacet
  facet normal 0 0 1
    outer loop
      vertex 41.2 0.133972 27.8
      vertex 40.1 1.6 27.8
      vertex 41.0827 0.0761261 27.8
    endloop
  endfacet
  facet normal 0 0 1
    outer loop
      vertex 40.1 30.6 27.8
      vertex 40.8305 32.1914 27.8
      vertex 40.7 32.2 27.8
    endloop
  endfacet
  facet normal 0 0 1
    outer loop
      vertex 41.0827 0.0761261 27.8
      vertex 40.1 1.6 27.8
      vertex 40.9588 0.0340729 27.8
    endloop
  endfacet
  facet normal 0 0 1
    outer loop
      vertex 40.9588 0.0340729 27.8
      vertex 40.1 1.6 27.8
      vertex 40.8305 0.00856018 27.8
    endloop
  endfacet
  facet normal 0 0 1
    outer loop
      vertex 40.7 32.2 27.8
      vertex 1.6 30.6 27.8
      vertex 40.1 30.6 27.8
    endloop
  endfacet
  facet normal -0 0 1
    outer loop
      vertex 0.869476 32.1914 27.8
      vertex 1.6 30.6 27.8
      vertex 1 32.2 27.8
    endloop
  endfacet
  facet normal -0 0 1
    outer loop
      vertex 1 32.2 27.8
      vertex 1.6 30.6 27.8
      vertex 40.7 32.2 27.8
    endloop
  endfacet
  facet normal 0 0 1
    outer loop
      vertex 40.8305 0.00856018 27.8
      vertex 40.1 1.6 27.8
      vertex 40.7 0 27.8
    endloop
  endfacet
  facet normal -0 0 1
    outer loop
      vertex 1.6 1.6 27.8
      vertex 40.7 0 27.8
      vertex 40.1 1.6 27.8
    endloop
  endfacet
  facet normal 0 0 1
    outer loop
      vertex 1.6 1.6 27.8
      vertex 1 0 27.8
      vertex 40.7 0 27.8
    endloop
  endfacet
  facet normal 0 0 1
    outer loop
      vertex 1.6 30.6 27.8
      vertex 0 31.2 27.8
      vertex 1.6 1.6 27.8
    endloop
  endfacet
  facet normal -0 0 1
    outer loop
      vertex 0.74118 32.1659 27.8
      vertex 1.6 30.6 27.8
      vertex 0.869476 32.1914 27.8
    endloop
  endfacet
  facet normal 0 0 1
    outer loop
      vertex 0 1 27.8
      vertex 1.6 1.6 27.8
      vertex 0 31.2 27.8
    endloop
  endfacet
  facet normal -0 0 1
    outer loop
      vertex 0.61731 32.1239 27.8
      vertex 1.6 30.6 27.8
      vertex 0.74118 32.1659 27.8
    endloop
  endfacet
  facet normal 0 -0 1
    outer loop
      vertex 0.00856018 0.869476 27.8
      vertex 1.6 1.6 27.8
      vertex 0 1 27.8
    endloop
  endfacet
  facet normal -0 0 1
    outer loop
      vertex 0.5 32.066 27.8
      vertex 1.6 30.6 27.8
      vertex 0.61731 32.1239 27.8
    endloop
  endfacet
  facet normal 0 0 1
    outer loop
      vertex 1.6 1.6 27.8
      vertex 0.869476 0.00856018 27.8
      vertex 1 0 27.8
    endloop
  endfacet
  facet normal -0 0 1
    outer loop
      vertex 0.391235 31.9933 27.8
      vertex 1.6 30.6 27.8
      vertex 0.5 32.066 27.8
    endloop
  endfacet
  facet normal 0 0 1
    outer loop
      vertex 1.6 1.6 27.8
      vertex 0.74118 0.0340729 27.8
      vertex 0.869476 0.00856018 27.8
    endloop
  endfacet
  facet normal -0 0 1
    outer loop
      vertex 0.292892 31.9071 27.8
      vertex 1.6 30.6 27.8
      vertex 0.391235 31.9933 27.8
    endloop
  endfacet
  facet normal 0 0 1
    outer loop
      vertex 1.6 1.6 27.8
      vertex 0.61731 0.0761261 27.8
      vertex 0.74118 0.0340729 27.8
    endloop
  endfacet
  facet normal -0 0 1
    outer loop
      vertex 0.20665 31.8088 27.8
      vertex 1.6 30.6 27.8
      vertex 0.292892 31.9071 27.8
    endloop
  endfacet
  facet normal 0 0 1
    outer loop
      vertex 1.6 1.6 27.8
      vertex 0.5 0.133972 27.8
      vertex 0.61731 0.0761261 27.8
    endloop
  endfacet
  facet normal -0 0 1
    outer loop
      vertex 0.133972 31.7 27.8
      vertex 1.6 30.6 27.8
      vertex 0.20665 31.8088 27.8
    endloop
  endfacet
  facet normal 0 0 1
    outer loop
      vertex 1.6 1.6 27.8
      vertex 0.391235 0.20665 27.8
      vertex 0.5 0.133972 27.8
    endloop
  endfacet
  facet normal -0 0 1
    outer loop
      vertex 0.0761261 31.5827 27.8
      vertex 1.6 30.6 27.8
      vertex 0.133972 31.7 27.8
    endloop
  endfacet
  facet normal 0 0 1
    outer loop
      vertex 1.6 1.6 27.8
      vertex 0.292892 0.292892 27.8
      vertex 0.391235 0.20665 27.8
    endloop
  endfacet
  facet normal -0 0 1
    outer loop
      vertex 0.0340729 31.4588 27.8
      vertex 1.6 30.6 27.8
      vertex 0.0761261 31.5827 27.8
    endloop
  endfacet
  facet normal 0 0 1
    outer loop
      vertex 1.6 1.6 27.8
      vertex 0.20665 0.391235 27.8
      vertex 0.292892 0.292892 27.8
    endloop
  endfacet
  facet normal -0 0 1
    outer loop
      vertex 0.00856018 31.3305 27.8
      vertex 1.6 30.6 27.8
      vertex 0.0340729 31.4588 27.8
    endloop
  endfacet
  facet normal 0 0 1
    outer loop
      vertex 1.6 1.6 27.8
      vertex 0.133972 0.5 27.8
      vertex 0.20665 0.391235 27.8
    endloop
  endfacet
  facet normal 0 0 1
    outer loop
      vertex 1.6 30.6 27.8
      vertex 0.00856018 31.3305 27.8
      vertex 0 31.2 27.8
    endloop
  endfacet
  facet normal 0 0 1
    outer loop
      vertex 1.6 1.6 27.8
      vertex 0.0761261 0.61731 27.8
      vertex 0.133972 0.5 27.8
    endloop
  endfacet
  facet normal 0 0 1
    outer loop
      vertex 1.6 1.6 27.8
      vertex 0.0340729 0.74118 27.8
      vertex 0.0761261 0.61731 27.8
    endloop
  endfacet
  facet normal 0 0 1
    outer loop
      vertex 1.6 1.6 27.8
      vertex 0.00856018 0.869476 27.8
      vertex 0.0340729 0.74118 27.8
    endloop
  endfacet
  facet normal 0.442288 -0.896873 0
    outer loop
      vertex 41.0827 0.0761261 5.6
      vertex 41.2 0.133972 27.8
      vertex 41.0827 0.0761261 27.8
    endloop
  endfacet
  facet normal 0.442288 -0.896873 0
    outer loop
      vertex 41.2 0.133972 27.8
      vertex 41.0827 0.0761261 5.6
      vertex 41.2 0.133972 5.6
    endloop
  endfacet
  facet normal 0.555465 -0.83154 0
    outer loop
      vertex 41.2 0.133972 5.6
      vertex 41.3088 0.20665 27.8
      vertex 41.2 0.133972 27.8
    endloop
  endfacet
  facet normal 0.555465 -0.83154 0
    outer loop
      vertex 41.3088 0.20665 27.8
      vertex 41.2 0.133972 5.6
      vertex 41.3088 0.20665 5.6
    endloop
  endfacet
  facet normal 0.321388 -0.946948 0
    outer loop
      vertex 41.1071 10.5273 5.72205e-07
      vertex 41.2061 10.5609 5.6
      vertex 41.1071 10.5273 5.6
    endloop
  endfacet
  facet normal 0.321388 -0.946948 0
    outer loop
      vertex 41.2061 10.5609 5.6
      vertex 41.1071 10.5273 5.72205e-07
      vertex 41.2061 10.5609 5.72205e-07
    endloop
  endfacet
  facet normal 0.980837 -0.19483 0
    outer loop
      vertex 41.6727 11.0929 5.6
      vertex 41.6931 11.1956 5.72205e-07
      vertex 41.6931 11.1956 5.6
    endloop
  endfacet
  facet normal 0.980837 -0.19483 0
    outer loop
      vertex 41.6931 11.1956 5.72205e-07
      vertex 41.6727 11.0929 5.6
      vertex 41.6727 11.0929 5.72205e-07
    endloop
  endfacet
  facet normal 0.321388 0.946948 -0
    outer loop
      vertex 41.2061 21.6391 5.72205e-07
      vertex 41.1071 21.6727 5.6
      vertex 41.2061 21.6391 5.6
    endloop
  endfacet
  facet normal 0.321388 0.946948 0
    outer loop
      vertex 41.1071 21.6727 5.6
      vertex 41.2061 21.6391 5.72205e-07
      vertex 41.1071 21.6727 5.72205e-07
    endloop
  endfacet
  facet normal 0.896897 -0.44224 0
    outer loop
      vertex 41.5928 10.9 5.6
      vertex 41.6391 10.9939 5.72205e-07
      vertex 41.6391 10.9939 5.6
    endloop
  endfacet
  facet normal 0.896897 -0.44224 0
    outer loop
      vertex 41.6391 10.9939 5.72205e-07
      vertex 41.5928 10.9 5.6
      vertex 41.5928 10.9 5.72205e-07
    endloop
  endfacet
  facet normal -0.946859 -0.321648 0
    outer loop
      vertex 0.0608978 10.9939 5.72205e-07
      vertex 0.0272675 11.0929 5.6
      vertex 0.0272675 11.0929 5.72205e-07
    endloop
  endfacet
  facet normal -0.946859 -0.321648 0
    outer loop
      vertex 0.0272675 11.0929 5.6
      vertex 0.0608978 10.9939 5.72205e-07
      vertex 0.0608978 10.9939 5.6
    endloop
  endfacet
  facet normal 0.751925 -0.659248 0
    outer loop
      vertex 41.4657 10.7343 5.6
      vertex 41.5347 10.813 5.72205e-07
      vertex 41.5347 10.813 5.6
    endloop
  endfacet
  facet normal 0.751925 -0.659248 0
    outer loop
      vertex 41.5347 10.813 5.72205e-07
      vertex 41.4657 10.7343 5.6
      vertex 41.4657 10.7343 5.72205e-07
    endloop
  endfacet
  facet normal 0.751925 0.659248 0
    outer loop
      vertex 41.5347 21.387 5.6
      vertex 41.4657 21.4657 5.72205e-07
      vertex 41.4657 21.4657 5.6
    endloop
  endfacet
  facet normal 0.751925 0.659248 0
    outer loop
      vertex 41.4657 21.4657 5.72205e-07
      vertex 41.5347 21.387 5.6
      vertex 41.5347 21.387 5.72205e-07
    endloop
  endfacet
  facet normal 0.19483 -0.980837 0
    outer loop
      vertex 41.0044 10.5069 5.72205e-07
      vertex 41.1071 10.5273 5.6
      vertex 41.0044 10.5069 5.6
    endloop
  endfacet
  facet normal 0.19483 -0.980837 0
    outer loop
      vertex 41.1071 10.5273 5.6
      vertex 41.0044 10.5069 5.72205e-07
      vertex 41.1071 10.5273 5.72205e-07
    endloop
  endfacet
  facet normal -0.321126 0.947036 0
    outer loop
      vertex 0.592941 21.6727 5.72205e-07
      vertex 0.493851 21.6391 5.6
      vertex 0.592941 21.6727 5.6
    endloop
  endfacet
  facet normal -0.321126 0.947036 0
    outer loop
      vertex 0.493851 21.6391 5.6
      vertex 0.592941 21.6727 5.72205e-07
      vertex 0.493851 21.6391 5.72205e-07
    endloop
  endfacet
  facet normal -0.83145 -0.5556 0
    outer loop
      vertex 0.165314 10.813 5.72205e-07
      vertex 0.107178 10.9 5.6
      vertex 0.107178 10.9 5.72205e-07
    endloop
  endfacet
  facet normal -0.83145 -0.5556 0
    outer loop
      vertex 0.107178 10.9 5.6
      vertex 0.165314 10.813 5.72205e-07
      vertex 0.165314 10.813 5.6
    endloop
  endfacet
  facet normal 0.0659481 -0.997823 0
    outer loop
      vertex 40.9 10.5 5.72205e-07
      vertex 41.0044 10.5069 5.6
      vertex 40.9 10.5 5.6
    endloop
  endfacet
  facet normal 0.0659481 -0.997823 0
    outer loop
      vertex 41.0044 10.5069 5.6
      vertex 40.9 10.5 5.72205e-07
      vertex 41.0044 10.5069 5.72205e-07
    endloop
  endfacet
  facet normal 0 -1 0
    outer loop
      vertex 0.800003 10.5 5.72205e-07
      vertex 40.9 10.5 5.6
      vertex 0.800003 10.5 5.6
    endloop
  endfacet
  facet normal 0 -1 -0
    outer loop
      vertex 40.9 10.5 5.6
      vertex 0.800003 10.5 5.72205e-07
      vertex 40.9 10.5 5.72205e-07
    endloop
  endfacet
  facet normal 0 1 -0
    outer loop
      vertex 40.9 21.7 5.72205e-07
      vertex 0.800003 21.7 5.6
      vertex 40.9 21.7 5.6
    endloop
  endfacet
  facet normal 0 1 0
    outer loop
      vertex 0.800003 21.7 5.6
      vertex 40.9 21.7 5.72205e-07
      vertex 0.800003 21.7 5.72205e-07
    endloop
  endfacet
  facet normal 0.659248 -0.751925 0
    outer loop
      vertex 41.387 10.6653 5.72205e-07
      vertex 41.4657 10.7343 5.6
      vertex 41.387 10.6653 5.6
    endloop
  endfacet
  facet normal 0.659248 -0.751925 0
    outer loop
      vertex 41.4657 10.7343 5.6
      vertex 41.387 10.6653 5.72205e-07
      vertex 41.4657 10.7343 5.72205e-07
    endloop
  endfacet
  facet normal -0.751925 -0.659248 0
    outer loop
      vertex 0.234314 10.7343 5.72205e-07
      vertex 0.165314 10.813 5.6
      vertex 0.165314 10.813 5.72205e-07
    endloop
  endfacet
  facet normal -0.751925 -0.659248 0
    outer loop
      vertex 0.165314 10.813 5.6
      vertex 0.234314 10.7343 5.72205e-07
      vertex 0.234314 10.7343 5.6
    endloop
  endfacet
  facet normal 0.44224 0.896897 -0
    outer loop
      vertex 41.3 21.5928 5.72205e-07
      vertex 41.2061 21.6391 5.6
      vertex 41.3 21.5928 5.6
    endloop
  endfacet
  facet normal 0.44224 0.896897 0
    outer loop
      vertex 41.2061 21.6391 5.6
      vertex 41.3 21.5928 5.72205e-07
      vertex 41.2061 21.6391 5.72205e-07
    endloop
  endfacet
  facet normal -0.896972 0.442088 0
    outer loop
      vertex 0.0608978 21.2061 5.72205e-07
      vertex 0.107178 21.3 5.6
      vertex 0.107178 21.3 5.72205e-07
    endloop
  endfacet
  facet normal -0.896972 0.442088 0
    outer loop
      vertex 0.107178 21.3 5.6
      vertex 0.0608978 21.2061 5.72205e-07
      vertex 0.0608978 21.2061 5.6
    endloop
  endfacet
  facet normal -0.321126 -0.947036 0
    outer loop
      vertex 0.493851 10.5609 5.72205e-07
      vertex 0.592941 10.5273 5.6
      vertex 0.493851 10.5609 5.6
    endloop
  endfacet
  facet normal -0.321126 -0.947036 -0
    outer loop
      vertex 0.592941 10.5273 5.6
      vertex 0.493851 10.5609 5.72205e-07
      vertex 0.592941 10.5273 5.72205e-07
    endloop
  endfacet
  facet normal -0.065938 0.997824 0
    outer loop
      vertex 0.800003 21.7 5.72205e-07
      vertex 0.695587 21.6931 5.6
      vertex 0.800003 21.7 5.6
    endloop
  endfacet
  facet normal -0.065938 0.997824 0
    outer loop
      vertex 0.695587 21.6931 5.6
      vertex 0.800003 21.7 5.72205e-07
      vertex 0.695587 21.6931 5.72205e-07
    endloop
  endfacet
  facet normal -0.194929 0.980817 0
    outer loop
      vertex 0.695587 21.6931 5.72205e-07
      vertex 0.592941 21.6727 5.6
      vertex 0.695587 21.6931 5.6
    endloop
  endfacet
  facet normal -0.194929 0.980817 0
    outer loop
      vertex 0.592941 21.6727 5.6
      vertex 0.695587 21.6931 5.72205e-07
      vertex 0.592941 21.6727 5.72205e-07
    endloop
  endfacet
  facet normal -0.83145 0.5556 0
    outer loop
      vertex 0.107178 21.3 5.72205e-07
      vertex 0.165314 21.387 5.6
      vertex 0.165314 21.387 5.72205e-07
    endloop
  endfacet
  facet normal -0.83145 0.5556 0
    outer loop
      vertex 0.165314 21.387 5.6
      vertex 0.107178 21.3 5.72205e-07
      vertex 0.107178 21.3 5.6
    endloop
  endfacet
  facet normal -0.065938 -0.997824 0
    outer loop
      vertex 0.695587 10.5069 5.72205e-07
      vertex 0.800003 10.5 5.6
      vertex 0.695587 10.5069 5.6
    endloop
  endfacet
  facet normal -0.065938 -0.997824 -0
    outer loop
      vertex 0.800003 10.5 5.6
      vertex 0.695587 10.5069 5.72205e-07
      vertex 0.800003 10.5 5.72205e-07
    endloop
  endfacet
  facet normal -0.194929 -0.980817 0
    outer loop
      vertex 0.592941 10.5273 5.72205e-07
      vertex 0.695587 10.5069 5.6
      vertex 0.592941 10.5273 5.6
    endloop
  endfacet
  facet normal -0.194929 -0.980817 -0
    outer loop
      vertex 0.695587 10.5069 5.6
      vertex 0.592941 10.5273 5.72205e-07
      vertex 0.695587 10.5069 5.72205e-07
    endloop
  endfacet
  facet normal 0.997823 -0.0659481 0
    outer loop
      vertex 41.6931 11.1956 5.6
      vertex 41.7 11.3 5.72205e-07
      vertex 41.7 11.3 5.6
    endloop
  endfacet
  facet normal 0.997823 -0.0659481 0
    outer loop
      vertex 41.7 11.3 5.72205e-07
      vertex 41.6931 11.1956 5.6
      vertex 41.6931 11.1956 5.72205e-07
    endloop
  endfacet
  facet normal 0.44224 -0.896897 0
    outer loop
      vertex 41.2061 10.5609 5.72205e-07
      vertex 41.3 10.6072 5.6
      vertex 41.2061 10.5609 5.6
    endloop
  endfacet
  facet normal 0.44224 -0.896897 0
    outer loop
      vertex 41.3 10.6072 5.6
      vertex 41.2061 10.5609 5.72205e-07
      vertex 41.3 10.6072 5.72205e-07
    endloop
  endfacet
  facet normal 0.997823 0.0659481 0
    outer loop
      vertex 41.7 20.9 5.6
      vertex 41.6931 21.0044 5.72205e-07
      vertex 41.6931 21.0044 5.6
    endloop
  endfacet
  facet normal 0.997823 0.0659481 0
    outer loop
      vertex 41.6931 21.0044 5.72205e-07
      vertex 41.7 20.9 5.6
      vertex 41.7 20.9 5.72205e-07
    endloop
  endfacet
  facet normal -0.997854 0.0654837 0
    outer loop
      vertex 0 20.9 5.72205e-07
      vertex 0.0068512 21.0044 5.6
      vertex 0.0068512 21.0044 5.72205e-07
    endloop
  endfacet
  facet normal -0.997854 0.0654837 0
    outer loop
      vertex 0.0068512 21.0044 5.6
      vertex 0 20.9 5.72205e-07
      vertex 0 20.9 5.6
    endloop
  endfacet
  facet normal -0.946859 0.321648 0
    outer loop
      vertex 0.0272675 21.1071 5.72205e-07
      vertex 0.0608978 21.2061 5.6
      vertex 0.0608978 21.2061 5.72205e-07
    endloop
  endfacet
  facet normal -0.946859 0.321648 0
    outer loop
      vertex 0.0608978 21.2061 5.6
      vertex 0.0272675 21.1071 5.72205e-07
      vertex 0.0272675 21.1071 5.6
    endloop
  endfacet
  facet normal 0.831609 0.555362 0
    outer loop
      vertex 41.5928 21.3 5.6
      vertex 41.5347 21.387 5.72205e-07
      vertex 41.5347 21.387 5.6
    endloop
  endfacet
  facet normal 0.831609 0.555362 0
    outer loop
      vertex 41.5347 21.387 5.72205e-07
      vertex 41.5928 21.3 5.6
      vertex 41.5928 21.3 5.72205e-07
    endloop
  endfacet
  facet normal -0.659371 -0.751817 0
    outer loop
      vertex 0.234314 10.7343 5.72205e-07
      vertex 0.312988 10.6653 5.6
      vertex 0.234314 10.7343 5.6
    endloop
  endfacet
  facet normal -0.659371 -0.751817 -0
    outer loop
      vertex 0.312988 10.6653 5.6
      vertex 0.234314 10.7343 5.72205e-07
      vertex 0.312988 10.6653 5.72205e-07
    endloop
  endfacet
  facet normal 0.19483 0.980837 -0
    outer loop
      vertex 41.1071 21.6727 5.72205e-07
      vertex 41.0044 21.6931 5.6
      vertex 41.1071 21.6727 5.6
    endloop
  endfacet
  facet normal 0.19483 0.980837 0
    outer loop
      vertex 41.0044 21.6931 5.6
      vertex 41.1071 21.6727 5.72205e-07
      vertex 41.0044 21.6931 5.72205e-07
    endloop
  endfacet
  facet normal -0.555269 -0.831671 0
    outer loop
      vertex 0.312988 10.6653 5.72205e-07
      vertex 0.400009 10.6072 5.6
      vertex 0.312988 10.6653 5.6
    endloop
  endfacet
  facet normal -0.555269 -0.831671 -0
    outer loop
      vertex 0.400009 10.6072 5.6
      vertex 0.312988 10.6653 5.72205e-07
      vertex 0.400009 10.6072 5.72205e-07
    endloop
  endfacet
  facet normal -0.980807 -0.19498 0
    outer loop
      vertex 0.0272675 11.0929 5.72205e-07
      vertex 0.0068512 11.1956 5.6
      vertex 0.0068512 11.1956 5.72205e-07
    endloop
  endfacet
  facet normal -0.980807 -0.19498 0
    outer loop
      vertex 0.0068512 11.1956 5.6
      vertex 0.0272675 11.0929 5.72205e-07
      vertex 0.0272675 11.0929 5.6
    endloop
  endfacet
  facet normal 0.896897 0.44224 0
    outer loop
      vertex 41.6391 21.2061 5.6
      vertex 41.5928 21.3 5.72205e-07
      vertex 41.5928 21.3 5.6
    endloop
  endfacet
  facet normal 0.896897 0.44224 0
    outer loop
      vertex 41.5928 21.3 5.72205e-07
      vertex 41.6391 21.2061 5.6
      vertex 41.6391 21.2061 5.72205e-07
    endloop
  endfacet
  facet normal 0.659248 0.751925 -0
    outer loop
      vertex 41.4657 21.4657 5.72205e-07
      vertex 41.387 21.5347 5.6
      vertex 41.4657 21.4657 5.6
    endloop
  endfacet
  facet normal 0.659248 0.751925 0
    outer loop
      vertex 41.387 21.5347 5.6
      vertex 41.4657 21.4657 5.72205e-07
      vertex 41.387 21.5347 5.72205e-07
    endloop
  endfacet
  facet normal 0.0659481 0.997823 -0
    outer loop
      vertex 41.0044 21.6931 5.72205e-07
      vertex 40.9 21.7 5.6
      vertex 41.0044 21.6931 5.6
    endloop
  endfacet
  facet normal 0.0659481 0.997823 0
    outer loop
      vertex 40.9 21.7 5.6
      vertex 41.0044 21.6931 5.72205e-07
      vertex 40.9 21.7 5.72205e-07
    endloop
  endfacet
  facet normal -0.44246 -0.896788 0
    outer loop
      vertex 0.400009 10.6072 5.72205e-07
      vertex 0.493851 10.5609 5.6
      vertex 0.400009 10.6072 5.6
    endloop
  endfacet
  facet normal -0.44246 -0.896788 -0
    outer loop
      vertex 0.493851 10.5609 5.6
      vertex 0.400009 10.6072 5.72205e-07
      vertex 0.493851 10.5609 5.72205e-07
    endloop
  endfacet
  facet normal 0.555362 0.831609 -0
    outer loop
      vertex 41.387 21.5347 5.72205e-07
      vertex 41.3 21.5928 5.6
      vertex 41.387 21.5347 5.6
    endloop
  endfacet
  facet normal 0.555362 0.831609 0
    outer loop
      vertex 41.3 21.5928 5.6
      vertex 41.387 21.5347 5.72205e-07
      vertex 41.3 21.5928 5.72205e-07
    endloop
  endfacet
  facet normal -0.751925 0.659248 0
    outer loop
      vertex 0.165314 21.387 5.72205e-07
      vertex 0.234314 21.4657 5.6
      vertex 0.234314 21.4657 5.72205e-07
    endloop
  endfacet
  facet normal -0.751925 0.659248 0
    outer loop
      vertex 0.234314 21.4657 5.6
      vertex 0.165314 21.387 5.72205e-07
      vertex 0.165314 21.387 5.6
    endloop
  endfacet
  facet normal -0.980807 0.19498 0
    outer loop
      vertex 0.0068512 21.0044 5.72205e-07
      vertex 0.0272675 21.1071 5.6
      vertex 0.0272675 21.1071 5.72205e-07
    endloop
  endfacet
  facet normal -0.980807 0.19498 0
    outer loop
      vertex 0.0272675 21.1071 5.6
      vertex 0.0068512 21.0044 5.72205e-07
      vertex 0.0068512 21.0044 5.6
    endloop
  endfacet
  facet normal -0.896972 -0.442088 0
    outer loop
      vertex 0.107178 10.9 5.72205e-07
      vertex 0.0608978 10.9939 5.6
      vertex 0.0608978 10.9939 5.72205e-07
    endloop
  endfacet
  facet normal -0.896972 -0.442088 0
    outer loop
      vertex 0.0608978 10.9939 5.6
      vertex 0.107178 10.9 5.72205e-07
      vertex 0.107178 10.9 5.6
    endloop
  endfacet
  facet normal -0.44246 0.896788 0
    outer loop
      vertex 0.493851 21.6391 5.72205e-07
      vertex 0.400009 21.5928 5.6
      vertex 0.493851 21.6391 5.6
    endloop
  endfacet
  facet normal -0.44246 0.896788 0
    outer loop
      vertex 0.400009 21.5928 5.6
      vertex 0.493851 21.6391 5.72205e-07
      vertex 0.400009 21.5928 5.72205e-07
    endloop
  endfacet
  facet normal -0.997854 -0.0654837 0
    outer loop
      vertex 0.0068512 11.1956 5.72205e-07
      vertex 0 11.3 5.6
      vertex 0 11.3 5.72205e-07
    endloop
  endfacet
  facet normal -0.997854 -0.0654837 0
    outer loop
      vertex 0 11.3 5.6
      vertex 0.0068512 11.1956 5.72205e-07
      vertex 0.0068512 11.1956 5.6
    endloop
  endfacet
  facet normal 0.946948 0.321388 0
    outer loop
      vertex 41.6727 21.1071 5.6
      vertex 41.6391 21.2061 5.72205e-07
      vertex 41.6391 21.2061 5.6
    endloop
  endfacet
  facet normal 0.946948 0.321388 0
    outer loop
      vertex 41.6391 21.2061 5.72205e-07
      vertex 41.6727 21.1071 5.6
      vertex 41.6727 21.1071 5.72205e-07
    endloop
  endfacet
  facet normal 0.831609 -0.555362 0
    outer loop
      vertex 41.5347 10.813 5.6
      vertex 41.5928 10.9 5.72205e-07
      vertex 41.5928 10.9 5.6
    endloop
  endfacet
  facet normal 0.831609 -0.555362 0
    outer loop
      vertex 41.5928 10.9 5.72205e-07
      vertex 41.5347 10.813 5.6
      vertex 41.5347 10.813 5.72205e-07
    endloop
  endfacet
  facet normal 0.555362 -0.831609 0
    outer loop
      vertex 41.3 10.6072 5.72205e-07
      vertex 41.387 10.6653 5.6
      vertex 41.3 10.6072 5.6
    endloop
  endfacet
  facet normal 0.555362 -0.831609 0
    outer loop
      vertex 41.387 10.6653 5.6
      vertex 41.3 10.6072 5.72205e-07
      vertex 41.387 10.6653 5.72205e-07
    endloop
  endfacet
  facet normal -0.659371 0.751817 0
    outer loop
      vertex 0.312988 21.5347 5.72205e-07
      vertex 0.234314 21.4657 5.6
      vertex 0.312988 21.5347 5.6
    endloop
  endfacet
  facet normal -0.659371 0.751817 0
    outer loop
      vertex 0.234314 21.4657 5.6
      vertex 0.312988 21.5347 5.72205e-07
      vertex 0.234314 21.4657 5.72205e-07
    endloop
  endfacet
  facet normal 0.946948 -0.321388 0
    outer loop
      vertex 41.6391 10.9939 5.6
      vertex 41.6727 11.0929 5.72205e-07
      vertex 41.6727 11.0929 5.6
    endloop
  endfacet
  facet normal 0.946948 -0.321388 0
    outer loop
      vertex 41.6727 11.0929 5.72205e-07
      vertex 41.6391 10.9939 5.6
      vertex 41.6391 10.9939 5.72205e-07
    endloop
  endfacet
  facet normal -0.555269 0.831671 0
    outer loop
      vertex 0.400009 21.5928 5.72205e-07
      vertex 0.312988 21.5347 5.6
      vertex 0.400009 21.5928 5.6
    endloop
  endfacet
  facet normal -0.555269 0.831671 0
    outer loop
      vertex 0.312988 21.5347 5.6
      vertex 0.400009 21.5928 5.72205e-07
      vertex 0.312988 21.5347 5.72205e-07
    endloop
  endfacet
  facet normal 0.980837 0.19483 0
    outer loop
      vertex 41.6931 21.0044 5.6
      vertex 41.6727 21.1071 5.72205e-07
      vertex 41.6727 21.1071 5.6
    endloop
  endfacet
  facet normal 0.980837 0.19483 0
    outer loop
      vertex 41.6727 21.1071 5.72205e-07
      vertex 41.6931 21.0044 5.6
      vertex 41.6931 21.0044 5.72205e-07
    endloop
  endfacet
  facet normal 0 0 -1
    outer loop
      vertex 40.9 10.5 5.72205e-07
      vertex 41.7 11.3 5.72205e-07
      vertex 41.6931 11.1956 5.72205e-07
    endloop
  endfacet
  facet normal 0 0 -1
    outer loop
      vertex 40.9 10.5 5.72205e-07
      vertex 41.6931 11.1956 5.72205e-07
      vertex 41.6727 11.0929 5.72205e-07
    endloop
  endfacet
  facet normal 0 0 -1
    outer loop
      vertex 40.9 10.5 5.72205e-07
      vertex 41.6727 11.0929 5.72205e-07
      vertex 41.6391 10.9939 5.72205e-07
    endloop
  endfacet
  facet normal 0 0 -1
    outer loop
      vertex 40.9 10.5 5.72205e-07
      vertex 41.6391 10.9939 5.72205e-07
      vertex 41.5928 10.9 5.72205e-07
    endloop
  endfacet
  facet normal 0 0 -1
    outer loop
      vertex 40.9 10.5 5.72205e-07
      vertex 41.5928 10.9 5.72205e-07
      vertex 41.5347 10.813 5.72205e-07
    endloop
  endfacet
  facet normal 0 0 -1
    outer loop
      vertex 40.9 10.5 5.72205e-07
      vertex 41.5347 10.813 5.72205e-07
      vertex 41.4657 10.7343 5.72205e-07
    endloop
  endfacet
  facet normal 0 0 -1
    outer loop
      vertex 40.9 10.5 5.72205e-07
      vertex 41.4657 10.7343 5.72205e-07
      vertex 41.387 10.6653 5.72205e-07
    endloop
  endfacet
  facet normal 0 0 -1
    outer loop
      vertex 40.9 10.5 5.72205e-07
      vertex 41.387 10.6653 5.72205e-07
      vertex 41.3 10.6072 5.72205e-07
    endloop
  endfacet
  facet normal 0 0 -1
    outer loop
      vertex 40.9 10.5 5.72205e-07
      vertex 41.3 10.6072 5.72205e-07
      vertex 41.2061 10.5609 5.72205e-07
    endloop
  endfacet
  facet normal 0 0 -1
    outer loop
      vertex 40.9 10.5 5.72205e-07
      vertex 41.2061 10.5609 5.72205e-07
      vertex 41.1071 10.5273 5.72205e-07
    endloop
  endfacet
  facet normal 0 0 -1
    outer loop
      vertex 40.9 10.5 5.72205e-07
      vertex 41.1071 10.5273 5.72205e-07
      vertex 41.0044 10.5069 5.72205e-07
    endloop
  endfacet
  facet normal -0 0 -1
    outer loop
      vertex 41.7 11.3 5.72205e-07
      vertex 40.9 10.5 5.72205e-07
      vertex 41.7 13.3 5.72205e-07
    endloop
  endfacet
  facet normal 0 0 -1
    outer loop
      vertex 0.800003 10.5 5.72205e-07
      vertex 41.7 13.3 5.72205e-07
      vertex 40.9 10.5 5.72205e-07
    endloop
  endfacet
  facet normal 0 0 -1
    outer loop
      vertex 0 11.3 5.72205e-07
      vertex 0.800003 10.5 5.72205e-07
      vertex 0.695587 10.5069 5.72205e-07
    endloop
  endfacet
  facet normal 0 0 -1
    outer loop
      vertex 0 11.3 5.72205e-07
      vertex 0.695587 10.5069 5.72205e-07
      vertex 0.592941 10.5273 5.72205e-07
    endloop
  endfacet
  facet normal 0 0 -1
    outer loop
      vertex 0 11.3 5.72205e-07
      vertex 0.592941 10.5273 5.72205e-07
      vertex 0.493851 10.5609 5.72205e-07
    endloop
  endfacet
  facet normal 0 0 -1
    outer loop
      vertex 0 11.3 5.72205e-07
      vertex 0.493851 10.5609 5.72205e-07
      vertex 0.400009 10.6072 5.72205e-07
    endloop
  endfacet
  facet normal 0 0 -1
    outer loop
      vertex 0 11.3 5.72205e-07
      vertex 0.400009 10.6072 5.72205e-07
      vertex 0.312988 10.6653 5.72205e-07
    endloop
  endfacet
  facet normal 0 0 -1
    outer loop
      vertex 0 11.3 5.72205e-07
      vertex 0.312988 10.6653 5.72205e-07
      vertex 0.234314 10.7343 5.72205e-07
    endloop
  endfacet
  facet normal 0 0 -1
    outer loop
      vertex 0 11.3 5.72205e-07
      vertex 0.234314 10.7343 5.72205e-07
      vertex 0.165314 10.813 5.72205e-07
    endloop
  endfacet
  facet normal 0 0 -1
    outer loop
      vertex 0 11.3 5.72205e-07
      vertex 0.165314 10.813 5.72205e-07
      vertex 0.107178 10.9 5.72205e-07
    endloop
  endfacet
  facet normal 0 0 -1
    outer loop
      vertex 0 11.3 5.72205e-07
      vertex 0.107178 10.9 5.72205e-07
      vertex 0.0608978 10.9939 5.72205e-07
    endloop
  endfacet
  facet normal 0 0 -1
    outer loop
      vertex 0 11.3 5.72205e-07
      vertex 0.0608978 10.9939 5.72205e-07
      vertex 0.0272675 11.0929 5.72205e-07
    endloop
  endfacet
  facet normal 0 0 -1
    outer loop
      vertex 0 11.3 5.72205e-07
      vertex 0.0272675 11.0929 5.72205e-07
      vertex 0.0068512 11.1956 5.72205e-07
    endloop
  endfacet
  facet normal 0 0 -1
    outer loop
      vertex 0.800003 10.5 5.72205e-07
      vertex 0 11.3 5.72205e-07
      vertex 0 13.3 5.72205e-07
    endloop
  endfacet
  facet normal 0 0 -1
    outer loop
      vertex 0.800003 10.5 5.72205e-07
      vertex 0 13.3 5.72205e-07
      vertex 41.7 13.3 5.72205e-07
    endloop
  endfacet
  facet normal 0 0 -1
    outer loop
      vertex 40.9 21.7 5.72205e-07
      vertex 41.7 20.9 5.72205e-07
      vertex 41.7 18.9 5.72205e-07
    endloop
  endfacet
  facet normal 0 0 -1
    outer loop
      vertex 41.7 20.9 5.72205e-07
      vertex 40.9 21.7 5.72205e-07
      vertex 41.6931 21.0044 5.72205e-07
    endloop
  endfacet
  facet normal 0 0 -1
    outer loop
      vertex 41.6931 21.0044 5.72205e-07
      vertex 40.9 21.7 5.72205e-07
      vertex 41.6727 21.1071 5.72205e-07
    endloop
  endfacet
  facet normal 0 0 -1
    outer loop
      vertex 41.6727 21.1071 5.72205e-07
      vertex 40.9 21.7 5.72205e-07
      vertex 41.6391 21.2061 5.72205e-07
    endloop
  endfacet
  facet normal 0 0 -1
    outer loop
      vertex 41.6391 21.2061 5.72205e-07
      vertex 40.9 21.7 5.72205e-07
      vertex 41.5928 21.3 5.72205e-07
    endloop
  endfacet
  facet normal 0 0 -1
    outer loop
      vertex 41.5928 21.3 5.72205e-07
      vertex 40.9 21.7 5.72205e-07
      vertex 41.5347 21.387 5.72205e-07
    endloop
  endfacet
  facet normal 0 0 -1
    outer loop
      vertex 41.5347 21.387 5.72205e-07
      vertex 40.9 21.7 5.72205e-07
      vertex 41.4657 21.4657 5.72205e-07
    endloop
  endfacet
  facet normal 0 0 -1
    outer loop
      vertex 41.4657 21.4657 5.72205e-07
      vertex 40.9 21.7 5.72205e-07
      vertex 41.387 21.5347 5.72205e-07
    endloop
  endfacet
  facet normal 0 0 -1
    outer loop
      vertex 41.387 21.5347 5.72205e-07
      vertex 40.9 21.7 5.72205e-07
      vertex 41.3 21.5928 5.72205e-07
    endloop
  endfacet
  facet normal 0 0 -1
    outer loop
      vertex 41.3 21.5928 5.72205e-07
      vertex 40.9 21.7 5.72205e-07
      vertex 41.2061 21.6391 5.72205e-07
    endloop
  endfacet
  facet normal 0 0 -1
    outer loop
      vertex 41.2061 21.6391 5.72205e-07
      vertex 40.9 21.7 5.72205e-07
      vertex 41.1071 21.6727 5.72205e-07
    endloop
  endfacet
  facet normal 0 0 -1
    outer loop
      vertex 41.1071 21.6727 5.72205e-07
      vertex 40.9 21.7 5.72205e-07
      vertex 41.0044 21.6931 5.72205e-07
    endloop
  endfacet
  facet normal 0 0 -1
    outer loop
      vertex 41.7 18.9 5.72205e-07
      vertex 0.800003 21.7 5.72205e-07
      vertex 40.9 21.7 5.72205e-07
    endloop
  endfacet
  facet normal 0 0 -1
    outer loop
      vertex 0 18.9 5.72205e-07
      vertex 0.800003 21.7 5.72205e-07
      vertex 41.7 18.9 5.72205e-07
    endloop
  endfacet
  facet normal 0 0 -1
    outer loop
      vertex 0 20.9 5.72205e-07
      vertex 0.800003 21.7 5.72205e-07
      vertex 0 18.9 5.72205e-07
    endloop
  endfacet
  facet normal 0 0 -1
    outer loop
      vertex 0.800003 21.7 5.72205e-07
      vertex 0 20.9 5.72205e-07
      vertex 0.695587 21.6931 5.72205e-07
    endloop
  endfacet
  facet normal 0 0 -1
    outer loop
      vertex 0.695587 21.6931 5.72205e-07
      vertex 0 20.9 5.72205e-07
      vertex 0.592941 21.6727 5.72205e-07
    endloop
  endfacet
  facet normal 0 0 -1
    outer loop
      vertex 0.592941 21.6727 5.72205e-07
      vertex 0 20.9 5.72205e-07
      vertex 0.493851 21.6391 5.72205e-07
    endloop
  endfacet
  facet normal 0 0 -1
    outer loop
      vertex 0.493851 21.6391 5.72205e-07
      vertex 0 20.9 5.72205e-07
      vertex 0.400009 21.5928 5.72205e-07
    endloop
  endfacet
  facet normal 0 0 -1
    outer loop
      vertex 0.400009 21.5928 5.72205e-07
      vertex 0 20.9 5.72205e-07
      vertex 0.312988 21.5347 5.72205e-07
    endloop
  endfacet
  facet normal 0 0 -1
    outer loop
      vertex 0.312988 21.5347 5.72205e-07
      vertex 0 20.9 5.72205e-07
      vertex 0.234314 21.4657 5.72205e-07
    endloop
  endfacet
  facet normal 0 0 -1
    outer loop
      vertex 0.234314 21.4657 5.72205e-07
      vertex 0 20.9 5.72205e-07
      vertex 0.165314 21.387 5.72205e-07
    endloop
  endfacet
  facet normal 0 0 -1
    outer loop
      vertex 0.165314 21.387 5.72205e-07
      vertex 0 20.9 5.72205e-07
      vertex 0.107178 21.3 5.72205e-07
    endloop
  endfacet
  facet normal 0 0 -1
    outer loop
      vertex 0.107178 21.3 5.72205e-07
      vertex 0 20.9 5.72205e-07
      vertex 0.0608978 21.2061 5.72205e-07
    endloop
  endfacet
  facet normal 0 0 -1
    outer loop
      vertex 0.0608978 21.2061 5.72205e-07
      vertex 0 20.9 5.72205e-07
      vertex 0.0272675 21.1071 5.72205e-07
    endloop
  endfacet
  facet normal 0 0 -1
    outer loop
      vertex 0.0272675 21.1071 5.72205e-07
      vertex 0 20.9 5.72205e-07
      vertex 0.0068512 21.0044 5.72205e-07
    endloop
  endfacet
  facet normal -1 0 0
    outer loop
      vertex 40.1 30.6 7.2
      vertex 40.1 19.1 14.2
      vertex 40.1 30.6 25.2
    endloop
  endfacet
  facet normal -1 0 0
    outer loop
      vertex 40.1 30.6 7.2
      vertex 40.1 13.1 14.2
      vertex 40.1 19.1 14.2
    endloop
  endfacet
  facet normal -1 -0 0
    outer loop
      vertex 40.1 13.1 14.2
      vertex 40.1 1.6 7.2
      vertex 40.1 13.1 18.2
    endloop
  endfacet
  facet normal -1 0 0
    outer loop
      vertex 40.1 1.6 7.2
      vertex 40.1 13.1 14.2
      vertex 40.1 30.6 7.2
    endloop
  endfacet
  facet normal -1 0 0
    outer loop
      vertex 40.1 19.1 18.2
      vertex 40.1 30.6 25.2
      vertex 40.1 19.1 14.2
    endloop
  endfacet
  facet normal -1 0 0
    outer loop
      vertex 40.1 13.1 18.2
      vertex 40.1 30.6 25.2
      vertex 40.1 19.1 18.2
    endloop
  endfacet
  facet normal -1 0 0
    outer loop
      vertex 40.1 13.1 18.2
      vertex 40.1 1.6 25.2
      vertex 40.1 30.6 25.2
    endloop
  endfacet
  facet normal -1 0 0
    outer loop
      vertex 40.1 1.6 25.2
      vertex 40.1 13.1 18.2
      vertex 40.1 1.6 7.2
    endloop
  endfacet
  facet normal -1 0 0
    outer loop
      vertex 40.1 1.6 26.8
      vertex 40.1 30.6 27.8
      vertex 40.1 30.6 26.8
    endloop
  endfacet
  facet normal -1 -0 0
    outer loop
      vertex 40.1 30.6 27.8
      vertex 40.1 1.6 26.8
      vertex 40.1 1.6 27.8
    endloop
  endfacet
  facet normal -0 0 1
    outer loop
      vertex 1.6 30.6 7.2
      vertex 40.1 1.6 7.2
      vertex 40.1 30.6 7.2
    endloop
  endfacet
  facet normal 0 0 1
    outer loop
      vertex 40.1 1.6 7.2
      vertex 1.6 30.6 7.2
      vertex 1.6 1.6 7.2
    endloop
  endfacet
  facet normal 1 -0 0
    outer loop
      vertex 1.6 0.599999 26.8
      vertex 1.6 1.6 25.2
      vertex 1.6 1.6 26.8
    endloop
  endfacet
  facet normal 1 0 0
    outer loop
      vertex 1.6 1.6 25.2
      vertex 1.6 0.599999 26.8
      vertex 1.6 0.599999 25.2
    endloop
  endfacet
  facet normal 1 0 0
    outer loop
      vertex 1.6 19.1 18.2
      vertex 1.6 30.6 26.8
      vertex 1.6 30.6 27.8
    endloop
  endfacet
  facet normal 1 0 0
    outer loop
      vertex 1.6 30.6 26.8
      vertex 1.6 19.1 18.2
      vertex 1.6 30.6 25.2
    endloop
  endfacet
  facet normal 1 0 0
    outer loop
      vertex 1.6 30.6 25.2
      vertex 1.6 19.1 18.2
      vertex 1.6 30.6 7.2
    endloop
  endfacet
  facet normal 1 0 0
    outer loop
      vertex 1.6 30.6 27.8
      vertex 1.6 13.1 18.2
      vertex 1.6 19.1 18.2
    endloop
  endfacet
  facet normal 1 -0 0
    outer loop
      vertex 1.6 1.6 26.8
      vertex 1.6 13.1 18.2
      vertex 1.6 1.6 27.8
    endloop
  endfacet
  facet normal 1 -0 0
    outer loop
      vertex 1.6 1.6 27.8
      vertex 1.6 13.1 18.2
      vertex 1.6 30.6 27.8
    endloop
  endfacet
  facet normal 1 -0 0
    outer loop
      vertex 1.6 30.6 26.8
      vertex 1.6 31.6 25.2
      vertex 1.6 31.6 26.8
    endloop
  endfacet
  facet normal 1 0 0
    outer loop
      vertex 1.6 31.6 25.2
      vertex 1.6 30.6 26.8
      vertex 1.6 30.6 25.2
    endloop
  endfacet
  facet normal 1 -0 0
    outer loop
      vertex 1.6 19.1 14.2
      vertex 1.6 30.6 7.2
      vertex 1.6 19.1 18.2
    endloop
  endfacet
  facet normal 1 -0 0
    outer loop
      vertex 1.6 13.1 14.2
      vertex 1.6 30.6 7.2
      vertex 1.6 19.1 14.2
    endloop
  endfacet
  facet normal 1 -0 0
    outer loop
      vertex 1.6 1.6 25.2
      vertex 1.6 13.1 18.2
      vertex 1.6 1.6 26.8
    endloop
  endfacet
  facet normal 1 0 0
    outer loop
      vertex 1.6 13.1 18.2
      vertex 1.6 1.6 25.2
      vertex 1.6 13.1 14.2
    endloop
  endfacet
  facet normal 1 0 0
    outer loop
      vertex 1.6 13.1 14.2
      vertex 1.6 1.6 7.2
      vertex 1.6 30.6 7.2
    endloop
  endfacet
  facet normal 1 0 0
    outer loop
      vertex 1.6 1.6 7.2
      vertex 1.6 13.1 14.2
      vertex 1.6 1.6 25.2
    endloop
  endfacet
  facet normal 0 0 -1
    outer loop
      vertex 40.1 1.6 26.8
      vertex 41.7 1 26.8
      vertex 41.6914 0.869476 26.8
    endloop
  endfacet
  facet normal 0 0 -1
    outer loop
      vertex 41.7 1 26.8
      vertex 40.1 1.6 26.8
      vertex 41.7 31.2 26.8
    endloop
  endfacet
  facet normal 0 0 -1
    outer loop
      vertex 40.1 1.6 26.8
      vertex 41.6914 0.869476 26.8
      vertex 41.6659 0.74118 26.8
    endloop
  endfacet
  facet normal 0 0 -1
    outer loop
      vertex 40.1 30.6 26.8
      vertex 41.7 31.2 26.8
      vertex 40.1 1.6 26.8
    endloop
  endfacet
  facet normal 0 0 -1
    outer loop
      vertex 41.6153 0.599999 26.8
      vertex 41.6659 0.74118 26.8
      vertex 41.6239 0.61731 26.8
    endloop
  endfacet
  facet normal -0 0 -1
    outer loop
      vertex 41.7 31.2 26.8
      vertex 40.1 30.6 26.8
      vertex 41.6914 31.3305 26.8
    endloop
  endfacet
  facet normal -0 0 -1
    outer loop
      vertex 41.6659 0.74118 26.8
      vertex 41.6153 0.599999 26.8
      vertex 40.1 1.6 26.8
    endloop
  endfacet
  facet normal -0 0 -1
    outer loop
      vertex 41.6914 31.3305 26.8
      vertex 40.1 30.6 26.8
      vertex 41.6659 31.4588 26.8
    endloop
  endfacet
  facet normal 0 -0 -1
    outer loop
      vertex 41.6153 31.6 26.8
      vertex 41.6659 31.4588 26.8
      vertex 40.1 30.6 26.8
    endloop
  endfacet
  facet normal 0 0 -1
    outer loop
      vertex 1.6 0.599999 26.8
      vertex 40.1 1.6 26.8
      vertex 41.6153 0.599999 26.8
    endloop
  endfacet
  facet normal -0 0 -1
    outer loop
      vertex 40.1 1.6 26.8
      vertex 1.6 0.599999 26.8
      vertex 1.6 1.6 26.8
    endloop
  endfacet
  facet normal 0 0 -1
    outer loop
      vertex 41.6659 31.4588 26.8
      vertex 41.6153 31.6 26.8
      vertex 41.6239 31.5827 26.8
    endloop
  endfacet
  facet normal 0 0 -1
    outer loop
      vertex 1.6 31.6 26.8
      vertex 40.1 30.6 26.8
      vertex 1.6 30.6 26.8
    endloop
  endfacet
  facet normal 0 0 -1
    outer loop
      vertex 40.1 30.6 26.8
      vertex 1.6 31.6 26.8
      vertex 41.6153 31.6 26.8
    endloop
  endfacet
  facet normal 0 0 1
    outer loop
      vertex 40.1 30.6 25.2
      vertex 41.7 31.2 25.2
      vertex 41.6914 31.3305 25.2
    endloop
  endfacet
  facet normal 0 0 1
    outer loop
      vertex 41.7 31.2 25.2
      vertex 40.1 30.6 25.2
      vertex 41.7 1 25.2
    endloop
  endfacet
  facet normal 0 0 1
    outer loop
      vertex 40.1 30.6 25.2
      vertex 41.6914 31.3305 25.2
      vertex 41.6659 31.4588 25.2
    endloop
  endfacet
  facet normal -0 0 1
    outer loop
      vertex 40.1 1.6 25.2
      vertex 41.7 1 25.2
      vertex 40.1 30.6 25.2
    endloop
  endfacet
  facet normal 0 0 1
    outer loop
      vertex 41.6153 31.6 25.2
      vertex 41.6659 31.4588 25.2
      vertex 41.6239 31.5827 25.2
    endloop
  endfacet
  facet normal 0 0 1
    outer loop
      vertex 41.7 1 25.2
      vertex 40.1 1.6 25.2
      vertex 41.6914 0.869476 25.2
    endloop
  endfacet
  facet normal 0 0 1
    outer loop
      vertex 41.6659 31.4588 25.2
      vertex 41.6153 31.6 25.2
      vertex 40.1 30.6 25.2
    endloop
  endfacet
  facet normal 0 0 1
    outer loop
      vertex 41.6914 0.869476 25.2
      vertex 40.1 1.6 25.2
      vertex 41.6659 0.74118 25.2
    endloop
  endfacet
  facet normal 0 -0 1
    outer loop
      vertex 41.6153 0.599999 25.2
      vertex 41.6659 0.74118 25.2
      vertex 40.1 1.6 25.2
    endloop
  endfacet
  facet normal -0 0 1
    outer loop
      vertex 35 31.6 25.2
      vertex 40.1 30.6 25.2
      vertex 41.6153 31.6 25.2
    endloop
  endfacet
  facet normal 0 0 1
    outer loop
      vertex 40.1 30.6 25.2
      vertex 35 31.6 25.2
      vertex 35 30.6 25.2
    endloop
  endfacet
  facet normal 0 0 1
    outer loop
      vertex 41.6659 0.74118 25.2
      vertex 41.6153 0.599999 25.2
      vertex 41.6239 0.61731 25.2
    endloop
  endfacet
  facet normal 0 0 1
    outer loop
      vertex 35 0.599999 25.2
      vertex 40.1 1.6 25.2
      vertex 35 1.6 25.2
    endloop
  endfacet
  facet normal 0 0 1
    outer loop
      vertex 40.1 1.6 25.2
      vertex 35 0.599999 25.2
      vertex 41.6153 0.599999 25.2
    endloop
  endfacet
  facet normal -0 0 1
    outer loop
      vertex 1.6 1.6 25.2
      vertex 34.4 0.599999 25.2
      vertex 34.4 1.6 25.2
    endloop
  endfacet
  facet normal 0 0 1
    outer loop
      vertex 34.4 0.599999 25.2
      vertex 1.6 1.6 25.2
      vertex 1.6 0.599999 25.2
    endloop
  endfacet
  facet normal -0 0 1
    outer loop
      vertex 1.6 31.6 25.2
      vertex 34.4 30.6 25.2
      vertex 34.4 31.6 25.2
    endloop
  endfacet
  facet normal 0 0 1
    outer loop
      vertex 34.4 30.6 25.2
      vertex 1.6 31.6 25.2
      vertex 1.6 30.6 25.2
    endloop
  endfacet
  facet normal 0 -0.9442 0.329373
    outer loop
      vertex 0 18.9 5.72205e-07
      vertex 41.7 20.4 4.29999
      vertex 0 20.4 4.29999
    endloop
  endfacet
  facet normal 0 -0.9442 0.329373
    outer loop
      vertex 41.7 20.4 4.29999
      vertex 0 18.9 5.72205e-07
      vertex 41.7 18.9 5.72205e-07
    endloop
  endfacet
  facet normal 0 0 -1
    outer loop
      vertex 0 11.8 4.29999
      vertex 41.7 20.4 4.29999
      vertex 41.7 11.8 4.29999
    endloop
  endfacet
  facet normal -0 0 -1
    outer loop
      vertex 41.7 20.4 4.29999
      vertex 0 11.8 4.29999
      vertex 0 20.4 4.29999
    endloop
  endfacet
  facet normal 0 0.9442 0.329373
    outer loop
      vertex 41.7 13.3 5.72205e-07
      vertex 0 11.8 4.29999
      vertex 41.7 11.8 4.29999
    endloop
  endfacet
  facet normal 0 0.9442 0.329373
    outer loop
      vertex 0 11.8 4.29999
      vertex 41.7 13.3 5.72205e-07
      vertex 0 13.3 5.72205e-07
    endloop
  endfacet
  facet normal 0 0 -1
    outer loop
      vertex 0 13.1 18.2
      vertex 1.6 19.1 18.2
      vertex 1.6 13.1 18.2
    endloop
  endfacet
  facet normal -0 0 -1
    outer loop
      vertex 1.6 19.1 18.2
      vertex 0 13.1 18.2
      vertex 0 19.1 18.2
    endloop
  endfacet
  facet normal -0 0 1
    outer loop
      vertex 0 19.1 14.2
      vertex 1.6 13.1 14.2
      vertex 1.6 19.1 14.2
    endloop
  endfacet
  facet normal 0 0 1
    outer loop
      vertex 1.6 13.1 14.2
      vertex 0 19.1 14.2
      vertex 0 13.1 14.2
    endloop
  endfacet
  facet normal 0 -1 0
    outer loop
      vertex 0 19.1 14.2
      vertex 1.6 19.1 18.2
      vertex 0 19.1 18.2
    endloop
  endfacet
  facet normal 0 -1 -0
    outer loop
      vertex 1.6 19.1 18.2
      vertex 0 19.1 14.2
      vertex 1.6 19.1 14.2
    endloop
  endfacet
  facet normal 0 1 -0
    outer loop
      vertex 1.6 13.1 14.2
      vertex 0 13.1 18.2
      vertex 1.6 13.1 18.2
    endloop
  endfacet
  facet normal 0 1 0
    outer loop
      vertex 0 13.1 18.2
      vertex 1.6 13.1 14.2
      vertex 0 13.1 14.2
    endloop
  endfacet
  facet normal 0 0 -1
    outer loop
      vertex 40.1 13.1 18.2
      vertex 41.7 19.1 18.2
      vertex 41.7 13.1 18.2
    endloop
  endfacet
  facet normal -0 0 -1
    outer loop
      vertex 41.7 19.1 18.2
      vertex 40.1 13.1 18.2
      vertex 40.1 19.1 18.2
    endloop
  endfacet
  facet normal -0 0 1
    outer loop
      vertex 40.1 19.1 14.2
      vertex 41.7 13.1 14.2
      vertex 41.7 19.1 14.2
    endloop
  endfacet
  facet normal 0 0 1
    outer loop
      vertex 41.7 13.1 14.2
      vertex 40.1 19.1 14.2
      vertex 40.1 13.1 14.2
    endloop
  endfacet
  facet normal 0 -1 0
    outer loop
      vertex 40.1 19.1 14.2
      vertex 41.7 19.1 18.2
      vertex 40.1 19.1 18.2
    endloop
  endfacet
  facet normal 0 -1 -0
    outer loop
      vertex 41.7 19.1 18.2
      vertex 40.1 19.1 14.2
      vertex 41.7 19.1 14.2
    endloop
  endfacet
  facet normal 0 1 -0
    outer loop
      vertex 41.7 13.1 14.2
      vertex 40.1 13.1 18.2
      vertex 41.7 13.1 18.2
    endloop
  endfacet
  facet normal 0 1 0
    outer loop
      vertex 40.1 13.1 18.2
      vertex 41.7 13.1 14.2
      vertex 40.1 13.1 14.2
    endloop
  endfacet
  facet normal 0.454022 0 0.890991
    outer loop
      vertex 97.9927 1.6 15.4853
      vertex 98.0763 0.599999 15.4427
      vertex 98.0763 1.6 15.4427
    endloop
  endfacet
  facet normal 0.454022 0 0.890991
    outer loop
      vertex 98.0763 0.599999 15.4427
      vertex 97.9927 1.6 15.4853
      vertex 97.9927 0.599999 15.4853
    endloop
  endfacet
  facet normal 0.707107 0 0.707107
    outer loop
      vertex 98.0763 1.6 15.4427
      vertex 98.1427 0.599999 15.3763
      vertex 98.1427 1.6 15.3763
    endloop
  endfacet
  facet normal 0.707107 0 0.707107
    outer loop
      vertex 98.1427 0.599999 15.3763
      vertex 98.0763 1.6 15.4427
      vertex 98.0763 0.599999 15.4427
    endloop
  endfacet
  facet normal -0.156619 0 0.987659
    outer loop
      vertex 97.8073 1.6 15.4853
      vertex 97.9 0.599999 15.5
      vertex 97.9 1.6 15.5
    endloop
  endfacet
  facet normal -0.156619 0 0.987659
    outer loop
      vertex 97.9 0.599999 15.5
      vertex 97.8073 1.6 15.4853
      vertex 97.8073 0.599999 15.4853
    endloop
  endfacet
  facet normal 0.987659 -0 0.156619
    outer loop
      vertex 98.1853 0.599999 15.2927
      vertex 98.2 1.6 15.2
      vertex 98.1853 1.6 15.2927
    endloop
  endfacet
  facet normal 0.987659 0 0.156619
    outer loop
      vertex 98.2 1.6 15.2
      vertex 98.1853 0.599999 15.2927
      vertex 98.2 0.599999 15.2
    endloop
  endfacet
  facet normal 0.890991 -0 0.454022
    outer loop
      vertex 98.1427 0.599999 15.3763
      vertex 98.1853 1.6 15.2927
      vertex 98.1427 1.6 15.3763
    endloop
  endfacet
  facet normal 0.890991 0 0.454022
    outer loop
      vertex 98.1853 1.6 15.2927
      vertex 98.1427 0.599999 15.3763
      vertex 98.1853 0.599999 15.2927
    endloop
  endfacet
  facet normal 0.156619 0 0.987659
    outer loop
      vertex 97.9 1.6 15.5
      vertex 97.9927 0.599999 15.4853
      vertex 97.9927 1.6 15.4853
    endloop
  endfacet
  facet normal 0.156619 0 0.987659
    outer loop
      vertex 97.9927 0.599999 15.4853
      vertex 97.9 1.6 15.5
      vertex 97.9 0.599999 15.5
    endloop
  endfacet
  facet normal -0.987659 0 0.156619
    outer loop
      vertex 97.6 0.599999 15.2
      vertex 97.6147 1.6 15.2927
      vertex 97.6 1.6 15.2
    endloop
  endfacet
  facet normal -0.987659 0 0.156619
    outer loop
      vertex 97.6147 1.6 15.2927
      vertex 97.6 0.599999 15.2
      vertex 97.6147 0.599999 15.2927
    endloop
  endfacet
  facet normal 0 1 0
    outer loop
      vertex 104.815 0.599999 16.8
      vertex 97.9 0.599999 15.5
      vertex 51.3 0.599999 16.8
    endloop
  endfacet
  facet normal 0 1 0
    outer loop
      vertex 104.815 0.599999 16.8
      vertex 97.9927 0.599999 15.4853
      vertex 97.9 0.599999 15.5
    endloop
  endfacet
  facet normal 0 1 0
    outer loop
      vertex 104.815 0.599999 16.8
      vertex 98.0763 0.599999 15.4427
      vertex 97.9927 0.599999 15.4853
    endloop
  endfacet
  facet normal 0 1 0
    outer loop
      vertex 104.815 0.599999 16.8
      vertex 98.1427 0.599999 15.3763
      vertex 98.0763 0.599999 15.4427
    endloop
  endfacet
  facet normal 0 1 0
    outer loop
      vertex 104.815 0.599999 16.8
      vertex 98.1853 0.599999 15.2927
      vertex 98.1427 0.599999 15.3763
    endloop
  endfacet
  facet normal 0 1 -0
    outer loop
      vertex 104.815 0.599999 15.2
      vertex 98.1853 0.599999 15.2927
      vertex 104.815 0.599999 16.8
    endloop
  endfacet
  facet normal 0 1 0
    outer loop
      vertex 98.1853 0.599999 15.2927
      vertex 104.815 0.599999 15.2
      vertex 98.2 0.599999 15.2
    endloop
  endfacet
  facet normal 0 1 -0
    outer loop
      vertex 97.8073 0.599999 15.4853
      vertex 51.3 0.599999 16.8
      vertex 97.9 0.599999 15.5
    endloop
  endfacet
  facet normal 0 1 -0
    outer loop
      vertex 97.7237 0.599999 15.4427
      vertex 51.3 0.599999 16.8
      vertex 97.8073 0.599999 15.4853
    endloop
  endfacet
  facet normal 0 1 -0
    outer loop
      vertex 97.6573 0.599999 15.3763
      vertex 51.3 0.599999 16.8
      vertex 97.7237 0.599999 15.4427
    endloop
  endfacet
  facet normal 0 1 -0
    outer loop
      vertex 97.6147 0.599999 15.2927
      vertex 51.3 0.599999 16.8
      vertex 97.6573 0.599999 15.3763
    endloop
  endfacet
  facet normal 0 1 -0
    outer loop
      vertex 97.6 0.599999 15.2
      vertex 51.3 0.599999 16.8
      vertex 97.6147 0.599999 15.2927
    endloop
  endfacet
  facet normal 0 1 0
    outer loop
      vertex 51.3 0.599999 16.8
      vertex 97.6 0.599999 15.2
      vertex 51.3 0.599999 15.2
    endloop
  endfacet
  facet normal -0.890991 0 0.454022
    outer loop
      vertex 97.6147 0.599999 15.2927
      vertex 97.6573 1.6 15.3763
      vertex 97.6147 1.6 15.2927
    endloop
  endfacet
  facet normal -0.890991 0 0.454022
    outer loop
      vertex 97.6573 1.6 15.3763
      vertex 97.6147 0.599999 15.2927
      vertex 97.6573 0.599999 15.3763
    endloop
  endfacet
  facet normal -0.454022 0 0.890991
    outer loop
      vertex 97.7237 1.6 15.4427
      vertex 97.8073 0.599999 15.4853
      vertex 97.8073 1.6 15.4853
    endloop
  endfacet
  facet normal -0.454022 0 0.890991
    outer loop
      vertex 97.8073 0.599999 15.4853
      vertex 97.7237 1.6 15.4427
      vertex 97.7237 0.599999 15.4427
    endloop
  endfacet
  facet normal -0.707107 0 0.707107
    outer loop
      vertex 97.6573 0.599999 15.3763
      vertex 97.7237 1.6 15.4427
      vertex 97.6573 1.6 15.3763
    endloop
  endfacet
  facet normal -0.707107 0 0.707107
    outer loop
      vertex 97.7237 1.6 15.4427
      vertex 97.6573 0.599999 15.3763
      vertex 97.7237 0.599999 15.4427
    endloop
  endfacet
  facet normal 0 1 0
    outer loop
      vertex 97.9927 1.6 15.4853
      vertex 97.8073 1.6 15.4853
      vertex 97.9 1.6 15.5
    endloop
  endfacet
  facet normal 0 1 0
    outer loop
      vertex 98.0763 1.6 15.4427
      vertex 97.8073 1.6 15.4853
      vertex 97.9927 1.6 15.4853
    endloop
  endfacet
  facet normal 0 1 0
    outer loop
      vertex 98.0763 1.6 15.4427
      vertex 97.7237 1.6 15.4427
      vertex 97.8073 1.6 15.4853
    endloop
  endfacet
  facet normal 0 1 0
    outer loop
      vertex 98.1427 1.6 15.3763
      vertex 97.7237 1.6 15.4427
      vertex 98.0763 1.6 15.4427
    endloop
  endfacet
  facet normal 0 1 0
    outer loop
      vertex 98.1427 1.6 15.3763
      vertex 97.6573 1.6 15.3763
      vertex 97.7237 1.6 15.4427
    endloop
  endfacet
  facet normal 0 1 0
    outer loop
      vertex 98.1853 1.6 15.2927
      vertex 97.6573 1.6 15.3763
      vertex 98.1427 1.6 15.3763
    endloop
  endfacet
  facet normal 0 1 0
    outer loop
      vertex 98.1853 1.6 15.2927
      vertex 97.6147 1.6 15.2927
      vertex 97.6573 1.6 15.3763
    endloop
  endfacet
  facet normal 0 1 0
    outer loop
      vertex 98.2 1.6 15.2
      vertex 97.6147 1.6 15.2927
      vertex 98.1853 1.6 15.2927
    endloop
  endfacet
  facet normal 0 1 0
    outer loop
      vertex 98.2 1.6 15.2
      vertex 97.6 1.6 15.2
      vertex 97.6147 1.6 15.2927
    endloop
  endfacet
  facet normal 0 1 -0
    outer loop
      vertex 98.1853 1.6 15.1073
      vertex 97.6 1.6 15.2
      vertex 98.2 1.6 15.2
    endloop
  endfacet
  facet normal 0 1 0
    outer loop
      vertex 98.1853 1.6 15.1073
      vertex 97.6147 1.6 15.1073
      vertex 97.6 1.6 15.2
    endloop
  endfacet
  facet normal 0 1 -0
    outer loop
      vertex 98.1427 1.6 15.0237
      vertex 97.6147 1.6 15.1073
      vertex 98.1853 1.6 15.1073
    endloop
  endfacet
  facet normal 0 1 0
    outer loop
      vertex 98.1427 1.6 15.0237
      vertex 97.6573 1.6 15.0237
      vertex 97.6147 1.6 15.1073
    endloop
  endfacet
  facet normal 0 1 -0
    outer loop
      vertex 98.0763 1.6 14.9573
      vertex 97.6573 1.6 15.0237
      vertex 98.1427 1.6 15.0237
    endloop
  endfacet
  facet normal 0 1 0
    outer loop
      vertex 98.0763 1.6 14.9573
      vertex 97.7237 1.6 14.9573
      vertex 97.6573 1.6 15.0237
    endloop
  endfacet
  facet normal 0 1 -0
    outer loop
      vertex 97.9927 1.6 14.9147
      vertex 97.7237 1.6 14.9573
      vertex 98.0763 1.6 14.9573
    endloop
  endfacet
  facet normal 0 1 0
    outer loop
      vertex 97.9927 1.6 14.9147
      vertex 97.8073 1.6 14.9147
      vertex 97.7237 1.6 14.9573
    endloop
  endfacet
  facet normal -0 1 0
    outer loop
      vertex 97.8073 1.6 14.9147
      vertex 97.9927 1.6 14.9147
      vertex 97.9 1.6 14.9
    endloop
  endfacet
  facet normal 0 1 0
    outer loop
      vertex 103.3 1.6 15.2
      vertex 98.1853 1.6 15.1073
      vertex 98.2 1.6 15.2
    endloop
  endfacet
  facet normal 0 1 0
    outer loop
      vertex 103.3 1.6 15.2
      vertex 98.1427 1.6 15.0237
      vertex 98.1853 1.6 15.1073
    endloop
  endfacet
  facet normal 0 1 0
    outer loop
      vertex 103.3 1.6 15.2
      vertex 98.0763 1.6 14.9573
      vertex 98.1427 1.6 15.0237
    endloop
  endfacet
  facet normal 0 1 -0
    outer loop
      vertex 103.3 1.6 7.2
      vertex 98.0763 1.6 14.9573
      vertex 103.3 1.6 15.2
    endloop
  endfacet
  facet normal 0 1 0
    outer loop
      vertex 98.0763 1.6 14.9573
      vertex 103.3 1.6 7.2
      vertex 97.9927 1.6 14.9147
    endloop
  endfacet
  facet normal 0 1 0
    outer loop
      vertex 97.9927 1.6 14.9147
      vertex 103.3 1.6 7.2
      vertex 97.9 1.6 14.9
    endloop
  endfacet
  facet normal 0 1 0
    outer loop
      vertex 97.6147 1.6 15.1073
      vertex 51.3 1.6 15.2
      vertex 97.6 1.6 15.2
    endloop
  endfacet
  facet normal 0 1 0
    outer loop
      vertex 51.3 1.6 7.2
      vertex 97.6147 1.6 15.1073
      vertex 97.6573 1.6 15.0237
    endloop
  endfacet
  facet normal 0 1 0
    outer loop
      vertex 51.3 1.6 7.2
      vertex 97.6573 1.6 15.0237
      vertex 97.7237 1.6 14.9573
    endloop
  endfacet
  facet normal 0 1 0
    outer loop
      vertex 103.3 1.6 7.2
      vertex 97.7237 1.6 14.9573
      vertex 97.8073 1.6 14.9147
    endloop
  endfacet
  facet normal 0 1 0
    outer loop
      vertex 103.3 1.6 7.2
      vertex 97.8073 1.6 14.9147
      vertex 97.9 1.6 14.9
    endloop
  endfacet
  facet normal 0 1 0
    outer loop
      vertex 97.7237 1.6 14.9573
      vertex 103.3 1.6 7.2
      vertex 51.3 1.6 7.2
    endloop
  endfacet
  facet normal 0 1 0
    outer loop
      vertex 97.6147 1.6 15.1073
      vertex 51.3 1.6 7.2
      vertex 51.3 1.6 15.2
    endloop
  endfacet
  facet normal 0 1 -0
    outer loop
      vertex 103.3 1.6 16.8
      vertex 51.3 1.6 17.8
      vertex 103.3 1.6 17.8
    endloop
  endfacet
  facet normal 0 1 0
    outer loop
      vertex 51.3 1.6 17.8
      vertex 103.3 1.6 16.8
      vertex 51.3 1.6 16.8
    endloop
  endfacet
  facet normal 0.454022 0 0.890991
    outer loop
      vertex 97.9927 30.6 15.4853
      vertex 98.0763 29.6 15.4427
      vertex 98.0763 30.6 15.4427
    endloop
  endfacet
  facet normal 0.454022 0 0.890991
    outer loop
      vertex 98.0763 29.6 15.4427
      vertex 97.9927 30.6 15.4853
      vertex 97.9927 29.6 15.4853
    endloop
  endfacet
  facet normal 0.707107 0 0.707107
    outer loop
      vertex 98.0763 30.6 15.4427
      vertex 98.1427 29.6 15.3763
      vertex 98.1427 30.6 15.3763
    endloop
  endfacet
  facet normal 0.707107 0 0.707107
    outer loop
      vertex 98.1427 29.6 15.3763
      vertex 98.0763 30.6 15.4427
      vertex 98.0763 29.6 15.4427
    endloop
  endfacet
  facet normal -0.156619 0 0.987659
    outer loop
      vertex 97.8073 30.6 15.4853
      vertex 97.9 29.6 15.5
      vertex 97.9 30.6 15.5
    endloop
  endfacet
  facet normal -0.156619 0 0.987659
    outer loop
      vertex 97.9 29.6 15.5
      vertex 97.8073 30.6 15.4853
      vertex 97.8073 29.6 15.4853
    endloop
  endfacet
  facet normal 0.987659 -0 0.156619
    outer loop
      vertex 98.1853 29.6 15.2927
      vertex 98.2 30.6 15.2
      vertex 98.1853 30.6 15.2927
    endloop
  endfacet
  facet normal 0.987659 0 0.156619
    outer loop
      vertex 98.2 30.6 15.2
      vertex 98.1853 29.6 15.2927
      vertex 98.2 29.6 15.2
    endloop
  endfacet
  facet normal 0.890991 -0 0.454022
    outer loop
      vertex 98.1427 29.6 15.3763
      vertex 98.1853 30.6 15.2927
      vertex 98.1427 30.6 15.3763
    endloop
  endfacet
  facet normal 0.890991 0 0.454022
    outer loop
      vertex 98.1853 30.6 15.2927
      vertex 98.1427 29.6 15.3763
      vertex 98.1853 29.6 15.2927
    endloop
  endfacet
  facet normal 0.156619 0 0.987659
    outer loop
      vertex 97.9 30.6 15.5
      vertex 97.9927 29.6 15.4853
      vertex 97.9927 30.6 15.4853
    endloop
  endfacet
  facet normal 0.156619 0 0.987659
    outer loop
      vertex 97.9927 29.6 15.4853
      vertex 97.9 30.6 15.5
      vertex 97.9 29.6 15.5
    endloop
  endfacet
  facet normal -0.987659 0 0.156619
    outer loop
      vertex 97.6 29.6 15.2
      vertex 97.6147 30.6 15.2927
      vertex 97.6 30.6 15.2
    endloop
  endfacet
  facet normal -0.987659 0 0.156619
    outer loop
      vertex 97.6147 30.6 15.2927
      vertex 97.6 29.6 15.2
      vertex 97.6147 29.6 15.2927
    endloop
  endfacet
  facet normal 0 -1 0
    outer loop
      vertex 51.3 29.6 15.2
      vertex 97.6147 29.6 15.1073
      vertex 97.6 29.6 15.2
    endloop
  endfacet
  facet normal 0 -1 0
    outer loop
      vertex 51.3 29.6 7.2
      vertex 97.6147 29.6 15.1073
      vertex 51.3 29.6 15.2
    endloop
  endfacet
  facet normal 0 -1 -0
    outer loop
      vertex 97.6147 29.6 15.1073
      vertex 51.3 29.6 7.2
      vertex 97.6573 29.6 15.0237
    endloop
  endfacet
  facet normal 0 -1 -0
    outer loop
      vertex 97.6573 29.6 15.0237
      vertex 51.3 29.6 7.2
      vertex 97.7237 29.6 14.9573
    endloop
  endfacet
  facet normal 0 -1 0
    outer loop
      vertex 103.3 29.6 7.2
      vertex 97.7237 29.6 14.9573
      vertex 51.3 29.6 7.2
    endloop
  endfacet
  facet normal 0 -1 0
    outer loop
      vertex 97.7237 29.6 14.9573
      vertex 103.3 29.6 7.2
      vertex 97.8073 29.6 14.9147
    endloop
  endfacet
  facet normal 0 -1 0
    outer loop
      vertex 98.1853 29.6 15.1073
      vertex 103.3 29.6 15.2
      vertex 98.2 29.6 15.2
    endloop
  endfacet
  facet normal 0 -1 0
    outer loop
      vertex 98.1427 29.6 15.0237
      vertex 103.3 29.6 15.2
      vertex 98.1853 29.6 15.1073
    endloop
  endfacet
  facet normal 0 -1 0
    outer loop
      vertex 98.0763 29.6 14.9573
      vertex 103.3 29.6 15.2
      vertex 98.1427 29.6 15.0237
    endloop
  endfacet
  facet normal 0 -1 0
    outer loop
      vertex 103.3 29.6 7.2
      vertex 98.0763 29.6 14.9573
      vertex 97.9927 29.6 14.9147
    endloop
  endfacet
  facet normal 0 -1 0
    outer loop
      vertex 103.3 29.6 7.2
      vertex 97.9927 29.6 14.9147
      vertex 97.9 29.6 14.9
    endloop
  endfacet
  facet normal 0 -1 0
    outer loop
      vertex 97.8073 29.6 14.9147
      vertex 103.3 29.6 7.2
      vertex 97.9 29.6 14.9
    endloop
  endfacet
  facet normal 0 -1 0
    outer loop
      vertex 98.0763 29.6 14.9573
      vertex 103.3 29.6 7.2
      vertex 103.3 29.6 15.2
    endloop
  endfacet
  facet normal 0 -1 0
    outer loop
      vertex 97.8073 29.6 15.4853
      vertex 97.9927 29.6 15.4853
      vertex 97.9 29.6 15.5
    endloop
  endfacet
  facet normal 0 -1 0
    outer loop
      vertex 97.7237 29.6 15.4427
      vertex 97.9927 29.6 15.4853
      vertex 97.8073 29.6 15.4853
    endloop
  endfacet
  facet normal 0 -1 0
    outer loop
      vertex 97.7237 29.6 15.4427
      vertex 98.0763 29.6 15.4427
      vertex 97.9927 29.6 15.4853
    endloop
  endfacet
  facet normal 0 -1 0
    outer loop
      vertex 97.6573 29.6 15.3763
      vertex 98.0763 29.6 15.4427
      vertex 97.7237 29.6 15.4427
    endloop
  endfacet
  facet normal 0 -1 0
    outer loop
      vertex 97.6573 29.6 15.3763
      vertex 98.1427 29.6 15.3763
      vertex 98.0763 29.6 15.4427
    endloop
  endfacet
  facet normal 0 -1 0
    outer loop
      vertex 97.6147 29.6 15.2927
      vertex 98.1427 29.6 15.3763
      vertex 97.6573 29.6 15.3763
    endloop
  endfacet
  facet normal 0 -1 0
    outer loop
      vertex 97.6147 29.6 15.2927
      vertex 98.1853 29.6 15.2927
      vertex 98.1427 29.6 15.3763
    endloop
  endfacet
  facet normal 0 -1 0
    outer loop
      vertex 97.6 29.6 15.2
      vertex 98.1853 29.6 15.2927
      vertex 97.6147 29.6 15.2927
    endloop
  endfacet
  facet normal 0 -1 0
    outer loop
      vertex 97.6 29.6 15.2
      vertex 98.2 29.6 15.2
      vertex 98.1853 29.6 15.2927
    endloop
  endfacet
  facet normal 0 -1 0
    outer loop
      vertex 97.6147 29.6 15.1073
      vertex 98.2 29.6 15.2
      vertex 97.6 29.6 15.2
    endloop
  endfacet
  facet normal 0 -1 0
    outer loop
      vertex 97.6147 29.6 15.1073
      vertex 98.1853 29.6 15.1073
      vertex 98.2 29.6 15.2
    endloop
  endfacet
  facet normal 0 -1 0
    outer loop
      vertex 97.6573 29.6 15.0237
      vertex 98.1853 29.6 15.1073
      vertex 97.6147 29.6 15.1073
    endloop
  endfacet
  facet normal 0 -1 0
    outer loop
      vertex 97.6573 29.6 15.0237
      vertex 98.1427 29.6 15.0237
      vertex 98.1853 29.6 15.1073
    endloop
  endfacet
  facet normal 0 -1 0
    outer loop
      vertex 97.7237 29.6 14.9573
      vertex 98.1427 29.6 15.0237
      vertex 97.6573 29.6 15.0237
    endloop
  endfacet
  facet normal 0 -1 0
    outer loop
      vertex 97.7237 29.6 14.9573
      vertex 98.0763 29.6 14.9573
      vertex 98.1427 29.6 15.0237
    endloop
  endfacet
  facet normal 0 -1 0
    outer loop
      vertex 97.8073 29.6 14.9147
      vertex 98.0763 29.6 14.9573
      vertex 97.7237 29.6 14.9573
    endloop
  endfacet
  facet normal 0 -1 0
    outer loop
      vertex 97.8073 29.6 14.9147
      vertex 97.9927 29.6 14.9147
      vertex 98.0763 29.6 14.9573
    endloop
  endfacet
  facet normal -0 -1 0
    outer loop
      vertex 97.9927 29.6 14.9147
      vertex 97.8073 29.6 14.9147
      vertex 97.9 29.6 14.9
    endloop
  endfacet
  facet normal 0 -1 0
    outer loop
      vertex 51.3 29.6 16.8
      vertex 103.3 29.6 17.8
      vertex 51.3 29.6 17.8
    endloop
  endfacet
  facet normal 0 -1 -0
    outer loop
      vertex 103.3 29.6 17.8
      vertex 51.3 29.6 16.8
      vertex 103.3 29.6 16.8
    endloop
  endfacet
  facet normal -0.890991 0 0.454022
    outer loop
      vertex 97.6147 29.6 15.2927
      vertex 97.6573 30.6 15.3763
      vertex 97.6147 30.6 15.2927
    endloop
  endfacet
  facet normal -0.890991 0 0.454022
    outer loop
      vertex 97.6573 30.6 15.3763
      vertex 97.6147 29.6 15.2927
      vertex 97.6573 29.6 15.3763
    endloop
  endfacet
  facet normal -0.454022 0 0.890991
    outer loop
      vertex 97.7237 30.6 15.4427
      vertex 97.8073 29.6 15.4853
      vertex 97.8073 30.6 15.4853
    endloop
  endfacet
  facet normal -0.454022 0 0.890991
    outer loop
      vertex 97.8073 29.6 15.4853
      vertex 97.7237 30.6 15.4427
      vertex 97.7237 29.6 15.4427
    endloop
  endfacet
  facet normal -0.707107 0 0.707107
    outer loop
      vertex 97.6573 29.6 15.3763
      vertex 97.7237 30.6 15.4427
      vertex 97.6573 30.6 15.3763
    endloop
  endfacet
  facet normal -0.707107 0 0.707107
    outer loop
      vertex 97.7237 30.6 15.4427
      vertex 97.6573 29.6 15.3763
      vertex 97.7237 29.6 15.4427
    endloop
  endfacet
  facet normal 0 -1 0
    outer loop
      vertex 51.3 30.6 16.8
      vertex 97.9 30.6 15.5
      vertex 104.815 30.6 16.8
    endloop
  endfacet
  facet normal 0 -1 0
    outer loop
      vertex 51.3 30.6 16.8
      vertex 97.8073 30.6 15.4853
      vertex 97.9 30.6 15.5
    endloop
  endfacet
  facet normal 0 -1 0
    outer loop
      vertex 51.3 30.6 16.8
      vertex 97.7237 30.6 15.4427
      vertex 97.8073 30.6 15.4853
    endloop
  endfacet
  facet normal 0 -1 0
    outer loop
      vertex 51.3 30.6 16.8
      vertex 97.6573 30.6 15.3763
      vertex 97.7237 30.6 15.4427
    endloop
  endfacet
  facet normal 0 -1 0
    outer loop
      vertex 51.3 30.6 16.8
      vertex 97.6147 30.6 15.2927
      vertex 97.6573 30.6 15.3763
    endloop
  endfacet
  facet normal 0 -1 0
    outer loop
      vertex 97.6 30.6 15.2
      vertex 51.3 30.6 16.8
      vertex 51.3 30.6 15.2
    endloop
  endfacet
  facet normal 0 -1 0
    outer loop
      vertex 51.3 30.6 16.8
      vertex 97.6 30.6 15.2
      vertex 97.6147 30.6 15.2927
    endloop
  endfacet
  facet normal 0 -1 0
    outer loop
      vertex 97.9927 30.6 15.4853
      vertex 104.815 30.6 16.8
      vertex 97.9 30.6 15.5
    endloop
  endfacet
  facet normal 0 -1 0
    outer loop
      vertex 98.0763 30.6 15.4427
      vertex 104.815 30.6 16.8
      vertex 97.9927 30.6 15.4853
    endloop
  endfacet
  facet normal 0 -1 0
    outer loop
      vertex 98.1427 30.6 15.3763
      vertex 104.815 30.6 16.8
      vertex 98.0763 30.6 15.4427
    endloop
  endfacet
  facet normal 0 -1 0
    outer loop
      vertex 98.1853 30.6 15.2927
      vertex 104.815 30.6 16.8
      vertex 98.1427 30.6 15.3763
    endloop
  endfacet
  facet normal 0 -1 0
    outer loop
      vertex 104.815 30.6 15.2
      vertex 98.1853 30.6 15.2927
      vertex 98.2 30.6 15.2
    endloop
  endfacet
  facet normal 0 -1 0
    outer loop
      vertex 98.1853 30.6 15.2927
      vertex 104.815 30.6 15.2
      vertex 104.815 30.6 16.8
    endloop
  endfacet
  facet normal 0.321171 -0.947021 0
    outer loop
      vertex 104.159 0.0340729 5.6
      vertex 104.283 0.0761261 17.8
      vertex 104.159 0.0340729 17.8
    endloop
  endfacet
  facet normal 0.321171 -0.947021 0
    outer loop
      vertex 104.283 0.0761261 17.8
      vertex 104.159 0.0340729 5.6
      vertex 104.283 0.0761261 5.6
    endloop
  endfacet
  facet normal 0 -1 0
    outer loop
      vertex 50.7 0 5.6
      vertex 103.9 0 17.8
      vertex 50.7 0 17.8
    endloop
  endfacet
  facet normal 0 -1 -0
    outer loop
      vertex 103.9 0 17.8
      vertex 50.7 0 5.6
      vertex 103.9 0 5.6
    endloop
  endfacet
  facet normal 0.195473 -0.980709 0
    outer loop
      vertex 104.031 0.00856018 5.6
      vertex 104.159 0.0340729 17.8
      vertex 104.031 0.00856018 17.8
    endloop
  endfacet
  facet normal 0.195473 -0.980709 0
    outer loop
      vertex 104.159 0.0340729 17.8
      vertex 104.031 0.00856018 5.6
      vertex 104.159 0.0340729 5.6
    endloop
  endfacet
  facet normal 0.752624 0.65845 0
    outer loop
      vertex 104.693 30.8088 17.8
      vertex 104.607 30.9071 5.6
      vertex 104.607 30.9071 17.8
    endloop
  endfacet
  facet normal 0.752624 0.65845 0
    outer loop
      vertex 104.607 30.9071 5.6
      vertex 104.693 30.8088 17.8
      vertex 104.693 30.8088 5.6
    endloop
  endfacet
  facet normal 0.0655078 0.997852 -0
    outer loop
      vertex 104.031 31.1914 5.6
      vertex 103.9 31.2 17.8
      vertex 104.031 31.1914 17.8
    endloop
  endfacet
  facet normal 0.0655078 0.997852 0
    outer loop
      vertex 103.9 31.2 17.8
      vertex 104.031 31.1914 5.6
      vertex 103.9 31.2 5.6
    endloop
  endfacet
  facet normal 0.0652058 -0.997872 0
    outer loop
      vertex 103.9 0 5.6
      vertex 104.031 0.00856018 17.8
      vertex 103.9 0 17.8
    endloop
  endfacet
  facet normal 0.0652058 -0.997872 0
    outer loop
      vertex 104.031 0.00856018 17.8
      vertex 103.9 0 5.6
      vertex 104.031 0.00856018 5.6
    endloop
  endfacet
  facet normal -0.896724 -0.442591 0
    outer loop
      vertex 49.834 0.5 5.6
      vertex 49.7761 0.61731 17.8
      vertex 49.7761 0.61731 5.6
    endloop
  endfacet
  facet normal -0.896724 -0.442591 0
    outer loop
      vertex 49.7761 0.61731 17.8
      vertex 49.834 0.5 5.6
      vertex 49.834 0.5 17.8
    endloop
  endfacet
  facet normal -0.0654546 -0.997856 0
    outer loop
      vertex 50.5695 0.00856018 5.6
      vertex 50.7 0 17.8
      vertex 50.5695 0.00856018 17.8
    endloop
  endfacet
  facet normal -0.0654546 -0.997856 -0
    outer loop
      vertex 50.7 0 17.8
      vertex 50.5695 0.00856018 5.6
      vertex 50.7 0 5.6
    endloop
  endfacet
  facet normal -0.321404 -0.946942 0
    outer loop
      vertex 50.3173 0.0761261 5.6
      vertex 50.4412 0.0340729 17.8
      vertex 50.3173 0.0761261 17.8
    endloop
  endfacet
  facet normal -0.321404 -0.946942 -0
    outer loop
      vertex 50.4412 0.0340729 17.8
      vertex 50.3173 0.0761261 5.6
      vertex 50.4412 0.0340729 5.6
    endloop
  endfacet
  facet normal -0.659316 0.751866 0
    outer loop
      vertex 50.0912 30.9933 5.6
      vertex 49.9929 30.9071 17.8
      vertex 50.0912 30.9933 17.8
    endloop
  endfacet
  facet normal -0.659316 0.751866 0
    outer loop
      vertex 49.9929 30.9071 17.8
      vertex 50.0912 30.9933 5.6
      vertex 49.9929 30.9071 5.6
    endloop
  endfacet
  facet normal -0.896709 0.442621 0
    outer loop
      vertex 49.7761 30.5827 5.6
      vertex 49.834 30.7 17.8
      vertex 49.834 30.7 5.6
    endloop
  endfacet
  facet normal -0.896709 0.442621 0
    outer loop
      vertex 49.834 30.7 17.8
      vertex 49.7761 30.5827 5.6
      vertex 49.7761 30.5827 17.8
    endloop
  endfacet
  facet normal -0.442621 0.896709 0
    outer loop
      vertex 50.3173 31.1239 5.6
      vertex 50.2 31.066 17.8
      vertex 50.3173 31.1239 17.8
    endloop
  endfacet
  facet normal -0.442621 0.896709 0
    outer loop
      vertex 50.2 31.066 17.8
      vertex 50.3173 31.1239 5.6
      vertex 50.2 31.066 5.6
    endloop
  endfacet
  facet normal 1 -0 0
    outer loop
      vertex 104.9 18.6 9.2
      vertex 104.9 30.2 5.6
      vertex 104.9 30.2 15.2
    endloop
  endfacet
  facet normal 1 0 0
    outer loop
      vertex 104.9 20.4 5.6
      vertex 104.9 19.9 4.29999
      vertex 104.9 20.4 5.72205e-07
    endloop
  endfacet
  facet normal 1 0 0
    outer loop
      vertex 104.9 30.2 5.6
      vertex 104.9 18.6 9.2
      vertex 104.9 20.4 5.6
    endloop
  endfacet
  facet normal 1 0 0
    outer loop
      vertex 104.9 18.6 9.2
      vertex 104.9 30.2 15.2
      vertex 104.9 18.6 13.2
    endloop
  endfacet
  facet normal 1 0 0
    outer loop
      vertex 104.9 30.2 15.2
      vertex 104.9 12.6 13.2
      vertex 104.9 18.6 13.2
    endloop
  endfacet
  facet normal 1 0 0
    outer loop
      vertex 104.9 1 15.2
      vertex 104.9 12.6 9.2
      vertex 104.9 12.6 13.2
    endloop
  endfacet
  facet normal 1 0 0
    outer loop
      vertex 104.9 12.6 9.2
      vertex 104.9 10.8 5.6
      vertex 104.9 11.3 4.29999
    endloop
  endfacet
  facet normal 1 -0 0
    outer loop
      vertex 104.9 1 15.2
      vertex 104.9 12.6 13.2
      vertex 104.9 30.2 15.2
    endloop
  endfacet
  facet normal 1 0 0
    outer loop
      vertex 104.9 1 5.6
      vertex 104.9 12.6 9.2
      vertex 104.9 1 15.2
    endloop
  endfacet
  facet normal 1 0 0
    outer loop
      vertex 104.9 12.6 9.2
      vertex 104.9 1 5.6
      vertex 104.9 10.8 5.6
    endloop
  endfacet
  facet normal 1 0 0
    outer loop
      vertex 104.9 20.4 5.72205e-07
      vertex 104.9 19.9 4.29999
      vertex 104.9 18.4 5.72205e-07
    endloop
  endfacet
  facet normal 1 0 0
    outer loop
      vertex 104.9 20.4 5.6
      vertex 104.9 18.6 9.2
      vertex 104.9 19.9 4.29999
    endloop
  endfacet
  facet normal 1 -0 0
    outer loop
      vertex 104.9 12.6 9.2
      vertex 104.9 19.9 4.29999
      vertex 104.9 18.6 9.2
    endloop
  endfacet
  facet normal 1 0 0
    outer loop
      vertex 104.9 19.9 4.29999
      vertex 104.9 12.6 9.2
      vertex 104.9 11.3 4.29999
    endloop
  endfacet
  facet normal 1 0 0
    outer loop
      vertex 104.9 10.8 5.72205e-07
      vertex 104.9 11.3 4.29999
      vertex 104.9 10.8 5.6
    endloop
  endfacet
  facet normal 1 0 0
    outer loop
      vertex 104.9 11.3 4.29999
      vertex 104.9 10.8 5.72205e-07
      vertex 104.9 12.8 5.72205e-07
    endloop
  endfacet
  facet normal 1 -0 0
    outer loop
      vertex 104.9 1 17.8
      vertex 104.9 30.2 16.8
      vertex 104.9 30.2 17.8
    endloop
  endfacet
  facet normal 1 0 0
    outer loop
      vertex 104.9 30.2 16.8
      vertex 104.9 1 17.8
      vertex 104.9 1 16.8
    endloop
  endfacet
  facet normal -1 0 0
    outer loop
      vertex 49.7 12.8 5.72205e-07
      vertex 49.7 10.8 5.72205e-07
      vertex 49.7 11.3 4.29999
    endloop
  endfacet
  facet normal -1 0 0
    outer loop
      vertex 49.7 19.9 4.29999
      vertex 49.7 12.6 9.2
      vertex 49.7 18.6 9.2
    endloop
  endfacet
  facet normal -1 0 0
    outer loop
      vertex 49.7 10.8 5.6
      vertex 49.7 12.6 9.2
      vertex 49.7 11.3 4.29999
    endloop
  endfacet
  facet normal -1 0 0
    outer loop
      vertex 49.7 11.3 4.29999
      vertex 49.7 12.6 9.2
      vertex 49.7 19.9 4.29999
    endloop
  endfacet
  facet normal -1 0 0
    outer loop
      vertex 49.7 20.4 5.72205e-07
      vertex 49.7 19.9 4.29999
      vertex 49.7 20.4 5.6
    endloop
  endfacet
  facet normal -1 0 -0
    outer loop
      vertex 49.7 19.9 4.29999
      vertex 49.7 20.4 5.72205e-07
      vertex 49.7 18.4 5.72205e-07
    endloop
  endfacet
  facet normal -1 0 0
    outer loop
      vertex 49.7 18.6 9.2
      vertex 49.7 30.2 5.6
      vertex 49.7 20.4 5.6
    endloop
  endfacet
  facet normal -1 0 0
    outer loop
      vertex 49.7 18.6 9.2
      vertex 49.7 20.4 5.6
      vertex 49.7 19.9 4.29999
    endloop
  endfacet
  facet normal -1 0 0
    outer loop
      vertex 49.7 18.6 13.2
      vertex 49.7 30.2 5.6
      vertex 49.7 18.6 9.2
    endloop
  endfacet
  facet normal -1 0 0
    outer loop
      vertex 49.7 30.2 5.6
      vertex 49.7 18.6 13.2
      vertex 49.7 30.2 17.8
    endloop
  endfacet
  facet normal -1 0 0
    outer loop
      vertex 49.7 12.6 13.2
      vertex 49.7 30.2 17.8
      vertex 49.7 18.6 13.2
    endloop
  endfacet
  facet normal -1 0 0
    outer loop
      vertex 49.7 10.8 5.6
      vertex 49.7 11.3 4.29999
      vertex 49.7 10.8 5.72205e-07
    endloop
  endfacet
  facet normal -1 0 0
    outer loop
      vertex 49.7 1 5.6
      vertex 49.7 12.6 9.2
      vertex 49.7 10.8 5.6
    endloop
  endfacet
  facet normal -1 -0 0
    outer loop
      vertex 49.7 12.6 9.2
      vertex 49.7 1 5.6
      vertex 49.7 12.6 13.2
    endloop
  endfacet
  facet normal -1 0 0
    outer loop
      vertex 49.7 12.6 13.2
      vertex 49.7 1 17.8
      vertex 49.7 30.2 17.8
    endloop
  endfacet
  facet normal -1 0 0
    outer loop
      vertex 49.7 1 17.8
      vertex 49.7 12.6 13.2
      vertex 49.7 1 5.6
    endloop
  endfacet
  facet normal -0.0657577 0.997836 0
    outer loop
      vertex 50.7 31.2 5.6
      vertex 50.5695 31.1914 17.8
      vertex 50.7 31.2 17.8
    endloop
  endfacet
  facet normal -0.0657577 0.997836 0
    outer loop
      vertex 50.5695 31.1914 17.8
      vertex 50.7 31.2 5.6
      vertex 50.5695 31.1914 5.6
    endloop
  endfacet
  facet normal 0.320807 0.947145 -0
    outer loop
      vertex 104.283 31.1239 5.6
      vertex 104.159 31.1659 17.8
      vertex 104.283 31.1239 17.8
    endloop
  endfacet
  facet normal 0.320807 0.947145 0
    outer loop
      vertex 104.159 31.1659 17.8
      vertex 104.283 31.1239 5.6
      vertex 104.159 31.1659 5.6
    endloop
  endfacet
  facet normal -0.659498 -0.751706 0
    outer loop
      vertex 49.9929 0.292892 5.6
      vertex 50.0912 0.20665 17.8
      vertex 49.9929 0.292892 17.8
    endloop
  endfacet
  facet normal -0.659498 -0.751706 -0
    outer loop
      vertex 50.0912 0.20665 17.8
      vertex 49.9929 0.292892 5.6
      vertex 50.0912 0.20665 5.6
    endloop
  endfacet
  facet normal -0.947066 0.321039 0
    outer loop
      vertex 49.7341 30.4588 5.6
      vertex 49.7761 30.5827 17.8
      vertex 49.7761 30.5827 5.6
    endloop
  endfacet
  facet normal -0.947066 0.321039 0
    outer loop
      vertex 49.7761 30.5827 17.8
      vertex 49.7341 30.4588 5.6
      vertex 49.7341 30.4588 17.8
    endloop
  endfacet
  facet normal -0.195033 -0.980797 0
    outer loop
      vertex 50.4412 0.0340729 5.6
      vertex 50.5695 0.00856018 17.8
      vertex 50.4412 0.0340729 17.8
    endloop
  endfacet
  facet normal -0.195033 -0.980797 -0
    outer loop
      vertex 50.5695 0.00856018 17.8
      vertex 50.4412 0.0340729 5.6
      vertex 50.5695 0.00856018 5.6
    endloop
  endfacet
  facet normal -0.751866 0.659316 0
    outer loop
      vertex 49.9067 30.8088 5.6
      vertex 49.9929 30.9071 17.8
      vertex 49.9929 30.9071 5.6
    endloop
  endfacet
  facet normal -0.751866 0.659316 0
    outer loop
      vertex 49.9929 30.9071 17.8
      vertex 49.9067 30.8088 5.6
      vertex 49.9067 30.8088 17.8
    endloop
  endfacet
  facet normal 0.981539 -0.191264 0
    outer loop
      vertex 104.866 0.74118 15.2
      vertex 104.891 0.869476 5.6
      vertex 104.891 0.869476 15.2
    endloop
  endfacet
  facet normal 0.981539 -0.191264 0
    outer loop
      vertex 104.891 0.869476 5.6
      vertex 104.866 0.74118 15.2
      vertex 104.866 0.74118 5.6
    endloop
  endfacet
  facet normal 0.981539 -0.191264 0
    outer loop
      vertex 104.866 0.74118 17.8
      vertex 104.891 0.869476 16.8
      vertex 104.891 0.869476 17.8
    endloop
  endfacet
  facet normal 0.981539 -0.191264 0
    outer loop
      vertex 104.891 0.869476 16.8
      vertex 104.866 0.74118 17.8
      vertex 104.866 0.74118 16.8
    endloop
  endfacet
  facet normal -0.442288 -0.896873 0
    outer loop
      vertex 50.2 0.133972 5.6
      vertex 50.3173 0.0761261 17.8
      vertex 50.2 0.133972 17.8
    endloop
  endfacet
  facet normal -0.442288 -0.896873 -0
    outer loop
      vertex 50.3173 0.0761261 17.8
      vertex 50.2 0.133972 5.6
      vertex 50.3173 0.0761261 5.6
    endloop
  endfacet
  facet normal 0 1 -0
    outer loop
      vertex 103.9 31.2 5.6
      vertex 50.7 31.2 17.8
      vertex 103.9 31.2 17.8
    endloop
  endfacet
  facet normal 0 1 0
    outer loop
      vertex 50.7 31.2 17.8
      vertex 103.9 31.2 5.6
      vertex 50.7 31.2 5.6
    endloop
  endfacet
  facet normal 0.830403 0.557164 0
    outer loop
      vertex 104.766 30.7 17.8
      vertex 104.693 30.8088 5.6
      vertex 104.693 30.8088 17.8
    endloop
  endfacet
  facet normal 0.830403 0.557164 0
    outer loop
      vertex 104.693 30.8088 5.6
      vertex 104.766 30.7 17.8
      vertex 104.766 30.7 5.6
    endloop
  endfacet
  facet normal -0.321039 0.947066 0
    outer loop
      vertex 50.4412 31.1659 5.6
      vertex 50.3173 31.1239 17.8
      vertex 50.4412 31.1659 17.8
    endloop
  endfacet
  facet normal -0.321039 0.947066 0
    outer loop
      vertex 50.3173 31.1239 17.8
      vertex 50.4412 31.1659 5.6
      vertex 50.3173 31.1239 5.6
    endloop
  endfacet
  facet normal -0.831462 0.555582 0
    outer loop
      vertex 49.834 30.7 5.6
      vertex 49.9067 30.8088 17.8
      vertex 49.9067 30.8088 5.6
    endloop
  endfacet
  facet normal -0.831462 0.555582 0
    outer loop
      vertex 49.9067 30.8088 17.8
      vertex 49.834 30.7 5.6
      vertex 49.834 30.7 17.8
    endloop
  endfacet
  facet normal -0.555465 -0.83154 0
    outer loop
      vertex 50.0912 0.20665 5.6
      vertex 50.2 0.133972 17.8
      vertex 50.0912 0.20665 17.8
    endloop
  endfacet
  facet normal -0.555465 -0.83154 -0
    outer loop
      vertex 50.2 0.133972 17.8
      vertex 50.0912 0.20665 5.6
      vertex 50.2 0.133972 5.6
    endloop
  endfacet
  facet normal -0.19494 0.980815 0
    outer loop
      vertex 50.5695 31.1914 5.6
      vertex 50.4412 31.1659 17.8
      vertex 50.5695 31.1914 17.8
    endloop
  endfacet
  facet normal -0.19494 0.980815 0
    outer loop
      vertex 50.4412 31.1659 17.8
      vertex 50.5695 31.1914 5.6
      vertex 50.4412 31.1659 5.6
    endloop
  endfacet
  facet normal 0.887253 -0.461283 0
    outer loop
      vertex 104.824 0.61731 17.8
      vertex 104.815 0.599999 16.8
      vertex 104.824 0.61731 16.8
    endloop
  endfacet
  facet normal 0.897989 -0.440019 0
    outer loop
      vertex 104.815 0.599999 16.8
      vertex 104.766 0.5 17.8
      vertex 104.815 0.599999 15.2
    endloop
  endfacet
  facet normal 0.89642 -0.443205 -0.000395461
    outer loop
      vertex 104.766 0.5 17.8
      vertex 104.815 0.599999 16.8
      vertex 104.824 0.61731 17.8
    endloop
  endfacet
  facet normal 0.887253 -0.461283 0
    outer loop
      vertex 104.815 0.599999 15.2
      vertex 104.824 0.61731 5.6
      vertex 104.824 0.61731 15.2
    endloop
  endfacet
  facet normal 0.897989 -0.440019 0
    outer loop
      vertex 104.766 0.5 5.6
      vertex 104.815 0.599999 15.2
      vertex 104.766 0.5 17.8
    endloop
  endfacet
  facet normal 0.89642 -0.443205 4.11939e-05
    outer loop
      vertex 104.815 0.599999 15.2
      vertex 104.766 0.5 5.6
      vertex 104.824 0.61731 5.6
    endloop
  endfacet
  facet normal 0.660637 -0.750706 0
    outer loop
      vertex 104.509 0.20665 5.6
      vertex 104.607 0.292892 17.8
      vertex 104.509 0.20665 17.8
    endloop
  endfacet
  facet normal 0.660637 -0.750706 0
    outer loop
      vertex 104.607 0.292892 17.8
      vertex 104.509 0.20665 5.6
      vertex 104.607 0.292892 5.6
    endloop
  endfacet
  facet normal 0.554876 0.831933 -0
    outer loop
      vertex 104.509 30.9933 5.6
      vertex 104.4 31.066 17.8
      vertex 104.509 30.9933 17.8
    endloop
  endfacet
  facet normal 0.554876 0.831933 0
    outer loop
      vertex 104.4 31.066 17.8
      vertex 104.509 30.9933 5.6
      vertex 104.4 31.066 5.6
    endloop
  endfacet
  facet normal 0.443533 0.896258 -0
    outer loop
      vertex 104.4 31.066 5.6
      vertex 104.283 31.1239 17.8
      vertex 104.4 31.066 17.8
    endloop
  endfacet
  facet normal 0.443533 0.896258 0
    outer loop
      vertex 104.283 31.1239 17.8
      vertex 104.4 31.066 5.6
      vertex 104.283 31.1239 5.6
    endloop
  endfacet
  facet normal 0.947066 0.321039 0
    outer loop
      vertex 104.866 30.4588 15.2
      vertex 104.824 30.5827 5.6
      vertex 104.824 30.5827 15.2
    endloop
  endfacet
  facet normal 0.947066 0.321039 0
    outer loop
      vertex 104.824 30.5827 5.6
      vertex 104.866 30.4588 15.2
      vertex 104.866 30.4588 5.6
    endloop
  endfacet
  facet normal 0.947066 0.321039 0
    outer loop
      vertex 104.866 30.4588 17.8
      vertex 104.824 30.5827 16.8
      vertex 104.824 30.5827 17.8
    endloop
  endfacet
  facet normal 0.947066 0.321039 0
    outer loop
      vertex 104.824 30.5827 16.8
      vertex 104.866 30.4588 17.8
      vertex 104.866 30.4588 16.8
    endloop
  endfacet
  facet normal 0.195379 0.980728 -0
    outer loop
      vertex 104.159 31.1659 5.6
      vertex 104.031 31.1914 17.8
      vertex 104.159 31.1659 17.8
    endloop
  endfacet
  facet normal 0.195379 0.980728 0
    outer loop
      vertex 104.031 31.1914 17.8
      vertex 104.159 31.1659 5.6
      vertex 104.031 31.1914 5.6
    endloop
  endfacet
  facet normal 0.99763 0.0688021 0
    outer loop
      vertex 104.9 30.2 17.8
      vertex 104.891 30.3305 16.8
      vertex 104.891 30.3305 17.8
    endloop
  endfacet
  facet normal 0.99763 0.0688021 0
    outer loop
      vertex 104.891 30.3305 16.8
      vertex 104.9 30.2 17.8
      vertex 104.9 30.2 16.8
    endloop
  endfacet
  facet normal 0.99763 0.0688021 0
    outer loop
      vertex 104.9 30.2 15.2
      vertex 104.891 30.3305 5.6
      vertex 104.891 30.3305 15.2
    endloop
  endfacet
  facet normal 0.99763 0.0688021 0
    outer loop
      vertex 104.891 30.3305 5.6
      vertex 104.9 30.2 15.2
      vertex 104.9 30.2 5.6
    endloop
  endfacet
  facet normal -0.555582 0.831462 0
    outer loop
      vertex 50.2 31.066 5.6
      vertex 50.0912 30.9933 17.8
      vertex 50.2 31.066 17.8
    endloop
  endfacet
  facet normal -0.555582 0.831462 0
    outer loop
      vertex 50.0912 30.9933 17.8
      vertex 50.2 31.066 5.6
      vertex 50.0912 30.9933 5.6
    endloop
  endfacet
  facet normal 0.83032 -0.557287 0
    outer loop
      vertex 104.693 0.391235 17.8
      vertex 104.766 0.5 5.6
      vertex 104.766 0.5 17.8
    endloop
  endfacet
  facet normal 0.83032 -0.557287 0
    outer loop
      vertex 104.766 0.5 5.6
      vertex 104.693 0.391235 17.8
      vertex 104.693 0.391235 5.6
    endloop
  endfacet
  facet normal 0.752767 -0.658287 0
    outer loop
      vertex 104.607 0.292892 17.8
      vertex 104.693 0.391235 5.6
      vertex 104.693 0.391235 17.8
    endloop
  endfacet
  facet normal 0.752767 -0.658287 0
    outer loop
      vertex 104.693 0.391235 5.6
      vertex 104.607 0.292892 17.8
      vertex 104.607 0.292892 5.6
    endloop
  endfacet
  facet normal -0.997836 -0.0657457 0
    outer loop
      vertex 49.7086 0.869476 5.6
      vertex 49.7 1 17.8
      vertex 49.7 1 5.6
    endloop
  endfacet
  facet normal -0.997836 -0.0657457 0
    outer loop
      vertex 49.7 1 17.8
      vertex 49.7086 0.869476 5.6
      vertex 49.7086 0.869476 17.8
    endloop
  endfacet
  facet normal -0.980815 0.19494 0
    outer loop
      vertex 49.7086 30.3305 5.6
      vertex 49.7341 30.4588 17.8
      vertex 49.7341 30.4588 5.6
    endloop
  endfacet
  facet normal -0.980815 0.19494 0
    outer loop
      vertex 49.7341 30.4588 17.8
      vertex 49.7086 30.3305 5.6
      vertex 49.7086 30.3305 17.8
    endloop
  endfacet
  facet normal -0.997836 0.0657577 0
    outer loop
      vertex 49.7 30.2 5.6
      vertex 49.7086 30.3305 17.8
      vertex 49.7086 30.3305 5.6
    endloop
  endfacet
  facet normal -0.997836 0.0657577 0
    outer loop
      vertex 49.7086 30.3305 17.8
      vertex 49.7 30.2 5.6
      vertex 49.7 30.2 17.8
    endloop
  endfacet
  facet normal 0.947042 -0.321109 0
    outer loop
      vertex 104.824 0.61731 15.2
      vertex 104.866 0.74118 5.6
      vertex 104.866 0.74118 15.2
    endloop
  endfacet
  facet normal 0.947042 -0.321109 0
    outer loop
      vertex 104.866 0.74118 5.6
      vertex 104.824 0.61731 15.2
      vertex 104.824 0.61731 5.6
    endloop
  endfacet
  facet normal 0.947042 -0.321109 0
    outer loop
      vertex 104.824 0.61731 17.8
      vertex 104.866 0.74118 16.8
      vertex 104.866 0.74118 17.8
    endloop
  endfacet
  facet normal 0.947042 -0.321109 0
    outer loop
      vertex 104.866 0.74118 16.8
      vertex 104.824 0.61731 17.8
      vertex 104.824 0.61731 16.8
    endloop
  endfacet
  facet normal 0.660455 0.750865 -0
    outer loop
      vertex 104.607 30.9071 5.6
      vertex 104.509 30.9933 17.8
      vertex 104.607 30.9071 17.8
    endloop
  endfacet
  facet normal 0.660455 0.750865 0
    outer loop
      vertex 104.509 30.9933 17.8
      vertex 104.607 30.9071 5.6
      vertex 104.509 30.9933 5.6
    endloop
  endfacet
  facet normal 0.89799 0.440015 -0
    outer loop
      vertex 104.815 30.6 15.2
      vertex 104.766 30.7 17.8
      vertex 104.815 30.6 16.8
    endloop
  endfacet
  facet normal 0.896405 0.443235 -0.000399676
    outer loop
      vertex 104.824 30.5827 17.8
      vertex 104.815 30.6 16.8
      vertex 104.766 30.7 17.8
    endloop
  endfacet
  facet normal 0.887133 0.461514 0
    outer loop
      vertex 104.815 30.6 16.8
      vertex 104.824 30.5827 17.8
      vertex 104.824 30.5827 16.8
    endloop
  endfacet
  facet normal 0.89799 0.440015 0
    outer loop
      vertex 104.766 30.7 17.8
      vertex 104.815 30.6 15.2
      vertex 104.766 30.7 5.6
    endloop
  endfacet
  facet normal 0.887133 0.461514 -0
    outer loop
      vertex 104.824 30.5827 5.6
      vertex 104.815 30.6 15.2
      vertex 104.824 30.5827 15.2
    endloop
  endfacet
  facet normal 0.896405 0.443235 4.16329e-05
    outer loop
      vertex 104.815 30.6 15.2
      vertex 104.824 30.5827 5.6
      vertex 104.766 30.7 5.6
    endloop
  endfacet
  facet normal 0.98154 0.191259 0
    outer loop
      vertex 104.891 30.3305 17.8
      vertex 104.866 30.4588 16.8
      vertex 104.866 30.4588 17.8
    endloop
  endfacet
  facet normal 0.98154 0.191259 0
    outer loop
      vertex 104.866 30.4588 16.8
      vertex 104.891 30.3305 17.8
      vertex 104.891 30.3305 16.8
    endloop
  endfacet
  facet normal 0.98154 0.191259 0
    outer loop
      vertex 104.891 30.3305 15.2
      vertex 104.866 30.4588 5.6
      vertex 104.866 30.4588 15.2
    endloop
  endfacet
  facet normal 0.98154 0.191259 0
    outer loop
      vertex 104.866 30.4588 5.6
      vertex 104.891 30.3305 15.2
      vertex 104.891 30.3305 5.6
    endloop
  endfacet
  facet normal -0.980814 -0.194946 0
    outer loop
      vertex 49.7341 0.74118 5.6
      vertex 49.7086 0.869476 17.8
      vertex 49.7086 0.869476 5.6
    endloop
  endfacet
  facet normal -0.980814 -0.194946 0
    outer loop
      vertex 49.7086 0.869476 17.8
      vertex 49.7341 0.74118 5.6
      vertex 49.7341 0.74118 17.8
    endloop
  endfacet
  facet normal -0.947042 -0.321109 0
    outer loop
      vertex 49.7761 0.61731 5.6
      vertex 49.7341 0.74118 17.8
      vertex 49.7341 0.74118 5.6
    endloop
  endfacet
  facet normal -0.947042 -0.321109 0
    outer loop
      vertex 49.7341 0.74118 17.8
      vertex 49.7761 0.61731 5.6
      vertex 49.7761 0.61731 17.8
    endloop
  endfacet
  facet normal -0.831379 -0.555705 0
    outer loop
      vertex 49.9067 0.391235 5.6
      vertex 49.834 0.5 17.8
      vertex 49.834 0.5 5.6
    endloop
  endfacet
  facet normal -0.831379 -0.555705 0
    outer loop
      vertex 49.834 0.5 17.8
      vertex 49.9067 0.391235 5.6
      vertex 49.9067 0.391235 17.8
    endloop
  endfacet
  facet normal -0.752008 -0.659153 0
    outer loop
      vertex 49.9929 0.292892 5.6
      vertex 49.9067 0.391235 17.8
      vertex 49.9067 0.391235 5.6
    endloop
  endfacet
  facet normal -0.752008 -0.659153 0
    outer loop
      vertex 49.9067 0.391235 17.8
      vertex 49.9929 0.292892 5.6
      vertex 49.9929 0.292892 17.8
    endloop
  endfacet
  facet normal 0 0 -1
    outer loop
      vertex 104.9 1 5.6
      vertex 104.893 10.6956 5.6
      vertex 104.9 10.8 5.6
    endloop
  endfacet
  facet normal 0 0 -1
    outer loop
      vertex 103.9 0 5.6
      vertex 104.9 1 5.6
      vertex 104.891 0.869476 5.6
    endloop
  endfacet
  facet normal 0 0 -1
    outer loop
      vertex 104.9 1 5.6
      vertex 104.873 10.5929 5.6
      vertex 104.893 10.6956 5.6
    endloop
  endfacet
  facet normal 0 0 -1
    outer loop
      vertex 103.9 0 5.6
      vertex 104.891 0.869476 5.6
      vertex 104.866 0.74118 5.6
    endloop
  endfacet
  facet normal 0 0 -1
    outer loop
      vertex 104.9 1 5.6
      vertex 104.839 10.4939 5.6
      vertex 104.873 10.5929 5.6
    endloop
  endfacet
  facet normal 0 0 -1
    outer loop
      vertex 103.9 0 5.6
      vertex 104.866 0.74118 5.6
      vertex 104.824 0.61731 5.6
    endloop
  endfacet
  facet normal 0 0 -1
    outer loop
      vertex 104.9 1 5.6
      vertex 104.793 10.4 5.6
      vertex 104.839 10.4939 5.6
    endloop
  endfacet
  facet normal 0 0 -1
    outer loop
      vertex 103.9 0 5.6
      vertex 104.824 0.61731 5.6
      vertex 104.766 0.5 5.6
    endloop
  endfacet
  facet normal 0 0 -1
    outer loop
      vertex 104.9 1 5.6
      vertex 104.735 10.313 5.6
      vertex 104.793 10.4 5.6
    endloop
  endfacet
  facet normal 0 0 -1
    outer loop
      vertex 103.9 0 5.6
      vertex 104.766 0.5 5.6
      vertex 104.693 0.391235 5.6
    endloop
  endfacet
  facet normal 0 0 -1
    outer loop
      vertex 104.9 1 5.6
      vertex 104.666 10.2343 5.6
      vertex 104.735 10.313 5.6
    endloop
  endfacet
  facet normal 0 0 -1
    outer loop
      vertex 103.9 0 5.6
      vertex 104.693 0.391235 5.6
      vertex 104.607 0.292892 5.6
    endloop
  endfacet
  facet normal 0 0 -1
    outer loop
      vertex 104.9 1 5.6
      vertex 104.587 10.1653 5.6
      vertex 104.666 10.2343 5.6
    endloop
  endfacet
  facet normal 0 0 -1
    outer loop
      vertex 103.9 0 5.6
      vertex 104.607 0.292892 5.6
      vertex 104.509 0.20665 5.6
    endloop
  endfacet
  facet normal 0 0 -1
    outer loop
      vertex 104.9 1 5.6
      vertex 104.5 10.1072 5.6
      vertex 104.587 10.1653 5.6
    endloop
  endfacet
  facet normal 0 0 -1
    outer loop
      vertex 104.9 1 5.6
      vertex 104.406 10.0609 5.6
      vertex 104.5 10.1072 5.6
    endloop
  endfacet
  facet normal 0 0 -1
    outer loop
      vertex 103.9 0 5.6
      vertex 104.509 0.20665 5.6
      vertex 104.4 0.133972 5.6
    endloop
  endfacet
  facet normal 0 0 -1
    outer loop
      vertex 104.9 1 5.6
      vertex 104.307 10.0273 5.6
      vertex 104.406 10.0609 5.6
    endloop
  endfacet
  facet normal 0 0 -1
    outer loop
      vertex 103.9 0 5.6
      vertex 104.4 0.133972 5.6
      vertex 104.283 0.0761261 5.6
    endloop
  endfacet
  facet normal 0 0 -1
    outer loop
      vertex 104.9 1 5.6
      vertex 104.204 10.0069 5.6
      vertex 104.307 10.0273 5.6
    endloop
  endfacet
  facet normal 0 0 -1
    outer loop
      vertex 103.9 0 5.6
      vertex 104.283 0.0761261 5.6
      vertex 104.159 0.0340729 5.6
    endloop
  endfacet
  facet normal 0 0 -1
    outer loop
      vertex 104.9 1 5.6
      vertex 104.1 10 5.6
      vertex 104.204 10.0069 5.6
    endloop
  endfacet
  facet normal 0 0 -1
    outer loop
      vertex 103.9 0 5.6
      vertex 104.159 0.0340729 5.6
      vertex 104.031 0.00856018 5.6
    endloop
  endfacet
  facet normal -0 0 -1
    outer loop
      vertex 104.9 1 5.6
      vertex 103.9 0 5.6
      vertex 104.1 10 5.6
    endloop
  endfacet
  facet normal 0 0 -1
    outer loop
      vertex 50.7 0 5.6
      vertex 104.1 10 5.6
      vertex 103.9 0 5.6
    endloop
  endfacet
  facet normal 0 0 -1
    outer loop
      vertex 49.7 1 5.6
      vertex 50.7 0 5.6
      vertex 50.5695 0.00856018 5.6
    endloop
  endfacet
  facet normal 0 0 -1
    outer loop
      vertex 50.7 0 5.6
      vertex 50.5 10 5.6
      vertex 104.1 10 5.6
    endloop
  endfacet
  facet normal 0 0 -1
    outer loop
      vertex 49.7 1 5.6
      vertex 50.5695 0.00856018 5.6
      vertex 50.4412 0.0340729 5.6
    endloop
  endfacet
  facet normal 0 0 -1
    outer loop
      vertex 50.7 0 5.6
      vertex 49.7 1 5.6
      vertex 50.5 10 5.6
    endloop
  endfacet
  facet normal 0 0 -1
    outer loop
      vertex 49.7 1 5.6
      vertex 50.4412 0.0340729 5.6
      vertex 50.3173 0.0761261 5.6
    endloop
  endfacet
  facet normal -0 0 -1
    outer loop
      vertex 50.5 10 5.6
      vertex 49.7 1 5.6
      vertex 50.3956 10.0069 5.6
    endloop
  endfacet
  facet normal 0 0 -1
    outer loop
      vertex 49.7 1 5.6
      vertex 50.3173 0.0761261 5.6
      vertex 50.2 0.133972 5.6
    endloop
  endfacet
  facet normal -0 0 -1
    outer loop
      vertex 50.3956 10.0069 5.6
      vertex 49.7 1 5.6
      vertex 50.2929 10.0273 5.6
    endloop
  endfacet
  facet normal -0 0 -1
    outer loop
      vertex 50.2929 10.0273 5.6
      vertex 49.7 1 5.6
      vertex 50.1939 10.0609 5.6
    endloop
  endfacet
  facet normal 0 0 -1
    outer loop
      vertex 49.7 1 5.6
      vertex 50.2 0.133972 5.6
      vertex 50.0912 0.20665 5.6
    endloop
  endfacet
  facet normal -0 0 -1
    outer loop
      vertex 50.1939 10.0609 5.6
      vertex 49.7 1 5.6
      vertex 50.1 10.1072 5.6
    endloop
  endfacet
  facet normal 0 0 -1
    outer loop
      vertex 49.7 1 5.6
      vertex 50.0912 0.20665 5.6
      vertex 49.9929 0.292892 5.6
    endloop
  endfacet
  facet normal -0 0 -1
    outer loop
      vertex 50.1 10.1072 5.6
      vertex 49.7 1 5.6
      vertex 50.013 10.1653 5.6
    endloop
  endfacet
  facet normal 0 0 -1
    outer loop
      vertex 49.7 1 5.6
      vertex 49.9929 0.292892 5.6
      vertex 49.9067 0.391235 5.6
    endloop
  endfacet
  facet normal -0 0 -1
    outer loop
      vertex 50.013 10.1653 5.6
      vertex 49.7 1 5.6
      vertex 49.9343 10.2343 5.6
    endloop
  endfacet
  facet normal 0 0 -1
    outer loop
      vertex 49.7 1 5.6
      vertex 49.9067 0.391235 5.6
      vertex 49.834 0.5 5.6
    endloop
  endfacet
  facet normal -0 0 -1
    outer loop
      vertex 49.9343 10.2343 5.6
      vertex 49.7 1 5.6
      vertex 49.8653 10.313 5.6
    endloop
  endfacet
  facet normal 0 0 -1
    outer loop
      vertex 49.7 1 5.6
      vertex 49.834 0.5 5.6
      vertex 49.7761 0.61731 5.6
    endloop
  endfacet
  facet normal -0 0 -1
    outer loop
      vertex 49.8653 10.313 5.6
      vertex 49.7 1 5.6
      vertex 49.8072 10.4 5.6
    endloop
  endfacet
  facet normal 0 0 -1
    outer loop
      vertex 49.7 1 5.6
      vertex 49.7761 0.61731 5.6
      vertex 49.7341 0.74118 5.6
    endloop
  endfacet
  facet normal -0 0 -1
    outer loop
      vertex 49.8072 10.4 5.6
      vertex 49.7 1 5.6
      vertex 49.7609 10.4939 5.6
    endloop
  endfacet
  facet normal 0 0 -1
    outer loop
      vertex 49.7 1 5.6
      vertex 49.7341 0.74118 5.6
      vertex 49.7086 0.869476 5.6
    endloop
  endfacet
  facet normal -0 0 -1
    outer loop
      vertex 49.7609 10.4939 5.6
      vertex 49.7 1 5.6
      vertex 49.7273 10.5929 5.6
    endloop
  endfacet
  facet normal -0 0 -1
    outer loop
      vertex 49.7273 10.5929 5.6
      vertex 49.7 1 5.6
      vertex 49.7069 10.6956 5.6
    endloop
  endfacet
  facet normal -0 0 -1
    outer loop
      vertex 49.7069 10.6956 5.6
      vertex 49.7 1 5.6
      vertex 49.7 10.8 5.6
    endloop
  endfacet
  facet normal 0 0 -1
    outer loop
      vertex 104.893 20.5044 5.6
      vertex 104.9 30.2 5.6
      vertex 104.9 20.4 5.6
    endloop
  endfacet
  facet normal 0 0 -1
    outer loop
      vertex 104.873 20.6071 5.6
      vertex 104.9 30.2 5.6
      vertex 104.893 20.5044 5.6
    endloop
  endfacet
  facet normal 0 0 -1
    outer loop
      vertex 104.839 20.7061 5.6
      vertex 104.9 30.2 5.6
      vertex 104.873 20.6071 5.6
    endloop
  endfacet
  facet normal 0 0 -1
    outer loop
      vertex 104.793 20.8 5.6
      vertex 104.9 30.2 5.6
      vertex 104.839 20.7061 5.6
    endloop
  endfacet
  facet normal 0 0 -1
    outer loop
      vertex 104.735 20.887 5.6
      vertex 104.9 30.2 5.6
      vertex 104.793 20.8 5.6
    endloop
  endfacet
  facet normal 0 0 -1
    outer loop
      vertex 104.666 20.9657 5.6
      vertex 104.9 30.2 5.6
      vertex 104.735 20.887 5.6
    endloop
  endfacet
  facet normal 0 0 -1
    outer loop
      vertex 104.587 21.0347 5.6
      vertex 104.9 30.2 5.6
      vertex 104.666 20.9657 5.6
    endloop
  endfacet
  facet normal 0 0 -1
    outer loop
      vertex 104.5 21.0928 5.6
      vertex 104.9 30.2 5.6
      vertex 104.587 21.0347 5.6
    endloop
  endfacet
  facet normal 0 0 -1
    outer loop
      vertex 104.406 21.1391 5.6
      vertex 104.9 30.2 5.6
      vertex 104.5 21.0928 5.6
    endloop
  endfacet
  facet normal 0 0 -1
    outer loop
      vertex 104.307 21.1727 5.6
      vertex 104.9 30.2 5.6
      vertex 104.406 21.1391 5.6
    endloop
  endfacet
  facet normal 0 0 -1
    outer loop
      vertex 104.204 21.1931 5.6
      vertex 104.9 30.2 5.6
      vertex 104.307 21.1727 5.6
    endloop
  endfacet
  facet normal 0 0 -1
    outer loop
      vertex 104.1 21.2 5.6
      vertex 104.9 30.2 5.6
      vertex 104.204 21.1931 5.6
    endloop
  endfacet
  facet normal 0 0 -1
    outer loop
      vertex 103.9 31.2 5.6
      vertex 104.9 30.2 5.6
      vertex 104.1 21.2 5.6
    endloop
  endfacet
  facet normal 0 0 -1
    outer loop
      vertex 104.9 30.2 5.6
      vertex 103.9 31.2 5.6
      vertex 104.891 30.3305 5.6
    endloop
  endfacet
  facet normal 0 0 -1
    outer loop
      vertex 104.891 30.3305 5.6
      vertex 103.9 31.2 5.6
      vertex 104.866 30.4588 5.6
    endloop
  endfacet
  facet normal 0 0 -1
    outer loop
      vertex 104.866 30.4588 5.6
      vertex 103.9 31.2 5.6
      vertex 104.824 30.5827 5.6
    endloop
  endfacet
  facet normal 0 0 -1
    outer loop
      vertex 104.824 30.5827 5.6
      vertex 103.9 31.2 5.6
      vertex 104.766 30.7 5.6
    endloop
  endfacet
  facet normal 0 0 -1
    outer loop
      vertex 104.766 30.7 5.6
      vertex 103.9 31.2 5.6
      vertex 104.693 30.8088 5.6
    endloop
  endfacet
  facet normal 0 0 -1
    outer loop
      vertex 104.693 30.8088 5.6
      vertex 103.9 31.2 5.6
      vertex 104.607 30.9071 5.6
    endloop
  endfacet
  facet normal 0 0 -1
    outer loop
      vertex 104.607 30.9071 5.6
      vertex 103.9 31.2 5.6
      vertex 104.509 30.9933 5.6
    endloop
  endfacet
  facet normal 0 0 -1
    outer loop
      vertex 104.509 30.9933 5.6
      vertex 103.9 31.2 5.6
      vertex 104.4 31.066 5.6
    endloop
  endfacet
  facet normal 0 0 -1
    outer loop
      vertex 104.4 31.066 5.6
      vertex 103.9 31.2 5.6
      vertex 104.283 31.1239 5.6
    endloop
  endfacet
  facet normal 0 0 -1
    outer loop
      vertex 104.283 31.1239 5.6
      vertex 103.9 31.2 5.6
      vertex 104.159 31.1659 5.6
    endloop
  endfacet
  facet normal 0 0 -1
    outer loop
      vertex 104.159 31.1659 5.6
      vertex 103.9 31.2 5.6
      vertex 104.031 31.1914 5.6
    endloop
  endfacet
  facet normal 0 0 -1
    outer loop
      vertex 104.1 21.2 5.6
      vertex 50.7 31.2 5.6
      vertex 103.9 31.2 5.6
    endloop
  endfacet
  facet normal 0 0 -1
    outer loop
      vertex 50.5 21.2 5.6
      vertex 50.7 31.2 5.6
      vertex 104.1 21.2 5.6
    endloop
  endfacet
  facet normal 0 0 -1
    outer loop
      vertex 49.7 30.2 5.6
      vertex 50.7 31.2 5.6
      vertex 50.5 21.2 5.6
    endloop
  endfacet
  facet normal 0 0 -1
    outer loop
      vertex 50.7 31.2 5.6
      vertex 49.7 30.2 5.6
      vertex 50.5695 31.1914 5.6
    endloop
  endfacet
  facet normal 0 0 -1
    outer loop
      vertex 49.7 30.2 5.6
      vertex 50.5 21.2 5.6
      vertex 50.3956 21.1931 5.6
    endloop
  endfacet
  facet normal 0 0 -1
    outer loop
      vertex 50.5695 31.1914 5.6
      vertex 49.7 30.2 5.6
      vertex 50.4412 31.1659 5.6
    endloop
  endfacet
  facet normal 0 0 -1
    outer loop
      vertex 49.7 30.2 5.6
      vertex 50.3956 21.1931 5.6
      vertex 50.2929 21.1727 5.6
    endloop
  endfacet
  facet normal 0 0 -1
    outer loop
      vertex 50.4412 31.1659 5.6
      vertex 49.7 30.2 5.6
      vertex 50.3173 31.1239 5.6
    endloop
  endfacet
  facet normal 0 0 -1
    outer loop
      vertex 49.7 30.2 5.6
      vertex 50.2929 21.1727 5.6
      vertex 50.1939 21.1391 5.6
    endloop
  endfacet
  facet normal 0 0 -1
    outer loop
      vertex 49.7 30.2 5.6
      vertex 50.1939 21.1391 5.6
      vertex 50.1 21.0928 5.6
    endloop
  endfacet
  facet normal 0 0 -1
    outer loop
      vertex 50.3173 31.1239 5.6
      vertex 49.7 30.2 5.6
      vertex 50.2 31.066 5.6
    endloop
  endfacet
  facet normal 0 0 -1
    outer loop
      vertex 49.7 30.2 5.6
      vertex 50.1 21.0928 5.6
      vertex 50.013 21.0347 5.6
    endloop
  endfacet
  facet normal 0 0 -1
    outer loop
      vertex 50.2 31.066 5.6
      vertex 49.7 30.2 5.6
      vertex 50.0912 30.9933 5.6
    endloop
  endfacet
  facet normal 0 0 -1
    outer loop
      vertex 49.7 30.2 5.6
      vertex 50.013 21.0347 5.6
      vertex 49.9343 20.9657 5.6
    endloop
  endfacet
  facet normal 0 0 -1
    outer loop
      vertex 50.0912 30.9933 5.6
      vertex 49.7 30.2 5.6
      vertex 49.9929 30.9071 5.6
    endloop
  endfacet
  facet normal 0 0 -1
    outer loop
      vertex 49.7 30.2 5.6
      vertex 49.9343 20.9657 5.6
      vertex 49.8653 20.887 5.6
    endloop
  endfacet
  facet normal 0 0 -1
    outer loop
      vertex 49.9929 30.9071 5.6
      vertex 49.7 30.2 5.6
      vertex 49.9067 30.8088 5.6
    endloop
  endfacet
  facet normal 0 0 -1
    outer loop
      vertex 49.7 30.2 5.6
      vertex 49.8653 20.887 5.6
      vertex 49.8072 20.8 5.6
    endloop
  endfacet
  facet normal 0 0 -1
    outer loop
      vertex 49.9067 30.8088 5.6
      vertex 49.7 30.2 5.6
      vertex 49.834 30.7 5.6
    endloop
  endfacet
  facet normal 0 0 -1
    outer loop
      vertex 49.7 30.2 5.6
      vertex 49.8072 20.8 5.6
      vertex 49.7609 20.7061 5.6
    endloop
  endfacet
  facet normal 0 0 -1
    outer loop
      vertex 49.834 30.7 5.6
      vertex 49.7 30.2 5.6
      vertex 49.7761 30.5827 5.6
    endloop
  endfacet
  facet normal 0 0 -1
    outer loop
      vertex 49.7 30.2 5.6
      vertex 49.7609 20.7061 5.6
      vertex 49.7273 20.6071 5.6
    endloop
  endfacet
  facet normal 0 0 -1
    outer loop
      vertex 49.7761 30.5827 5.6
      vertex 49.7 30.2 5.6
      vertex 49.7341 30.4588 5.6
    endloop
  endfacet
  facet normal 0 0 -1
    outer loop
      vertex 49.7 30.2 5.6
      vertex 49.7273 20.6071 5.6
      vertex 49.7069 20.5044 5.6
    endloop
  endfacet
  facet normal 0 0 -1
    outer loop
      vertex 49.7 30.2 5.6
      vertex 49.7069 20.5044 5.6
      vertex 49.7 20.4 5.6
    endloop
  endfacet
  facet normal 0 0 -1
    outer loop
      vertex 49.7341 30.4588 5.6
      vertex 49.7 30.2 5.6
      vertex 49.7086 30.3305 5.6
    endloop
  endfacet
  facet normal 0.997631 -0.0687895 0
    outer loop
      vertex 104.891 0.869476 15.2
      vertex 104.9 1 5.6
      vertex 104.9 1 15.2
    endloop
  endfacet
  facet normal 0.997631 -0.0687895 0
    outer loop
      vertex 104.9 1 5.6
      vertex 104.891 0.869476 15.2
      vertex 104.891 0.869476 5.6
    endloop
  endfacet
  facet normal 0.997631 -0.0687895 0
    outer loop
      vertex 104.891 0.869476 17.8
      vertex 104.9 1 16.8
      vertex 104.9 1 17.8
    endloop
  endfacet
  facet normal 0.997631 -0.0687895 0
    outer loop
      vertex 104.9 1 16.8
      vertex 104.891 0.869476 17.8
      vertex 104.891 0.869476 16.8
    endloop
  endfacet
  facet normal 0 0 1
    outer loop
      vertex 103.3 29.6 17.8
      vertex 104.9 30.2 17.8
      vertex 104.891 30.3305 17.8
    endloop
  endfacet
  facet normal 0 0 1
    outer loop
      vertex 104.9 30.2 17.8
      vertex 103.3 29.6 17.8
      vertex 104.9 1 17.8
    endloop
  endfacet
  facet normal 0 0 1
    outer loop
      vertex 103.3 29.6 17.8
      vertex 104.891 30.3305 17.8
      vertex 104.866 30.4588 17.8
    endloop
  endfacet
  facet normal -0 0 1
    outer loop
      vertex 103.3 1.6 17.8
      vertex 104.9 1 17.8
      vertex 103.3 29.6 17.8
    endloop
  endfacet
  facet normal 0 0 1
    outer loop
      vertex 103.3 29.6 17.8
      vertex 104.866 30.4588 17.8
      vertex 104.824 30.5827 17.8
    endloop
  endfacet
  facet normal 0 0 1
    outer loop
      vertex 104.9 1 17.8
      vertex 103.3 1.6 17.8
      vertex 104.891 0.869476 17.8
    endloop
  endfacet
  facet normal 0 0 1
    outer loop
      vertex 103.3 29.6 17.8
      vertex 104.824 30.5827 17.8
      vertex 104.766 30.7 17.8
    endloop
  endfacet
  facet normal 0 0 1
    outer loop
      vertex 104.891 0.869476 17.8
      vertex 103.3 1.6 17.8
      vertex 104.866 0.74118 17.8
    endloop
  endfacet
  facet normal 0 0 1
    outer loop
      vertex 103.3 29.6 17.8
      vertex 104.766 30.7 17.8
      vertex 104.693 30.8088 17.8
    endloop
  endfacet
  facet normal 0 0 1
    outer loop
      vertex 104.866 0.74118 17.8
      vertex 103.3 1.6 17.8
      vertex 104.824 0.61731 17.8
    endloop
  endfacet
  facet normal 0 0 1
    outer loop
      vertex 103.3 29.6 17.8
      vertex 104.693 30.8088 17.8
      vertex 104.607 30.9071 17.8
    endloop
  endfacet
  facet normal 0 0 1
    outer loop
      vertex 104.824 0.61731 17.8
      vertex 103.3 1.6 17.8
      vertex 104.766 0.5 17.8
    endloop
  endfacet
  facet normal 0 0 1
    outer loop
      vertex 103.3 29.6 17.8
      vertex 104.607 30.9071 17.8
      vertex 104.509 30.9933 17.8
    endloop
  endfacet
  facet normal 0 0 1
    outer loop
      vertex 104.766 0.5 17.8
      vertex 103.3 1.6 17.8
      vertex 104.693 0.391235 17.8
    endloop
  endfacet
  facet normal 0 0 1
    outer loop
      vertex 103.3 29.6 17.8
      vertex 104.509 30.9933 17.8
      vertex 104.4 31.066 17.8
    endloop
  endfacet
  facet normal 0 0 1
    outer loop
      vertex 104.693 0.391235 17.8
      vertex 103.3 1.6 17.8
      vertex 104.607 0.292892 17.8
    endloop
  endfacet
  facet normal 0 0 1
    outer loop
      vertex 103.3 29.6 17.8
      vertex 104.4 31.066 17.8
      vertex 104.283 31.1239 17.8
    endloop
  endfacet
  facet normal 0 0 1
    outer loop
      vertex 104.607 0.292892 17.8
      vertex 103.3 1.6 17.8
      vertex 104.509 0.20665 17.8
    endloop
  endfacet
  facet normal 0 0 1
    outer loop
      vertex 103.3 29.6 17.8
      vertex 104.283 31.1239 17.8
      vertex 104.159 31.1659 17.8
    endloop
  endfacet
  facet normal 0 0 1
    outer loop
      vertex 104.509 0.20665 17.8
      vertex 103.3 1.6 17.8
      vertex 104.4 0.133972 17.8
    endloop
  endfacet
  facet normal 0 0 1
    outer loop
      vertex 103.3 29.6 17.8
      vertex 104.159 31.1659 17.8
      vertex 104.031 31.1914 17.8
    endloop
  endfacet
  facet normal 0 0 1
    outer loop
      vertex 104.4 0.133972 17.8
      vertex 103.3 1.6 17.8
      vertex 104.283 0.0761261 17.8
    endloop
  endfacet
  facet normal 0 0 1
    outer loop
      vertex 103.3 29.6 17.8
      vertex 104.031 31.1914 17.8
      vertex 103.9 31.2 17.8
    endloop
  endfacet
  facet normal 0 0 1
    outer loop
      vertex 104.283 0.0761261 17.8
      vertex 103.3 1.6 17.8
      vertex 104.159 0.0340729 17.8
    endloop
  endfacet
  facet normal 0 0 1
    outer loop
      vertex 104.159 0.0340729 17.8
      vertex 103.3 1.6 17.8
      vertex 104.031 0.00856018 17.8
    endloop
  endfacet
  facet normal 0 0 1
    outer loop
      vertex 103.9 31.2 17.8
      vertex 51.3 29.6 17.8
      vertex 103.3 29.6 17.8
    endloop
  endfacet
  facet normal -0 0 1
    outer loop
      vertex 50.5695 31.1914 17.8
      vertex 51.3 29.6 17.8
      vertex 50.7 31.2 17.8
    endloop
  endfacet
  facet normal -0 0 1
    outer loop
      vertex 50.7 31.2 17.8
      vertex 51.3 29.6 17.8
      vertex 103.9 31.2 17.8
    endloop
  endfacet
  facet normal 0 0 1
    outer loop
      vertex 104.031 0.00856018 17.8
      vertex 103.3 1.6 17.8
      vertex 103.9 0 17.8
    endloop
  endfacet
  facet normal -0 0 1
    outer loop
      vertex 51.3 1.6 17.8
      vertex 103.9 0 17.8
      vertex 103.3 1.6 17.8
    endloop
  endfacet
  facet normal 0 0 1
    outer loop
      vertex 51.3 1.6 17.8
      vertex 50.7 0 17.8
      vertex 103.9 0 17.8
    endloop
  endfacet
  facet normal 0 0 1
    outer loop
      vertex 51.3 29.6 17.8
      vertex 49.7 30.2 17.8
      vertex 51.3 1.6 17.8
    endloop
  endfacet
  facet normal -0 0 1
    outer loop
      vertex 50.4412 31.1659 17.8
      vertex 51.3 29.6 17.8
      vertex 50.5695 31.1914 17.8
    endloop
  endfacet
  facet normal 0 0 1
    outer loop
      vertex 49.7 1 17.8
      vertex 51.3 1.6 17.8
      vertex 49.7 30.2 17.8
    endloop
  endfacet
  facet normal -0 0 1
    outer loop
      vertex 50.3173 31.1239 17.8
      vertex 51.3 29.6 17.8
      vertex 50.4412 31.1659 17.8
    endloop
  endfacet
  facet normal 0 -0 1
    outer loop
      vertex 49.7086 0.869476 17.8
      vertex 51.3 1.6 17.8
      vertex 49.7 1 17.8
    endloop
  endfacet
  facet normal -0 0 1
    outer loop
      vertex 50.2 31.066 17.8
      vertex 51.3 29.6 17.8
      vertex 50.3173 31.1239 17.8
    endloop
  endfacet
  facet normal 0 0 1
    outer loop
      vertex 51.3 1.6 17.8
      vertex 50.5695 0.00856018 17.8
      vertex 50.7 0 17.8
    endloop
  endfacet
  facet normal -0 0 1
    outer loop
      vertex 50.0912 30.9933 17.8
      vertex 51.3 29.6 17.8
      vertex 50.2 31.066 17.8
    endloop
  endfacet
  facet normal 0 0 1
    outer loop
      vertex 51.3 1.6 17.8
      vertex 50.4412 0.0340729 17.8
      vertex 50.5695 0.00856018 17.8
    endloop
  endfacet
  facet normal -0 0 1
    outer loop
      vertex 49.9929 30.9071 17.8
      vertex 51.3 29.6 17.8
      vertex 50.0912 30.9933 17.8
    endloop
  endfacet
  facet normal 0 0 1
    outer loop
      vertex 51.3 1.6 17.8
      vertex 50.3173 0.0761261 17.8
      vertex 50.4412 0.0340729 17.8
    endloop
  endfacet
  facet normal -0 0 1
    outer loop
      vertex 49.9067 30.8088 17.8
      vertex 51.3 29.6 17.8
      vertex 49.9929 30.9071 17.8
    endloop
  endfacet
  facet normal 0 0 1
    outer loop
      vertex 51.3 1.6 17.8
      vertex 50.2 0.133972 17.8
      vertex 50.3173 0.0761261 17.8
    endloop
  endfacet
  facet normal -0 0 1
    outer loop
      vertex 49.834 30.7 17.8
      vertex 51.3 29.6 17.8
      vertex 49.9067 30.8088 17.8
    endloop
  endfacet
  facet normal 0 0 1
    outer loop
      vertex 51.3 1.6 17.8
      vertex 50.0912 0.20665 17.8
      vertex 50.2 0.133972 17.8
    endloop
  endfacet
  facet normal -0 0 1
    outer loop
      vertex 49.7761 30.5827 17.8
      vertex 51.3 29.6 17.8
      vertex 49.834 30.7 17.8
    endloop
  endfacet
  facet normal 0 0 1
    outer loop
      vertex 51.3 1.6 17.8
      vertex 49.9929 0.292892 17.8
      vertex 50.0912 0.20665 17.8
    endloop
  endfacet
  facet normal -0 0 1
    outer loop
      vertex 49.7341 30.4588 17.8
      vertex 51.3 29.6 17.8
      vertex 49.7761 30.5827 17.8
    endloop
  endfacet
  facet normal 0 0 1
    outer loop
      vertex 51.3 1.6 17.8
      vertex 49.9067 0.391235 17.8
      vertex 49.9929 0.292892 17.8
    endloop
  endfacet
  facet normal -0 0 1
    outer loop
      vertex 49.7086 30.3305 17.8
      vertex 51.3 29.6 17.8
      vertex 49.7341 30.4588 17.8
    endloop
  endfacet
  facet normal 0 0 1
    outer loop
      vertex 51.3 1.6 17.8
      vertex 49.834 0.5 17.8
      vertex 49.9067 0.391235 17.8
    endloop
  endfacet
  facet normal 0 0 1
    outer loop
      vertex 51.3 29.6 17.8
      vertex 49.7086 30.3305 17.8
      vertex 49.7 30.2 17.8
    endloop
  endfacet
  facet normal 0 0 1
    outer loop
      vertex 51.3 1.6 17.8
      vertex 49.7761 0.61731 17.8
      vertex 49.834 0.5 17.8
    endloop
  endfacet
  facet normal 0 0 1
    outer loop
      vertex 51.3 1.6 17.8
      vertex 49.7341 0.74118 17.8
      vertex 49.7761 0.61731 17.8
    endloop
  endfacet
  facet normal 0 0 1
    outer loop
      vertex 51.3 1.6 17.8
      vertex 49.7086 0.869476 17.8
      vertex 49.7341 0.74118 17.8
    endloop
  endfacet
  facet normal 0.4432 -0.896423 0
    outer loop
      vertex 104.283 0.0761261 5.6
      vertex 104.4 0.133972 17.8
      vertex 104.283 0.0761261 17.8
    endloop
  endfacet
  facet normal 0.4432 -0.896423 0
    outer loop
      vertex 104.4 0.133972 17.8
      vertex 104.283 0.0761261 5.6
      vertex 104.4 0.133972 5.6
    endloop
  endfacet
  facet normal 0.55476 -0.83201 0
    outer loop
      vertex 104.4 0.133972 5.6
      vertex 104.509 0.20665 17.8
      vertex 104.4 0.133972 17.8
    endloop
  endfacet
  facet normal 0.55476 -0.83201 0
    outer loop
      vertex 104.509 0.20665 17.8
      vertex 104.4 0.133972 5.6
      vertex 104.509 0.20665 5.6
    endloop
  endfacet
  facet normal 0.321388 -0.946948 0
    outer loop
      vertex 104.307 10.0273 5.72205e-07
      vertex 104.406 10.0609 5.6
      vertex 104.307 10.0273 5.6
    endloop
  endfacet
  facet normal 0.321388 -0.946948 0
    outer loop
      vertex 104.406 10.0609 5.6
      vertex 104.307 10.0273 5.72205e-07
      vertex 104.406 10.0609 5.72205e-07
    endloop
  endfacet
  facet normal 0.981561 -0.191151 0
    outer loop
      vertex 104.873 10.5929 5.6
      vertex 104.893 10.6956 5.72205e-07
      vertex 104.893 10.6956 5.6
    endloop
  endfacet
  facet normal 0.981561 -0.191151 0
    outer loop
      vertex 104.893 10.6956 5.72205e-07
      vertex 104.873 10.5929 5.6
      vertex 104.873 10.5929 5.72205e-07
    endloop
  endfacet
  facet normal 0.321388 0.946948 -0
    outer loop
      vertex 104.406 21.1391 5.72205e-07
      vertex 104.307 21.1727 5.6
      vertex 104.406 21.1391 5.6
    endloop
  endfacet
  facet normal 0.321388 0.946948 0
    outer loop
      vertex 104.307 21.1727 5.6
      vertex 104.406 21.1391 5.72205e-07
      vertex 104.307 21.1727 5.72205e-07
    endloop
  endfacet
  facet normal 0.898032 -0.43993 0
    outer loop
      vertex 104.793 10.4 5.6
      vertex 104.839 10.4939 5.72205e-07
      vertex 104.839 10.4939 5.6
    endloop
  endfacet
  facet normal 0.898032 -0.43993 0
    outer loop
      vertex 104.839 10.4939 5.72205e-07
      vertex 104.793 10.4 5.6
      vertex 104.793 10.4 5.72205e-07
    endloop
  endfacet
  facet normal -0.946948 -0.321388 0
    outer loop
      vertex 49.7609 10.4939 5.72205e-07
      vertex 49.7273 10.5929 5.6
      vertex 49.7273 10.5929 5.72205e-07
    endloop
  endfacet
  facet normal -0.946948 -0.321388 0
    outer loop
      vertex 49.7273 10.5929 5.6
      vertex 49.7609 10.4939 5.72205e-07
      vertex 49.7609 10.4939 5.6
    endloop
  endfacet
  facet normal 0.751925 0.659248 0
    outer loop
      vertex 104.735 20.887 5.6
      vertex 104.666 20.9657 5.72205e-07
      vertex 104.666 20.9657 5.6
    endloop
  endfacet
  facet normal 0.751925 0.659248 0
    outer loop
      vertex 104.666 20.9657 5.72205e-07
      vertex 104.735 20.887 5.6
      vertex 104.735 20.887 5.72205e-07
    endloop
  endfacet
  facet normal 0.194284 -0.980945 0
    outer loop
      vertex 104.204 10.0069 5.72205e-07
      vertex 104.307 10.0273 5.6
      vertex 104.204 10.0069 5.6
    endloop
  endfacet
  facet normal 0.194284 -0.980945 0
    outer loop
      vertex 104.307 10.0273 5.6
      vertex 104.204 10.0069 5.72205e-07
      vertex 104.307 10.0273 5.72205e-07
    endloop
  endfacet
  facet normal -0.321388 0.946948 0
    outer loop
      vertex 50.2929 21.1727 5.72205e-07
      vertex 50.1939 21.1391 5.6
      vertex 50.2929 21.1727 5.6
    endloop
  endfacet
  facet normal -0.321388 0.946948 0
    outer loop
      vertex 50.1939 21.1391 5.6
      vertex 50.2929 21.1727 5.72205e-07
      vertex 50.1939 21.1391 5.72205e-07
    endloop
  endfacet
  facet normal -0.831609 -0.555362 0
    outer loop
      vertex 49.8653 10.313 5.72205e-07
      vertex 49.8072 10.4 5.6
      vertex 49.8072 10.4 5.72205e-07
    endloop
  endfacet
  facet normal -0.831609 -0.555362 0
    outer loop
      vertex 49.8072 10.4 5.6
      vertex 49.8653 10.313 5.72205e-07
      vertex 49.8653 10.313 5.6
    endloop
  endfacet
  facet normal 0.0662006 -0.997806 0
    outer loop
      vertex 104.1 10 5.72205e-07
      vertex 104.204 10.0069 5.6
      vertex 104.1 10 5.6
    endloop
  endfacet
  facet normal 0.0662006 -0.997806 0
    outer loop
      vertex 104.204 10.0069 5.6
      vertex 104.1 10 5.72205e-07
      vertex 104.204 10.0069 5.72205e-07
    endloop
  endfacet
  facet normal 0 -1 0
    outer loop
      vertex 50.5 10 5.72205e-07
      vertex 104.1 10 5.6
      vertex 50.5 10 5.6
    endloop
  endfacet
  facet normal 0 -1 -0
    outer loop
      vertex 104.1 10 5.6
      vertex 50.5 10 5.72205e-07
      vertex 104.1 10 5.72205e-07
    endloop
  endfacet
  facet normal 0 1 -0
    outer loop
      vertex 104.1 21.2 5.72205e-07
      vertex 50.5 21.2 5.6
      vertex 104.1 21.2 5.6
    endloop
  endfacet
  facet normal 0 1 0
    outer loop
      vertex 50.5 21.2 5.6
      vertex 104.1 21.2 5.72205e-07
      vertex 50.5 21.2 5.72205e-07
    endloop
  endfacet
  facet normal 0.657829 -0.753167 0
    outer loop
      vertex 104.587 10.1653 5.72205e-07
      vertex 104.666 10.2343 5.6
      vertex 104.587 10.1653 5.6
    endloop
  endfacet
  facet normal 0.657829 -0.753167 0
    outer loop
      vertex 104.666 10.2343 5.6
      vertex 104.587 10.1653 5.72205e-07
      vertex 104.666 10.2343 5.72205e-07
    endloop
  endfacet
  facet normal -0.44224 0.896897 0
    outer loop
      vertex 50.1939 21.1391 5.72205e-07
      vertex 50.1 21.0928 5.6
      vertex 50.1939 21.1391 5.6
    endloop
  endfacet
  facet normal -0.44224 0.896897 0
    outer loop
      vertex 50.1 21.0928 5.6
      vertex 50.1939 21.1391 5.72205e-07
      vertex 50.1 21.0928 5.72205e-07
    endloop
  endfacet
  facet normal -0.751925 -0.659248 0
    outer loop
      vertex 49.9343 10.2343 5.72205e-07
      vertex 49.8653 10.313 5.6
      vertex 49.8653 10.313 5.72205e-07
    endloop
  endfacet
  facet normal -0.751925 -0.659248 0
    outer loop
      vertex 49.8653 10.313 5.6
      vertex 49.9343 10.2343 5.72205e-07
      vertex 49.9343 10.2343 5.6
    endloop
  endfacet
  facet normal 0.441861 0.897083 -0
    outer loop
      vertex 104.5 21.0928 5.72205e-07
      vertex 104.406 21.1391 5.6
      vertex 104.5 21.0928 5.6
    endloop
  endfacet
  facet normal 0.441861 0.897083 0
    outer loop
      vertex 104.406 21.1391 5.6
      vertex 104.5 21.0928 5.72205e-07
      vertex 104.406 21.1391 5.72205e-07
    endloop
  endfacet
  facet normal -0.896897 0.44224 0
    outer loop
      vertex 49.7609 20.7061 5.72205e-07
      vertex 49.8072 20.8 5.6
      vertex 49.8072 20.8 5.72205e-07
    endloop
  endfacet
  facet normal -0.896897 0.44224 0
    outer loop
      vertex 49.8072 20.8 5.6
      vertex 49.7609 20.7061 5.72205e-07
      vertex 49.7609 20.7061 5.6
    endloop
  endfacet
  facet normal -0.321388 -0.946948 0
    outer loop
      vertex 50.1939 10.0609 5.72205e-07
      vertex 50.2929 10.0273 5.6
      vertex 50.1939 10.0609 5.6
    endloop
  endfacet
  facet normal -0.321388 -0.946948 -0
    outer loop
      vertex 50.2929 10.0273 5.6
      vertex 50.1939 10.0609 5.72205e-07
      vertex 50.2929 10.0273 5.72205e-07
    endloop
  endfacet
  facet normal -0.0659481 0.997823 0
    outer loop
      vertex 50.5 21.2 5.72205e-07
      vertex 50.3956 21.1931 5.6
      vertex 50.5 21.2 5.6
    endloop
  endfacet
  facet normal -0.0659481 0.997823 0
    outer loop
      vertex 50.3956 21.1931 5.6
      vertex 50.5 21.2 5.72205e-07
      vertex 50.3956 21.1931 5.72205e-07
    endloop
  endfacet
  facet normal -0.19483 0.980837 0
    outer loop
      vertex 50.3956 21.1931 5.72205e-07
      vertex 50.2929 21.1727 5.6
      vertex 50.3956 21.1931 5.6
    endloop
  endfacet
  facet normal -0.19483 0.980837 0
    outer loop
      vertex 50.2929 21.1727 5.6
      vertex 50.3956 21.1931 5.72205e-07
      vertex 50.2929 21.1727 5.72205e-07
    endloop
  endfacet
  facet normal -0.831609 0.555362 0
    outer loop
      vertex 49.8072 20.8 5.72205e-07
      vertex 49.8653 20.887 5.6
      vertex 49.8653 20.887 5.72205e-07
    endloop
  endfacet
  facet normal -0.831609 0.555362 0
    outer loop
      vertex 49.8653 20.887 5.6
      vertex 49.8072 20.8 5.72205e-07
      vertex 49.8072 20.8 5.6
    endloop
  endfacet
  facet normal -0.0659481 -0.997823 0
    outer loop
      vertex 50.3956 10.0069 5.72205e-07
      vertex 50.5 10 5.6
      vertex 50.3956 10.0069 5.6
    endloop
  endfacet
  facet normal -0.0659481 -0.997823 -0
    outer loop
      vertex 50.5 10 5.6
      vertex 50.3956 10.0069 5.72205e-07
      vertex 50.5 10 5.72205e-07
    endloop
  endfacet
  facet normal -0.19483 -0.980837 0
    outer loop
      vertex 50.2929 10.0273 5.72205e-07
      vertex 50.3956 10.0069 5.6
      vertex 50.2929 10.0273 5.6
    endloop
  endfacet
  facet normal -0.19483 -0.980837 -0
    outer loop
      vertex 50.3956 10.0069 5.6
      vertex 50.2929 10.0273 5.72205e-07
      vertex 50.3956 10.0069 5.72205e-07
    endloop
  endfacet
  facet normal 0.99776 -0.0668996 0
    outer loop
      vertex 104.893 10.6956 5.6
      vertex 104.9 10.8 5.72205e-07
      vertex 104.9 10.8 5.6
    endloop
  endfacet
  facet normal 0.99776 -0.0668996 0
    outer loop
      vertex 104.9 10.8 5.72205e-07
      vertex 104.893 10.6956 5.6
      vertex 104.893 10.6956 5.72205e-07
    endloop
  endfacet
  facet normal -0.997823 -0.0659481 0
    outer loop
      vertex 49.7069 10.6956 5.72205e-07
      vertex 49.7 10.8 5.6
      vertex 49.7 10.8 5.72205e-07
    endloop
  endfacet
  facet normal -0.997823 -0.0659481 0
    outer loop
      vertex 49.7 10.8 5.6
      vertex 49.7069 10.6956 5.72205e-07
      vertex 49.7069 10.6956 5.6
    endloop
  endfacet
  facet normal 0.441861 -0.897083 0
    outer loop
      vertex 104.406 10.0609 5.72205e-07
      vertex 104.5 10.1072 5.6
      vertex 104.406 10.0609 5.6
    endloop
  endfacet
  facet normal 0.441861 -0.897083 0
    outer loop
      vertex 104.5 10.1072 5.6
      vertex 104.406 10.0609 5.72205e-07
      vertex 104.5 10.1072 5.72205e-07
    endloop
  endfacet
  facet normal 0.99776 0.0668996 0
    outer loop
      vertex 104.9 20.4 5.6
      vertex 104.893 20.5044 5.72205e-07
      vertex 104.893 20.5044 5.6
    endloop
  endfacet
  facet normal 0.99776 0.0668996 0
    outer loop
      vertex 104.893 20.5044 5.72205e-07
      vertex 104.9 20.4 5.6
      vertex 104.9 20.4 5.72205e-07
    endloop
  endfacet
  facet normal -0.997823 0.0659481 0
    outer loop
      vertex 49.7 20.4 5.72205e-07
      vertex 49.7069 20.5044 5.6
      vertex 49.7069 20.5044 5.72205e-07
    endloop
  endfacet
  facet normal -0.997823 0.0659481 0
    outer loop
      vertex 49.7069 20.5044 5.6
      vertex 49.7 20.4 5.72205e-07
      vertex 49.7 20.4 5.6
    endloop
  endfacet
  facet normal 0.83205 0.5547 0
    outer loop
      vertex 104.793 20.8 5.6
      vertex 104.735 20.887 5.72205e-07
      vertex 104.735 20.887 5.6
    endloop
  endfacet
  facet normal 0.83205 0.5547 0
    outer loop
      vertex 104.735 20.887 5.72205e-07
      vertex 104.793 20.8 5.6
      vertex 104.793 20.8 5.72205e-07
    endloop
  endfacet
  facet normal -0.659248 -0.751925 0
    outer loop
      vertex 49.9343 10.2343 5.72205e-07
      vertex 50.013 10.1653 5.6
      vertex 49.9343 10.2343 5.6
    endloop
  endfacet
  facet normal -0.659248 -0.751925 -0
    outer loop
      vertex 50.013 10.1653 5.6
      vertex 49.9343 10.2343 5.72205e-07
      vertex 50.013 10.1653 5.72205e-07
    endloop
  endfacet
  facet normal 0.194284 0.980945 -0
    outer loop
      vertex 104.307 21.1727 5.72205e-07
      vertex 104.204 21.1931 5.6
      vertex 104.307 21.1727 5.6
    endloop
  endfacet
  facet normal 0.194284 0.980945 0
    outer loop
      vertex 104.204 21.1931 5.6
      vertex 104.307 21.1727 5.72205e-07
      vertex 104.204 21.1931 5.72205e-07
    endloop
  endfacet
  facet normal -0.555362 -0.831609 0
    outer loop
      vertex 50.013 10.1653 5.72205e-07
      vertex 50.1 10.1072 5.6
      vertex 50.013 10.1653 5.6
    endloop
  endfacet
  facet normal -0.555362 -0.831609 -0
    outer loop
      vertex 50.1 10.1072 5.6
      vertex 50.013 10.1653 5.72205e-07
      vertex 50.1 10.1072 5.72205e-07
    endloop
  endfacet
  facet normal -0.980837 -0.19483 0
    outer loop
      vertex 49.7273 10.5929 5.72205e-07
      vertex 49.7069 10.6956 5.6
      vertex 49.7069 10.6956 5.72205e-07
    endloop
  endfacet
  facet normal -0.980837 -0.19483 0
    outer loop
      vertex 49.7069 10.6956 5.6
      vertex 49.7273 10.5929 5.72205e-07
      vertex 49.7273 10.5929 5.6
    endloop
  endfacet
  facet normal 0.898032 0.43993 0
    outer loop
      vertex 104.839 20.7061 5.6
      vertex 104.793 20.8 5.72205e-07
      vertex 104.793 20.8 5.6
    endloop
  endfacet
  facet normal 0.898032 0.43993 0
    outer loop
      vertex 104.793 20.8 5.72205e-07
      vertex 104.839 20.7061 5.6
      vertex 104.839 20.7061 5.72205e-07
    endloop
  endfacet
  facet normal 0.657829 0.753167 -0
    outer loop
      vertex 104.666 20.9657 5.72205e-07
      vertex 104.587 21.0347 5.6
      vertex 104.666 20.9657 5.6
    endloop
  endfacet
  facet normal 0.657829 0.753167 0
    outer loop
      vertex 104.587 21.0347 5.6
      vertex 104.666 20.9657 5.72205e-07
      vertex 104.587 21.0347 5.72205e-07
    endloop
  endfacet
  facet normal 0.0662006 0.997806 -0
    outer loop
      vertex 104.204 21.1931 5.72205e-07
      vertex 104.1 21.2 5.6
      vertex 104.204 21.1931 5.6
    endloop
  endfacet
  facet normal 0.0662006 0.997806 0
    outer loop
      vertex 104.1 21.2 5.6
      vertex 104.204 21.1931 5.72205e-07
      vertex 104.1 21.2 5.72205e-07
    endloop
  endfacet
  facet normal -0.44224 -0.896897 0
    outer loop
      vertex 50.1 10.1072 5.72205e-07
      vertex 50.1939 10.0609 5.6
      vertex 50.1 10.1072 5.6
    endloop
  endfacet
  facet normal -0.44224 -0.896897 -0
    outer loop
      vertex 50.1939 10.0609 5.6
      vertex 50.1 10.1072 5.72205e-07
      vertex 50.1939 10.0609 5.72205e-07
    endloop
  endfacet
  facet normal 0.555362 0.831609 -0
    outer loop
      vertex 104.587 21.0347 5.72205e-07
      vertex 104.5 21.0928 5.6
      vertex 104.587 21.0347 5.6
    endloop
  endfacet
  facet normal 0.555362 0.831609 0
    outer loop
      vertex 104.5 21.0928 5.6
      vertex 104.587 21.0347 5.72205e-07
      vertex 104.5 21.0928 5.72205e-07
    endloop
  endfacet
  facet normal -0.751925 0.659248 0
    outer loop
      vertex 49.8653 20.887 5.72205e-07
      vertex 49.9343 20.9657 5.6
      vertex 49.9343 20.9657 5.72205e-07
    endloop
  endfacet
  facet normal -0.751925 0.659248 0
    outer loop
      vertex 49.9343 20.9657 5.6
      vertex 49.8653 20.887 5.72205e-07
      vertex 49.8653 20.887 5.6
    endloop
  endfacet
  facet normal -0.980837 0.19483 0
    outer loop
      vertex 49.7069 20.5044 5.72205e-07
      vertex 49.7273 20.6071 5.6
      vertex 49.7273 20.6071 5.72205e-07
    endloop
  endfacet
  facet normal -0.980837 0.19483 0
    outer loop
      vertex 49.7273 20.6071 5.6
      vertex 49.7069 20.5044 5.72205e-07
      vertex 49.7069 20.5044 5.6
    endloop
  endfacet
  facet normal -0.896897 -0.44224 0
    outer loop
      vertex 49.8072 10.4 5.72205e-07
      vertex 49.7609 10.4939 5.6
      vertex 49.7609 10.4939 5.72205e-07
    endloop
  endfacet
  facet normal -0.896897 -0.44224 0
    outer loop
      vertex 49.7609 10.4939 5.6
      vertex 49.8072 10.4 5.72205e-07
      vertex 49.8072 10.4 5.6
    endloop
  endfacet
  facet normal 0.751925 -0.659248 0
    outer loop
      vertex 104.666 10.2343 5.6
      vertex 104.735 10.313 5.72205e-07
      vertex 104.735 10.313 5.6
    endloop
  endfacet
  facet normal 0.751925 -0.659248 0
    outer loop
      vertex 104.735 10.313 5.72205e-07
      vertex 104.666 10.2343 5.6
      vertex 104.666 10.2343 5.72205e-07
    endloop
  endfacet
  facet normal 0.945778 0.324813 0
    outer loop
      vertex 104.873 20.6071 5.6
      vertex 104.839 20.7061 5.72205e-07
      vertex 104.839 20.7061 5.6
    endloop
  endfacet
  facet normal 0.945778 0.324813 0
    outer loop
      vertex 104.839 20.7061 5.72205e-07
      vertex 104.873 20.6071 5.6
      vertex 104.873 20.6071 5.72205e-07
    endloop
  endfacet
  facet normal 0.83205 -0.5547 0
    outer loop
      vertex 104.735 10.313 5.6
      vertex 104.793 10.4 5.72205e-07
      vertex 104.793 10.4 5.6
    endloop
  endfacet
  facet normal 0.83205 -0.5547 0
    outer loop
      vertex 104.793 10.4 5.72205e-07
      vertex 104.735 10.313 5.6
      vertex 104.735 10.313 5.72205e-07
    endloop
  endfacet
  facet normal -0.946948 0.321388 0
    outer loop
      vertex 49.7273 20.6071 5.72205e-07
      vertex 49.7609 20.7061 5.6
      vertex 49.7609 20.7061 5.72205e-07
    endloop
  endfacet
  facet normal -0.946948 0.321388 0
    outer loop
      vertex 49.7609 20.7061 5.6
      vertex 49.7273 20.6071 5.72205e-07
      vertex 49.7273 20.6071 5.6
    endloop
  endfacet
  facet normal 0.555362 -0.831609 0
    outer loop
      vertex 104.5 10.1072 5.72205e-07
      vertex 104.587 10.1653 5.6
      vertex 104.5 10.1072 5.6
    endloop
  endfacet
  facet normal 0.555362 -0.831609 0
    outer loop
      vertex 104.587 10.1653 5.6
      vertex 104.5 10.1072 5.72205e-07
      vertex 104.587 10.1653 5.72205e-07
    endloop
  endfacet
  facet normal -0.659248 0.751925 0
    outer loop
      vertex 50.013 21.0347 5.72205e-07
      vertex 49.9343 20.9657 5.6
      vertex 50.013 21.0347 5.6
    endloop
  endfacet
  facet normal -0.659248 0.751925 0
    outer loop
      vertex 49.9343 20.9657 5.6
      vertex 50.013 21.0347 5.72205e-07
      vertex 49.9343 20.9657 5.72205e-07
    endloop
  endfacet
  facet normal -0.555362 0.831609 0
    outer loop
      vertex 50.1 21.0928 5.72205e-07
      vertex 50.013 21.0347 5.6
      vertex 50.1 21.0928 5.6
    endloop
  endfacet
  facet normal -0.555362 0.831609 0
    outer loop
      vertex 50.013 21.0347 5.6
      vertex 50.1 21.0928 5.72205e-07
      vertex 50.013 21.0347 5.72205e-07
    endloop
  endfacet
  facet normal 0.945778 -0.324813 0
    outer loop
      vertex 104.839 10.4939 5.6
      vertex 104.873 10.5929 5.72205e-07
      vertex 104.873 10.5929 5.6
    endloop
  endfacet
  facet normal 0.945778 -0.324813 0
    outer loop
      vertex 104.873 10.5929 5.72205e-07
      vertex 104.839 10.4939 5.6
      vertex 104.839 10.4939 5.72205e-07
    endloop
  endfacet
  facet normal 0.981561 0.191151 0
    outer loop
      vertex 104.893 20.5044 5.6
      vertex 104.873 20.6071 5.72205e-07
      vertex 104.873 20.6071 5.6
    endloop
  endfacet
  facet normal 0.981561 0.191151 0
    outer loop
      vertex 104.873 20.6071 5.72205e-07
      vertex 104.893 20.5044 5.6
      vertex 104.893 20.5044 5.72205e-07
    endloop
  endfacet
  facet normal 0 0 -1
    outer loop
      vertex 104.1 10 5.72205e-07
      vertex 104.9 10.8 5.72205e-07
      vertex 104.893 10.6956 5.72205e-07
    endloop
  endfacet
  facet normal 0 0 -1
    outer loop
      vertex 104.1 10 5.72205e-07
      vertex 104.893 10.6956 5.72205e-07
      vertex 104.873 10.5929 5.72205e-07
    endloop
  endfacet
  facet normal 0 0 -1
    outer loop
      vertex 104.1 10 5.72205e-07
      vertex 104.873 10.5929 5.72205e-07
      vertex 104.839 10.4939 5.72205e-07
    endloop
  endfacet
  facet normal 0 0 -1
    outer loop
      vertex 104.1 10 5.72205e-07
      vertex 104.839 10.4939 5.72205e-07
      vertex 104.793 10.4 5.72205e-07
    endloop
  endfacet
  facet normal 0 0 -1
    outer loop
      vertex 104.1 10 5.72205e-07
      vertex 104.793 10.4 5.72205e-07
      vertex 104.735 10.313 5.72205e-07
    endloop
  endfacet
  facet normal 0 0 -1
    outer loop
      vertex 104.1 10 5.72205e-07
      vertex 104.735 10.313 5.72205e-07
      vertex 104.666 10.2343 5.72205e-07
    endloop
  endfacet
  facet normal 0 0 -1
    outer loop
      vertex 104.1 10 5.72205e-07
      vertex 104.666 10.2343 5.72205e-07
      vertex 104.587 10.1653 5.72205e-07
    endloop
  endfacet
  facet normal 0 0 -1
    outer loop
      vertex 104.1 10 5.72205e-07
      vertex 104.587 10.1653 5.72205e-07
      vertex 104.5 10.1072 5.72205e-07
    endloop
  endfacet
  facet normal 0 0 -1
    outer loop
      vertex 104.1 10 5.72205e-07
      vertex 104.5 10.1072 5.72205e-07
      vertex 104.406 10.0609 5.72205e-07
    endloop
  endfacet
  facet normal 0 0 -1
    outer loop
      vertex 104.1 10 5.72205e-07
      vertex 104.406 10.0609 5.72205e-07
      vertex 104.307 10.0273 5.72205e-07
    endloop
  endfacet
  facet normal 0 0 -1
    outer loop
      vertex 104.1 10 5.72205e-07
      vertex 104.307 10.0273 5.72205e-07
      vertex 104.204 10.0069 5.72205e-07
    endloop
  endfacet
  facet normal -0 0 -1
    outer loop
      vertex 104.9 10.8 5.72205e-07
      vertex 104.1 10 5.72205e-07
      vertex 104.9 12.8 5.72205e-07
    endloop
  endfacet
  facet normal 0 0 -1
    outer loop
      vertex 50.5 10 5.72205e-07
      vertex 104.9 12.8 5.72205e-07
      vertex 104.1 10 5.72205e-07
    endloop
  endfacet
  facet normal 0 0 -1
    outer loop
      vertex 49.7 10.8 5.72205e-07
      vertex 50.5 10 5.72205e-07
      vertex 50.3956 10.0069 5.72205e-07
    endloop
  endfacet
  facet normal 0 0 -1
    outer loop
      vertex 49.7 10.8 5.72205e-07
      vertex 50.3956 10.0069 5.72205e-07
      vertex 50.2929 10.0273 5.72205e-07
    endloop
  endfacet
  facet normal 0 0 -1
    outer loop
      vertex 49.7 10.8 5.72205e-07
      vertex 50.2929 10.0273 5.72205e-07
      vertex 50.1939 10.0609 5.72205e-07
    endloop
  endfacet
  facet normal 0 0 -1
    outer loop
      vertex 49.7 10.8 5.72205e-07
      vertex 50.1939 10.0609 5.72205e-07
      vertex 50.1 10.1072 5.72205e-07
    endloop
  endfacet
  facet normal 0 0 -1
    outer loop
      vertex 49.7 10.8 5.72205e-07
      vertex 50.1 10.1072 5.72205e-07
      vertex 50.013 10.1653 5.72205e-07
    endloop
  endfacet
  facet normal 0 0 -1
    outer loop
      vertex 49.7 10.8 5.72205e-07
      vertex 50.013 10.1653 5.72205e-07
      vertex 49.9343 10.2343 5.72205e-07
    endloop
  endfacet
  facet normal 0 0 -1
    outer loop
      vertex 49.7 10.8 5.72205e-07
      vertex 49.9343 10.2343 5.72205e-07
      vertex 49.8653 10.313 5.72205e-07
    endloop
  endfacet
  facet normal 0 0 -1
    outer loop
      vertex 49.7 10.8 5.72205e-07
      vertex 49.8653 10.313 5.72205e-07
      vertex 49.8072 10.4 5.72205e-07
    endloop
  endfacet
  facet normal 0 0 -1
    outer loop
      vertex 49.7 10.8 5.72205e-07
      vertex 49.8072 10.4 5.72205e-07
      vertex 49.7609 10.4939 5.72205e-07
    endloop
  endfacet
  facet normal 0 0 -1
    outer loop
      vertex 49.7 10.8 5.72205e-07
      vertex 49.7609 10.4939 5.72205e-07
      vertex 49.7273 10.5929 5.72205e-07
    endloop
  endfacet
  facet normal 0 0 -1
    outer loop
      vertex 49.7 10.8 5.72205e-07
      vertex 49.7273 10.5929 5.72205e-07
      vertex 49.7069 10.6956 5.72205e-07
    endloop
  endfacet
  facet normal 0 0 -1
    outer loop
      vertex 50.5 10 5.72205e-07
      vertex 49.7 10.8 5.72205e-07
      vertex 49.7 12.8 5.72205e-07
    endloop
  endfacet
  facet normal 0 0 -1
    outer loop
      vertex 50.5 10 5.72205e-07
      vertex 49.7 12.8 5.72205e-07
      vertex 104.9 12.8 5.72205e-07
    endloop
  endfacet
  facet normal 0 0 -1
    outer loop
      vertex 104.1 21.2 5.72205e-07
      vertex 104.9 20.4 5.72205e-07
      vertex 104.9 18.4 5.72205e-07
    endloop
  endfacet
  facet normal 0 0 -1
    outer loop
      vertex 104.9 20.4 5.72205e-07
      vertex 104.1 21.2 5.72205e-07
      vertex 104.893 20.5044 5.72205e-07
    endloop
  endfacet
  facet normal 0 0 -1
    outer loop
      vertex 104.893 20.5044 5.72205e-07
      vertex 104.1 21.2 5.72205e-07
      vertex 104.873 20.6071 5.72205e-07
    endloop
  endfacet
  facet normal 0 0 -1
    outer loop
      vertex 104.873 20.6071 5.72205e-07
      vertex 104.1 21.2 5.72205e-07
      vertex 104.839 20.7061 5.72205e-07
    endloop
  endfacet
  facet normal 0 0 -1
    outer loop
      vertex 104.839 20.7061 5.72205e-07
      vertex 104.1 21.2 5.72205e-07
      vertex 104.793 20.8 5.72205e-07
    endloop
  endfacet
  facet normal 0 0 -1
    outer loop
      vertex 104.793 20.8 5.72205e-07
      vertex 104.1 21.2 5.72205e-07
      vertex 104.735 20.887 5.72205e-07
    endloop
  endfacet
  facet normal 0 0 -1
    outer loop
      vertex 104.735 20.887 5.72205e-07
      vertex 104.1 21.2 5.72205e-07
      vertex 104.666 20.9657 5.72205e-07
    endloop
  endfacet
  facet normal 0 0 -1
    outer loop
      vertex 104.666 20.9657 5.72205e-07
      vertex 104.1 21.2 5.72205e-07
      vertex 104.587 21.0347 5.72205e-07
    endloop
  endfacet
  facet normal 0 0 -1
    outer loop
      vertex 104.587 21.0347 5.72205e-07
      vertex 104.1 21.2 5.72205e-07
      vertex 104.5 21.0928 5.72205e-07
    endloop
  endfacet
  facet normal 0 0 -1
    outer loop
      vertex 104.5 21.0928 5.72205e-07
      vertex 104.1 21.2 5.72205e-07
      vertex 104.406 21.1391 5.72205e-07
    endloop
  endfacet
  facet normal 0 0 -1
    outer loop
      vertex 104.406 21.1391 5.72205e-07
      vertex 104.1 21.2 5.72205e-07
      vertex 104.307 21.1727 5.72205e-07
    endloop
  endfacet
  facet normal 0 0 -1
    outer loop
      vertex 104.307 21.1727 5.72205e-07
      vertex 104.1 21.2 5.72205e-07
      vertex 104.204 21.1931 5.72205e-07
    endloop
  endfacet
  facet normal 0 0 -1
    outer loop
      vertex 104.9 18.4 5.72205e-07
      vertex 50.5 21.2 5.72205e-07
      vertex 104.1 21.2 5.72205e-07
    endloop
  endfacet
  facet normal 0 0 -1
    outer loop
      vertex 49.7 18.4 5.72205e-07
      vertex 50.5 21.2 5.72205e-07
      vertex 104.9 18.4 5.72205e-07
    endloop
  endfacet
  facet normal 0 0 -1
    outer loop
      vertex 49.7 20.4 5.72205e-07
      vertex 50.5 21.2 5.72205e-07
      vertex 49.7 18.4 5.72205e-07
    endloop
  endfacet
  facet normal 0 0 -1
    outer loop
      vertex 50.5 21.2 5.72205e-07
      vertex 49.7 20.4 5.72205e-07
      vertex 50.3956 21.1931 5.72205e-07
    endloop
  endfacet
  facet normal 0 0 -1
    outer loop
      vertex 50.3956 21.1931 5.72205e-07
      vertex 49.7 20.4 5.72205e-07
      vertex 50.2929 21.1727 5.72205e-07
    endloop
  endfacet
  facet normal 0 0 -1
    outer loop
      vertex 50.2929 21.1727 5.72205e-07
      vertex 49.7 20.4 5.72205e-07
      vertex 50.1939 21.1391 5.72205e-07
    endloop
  endfacet
  facet normal 0 0 -1
    outer loop
      vertex 50.1939 21.1391 5.72205e-07
      vertex 49.7 20.4 5.72205e-07
      vertex 50.1 21.0928 5.72205e-07
    endloop
  endfacet
  facet normal 0 0 -1
    outer loop
      vertex 50.1 21.0928 5.72205e-07
      vertex 49.7 20.4 5.72205e-07
      vertex 50.013 21.0347 5.72205e-07
    endloop
  endfacet
  facet normal 0 0 -1
    outer loop
      vertex 50.013 21.0347 5.72205e-07
      vertex 49.7 20.4 5.72205e-07
      vertex 49.9343 20.9657 5.72205e-07
    endloop
  endfacet
  facet normal 0 0 -1
    outer loop
      vertex 49.9343 20.9657 5.72205e-07
      vertex 49.7 20.4 5.72205e-07
      vertex 49.8653 20.887 5.72205e-07
    endloop
  endfacet
  facet normal 0 0 -1
    outer loop
      vertex 49.8653 20.887 5.72205e-07
      vertex 49.7 20.4 5.72205e-07
      vertex 49.8072 20.8 5.72205e-07
    endloop
  endfacet
  facet normal 0 0 -1
    outer loop
      vertex 49.8072 20.8 5.72205e-07
      vertex 49.7 20.4 5.72205e-07
      vertex 49.7609 20.7061 5.72205e-07
    endloop
  endfacet
  facet normal 0 0 -1
    outer loop
      vertex 49.7609 20.7061 5.72205e-07
      vertex 49.7 20.4 5.72205e-07
      vertex 49.7273 20.6071 5.72205e-07
    endloop
  endfacet
  facet normal 0 0 -1
    outer loop
      vertex 49.7273 20.6071 5.72205e-07
      vertex 49.7 20.4 5.72205e-07
      vertex 49.7069 20.5044 5.72205e-07
    endloop
  endfacet
  facet normal -1 0 0
    outer loop
      vertex 103.3 29.6 7.2
      vertex 103.3 18.6 9.2
      vertex 103.3 29.6 15.2
    endloop
  endfacet
  facet normal -1 0 0
    outer loop
      vertex 103.3 29.6 7.2
      vertex 103.3 12.6 9.2
      vertex 103.3 18.6 9.2
    endloop
  endfacet
  facet normal -1 -0 0
    outer loop
      vertex 103.3 12.6 9.2
      vertex 103.3 1.6 7.2
      vertex 103.3 12.6 13.2
    endloop
  endfacet
  facet normal -1 0 0
    outer loop
      vertex 103.3 1.6 7.2
      vertex 103.3 12.6 9.2
      vertex 103.3 29.6 7.2
    endloop
  endfacet
  facet normal -1 0 0
    outer loop
      vertex 103.3 18.6 13.2
      vertex 103.3 29.6 15.2
      vertex 103.3 18.6 9.2
    endloop
  endfacet
  facet normal -1 0 0
    outer loop
      vertex 103.3 12.6 13.2
      vertex 103.3 29.6 15.2
      vertex 103.3 18.6 13.2
    endloop
  endfacet
  facet normal -1 0 0
    outer loop
      vertex 103.3 12.6 13.2
      vertex 103.3 1.6 15.2
      vertex 103.3 29.6 15.2
    endloop
  endfacet
  facet normal -1 0 0
    outer loop
      vertex 103.3 1.6 15.2
      vertex 103.3 12.6 13.2
      vertex 103.3 1.6 7.2
    endloop
  endfacet
  facet normal -1 0 0
    outer loop
      vertex 103.3 1.6 16.8
      vertex 103.3 29.6 17.8
      vertex 103.3 29.6 16.8
    endloop
  endfacet
  facet normal -1 -0 0
    outer loop
      vertex 103.3 29.6 17.8
      vertex 103.3 1.6 16.8
      vertex 103.3 1.6 17.8
    endloop
  endfacet
  facet normal -0 0 1
    outer loop
      vertex 51.3 29.6 7.2
      vertex 103.3 1.6 7.2
      vertex 103.3 29.6 7.2
    endloop
  endfacet
  facet normal 0 0 1
    outer loop
      vertex 103.3 1.6 7.2
      vertex 51.3 29.6 7.2
      vertex 51.3 1.6 7.2
    endloop
  endfacet
  facet normal 1 -0 0
    outer loop
      vertex 51.3 0.599999 16.8
      vertex 51.3 1.6 15.2
      vertex 51.3 1.6 16.8
    endloop
  endfacet
  facet normal 1 0 0
    outer loop
      vertex 51.3 1.6 15.2
      vertex 51.3 0.599999 16.8
      vertex 51.3 0.599999 15.2
    endloop
  endfacet
  facet normal 1 0 0
    outer loop
      vertex 51.3 18.6 13.2
      vertex 51.3 29.6 16.8
      vertex 51.3 29.6 17.8
    endloop
  endfacet
  facet normal 1 0 0
    outer loop
      vertex 51.3 29.6 16.8
      vertex 51.3 18.6 13.2
      vertex 51.3 29.6 15.2
    endloop
  endfacet
  facet normal 1 0 0
    outer loop
      vertex 51.3 29.6 15.2
      vertex 51.3 18.6 13.2
      vertex 51.3 29.6 7.2
    endloop
  endfacet
  facet normal 1 0 0
    outer loop
      vertex 51.3 29.6 17.8
      vertex 51.3 12.6 13.2
      vertex 51.3 18.6 13.2
    endloop
  endfacet
  facet normal 1 -0 0
    outer loop
      vertex 51.3 1.6 16.8
      vertex 51.3 12.6 13.2
      vertex 51.3 1.6 17.8
    endloop
  endfacet
  facet normal 1 -0 0
    outer loop
      vertex 51.3 1.6 17.8
      vertex 51.3 12.6 13.2
      vertex 51.3 29.6 17.8
    endloop
  endfacet
  facet normal 1 -0 0
    outer loop
      vertex 51.3 29.6 16.8
      vertex 51.3 30.6 15.2
      vertex 51.3 30.6 16.8
    endloop
  endfacet
  facet normal 1 0 0
    outer loop
      vertex 51.3 30.6 15.2
      vertex 51.3 29.6 16.8
      vertex 51.3 29.6 15.2
    endloop
  endfacet
  facet normal 1 -0 0
    outer loop
      vertex 51.3 18.6 9.2
      vertex 51.3 29.6 7.2
      vertex 51.3 18.6 13.2
    endloop
  endfacet
  facet normal 1 -0 0
    outer loop
      vertex 51.3 12.6 9.2
      vertex 51.3 29.6 7.2
      vertex 51.3 18.6 9.2
    endloop
  endfacet
  facet normal 1 -0 0
    outer loop
      vertex 51.3 1.6 15.2
      vertex 51.3 12.6 13.2
      vertex 51.3 1.6 16.8
    endloop
  endfacet
  facet normal 1 0 0
    outer loop
      vertex 51.3 12.6 13.2
      vertex 51.3 1.6 15.2
      vertex 51.3 12.6 9.2
    endloop
  endfacet
  facet normal 1 0 0
    outer loop
      vertex 51.3 12.6 9.2
      vertex 51.3 1.6 7.2
      vertex 51.3 29.6 7.2
    endloop
  endfacet
  facet normal 1 0 0
    outer loop
      vertex 51.3 1.6 7.2
      vertex 51.3 12.6 9.2
      vertex 51.3 1.6 15.2
    endloop
  endfacet
  facet normal 0 0 -1
    outer loop
      vertex 103.3 1.6 16.8
      vertex 104.9 1 16.8
      vertex 104.891 0.869476 16.8
    endloop
  endfacet
  facet normal 0 0 -1
    outer loop
      vertex 104.9 1 16.8
      vertex 103.3 1.6 16.8
      vertex 104.9 30.2 16.8
    endloop
  endfacet
  facet normal 0 0 -1
    outer loop
      vertex 103.3 1.6 16.8
      vertex 104.891 0.869476 16.8
      vertex 104.866 0.74118 16.8
    endloop
  endfacet
  facet normal 0 0 -1
    outer loop
      vertex 103.3 29.6 16.8
      vertex 104.9 30.2 16.8
      vertex 103.3 1.6 16.8
    endloop
  endfacet
  facet normal 0 0 -1
    outer loop
      vertex 104.815 0.599999 16.8
      vertex 104.866 0.74118 16.8
      vertex 104.824 0.61731 16.8
    endloop
  endfacet
  facet normal -0 0 -1
    outer loop
      vertex 104.9 30.2 16.8
      vertex 103.3 29.6 16.8
      vertex 104.891 30.3305 16.8
    endloop
  endfacet
  facet normal -0 0 -1
    outer loop
      vertex 104.866 0.74118 16.8
      vertex 104.815 0.599999 16.8
      vertex 103.3 1.6 16.8
    endloop
  endfacet
  facet normal -0 0 -1
    outer loop
      vertex 104.891 30.3305 16.8
      vertex 103.3 29.6 16.8
      vertex 104.866 30.4588 16.8
    endloop
  endfacet
  facet normal 0 -0 -1
    outer loop
      vertex 104.815 30.6 16.8
      vertex 104.866 30.4588 16.8
      vertex 103.3 29.6 16.8
    endloop
  endfacet
  facet normal 0 0 -1
    outer loop
      vertex 51.3 0.599999 16.8
      vertex 103.3 1.6 16.8
      vertex 104.815 0.599999 16.8
    endloop
  endfacet
  facet normal -0 0 -1
    outer loop
      vertex 103.3 1.6 16.8
      vertex 51.3 0.599999 16.8
      vertex 51.3 1.6 16.8
    endloop
  endfacet
  facet normal 0 0 -1
    outer loop
      vertex 104.866 30.4588 16.8
      vertex 104.815 30.6 16.8
      vertex 104.824 30.5827 16.8
    endloop
  endfacet
  facet normal 0 0 -1
    outer loop
      vertex 51.3 30.6 16.8
      vertex 103.3 29.6 16.8
      vertex 51.3 29.6 16.8
    endloop
  endfacet
  facet normal 0 0 -1
    outer loop
      vertex 103.3 29.6 16.8
      vertex 51.3 30.6 16.8
      vertex 104.815 30.6 16.8
    endloop
  endfacet
  facet normal -0 0 1
    outer loop
      vertex 98.2 30.6 15.2
      vertex 103.3 29.6 15.2
      vertex 104.815 30.6 15.2
    endloop
  endfacet
  facet normal 0 0 1
    outer loop
      vertex 103.3 29.6 15.2
      vertex 98.2 30.6 15.2
      vertex 98.2 29.6 15.2
    endloop
  endfacet
  facet normal 0 0 1
    outer loop
      vertex 103.3 29.6 15.2
      vertex 104.9 30.2 15.2
      vertex 104.891 30.3305 15.2
    endloop
  endfacet
  facet normal 0 0 1
    outer loop
      vertex 104.9 30.2 15.2
      vertex 103.3 29.6 15.2
      vertex 104.9 1 15.2
    endloop
  endfacet
  facet normal 0 0 1
    outer loop
      vertex 103.3 29.6 15.2
      vertex 104.891 30.3305 15.2
      vertex 104.866 30.4588 15.2
    endloop
  endfacet
  facet normal -0 0 1
    outer loop
      vertex 103.3 1.6 15.2
      vertex 104.9 1 15.2
      vertex 103.3 29.6 15.2
    endloop
  endfacet
  facet normal 0 0 1
    outer loop
      vertex 104.815 30.6 15.2
      vertex 104.866 30.4588 15.2
      vertex 104.824 30.5827 15.2
    endloop
  endfacet
  facet normal 0 0 1
    outer loop
      vertex 104.9 1 15.2
      vertex 103.3 1.6 15.2
      vertex 104.891 0.869476 15.2
    endloop
  endfacet
  facet normal 0 -0 1
    outer loop
      vertex 104.815 0.599999 15.2
      vertex 104.866 0.74118 15.2
      vertex 103.3 1.6 15.2
    endloop
  endfacet
  facet normal 0 0 1
    outer loop
      vertex 104.866 30.4588 15.2
      vertex 104.815 30.6 15.2
      vertex 103.3 29.6 15.2
    endloop
  endfacet
  facet normal 0 0 1
    outer loop
      vertex 104.891 0.869476 15.2
      vertex 103.3 1.6 15.2
      vertex 104.866 0.74118 15.2
    endloop
  endfacet
  facet normal 0 0 1
    outer loop
      vertex 104.866 0.74118 15.2
      vertex 104.815 0.599999 15.2
      vertex 104.824 0.61731 15.2
    endloop
  endfacet
  facet normal 0 0 1
    outer loop
      vertex 98.2 0.599999 15.2
      vertex 103.3 1.6 15.2
      vertex 98.2 1.6 15.2
    endloop
  endfacet
  facet normal 0 0 1
    outer loop
      vertex 103.3 1.6 15.2
      vertex 98.2 0.599999 15.2
      vertex 104.815 0.599999 15.2
    endloop
  endfacet
  facet normal -0 0 1
    outer loop
      vertex 51.3 1.6 15.2
      vertex 97.6 0.599999 15.2
      vertex 97.6 1.6 15.2
    endloop
  endfacet
  facet normal 0 0 1
    outer loop
      vertex 97.6 0.599999 15.2
      vertex 51.3 1.6 15.2
      vertex 51.3 0.599999 15.2
    endloop
  endfacet
  facet normal -0 0 1
    outer loop
      vertex 51.3 30.6 15.2
      vertex 97.6 29.6 15.2
      vertex 97.6 30.6 15.2
    endloop
  endfacet
  facet normal 0 0 1
    outer loop
      vertex 97.6 29.6 15.2
      vertex 51.3 30.6 15.2
      vertex 51.3 29.6 15.2
    endloop
  endfacet
  facet normal 0 -0.9442 0.329373
    outer loop
      vertex 49.7 18.4 5.72205e-07
      vertex 104.9 19.9 4.29999
      vertex 49.7 19.9 4.29999
    endloop
  endfacet
  facet normal 0 -0.9442 0.329373
    outer loop
      vertex 104.9 19.9 4.29999
      vertex 49.7 18.4 5.72205e-07
      vertex 104.9 18.4 5.72205e-07
    endloop
  endfacet
  facet normal 0 0 -1
    outer loop
      vertex 49.7 11.3 4.29999
      vertex 104.9 19.9 4.29999
      vertex 104.9 11.3 4.29999
    endloop
  endfacet
  facet normal -0 0 -1
    outer loop
      vertex 104.9 19.9 4.29999
      vertex 49.7 11.3 4.29999
      vertex 49.7 19.9 4.29999
    endloop
  endfacet
  facet normal 0 0.9442 0.329373
    outer loop
      vertex 104.9 12.8 5.72205e-07
      vertex 49.7 11.3 4.29999
      vertex 104.9 11.3 4.29999
    endloop
  endfacet
  facet normal 0 0.9442 0.329373
    outer loop
      vertex 49.7 11.3 4.29999
      vertex 104.9 12.8 5.72205e-07
      vertex 49.7 12.8 5.72205e-07
    endloop
  endfacet
  facet normal 0 0 -1
    outer loop
      vertex 49.7 12.6 13.2
      vertex 51.3 18.6 13.2
      vertex 51.3 12.6 13.2
    endloop
  endfacet
  facet normal -0 0 -1
    outer loop
      vertex 51.3 18.6 13.2
      vertex 49.7 12.6 13.2
      vertex 49.7 18.6 13.2
    endloop
  endfacet
  facet normal -0 0 1
    outer loop
      vertex 49.7 18.6 9.2
      vertex 51.3 12.6 9.2
      vertex 51.3 18.6 9.2
    endloop
  endfacet
  facet normal 0 0 1
    outer loop
      vertex 51.3 12.6 9.2
      vertex 49.7 18.6 9.2
      vertex 49.7 12.6 9.2
    endloop
  endfacet
  facet normal 0 -1 0
    outer loop
      vertex 49.7 18.6 9.2
      vertex 51.3 18.6 13.2
      vertex 49.7 18.6 13.2
    endloop
  endfacet
  facet normal 0 -1 -0
    outer loop
      vertex 51.3 18.6 13.2
      vertex 49.7 18.6 9.2
      vertex 51.3 18.6 9.2
    endloop
  endfacet
  facet normal 0 1 -0
    outer loop
      vertex 51.3 12.6 9.2
      vertex 49.7 12.6 13.2
      vertex 51.3 12.6 13.2
    endloop
  endfacet
  facet normal 0 1 0
    outer loop
      vertex 49.7 12.6 13.2
      vertex 51.3 12.6 9.2
      vertex 49.7 12.6 9.2
    endloop
  endfacet
  facet normal 0 0 -1
    outer loop
      vertex 103.3 12.6 13.2
      vertex 104.9 18.6 13.2
      vertex 104.9 12.6 13.2
    endloop
  endfacet
  facet normal -0 0 -1
    outer loop
      vertex 104.9 18.6 13.2
      vertex 103.3 12.6 13.2
      vertex 103.3 18.6 13.2
    endloop
  endfacet
  facet normal -0 0 1
    outer loop
      vertex 103.3 18.6 9.2
      vertex 104.9 12.6 9.2
      vertex 104.9 18.6 9.2
    endloop
  endfacet
  facet normal 0 0 1
    outer loop
      vertex 104.9 12.6 9.2
      vertex 103.3 18.6 9.2
      vertex 103.3 12.6 9.2
    endloop
  endfacet
  facet normal 0 -1 0
    outer loop
      vertex 103.3 18.6 9.2
      vertex 104.9 18.6 13.2
      vertex 103.3 18.6 13.2
    endloop
  endfacet
  facet normal 0 -1 -0
    outer loop
      vertex 104.9 18.6 13.2
      vertex 103.3 18.6 9.2
      vertex 104.9 18.6 9.2
    endloop
  endfacet
  facet normal 0 1 -0
    outer loop
      vertex 104.9 12.6 9.2
      vertex 103.3 12.6 13.2
      vertex 104.9 12.6 13.2
    endloop
  endfacet
  facet normal 0 1 0
    outer loop
      vertex 103.3 12.6 13.2
      vertex 104.9 12.6 9.2
      vertex 103.3 12.6 9.2
    endloop
  endfacet
  facet normal 0.522497 -0.852641 0
    outer loop
      vertex 12.7241 72.9785 0.599999
      vertex 14.6306 74.1468 1.6
      vertex 12.7241 72.9785 1.6
    endloop
  endfacet
  facet normal 0.522497 -0.852641 0
    outer loop
      vertex 14.6306 74.1468 1.6
      vertex 12.7241 72.9785 0.599999
      vertex 14.6306 74.1468 0.599999
    endloop
  endfacet
  facet normal -0.97237 0.233444 0
    outer loop
      vertex 35.1526 57.0465 0.599999
      vertex 35.6746 59.2208 1.6
      vertex 35.6746 59.2208 0.599999
    endloop
  endfacet
  facet normal -0.97237 0.233444 0
    outer loop
      vertex 35.6746 59.2208 1.6
      vertex 35.1526 57.0465 0.599999
      vertex 35.1526 57.0465 1.6
    endloop
  endfacet
  facet normal -0.233444 -0.97237 0
    outer loop
      vertex 23.8292 75.5246 0.599999
      vertex 26.0035 75.0026 1.6
      vertex 23.8292 75.5246 1.6
    endloop
  endfacet
  facet normal -0.233444 -0.97237 -0
    outer loop
      vertex 26.0035 75.0026 1.6
      vertex 23.8292 75.5246 0.599999
      vertex 26.0035 75.0026 0.599999
    endloop
  endfacet
  facet normal 0.972371 0.233442 0
    outer loop
      vertex 7.54744 57.0465 1.6
      vertex 7.27061 58.1996 0.599999
      vertex 7.27061 58.1996 1.6
    endloop
  endfacet
  facet normal 0.972371 0.233442 0
    outer loop
      vertex 7.27061 58.1996 0.599999
      vertex 7.54744 57.0465 1.6
      vertex 7.54744 57.0465 0.599999
    endloop
  endfacet
  facet normal 0.522497 0.852641 -0
    outer loop
      vertex 14.6306 48.7532 0.599999
      vertex 12.7241 49.9215 1.6
      vertex 14.6306 48.7532 1.6
    endloop
  endfacet
  facet normal 0.522497 0.852641 0
    outer loop
      vertex 12.7241 49.9215 1.6
      vertex 14.6306 48.7532 0.599999
      vertex 12.7241 49.9215 0.599999
    endloop
  endfacet
  facet normal 0.649428 0.760423 -0
    outer loop
      vertex 12.7241 49.9215 0.599999
      vertex 11.0237 51.3737 1.6
      vertex 12.7241 49.9215 1.6
    endloop
  endfacet
  facet normal 0.649428 0.760423 0
    outer loop
      vertex 11.0237 51.3737 1.6
      vertex 12.7241 49.9215 0.599999
      vertex 11.0237 51.3737 0.599999
    endloop
  endfacet
  facet normal 0.0784405 -0.996919 0
    outer loop
      vertex 18.8708 75.5246 0.599999
      vertex 21.1 75.7 1.6
      vertex 18.8708 75.5246 1.6
    endloop
  endfacet
  facet normal 0.0784405 -0.996919 0
    outer loop
      vertex 21.1 75.7 1.6
      vertex 18.8708 75.5246 0.599999
      vertex 21.1 75.7 0.599999
    endloop
  endfacet
  facet normal 0 1 -0
    outer loop
      vertex 21.6 47.2 0.599999
      vertex 21.1 47.2 1.6
      vertex 21.6 47.2 1.6
    endloop
  endfacet
  facet normal 0 1 0
    outer loop
      vertex 21.1 47.2 1.6
      vertex 21.6 47.2 0.599999
      vertex 21.1 47.2 0.599999
    endloop
  endfacet
  facet normal -0.97237 -0.233444 0
    outer loop
      vertex 35.6746 63.6792 0.599999
      vertex 35.1526 65.8535 1.6
      vertex 35.1526 65.8535 0.599999
    endloop
  endfacet
  facet normal -0.97237 -0.233444 0
    outer loop
      vertex 35.1526 65.8535 1.6
      vertex 35.6746 63.6792 0.599999
      vertex 35.6746 63.6792 1.6
    endloop
  endfacet
  facet normal -0.382713 -0.923867 0
    outer loop
      vertex 26.0035 75.0026 0.599999
      vertex 28.0694 74.1468 1.6
      vertex 26.0035 75.0026 1.6
    endloop
  endfacet
  facet normal -0.382713 -0.923867 -0
    outer loop
      vertex 28.0694 74.1468 1.6
      vertex 26.0035 75.0026 0.599999
      vertex 28.0694 74.1468 0.599999
    endloop
  endfacet
  facet normal -0.0784405 0.996919 0
    outer loop
      vertex 23.8292 47.3754 0.599999
      vertex 21.6 47.2 1.6
      vertex 23.8292 47.3754 1.6
    endloop
  endfacet
  facet normal -0.0784405 0.996919 0
    outer loop
      vertex 21.6 47.2 1.6
      vertex 23.8292 47.3754 0.599999
      vertex 21.6 47.2 0.599999
    endloop
  endfacet
  facet normal -0.996919 -0.0784405 0
    outer loop
      vertex 35.85 61.45 0.599999
      vertex 35.6746 63.6792 1.6
      vertex 35.6746 63.6792 0.599999
    endloop
  endfacet
  facet normal -0.996919 -0.0784405 0
    outer loop
      vertex 35.6746 63.6792 1.6
      vertex 35.85 61.45 0.599999
      vertex 35.85 61.45 1.6
    endloop
  endfacet
  facet normal -0.382713 0.923867 0
    outer loop
      vertex 28.0694 48.7532 0.599999
      vertex 26.0035 47.8974 1.6
      vertex 28.0694 48.7532 1.6
    endloop
  endfacet
  facet normal -0.382713 0.923867 0
    outer loop
      vertex 26.0035 47.8974 1.6
      vertex 28.0694 48.7532 0.599999
      vertex 26.0035 47.8974 0.599999
    endloop
  endfacet
  facet normal -0.522497 0.852641 0
    outer loop
      vertex 29.9759 49.9215 0.599999
      vertex 28.0694 48.7532 1.6
      vertex 29.9759 49.9215 1.6
    endloop
  endfacet
  facet normal -0.522497 0.852641 0
    outer loop
      vertex 28.0694 48.7532 1.6
      vertex 29.9759 49.9215 0.599999
      vertex 28.0694 48.7532 0.599999
    endloop
  endfacet
  facet normal 0.233444 0.97237 -0
    outer loop
      vertex 18.8708 47.3754 0.599999
      vertex 16.6965 47.8974 1.6
      vertex 18.8708 47.3754 1.6
    endloop
  endfacet
  facet normal 0.233444 0.97237 0
    outer loop
      vertex 16.6965 47.8974 1.6
      vertex 18.8708 47.3754 0.599999
      vertex 16.6965 47.8974 0.599999
    endloop
  endfacet
  facet normal -0.522497 -0.852641 0
    outer loop
      vertex 28.0694 74.1468 0.599999
      vertex 29.9759 72.9785 1.6
      vertex 28.0694 74.1468 1.6
    endloop
  endfacet
  facet normal -0.522497 -0.852641 -0
    outer loop
      vertex 29.9759 72.9785 1.6
      vertex 28.0694 74.1468 0.599999
      vertex 29.9759 72.9785 0.599999
    endloop
  endfacet
  facet normal 0.382713 0.923867 -0
    outer loop
      vertex 16.6965 47.8974 0.599999
      vertex 14.6306 48.7532 1.6
      vertex 16.6965 47.8974 1.6
    endloop
  endfacet
  facet normal 0.382713 0.923867 0
    outer loop
      vertex 14.6306 48.7532 1.6
      vertex 16.6965 47.8974 0.599999
      vertex 14.6306 48.7532 0.599999
    endloop
  endfacet
  facet normal -0.923867 0.382713 0
    outer loop
      vertex 34.2968 54.9806 0.599999
      vertex 35.1526 57.0465 1.6
      vertex 35.1526 57.0465 0.599999
    endloop
  endfacet
  facet normal -0.923867 0.382713 0
    outer loop
      vertex 35.1526 57.0465 1.6
      vertex 34.2968 54.9806 0.599999
      vertex 34.2968 54.9806 1.6
    endloop
  endfacet
  facet normal -0.649428 0.760423 0
    outer loop
      vertex 31.6763 51.3737 0.599999
      vertex 29.9759 49.9215 1.6
      vertex 31.6763 51.3737 1.6
    endloop
  endfacet
  facet normal -0.649428 0.760423 0
    outer loop
      vertex 29.9759 49.9215 1.6
      vertex 31.6763 51.3737 0.599999
      vertex 29.9759 49.9215 0.599999
    endloop
  endfacet
  facet normal 0.649428 -0.760423 0
    outer loop
      vertex 11.0237 71.5263 0.599999
      vertex 12.7241 72.9785 1.6
      vertex 11.0237 71.5263 1.6
    endloop
  endfacet
  facet normal 0.649428 -0.760423 0
    outer loop
      vertex 12.7241 72.9785 1.6
      vertex 11.0237 71.5263 0.599999
      vertex 12.7241 72.9785 0.599999
    endloop
  endfacet
  facet normal 0.0784405 0.996919 -0
    outer loop
      vertex 21.1 47.2 0.599999
      vertex 18.8708 47.3754 1.6
      vertex 21.1 47.2 1.6
    endloop
  endfacet
  facet normal 0.0784405 0.996919 0
    outer loop
      vertex 18.8708 47.3754 1.6
      vertex 21.1 47.2 0.599999
      vertex 18.8708 47.3754 0.599999
    endloop
  endfacet
  facet normal -0.0784405 -0.996919 0
    outer loop
      vertex 21.6 75.7 0.599999
      vertex 23.8292 75.5246 1.6
      vertex 21.6 75.7 1.6
    endloop
  endfacet
  facet normal -0.0784405 -0.996919 -0
    outer loop
      vertex 23.8292 75.5246 1.6
      vertex 21.6 75.7 0.599999
      vertex 23.8292 75.5246 0.599999
    endloop
  endfacet
  facet normal -0.760423 -0.649428 0
    outer loop
      vertex 33.1285 69.8259 0.599999
      vertex 31.6763 71.5263 1.6
      vertex 31.6763 71.5263 0.599999
    endloop
  endfacet
  facet normal -0.760423 -0.649428 0
    outer loop
      vertex 31.6763 71.5263 1.6
      vertex 33.1285 69.8259 0.599999
      vertex 33.1285 69.8259 1.6
    endloop
  endfacet
  facet normal -0.649428 -0.760423 0
    outer loop
      vertex 29.9759 72.9785 0.599999
      vertex 31.6763 71.5263 1.6
      vertex 29.9759 72.9785 1.6
    endloop
  endfacet
  facet normal -0.649428 -0.760423 -0
    outer loop
      vertex 31.6763 71.5263 1.6
      vertex 29.9759 72.9785 0.599999
      vertex 31.6763 71.5263 0.599999
    endloop
  endfacet
  facet normal 0.382713 -0.923867 0
    outer loop
      vertex 14.6306 74.1468 0.599999
      vertex 16.6965 75.0026 1.6
      vertex 14.6306 74.1468 1.6
    endloop
  endfacet
  facet normal 0.382713 -0.923867 0
    outer loop
      vertex 16.6965 75.0026 1.6
      vertex 14.6306 74.1468 0.599999
      vertex 16.6965 75.0026 0.599999
    endloop
  endfacet
  facet normal -0.923867 -0.382713 0
    outer loop
      vertex 35.1526 65.8535 0.599999
      vertex 34.2968 67.9194 1.6
      vertex 34.2968 67.9194 0.599999
    endloop
  endfacet
  facet normal -0.923867 -0.382713 0
    outer loop
      vertex 34.2968 67.9194 1.6
      vertex 35.1526 65.8535 0.599999
      vertex 35.1526 65.8535 1.6
    endloop
  endfacet
  facet normal -0.233444 0.97237 0
    outer loop
      vertex 26.0035 47.8974 0.599999
      vertex 23.8292 47.3754 1.6
      vertex 26.0035 47.8974 1.6
    endloop
  endfacet
  facet normal -0.233444 0.97237 0
    outer loop
      vertex 23.8292 47.3754 1.6
      vertex 26.0035 47.8974 0.599999
      vertex 23.8292 47.3754 0.599999
    endloop
  endfacet
  facet normal -0.852641 0.522497 0
    outer loop
      vertex 33.1285 53.0741 0.599999
      vertex 34.2968 54.9806 1.6
      vertex 34.2968 54.9806 0.599999
    endloop
  endfacet
  facet normal -0.852641 0.522497 0
    outer loop
      vertex 34.2968 54.9806 1.6
      vertex 33.1285 53.0741 0.599999
      vertex 33.1285 53.0741 1.6
    endloop
  endfacet
  facet normal 0.760426 0.649425 0
    outer loop
      vertex 11.0237 51.3737 1.6
      vertex 9.57151 53.0741 0.599999
      vertex 9.57151 53.0741 1.6
    endloop
  endfacet
  facet normal 0.760426 0.649425 0
    outer loop
      vertex 9.57151 53.0741 0.599999
      vertex 11.0237 51.3737 1.6
      vertex 11.0237 51.3737 0.599999
    endloop
  endfacet
  facet normal -0.996919 0.0784405 0
    outer loop
      vertex 35.6746 59.2208 0.599999
      vertex 35.85 61.45 1.6
      vertex 35.85 61.45 0.599999
    endloop
  endfacet
  facet normal -0.996919 0.0784405 0
    outer loop
      vertex 35.85 61.45 1.6
      vertex 35.6746 59.2208 0.599999
      vertex 35.6746 59.2208 1.6
    endloop
  endfacet
  facet normal -0.760423 0.649428 0
    outer loop
      vertex 31.6763 51.3737 0.599999
      vertex 33.1285 53.0741 1.6
      vertex 33.1285 53.0741 0.599999
    endloop
  endfacet
  facet normal -0.760423 0.649428 0
    outer loop
      vertex 33.1285 53.0741 1.6
      vertex 31.6763 51.3737 0.599999
      vertex 31.6763 51.3737 1.6
    endloop
  endfacet
  facet normal 0 -1 0
    outer loop
      vertex 21.1 75.7 0.599999
      vertex 21.6 75.7 1.6
      vertex 21.1 75.7 1.6
    endloop
  endfacet
  facet normal 0 -1 -0
    outer loop
      vertex 21.6 75.7 1.6
      vertex 21.1 75.7 0.599999
      vertex 21.6 75.7 0.599999
    endloop
  endfacet
  facet normal -0.852641 -0.522497 0
    outer loop
      vertex 34.2968 67.9194 0.599999
      vertex 33.1285 69.8259 1.6
      vertex 33.1285 69.8259 0.599999
    endloop
  endfacet
  facet normal -0.852641 -0.522497 0
    outer loop
      vertex 33.1285 69.8259 1.6
      vertex 34.2968 67.9194 0.599999
      vertex 34.2968 67.9194 1.6
    endloop
  endfacet
  facet normal 0.852631 -0.522513 0
    outer loop
      vertex 8.40316 67.9194 1.6
      vertex 9.57151 69.8259 0.599999
      vertex 9.57151 69.8259 1.6
    endloop
  endfacet
  facet normal 0.852631 -0.522513 0
    outer loop
      vertex 9.57151 69.8259 0.599999
      vertex 8.40316 67.9194 1.6
      vertex 8.40316 67.9194 0.599999
    endloop
  endfacet
  facet normal 0.233444 -0.97237 0
    outer loop
      vertex 16.6965 75.0026 0.599999
      vertex 18.8708 75.5246 1.6
      vertex 16.6965 75.0026 1.6
    endloop
  endfacet
  facet normal 0.233444 -0.97237 0
    outer loop
      vertex 18.8708 75.5246 1.6
      vertex 16.6965 75.0026 0.599999
      vertex 18.8708 75.5246 0.599999
    endloop
  endfacet
  facet normal 0.852631 0.522513 0
    outer loop
      vertex 9.57151 53.0741 1.6
      vertex 8.40316 54.9806 0.599999
      vertex 8.40316 54.9806 1.6
    endloop
  endfacet
  facet normal 0.852631 0.522513 0
    outer loop
      vertex 8.40316 54.9806 0.599999
      vertex 9.57151 53.0741 1.6
      vertex 9.57151 53.0741 0.599999
    endloop
  endfacet
  facet normal 0.92388 0.382682 0
    outer loop
      vertex 8.40316 54.9806 1.6
      vertex 7.54744 57.0465 0.599999
      vertex 7.54744 57.0465 1.6
    endloop
  endfacet
  facet normal 0.92388 0.382682 0
    outer loop
      vertex 7.54744 57.0465 0.599999
      vertex 8.40316 54.9806 1.6
      vertex 8.40316 54.9806 0.599999
    endloop
  endfacet
  facet normal 0.92388 -0.382682 0
    outer loop
      vertex 7.54744 65.8535 1.6
      vertex 8.40316 67.9194 0.599999
      vertex 8.40316 67.9194 1.6
    endloop
  endfacet
  facet normal 0.92388 -0.382682 0
    outer loop
      vertex 8.40316 67.9194 0.599999
      vertex 7.54744 65.8535 1.6
      vertex 7.54744 65.8535 0.599999
    endloop
  endfacet
  facet normal 0.760426 -0.649425 0
    outer loop
      vertex 9.57151 69.8259 1.6
      vertex 11.0237 71.5263 0.599999
      vertex 11.0237 71.5263 1.6
    endloop
  endfacet
  facet normal 0.760426 -0.649425 0
    outer loop
      vertex 11.0237 71.5263 0.599999
      vertex 9.57151 69.8259 1.6
      vertex 9.57151 69.8259 0.599999
    endloop
  endfacet
  facet normal 0.972371 -0.233442 0
    outer loop
      vertex 7.27061 64.7004 1.6
      vertex 7.54744 65.8535 0.599999
      vertex 7.54744 65.8535 1.6
    endloop
  endfacet
  facet normal 0.972371 -0.233442 0
    outer loop
      vertex 7.54744 65.8535 0.599999
      vertex 7.27061 64.7004 1.6
      vertex 7.27061 64.7004 0.599999
    endloop
  endfacet
  facet normal 0 0 1
    outer loop
      vertex 20.2875 61.1653 0.599999
      vertex 9.3287 60.3684 0.599999
      vertex 20.3974 60.9 0.599999
    endloop
  endfacet
  facet normal 0 0 1
    outer loop
      vertex 9.11852 59.861 0.599999
      vertex 20.3974 60.9 0.599999
      vertex 9.3287 60.3684 0.599999
    endloop
  endfacet
  facet normal 0 0 1
    outer loop
      vertex 20.3974 60.9 0.599999
      vertex 9.11852 59.861 0.599999
      vertex 9.57151 53.0741 0.599999
    endloop
  endfacet
  facet normal -0 0 1
    outer loop
      vertex 8.83156 59.3927 0.599999
      vertex 9.57151 53.0741 0.599999
      vertex 9.11852 59.861 0.599999
    endloop
  endfacet
  facet normal 0 0 1
    outer loop
      vertex 8.40316 54.9806 0.599999
      vertex 8.83156 59.3927 0.599999
      vertex 8.47487 58.9751 0.599999
    endloop
  endfacet
  facet normal 0 0 1
    outer loop
      vertex 8.83156 59.3927 0.599999
      vertex 8.40316 54.9806 0.599999
      vertex 9.57151 53.0741 0.599999
    endloop
  endfacet
  facet normal 0 0 1
    outer loop
      vertex 7.54744 57.0465 0.599999
      vertex 8.47487 58.9751 0.599999
      vertex 8.05725 58.6184 0.599999
    endloop
  endfacet
  facet normal 0 0 1
    outer loop
      vertex 7.54744 57.0465 0.599999
      vertex 8.05725 58.6184 0.599999
      vertex 7.58897 58.3315 0.599999
    endloop
  endfacet
  facet normal 0 0 1
    outer loop
      vertex 8.47487 58.9751 0.599999
      vertex 7.54744 57.0465 0.599999
      vertex 8.40316 54.9806 0.599999
    endloop
  endfacet
  facet normal 0 -0 1
    outer loop
      vertex 7.54744 57.0465 0.599999
      vertex 7.58897 58.3315 0.599999
      vertex 7.27061 58.1996 0.599999
    endloop
  endfacet
  facet normal 0 0 1
    outer loop
      vertex 22.45 61.45 0.599999
      vertex 35.85 61.45 0.599999
      vertex 35.6746 63.6792 0.599999
    endloop
  endfacet
  facet normal 0 0 1
    outer loop
      vertex 22.4125 61.7347 0.599999
      vertex 35.6746 63.6792 0.599999
      vertex 35.1526 65.8535 0.599999
    endloop
  endfacet
  facet normal 0 0 1
    outer loop
      vertex 35.85 61.45 0.599999
      vertex 22.45 61.45 0.599999
      vertex 35.6746 59.2208 0.599999
    endloop
  endfacet
  facet normal 0 0 1
    outer loop
      vertex 22.4125 61.7347 0.599999
      vertex 35.1526 65.8535 0.599999
      vertex 34.2968 67.9194 0.599999
    endloop
  endfacet
  facet normal -0 0 1
    outer loop
      vertex 22.4125 61.1653 0.599999
      vertex 35.6746 59.2208 0.599999
      vertex 22.45 61.45 0.599999
    endloop
  endfacet
  facet normal 0 0 1
    outer loop
      vertex 22.3026 62 0.599999
      vertex 34.2968 67.9194 0.599999
      vertex 33.1285 69.8259 0.599999
    endloop
  endfacet
  facet normal 0 0 1
    outer loop
      vertex 35.6746 59.2208 0.599999
      vertex 22.4125 61.1653 0.599999
      vertex 35.1526 57.0465 0.599999
    endloop
  endfacet
  facet normal 0 0 1
    outer loop
      vertex 22.1278 62.2278 0.599999
      vertex 33.1285 69.8259 0.599999
      vertex 31.6763 71.5263 0.599999
    endloop
  endfacet
  facet normal 0 0 1
    outer loop
      vertex 35.1526 57.0465 0.599999
      vertex 22.4125 61.1653 0.599999
      vertex 34.2968 54.9806 0.599999
    endloop
  endfacet
  facet normal 0 0 1
    outer loop
      vertex 22.1278 62.2278 0.599999
      vertex 31.6763 71.5263 0.599999
      vertex 29.9759 72.9785 0.599999
    endloop
  endfacet
  facet normal -0 0 1
    outer loop
      vertex 22.3026 60.9 0.599999
      vertex 34.2968 54.9806 0.599999
      vertex 22.4125 61.1653 0.599999
    endloop
  endfacet
  facet normal 0 0 1
    outer loop
      vertex 21.9 62.4026 0.599999
      vertex 29.9759 72.9785 0.599999
      vertex 28.0694 74.1468 0.599999
    endloop
  endfacet
  facet normal 0 0 1
    outer loop
      vertex 34.2968 54.9806 0.599999
      vertex 22.3026 60.9 0.599999
      vertex 33.1285 53.0741 0.599999
    endloop
  endfacet
  facet normal 0 0 1
    outer loop
      vertex 21.9 62.4026 0.599999
      vertex 28.0694 74.1468 0.599999
      vertex 26.0035 75.0026 0.599999
    endloop
  endfacet
  facet normal -0 0 1
    outer loop
      vertex 22.1278 60.6722 0.599999
      vertex 33.1285 53.0741 0.599999
      vertex 22.3026 60.9 0.599999
    endloop
  endfacet
  facet normal 0 0 1
    outer loop
      vertex 21.6347 62.5125 0.599999
      vertex 26.0035 75.0026 0.599999
      vertex 23.8292 75.5246 0.599999
    endloop
  endfacet
  facet normal 0 0 1
    outer loop
      vertex 33.1285 53.0741 0.599999
      vertex 22.1278 60.6722 0.599999
      vertex 31.6763 51.3737 0.599999
    endloop
  endfacet
  facet normal 0 0 1
    outer loop
      vertex 31.6763 51.3737 0.599999
      vertex 22.1278 60.6722 0.599999
      vertex 29.9759 49.9215 0.599999
    endloop
  endfacet
  facet normal 0 0 1
    outer loop
      vertex 35.6746 63.6792 0.599999
      vertex 22.4125 61.7347 0.599999
      vertex 22.45 61.45 0.599999
    endloop
  endfacet
  facet normal 0 0 1
    outer loop
      vertex 34.2968 67.9194 0.599999
      vertex 22.3026 62 0.599999
      vertex 22.4125 61.7347 0.599999
    endloop
  endfacet
  facet normal 0 0 1
    outer loop
      vertex 33.1285 69.8259 0.599999
      vertex 22.1278 62.2278 0.599999
      vertex 22.3026 62 0.599999
    endloop
  endfacet
  facet normal 0 0 1
    outer loop
      vertex 29.9759 72.9785 0.599999
      vertex 21.9 62.4026 0.599999
      vertex 22.1278 62.2278 0.599999
    endloop
  endfacet
  facet normal 0 0 1
    outer loop
      vertex 26.0035 75.0026 0.599999
      vertex 21.6347 62.5125 0.599999
      vertex 21.9 62.4026 0.599999
    endloop
  endfacet
  facet normal 0 0 1
    outer loop
      vertex 21.35 62.55 0.599999
      vertex 23.8292 75.5246 0.599999
      vertex 21.6 75.7 0.599999
    endloop
  endfacet
  facet normal 0 0 1
    outer loop
      vertex 23.8292 75.5246 0.599999
      vertex 21.35 62.55 0.599999
      vertex 21.6347 62.5125 0.599999
    endloop
  endfacet
  facet normal -0 0 1
    outer loop
      vertex 21.1 75.7 0.599999
      vertex 21.35 62.55 0.599999
      vertex 21.6 75.7 0.599999
    endloop
  endfacet
  facet normal -0 0 1
    outer loop
      vertex 18.8708 75.5246 0.599999
      vertex 21.35 62.55 0.599999
      vertex 21.1 75.7 0.599999
    endloop
  endfacet
  facet normal 0 0 1
    outer loop
      vertex 21.35 62.55 0.599999
      vertex 18.8708 75.5246 0.599999
      vertex 21.0653 62.5125 0.599999
    endloop
  endfacet
  facet normal -0 0 1
    outer loop
      vertex 16.6965 75.0026 0.599999
      vertex 21.0653 62.5125 0.599999
      vertex 18.8708 75.5246 0.599999
    endloop
  endfacet
  facet normal 0 0 1
    outer loop
      vertex 21.0653 62.5125 0.599999
      vertex 16.6965 75.0026 0.599999
      vertex 20.8 62.4026 0.599999
    endloop
  endfacet
  facet normal -0 0 1
    outer loop
      vertex 14.6306 74.1468 0.599999
      vertex 20.8 62.4026 0.599999
      vertex 16.6965 75.0026 0.599999
    endloop
  endfacet
  facet normal -0 0 1
    outer loop
      vertex 12.7241 72.9785 0.599999
      vertex 20.8 62.4026 0.599999
      vertex 14.6306 74.1468 0.599999
    endloop
  endfacet
  facet normal 0 0 1
    outer loop
      vertex 20.8 62.4026 0.599999
      vertex 12.7241 72.9785 0.599999
      vertex 20.5722 62.2278 0.599999
    endloop
  endfacet
  facet normal -0 0 1
    outer loop
      vertex 21.9 60.4974 0.599999
      vertex 29.9759 49.9215 0.599999
      vertex 22.1278 60.6722 0.599999
    endloop
  endfacet
  facet normal 0 0 1
    outer loop
      vertex 29.9759 49.9215 0.599999
      vertex 21.9 60.4974 0.599999
      vertex 28.0694 48.7532 0.599999
    endloop
  endfacet
  facet normal 0 0 1
    outer loop
      vertex 28.0694 48.7532 0.599999
      vertex 21.9 60.4974 0.599999
      vertex 26.0035 47.8974 0.599999
    endloop
  endfacet
  facet normal -0 0 1
    outer loop
      vertex 21.6347 60.3875 0.599999
      vertex 26.0035 47.8974 0.599999
      vertex 21.9 60.4974 0.599999
    endloop
  endfacet
  facet normal 0 0 1
    outer loop
      vertex 26.0035 47.8974 0.599999
      vertex 21.6347 60.3875 0.599999
      vertex 23.8292 47.3754 0.599999
    endloop
  endfacet
  facet normal -0 0 1
    outer loop
      vertex 21.35 60.35 0.599999
      vertex 23.8292 47.3754 0.599999
      vertex 21.6347 60.3875 0.599999
    endloop
  endfacet
  facet normal 0 0 1
    outer loop
      vertex 23.8292 47.3754 0.599999
      vertex 21.35 60.35 0.599999
      vertex 21.6 47.2 0.599999
    endloop
  endfacet
  facet normal 0 0 1
    outer loop
      vertex 21.35 60.35 0.599999
      vertex 21.1 47.2 0.599999
      vertex 21.6 47.2 0.599999
    endloop
  endfacet
  facet normal 0 0 1
    outer loop
      vertex 18.8708 47.3754 0.599999
      vertex 21.35 60.35 0.599999
      vertex 21.0653 60.3875 0.599999
    endloop
  endfacet
  facet normal 0 0 1
    outer loop
      vertex 16.6965 47.8974 0.599999
      vertex 21.0653 60.3875 0.599999
      vertex 20.8 60.4974 0.599999
    endloop
  endfacet
  facet normal 0 0 1
    outer loop
      vertex 12.7241 49.9215 0.599999
      vertex 20.8 60.4974 0.599999
      vertex 20.5722 60.6722 0.599999
    endloop
  endfacet
  facet normal 0 0 1
    outer loop
      vertex 9.57151 53.0741 0.599999
      vertex 20.5722 60.6722 0.599999
      vertex 20.3974 60.9 0.599999
    endloop
  endfacet
  facet normal 0 0 1
    outer loop
      vertex 20.25 61.45 0.599999
      vertex 9.45691 60.9025 0.599999
      vertex 20.2875 61.1653 0.599999
    endloop
  endfacet
  facet normal 0 0 1
    outer loop
      vertex 9.45691 60.9025 0.599999
      vertex 20.25 61.45 0.599999
      vertex 9.5 61.45 0.599999
    endloop
  endfacet
  facet normal -0 0 1
    outer loop
      vertex 11.0237 71.5263 0.599999
      vertex 20.5722 62.2278 0.599999
      vertex 12.7241 72.9785 0.599999
    endloop
  endfacet
  facet normal 0 0 1
    outer loop
      vertex 9.3287 60.3684 0.599999
      vertex 20.2875 61.1653 0.599999
      vertex 9.45691 60.9025 0.599999
    endloop
  endfacet
  facet normal -0 0 1
    outer loop
      vertex 9.57151 69.8259 0.599999
      vertex 20.5722 62.2278 0.599999
      vertex 11.0237 71.5263 0.599999
    endloop
  endfacet
  facet normal 0 0 1
    outer loop
      vertex 21.35 60.35 0.599999
      vertex 18.8708 47.3754 0.599999
      vertex 21.1 47.2 0.599999
    endloop
  endfacet
  facet normal 0 0 1
    outer loop
      vertex 20.5722 62.2278 0.599999
      vertex 9.57151 69.8259 0.599999
      vertex 20.3974 62 0.599999
    endloop
  endfacet
  facet normal 0 0 1
    outer loop
      vertex 21.0653 60.3875 0.599999
      vertex 16.6965 47.8974 0.599999
      vertex 18.8708 47.3754 0.599999
    endloop
  endfacet
  facet normal -0 0 1
    outer loop
      vertex 9.11852 63.039 0.599999
      vertex 20.3974 62 0.599999
      vertex 9.57151 69.8259 0.599999
    endloop
  endfacet
  facet normal 0 0 1
    outer loop
      vertex 20.8 60.4974 0.599999
      vertex 14.6306 48.7532 0.599999
      vertex 16.6965 47.8974 0.599999
    endloop
  endfacet
  facet normal -0 -0 1
    outer loop
      vertex 9.3287 62.5316 0.599999
      vertex 20.3974 62 0.599999
      vertex 9.11852 63.039 0.599999
    endloop
  endfacet
  facet normal 0 0 1
    outer loop
      vertex 20.8 60.4974 0.599999
      vertex 12.7241 49.9215 0.599999
      vertex 14.6306 48.7532 0.599999
    endloop
  endfacet
  facet normal 0 0 1
    outer loop
      vertex 20.3974 62 0.599999
      vertex 9.3287 62.5316 0.599999
      vertex 20.2875 61.7347 0.599999
    endloop
  endfacet
  facet normal 0 0 1
    outer loop
      vertex 20.5722 60.6722 0.599999
      vertex 11.0237 51.3737 0.599999
      vertex 12.7241 49.9215 0.599999
    endloop
  endfacet
  facet normal 0 0 1
    outer loop
      vertex 20.5722 60.6722 0.599999
      vertex 9.57151 53.0741 0.599999
      vertex 11.0237 51.3737 0.599999
    endloop
  endfacet
  facet normal 0 0 1
    outer loop
      vertex 20.25 61.45 0.599999
      vertex 9.45691 61.9975 0.599999
      vertex 9.5 61.45 0.599999
    endloop
  endfacet
  facet normal 0 0 1
    outer loop
      vertex 20.2875 61.7347 0.599999
      vertex 9.45691 61.9975 0.599999
      vertex 20.25 61.45 0.599999
    endloop
  endfacet
  facet normal -0 -0 1
    outer loop
      vertex 9.45691 61.9975 0.599999
      vertex 20.2875 61.7347 0.599999
      vertex 9.3287 62.5316 0.599999
    endloop
  endfacet
  facet normal 0 0 1
    outer loop
      vertex 9.57151 69.8259 0.599999
      vertex 8.83156 63.5072 0.599999
      vertex 9.11852 63.039 0.599999
    endloop
  endfacet
  facet normal -0 0 1
    outer loop
      vertex 8.40316 67.9194 0.599999
      vertex 8.83156 63.5072 0.599999
      vertex 9.57151 69.8259 0.599999
    endloop
  endfacet
  facet normal 0 0 1
    outer loop
      vertex 8.83156 63.5072 0.599999
      vertex 8.40316 67.9194 0.599999
      vertex 8.47487 63.9249 0.599999
    endloop
  endfacet
  facet normal -0 0 1
    outer loop
      vertex 7.54744 65.8535 0.599999
      vertex 8.47487 63.9249 0.599999
      vertex 8.40316 67.9194 0.599999
    endloop
  endfacet
  facet normal 0 0 1
    outer loop
      vertex 8.47487 63.9249 0.599999
      vertex 7.54744 65.8535 0.599999
      vertex 8.05725 64.2816 0.599999
    endloop
  endfacet
  facet normal 0 0 1
    outer loop
      vertex 8.05725 64.2816 0.599999
      vertex 7.54744 65.8535 0.599999
      vertex 7.58897 64.5685 0.599999
    endloop
  endfacet
  facet normal 0 0 1
    outer loop
      vertex 7.58897 64.5685 0.599999
      vertex 7.54744 65.8535 0.599999
      vertex 7.27061 64.7004 0.599999
    endloop
  endfacet
  facet normal 0.608768 0.793348 -0
    outer loop
      vertex 20.8 60.4974 0
      vertex 20.5722 60.6722 0.599999
      vertex 20.8 60.4974 0.599999
    endloop
  endfacet
  facet normal 0.608768 0.793348 0
    outer loop
      vertex 20.5722 60.6722 0.599999
      vertex 20.8 60.4974 0
      vertex 20.5722 60.6722 0
    endloop
  endfacet
  facet normal -0.923868 -0.382711 0
    outer loop
      vertex 22.4125 61.7347 0
      vertex 22.3026 62 0.599999
      vertex 22.3026 62 0
    endloop
  endfacet
  facet normal -0.923868 -0.382711 0
    outer loop
      vertex 22.3026 62 0.599999
      vertex 22.4125 61.7347 0
      vertex 22.4125 61.7347 0.599999
    endloop
  endfacet
  facet normal -0.991437 -0.13059 0
    outer loop
      vertex 22.45 61.45 0
      vertex 22.4125 61.7347 0.599999
      vertex 22.4125 61.7347 0
    endloop
  endfacet
  facet normal -0.991437 -0.13059 0
    outer loop
      vertex 22.4125 61.7347 0.599999
      vertex 22.45 61.45 0
      vertex 22.45 61.45 0.599999
    endloop
  endfacet
  facet normal -0.793348 -0.608768 0
    outer loop
      vertex 22.3026 62 0
      vertex 22.1278 62.2278 0.599999
      vertex 22.1278 62.2278 0
    endloop
  endfacet
  facet normal -0.793348 -0.608768 0
    outer loop
      vertex 22.1278 62.2278 0.599999
      vertex 22.3026 62 0
      vertex 22.3026 62 0.599999
    endloop
  endfacet
  facet normal -0.608768 -0.793348 0
    outer loop
      vertex 21.9 62.4026 0
      vertex 22.1278 62.2278 0.599999
      vertex 21.9 62.4026 0.599999
    endloop
  endfacet
  facet normal -0.608768 -0.793348 -0
    outer loop
      vertex 22.1278 62.2278 0.599999
      vertex 21.9 62.4026 0
      vertex 22.1278 62.2278 0
    endloop
  endfacet
  facet normal -0.991437 0.13059 0
    outer loop
      vertex 22.4125 61.1653 0
      vertex 22.45 61.45 0.599999
      vertex 22.45 61.45 0
    endloop
  endfacet
  facet normal -0.991437 0.13059 0
    outer loop
      vertex 22.45 61.45 0.599999
      vertex 22.4125 61.1653 0
      vertex 22.4125 61.1653 0.599999
    endloop
  endfacet
  facet normal 0.793348 -0.608768 0
    outer loop
      vertex 20.3974 62 0.599999
      vertex 20.5722 62.2278 0
      vertex 20.5722 62.2278 0.599999
    endloop
  endfacet
  facet normal 0.793348 -0.608768 0
    outer loop
      vertex 20.5722 62.2278 0
      vertex 20.3974 62 0.599999
      vertex 20.3974 62 0
    endloop
  endfacet
  facet normal 0.991437 0.13059 0
    outer loop
      vertex 20.2875 61.1653 0.599999
      vertex 20.25 61.45 0
      vertex 20.25 61.45 0.599999
    endloop
  endfacet
  facet normal 0.991437 0.13059 0
    outer loop
      vertex 20.25 61.45 0
      vertex 20.2875 61.1653 0.599999
      vertex 20.2875 61.1653 0
    endloop
  endfacet
  facet normal 0.382711 -0.923868 0
    outer loop
      vertex 20.8 62.4026 0
      vertex 21.0653 62.5125 0.599999
      vertex 20.8 62.4026 0.599999
    endloop
  endfacet
  facet normal 0.382711 -0.923868 0
    outer loop
      vertex 21.0653 62.5125 0.599999
      vertex 20.8 62.4026 0
      vertex 21.0653 62.5125 0
    endloop
  endfacet
  facet normal -0.13059 -0.991437 0
    outer loop
      vertex 21.35 62.55 0
      vertex 21.6347 62.5125 0.599999
      vertex 21.35 62.55 0.599999
    endloop
  endfacet
  facet normal -0.13059 -0.991437 -0
    outer loop
      vertex 21.6347 62.5125 0.599999
      vertex 21.35 62.55 0
      vertex 21.6347 62.5125 0
    endloop
  endfacet
  facet normal 0.382711 0.923868 -0
    outer loop
      vertex 21.0653 60.3875 0
      vertex 20.8 60.4974 0.599999
      vertex 21.0653 60.3875 0.599999
    endloop
  endfacet
  facet normal 0.382711 0.923868 0
    outer loop
      vertex 20.8 60.4974 0.599999
      vertex 21.0653 60.3875 0
      vertex 20.8 60.4974 0
    endloop
  endfacet
  facet normal -0.793348 0.608768 0
    outer loop
      vertex 22.1278 60.6722 0
      vertex 22.3026 60.9 0.599999
      vertex 22.3026 60.9 0
    endloop
  endfacet
  facet normal -0.793348 0.608768 0
    outer loop
      vertex 22.3026 60.9 0.599999
      vertex 22.1278 60.6722 0
      vertex 22.1278 60.6722 0.599999
    endloop
  endfacet
  facet normal 0.13059 0.991437 -0
    outer loop
      vertex 21.35 60.35 0
      vertex 21.0653 60.3875 0.599999
      vertex 21.35 60.35 0.599999
    endloop
  endfacet
  facet normal 0.13059 0.991437 0
    outer loop
      vertex 21.0653 60.3875 0.599999
      vertex 21.35 60.35 0
      vertex 21.0653 60.3875 0
    endloop
  endfacet
  facet normal 0.13059 -0.991437 0
    outer loop
      vertex 21.0653 62.5125 0
      vertex 21.35 62.55 0.599999
      vertex 21.0653 62.5125 0.599999
    endloop
  endfacet
  facet normal 0.13059 -0.991437 0
    outer loop
      vertex 21.35 62.55 0.599999
      vertex 21.0653 62.5125 0
      vertex 21.35 62.55 0
    endloop
  endfacet
  facet normal -0.608768 0.793348 0
    outer loop
      vertex 22.1278 60.6722 0
      vertex 21.9 60.4974 0.599999
      vertex 22.1278 60.6722 0.599999
    endloop
  endfacet
  facet normal -0.608768 0.793348 0
    outer loop
      vertex 21.9 60.4974 0.599999
      vertex 22.1278 60.6722 0
      vertex 21.9 60.4974 0
    endloop
  endfacet
  facet normal 0.923868 -0.382711 0
    outer loop
      vertex 20.2875 61.7347 0.599999
      vertex 20.3974 62 0
      vertex 20.3974 62 0.599999
    endloop
  endfacet
  facet normal 0.923868 -0.382711 0
    outer loop
      vertex 20.3974 62 0
      vertex 20.2875 61.7347 0.599999
      vertex 20.2875 61.7347 0
    endloop
  endfacet
  facet normal -0.382711 -0.923868 0
    outer loop
      vertex 21.6347 62.5125 0
      vertex 21.9 62.4026 0.599999
      vertex 21.6347 62.5125 0.599999
    endloop
  endfacet
  facet normal -0.382711 -0.923868 -0
    outer loop
      vertex 21.9 62.4026 0.599999
      vertex 21.6347 62.5125 0
      vertex 21.9 62.4026 0
    endloop
  endfacet
  facet normal -0.382711 0.923868 0
    outer loop
      vertex 21.9 60.4974 0
      vertex 21.6347 60.3875 0.599999
      vertex 21.9 60.4974 0.599999
    endloop
  endfacet
  facet normal -0.382711 0.923868 0
    outer loop
      vertex 21.6347 60.3875 0.599999
      vertex 21.9 60.4974 0
      vertex 21.6347 60.3875 0
    endloop
  endfacet
  facet normal 0.793348 0.608768 0
    outer loop
      vertex 20.5722 60.6722 0.599999
      vertex 20.3974 60.9 0
      vertex 20.3974 60.9 0.599999
    endloop
  endfacet
  facet normal 0.793348 0.608768 0
    outer loop
      vertex 20.3974 60.9 0
      vertex 20.5722 60.6722 0.599999
      vertex 20.5722 60.6722 0
    endloop
  endfacet
  facet normal 0.923868 0.382711 0
    outer loop
      vertex 20.3974 60.9 0.599999
      vertex 20.2875 61.1653 0
      vertex 20.2875 61.1653 0.599999
    endloop
  endfacet
  facet normal 0.923868 0.382711 0
    outer loop
      vertex 20.2875 61.1653 0
      vertex 20.3974 60.9 0.599999
      vertex 20.3974 60.9 0
    endloop
  endfacet
  facet normal 0.991437 -0.13059 0
    outer loop
      vertex 20.25 61.45 0.599999
      vertex 20.2875 61.7347 0
      vertex 20.2875 61.7347 0.599999
    endloop
  endfacet
  facet normal 0.991437 -0.13059 0
    outer loop
      vertex 20.2875 61.7347 0
      vertex 20.25 61.45 0.599999
      vertex 20.25 61.45 0
    endloop
  endfacet
  facet normal 0.608768 -0.793348 0
    outer loop
      vertex 20.5722 62.2278 0
      vertex 20.8 62.4026 0.599999
      vertex 20.5722 62.2278 0.599999
    endloop
  endfacet
  facet normal 0.608768 -0.793348 0
    outer loop
      vertex 20.8 62.4026 0.599999
      vertex 20.5722 62.2278 0
      vertex 20.8 62.4026 0
    endloop
  endfacet
  facet normal -0.923868 0.382711 0
    outer loop
      vertex 22.3026 60.9 0
      vertex 22.4125 61.1653 0.599999
      vertex 22.4125 61.1653 0
    endloop
  endfacet
  facet normal -0.923868 0.382711 0
    outer loop
      vertex 22.4125 61.1653 0.599999
      vertex 22.3026 60.9 0
      vertex 22.3026 60.9 0.599999
    endloop
  endfacet
  facet normal -0.13059 0.991437 0
    outer loop
      vertex 21.6347 60.3875 0
      vertex 21.35 60.35 0.599999
      vertex 21.6347 60.3875 0.599999
    endloop
  endfacet
  facet normal -0.13059 0.991437 0
    outer loop
      vertex 21.35 60.35 0.599999
      vertex 21.6347 60.3875 0
      vertex 21.35 60.35 0
    endloop
  endfacet
  facet normal 0.321097 -0.947046 0
    outer loop
      vertex 39.257 46.2273 0
      vertex 39.3561 46.2609 1.6
      vertex 39.257 46.2273 1.6
    endloop
  endfacet
  facet normal 0.321097 -0.947046 0
    outer loop
      vertex 39.3561 46.2609 1.6
      vertex 39.257 46.2273 0
      vertex 39.3561 46.2609 0
    endloop
  endfacet
  facet normal -0.194929 0.980817 0
    outer loop
      vertex 0.695587 76.6931 0
      vertex 0.592941 76.6727 1.6
      vertex 0.695587 76.6931 1.6
    endloop
  endfacet
  facet normal -0.194929 0.980817 0
    outer loop
      vertex 0.592941 76.6727 1.6
      vertex 0.695587 76.6931 0
      vertex 0.592941 76.6727 0
    endloop
  endfacet
  facet normal -0.946859 -0.321648 0
    outer loop
      vertex 0.0608978 46.6939 0
      vertex 0.0272675 46.7929 1.6
      vertex 0.0272675 46.7929 0
    endloop
  endfacet
  facet normal -0.946859 -0.321648 0
    outer loop
      vertex 0.0272675 46.7929 1.6
      vertex 0.0608978 46.6939 0
      vertex 0.0608978 46.6939 1.6
    endloop
  endfacet
  facet normal 0.321097 0.947046 -0
    outer loop
      vertex 39.3561 76.6391 0
      vertex 39.257 76.6727 1.6
      vertex 39.3561 76.6391 1.6
    endloop
  endfacet
  facet normal 0.321097 0.947046 0
    outer loop
      vertex 39.257 76.6727 1.6
      vertex 39.3561 76.6391 0
      vertex 39.257 76.6727 0
    endloop
  endfacet
  facet normal -0.321126 0.947036 0
    outer loop
      vertex 0.592941 76.6727 0
      vertex 0.493851 76.6391 1.6
      vertex 0.592941 76.6727 1.6
    endloop
  endfacet
  facet normal -0.321126 0.947036 0
    outer loop
      vertex 0.493851 76.6391 1.6
      vertex 0.592941 76.6727 0
      vertex 0.493851 76.6391 0
    endloop
  endfacet
  facet normal 0.195013 0.980801 -0
    outer loop
      vertex 39.257 76.6727 0
      vertex 39.1544 76.6931 1.6
      vertex 39.257 76.6727 1.6
    endloop
  endfacet
  facet normal 0.195013 0.980801 0
    outer loop
      vertex 39.1544 76.6931 1.6
      vertex 39.257 76.6727 0
      vertex 39.1544 76.6931 0
    endloop
  endfacet
  facet normal -0.555269 -0.831671 0
    outer loop
      vertex 0.312988 46.3653 0
      vertex 0.400009 46.3072 1.6
      vertex 0.312988 46.3653 1.6
    endloop
  endfacet
  facet normal -0.555269 -0.831671 -0
    outer loop
      vertex 0.400009 46.3072 1.6
      vertex 0.312988 46.3653 0
      vertex 0.400009 46.3072 0
    endloop
  endfacet
  facet normal 0.751925 0.659248 0
    outer loop
      vertex 39.6847 76.387 1.6
      vertex 39.6157 76.4657 0
      vertex 39.6157 76.4657 1.6
    endloop
  endfacet
  facet normal 0.751925 0.659248 0
    outer loop
      vertex 39.6157 76.4657 0
      vertex 39.6847 76.387 1.6
      vertex 39.6847 76.387 0
    endloop
  endfacet
  facet normal 0 0 -1
    outer loop
      vertex 39.05 46.2 0
      vertex 39.85 47 0
      vertex 39.8431 46.8956 0
    endloop
  endfacet
  facet normal 0 0 -1
    outer loop
      vertex 39.85 47 0
      vertex 22.45 61.45 0
      vertex 39.85 75.9 0
    endloop
  endfacet
  facet normal 0 0 -1
    outer loop
      vertex 39.05 46.2 0
      vertex 39.8431 46.8956 0
      vertex 39.8227 46.7929 0
    endloop
  endfacet
  facet normal 0 0 -1
    outer loop
      vertex 22.4125 61.7347 0
      vertex 39.85 75.9 0
      vertex 22.45 61.45 0
    endloop
  endfacet
  facet normal 0 0 -1
    outer loop
      vertex 39.05 46.2 0
      vertex 39.8227 46.7929 0
      vertex 39.7891 46.6939 0
    endloop
  endfacet
  facet normal 0 0 -1
    outer loop
      vertex 22.3026 62 0
      vertex 39.85 75.9 0
      vertex 22.4125 61.7347 0
    endloop
  endfacet
  facet normal 0 0 -1
    outer loop
      vertex 39.05 46.2 0
      vertex 39.7891 46.6939 0
      vertex 39.7428 46.6 0
    endloop
  endfacet
  facet normal 0 -0 -1
    outer loop
      vertex 39.05 76.7 0
      vertex 39.85 75.9 0
      vertex 22.3026 62 0
    endloop
  endfacet
  facet normal 0 0 -1
    outer loop
      vertex 39.05 46.2 0
      vertex 39.7428 46.6 0
      vertex 39.6847 46.513 0
    endloop
  endfacet
  facet normal 0 0 -1
    outer loop
      vertex 39.85 75.9 0
      vertex 39.05 76.7 0
      vertex 39.8431 76.0044 0
    endloop
  endfacet
  facet normal 0 0 -1
    outer loop
      vertex 39.05 46.2 0
      vertex 39.6847 46.513 0
      vertex 39.6157 46.4343 0
    endloop
  endfacet
  facet normal 0 0 -1
    outer loop
      vertex 39.8431 76.0044 0
      vertex 39.05 76.7 0
      vertex 39.8227 76.1071 0
    endloop
  endfacet
  facet normal 0 0 -1
    outer loop
      vertex 39.05 46.2 0
      vertex 39.6157 46.4343 0
      vertex 39.537 46.3653 0
    endloop
  endfacet
  facet normal 0 0 -1
    outer loop
      vertex 39.7891 76.2061 0
      vertex 39.05 76.7 0
      vertex 39.7428 76.3 0
    endloop
  endfacet
  facet normal 0 0 -1
    outer loop
      vertex 39.05 46.2 0
      vertex 39.537 46.3653 0
      vertex 39.45 46.3072 0
    endloop
  endfacet
  facet normal 0 0 -1
    outer loop
      vertex 39.7428 76.3 0
      vertex 39.05 76.7 0
      vertex 39.6847 76.387 0
    endloop
  endfacet
  facet normal 0 0 -1
    outer loop
      vertex 39.05 46.2 0
      vertex 39.45 46.3072 0
      vertex 39.3561 46.2609 0
    endloop
  endfacet
  facet normal 0 0 -1
    outer loop
      vertex 39.6847 76.387 0
      vertex 39.05 76.7 0
      vertex 39.6157 76.4657 0
    endloop
  endfacet
  facet normal 0 0 -1
    outer loop
      vertex 39.05 46.2 0
      vertex 39.3561 46.2609 0
      vertex 39.257 46.2273 0
    endloop
  endfacet
  facet normal 0 0 -1
    outer loop
      vertex 39.6157 76.4657 0
      vertex 39.05 76.7 0
      vertex 39.537 76.5347 0
    endloop
  endfacet
  facet normal 0 0 -1
    outer loop
      vertex 39.05 46.2 0
      vertex 39.257 46.2273 0
      vertex 39.1544 46.2069 0
    endloop
  endfacet
  facet normal -0 0 -1
    outer loop
      vertex 39.85 47 0
      vertex 39.05 46.2 0
      vertex 22.3026 60.9 0
    endloop
  endfacet
  facet normal 0 0 -1
    outer loop
      vertex 39.45 76.5928 0
      vertex 39.05 76.7 0
      vertex 39.3561 76.6391 0
    endloop
  endfacet
  facet normal 0 0 -1
    outer loop
      vertex 39.257 76.6727 0
      vertex 39.05 76.7 0
      vertex 39.1544 76.6931 0
    endloop
  endfacet
  facet normal 0 0 -1
    outer loop
      vertex 39.3561 76.6391 0
      vertex 39.05 76.7 0
      vertex 39.257 76.6727 0
    endloop
  endfacet
  facet normal 0 0 -1
    outer loop
      vertex 39.85 47 0
      vertex 22.4125 61.1653 0
      vertex 22.45 61.45 0
    endloop
  endfacet
  facet normal 0 0 -1
    outer loop
      vertex 39.85 47 0
      vertex 22.3026 60.9 0
      vertex 22.4125 61.1653 0
    endloop
  endfacet
  facet normal 0 0 -1
    outer loop
      vertex 39.05 46.2 0
      vertex 22.1278 60.6722 0
      vertex 22.3026 60.9 0
    endloop
  endfacet
  facet normal 0 0 -1
    outer loop
      vertex 39.05 46.2 0
      vertex 21.9 60.4974 0
      vertex 22.1278 60.6722 0
    endloop
  endfacet
  facet normal 0 0 -1
    outer loop
      vertex 39.05 46.2 0
      vertex 21.6347 60.3875 0
      vertex 21.9 60.4974 0
    endloop
  endfacet
  facet normal 0 0 -1
    outer loop
      vertex 39.05 46.2 0
      vertex 21.35 60.35 0
      vertex 21.6347 60.3875 0
    endloop
  endfacet
  facet normal 0 0 -1
    outer loop
      vertex 0.800003 46.2 0
      vertex 21.35 60.35 0
      vertex 39.05 46.2 0
    endloop
  endfacet
  facet normal -0 0 -1
    outer loop
      vertex 21.35 60.35 0
      vertex 0.800003 46.2 0
      vertex 21.0653 60.3875 0
    endloop
  endfacet
  facet normal 0 -0 -1
    outer loop
      vertex 8.05725 58.6184 0
      vertex 21.0653 60.3875 0
      vertex 0.800003 46.2 0
    endloop
  endfacet
  facet normal 0 0 -1
    outer loop
      vertex 9.45691 60.9025 0
      vertex 20.25 61.45 0
      vertex 20.2875 61.1653 0
    endloop
  endfacet
  facet normal 0 0 -1
    outer loop
      vertex 9.3287 60.3684 0
      vertex 20.2875 61.1653 0
      vertex 20.3974 60.9 0
    endloop
  endfacet
  facet normal 0 0 -1
    outer loop
      vertex 9.11852 59.861 0
      vertex 20.3974 60.9 0
      vertex 20.5722 60.6722 0
    endloop
  endfacet
  facet normal -0 0 -1
    outer loop
      vertex 21.0653 60.3875 0
      vertex 8.05725 58.6184 0
      vertex 20.8 60.4974 0
    endloop
  endfacet
  facet normal -0 0 -1
    outer loop
      vertex 20.25 61.45 0
      vertex 9.45691 60.9025 0
      vertex 9.5 61.45 0
    endloop
  endfacet
  facet normal 0 0 -1
    outer loop
      vertex 20.2875 61.1653 0
      vertex 9.3287 60.3684 0
      vertex 9.45691 60.9025 0
    endloop
  endfacet
  facet normal 0 0 -1
    outer loop
      vertex 20.3974 60.9 0
      vertex 9.11852 59.861 0
      vertex 9.3287 60.3684 0
    endloop
  endfacet
  facet normal 0 0 -1
    outer loop
      vertex 20.5722 60.6722 0
      vertex 8.83156 59.3927 0
      vertex 9.11852 59.861 0
    endloop
  endfacet
  facet normal -0 0 -1
    outer loop
      vertex 20.8 60.4974 0
      vertex 8.83156 59.3927 0
      vertex 20.5722 60.6722 0
    endloop
  endfacet
  facet normal 0 -0 -1
    outer loop
      vertex 8.83156 59.3927 0
      vertex 20.8 60.4974 0
      vertex 8.47487 58.9751 0
    endloop
  endfacet
  facet normal 0 -0 -1
    outer loop
      vertex 8.47487 58.9751 0
      vertex 20.8 60.4974 0
      vertex 8.05725 58.6184 0
    endloop
  endfacet
  facet normal 0 0 -1
    outer loop
      vertex 8.05725 58.6184 0
      vertex 0.800003 46.2 0
      vertex 7.58897 58.3315 0
    endloop
  endfacet
  facet normal 0 0 -1
    outer loop
      vertex 7.58897 58.3315 0
      vertex 0.800003 46.2 0
      vertex 7.08156 58.1213 0
    endloop
  endfacet
  facet normal 0 0 -1
    outer loop
      vertex 7.08156 58.1213 0
      vertex 0.800003 46.2 0
      vertex 6.54752 57.9931 0
    endloop
  endfacet
  facet normal 0 0 -1
    outer loop
      vertex 6.54752 57.9931 0
      vertex 0.800003 46.2 0
      vertex 6 57.95 0
    endloop
  endfacet
  facet normal -0 0 -1
    outer loop
      vertex 6 57.95 0
      vertex 0.800003 46.2 0
      vertex 5.45248 57.9931 0
    endloop
  endfacet
  facet normal -0 0 -1
    outer loop
      vertex 2.6713 60.3684 0
      vertex 0 47 0
      vertex 2.54309 60.9025 0
    endloop
  endfacet
  facet normal -0 0 -1
    outer loop
      vertex 2.88148 59.861 0
      vertex 0 47 0
      vertex 2.6713 60.3684 0
    endloop
  endfacet
  facet normal -0 0 -1
    outer loop
      vertex 3.16844 59.3927 0
      vertex 0 47 0
      vertex 2.88148 59.861 0
    endloop
  endfacet
  facet normal -0 0 -1
    outer loop
      vertex 3.52513 58.9751 0
      vertex 0 47 0
      vertex 3.16844 59.3927 0
    endloop
  endfacet
  facet normal -0 0 -1
    outer loop
      vertex 3.94275 58.6184 0
      vertex 0 47 0
      vertex 3.52513 58.9751 0
    endloop
  endfacet
  facet normal -0 0 -1
    outer loop
      vertex 4.41103 58.3315 0
      vertex 0 47 0
      vertex 3.94275 58.6184 0
    endloop
  endfacet
  facet normal -0 0 -1
    outer loop
      vertex 4.91844 58.1213 0
      vertex 0 47 0
      vertex 4.41103 58.3315 0
    endloop
  endfacet
  facet normal -0 0 -1
    outer loop
      vertex 5.45248 57.9931 0
      vertex 0 47 0
      vertex 4.91844 58.1213 0
    endloop
  endfacet
  facet normal 0 0 -1
    outer loop
      vertex 0 47 0
      vertex 5.45248 57.9931 0
      vertex 0.800003 46.2 0
    endloop
  endfacet
  facet normal 0 0 -1
    outer loop
      vertex 39.537 76.5347 0
      vertex 39.05 76.7 0
      vertex 39.45 76.5928 0
    endloop
  endfacet
  facet normal 0 0 -1
    outer loop
      vertex 39.8227 76.1071 0
      vertex 39.05 76.7 0
      vertex 39.7891 76.2061 0
    endloop
  endfacet
  facet normal 0 0 -1
    outer loop
      vertex 22.1278 62.2278 0
      vertex 39.05 76.7 0
      vertex 22.3026 62 0
    endloop
  endfacet
  facet normal 0 0 -1
    outer loop
      vertex 21.9 62.4026 0
      vertex 39.05 76.7 0
      vertex 22.1278 62.2278 0
    endloop
  endfacet
  facet normal 0 0 -1
    outer loop
      vertex 21.6347 62.5125 0
      vertex 39.05 76.7 0
      vertex 21.9 62.4026 0
    endloop
  endfacet
  facet normal 0 0 -1
    outer loop
      vertex 21.35 62.55 0
      vertex 39.05 76.7 0
      vertex 21.6347 62.5125 0
    endloop
  endfacet
  facet normal 0 0 -1
    outer loop
      vertex 0.800003 76.7 0
      vertex 21.35 62.55 0
      vertex 21.0653 62.5125 0
    endloop
  endfacet
  facet normal 0 0 -1
    outer loop
      vertex 8.05725 64.2816 0
      vertex 21.0653 62.5125 0
      vertex 20.8 62.4026 0
    endloop
  endfacet
  facet normal 0 0 -1
    outer loop
      vertex 8.83156 63.5072 0
      vertex 20.8 62.4026 0
      vertex 20.5722 62.2278 0
    endloop
  endfacet
  facet normal 0 0 -1
    outer loop
      vertex 9.45691 61.9975 0
      vertex 20.25 61.45 0
      vertex 9.5 61.45 0
    endloop
  endfacet
  facet normal 0 0 -1
    outer loop
      vertex 20.25 61.45 0
      vertex 9.45691 61.9975 0
      vertex 20.2875 61.7347 0
    endloop
  endfacet
  facet normal 0 0 -1
    outer loop
      vertex 9.3287 62.5316 0
      vertex 20.2875 61.7347 0
      vertex 9.45691 61.9975 0
    endloop
  endfacet
  facet normal 0 0 -1
    outer loop
      vertex 20.2875 61.7347 0
      vertex 9.3287 62.5316 0
      vertex 20.3974 62 0
    endloop
  endfacet
  facet normal 0 0 -1
    outer loop
      vertex 9.11852 63.039 0
      vertex 20.3974 62 0
      vertex 9.3287 62.5316 0
    endloop
  endfacet
  facet normal 0 0 -1
    outer loop
      vertex 20.3974 62 0
      vertex 9.11852 63.039 0
      vertex 20.5722 62.2278 0
    endloop
  endfacet
  facet normal 0 0 -1
    outer loop
      vertex 8.83156 63.5072 0
      vertex 20.5722 62.2278 0
      vertex 9.11852 63.039 0
    endloop
  endfacet
  facet normal 0 0 -1
    outer loop
      vertex 20.8 62.4026 0
      vertex 8.83156 63.5072 0
      vertex 8.47487 63.9249 0
    endloop
  endfacet
  facet normal 0 0 -1
    outer loop
      vertex 20.8 62.4026 0
      vertex 8.47487 63.9249 0
      vertex 8.05725 64.2816 0
    endloop
  endfacet
  facet normal 0 0 -1
    outer loop
      vertex 21.0653 62.5125 0
      vertex 8.05725 64.2816 0
      vertex 0.800003 76.7 0
    endloop
  endfacet
  facet normal 0 0 -1
    outer loop
      vertex 0.800003 76.7 0
      vertex 8.05725 64.2816 0
      vertex 7.58897 64.5685 0
    endloop
  endfacet
  facet normal 0 0 -1
    outer loop
      vertex 0.800003 76.7 0
      vertex 7.58897 64.5685 0
      vertex 7.08156 64.7787 0
    endloop
  endfacet
  facet normal 0 0 -1
    outer loop
      vertex 0.800003 76.7 0
      vertex 7.08156 64.7787 0
      vertex 6.54752 64.9069 0
    endloop
  endfacet
  facet normal 0 0 -1
    outer loop
      vertex 0.800003 76.7 0
      vertex 6.54752 64.9069 0
      vertex 6 64.95 0
    endloop
  endfacet
  facet normal 0 0 -1
    outer loop
      vertex 0.800003 76.7 0
      vertex 6 64.95 0
      vertex 5.45248 64.9069 0
    endloop
  endfacet
  facet normal 0 0 -1
    outer loop
      vertex 0 75.9 0
      vertex 5.45248 64.9069 0
      vertex 4.91844 64.7787 0
    endloop
  endfacet
  facet normal -0 0 -1
    outer loop
      vertex 2.54309 60.9025 0
      vertex 0 47 0
      vertex 2.5 61.45 0
    endloop
  endfacet
  facet normal 0 0 -1
    outer loop
      vertex 21.35 62.55 0
      vertex 0.800003 76.7 0
      vertex 39.05 76.7 0
    endloop
  endfacet
  facet normal 0 0 -1
    outer loop
      vertex 0 75.9 0
      vertex 4.91844 64.7787 0
      vertex 4.41103 64.5685 0
    endloop
  endfacet
  facet normal 0 0 -1
    outer loop
      vertex 0 75.9 0
      vertex 4.41103 64.5685 0
      vertex 3.94275 64.2816 0
    endloop
  endfacet
  facet normal 0 0 -1
    outer loop
      vertex 0 75.9 0
      vertex 3.94275 64.2816 0
      vertex 3.52513 63.9249 0
    endloop
  endfacet
  facet normal 0 0 -1
    outer loop
      vertex 0 75.9 0
      vertex 3.52513 63.9249 0
      vertex 3.16844 63.5072 0
    endloop
  endfacet
  facet normal 0 0 -1
    outer loop
      vertex 0 75.9 0
      vertex 3.16844 63.5072 0
      vertex 2.88148 63.039 0
    endloop
  endfacet
  facet normal 0 0 -1
    outer loop
      vertex 0 75.9 0
      vertex 2.88148 63.039 0
      vertex 2.6713 62.5316 0
    endloop
  endfacet
  facet normal 0 0 -1
    outer loop
      vertex 0 75.9 0
      vertex 2.6713 62.5316 0
      vertex 2.54309 61.9975 0
    endloop
  endfacet
  facet normal 0 0 -1
    outer loop
      vertex 0 75.9 0
      vertex 2.5 61.45 0
      vertex 0 47 0
    endloop
  endfacet
  facet normal 0 0 -1
    outer loop
      vertex 0 47 0
      vertex 0.800003 46.2 0
      vertex 0.695587 46.2069 0
    endloop
  endfacet
  facet normal 0 0 -1
    outer loop
      vertex 2.5 61.45 0
      vertex 0 75.9 0
      vertex 2.54309 61.9975 0
    endloop
  endfacet
  facet normal 0 0 -1
    outer loop
      vertex 0 47 0
      vertex 0.695587 46.2069 0
      vertex 0.592941 46.2273 0
    endloop
  endfacet
  facet normal 0 0 -1
    outer loop
      vertex 5.45248 64.9069 0
      vertex 0 75.9 0
      vertex 0.800003 76.7 0
    endloop
  endfacet
  facet normal 0 0 -1
    outer loop
      vertex 0 47 0
      vertex 0.592941 46.2273 0
      vertex 0.493851 46.2609 0
    endloop
  endfacet
  facet normal 0 0 -1
    outer loop
      vertex 0.800003 76.7 0
      vertex 0 75.9 0
      vertex 0.695587 76.6931 0
    endloop
  endfacet
  facet normal 0 0 -1
    outer loop
      vertex 0 47 0
      vertex 0.493851 46.2609 0
      vertex 0.400009 46.3072 0
    endloop
  endfacet
  facet normal 0 0 -1
    outer loop
      vertex 0.695587 76.6931 0
      vertex 0 75.9 0
      vertex 0.592941 76.6727 0
    endloop
  endfacet
  facet normal 0 0 -1
    outer loop
      vertex 0 47 0
      vertex 0.400009 46.3072 0
      vertex 0.312988 46.3653 0
    endloop
  endfacet
  facet normal 0 0 -1
    outer loop
      vertex 0.592941 76.6727 0
      vertex 0 75.9 0
      vertex 0.493851 76.6391 0
    endloop
  endfacet
  facet normal 0 0 -1
    outer loop
      vertex 0 47 0
      vertex 0.312988 46.3653 0
      vertex 0.234314 46.4343 0
    endloop
  endfacet
  facet normal 0 0 -1
    outer loop
      vertex 0.493851 76.6391 0
      vertex 0 75.9 0
      vertex 0.400009 76.5928 0
    endloop
  endfacet
  facet normal 0 0 -1
    outer loop
      vertex 0 47 0
      vertex 0.234314 46.4343 0
      vertex 0.165314 46.513 0
    endloop
  endfacet
  facet normal 0 0 -1
    outer loop
      vertex 0.400009 76.5928 0
      vertex 0 75.9 0
      vertex 0.312988 76.5347 0
    endloop
  endfacet
  facet normal 0 0 -1
    outer loop
      vertex 0 47 0
      vertex 0.165314 46.513 0
      vertex 0.107178 46.6 0
    endloop
  endfacet
  facet normal 0 0 -1
    outer loop
      vertex 0.312988 76.5347 0
      vertex 0 75.9 0
      vertex 0.234314 76.4657 0
    endloop
  endfacet
  facet normal 0 0 -1
    outer loop
      vertex 0 47 0
      vertex 0.107178 46.6 0
      vertex 0.0608978 46.6939 0
    endloop
  endfacet
  facet normal 0 0 -1
    outer loop
      vertex 0.234314 76.4657 0
      vertex 0 75.9 0
      vertex 0.165314 76.387 0
    endloop
  endfacet
  facet normal 0 0 -1
    outer loop
      vertex 0 47 0
      vertex 0.0608978 46.6939 0
      vertex 0.0272675 46.7929 0
    endloop
  endfacet
  facet normal 0 0 -1
    outer loop
      vertex 0.165314 76.387 0
      vertex 0 75.9 0
      vertex 0.107178 76.3 0
    endloop
  endfacet
  facet normal 0 0 -1
    outer loop
      vertex 0 47 0
      vertex 0.0272675 46.7929 0
      vertex 0.0068512 46.8956 0
    endloop
  endfacet
  facet normal 0 0 -1
    outer loop
      vertex 0.107178 76.3 0
      vertex 0 75.9 0
      vertex 0.0608978 76.2061 0
    endloop
  endfacet
  facet normal 0 0 -1
    outer loop
      vertex 0.0608978 76.2061 0
      vertex 0 75.9 0
      vertex 0.0272675 76.1071 0
    endloop
  endfacet
  facet normal 0 0 -1
    outer loop
      vertex 0.0272675 76.1071 0
      vertex 0 75.9 0
      vertex 0.0068512 76.0044 0
    endloop
  endfacet
  facet normal -0.83145 0.5556 0
    outer loop
      vertex 0.107178 76.3 0
      vertex 0.165314 76.387 1.6
      vertex 0.165314 76.387 0
    endloop
  endfacet
  facet normal -0.83145 0.5556 0
    outer loop
      vertex 0.165314 76.387 1.6
      vertex 0.107178 76.3 0
      vertex 0.107178 76.3 1.6
    endloop
  endfacet
  facet normal 0.980837 -0.19483 0
    outer loop
      vertex 39.8227 46.7929 1.6
      vertex 39.8431 46.8956 0
      vertex 39.8431 46.8956 1.6
    endloop
  endfacet
  facet normal 0.980837 -0.19483 0
    outer loop
      vertex 39.8431 46.8956 0
      vertex 39.8227 46.7929 1.6
      vertex 39.8227 46.7929 0
    endloop
  endfacet
  facet normal -0.065938 0.997824 0
    outer loop
      vertex 0.800003 76.7 0
      vertex 0.695587 76.6931 1.6
      vertex 0.800003 76.7 1.6
    endloop
  endfacet
  facet normal -0.065938 0.997824 0
    outer loop
      vertex 0.695587 76.6931 1.6
      vertex 0.800003 76.7 0
      vertex 0.695587 76.6931 0
    endloop
  endfacet
  facet normal 0 -1 0
    outer loop
      vertex 0.800003 46.2 0
      vertex 39.05 46.2 1.6
      vertex 0.800003 46.2 1.6
    endloop
  endfacet
  facet normal 0 -1 -0
    outer loop
      vertex 39.05 46.2 1.6
      vertex 0.800003 46.2 0
      vertex 39.05 46.2 0
    endloop
  endfacet
  facet normal 0.659248 0.751925 -0
    outer loop
      vertex 39.6157 76.4657 0
      vertex 39.537 76.5347 1.6
      vertex 39.6157 76.4657 1.6
    endloop
  endfacet
  facet normal 0.659248 0.751925 0
    outer loop
      vertex 39.537 76.5347 1.6
      vertex 39.6157 76.4657 0
      vertex 39.537 76.5347 0
    endloop
  endfacet
  facet normal 0.659248 -0.751925 0
    outer loop
      vertex 39.537 46.3653 0
      vertex 39.6157 46.4343 1.6
      vertex 39.537 46.3653 1.6
    endloop
  endfacet
  facet normal 0.659248 -0.751925 0
    outer loop
      vertex 39.6157 46.4343 1.6
      vertex 39.537 46.3653 0
      vertex 39.6157 46.4343 0
    endloop
  endfacet
  facet normal -0.83145 -0.5556 0
    outer loop
      vertex 0.165314 46.513 0
      vertex 0.107178 46.6 1.6
      vertex 0.107178 46.6 0
    endloop
  endfacet
  facet normal -0.83145 -0.5556 0
    outer loop
      vertex 0.107178 46.6 1.6
      vertex 0.165314 46.513 0
      vertex 0.165314 46.513 1.6
    endloop
  endfacet
  facet normal 0.997823 -0.0659481 0
    outer loop
      vertex 39.8431 46.8956 1.6
      vertex 39.85 47 0
      vertex 39.85 47 1.6
    endloop
  endfacet
  facet normal 0.997823 -0.0659481 0
    outer loop
      vertex 39.85 47 0
      vertex 39.8431 46.8956 1.6
      vertex 39.8431 46.8956 0
    endloop
  endfacet
  facet normal 0.0659481 -0.997823 0
    outer loop
      vertex 39.05 46.2 0
      vertex 39.1544 46.2069 1.6
      vertex 39.05 46.2 1.6
    endloop
  endfacet
  facet normal 0.0659481 -0.997823 0
    outer loop
      vertex 39.1544 46.2069 1.6
      vertex 39.05 46.2 0
      vertex 39.1544 46.2069 0
    endloop
  endfacet
  facet normal 0.896897 -0.44224 0
    outer loop
      vertex 39.7428 46.6 1.6
      vertex 39.7891 46.6939 0
      vertex 39.7891 46.6939 1.6
    endloop
  endfacet
  facet normal 0.896897 -0.44224 0
    outer loop
      vertex 39.7891 46.6939 0
      vertex 39.7428 46.6 1.6
      vertex 39.7428 46.6 0
    endloop
  endfacet
  facet normal 1 -0 0
    outer loop
      vertex 39.85 47 1.6
      vertex 39.85 75.9 0
      vertex 39.85 75.9 1.6
    endloop
  endfacet
  facet normal 1 0 0
    outer loop
      vertex 39.85 75.9 0
      vertex 39.85 47 1.6
      vertex 39.85 47 0
    endloop
  endfacet
  facet normal 0 1 -0
    outer loop
      vertex 39.05 76.7 0
      vertex 0.800003 76.7 1.6
      vertex 39.05 76.7 1.6
    endloop
  endfacet
  facet normal 0 1 0
    outer loop
      vertex 0.800003 76.7 1.6
      vertex 39.05 76.7 0
      vertex 0.800003 76.7 0
    endloop
  endfacet
  facet normal -1 0 0
    outer loop
      vertex 0 47 0
      vertex 0 75.9 1.6
      vertex 0 75.9 0
    endloop
  endfacet
  facet normal -1 -0 0
    outer loop
      vertex 0 75.9 1.6
      vertex 0 47 0
      vertex 0 47 1.6
    endloop
  endfacet
  facet normal -0.896972 -0.442088 0
    outer loop
      vertex 0.107178 46.6 0
      vertex 0.0608978 46.6939 1.6
      vertex 0.0608978 46.6939 0
    endloop
  endfacet
  facet normal -0.896972 -0.442088 0
    outer loop
      vertex 0.0608978 46.6939 1.6
      vertex 0.107178 46.6 0
      vertex 0.107178 46.6 1.6
    endloop
  endfacet
  facet normal 0.44224 -0.896897 0
    outer loop
      vertex 39.3561 46.2609 0
      vertex 39.45 46.3072 1.6
      vertex 39.3561 46.2609 1.6
    endloop
  endfacet
  facet normal 0.44224 -0.896897 0
    outer loop
      vertex 39.45 46.3072 1.6
      vertex 39.3561 46.2609 0
      vertex 39.45 46.3072 0
    endloop
  endfacet
  facet normal -0.896972 0.442088 0
    outer loop
      vertex 0.0608978 76.2061 0
      vertex 0.107178 76.3 1.6
      vertex 0.107178 76.3 0
    endloop
  endfacet
  facet normal -0.896972 0.442088 0
    outer loop
      vertex 0.107178 76.3 1.6
      vertex 0.0608978 76.2061 0
      vertex 0.0608978 76.2061 1.6
    endloop
  endfacet
  facet normal 0.751925 -0.659248 0
    outer loop
      vertex 39.6157 46.4343 1.6
      vertex 39.6847 46.513 0
      vertex 39.6847 46.513 1.6
    endloop
  endfacet
  facet normal 0.751925 -0.659248 0
    outer loop
      vertex 39.6847 46.513 0
      vertex 39.6157 46.4343 1.6
      vertex 39.6157 46.4343 0
    endloop
  endfacet
  facet normal -0.751925 -0.659248 0
    outer loop
      vertex 0.234314 46.4343 0
      vertex 0.165314 46.513 1.6
      vertex 0.165314 46.513 0
    endloop
  endfacet
  facet normal -0.751925 -0.659248 0
    outer loop
      vertex 0.165314 46.513 1.6
      vertex 0.234314 46.4343 0
      vertex 0.234314 46.4343 1.6
    endloop
  endfacet
  facet normal -0.997854 -0.0654837 0
    outer loop
      vertex 0.0068512 46.8956 0
      vertex 0 47 1.6
      vertex 0 47 0
    endloop
  endfacet
  facet normal -0.997854 -0.0654837 0
    outer loop
      vertex 0 47 1.6
      vertex 0.0068512 46.8956 0
      vertex 0.0068512 46.8956 1.6
    endloop
  endfacet
  facet normal -0.997854 0.0654837 0
    outer loop
      vertex 0 75.9 0
      vertex 0.0068512 76.0044 1.6
      vertex 0.0068512 76.0044 0
    endloop
  endfacet
  facet normal -0.997854 0.0654837 0
    outer loop
      vertex 0.0068512 76.0044 1.6
      vertex 0 75.9 0
      vertex 0 75.9 1.6
    endloop
  endfacet
  facet normal -0.321126 -0.947036 0
    outer loop
      vertex 0.493851 46.2609 0
      vertex 0.592941 46.2273 1.6
      vertex 0.493851 46.2609 1.6
    endloop
  endfacet
  facet normal -0.321126 -0.947036 -0
    outer loop
      vertex 0.592941 46.2273 1.6
      vertex 0.493851 46.2609 0
      vertex 0.592941 46.2273 0
    endloop
  endfacet
  facet normal 0 0 1
    outer loop
      vertex 39.05 76.7 1.6
      vertex 39.85 75.9 1.6
      vertex 39.8431 76.0044 1.6
    endloop
  endfacet
  facet normal 0 0 1
    outer loop
      vertex 39.85 75.9 1.6
      vertex 35.85 61.45 1.6
      vertex 39.85 47 1.6
    endloop
  endfacet
  facet normal 0 0 1
    outer loop
      vertex 39.05 76.7 1.6
      vertex 39.8431 76.0044 1.6
      vertex 39.8227 76.1071 1.6
    endloop
  endfacet
  facet normal -0 0 1
    outer loop
      vertex 35.6746 59.2208 1.6
      vertex 39.85 47 1.6
      vertex 35.85 61.45 1.6
    endloop
  endfacet
  facet normal 0 0 1
    outer loop
      vertex 39.05 76.7 1.6
      vertex 39.8227 76.1071 1.6
      vertex 39.7891 76.2061 1.6
    endloop
  endfacet
  facet normal -0 0 1
    outer loop
      vertex 35.1526 57.0465 1.6
      vertex 39.85 47 1.6
      vertex 35.6746 59.2208 1.6
    endloop
  endfacet
  facet normal 0 0 1
    outer loop
      vertex 39.05 76.7 1.6
      vertex 39.7891 76.2061 1.6
      vertex 39.7428 76.3 1.6
    endloop
  endfacet
  facet normal -0 0 1
    outer loop
      vertex 34.2968 54.9806 1.6
      vertex 39.85 47 1.6
      vertex 35.1526 57.0465 1.6
    endloop
  endfacet
  facet normal 0 0 1
    outer loop
      vertex 39.05 76.7 1.6
      vertex 39.7428 76.3 1.6
      vertex 39.6847 76.387 1.6
    endloop
  endfacet
  facet normal -0 0 1
    outer loop
      vertex 33.1285 53.0741 1.6
      vertex 39.85 47 1.6
      vertex 34.2968 54.9806 1.6
    endloop
  endfacet
  facet normal 0 0 1
    outer loop
      vertex 39.05 76.7 1.6
      vertex 39.6847 76.387 1.6
      vertex 39.6157 76.4657 1.6
    endloop
  endfacet
  facet normal 0 -0 1
    outer loop
      vertex 39.05 46.2 1.6
      vertex 39.85 47 1.6
      vertex 33.1285 53.0741 1.6
    endloop
  endfacet
  facet normal 0 0 1
    outer loop
      vertex 39.05 76.7 1.6
      vertex 39.6157 76.4657 1.6
      vertex 39.537 76.5347 1.6
    endloop
  endfacet
  facet normal 0 0 1
    outer loop
      vertex 39.85 47 1.6
      vertex 39.05 46.2 1.6
      vertex 39.8431 46.8956 1.6
    endloop
  endfacet
  facet normal 0 0 1
    outer loop
      vertex 39.05 76.7 1.6
      vertex 39.537 76.5347 1.6
      vertex 39.45 76.5928 1.6
    endloop
  endfacet
  facet normal 0 0 1
    outer loop
      vertex 39.8431 46.8956 1.6
      vertex 39.05 46.2 1.6
      vertex 39.8227 46.7929 1.6
    endloop
  endfacet
  facet normal 0 0 1
    outer loop
      vertex 39.05 76.7 1.6
      vertex 39.45 76.5928 1.6
      vertex 39.3561 76.6391 1.6
    endloop
  endfacet
  facet normal 0 0 1
    outer loop
      vertex 39.8227 46.7929 1.6
      vertex 39.05 46.2 1.6
      vertex 39.7891 46.6939 1.6
    endloop
  endfacet
  facet normal 0 0 1
    outer loop
      vertex 39.05 76.7 1.6
      vertex 39.3561 76.6391 1.6
      vertex 39.257 76.6727 1.6
    endloop
  endfacet
  facet normal 0 0 1
    outer loop
      vertex 39.7891 46.6939 1.6
      vertex 39.05 46.2 1.6
      vertex 39.7428 46.6 1.6
    endloop
  endfacet
  facet normal 0 0 1
    outer loop
      vertex 39.05 76.7 1.6
      vertex 39.257 76.6727 1.6
      vertex 39.1544 76.6931 1.6
    endloop
  endfacet
  facet normal 0 0 1
    outer loop
      vertex 39.7428 46.6 1.6
      vertex 39.05 46.2 1.6
      vertex 39.6847 46.513 1.6
    endloop
  endfacet
  facet normal 0 0 1
    outer loop
      vertex 39.85 75.9 1.6
      vertex 39.05 76.7 1.6
      vertex 33.1285 69.8259 1.6
    endloop
  endfacet
  facet normal 0 0 1
    outer loop
      vertex 39.6847 46.513 1.6
      vertex 39.05 46.2 1.6
      vertex 39.6157 46.4343 1.6
    endloop
  endfacet
  facet normal 0 0 1
    outer loop
      vertex 39.6157 46.4343 1.6
      vertex 39.05 46.2 1.6
      vertex 39.537 46.3653 1.6
    endloop
  endfacet
  facet normal 0 0 1
    outer loop
      vertex 39.85 75.9 1.6
      vertex 35.6746 63.6792 1.6
      vertex 35.85 61.45 1.6
    endloop
  endfacet
  facet normal 0 0 1
    outer loop
      vertex 39.85 75.9 1.6
      vertex 35.1526 65.8535 1.6
      vertex 35.6746 63.6792 1.6
    endloop
  endfacet
  facet normal 0 0 1
    outer loop
      vertex 39.85 75.9 1.6
      vertex 34.2968 67.9194 1.6
      vertex 35.1526 65.8535 1.6
    endloop
  endfacet
  facet normal 0 0 1
    outer loop
      vertex 39.85 75.9 1.6
      vertex 33.1285 69.8259 1.6
      vertex 34.2968 67.9194 1.6
    endloop
  endfacet
  facet normal 0 0 1
    outer loop
      vertex 39.05 76.7 1.6
      vertex 31.6763 71.5263 1.6
      vertex 33.1285 69.8259 1.6
    endloop
  endfacet
  facet normal 0 0 1
    outer loop
      vertex 39.05 76.7 1.6
      vertex 29.9759 72.9785 1.6
      vertex 31.6763 71.5263 1.6
    endloop
  endfacet
  facet normal 0 0 1
    outer loop
      vertex 39.05 76.7 1.6
      vertex 28.0694 74.1468 1.6
      vertex 29.9759 72.9785 1.6
    endloop
  endfacet
  facet normal 0 0 1
    outer loop
      vertex 39.05 76.7 1.6
      vertex 26.0035 75.0026 1.6
      vertex 28.0694 74.1468 1.6
    endloop
  endfacet
  facet normal 0 0 1
    outer loop
      vertex 39.05 76.7 1.6
      vertex 23.8292 75.5246 1.6
      vertex 26.0035 75.0026 1.6
    endloop
  endfacet
  facet normal 0 0 1
    outer loop
      vertex 39.05 76.7 1.6
      vertex 21.6 75.7 1.6
      vertex 23.8292 75.5246 1.6
    endloop
  endfacet
  facet normal 0 0 1
    outer loop
      vertex 39.05 76.7 1.6
      vertex 21.1 75.7 1.6
      vertex 21.6 75.7 1.6
    endloop
  endfacet
  facet normal 0 0 1
    outer loop
      vertex 7.54744 65.8535 1.6
      vertex 7.08156 64.7787 1.6
      vertex 7.27061 64.7004 1.6
    endloop
  endfacet
  facet normal 0 0 1
    outer loop
      vertex 5.45248 64.9069 1.6
      vertex 7.54744 65.8535 1.6
      vertex 8.40316 67.9194 1.6
    endloop
  endfacet
  facet normal 0 0 1
    outer loop
      vertex 7.54744 65.8535 1.6
      vertex 6.54752 64.9069 1.6
      vertex 7.08156 64.7787 1.6
    endloop
  endfacet
  facet normal 0 0 1
    outer loop
      vertex 0 75.9 1.6
      vertex 8.40316 67.9194 1.6
      vertex 9.57151 69.8259 1.6
    endloop
  endfacet
  facet normal 0 0 1
    outer loop
      vertex 7.54744 65.8535 1.6
      vertex 6 64.95 1.6
      vertex 6.54752 64.9069 1.6
    endloop
  endfacet
  facet normal 0 0 1
    outer loop
      vertex 7.54744 65.8535 1.6
      vertex 5.45248 64.9069 1.6
      vertex 6 64.95 1.6
    endloop
  endfacet
  facet normal 0 0 1
    outer loop
      vertex 8.40316 67.9194 1.6
      vertex 4.91844 64.7787 1.6
      vertex 5.45248 64.9069 1.6
    endloop
  endfacet
  facet normal 0 0 1
    outer loop
      vertex 0.800003 76.7 1.6
      vertex 9.57151 69.8259 1.6
      vertex 11.0237 71.5263 1.6
    endloop
  endfacet
  facet normal 0 0 1
    outer loop
      vertex 8.40316 67.9194 1.6
      vertex 0 75.9 1.6
      vertex 4.91844 64.7787 1.6
    endloop
  endfacet
  facet normal 0 0 1
    outer loop
      vertex 4.91844 64.7787 1.6
      vertex 0 75.9 1.6
      vertex 4.41103 64.5685 1.6
    endloop
  endfacet
  facet normal 0 0 1
    outer loop
      vertex 4.41103 64.5685 1.6
      vertex 0 75.9 1.6
      vertex 3.94275 64.2816 1.6
    endloop
  endfacet
  facet normal 0 0 1
    outer loop
      vertex 2.6713 62.5316 1.6
      vertex 0 75.9 1.6
      vertex 2.54309 61.9975 1.6
    endloop
  endfacet
  facet normal 0 0 1
    outer loop
      vertex 2.88148 63.039 1.6
      vertex 0 75.9 1.6
      vertex 2.6713 62.5316 1.6
    endloop
  endfacet
  facet normal 0 0 1
    outer loop
      vertex 3.16844 63.5072 1.6
      vertex 0 75.9 1.6
      vertex 2.88148 63.039 1.6
    endloop
  endfacet
  facet normal 0 0 1
    outer loop
      vertex 3.52513 63.9249 1.6
      vertex 0 75.9 1.6
      vertex 3.16844 63.5072 1.6
    endloop
  endfacet
  facet normal 0 0 1
    outer loop
      vertex 3.94275 64.2816 1.6
      vertex 0 75.9 1.6
      vertex 3.52513 63.9249 1.6
    endloop
  endfacet
  facet normal 0 0 1
    outer loop
      vertex 9.57151 69.8259 1.6
      vertex 0.800003 76.7 1.6
      vertex 0 75.9 1.6
    endloop
  endfacet
  facet normal 0 0 1
    outer loop
      vertex 12.7241 72.9785 1.6
      vertex 0.800003 76.7 1.6
      vertex 11.0237 71.5263 1.6
    endloop
  endfacet
  facet normal 0 0 1
    outer loop
      vertex 14.6306 74.1468 1.6
      vertex 0.800003 76.7 1.6
      vertex 12.7241 72.9785 1.6
    endloop
  endfacet
  facet normal 0 0 1
    outer loop
      vertex 16.6965 75.0026 1.6
      vertex 0.800003 76.7 1.6
      vertex 14.6306 74.1468 1.6
    endloop
  endfacet
  facet normal 0 0 1
    outer loop
      vertex 18.8708 75.5246 1.6
      vertex 0.800003 76.7 1.6
      vertex 16.6965 75.0026 1.6
    endloop
  endfacet
  facet normal 0 0 1
    outer loop
      vertex 21.1 75.7 1.6
      vertex 0.800003 76.7 1.6
      vertex 18.8708 75.5246 1.6
    endloop
  endfacet
  facet normal -0 0 1
    outer loop
      vertex 0.800003 76.7 1.6
      vertex 21.1 75.7 1.6
      vertex 39.05 76.7 1.6
    endloop
  endfacet
  facet normal 0 0 1
    outer loop
      vertex 39.45 46.3072 1.6
      vertex 39.05 46.2 1.6
      vertex 39.3561 46.2609 1.6
    endloop
  endfacet
  facet normal 0 0 1
    outer loop
      vertex 39.3561 46.2609 1.6
      vertex 39.05 46.2 1.6
      vertex 39.257 46.2273 1.6
    endloop
  endfacet
  facet normal 0 0 1
    outer loop
      vertex 39.257 46.2273 1.6
      vertex 39.05 46.2 1.6
      vertex 39.1544 46.2069 1.6
    endloop
  endfacet
  facet normal 0 0 1
    outer loop
      vertex 39.537 46.3653 1.6
      vertex 39.05 46.2 1.6
      vertex 39.45 46.3072 1.6
    endloop
  endfacet
  facet normal -0 0 1
    outer loop
      vertex 31.6763 51.3737 1.6
      vertex 39.05 46.2 1.6
      vertex 33.1285 53.0741 1.6
    endloop
  endfacet
  facet normal -0 0 1
    outer loop
      vertex 29.9759 49.9215 1.6
      vertex 39.05 46.2 1.6
      vertex 31.6763 51.3737 1.6
    endloop
  endfacet
  facet normal -0 0 1
    outer loop
      vertex 28.0694 48.7532 1.6
      vertex 39.05 46.2 1.6
      vertex 29.9759 49.9215 1.6
    endloop
  endfacet
  facet normal -0 0 1
    outer loop
      vertex 26.0035 47.8974 1.6
      vertex 39.05 46.2 1.6
      vertex 28.0694 48.7532 1.6
    endloop
  endfacet
  facet normal -0 0 1
    outer loop
      vertex 23.8292 47.3754 1.6
      vertex 39.05 46.2 1.6
      vertex 26.0035 47.8974 1.6
    endloop
  endfacet
  facet normal -0 0 1
    outer loop
      vertex 21.6 47.2 1.6
      vertex 39.05 46.2 1.6
      vertex 23.8292 47.3754 1.6
    endloop
  endfacet
  facet normal -0 0 1
    outer loop
      vertex 21.1 47.2 1.6
      vertex 39.05 46.2 1.6
      vertex 21.6 47.2 1.6
    endloop
  endfacet
  facet normal -0 0 1
    outer loop
      vertex 7.08156 58.1213 1.6
      vertex 7.54744 57.0465 1.6
      vertex 7.27061 58.1996 1.6
    endloop
  endfacet
  facet normal -0 0 1
    outer loop
      vertex 6.54752 57.9931 1.6
      vertex 7.54744 57.0465 1.6
      vertex 7.08156 58.1213 1.6
    endloop
  endfacet
  facet normal -0 0 1
    outer loop
      vertex 6 57.95 1.6
      vertex 7.54744 57.0465 1.6
      vertex 6.54752 57.9931 1.6
    endloop
  endfacet
  facet normal 0 0 1
    outer loop
      vertex 5.45248 57.9931 1.6
      vertex 7.54744 57.0465 1.6
      vertex 6 57.95 1.6
    endloop
  endfacet
  facet normal 0 0 1
    outer loop
      vertex 7.54744 57.0465 1.6
      vertex 5.45248 57.9931 1.6
      vertex 8.40316 54.9806 1.6
    endloop
  endfacet
  facet normal 0 0 1
    outer loop
      vertex 4.91844 58.1213 1.6
      vertex 8.40316 54.9806 1.6
      vertex 5.45248 57.9931 1.6
    endloop
  endfacet
  facet normal 0 0 1
    outer loop
      vertex 0 47 1.6
      vertex 8.40316 54.9806 1.6
      vertex 4.91844 58.1213 1.6
    endloop
  endfacet
  facet normal 0 0 1
    outer loop
      vertex 8.40316 54.9806 1.6
      vertex 0 47 1.6
      vertex 9.57151 53.0741 1.6
    endloop
  endfacet
  facet normal 0 0 1
    outer loop
      vertex 0 47 1.6
      vertex 4.91844 58.1213 1.6
      vertex 4.41103 58.3315 1.6
    endloop
  endfacet
  facet normal 0 0 1
    outer loop
      vertex 0 47 1.6
      vertex 4.41103 58.3315 1.6
      vertex 3.94275 58.6184 1.6
    endloop
  endfacet
  facet normal 0 0 1
    outer loop
      vertex 0 47 1.6
      vertex 3.94275 58.6184 1.6
      vertex 3.52513 58.9751 1.6
    endloop
  endfacet
  facet normal 0 0 1
    outer loop
      vertex 2.54309 61.9975 1.6
      vertex 0 75.9 1.6
      vertex 2.5 61.45 1.6
    endloop
  endfacet
  facet normal 0 0 1
    outer loop
      vertex 21.1 47.2 1.6
      vertex 0.800003 46.2 1.6
      vertex 39.05 46.2 1.6
    endloop
  endfacet
  facet normal 0 0 1
    outer loop
      vertex 18.8708 47.3754 1.6
      vertex 0.800003 46.2 1.6
      vertex 21.1 47.2 1.6
    endloop
  endfacet
  facet normal 0 0 1
    outer loop
      vertex 16.6965 47.8974 1.6
      vertex 0.800003 46.2 1.6
      vertex 18.8708 47.3754 1.6
    endloop
  endfacet
  facet normal 0 0 1
    outer loop
      vertex 14.6306 48.7532 1.6
      vertex 0.800003 46.2 1.6
      vertex 16.6965 47.8974 1.6
    endloop
  endfacet
  facet normal 0 0 1
    outer loop
      vertex 12.7241 49.9215 1.6
      vertex 0.800003 46.2 1.6
      vertex 14.6306 48.7532 1.6
    endloop
  endfacet
  facet normal 0 0 1
    outer loop
      vertex 11.0237 51.3737 1.6
      vertex 0.800003 46.2 1.6
      vertex 12.7241 49.9215 1.6
    endloop
  endfacet
  facet normal 0 -0 1
    outer loop
      vertex 0.800003 46.2 1.6
      vertex 9.57151 53.0741 1.6
      vertex 0 47 1.6
    endloop
  endfacet
  facet normal 0 0 1
    outer loop
      vertex 0 47 1.6
      vertex 3.52513 58.9751 1.6
      vertex 3.16844 59.3927 1.6
    endloop
  endfacet
  facet normal 0 0 1
    outer loop
      vertex 0 47 1.6
      vertex 3.16844 59.3927 1.6
      vertex 2.88148 59.861 1.6
    endloop
  endfacet
  facet normal 0 0 1
    outer loop
      vertex 0 47 1.6
      vertex 2.88148 59.861 1.6
      vertex 2.6713 60.3684 1.6
    endloop
  endfacet
  facet normal 0 0 1
    outer loop
      vertex 0 47 1.6
      vertex 2.6713 60.3684 1.6
      vertex 2.54309 60.9025 1.6
    endloop
  endfacet
  facet normal 0 0 1
    outer loop
      vertex 0 47 1.6
      vertex 2.5 61.45 1.6
      vertex 0 75.9 1.6
    endloop
  endfacet
  facet normal 0 0 1
    outer loop
      vertex 0 75.9 1.6
      vertex 0.800003 76.7 1.6
      vertex 0.695587 76.6931 1.6
    endloop
  endfacet
  facet normal 0 0 1
    outer loop
      vertex 2.5 61.45 1.6
      vertex 0 47 1.6
      vertex 2.54309 60.9025 1.6
    endloop
  endfacet
  facet normal 0 0 1
    outer loop
      vertex 0 75.9 1.6
      vertex 0.695587 76.6931 1.6
      vertex 0.592941 76.6727 1.6
    endloop
  endfacet
  facet normal 0 0 1
    outer loop
      vertex 9.57151 53.0741 1.6
      vertex 0.800003 46.2 1.6
      vertex 11.0237 51.3737 1.6
    endloop
  endfacet
  facet normal 0 0 1
    outer loop
      vertex 0 75.9 1.6
      vertex 0.592941 76.6727 1.6
      vertex 0.493851 76.6391 1.6
    endloop
  endfacet
  facet normal 0 0 1
    outer loop
      vertex 0.800003 46.2 1.6
      vertex 0 47 1.6
      vertex 0.695587 46.2069 1.6
    endloop
  endfacet
  facet normal 0 0 1
    outer loop
      vertex 0 75.9 1.6
      vertex 0.493851 76.6391 1.6
      vertex 0.400009 76.5928 1.6
    endloop
  endfacet
  facet normal 0 0 1
    outer loop
      vertex 0.695587 46.2069 1.6
      vertex 0 47 1.6
      vertex 0.592941 46.2273 1.6
    endloop
  endfacet
  facet normal 0 0 1
    outer loop
      vertex 0 75.9 1.6
      vertex 0.400009 76.5928 1.6
      vertex 0.312988 76.5347 1.6
    endloop
  endfacet
  facet normal 0 0 1
    outer loop
      vertex 0.592941 46.2273 1.6
      vertex 0 47 1.6
      vertex 0.493851 46.2609 1.6
    endloop
  endfacet
  facet normal 0 0 1
    outer loop
      vertex 0 75.9 1.6
      vertex 0.312988 76.5347 1.6
      vertex 0.234314 76.4657 1.6
    endloop
  endfacet
  facet normal 0 0 1
    outer loop
      vertex 0.493851 46.2609 1.6
      vertex 0 47 1.6
      vertex 0.400009 46.3072 1.6
    endloop
  endfacet
  facet normal 0 0 1
    outer loop
      vertex 0 75.9 1.6
      vertex 0.234314 76.4657 1.6
      vertex 0.165314 76.387 1.6
    endloop
  endfacet
  facet normal 0 0 1
    outer loop
      vertex 0.400009 46.3072 1.6
      vertex 0 47 1.6
      vertex 0.312988 46.3653 1.6
    endloop
  endfacet
  facet normal 0 0 1
    outer loop
      vertex 0 75.9 1.6
      vertex 0.165314 76.387 1.6
      vertex 0.107178 76.3 1.6
    endloop
  endfacet
  facet normal 0 0 1
    outer loop
      vertex 0.312988 46.3653 1.6
      vertex 0 47 1.6
      vertex 0.234314 46.4343 1.6
    endloop
  endfacet
  facet normal 0 0 1
    outer loop
      vertex 0 75.9 1.6
      vertex 0.107178 76.3 1.6
      vertex 0.0608978 76.2061 1.6
    endloop
  endfacet
  facet normal 0 0 1
    outer loop
      vertex 0.234314 46.4343 1.6
      vertex 0 47 1.6
      vertex 0.165314 46.513 1.6
    endloop
  endfacet
  facet normal 0 0 1
    outer loop
      vertex 0 75.9 1.6
      vertex 0.0608978 76.2061 1.6
      vertex 0.0272675 76.1071 1.6
    endloop
  endfacet
  facet normal 0 0 1
    outer loop
      vertex 0.165314 46.513 1.6
      vertex 0 47 1.6
      vertex 0.107178 46.6 1.6
    endloop
  endfacet
  facet normal 0 0 1
    outer loop
      vertex 0 75.9 1.6
      vertex 0.0272675 76.1071 1.6
      vertex 0.0068512 76.0044 1.6
    endloop
  endfacet
  facet normal 0 0 1
    outer loop
      vertex 0.107178 46.6 1.6
      vertex 0 47 1.6
      vertex 0.0608978 46.6939 1.6
    endloop
  endfacet
  facet normal 0 0 1
    outer loop
      vertex 0.0608978 46.6939 1.6
      vertex 0 47 1.6
      vertex 0.0272675 46.7929 1.6
    endloop
  endfacet
  facet normal 0 0 1
    outer loop
      vertex 0.0272675 46.7929 1.6
      vertex 0 47 1.6
      vertex 0.0068512 46.8956 1.6
    endloop
  endfacet
  facet normal 0.195013 -0.980801 0
    outer loop
      vertex 39.1544 46.2069 0
      vertex 39.257 46.2273 1.6
      vertex 39.1544 46.2069 1.6
    endloop
  endfacet
  facet normal 0.195013 -0.980801 0
    outer loop
      vertex 39.257 46.2273 1.6
      vertex 39.1544 46.2069 0
      vertex 39.257 46.2273 0
    endloop
  endfacet
  facet normal 0.44224 0.896897 -0
    outer loop
      vertex 39.45 76.5928 0
      vertex 39.3561 76.6391 1.6
      vertex 39.45 76.5928 1.6
    endloop
  endfacet
  facet normal 0.44224 0.896897 0
    outer loop
      vertex 39.3561 76.6391 1.6
      vertex 39.45 76.5928 0
      vertex 39.3561 76.6391 0
    endloop
  endfacet
  facet normal -0.980807 0.19498 0
    outer loop
      vertex 0.0068512 76.0044 0
      vertex 0.0272675 76.1071 1.6
      vertex 0.0272675 76.1071 0
    endloop
  endfacet
  facet normal -0.980807 0.19498 0
    outer loop
      vertex 0.0272675 76.1071 1.6
      vertex 0.0068512 76.0044 0
      vertex 0.0068512 76.0044 1.6
    endloop
  endfacet
  facet normal 0.946948 -0.321388 0
    outer loop
      vertex 39.7891 46.6939 1.6
      vertex 39.8227 46.7929 0
      vertex 39.8227 46.7929 1.6
    endloop
  endfacet
  facet normal 0.946948 -0.321388 0
    outer loop
      vertex 39.8227 46.7929 0
      vertex 39.7891 46.6939 1.6
      vertex 39.7891 46.6939 0
    endloop
  endfacet
  facet normal -0.194929 -0.980817 0
    outer loop
      vertex 0.592941 46.2273 0
      vertex 0.695587 46.2069 1.6
      vertex 0.592941 46.2273 1.6
    endloop
  endfacet
  facet normal -0.194929 -0.980817 -0
    outer loop
      vertex 0.695587 46.2069 1.6
      vertex 0.592941 46.2273 0
      vertex 0.695587 46.2069 0
    endloop
  endfacet
  facet normal 0.980837 0.19483 0
    outer loop
      vertex 39.8431 76.0044 1.6
      vertex 39.8227 76.1071 0
      vertex 39.8227 76.1071 1.6
    endloop
  endfacet
  facet normal 0.980837 0.19483 0
    outer loop
      vertex 39.8227 76.1071 0
      vertex 39.8431 76.0044 1.6
      vertex 39.8431 76.0044 0
    endloop
  endfacet
  facet normal -0.555269 0.831671 0
    outer loop
      vertex 0.400009 76.5928 0
      vertex 0.312988 76.5347 1.6
      vertex 0.400009 76.5928 1.6
    endloop
  endfacet
  facet normal -0.555269 0.831671 0
    outer loop
      vertex 0.312988 76.5347 1.6
      vertex 0.400009 76.5928 0
      vertex 0.312988 76.5347 0
    endloop
  endfacet
  facet normal 0.831609 -0.555362 0
    outer loop
      vertex 39.6847 46.513 1.6
      vertex 39.7428 46.6 0
      vertex 39.7428 46.6 1.6
    endloop
  endfacet
  facet normal 0.831609 -0.555362 0
    outer loop
      vertex 39.7428 46.6 0
      vertex 39.6847 46.513 1.6
      vertex 39.6847 46.513 0
    endloop
  endfacet
  facet normal -0.065938 -0.997824 0
    outer loop
      vertex 0.695587 46.2069 0
      vertex 0.800003 46.2 1.6
      vertex 0.695587 46.2069 1.6
    endloop
  endfacet
  facet normal -0.065938 -0.997824 -0
    outer loop
      vertex 0.800003 46.2 1.6
      vertex 0.695587 46.2069 0
      vertex 0.800003 46.2 0
    endloop
  endfacet
  facet normal -0.44246 -0.896788 0
    outer loop
      vertex 0.400009 46.3072 0
      vertex 0.493851 46.2609 1.6
      vertex 0.400009 46.3072 1.6
    endloop
  endfacet
  facet normal -0.44246 -0.896788 -0
    outer loop
      vertex 0.493851 46.2609 1.6
      vertex 0.400009 46.3072 0
      vertex 0.493851 46.2609 0
    endloop
  endfacet
  facet normal -0.751925 0.659248 0
    outer loop
      vertex 0.165314 76.387 0
      vertex 0.234314 76.4657 1.6
      vertex 0.234314 76.4657 0
    endloop
  endfacet
  facet normal -0.751925 0.659248 0
    outer loop
      vertex 0.234314 76.4657 1.6
      vertex 0.165314 76.387 0
      vertex 0.165314 76.387 1.6
    endloop
  endfacet
  facet normal -0.946859 0.321648 0
    outer loop
      vertex 0.0272675 76.1071 0
      vertex 0.0608978 76.2061 1.6
      vertex 0.0608978 76.2061 0
    endloop
  endfacet
  facet normal -0.946859 0.321648 0
    outer loop
      vertex 0.0608978 76.2061 1.6
      vertex 0.0272675 76.1071 0
      vertex 0.0272675 76.1071 1.6
    endloop
  endfacet
  facet normal 0.555362 0.831609 -0
    outer loop
      vertex 39.537 76.5347 0
      vertex 39.45 76.5928 1.6
      vertex 39.537 76.5347 1.6
    endloop
  endfacet
  facet normal 0.555362 0.831609 0
    outer loop
      vertex 39.45 76.5928 1.6
      vertex 39.537 76.5347 0
      vertex 39.45 76.5928 0
    endloop
  endfacet
  facet normal 0.0659481 0.997823 -0
    outer loop
      vertex 39.1544 76.6931 0
      vertex 39.05 76.7 1.6
      vertex 39.1544 76.6931 1.6
    endloop
  endfacet
  facet normal 0.0659481 0.997823 0
    outer loop
      vertex 39.05 76.7 1.6
      vertex 39.1544 76.6931 0
      vertex 39.05 76.7 0
    endloop
  endfacet
  facet normal -0.659371 -0.751817 0
    outer loop
      vertex 0.234314 46.4343 0
      vertex 0.312988 46.3653 1.6
      vertex 0.234314 46.4343 1.6
    endloop
  endfacet
  facet normal -0.659371 -0.751817 -0
    outer loop
      vertex 0.312988 46.3653 1.6
      vertex 0.234314 46.4343 0
      vertex 0.312988 46.3653 0
    endloop
  endfacet
  facet normal -0.980807 -0.19498 0
    outer loop
      vertex 0.0272675 46.7929 0
      vertex 0.0068512 46.8956 1.6
      vertex 0.0068512 46.8956 0
    endloop
  endfacet
  facet normal -0.980807 -0.19498 0
    outer loop
      vertex 0.0068512 46.8956 1.6
      vertex 0.0272675 46.7929 0
      vertex 0.0272675 46.7929 1.6
    endloop
  endfacet
  facet normal -0.659371 0.751817 0
    outer loop
      vertex 0.312988 76.5347 0
      vertex 0.234314 76.4657 1.6
      vertex 0.312988 76.5347 1.6
    endloop
  endfacet
  facet normal -0.659371 0.751817 0
    outer loop
      vertex 0.234314 76.4657 1.6
      vertex 0.312988 76.5347 0
      vertex 0.234314 76.4657 0
    endloop
  endfacet
  facet normal 0.997823 0.0659481 0
    outer loop
      vertex 39.85 75.9 1.6
      vertex 39.8431 76.0044 0
      vertex 39.8431 76.0044 1.6
    endloop
  endfacet
  facet normal 0.997823 0.0659481 0
    outer loop
      vertex 39.8431 76.0044 0
      vertex 39.85 75.9 1.6
      vertex 39.85 75.9 0
    endloop
  endfacet
  facet normal -0.44246 0.896788 0
    outer loop
      vertex 0.493851 76.6391 0
      vertex 0.400009 76.5928 1.6
      vertex 0.493851 76.6391 1.6
    endloop
  endfacet
  facet normal -0.44246 0.896788 0
    outer loop
      vertex 0.400009 76.5928 1.6
      vertex 0.493851 76.6391 0
      vertex 0.400009 76.5928 0
    endloop
  endfacet
  facet normal 0.896897 0.44224 0
    outer loop
      vertex 39.7891 76.2061 1.6
      vertex 39.7428 76.3 0
      vertex 39.7428 76.3 1.6
    endloop
  endfacet
  facet normal 0.896897 0.44224 0
    outer loop
      vertex 39.7428 76.3 0
      vertex 39.7891 76.2061 1.6
      vertex 39.7891 76.2061 0
    endloop
  endfacet
  facet normal 0.946948 0.321388 0
    outer loop
      vertex 39.8227 76.1071 1.6
      vertex 39.7891 76.2061 0
      vertex 39.7891 76.2061 1.6
    endloop
  endfacet
  facet normal 0.946948 0.321388 0
    outer loop
      vertex 39.7891 76.2061 0
      vertex 39.8227 76.1071 1.6
      vertex 39.8227 76.1071 0
    endloop
  endfacet
  facet normal 0.831609 0.555362 0
    outer loop
      vertex 39.7428 76.3 1.6
      vertex 39.6847 76.387 0
      vertex 39.6847 76.387 1.6
    endloop
  endfacet
  facet normal 0.831609 0.555362 0
    outer loop
      vertex 39.6847 76.387 0
      vertex 39.7428 76.3 1.6
      vertex 39.7428 76.3 0
    endloop
  endfacet
  facet normal 0.555362 -0.831609 0
    outer loop
      vertex 39.45 46.3072 0
      vertex 39.537 46.3653 1.6
      vertex 39.45 46.3072 1.6
    endloop
  endfacet
  facet normal 0.555362 -0.831609 0
    outer loop
      vertex 39.537 46.3653 1.6
      vertex 39.45 46.3072 0
      vertex 39.537 46.3653 0
    endloop
  endfacet
  facet normal -0.852602 -0.52256 0
    outer loop
      vertex 9.11852 63.039 0
      vertex 8.83156 63.5072 0.599999
      vertex 8.83156 63.5072 0
    endloop
  endfacet
  facet normal -0.852602 -0.52256 0
    outer loop
      vertex 8.83156 63.5072 0.599999
      vertex 9.11852 63.039 0
      vertex 9.11852 63.039 0.599999
    endloop
  endfacet
  facet normal -0.972377 -0.233418 0
    outer loop
      vertex 9.45691 61.9975 0
      vertex 9.3287 62.5316 0.599999
      vertex 9.3287 62.5316 0
    endloop
  endfacet
  facet normal -0.972377 -0.233418 0
    outer loop
      vertex 9.3287 62.5316 0.599999
      vertex 9.45691 61.9975 0
      vertex 9.45691 61.9975 0.599999
    endloop
  endfacet
  facet normal -0.996917 -0.0784606 0
    outer loop
      vertex 9.5 61.45 0
      vertex 9.45691 61.9975 0.599999
      vertex 9.45691 61.9975 0
    endloop
  endfacet
  facet normal -0.996917 -0.0784606 0
    outer loop
      vertex 9.45691 61.9975 0.599999
      vertex 9.5 61.45 0
      vertex 9.5 61.45 0.599999
    endloop
  endfacet
  facet normal -0.923874 -0.382696 0
    outer loop
      vertex 9.3287 62.5316 0
      vertex 9.11852 63.039 0.599999
      vertex 9.11852 63.039 0
    endloop
  endfacet
  facet normal -0.923874 -0.382696 0
    outer loop
      vertex 9.11852 63.039 0.599999
      vertex 9.3287 62.5316 0
      vertex 9.3287 62.5316 0.599999
    endloop
  endfacet
  facet normal 0.0784758 -0.996916 0
    outer loop
      vertex 5.45248 64.9069 0
      vertex 6 64.95 1.6
      vertex 5.45248 64.9069 1.6
    endloop
  endfacet
  facet normal 0.0784758 -0.996916 0
    outer loop
      vertex 6 64.95 1.6
      vertex 5.45248 64.9069 0
      vertex 6 64.95 0
    endloop
  endfacet
  facet normal -0.38276 0.923848 0
    outer loop
      vertex 7.58897 58.3315 0.599999
      vertex 7.58897 58.3315 0
      vertex 7.27061 58.1996 0.599999
    endloop
  endfacet
  facet normal -0.382654 0.923892 0
    outer loop
      vertex 7.27061 58.1996 0.599999
      vertex 7.08156 58.1213 1.6
      vertex 7.27061 58.1996 1.6
    endloop
  endfacet
  facet normal -0.382654 0.923892 0
    outer loop
      vertex 7.27061 58.1996 0.599999
      vertex 7.08156 58.1213 0
      vertex 7.08156 58.1213 1.6
    endloop
  endfacet
  facet normal -0.382721 0.923864 2.46013e-05
    outer loop
      vertex 7.08156 58.1213 0
      vertex 7.27061 58.1996 0.599999
      vertex 7.58897 58.3315 0
    endloop
  endfacet
  facet normal 0.972377 -0.233418 0
    outer loop
      vertex 2.54309 61.9975 1.6
      vertex 2.6713 62.5316 0
      vertex 2.6713 62.5316 1.6
    endloop
  endfacet
  facet normal 0.972377 -0.233418 0
    outer loop
      vertex 2.6713 62.5316 0
      vertex 2.54309 61.9975 1.6
      vertex 2.54309 61.9975 0
    endloop
  endfacet
  facet normal -0.649468 -0.760389 0
    outer loop
      vertex 8.05725 64.2816 0
      vertex 8.47487 63.9249 0.599999
      vertex 8.05725 64.2816 0.599999
    endloop
  endfacet
  facet normal -0.649468 -0.760389 -0
    outer loop
      vertex 8.47487 63.9249 0.599999
      vertex 8.05725 64.2816 0
      vertex 8.47487 63.9249 0
    endloop
  endfacet
  facet normal -0.0784758 0.996916 0
    outer loop
      vertex 6.54752 57.9931 0
      vertex 6 57.95 1.6
      vertex 6.54752 57.9931 1.6
    endloop
  endfacet
  facet normal -0.0784758 0.996916 0
    outer loop
      vertex 6 57.95 1.6
      vertex 6.54752 57.9931 0
      vertex 6 57.95 0
    endloop
  endfacet
  facet normal -0.522416 0.852691 0
    outer loop
      vertex 8.05725 58.6184 0
      vertex 7.58897 58.3315 0.599999
      vertex 8.05725 58.6184 0.599999
    endloop
  endfacet
  facet normal -0.522416 0.852691 0
    outer loop
      vertex 7.58897 58.3315 0.599999
      vertex 8.05725 58.6184 0
      vertex 7.58897 58.3315 0
    endloop
  endfacet
  facet normal 0.923874 0.382696 0
    outer loop
      vertex 2.88148 59.861 1.6
      vertex 2.6713 60.3684 0
      vertex 2.6713 60.3684 1.6
    endloop
  endfacet
  facet normal 0.923874 0.382696 0
    outer loop
      vertex 2.6713 60.3684 0
      vertex 2.88148 59.861 1.6
      vertex 2.88148 59.861 0
    endloop
  endfacet
  facet normal 0.996917 -0.0784606 0
    outer loop
      vertex 2.5 61.45 1.6
      vertex 2.54309 61.9975 0
      vertex 2.54309 61.9975 1.6
    endloop
  endfacet
  facet normal 0.996917 -0.0784606 0
    outer loop
      vertex 2.54309 61.9975 0
      vertex 2.5 61.45 1.6
      vertex 2.5 61.45 0
    endloop
  endfacet
  facet normal 0.233425 0.972375 -0
    outer loop
      vertex 5.45248 57.9931 0
      vertex 4.91844 58.1213 1.6
      vertex 5.45248 57.9931 1.6
    endloop
  endfacet
  facet normal 0.233425 0.972375 0
    outer loop
      vertex 4.91844 58.1213 1.6
      vertex 5.45248 57.9931 0
      vertex 4.91844 58.1213 0
    endloop
  endfacet
  facet normal -0.996917 0.0784606 0
    outer loop
      vertex 9.45691 60.9025 0
      vertex 9.5 61.45 0.599999
      vertex 9.5 61.45 0
    endloop
  endfacet
  facet normal -0.996917 0.0784606 0
    outer loop
      vertex 9.5 61.45 0.599999
      vertex 9.45691 60.9025 0
      vertex 9.45691 60.9025 0.599999
    endloop
  endfacet
  facet normal 0.0784758 0.996916 -0
    outer loop
      vertex 6 57.95 0
      vertex 5.45248 57.9931 1.6
      vertex 6 57.95 1.6
    endloop
  endfacet
  facet normal 0.0784758 0.996916 0
    outer loop
      vertex 5.45248 57.9931 1.6
      vertex 6 57.95 0
      vertex 5.45248 57.9931 0
    endloop
  endfacet
  facet normal -0.923874 0.382696 0
    outer loop
      vertex 9.11852 59.861 0
      vertex 9.3287 60.3684 0.599999
      vertex 9.3287 60.3684 0
    endloop
  endfacet
  facet normal -0.923874 0.382696 0
    outer loop
      vertex 9.3287 60.3684 0.599999
      vertex 9.11852 59.861 0
      vertex 9.11852 59.861 0.599999
    endloop
  endfacet
  facet normal -0.852652 0.522479 0
    outer loop
      vertex 8.83156 59.3927 0
      vertex 9.11852 59.861 0.599999
      vertex 9.11852 59.861 0
    endloop
  endfacet
  facet normal -0.852652 0.522479 0
    outer loop
      vertex 9.11852 59.861 0.599999
      vertex 8.83156 59.3927 0
      vertex 8.83156 59.3927 0.599999
    endloop
  endfacet
  facet normal 0.923874 -0.382696 0
    outer loop
      vertex 2.6713 62.5316 1.6
      vertex 2.88148 63.039 0
      vertex 2.88148 63.039 1.6
    endloop
  endfacet
  facet normal 0.923874 -0.382696 0
    outer loop
      vertex 2.88148 63.039 0
      vertex 2.6713 62.5316 1.6
      vertex 2.6713 62.5316 0
    endloop
  endfacet
  facet normal -0.649468 0.760389 0
    outer loop
      vertex 8.47487 58.9751 0
      vertex 8.05725 58.6184 0.599999
      vertex 8.47487 58.9751 0.599999
    endloop
  endfacet
  facet normal -0.649468 0.760389 0
    outer loop
      vertex 8.05725 58.6184 0.599999
      vertex 8.47487 58.9751 0
      vertex 8.05725 58.6184 0
    endloop
  endfacet
  facet normal -0.233425 0.972375 0
    outer loop
      vertex 7.08156 58.1213 0
      vertex 6.54752 57.9931 1.6
      vertex 7.08156 58.1213 1.6
    endloop
  endfacet
  facet normal -0.233425 0.972375 0
    outer loop
      vertex 6.54752 57.9931 1.6
      vertex 7.08156 58.1213 0
      vertex 6.54752 57.9931 0
    endloop
  endfacet
  facet normal 0.760459 -0.649385 0
    outer loop
      vertex 3.16844 63.5072 1.6
      vertex 3.52513 63.9249 0
      vertex 3.52513 63.9249 1.6
    endloop
  endfacet
  facet normal 0.760459 -0.649385 0
    outer loop
      vertex 3.52513 63.9249 0
      vertex 3.16844 63.5072 1.6
      vertex 3.16844 63.5072 0
    endloop
  endfacet
  facet normal 0.233425 -0.972375 0
    outer loop
      vertex 4.91844 64.7787 0
      vertex 5.45248 64.9069 1.6
      vertex 4.91844 64.7787 1.6
    endloop
  endfacet
  facet normal 0.233425 -0.972375 0
    outer loop
      vertex 5.45248 64.9069 1.6
      vertex 4.91844 64.7787 0
      vertex 5.45248 64.9069 0
    endloop
  endfacet
  facet normal 0.522416 -0.852691 0
    outer loop
      vertex 3.94275 64.2816 0
      vertex 4.41103 64.5685 1.6
      vertex 3.94275 64.2816 1.6
    endloop
  endfacet
  facet normal 0.522416 -0.852691 0
    outer loop
      vertex 4.41103 64.5685 1.6
      vertex 3.94275 64.2816 0
      vertex 4.41103 64.5685 0
    endloop
  endfacet
  facet normal -0.760383 0.649475 0
    outer loop
      vertex 8.47487 58.9751 0
      vertex 8.83156 59.3927 0.599999
      vertex 8.83156 59.3927 0
    endloop
  endfacet
  facet normal -0.760383 0.649475 0
    outer loop
      vertex 8.83156 59.3927 0.599999
      vertex 8.47487 58.9751 0
      vertex 8.47487 58.9751 0.599999
    endloop
  endfacet
  facet normal -0.0784758 -0.996916 0
    outer loop
      vertex 6 64.95 0
      vertex 6.54752 64.9069 1.6
      vertex 6 64.95 1.6
    endloop
  endfacet
  facet normal -0.0784758 -0.996916 -0
    outer loop
      vertex 6.54752 64.9069 1.6
      vertex 6 64.95 0
      vertex 6.54752 64.9069 0
    endloop
  endfacet
  facet normal 0.972377 0.233418 0
    outer loop
      vertex 2.6713 60.3684 1.6
      vertex 2.54309 60.9025 0
      vertex 2.54309 60.9025 1.6
    endloop
  endfacet
  facet normal 0.972377 0.233418 0
    outer loop
      vertex 2.54309 60.9025 0
      vertex 2.6713 60.3684 1.6
      vertex 2.6713 60.3684 0
    endloop
  endfacet
  facet normal 0.852602 -0.52256 0
    outer loop
      vertex 2.88148 63.039 1.6
      vertex 3.16844 63.5072 0
      vertex 3.16844 63.5072 1.6
    endloop
  endfacet
  facet normal 0.852602 -0.52256 0
    outer loop
      vertex 3.16844 63.5072 0
      vertex 2.88148 63.039 1.6
      vertex 2.88148 63.039 0
    endloop
  endfacet
  facet normal -0.382654 -0.923892 0
    outer loop
      vertex 7.08156 64.7787 1.6
      vertex 7.27061 64.7004 0.599999
      vertex 7.27061 64.7004 1.6
    endloop
  endfacet
  facet normal -0.382654 -0.923892 0
    outer loop
      vertex 7.08156 64.7787 0
      vertex 7.27061 64.7004 0.599999
      vertex 7.08156 64.7787 1.6
    endloop
  endfacet
  facet normal -0.382721 -0.923864 2.46013e-05
    outer loop
      vertex 7.58897 64.5685 0
      vertex 7.27061 64.7004 0.599999
      vertex 7.08156 64.7787 0
    endloop
  endfacet
  facet normal -0.38276 -0.923848 0
    outer loop
      vertex 7.27061 64.7004 0.599999
      vertex 7.58897 64.5685 0
      vertex 7.58897 64.5685 0.599999
    endloop
  endfacet
  facet normal -0.522416 -0.852691 0
    outer loop
      vertex 7.58897 64.5685 0
      vertex 8.05725 64.2816 0.599999
      vertex 7.58897 64.5685 0.599999
    endloop
  endfacet
  facet normal -0.522416 -0.852691 -0
    outer loop
      vertex 8.05725 64.2816 0.599999
      vertex 7.58897 64.5685 0
      vertex 8.05725 64.2816 0
    endloop
  endfacet
  facet normal 0.382721 -0.923864 0
    outer loop
      vertex 4.41103 64.5685 0
      vertex 4.91844 64.7787 1.6
      vertex 4.41103 64.5685 1.6
    endloop
  endfacet
  facet normal 0.382721 -0.923864 0
    outer loop
      vertex 4.91844 64.7787 1.6
      vertex 4.41103 64.5685 0
      vertex 4.91844 64.7787 0
    endloop
  endfacet
  facet normal -0.972377 0.233418 0
    outer loop
      vertex 9.3287 60.3684 0
      vertex 9.45691 60.9025 0.599999
      vertex 9.45691 60.9025 0
    endloop
  endfacet
  facet normal -0.972377 0.233418 0
    outer loop
      vertex 9.45691 60.9025 0.599999
      vertex 9.3287 60.3684 0
      vertex 9.3287 60.3684 0.599999
    endloop
  endfacet
  facet normal -0.233425 -0.972375 0
    outer loop
      vertex 6.54752 64.9069 0
      vertex 7.08156 64.7787 1.6
      vertex 6.54752 64.9069 1.6
    endloop
  endfacet
  facet normal -0.233425 -0.972375 -0
    outer loop
      vertex 7.08156 64.7787 1.6
      vertex 6.54752 64.9069 0
      vertex 7.08156 64.7787 0
    endloop
  endfacet
  facet normal -0.760459 -0.649385 0
    outer loop
      vertex 8.83156 63.5072 0
      vertex 8.47487 63.9249 0.599999
      vertex 8.47487 63.9249 0
    endloop
  endfacet
  facet normal -0.760459 -0.649385 0
    outer loop
      vertex 8.47487 63.9249 0.599999
      vertex 8.83156 63.5072 0
      vertex 8.83156 63.5072 0.599999
    endloop
  endfacet
  facet normal 0.649468 0.760389 -0
    outer loop
      vertex 3.94275 58.6184 0
      vertex 3.52513 58.9751 1.6
      vertex 3.94275 58.6184 1.6
    endloop
  endfacet
  facet normal 0.649468 0.760389 0
    outer loop
      vertex 3.52513 58.9751 1.6
      vertex 3.94275 58.6184 0
      vertex 3.52513 58.9751 0
    endloop
  endfacet
  facet normal 0.382721 0.923864 -0
    outer loop
      vertex 4.91844 58.1213 0
      vertex 4.41103 58.3315 1.6
      vertex 4.91844 58.1213 1.6
    endloop
  endfacet
  facet normal 0.382721 0.923864 0
    outer loop
      vertex 4.41103 58.3315 1.6
      vertex 4.91844 58.1213 0
      vertex 4.41103 58.3315 0
    endloop
  endfacet
  facet normal 0.760383 0.649475 0
    outer loop
      vertex 3.52513 58.9751 1.6
      vertex 3.16844 59.3927 0
      vertex 3.16844 59.3927 1.6
    endloop
  endfacet
  facet normal 0.760383 0.649475 0
    outer loop
      vertex 3.16844 59.3927 0
      vertex 3.52513 58.9751 1.6
      vertex 3.52513 58.9751 0
    endloop
  endfacet
  facet normal 0.649468 -0.760389 0
    outer loop
      vertex 3.52513 63.9249 0
      vertex 3.94275 64.2816 1.6
      vertex 3.52513 63.9249 1.6
    endloop
  endfacet
  facet normal 0.649468 -0.760389 0
    outer loop
      vertex 3.94275 64.2816 1.6
      vertex 3.52513 63.9249 0
      vertex 3.94275 64.2816 0
    endloop
  endfacet
  facet normal 0.522416 0.852691 -0
    outer loop
      vertex 4.41103 58.3315 0
      vertex 3.94275 58.6184 1.6
      vertex 4.41103 58.3315 1.6
    endloop
  endfacet
  facet normal 0.522416 0.852691 0
    outer loop
      vertex 3.94275 58.6184 1.6
      vertex 4.41103 58.3315 0
      vertex 3.94275 58.6184 0
    endloop
  endfacet
  facet normal 0.996917 0.0784606 0
    outer loop
      vertex 2.54309 60.9025 1.6
      vertex 2.5 61.45 0
      vertex 2.5 61.45 1.6
    endloop
  endfacet
  facet normal 0.996917 0.0784606 0
    outer loop
      vertex 2.5 61.45 0
      vertex 2.54309 60.9025 1.6
      vertex 2.54309 60.9025 0
    endloop
  endfacet
  facet normal 0.852652 0.522479 0
    outer loop
      vertex 3.16844 59.3927 1.6
      vertex 2.88148 59.861 0
      vertex 2.88148 59.861 1.6
    endloop
  endfacet
  facet normal 0.852652 0.522479 0
    outer loop
      vertex 2.88148 59.861 0
      vertex 3.16844 59.3927 1.6
      vertex 3.16844 59.3927 0
    endloop
  endfacet
  facet normal 0.195075 0.980788 -0
    outer loop
      vertex 91.65 59.05 0
      vertex 91.3056 59.1185 1.6
      vertex 91.65 59.05 1.6
    endloop
  endfacet
  facet normal 0.195075 0.980788 0
    outer loop
      vertex 91.3056 59.1185 1.6
      vertex 91.65 59.05 0
      vertex 91.3056 59.1185 0
    endloop
  endfacet
  facet normal -0.83148 -0.555554 0
    outer loop
      vertex 92.4815 60.2944 0
      vertex 92.2864 60.5864 1.6
      vertex 92.2864 60.5864 0
    endloop
  endfacet
  facet normal -0.83148 -0.555554 0
    outer loop
      vertex 92.2864 60.5864 1.6
      vertex 92.4815 60.2944 0
      vertex 92.4815 60.2944 1.6
    endloop
  endfacet
  facet normal -0.980788 -0.195075 0
    outer loop
      vertex 92.55 59.95 0
      vertex 92.4815 60.2944 1.6
      vertex 92.4815 60.2944 0
    endloop
  endfacet
  facet normal -0.980788 -0.195075 0
    outer loop
      vertex 92.4815 60.2944 1.6
      vertex 92.55 59.95 0
      vertex 92.55 59.95 1.6
    endloop
  endfacet
  facet normal -0.555554 -0.83148 0
    outer loop
      vertex 91.9944 60.7815 0
      vertex 92.2864 60.5864 1.6
      vertex 91.9944 60.7815 1.6
    endloop
  endfacet
  facet normal -0.555554 -0.83148 -0
    outer loop
      vertex 92.2864 60.5864 1.6
      vertex 91.9944 60.7815 0
      vertex 92.2864 60.5864 0
    endloop
  endfacet
  facet normal -0.83148 0.555554 0
    outer loop
      vertex 92.2864 59.3136 0
      vertex 92.4815 59.6056 1.6
      vertex 92.4815 59.6056 0
    endloop
  endfacet
  facet normal -0.83148 0.555554 0
    outer loop
      vertex 92.4815 59.6056 1.6
      vertex 92.2864 59.3136 0
      vertex 92.2864 59.3136 1.6
    endloop
  endfacet
  facet normal -0.555554 0.83148 0
    outer loop
      vertex 92.2864 59.3136 0
      vertex 91.9944 59.1185 1.6
      vertex 92.2864 59.3136 1.6
    endloop
  endfacet
  facet normal -0.555554 0.83148 0
    outer loop
      vertex 91.9944 59.1185 1.6
      vertex 92.2864 59.3136 0
      vertex 91.9944 59.1185 0
    endloop
  endfacet
  facet normal 0.980788 0.195075 0
    outer loop
      vertex 90.8185 59.6056 1.6
      vertex 90.75 59.95 0
      vertex 90.75 59.95 1.6
    endloop
  endfacet
  facet normal 0.980788 0.195075 0
    outer loop
      vertex 90.75 59.95 0
      vertex 90.8185 59.6056 1.6
      vertex 90.8185 59.6056 0
    endloop
  endfacet
  facet normal 0.555554 -0.83148 0
    outer loop
      vertex 91.0136 60.5864 0
      vertex 91.3056 60.7815 1.6
      vertex 91.0136 60.5864 1.6
    endloop
  endfacet
  facet normal 0.555554 -0.83148 0
    outer loop
      vertex 91.3056 60.7815 1.6
      vertex 91.0136 60.5864 0
      vertex 91.3056 60.7815 0
    endloop
  endfacet
  facet normal 0.83148 -0.555554 0
    outer loop
      vertex 90.8185 60.2944 1.6
      vertex 91.0136 60.5864 0
      vertex 91.0136 60.5864 1.6
    endloop
  endfacet
  facet normal 0.83148 -0.555554 0
    outer loop
      vertex 91.0136 60.5864 0
      vertex 90.8185 60.2944 1.6
      vertex 90.8185 60.2944 0
    endloop
  endfacet
  facet normal 0.195075 -0.980788 0
    outer loop
      vertex 91.3056 60.7815 0
      vertex 91.65 60.85 1.6
      vertex 91.3056 60.7815 1.6
    endloop
  endfacet
  facet normal 0.195075 -0.980788 0
    outer loop
      vertex 91.65 60.85 1.6
      vertex 91.3056 60.7815 0
      vertex 91.65 60.85 0
    endloop
  endfacet
  facet normal -0.195075 -0.980788 0
    outer loop
      vertex 91.65 60.85 0
      vertex 91.9944 60.7815 1.6
      vertex 91.65 60.85 1.6
    endloop
  endfacet
  facet normal -0.195075 -0.980788 -0
    outer loop
      vertex 91.9944 60.7815 1.6
      vertex 91.65 60.85 0
      vertex 91.9944 60.7815 0
    endloop
  endfacet
  facet normal -0.980788 0.195075 0
    outer loop
      vertex 92.4815 59.6056 0
      vertex 92.55 59.95 1.6
      vertex 92.55 59.95 0
    endloop
  endfacet
  facet normal -0.980788 0.195075 0
    outer loop
      vertex 92.55 59.95 1.6
      vertex 92.4815 59.6056 0
      vertex 92.4815 59.6056 1.6
    endloop
  endfacet
  facet normal -0.195075 0.980788 0
    outer loop
      vertex 91.9944 59.1185 0
      vertex 91.65 59.05 1.6
      vertex 91.9944 59.1185 1.6
    endloop
  endfacet
  facet normal -0.195075 0.980788 0
    outer loop
      vertex 91.65 59.05 1.6
      vertex 91.9944 59.1185 0
      vertex 91.65 59.05 0
    endloop
  endfacet
  facet normal 0.980788 -0.195075 0
    outer loop
      vertex 90.75 59.95 1.6
      vertex 90.8185 60.2944 0
      vertex 90.8185 60.2944 1.6
    endloop
  endfacet
  facet normal 0.980788 -0.195075 0
    outer loop
      vertex 90.8185 60.2944 0
      vertex 90.75 59.95 1.6
      vertex 90.75 59.95 0
    endloop
  endfacet
  facet normal 0.555554 0.83148 -0
    outer loop
      vertex 91.3056 59.1185 0
      vertex 91.0136 59.3136 1.6
      vertex 91.3056 59.1185 1.6
    endloop
  endfacet
  facet normal 0.555554 0.83148 0
    outer loop
      vertex 91.0136 59.3136 1.6
      vertex 91.3056 59.1185 0
      vertex 91.0136 59.3136 0
    endloop
  endfacet
  facet normal 0.83148 0.555554 0
    outer loop
      vertex 91.0136 59.3136 1.6
      vertex 90.8185 59.6056 0
      vertex 90.8185 59.6056 1.6
    endloop
  endfacet
  facet normal 0.83148 0.555554 0
    outer loop
      vertex 90.8185 59.6056 0
      vertex 91.0136 59.3136 1.6
      vertex 91.0136 59.3136 0
    endloop
  endfacet
  facet normal -0.83148 -0.555554 0
    outer loop
      vertex 95.0815 60.2944 0
      vertex 94.8864 60.5864 1.6
      vertex 94.8864 60.5864 0
    endloop
  endfacet
  facet normal -0.83148 -0.555554 0
    outer loop
      vertex 94.8864 60.5864 1.6
      vertex 95.0815 60.2944 0
      vertex 95.0815 60.2944 1.6
    endloop
  endfacet
  facet normal -0.980788 -0.195075 0
    outer loop
      vertex 95.15 59.95 0
      vertex 95.0815 60.2944 1.6
      vertex 95.0815 60.2944 0
    endloop
  endfacet
  facet normal -0.980788 -0.195075 0
    outer loop
      vertex 95.0815 60.2944 1.6
      vertex 95.15 59.95 0
      vertex 95.15 59.95 1.6
    endloop
  endfacet
  facet normal -0.555554 -0.83148 0
    outer loop
      vertex 94.5944 60.7815 0
      vertex 94.8864 60.5864 1.6
      vertex 94.5944 60.7815 1.6
    endloop
  endfacet
  facet normal -0.555554 -0.83148 -0
    outer loop
      vertex 94.8864 60.5864 1.6
      vertex 94.5944 60.7815 0
      vertex 94.8864 60.5864 0
    endloop
  endfacet
  facet normal 0.980788 0.195075 0
    outer loop
      vertex 93.4185 59.6056 1.6
      vertex 93.35 59.95 0
      vertex 93.35 59.95 1.6
    endloop
  endfacet
  facet normal 0.980788 0.195075 0
    outer loop
      vertex 93.35 59.95 0
      vertex 93.4185 59.6056 1.6
      vertex 93.4185 59.6056 0
    endloop
  endfacet
  facet normal -0.555554 0.83148 0
    outer loop
      vertex 94.8864 59.3136 0
      vertex 94.5944 59.1185 1.6
      vertex 94.8864 59.3136 1.6
    endloop
  endfacet
  facet normal -0.555554 0.83148 0
    outer loop
      vertex 94.5944 59.1185 1.6
      vertex 94.8864 59.3136 0
      vertex 94.5944 59.1185 0
    endloop
  endfacet
  facet normal 0.83148 -0.555554 0
    outer loop
      vertex 93.4185 60.2944 1.6
      vertex 93.6136 60.5864 0
      vertex 93.6136 60.5864 1.6
    endloop
  endfacet
  facet normal 0.83148 -0.555554 0
    outer loop
      vertex 93.6136 60.5864 0
      vertex 93.4185 60.2944 1.6
      vertex 93.4185 60.2944 0
    endloop
  endfacet
  facet normal 0.195075 0.980788 -0
    outer loop
      vertex 94.25 59.05 0
      vertex 93.9056 59.1185 1.6
      vertex 94.25 59.05 1.6
    endloop
  endfacet
  facet normal 0.195075 0.980788 0
    outer loop
      vertex 93.9056 59.1185 1.6
      vertex 94.25 59.05 0
      vertex 93.9056 59.1185 0
    endloop
  endfacet
  facet normal 0.195075 -0.980788 0
    outer loop
      vertex 93.9056 60.7815 0
      vertex 94.25 60.85 1.6
      vertex 93.9056 60.7815 1.6
    endloop
  endfacet
  facet normal 0.195075 -0.980788 0
    outer loop
      vertex 94.25 60.85 1.6
      vertex 93.9056 60.7815 0
      vertex 94.25 60.85 0
    endloop
  endfacet
  facet normal 0.555554 -0.83148 0
    outer loop
      vertex 93.6136 60.5864 0
      vertex 93.9056 60.7815 1.6
      vertex 93.6136 60.5864 1.6
    endloop
  endfacet
  facet normal 0.555554 -0.83148 0
    outer loop
      vertex 93.9056 60.7815 1.6
      vertex 93.6136 60.5864 0
      vertex 93.9056 60.7815 0
    endloop
  endfacet
  facet normal -0.83148 0.555554 0
    outer loop
      vertex 94.8864 59.3136 0
      vertex 95.0815 59.6056 1.6
      vertex 95.0815 59.6056 0
    endloop
  endfacet
  facet normal -0.83148 0.555554 0
    outer loop
      vertex 95.0815 59.6056 1.6
      vertex 94.8864 59.3136 0
      vertex 94.8864 59.3136 1.6
    endloop
  endfacet
  facet normal -0.980788 0.195075 0
    outer loop
      vertex 95.0815 59.6056 0
      vertex 95.15 59.95 1.6
      vertex 95.15 59.95 0
    endloop
  endfacet
  facet normal -0.980788 0.195075 0
    outer loop
      vertex 95.15 59.95 1.6
      vertex 95.0815 59.6056 0
      vertex 95.0815 59.6056 1.6
    endloop
  endfacet
  facet normal 0.83148 0.555554 0
    outer loop
      vertex 93.6136 59.3136 1.6
      vertex 93.4185 59.6056 0
      vertex 93.4185 59.6056 1.6
    endloop
  endfacet
  facet normal 0.83148 0.555554 0
    outer loop
      vertex 93.4185 59.6056 0
      vertex 93.6136 59.3136 1.6
      vertex 93.6136 59.3136 0
    endloop
  endfacet
  facet normal -0.195075 0.980788 0
    outer loop
      vertex 94.5944 59.1185 0
      vertex 94.25 59.05 1.6
      vertex 94.5944 59.1185 1.6
    endloop
  endfacet
  facet normal -0.195075 0.980788 0
    outer loop
      vertex 94.25 59.05 1.6
      vertex 94.5944 59.1185 0
      vertex 94.25 59.05 0
    endloop
  endfacet
  facet normal 0.980788 -0.195075 0
    outer loop
      vertex 93.35 59.95 1.6
      vertex 93.4185 60.2944 0
      vertex 93.4185 60.2944 1.6
    endloop
  endfacet
  facet normal 0.980788 -0.195075 0
    outer loop
      vertex 93.4185 60.2944 0
      vertex 93.35 59.95 1.6
      vertex 93.35 59.95 0
    endloop
  endfacet
  facet normal -0.195075 -0.980788 0
    outer loop
      vertex 94.25 60.85 0
      vertex 94.5944 60.7815 1.6
      vertex 94.25 60.85 1.6
    endloop
  endfacet
  facet normal -0.195075 -0.980788 -0
    outer loop
      vertex 94.5944 60.7815 1.6
      vertex 94.25 60.85 0
      vertex 94.5944 60.7815 0
    endloop
  endfacet
  facet normal 0.555554 0.83148 -0
    outer loop
      vertex 93.9056 59.1185 0
      vertex 93.6136 59.3136 1.6
      vertex 93.9056 59.1185 1.6
    endloop
  endfacet
  facet normal 0.555554 0.83148 0
    outer loop
      vertex 93.6136 59.3136 1.6
      vertex 93.9056 59.1185 0
      vertex 93.6136 59.3136 0
    endloop
  endfacet
  facet normal 0.980788 -0.195075 0
    outer loop
      vertex 89.45 62.2017 1.6
      vertex 89.5185 62.5461 0
      vertex 89.5185 62.5461 1.6
    endloop
  endfacet
  facet normal 0.980788 -0.195075 0
    outer loop
      vertex 89.5185 62.5461 0
      vertex 89.45 62.2017 1.6
      vertex 89.45 62.2017 0
    endloop
  endfacet
  facet normal -0.83148 -0.555554 0
    outer loop
      vertex 91.1815 62.5461 0
      vertex 90.9864 62.8381 1.6
      vertex 90.9864 62.8381 0
    endloop
  endfacet
  facet normal -0.83148 -0.555554 0
    outer loop
      vertex 90.9864 62.8381 1.6
      vertex 91.1815 62.5461 0
      vertex 91.1815 62.5461 1.6
    endloop
  endfacet
  facet normal -0.980788 -0.195075 0
    outer loop
      vertex 91.25 62.2017 0
      vertex 91.1815 62.5461 1.6
      vertex 91.1815 62.5461 0
    endloop
  endfacet
  facet normal -0.980788 -0.195075 0
    outer loop
      vertex 91.1815 62.5461 1.6
      vertex 91.25 62.2017 0
      vertex 91.25 62.2017 1.6
    endloop
  endfacet
  facet normal -0.555554 -0.83148 0
    outer loop
      vertex 90.6944 63.0332 0
      vertex 90.9864 62.8381 1.6
      vertex 90.6944 63.0332 1.6
    endloop
  endfacet
  facet normal -0.555554 -0.83148 -0
    outer loop
      vertex 90.9864 62.8381 1.6
      vertex 90.6944 63.0332 0
      vertex 90.9864 62.8381 0
    endloop
  endfacet
  facet normal -0.83148 0.555554 0
    outer loop
      vertex 90.9864 61.5653 0
      vertex 91.1815 61.8573 1.6
      vertex 91.1815 61.8573 0
    endloop
  endfacet
  facet normal -0.83148 0.555554 0
    outer loop
      vertex 91.1815 61.8573 1.6
      vertex 90.9864 61.5653 0
      vertex 90.9864 61.5653 1.6
    endloop
  endfacet
  facet normal -0.555554 0.83148 0
    outer loop
      vertex 90.9864 61.5653 0
      vertex 90.6944 61.3702 1.6
      vertex 90.9864 61.5653 1.6
    endloop
  endfacet
  facet normal -0.555554 0.83148 0
    outer loop
      vertex 90.6944 61.3702 1.6
      vertex 90.9864 61.5653 0
      vertex 90.6944 61.3702 0
    endloop
  endfacet
  facet normal 0.555554 -0.83148 0
    outer loop
      vertex 89.7136 62.8381 0
      vertex 90.0056 63.0332 1.6
      vertex 89.7136 62.8381 1.6
    endloop
  endfacet
  facet normal 0.555554 -0.83148 0
    outer loop
      vertex 90.0056 63.0332 1.6
      vertex 89.7136 62.8381 0
      vertex 90.0056 63.0332 0
    endloop
  endfacet
  facet normal 0.195075 0.980788 -0
    outer loop
      vertex 90.35 61.3017 0
      vertex 90.0056 61.3702 1.6
      vertex 90.35 61.3017 1.6
    endloop
  endfacet
  facet normal 0.195075 0.980788 0
    outer loop
      vertex 90.0056 61.3702 1.6
      vertex 90.35 61.3017 0
      vertex 90.0056 61.3702 0
    endloop
  endfacet
  facet normal -0.195075 0.980788 0
    outer loop
      vertex 90.6944 61.3702 0
      vertex 90.35 61.3017 1.6
      vertex 90.6944 61.3702 1.6
    endloop
  endfacet
  facet normal -0.195075 0.980788 0
    outer loop
      vertex 90.35 61.3017 1.6
      vertex 90.6944 61.3702 0
      vertex 90.35 61.3017 0
    endloop
  endfacet
  facet normal 0.195075 -0.980788 0
    outer loop
      vertex 90.0056 63.0332 0
      vertex 90.35 63.1017 1.6
      vertex 90.0056 63.0332 1.6
    endloop
  endfacet
  facet normal 0.195075 -0.980788 0
    outer loop
      vertex 90.35 63.1017 1.6
      vertex 90.0056 63.0332 0
      vertex 90.35 63.1017 0
    endloop
  endfacet
  facet normal -0.195075 -0.980788 0
    outer loop
      vertex 90.35 63.1017 0
      vertex 90.6944 63.0332 1.6
      vertex 90.35 63.1017 1.6
    endloop
  endfacet
  facet normal -0.195075 -0.980788 -0
    outer loop
      vertex 90.6944 63.0332 1.6
      vertex 90.35 63.1017 0
      vertex 90.6944 63.0332 0
    endloop
  endfacet
  facet normal -0.980788 0.195075 0
    outer loop
      vertex 91.1815 61.8573 0
      vertex 91.25 62.2017 1.6
      vertex 91.25 62.2017 0
    endloop
  endfacet
  facet normal -0.980788 0.195075 0
    outer loop
      vertex 91.25 62.2017 1.6
      vertex 91.1815 61.8573 0
      vertex 91.1815 61.8573 1.6
    endloop
  endfacet
  facet normal 0.83148 -0.555554 0
    outer loop
      vertex 89.5185 62.5461 1.6
      vertex 89.7136 62.8381 0
      vertex 89.7136 62.8381 1.6
    endloop
  endfacet
  facet normal 0.83148 -0.555554 0
    outer loop
      vertex 89.7136 62.8381 0
      vertex 89.5185 62.5461 1.6
      vertex 89.5185 62.5461 0
    endloop
  endfacet
  facet normal 0.83148 0.555554 0
    outer loop
      vertex 89.7136 61.5653 1.6
      vertex 89.5185 61.8573 0
      vertex 89.5185 61.8573 1.6
    endloop
  endfacet
  facet normal 0.83148 0.555554 0
    outer loop
      vertex 89.5185 61.8573 0
      vertex 89.7136 61.5653 1.6
      vertex 89.7136 61.5653 0
    endloop
  endfacet
  facet normal 0.980788 0.195075 0
    outer loop
      vertex 89.5185 61.8573 1.6
      vertex 89.45 62.2017 0
      vertex 89.45 62.2017 1.6
    endloop
  endfacet
  facet normal 0.980788 0.195075 0
    outer loop
      vertex 89.45 62.2017 0
      vertex 89.5185 61.8573 1.6
      vertex 89.5185 61.8573 0
    endloop
  endfacet
  facet normal 0.555554 0.83148 -0
    outer loop
      vertex 90.0056 61.3702 0
      vertex 89.7136 61.5653 1.6
      vertex 90.0056 61.3702 1.6
    endloop
  endfacet
  facet normal 0.555554 0.83148 0
    outer loop
      vertex 89.7136 61.5653 1.6
      vertex 90.0056 61.3702 0
      vertex 89.7136 61.5653 0
    endloop
  endfacet
  facet normal 0.195075 0.980788 -0
    outer loop
      vertex 91.65 63.5533 0
      vertex 91.3056 63.6218 1.6
      vertex 91.65 63.5533 1.6
    endloop
  endfacet
  facet normal 0.195075 0.980788 0
    outer loop
      vertex 91.3056 63.6218 1.6
      vertex 91.65 63.5533 0
      vertex 91.3056 63.6218 0
    endloop
  endfacet
  facet normal -0.83148 -0.555554 0
    outer loop
      vertex 92.4815 64.7977 0
      vertex 92.2864 65.0897 1.6
      vertex 92.2864 65.0897 0
    endloop
  endfacet
  facet normal -0.83148 -0.555554 0
    outer loop
      vertex 92.2864 65.0897 1.6
      vertex 92.4815 64.7977 0
      vertex 92.4815 64.7977 1.6
    endloop
  endfacet
  facet normal -0.980788 -0.195075 0
    outer loop
      vertex 92.55 64.4533 0
      vertex 92.4815 64.7977 1.6
      vertex 92.4815 64.7977 0
    endloop
  endfacet
  facet normal -0.980788 -0.195075 0
    outer loop
      vertex 92.4815 64.7977 1.6
      vertex 92.55 64.4533 0
      vertex 92.55 64.4533 1.6
    endloop
  endfacet
  facet normal -0.555554 -0.83148 0
    outer loop
      vertex 91.9944 65.2848 0
      vertex 92.2864 65.0897 1.6
      vertex 91.9944 65.2848 1.6
    endloop
  endfacet
  facet normal -0.555554 -0.83148 -0
    outer loop
      vertex 92.2864 65.0897 1.6
      vertex 91.9944 65.2848 0
      vertex 92.2864 65.0897 0
    endloop
  endfacet
  facet normal -0.83148 0.555554 0
    outer loop
      vertex 92.2864 63.8169 0
      vertex 92.4815 64.1089 1.6
      vertex 92.4815 64.1089 0
    endloop
  endfacet
  facet normal -0.83148 0.555554 0
    outer loop
      vertex 92.4815 64.1089 1.6
      vertex 92.2864 63.8169 0
      vertex 92.2864 63.8169 1.6
    endloop
  endfacet
  facet normal -0.555554 0.83148 0
    outer loop
      vertex 92.2864 63.8169 0
      vertex 91.9944 63.6218 1.6
      vertex 92.2864 63.8169 1.6
    endloop
  endfacet
  facet normal -0.555554 0.83148 0
    outer loop
      vertex 91.9944 63.6218 1.6
      vertex 92.2864 63.8169 0
      vertex 91.9944 63.6218 0
    endloop
  endfacet
  facet normal 0.980788 0.195075 0
    outer loop
      vertex 90.8185 64.1089 1.6
      vertex 90.75 64.4533 0
      vertex 90.75 64.4533 1.6
    endloop
  endfacet
  facet normal 0.980788 0.195075 0
    outer loop
      vertex 90.75 64.4533 0
      vertex 90.8185 64.1089 1.6
      vertex 90.8185 64.1089 0
    endloop
  endfacet
  facet normal 0.555554 -0.83148 0
    outer loop
      vertex 91.0136 65.0897 0
      vertex 91.3056 65.2848 1.6
      vertex 91.0136 65.0897 1.6
    endloop
  endfacet
  facet normal 0.555554 -0.83148 0
    outer loop
      vertex 91.3056 65.2848 1.6
      vertex 91.0136 65.0897 0
      vertex 91.3056 65.2848 0
    endloop
  endfacet
  facet normal 0.83148 -0.555554 0
    outer loop
      vertex 90.8185 64.7977 1.6
      vertex 91.0136 65.0897 0
      vertex 91.0136 65.0897 1.6
    endloop
  endfacet
  facet normal 0.83148 -0.555554 0
    outer loop
      vertex 91.0136 65.0897 0
      vertex 90.8185 64.7977 1.6
      vertex 90.8185 64.7977 0
    endloop
  endfacet
  facet normal 0.195075 -0.980788 0
    outer loop
      vertex 91.3056 65.2848 0
      vertex 91.65 65.3533 1.6
      vertex 91.3056 65.2848 1.6
    endloop
  endfacet
  facet normal 0.195075 -0.980788 0
    outer loop
      vertex 91.65 65.3533 1.6
      vertex 91.3056 65.2848 0
      vertex 91.65 65.3533 0
    endloop
  endfacet
  facet normal -0.195075 -0.980788 0
    outer loop
      vertex 91.65 65.3533 0
      vertex 91.9944 65.2848 1.6
      vertex 91.65 65.3533 1.6
    endloop
  endfacet
  facet normal -0.195075 -0.980788 -0
    outer loop
      vertex 91.9944 65.2848 1.6
      vertex 91.65 65.3533 0
      vertex 91.9944 65.2848 0
    endloop
  endfacet
  facet normal -0.980788 0.195075 0
    outer loop
      vertex 92.4815 64.1089 0
      vertex 92.55 64.4533 1.6
      vertex 92.55 64.4533 0
    endloop
  endfacet
  facet normal -0.980788 0.195075 0
    outer loop
      vertex 92.55 64.4533 1.6
      vertex 92.4815 64.1089 0
      vertex 92.4815 64.1089 1.6
    endloop
  endfacet
  facet normal -0.195075 0.980788 0
    outer loop
      vertex 91.9944 63.6218 0
      vertex 91.65 63.5533 1.6
      vertex 91.9944 63.6218 1.6
    endloop
  endfacet
  facet normal -0.195075 0.980788 0
    outer loop
      vertex 91.65 63.5533 1.6
      vertex 91.9944 63.6218 0
      vertex 91.65 63.5533 0
    endloop
  endfacet
  facet normal 0.980788 -0.195075 0
    outer loop
      vertex 90.75 64.4533 1.6
      vertex 90.8185 64.7977 0
      vertex 90.8185 64.7977 1.6
    endloop
  endfacet
  facet normal 0.980788 -0.195075 0
    outer loop
      vertex 90.8185 64.7977 0
      vertex 90.75 64.4533 1.6
      vertex 90.75 64.4533 0
    endloop
  endfacet
  facet normal 0.555554 0.83148 -0
    outer loop
      vertex 91.3056 63.6218 0
      vertex 91.0136 63.8169 1.6
      vertex 91.3056 63.6218 1.6
    endloop
  endfacet
  facet normal 0.555554 0.83148 0
    outer loop
      vertex 91.0136 63.8169 1.6
      vertex 91.3056 63.6218 0
      vertex 91.0136 63.8169 0
    endloop
  endfacet
  facet normal 0.83148 0.555554 0
    outer loop
      vertex 91.0136 63.8169 1.6
      vertex 90.8185 64.1089 0
      vertex 90.8185 64.1089 1.6
    endloop
  endfacet
  facet normal 0.83148 0.555554 0
    outer loop
      vertex 90.8185 64.1089 0
      vertex 91.0136 63.8169 1.6
      vertex 91.0136 63.8169 0
    endloop
  endfacet
  facet normal -0.83148 -0.555554 0
    outer loop
      vertex 88.5815 62.5461 0
      vertex 88.3864 62.8381 1.6
      vertex 88.3864 62.8381 0
    endloop
  endfacet
  facet normal -0.83148 -0.555554 0
    outer loop
      vertex 88.3864 62.8381 1.6
      vertex 88.5815 62.5461 0
      vertex 88.5815 62.5461 1.6
    endloop
  endfacet
  facet normal -0.980788 -0.195075 0
    outer loop
      vertex 88.65 62.2017 0
      vertex 88.5815 62.5461 1.6
      vertex 88.5815 62.5461 0
    endloop
  endfacet
  facet normal -0.980788 -0.195075 0
    outer loop
      vertex 88.5815 62.5461 1.6
      vertex 88.65 62.2017 0
      vertex 88.65 62.2017 1.6
    endloop
  endfacet
  facet normal -0.555554 -0.83148 0
    outer loop
      vertex 88.0944 63.0332 0
      vertex 88.3864 62.8381 1.6
      vertex 88.0944 63.0332 1.6
    endloop
  endfacet
  facet normal -0.555554 -0.83148 -0
    outer loop
      vertex 88.3864 62.8381 1.6
      vertex 88.0944 63.0332 0
      vertex 88.3864 62.8381 0
    endloop
  endfacet
  facet normal 0.980788 0.195075 0
    outer loop
      vertex 86.9185 61.8573 1.6
      vertex 86.85 62.2017 0
      vertex 86.85 62.2017 1.6
    endloop
  endfacet
  facet normal 0.980788 0.195075 0
    outer loop
      vertex 86.85 62.2017 0
      vertex 86.9185 61.8573 1.6
      vertex 86.9185 61.8573 0
    endloop
  endfacet
  facet normal -0.555554 0.83148 0
    outer loop
      vertex 88.3864 61.5653 0
      vertex 88.0944 61.3702 1.6
      vertex 88.3864 61.5653 1.6
    endloop
  endfacet
  facet normal -0.555554 0.83148 0
    outer loop
      vertex 88.0944 61.3702 1.6
      vertex 88.3864 61.5653 0
      vertex 88.0944 61.3702 0
    endloop
  endfacet
  facet normal 0.83148 -0.555554 0
    outer loop
      vertex 86.9185 62.5461 1.6
      vertex 87.1136 62.8381 0
      vertex 87.1136 62.8381 1.6
    endloop
  endfacet
  facet normal 0.83148 -0.555554 0
    outer loop
      vertex 87.1136 62.8381 0
      vertex 86.9185 62.5461 1.6
      vertex 86.9185 62.5461 0
    endloop
  endfacet
  facet normal 0.195075 0.980788 -0
    outer loop
      vertex 87.75 61.3017 0
      vertex 87.4056 61.3702 1.6
      vertex 87.75 61.3017 1.6
    endloop
  endfacet
  facet normal 0.195075 0.980788 0
    outer loop
      vertex 87.4056 61.3702 1.6
      vertex 87.75 61.3017 0
      vertex 87.4056 61.3702 0
    endloop
  endfacet
  facet normal -0.195075 -0.980788 0
    outer loop
      vertex 87.75 63.1017 0
      vertex 88.0944 63.0332 1.6
      vertex 87.75 63.1017 1.6
    endloop
  endfacet
  facet normal -0.195075 -0.980788 -0
    outer loop
      vertex 88.0944 63.0332 1.6
      vertex 87.75 63.1017 0
      vertex 88.0944 63.0332 0
    endloop
  endfacet
  facet normal 0.195075 -0.980788 0
    outer loop
      vertex 87.4056 63.0332 0
      vertex 87.75 63.1017 1.6
      vertex 87.4056 63.0332 1.6
    endloop
  endfacet
  facet normal 0.195075 -0.980788 0
    outer loop
      vertex 87.75 63.1017 1.6
      vertex 87.4056 63.0332 0
      vertex 87.75 63.1017 0
    endloop
  endfacet
  facet normal 0.555554 -0.83148 0
    outer loop
      vertex 87.1136 62.8381 0
      vertex 87.4056 63.0332 1.6
      vertex 87.1136 62.8381 1.6
    endloop
  endfacet
  facet normal 0.555554 -0.83148 0
    outer loop
      vertex 87.4056 63.0332 1.6
      vertex 87.1136 62.8381 0
      vertex 87.4056 63.0332 0
    endloop
  endfacet
  facet normal -0.83148 0.555554 0
    outer loop
      vertex 88.3864 61.5653 0
      vertex 88.5815 61.8573 1.6
      vertex 88.5815 61.8573 0
    endloop
  endfacet
  facet normal -0.83148 0.555554 0
    outer loop
      vertex 88.5815 61.8573 1.6
      vertex 88.3864 61.5653 0
      vertex 88.3864 61.5653 1.6
    endloop
  endfacet
  facet normal -0.980788 0.195075 0
    outer loop
      vertex 88.5815 61.8573 0
      vertex 88.65 62.2017 1.6
      vertex 88.65 62.2017 0
    endloop
  endfacet
  facet normal -0.980788 0.195075 0
    outer loop
      vertex 88.65 62.2017 1.6
      vertex 88.5815 61.8573 0
      vertex 88.5815 61.8573 1.6
    endloop
  endfacet
  facet normal 0.83148 0.555554 0
    outer loop
      vertex 87.1136 61.5653 1.6
      vertex 86.9185 61.8573 0
      vertex 86.9185 61.8573 1.6
    endloop
  endfacet
  facet normal 0.83148 0.555554 0
    outer loop
      vertex 86.9185 61.8573 0
      vertex 87.1136 61.5653 1.6
      vertex 87.1136 61.5653 0
    endloop
  endfacet
  facet normal -0.195075 0.980788 0
    outer loop
      vertex 88.0944 61.3702 0
      vertex 87.75 61.3017 1.6
      vertex 88.0944 61.3702 1.6
    endloop
  endfacet
  facet normal -0.195075 0.980788 0
    outer loop
      vertex 87.75 61.3017 1.6
      vertex 88.0944 61.3702 0
      vertex 87.75 61.3017 0
    endloop
  endfacet
  facet normal 0.980788 -0.195075 0
    outer loop
      vertex 86.85 62.2017 1.6
      vertex 86.9185 62.5461 0
      vertex 86.9185 62.5461 1.6
    endloop
  endfacet
  facet normal 0.980788 -0.195075 0
    outer loop
      vertex 86.9185 62.5461 0
      vertex 86.85 62.2017 1.6
      vertex 86.85 62.2017 0
    endloop
  endfacet
  facet normal 0.555554 0.83148 -0
    outer loop
      vertex 87.4056 61.3702 0
      vertex 87.1136 61.5653 1.6
      vertex 87.4056 61.3702 1.6
    endloop
  endfacet
  facet normal 0.555554 0.83148 0
    outer loop
      vertex 87.1136 61.5653 1.6
      vertex 87.4056 61.3702 0
      vertex 87.1136 61.5653 0
    endloop
  endfacet
  facet normal 0.195075 0.980788 -0
    outer loop
      vertex 86.45 63.5533 0
      vertex 86.1056 63.6218 1.6
      vertex 86.45 63.5533 1.6
    endloop
  endfacet
  facet normal 0.195075 0.980788 0
    outer loop
      vertex 86.1056 63.6218 1.6
      vertex 86.45 63.5533 0
      vertex 86.1056 63.6218 0
    endloop
  endfacet
  facet normal -0.83148 -0.555554 0
    outer loop
      vertex 87.2815 64.7977 0
      vertex 87.0864 65.0897 1.6
      vertex 87.0864 65.0897 0
    endloop
  endfacet
  facet normal -0.83148 -0.555554 0
    outer loop
      vertex 87.0864 65.0897 1.6
      vertex 87.2815 64.7977 0
      vertex 87.2815 64.7977 1.6
    endloop
  endfacet
  facet normal -0.980788 -0.195075 0
    outer loop
      vertex 87.35 64.4533 0
      vertex 87.2815 64.7977 1.6
      vertex 87.2815 64.7977 0
    endloop
  endfacet
  facet normal -0.980788 -0.195075 0
    outer loop
      vertex 87.2815 64.7977 1.6
      vertex 87.35 64.4533 0
      vertex 87.35 64.4533 1.6
    endloop
  endfacet
  facet normal -0.555554 -0.83148 0
    outer loop
      vertex 86.7944 65.2848 0
      vertex 87.0864 65.0897 1.6
      vertex 86.7944 65.2848 1.6
    endloop
  endfacet
  facet normal -0.555554 -0.83148 -0
    outer loop
      vertex 87.0864 65.0897 1.6
      vertex 86.7944 65.2848 0
      vertex 87.0864 65.0897 0
    endloop
  endfacet
  facet normal -0.83148 0.555554 0
    outer loop
      vertex 87.0864 63.8169 0
      vertex 87.2815 64.1089 1.6
      vertex 87.2815 64.1089 0
    endloop
  endfacet
  facet normal -0.83148 0.555554 0
    outer loop
      vertex 87.2815 64.1089 1.6
      vertex 87.0864 63.8169 0
      vertex 87.0864 63.8169 1.6
    endloop
  endfacet
  facet normal -0.555554 0.83148 0
    outer loop
      vertex 87.0864 63.8169 0
      vertex 86.7944 63.6218 1.6
      vertex 87.0864 63.8169 1.6
    endloop
  endfacet
  facet normal -0.555554 0.83148 0
    outer loop
      vertex 86.7944 63.6218 1.6
      vertex 87.0864 63.8169 0
      vertex 86.7944 63.6218 0
    endloop
  endfacet
  facet normal 0.980788 -0.195075 0
    outer loop
      vertex 85.55 64.4533 1.6
      vertex 85.6185 64.7977 0
      vertex 85.6185 64.7977 1.6
    endloop
  endfacet
  facet normal 0.980788 -0.195075 0
    outer loop
      vertex 85.6185 64.7977 0
      vertex 85.55 64.4533 1.6
      vertex 85.55 64.4533 0
    endloop
  endfacet
  facet normal 0.555554 -0.83148 0
    outer loop
      vertex 85.8136 65.0897 0
      vertex 86.1056 65.2848 1.6
      vertex 85.8136 65.0897 1.6
    endloop
  endfacet
  facet normal 0.555554 -0.83148 0
    outer loop
      vertex 86.1056 65.2848 1.6
      vertex 85.8136 65.0897 0
      vertex 86.1056 65.2848 0
    endloop
  endfacet
  facet normal -0.980788 0.195075 0
    outer loop
      vertex 87.2815 64.1089 0
      vertex 87.35 64.4533 1.6
      vertex 87.35 64.4533 0
    endloop
  endfacet
  facet normal -0.980788 0.195075 0
    outer loop
      vertex 87.35 64.4533 1.6
      vertex 87.2815 64.1089 0
      vertex 87.2815 64.1089 1.6
    endloop
  endfacet
  facet normal 0.980788 0.195075 0
    outer loop
      vertex 85.6185 64.1089 1.6
      vertex 85.55 64.4533 0
      vertex 85.55 64.4533 1.6
    endloop
  endfacet
  facet normal 0.980788 0.195075 0
    outer loop
      vertex 85.55 64.4533 0
      vertex 85.6185 64.1089 1.6
      vertex 85.6185 64.1089 0
    endloop
  endfacet
  facet normal 0.195075 -0.980788 0
    outer loop
      vertex 86.1056 65.2848 0
      vertex 86.45 65.3533 1.6
      vertex 86.1056 65.2848 1.6
    endloop
  endfacet
  facet normal 0.195075 -0.980788 0
    outer loop
      vertex 86.45 65.3533 1.6
      vertex 86.1056 65.2848 0
      vertex 86.45 65.3533 0
    endloop
  endfacet
  facet normal -0.195075 -0.980788 0
    outer loop
      vertex 86.45 65.3533 0
      vertex 86.7944 65.2848 1.6
      vertex 86.45 65.3533 1.6
    endloop
  endfacet
  facet normal -0.195075 -0.980788 -0
    outer loop
      vertex 86.7944 65.2848 1.6
      vertex 86.45 65.3533 0
      vertex 86.7944 65.2848 0
    endloop
  endfacet
  facet normal 0.83148 0.555554 0
    outer loop
      vertex 85.8136 63.8169 1.6
      vertex 85.6185 64.1089 0
      vertex 85.6185 64.1089 1.6
    endloop
  endfacet
  facet normal 0.83148 0.555554 0
    outer loop
      vertex 85.6185 64.1089 0
      vertex 85.8136 63.8169 1.6
      vertex 85.8136 63.8169 0
    endloop
  endfacet
  facet normal 0.83148 -0.555554 0
    outer loop
      vertex 85.6185 64.7977 1.6
      vertex 85.8136 65.0897 0
      vertex 85.8136 65.0897 1.6
    endloop
  endfacet
  facet normal 0.83148 -0.555554 0
    outer loop
      vertex 85.8136 65.0897 0
      vertex 85.6185 64.7977 1.6
      vertex 85.6185 64.7977 0
    endloop
  endfacet
  facet normal -0.195075 0.980788 0
    outer loop
      vertex 86.7944 63.6218 0
      vertex 86.45 63.5533 1.6
      vertex 86.7944 63.6218 1.6
    endloop
  endfacet
  facet normal -0.195075 0.980788 0
    outer loop
      vertex 86.45 63.5533 1.6
      vertex 86.7944 63.6218 0
      vertex 86.45 63.5533 0
    endloop
  endfacet
  facet normal 0.555554 0.83148 -0
    outer loop
      vertex 86.1056 63.6218 0
      vertex 85.8136 63.8169 1.6
      vertex 86.1056 63.6218 1.6
    endloop
  endfacet
  facet normal 0.555554 0.83148 0
    outer loop
      vertex 85.8136 63.8169 1.6
      vertex 86.1056 63.6218 0
      vertex 85.8136 63.8169 0
    endloop
  endfacet
  facet normal -0.83148 -0.555554 0
    outer loop
      vertex 87.2815 60.2944 0
      vertex 87.0864 60.5864 1.6
      vertex 87.0864 60.5864 0
    endloop
  endfacet
  facet normal -0.83148 -0.555554 0
    outer loop
      vertex 87.0864 60.5864 1.6
      vertex 87.2815 60.2944 0
      vertex 87.2815 60.2944 1.6
    endloop
  endfacet
  facet normal -0.980788 -0.195075 0
    outer loop
      vertex 87.35 59.95 0
      vertex 87.2815 60.2944 1.6
      vertex 87.2815 60.2944 0
    endloop
  endfacet
  facet normal -0.980788 -0.195075 0
    outer loop
      vertex 87.2815 60.2944 1.6
      vertex 87.35 59.95 0
      vertex 87.35 59.95 1.6
    endloop
  endfacet
  facet normal -0.555554 -0.83148 0
    outer loop
      vertex 86.7944 60.7815 0
      vertex 87.0864 60.5864 1.6
      vertex 86.7944 60.7815 1.6
    endloop
  endfacet
  facet normal -0.555554 -0.83148 -0
    outer loop
      vertex 87.0864 60.5864 1.6
      vertex 86.7944 60.7815 0
      vertex 87.0864 60.5864 0
    endloop
  endfacet
  facet normal 0.980788 0.195075 0
    outer loop
      vertex 85.6185 59.6056 1.6
      vertex 85.55 59.95 0
      vertex 85.55 59.95 1.6
    endloop
  endfacet
  facet normal 0.980788 0.195075 0
    outer loop
      vertex 85.55 59.95 0
      vertex 85.6185 59.6056 1.6
      vertex 85.6185 59.6056 0
    endloop
  endfacet
  facet normal -0.555554 0.83148 0
    outer loop
      vertex 87.0864 59.3136 0
      vertex 86.7944 59.1185 1.6
      vertex 87.0864 59.3136 1.6
    endloop
  endfacet
  facet normal -0.555554 0.83148 0
    outer loop
      vertex 86.7944 59.1185 1.6
      vertex 87.0864 59.3136 0
      vertex 86.7944 59.1185 0
    endloop
  endfacet
  facet normal 0.83148 -0.555554 0
    outer loop
      vertex 85.6185 60.2944 1.6
      vertex 85.8136 60.5864 0
      vertex 85.8136 60.5864 1.6
    endloop
  endfacet
  facet normal 0.83148 -0.555554 0
    outer loop
      vertex 85.8136 60.5864 0
      vertex 85.6185 60.2944 1.6
      vertex 85.6185 60.2944 0
    endloop
  endfacet
  facet normal 0.195075 0.980788 -0
    outer loop
      vertex 86.45 59.05 0
      vertex 86.1056 59.1185 1.6
      vertex 86.45 59.05 1.6
    endloop
  endfacet
  facet normal 0.195075 0.980788 0
    outer loop
      vertex 86.1056 59.1185 1.6
      vertex 86.45 59.05 0
      vertex 86.1056 59.1185 0
    endloop
  endfacet
  facet normal -0.195075 -0.980788 0
    outer loop
      vertex 86.45 60.85 0
      vertex 86.7944 60.7815 1.6
      vertex 86.45 60.85 1.6
    endloop
  endfacet
  facet normal -0.195075 -0.980788 -0
    outer loop
      vertex 86.7944 60.7815 1.6
      vertex 86.45 60.85 0
      vertex 86.7944 60.7815 0
    endloop
  endfacet
  facet normal 0.195075 -0.980788 0
    outer loop
      vertex 86.1056 60.7815 0
      vertex 86.45 60.85 1.6
      vertex 86.1056 60.7815 1.6
    endloop
  endfacet
  facet normal 0.195075 -0.980788 0
    outer loop
      vertex 86.45 60.85 1.6
      vertex 86.1056 60.7815 0
      vertex 86.45 60.85 0
    endloop
  endfacet
  facet normal -0.83148 0.555554 0
    outer loop
      vertex 87.0864 59.3136 0
      vertex 87.2815 59.6056 1.6
      vertex 87.2815 59.6056 0
    endloop
  endfacet
  facet normal -0.83148 0.555554 0
    outer loop
      vertex 87.2815 59.6056 1.6
      vertex 87.0864 59.3136 0
      vertex 87.0864 59.3136 1.6
    endloop
  endfacet
  facet normal -0.980788 0.195075 0
    outer loop
      vertex 87.2815 59.6056 0
      vertex 87.35 59.95 1.6
      vertex 87.35 59.95 0
    endloop
  endfacet
  facet normal -0.980788 0.195075 0
    outer loop
      vertex 87.35 59.95 1.6
      vertex 87.2815 59.6056 0
      vertex 87.2815 59.6056 1.6
    endloop
  endfacet
  facet normal 0.83148 0.555554 0
    outer loop
      vertex 85.8136 59.3136 1.6
      vertex 85.6185 59.6056 0
      vertex 85.6185 59.6056 1.6
    endloop
  endfacet
  facet normal 0.83148 0.555554 0
    outer loop
      vertex 85.6185 59.6056 0
      vertex 85.8136 59.3136 1.6
      vertex 85.8136 59.3136 0
    endloop
  endfacet
  facet normal -0.195075 0.980788 0
    outer loop
      vertex 86.7944 59.1185 0
      vertex 86.45 59.05 1.6
      vertex 86.7944 59.1185 1.6
    endloop
  endfacet
  facet normal -0.195075 0.980788 0
    outer loop
      vertex 86.45 59.05 1.6
      vertex 86.7944 59.1185 0
      vertex 86.45 59.05 0
    endloop
  endfacet
  facet normal 0.980788 -0.195075 0
    outer loop
      vertex 85.55 59.95 1.6
      vertex 85.6185 60.2944 0
      vertex 85.6185 60.2944 1.6
    endloop
  endfacet
  facet normal 0.980788 -0.195075 0
    outer loop
      vertex 85.6185 60.2944 0
      vertex 85.55 59.95 1.6
      vertex 85.55 59.95 0
    endloop
  endfacet
  facet normal 0.555554 -0.83148 0
    outer loop
      vertex 85.8136 60.5864 0
      vertex 86.1056 60.7815 1.6
      vertex 85.8136 60.5864 1.6
    endloop
  endfacet
  facet normal 0.555554 -0.83148 0
    outer loop
      vertex 86.1056 60.7815 1.6
      vertex 85.8136 60.5864 0
      vertex 86.1056 60.7815 0
    endloop
  endfacet
  facet normal 0.555554 0.83148 -0
    outer loop
      vertex 86.1056 59.1185 0
      vertex 85.8136 59.3136 1.6
      vertex 86.1056 59.1185 1.6
    endloop
  endfacet
  facet normal 0.555554 0.83148 0
    outer loop
      vertex 85.8136 59.3136 1.6
      vertex 86.1056 59.1185 0
      vertex 85.8136 59.3136 0
    endloop
  endfacet
  facet normal -0.83148 -0.555554 0
    outer loop
      vertex 84.6815 60.2944 0
      vertex 84.4864 60.5864 1.6
      vertex 84.4864 60.5864 0
    endloop
  endfacet
  facet normal -0.83148 -0.555554 0
    outer loop
      vertex 84.4864 60.5864 1.6
      vertex 84.6815 60.2944 0
      vertex 84.6815 60.2944 1.6
    endloop
  endfacet
  facet normal -0.980788 -0.195075 0
    outer loop
      vertex 84.75 59.95 0
      vertex 84.6815 60.2944 1.6
      vertex 84.6815 60.2944 0
    endloop
  endfacet
  facet normal -0.980788 -0.195075 0
    outer loop
      vertex 84.6815 60.2944 1.6
      vertex 84.75 59.95 0
      vertex 84.75 59.95 1.6
    endloop
  endfacet
  facet normal -0.555554 -0.83148 0
    outer loop
      vertex 84.1944 60.7815 0
      vertex 84.4864 60.5864 1.6
      vertex 84.1944 60.7815 1.6
    endloop
  endfacet
  facet normal -0.555554 -0.83148 -0
    outer loop
      vertex 84.4864 60.5864 1.6
      vertex 84.1944 60.7815 0
      vertex 84.4864 60.5864 0
    endloop
  endfacet
  facet normal -0.83148 0.555554 0
    outer loop
      vertex 84.4864 59.3136 0
      vertex 84.6815 59.6056 1.6
      vertex 84.6815 59.6056 0
    endloop
  endfacet
  facet normal -0.83148 0.555554 0
    outer loop
      vertex 84.6815 59.6056 1.6
      vertex 84.4864 59.3136 0
      vertex 84.4864 59.3136 1.6
    endloop
  endfacet
  facet normal 0.195075 -0.980788 0
    outer loop
      vertex 83.5056 60.7815 0
      vertex 83.85 60.85 1.6
      vertex 83.5056 60.7815 1.6
    endloop
  endfacet
  facet normal 0.195075 -0.980788 0
    outer loop
      vertex 83.85 60.85 1.6
      vertex 83.5056 60.7815 0
      vertex 83.85 60.85 0
    endloop
  endfacet
  facet normal 0.83148 -0.555554 0
    outer loop
      vertex 83.0185 60.2944 1.6
      vertex 83.2136 60.5864 0
      vertex 83.2136 60.5864 1.6
    endloop
  endfacet
  facet normal 0.83148 -0.555554 0
    outer loop
      vertex 83.2136 60.5864 0
      vertex 83.0185 60.2944 1.6
      vertex 83.0185 60.2944 0
    endloop
  endfacet
  facet normal 0.980788 -0.195075 0
    outer loop
      vertex 82.95 59.95 1.6
      vertex 83.0185 60.2944 0
      vertex 83.0185 60.2944 1.6
    endloop
  endfacet
  facet normal 0.980788 -0.195075 0
    outer loop
      vertex 83.0185 60.2944 0
      vertex 82.95 59.95 1.6
      vertex 82.95 59.95 0
    endloop
  endfacet
  facet normal -0.195075 0.980788 0
    outer loop
      vertex 84.1944 59.1185 0
      vertex 83.85 59.05 1.6
      vertex 84.1944 59.1185 1.6
    endloop
  endfacet
  facet normal -0.195075 0.980788 0
    outer loop
      vertex 83.85 59.05 1.6
      vertex 84.1944 59.1185 0
      vertex 83.85 59.05 0
    endloop
  endfacet
  facet normal 0.195075 0.980788 -0
    outer loop
      vertex 83.85 59.05 0
      vertex 83.5056 59.1185 1.6
      vertex 83.85 59.05 1.6
    endloop
  endfacet
  facet normal 0.195075 0.980788 0
    outer loop
      vertex 83.5056 59.1185 1.6
      vertex 83.85 59.05 0
      vertex 83.5056 59.1185 0
    endloop
  endfacet
  facet normal 0.980788 0.195075 0
    outer loop
      vertex 83.0185 59.6056 1.6
      vertex 82.95 59.95 0
      vertex 82.95 59.95 1.6
    endloop
  endfacet
  facet normal 0.980788 0.195075 0
    outer loop
      vertex 82.95 59.95 0
      vertex 83.0185 59.6056 1.6
      vertex 83.0185 59.6056 0
    endloop
  endfacet
  facet normal -0.195075 -0.980788 0
    outer loop
      vertex 83.85 60.85 0
      vertex 84.1944 60.7815 1.6
      vertex 83.85 60.85 1.6
    endloop
  endfacet
  facet normal -0.195075 -0.980788 -0
    outer loop
      vertex 84.1944 60.7815 1.6
      vertex 83.85 60.85 0
      vertex 84.1944 60.7815 0
    endloop
  endfacet
  facet normal -0.980788 0.195075 0
    outer loop
      vertex 84.6815 59.6056 0
      vertex 84.75 59.95 1.6
      vertex 84.75 59.95 0
    endloop
  endfacet
  facet normal -0.980788 0.195075 0
    outer loop
      vertex 84.75 59.95 1.6
      vertex 84.6815 59.6056 0
      vertex 84.6815 59.6056 1.6
    endloop
  endfacet
  facet normal -0.555554 0.83148 0
    outer loop
      vertex 84.4864 59.3136 0
      vertex 84.1944 59.1185 1.6
      vertex 84.4864 59.3136 1.6
    endloop
  endfacet
  facet normal -0.555554 0.83148 0
    outer loop
      vertex 84.1944 59.1185 1.6
      vertex 84.4864 59.3136 0
      vertex 84.1944 59.1185 0
    endloop
  endfacet
  facet normal 0.83148 0.555554 0
    outer loop
      vertex 83.2136 59.3136 1.6
      vertex 83.0185 59.6056 0
      vertex 83.0185 59.6056 1.6
    endloop
  endfacet
  facet normal 0.83148 0.555554 0
    outer loop
      vertex 83.0185 59.6056 0
      vertex 83.2136 59.3136 1.6
      vertex 83.2136 59.3136 0
    endloop
  endfacet
  facet normal 0.555554 -0.83148 0
    outer loop
      vertex 83.2136 60.5864 0
      vertex 83.5056 60.7815 1.6
      vertex 83.2136 60.5864 1.6
    endloop
  endfacet
  facet normal 0.555554 -0.83148 0
    outer loop
      vertex 83.5056 60.7815 1.6
      vertex 83.2136 60.5864 0
      vertex 83.5056 60.7815 0
    endloop
  endfacet
  facet normal 0.555554 0.83148 -0
    outer loop
      vertex 83.5056 59.1185 0
      vertex 83.2136 59.3136 1.6
      vertex 83.5056 59.1185 1.6
    endloop
  endfacet
  facet normal 0.555554 0.83148 0
    outer loop
      vertex 83.2136 59.3136 1.6
      vertex 83.5056 59.1185 0
      vertex 83.2136 59.3136 0
    endloop
  endfacet
  facet normal -0.83148 -0.555554 0
    outer loop
      vertex 88.5815 58.0427 0
      vertex 88.3864 58.3347 1.6
      vertex 88.3864 58.3347 0
    endloop
  endfacet
  facet normal -0.83148 -0.555554 0
    outer loop
      vertex 88.3864 58.3347 1.6
      vertex 88.5815 58.0427 0
      vertex 88.5815 58.0427 1.6
    endloop
  endfacet
  facet normal -0.980788 -0.195075 0
    outer loop
      vertex 88.65 57.6983 0
      vertex 88.5815 58.0427 1.6
      vertex 88.5815 58.0427 0
    endloop
  endfacet
  facet normal -0.980788 -0.195075 0
    outer loop
      vertex 88.5815 58.0427 1.6
      vertex 88.65 57.6983 0
      vertex 88.65 57.6983 1.6
    endloop
  endfacet
  facet normal -0.555554 -0.83148 0
    outer loop
      vertex 88.0944 58.5298 0
      vertex 88.3864 58.3347 1.6
      vertex 88.0944 58.5298 1.6
    endloop
  endfacet
  facet normal -0.555554 -0.83148 -0
    outer loop
      vertex 88.3864 58.3347 1.6
      vertex 88.0944 58.5298 0
      vertex 88.3864 58.3347 0
    endloop
  endfacet
  facet normal 0.980788 0.195075 0
    outer loop
      vertex 86.9185 57.3539 1.6
      vertex 86.85 57.6983 0
      vertex 86.85 57.6983 1.6
    endloop
  endfacet
  facet normal 0.980788 0.195075 0
    outer loop
      vertex 86.85 57.6983 0
      vertex 86.9185 57.3539 1.6
      vertex 86.9185 57.3539 0
    endloop
  endfacet
  facet normal -0.555554 0.83148 0
    outer loop
      vertex 88.3864 57.0619 0
      vertex 88.0944 56.8668 1.6
      vertex 88.3864 57.0619 1.6
    endloop
  endfacet
  facet normal -0.555554 0.83148 0
    outer loop
      vertex 88.0944 56.8668 1.6
      vertex 88.3864 57.0619 0
      vertex 88.0944 56.8668 0
    endloop
  endfacet
  facet normal 0.83148 -0.555554 0
    outer loop
      vertex 86.9185 58.0427 1.6
      vertex 87.1136 58.3347 0
      vertex 87.1136 58.3347 1.6
    endloop
  endfacet
  facet normal 0.83148 -0.555554 0
    outer loop
      vertex 87.1136 58.3347 0
      vertex 86.9185 58.0427 1.6
      vertex 86.9185 58.0427 0
    endloop
  endfacet
  facet normal -0.83148 0.555554 0
    outer loop
      vertex 88.3864 57.0619 0
      vertex 88.5815 57.3539 1.6
      vertex 88.5815 57.3539 0
    endloop
  endfacet
  facet normal -0.83148 0.555554 0
    outer loop
      vertex 88.5815 57.3539 1.6
      vertex 88.3864 57.0619 0
      vertex 88.3864 57.0619 1.6
    endloop
  endfacet
  facet normal 0.195075 0.980788 -0
    outer loop
      vertex 87.75 56.7983 0
      vertex 87.4056 56.8668 1.6
      vertex 87.75 56.7983 1.6
    endloop
  endfacet
  facet normal 0.195075 0.980788 0
    outer loop
      vertex 87.4056 56.8668 1.6
      vertex 87.75 56.7983 0
      vertex 87.4056 56.8668 0
    endloop
  endfacet
  facet normal 0.195075 -0.980788 0
    outer loop
      vertex 87.4056 58.5298 0
      vertex 87.75 58.5983 1.6
      vertex 87.4056 58.5298 1.6
    endloop
  endfacet
  facet normal 0.195075 -0.980788 0
    outer loop
      vertex 87.75 58.5983 1.6
      vertex 87.4056 58.5298 0
      vertex 87.75 58.5983 0
    endloop
  endfacet
  facet normal 0.555554 -0.83148 0
    outer loop
      vertex 87.1136 58.3347 0
      vertex 87.4056 58.5298 1.6
      vertex 87.1136 58.3347 1.6
    endloop
  endfacet
  facet normal 0.555554 -0.83148 0
    outer loop
      vertex 87.4056 58.5298 1.6
      vertex 87.1136 58.3347 0
      vertex 87.4056 58.5298 0
    endloop
  endfacet
  facet normal -0.980788 0.195075 0
    outer loop
      vertex 88.5815 57.3539 0
      vertex 88.65 57.6983 1.6
      vertex 88.65 57.6983 0
    endloop
  endfacet
  facet normal -0.980788 0.195075 0
    outer loop
      vertex 88.65 57.6983 1.6
      vertex 88.5815 57.3539 0
      vertex 88.5815 57.3539 1.6
    endloop
  endfacet
  facet normal 0.83148 0.555554 0
    outer loop
      vertex 87.1136 57.0619 1.6
      vertex 86.9185 57.3539 0
      vertex 86.9185 57.3539 1.6
    endloop
  endfacet
  facet normal 0.83148 0.555554 0
    outer loop
      vertex 86.9185 57.3539 0
      vertex 87.1136 57.0619 1.6
      vertex 87.1136 57.0619 0
    endloop
  endfacet
  facet normal -0.195075 0.980788 0
    outer loop
      vertex 88.0944 56.8668 0
      vertex 87.75 56.7983 1.6
      vertex 88.0944 56.8668 1.6
    endloop
  endfacet
  facet normal -0.195075 0.980788 0
    outer loop
      vertex 87.75 56.7983 1.6
      vertex 88.0944 56.8668 0
      vertex 87.75 56.7983 0
    endloop
  endfacet
  facet normal 0.980788 -0.195075 0
    outer loop
      vertex 86.85 57.6983 1.6
      vertex 86.9185 58.0427 0
      vertex 86.9185 58.0427 1.6
    endloop
  endfacet
  facet normal 0.980788 -0.195075 0
    outer loop
      vertex 86.9185 58.0427 0
      vertex 86.85 57.6983 1.6
      vertex 86.85 57.6983 0
    endloop
  endfacet
  facet normal -0.195075 -0.980788 0
    outer loop
      vertex 87.75 58.5983 0
      vertex 88.0944 58.5298 1.6
      vertex 87.75 58.5983 1.6
    endloop
  endfacet
  facet normal -0.195075 -0.980788 -0
    outer loop
      vertex 88.0944 58.5298 1.6
      vertex 87.75 58.5983 0
      vertex 88.0944 58.5298 0
    endloop
  endfacet
  facet normal 0.555554 0.83148 -0
    outer loop
      vertex 87.4056 56.8668 0
      vertex 87.1136 57.0619 1.6
      vertex 87.4056 56.8668 1.6
    endloop
  endfacet
  facet normal 0.555554 0.83148 0
    outer loop
      vertex 87.1136 57.0619 1.6
      vertex 87.4056 56.8668 0
      vertex 87.1136 57.0619 0
    endloop
  endfacet
  facet normal -0.83148 -0.555554 0
    outer loop
      vertex 87.2815 55.7911 0
      vertex 87.0864 56.0831 1.6
      vertex 87.0864 56.0831 0
    endloop
  endfacet
  facet normal -0.83148 -0.555554 0
    outer loop
      vertex 87.0864 56.0831 1.6
      vertex 87.2815 55.7911 0
      vertex 87.2815 55.7911 1.6
    endloop
  endfacet
  facet normal -0.980788 -0.195075 0
    outer loop
      vertex 87.35 55.4467 0
      vertex 87.2815 55.7911 1.6
      vertex 87.2815 55.7911 0
    endloop
  endfacet
  facet normal -0.980788 -0.195075 0
    outer loop
      vertex 87.2815 55.7911 1.6
      vertex 87.35 55.4467 0
      vertex 87.35 55.4467 1.6
    endloop
  endfacet
  facet normal -0.555554 -0.83148 0
    outer loop
      vertex 86.7944 56.2782 0
      vertex 87.0864 56.0831 1.6
      vertex 86.7944 56.2782 1.6
    endloop
  endfacet
  facet normal -0.555554 -0.83148 -0
    outer loop
      vertex 87.0864 56.0831 1.6
      vertex 86.7944 56.2782 0
      vertex 87.0864 56.0831 0
    endloop
  endfacet
  facet normal 0.980788 0.195075 0
    outer loop
      vertex 85.6185 55.1023 1.6
      vertex 85.55 55.4467 0
      vertex 85.55 55.4467 1.6
    endloop
  endfacet
  facet normal 0.980788 0.195075 0
    outer loop
      vertex 85.55 55.4467 0
      vertex 85.6185 55.1023 1.6
      vertex 85.6185 55.1023 0
    endloop
  endfacet
  facet normal -0.555554 0.83148 0
    outer loop
      vertex 87.0864 54.8103 0
      vertex 86.7944 54.6152 1.6
      vertex 87.0864 54.8103 1.6
    endloop
  endfacet
  facet normal -0.555554 0.83148 0
    outer loop
      vertex 86.7944 54.6152 1.6
      vertex 87.0864 54.8103 0
      vertex 86.7944 54.6152 0
    endloop
  endfacet
  facet normal 0.83148 -0.555554 0
    outer loop
      vertex 85.6185 55.7911 1.6
      vertex 85.8136 56.0831 0
      vertex 85.8136 56.0831 1.6
    endloop
  endfacet
  facet normal 0.83148 -0.555554 0
    outer loop
      vertex 85.8136 56.0831 0
      vertex 85.6185 55.7911 1.6
      vertex 85.6185 55.7911 0
    endloop
  endfacet
  facet normal 0.195075 0.980788 -0
    outer loop
      vertex 86.45 54.5467 0
      vertex 86.1056 54.6152 1.6
      vertex 86.45 54.5467 1.6
    endloop
  endfacet
  facet normal 0.195075 0.980788 0
    outer loop
      vertex 86.1056 54.6152 1.6
      vertex 86.45 54.5467 0
      vertex 86.1056 54.6152 0
    endloop
  endfacet
  facet normal -0.195075 -0.980788 0
    outer loop
      vertex 86.45 56.3467 0
      vertex 86.7944 56.2782 1.6
      vertex 86.45 56.3467 1.6
    endloop
  endfacet
  facet normal -0.195075 -0.980788 -0
    outer loop
      vertex 86.7944 56.2782 1.6
      vertex 86.45 56.3467 0
      vertex 86.7944 56.2782 0
    endloop
  endfacet
  facet normal 0.195075 -0.980788 0
    outer loop
      vertex 86.1056 56.2782 0
      vertex 86.45 56.3467 1.6
      vertex 86.1056 56.2782 1.6
    endloop
  endfacet
  facet normal 0.195075 -0.980788 0
    outer loop
      vertex 86.45 56.3467 1.6
      vertex 86.1056 56.2782 0
      vertex 86.45 56.3467 0
    endloop
  endfacet
  facet normal 0.555554 -0.83148 0
    outer loop
      vertex 85.8136 56.0831 0
      vertex 86.1056 56.2782 1.6
      vertex 85.8136 56.0831 1.6
    endloop
  endfacet
  facet normal 0.555554 -0.83148 0
    outer loop
      vertex 86.1056 56.2782 1.6
      vertex 85.8136 56.0831 0
      vertex 86.1056 56.2782 0
    endloop
  endfacet
  facet normal -0.83148 0.555554 0
    outer loop
      vertex 87.0864 54.8103 0
      vertex 87.2815 55.1023 1.6
      vertex 87.2815 55.1023 0
    endloop
  endfacet
  facet normal -0.83148 0.555554 0
    outer loop
      vertex 87.2815 55.1023 1.6
      vertex 87.0864 54.8103 0
      vertex 87.0864 54.8103 1.6
    endloop
  endfacet
  facet normal -0.980788 0.195075 0
    outer loop
      vertex 87.2815 55.1023 0
      vertex 87.35 55.4467 1.6
      vertex 87.35 55.4467 0
    endloop
  endfacet
  facet normal -0.980788 0.195075 0
    outer loop
      vertex 87.35 55.4467 1.6
      vertex 87.2815 55.1023 0
      vertex 87.2815 55.1023 1.6
    endloop
  endfacet
  facet normal 0.83148 0.555554 0
    outer loop
      vertex 85.8136 54.8103 1.6
      vertex 85.6185 55.1023 0
      vertex 85.6185 55.1023 1.6
    endloop
  endfacet
  facet normal 0.83148 0.555554 0
    outer loop
      vertex 85.6185 55.1023 0
      vertex 85.8136 54.8103 1.6
      vertex 85.8136 54.8103 0
    endloop
  endfacet
  facet normal -0.195075 0.980788 0
    outer loop
      vertex 86.7944 54.6152 0
      vertex 86.45 54.5467 1.6
      vertex 86.7944 54.6152 1.6
    endloop
  endfacet
  facet normal -0.195075 0.980788 0
    outer loop
      vertex 86.45 54.5467 1.6
      vertex 86.7944 54.6152 0
      vertex 86.45 54.5467 0
    endloop
  endfacet
  facet normal 0.980788 -0.195075 0
    outer loop
      vertex 85.55 55.4467 1.6
      vertex 85.6185 55.7911 0
      vertex 85.6185 55.7911 1.6
    endloop
  endfacet
  facet normal 0.980788 -0.195075 0
    outer loop
      vertex 85.6185 55.7911 0
      vertex 85.55 55.4467 1.6
      vertex 85.55 55.4467 0
    endloop
  endfacet
  facet normal 0.555554 0.83148 -0
    outer loop
      vertex 86.1056 54.6152 0
      vertex 85.8136 54.8103 1.6
      vertex 86.1056 54.6152 1.6
    endloop
  endfacet
  facet normal 0.555554 0.83148 0
    outer loop
      vertex 85.8136 54.8103 1.6
      vertex 86.1056 54.6152 0
      vertex 85.8136 54.8103 0
    endloop
  endfacet
  facet normal -0.83148 -0.555554 0
    outer loop
      vertex 91.1815 58.0427 0
      vertex 90.9864 58.3347 1.6
      vertex 90.9864 58.3347 0
    endloop
  endfacet
  facet normal -0.83148 -0.555554 0
    outer loop
      vertex 90.9864 58.3347 1.6
      vertex 91.1815 58.0427 0
      vertex 91.1815 58.0427 1.6
    endloop
  endfacet
  facet normal -0.980788 -0.195075 0
    outer loop
      vertex 91.25 57.6983 0
      vertex 91.1815 58.0427 1.6
      vertex 91.1815 58.0427 0
    endloop
  endfacet
  facet normal -0.980788 -0.195075 0
    outer loop
      vertex 91.1815 58.0427 1.6
      vertex 91.25 57.6983 0
      vertex 91.25 57.6983 1.6
    endloop
  endfacet
  facet normal -0.555554 -0.83148 0
    outer loop
      vertex 90.6944 58.5298 0
      vertex 90.9864 58.3347 1.6
      vertex 90.6944 58.5298 1.6
    endloop
  endfacet
  facet normal -0.555554 -0.83148 -0
    outer loop
      vertex 90.9864 58.3347 1.6
      vertex 90.6944 58.5298 0
      vertex 90.9864 58.3347 0
    endloop
  endfacet
  facet normal -0.83148 0.555554 0
    outer loop
      vertex 90.9864 57.0619 0
      vertex 91.1815 57.3539 1.6
      vertex 91.1815 57.3539 0
    endloop
  endfacet
  facet normal -0.83148 0.555554 0
    outer loop
      vertex 91.1815 57.3539 1.6
      vertex 90.9864 57.0619 0
      vertex 90.9864 57.0619 1.6
    endloop
  endfacet
  facet normal 0.195075 -0.980788 0
    outer loop
      vertex 90.0056 58.5298 0
      vertex 90.35 58.5983 1.6
      vertex 90.0056 58.5298 1.6
    endloop
  endfacet
  facet normal 0.195075 -0.980788 0
    outer loop
      vertex 90.35 58.5983 1.6
      vertex 90.0056 58.5298 0
      vertex 90.35 58.5983 0
    endloop
  endfacet
  facet normal 0.83148 -0.555554 0
    outer loop
      vertex 89.5185 58.0427 1.6
      vertex 89.7136 58.3347 0
      vertex 89.7136 58.3347 1.6
    endloop
  endfacet
  facet normal 0.83148 -0.555554 0
    outer loop
      vertex 89.7136 58.3347 0
      vertex 89.5185 58.0427 1.6
      vertex 89.5185 58.0427 0
    endloop
  endfacet
  facet normal 0.980788 -0.195075 0
    outer loop
      vertex 89.45 57.6983 1.6
      vertex 89.5185 58.0427 0
      vertex 89.5185 58.0427 1.6
    endloop
  endfacet
  facet normal 0.980788 -0.195075 0
    outer loop
      vertex 89.5185 58.0427 0
      vertex 89.45 57.6983 1.6
      vertex 89.45 57.6983 0
    endloop
  endfacet
  facet normal -0.195075 0.980788 0
    outer loop
      vertex 90.6944 56.8668 0
      vertex 90.35 56.7983 1.6
      vertex 90.6944 56.8668 1.6
    endloop
  endfacet
  facet normal -0.195075 0.980788 0
    outer loop
      vertex 90.35 56.7983 1.6
      vertex 90.6944 56.8668 0
      vertex 90.35 56.7983 0
    endloop
  endfacet
  facet normal 0.195075 0.980788 -0
    outer loop
      vertex 90.35 56.7983 0
      vertex 90.0056 56.8668 1.6
      vertex 90.35 56.7983 1.6
    endloop
  endfacet
  facet normal 0.195075 0.980788 0
    outer loop
      vertex 90.0056 56.8668 1.6
      vertex 90.35 56.7983 0
      vertex 90.0056 56.8668 0
    endloop
  endfacet
  facet normal 0.980788 0.195075 0
    outer loop
      vertex 89.5185 57.3539 1.6
      vertex 89.45 57.6983 0
      vertex 89.45 57.6983 1.6
    endloop
  endfacet
  facet normal 0.980788 0.195075 0
    outer loop
      vertex 89.45 57.6983 0
      vertex 89.5185 57.3539 1.6
      vertex 89.5185 57.3539 0
    endloop
  endfacet
  facet normal -0.195075 -0.980788 0
    outer loop
      vertex 90.35 58.5983 0
      vertex 90.6944 58.5298 1.6
      vertex 90.35 58.5983 1.6
    endloop
  endfacet
  facet normal -0.195075 -0.980788 -0
    outer loop
      vertex 90.6944 58.5298 1.6
      vertex 90.35 58.5983 0
      vertex 90.6944 58.5298 0
    endloop
  endfacet
  facet normal -0.980788 0.195075 0
    outer loop
      vertex 91.1815 57.3539 0
      vertex 91.25 57.6983 1.6
      vertex 91.25 57.6983 0
    endloop
  endfacet
  facet normal -0.980788 0.195075 0
    outer loop
      vertex 91.25 57.6983 1.6
      vertex 91.1815 57.3539 0
      vertex 91.1815 57.3539 1.6
    endloop
  endfacet
  facet normal -0.555554 0.83148 0
    outer loop
      vertex 90.9864 57.0619 0
      vertex 90.6944 56.8668 1.6
      vertex 90.9864 57.0619 1.6
    endloop
  endfacet
  facet normal -0.555554 0.83148 0
    outer loop
      vertex 90.6944 56.8668 1.6
      vertex 90.9864 57.0619 0
      vertex 90.6944 56.8668 0
    endloop
  endfacet
  facet normal 0.83148 0.555554 0
    outer loop
      vertex 89.7136 57.0619 1.6
      vertex 89.5185 57.3539 0
      vertex 89.5185 57.3539 1.6
    endloop
  endfacet
  facet normal 0.83148 0.555554 0
    outer loop
      vertex 89.5185 57.3539 0
      vertex 89.7136 57.0619 1.6
      vertex 89.7136 57.0619 0
    endloop
  endfacet
  facet normal 0.555554 -0.83148 0
    outer loop
      vertex 89.7136 58.3347 0
      vertex 90.0056 58.5298 1.6
      vertex 89.7136 58.3347 1.6
    endloop
  endfacet
  facet normal 0.555554 -0.83148 0
    outer loop
      vertex 90.0056 58.5298 1.6
      vertex 89.7136 58.3347 0
      vertex 90.0056 58.5298 0
    endloop
  endfacet
  facet normal 0.555554 0.83148 -0
    outer loop
      vertex 90.0056 56.8668 0
      vertex 89.7136 57.0619 1.6
      vertex 90.0056 56.8668 1.6
    endloop
  endfacet
  facet normal 0.555554 0.83148 0
    outer loop
      vertex 89.7136 57.0619 1.6
      vertex 90.0056 56.8668 0
      vertex 89.7136 57.0619 0
    endloop
  endfacet
  facet normal 0.195075 0.980788 -0
    outer loop
      vertex 91.65 54.5467 0
      vertex 91.3056 54.6152 1.6
      vertex 91.65 54.5467 1.6
    endloop
  endfacet
  facet normal 0.195075 0.980788 0
    outer loop
      vertex 91.3056 54.6152 1.6
      vertex 91.65 54.5467 0
      vertex 91.3056 54.6152 0
    endloop
  endfacet
  facet normal -0.83148 -0.555554 0
    outer loop
      vertex 92.4815 55.7911 0
      vertex 92.2864 56.0831 1.6
      vertex 92.2864 56.0831 0
    endloop
  endfacet
  facet normal -0.83148 -0.555554 0
    outer loop
      vertex 92.2864 56.0831 1.6
      vertex 92.4815 55.7911 0
      vertex 92.4815 55.7911 1.6
    endloop
  endfacet
  facet normal -0.980788 -0.195075 0
    outer loop
      vertex 92.55 55.4467 0
      vertex 92.4815 55.7911 1.6
      vertex 92.4815 55.7911 0
    endloop
  endfacet
  facet normal -0.980788 -0.195075 0
    outer loop
      vertex 92.4815 55.7911 1.6
      vertex 92.55 55.4467 0
      vertex 92.55 55.4467 1.6
    endloop
  endfacet
  facet normal -0.555554 -0.83148 0
    outer loop
      vertex 91.9944 56.2782 0
      vertex 92.2864 56.0831 1.6
      vertex 91.9944 56.2782 1.6
    endloop
  endfacet
  facet normal -0.555554 -0.83148 -0
    outer loop
      vertex 92.2864 56.0831 1.6
      vertex 91.9944 56.2782 0
      vertex 92.2864 56.0831 0
    endloop
  endfacet
  facet normal -0.83148 0.555554 0
    outer loop
      vertex 92.2864 54.8103 0
      vertex 92.4815 55.1023 1.6
      vertex 92.4815 55.1023 0
    endloop
  endfacet
  facet normal -0.83148 0.555554 0
    outer loop
      vertex 92.4815 55.1023 1.6
      vertex 92.2864 54.8103 0
      vertex 92.2864 54.8103 1.6
    endloop
  endfacet
  facet normal -0.555554 0.83148 0
    outer loop
      vertex 92.2864 54.8103 0
      vertex 91.9944 54.6152 1.6
      vertex 92.2864 54.8103 1.6
    endloop
  endfacet
  facet normal -0.555554 0.83148 0
    outer loop
      vertex 91.9944 54.6152 1.6
      vertex 92.2864 54.8103 0
      vertex 91.9944 54.6152 0
    endloop
  endfacet
  facet normal 0.980788 0.195075 0
    outer loop
      vertex 90.8185 55.1023 1.6
      vertex 90.75 55.4467 0
      vertex 90.75 55.4467 1.6
    endloop
  endfacet
  facet normal 0.980788 0.195075 0
    outer loop
      vertex 90.75 55.4467 0
      vertex 90.8185 55.1023 1.6
      vertex 90.8185 55.1023 0
    endloop
  endfacet
  facet normal 0.555554 -0.83148 0
    outer loop
      vertex 91.0136 56.0831 0
      vertex 91.3056 56.2782 1.6
      vertex 91.0136 56.0831 1.6
    endloop
  endfacet
  facet normal 0.555554 -0.83148 0
    outer loop
      vertex 91.3056 56.2782 1.6
      vertex 91.0136 56.0831 0
      vertex 91.3056 56.2782 0
    endloop
  endfacet
  facet normal 0.83148 -0.555554 0
    outer loop
      vertex 90.8185 55.7911 1.6
      vertex 91.0136 56.0831 0
      vertex 91.0136 56.0831 1.6
    endloop
  endfacet
  facet normal 0.83148 -0.555554 0
    outer loop
      vertex 91.0136 56.0831 0
      vertex 90.8185 55.7911 1.6
      vertex 90.8185 55.7911 0
    endloop
  endfacet
  facet normal 0.195075 -0.980788 0
    outer loop
      vertex 91.3056 56.2782 0
      vertex 91.65 56.3467 1.6
      vertex 91.3056 56.2782 1.6
    endloop
  endfacet
  facet normal 0.195075 -0.980788 0
    outer loop
      vertex 91.65 56.3467 1.6
      vertex 91.3056 56.2782 0
      vertex 91.65 56.3467 0
    endloop
  endfacet
  facet normal -0.195075 -0.980788 0
    outer loop
      vertex 91.65 56.3467 0
      vertex 91.9944 56.2782 1.6
      vertex 91.65 56.3467 1.6
    endloop
  endfacet
  facet normal -0.195075 -0.980788 -0
    outer loop
      vertex 91.9944 56.2782 1.6
      vertex 91.65 56.3467 0
      vertex 91.9944 56.2782 0
    endloop
  endfacet
  facet normal -0.980788 0.195075 0
    outer loop
      vertex 92.4815 55.1023 0
      vertex 92.55 55.4467 1.6
      vertex 92.55 55.4467 0
    endloop
  endfacet
  facet normal -0.980788 0.195075 0
    outer loop
      vertex 92.55 55.4467 1.6
      vertex 92.4815 55.1023 0
      vertex 92.4815 55.1023 1.6
    endloop
  endfacet
  facet normal -0.195075 0.980788 0
    outer loop
      vertex 91.9944 54.6152 0
      vertex 91.65 54.5467 1.6
      vertex 91.9944 54.6152 1.6
    endloop
  endfacet
  facet normal -0.195075 0.980788 0
    outer loop
      vertex 91.65 54.5467 1.6
      vertex 91.9944 54.6152 0
      vertex 91.65 54.5467 0
    endloop
  endfacet
  facet normal 0.980788 -0.195075 0
    outer loop
      vertex 90.75 55.4467 1.6
      vertex 90.8185 55.7911 0
      vertex 90.8185 55.7911 1.6
    endloop
  endfacet
  facet normal 0.980788 -0.195075 0
    outer loop
      vertex 90.8185 55.7911 0
      vertex 90.75 55.4467 1.6
      vertex 90.75 55.4467 0
    endloop
  endfacet
  facet normal 0.555554 0.83148 -0
    outer loop
      vertex 91.3056 54.6152 0
      vertex 91.0136 54.8103 1.6
      vertex 91.3056 54.6152 1.6
    endloop
  endfacet
  facet normal 0.555554 0.83148 0
    outer loop
      vertex 91.0136 54.8103 1.6
      vertex 91.3056 54.6152 0
      vertex 91.0136 54.8103 0
    endloop
  endfacet
  facet normal 0.83148 0.555554 0
    outer loop
      vertex 91.0136 54.8103 1.6
      vertex 90.8185 55.1023 0
      vertex 90.8185 55.1023 1.6
    endloop
  endfacet
  facet normal 0.83148 0.555554 0
    outer loop
      vertex 90.8185 55.1023 0
      vertex 91.0136 54.8103 1.6
      vertex 91.0136 54.8103 0
    endloop
  endfacet
  facet normal -0.896897 -0.44224 0
    outer loop
      vertex 49.8072 45.6 0
      vertex 49.7609 45.6939 1.6
      vertex 49.7609 45.6939 0
    endloop
  endfacet
  facet normal -0.896897 -0.44224 0
    outer loop
      vertex 49.7609 45.6939 1.6
      vertex 49.8072 45.6 0
      vertex 49.8072 45.6 1.6
    endloop
  endfacet
  facet normal 0.321388 -0.946948 0
    outer loop
      vertex 102.457 45.2273 0
      vertex 102.556 45.2609 1.6
      vertex 102.457 45.2273 1.6
    endloop
  endfacet
  facet normal 0.321388 -0.946948 0
    outer loop
      vertex 102.556 45.2609 1.6
      vertex 102.457 45.2273 0
      vertex 102.556 45.2609 0
    endloop
  endfacet
  facet normal -0.19483 0.980837 0
    outer loop
      vertex 50.3956 74.6931 0
      vertex 50.2929 74.6727 1.6
      vertex 50.3956 74.6931 1.6
    endloop
  endfacet
  facet normal -0.19483 0.980837 0
    outer loop
      vertex 50.2929 74.6727 1.6
      vertex 50.3956 74.6931 0
      vertex 50.2929 74.6727 0
    endloop
  endfacet
  facet normal -0.321388 0.946948 0
    outer loop
      vertex 50.2929 74.6727 0
      vertex 50.1939 74.6391 1.6
      vertex 50.2929 74.6727 1.6
    endloop
  endfacet
  facet normal -0.321388 0.946948 0
    outer loop
      vertex 50.1939 74.6391 1.6
      vertex 50.2929 74.6727 0
      vertex 50.1939 74.6391 0
    endloop
  endfacet
  facet normal -0.0659481 0.997823 0
    outer loop
      vertex 50.5 74.7 0
      vertex 50.3956 74.6931 1.6
      vertex 50.5 74.7 1.6
    endloop
  endfacet
  facet normal -0.0659481 0.997823 0
    outer loop
      vertex 50.3956 74.6931 1.6
      vertex 50.5 74.7 0
      vertex 50.3956 74.6931 0
    endloop
  endfacet
  facet normal 0.981561 -0.191151 0
    outer loop
      vertex 103.023 45.7929 1.6
      vertex 103.043 45.8956 0
      vertex 103.043 45.8956 1.6
    endloop
  endfacet
  facet normal 0.981561 -0.191151 0
    outer loop
      vertex 103.043 45.8956 0
      vertex 103.023 45.7929 1.6
      vertex 103.023 45.7929 0
    endloop
  endfacet
  facet normal 0.751925 0.659248 0
    outer loop
      vertex 102.885 74.387 1.6
      vertex 102.816 74.4657 0
      vertex 102.816 74.4657 1.6
    endloop
  endfacet
  facet normal 0.751925 0.659248 0
    outer loop
      vertex 102.816 74.4657 0
      vertex 102.885 74.387 1.6
      vertex 102.885 74.387 0
    endloop
  endfacet
  facet normal -0.0659481 -0.997823 0
    outer loop
      vertex 50.3956 45.2069 0
      vertex 50.5 45.2 1.6
      vertex 50.3956 45.2069 1.6
    endloop
  endfacet
  facet normal -0.0659481 -0.997823 -0
    outer loop
      vertex 50.5 45.2 1.6
      vertex 50.3956 45.2069 0
      vertex 50.5 45.2 0
    endloop
  endfacet
  facet normal -0.831609 -0.555362 0
    outer loop
      vertex 49.8653 45.513 0
      vertex 49.8072 45.6 1.6
      vertex 49.8072 45.6 0
    endloop
  endfacet
  facet normal -0.831609 -0.555362 0
    outer loop
      vertex 49.8072 45.6 1.6
      vertex 49.8653 45.513 0
      vertex 49.8653 45.513 1.6
    endloop
  endfacet
  facet normal 0.945778 -0.324813 0
    outer loop
      vertex 102.989 45.6939 1.6
      vertex 103.023 45.7929 0
      vertex 103.023 45.7929 1.6
    endloop
  endfacet
  facet normal 0.945778 -0.324813 0
    outer loop
      vertex 103.023 45.7929 0
      vertex 102.989 45.6939 1.6
      vertex 102.989 45.6939 0
    endloop
  endfacet
  facet normal -0.44224 -0.896897 0
    outer loop
      vertex 50.1 45.3072 0
      vertex 50.1939 45.2609 1.6
      vertex 50.1 45.3072 1.6
    endloop
  endfacet
  facet normal -0.44224 -0.896897 -0
    outer loop
      vertex 50.1939 45.2609 1.6
      vertex 50.1 45.3072 0
      vertex 50.1939 45.2609 0
    endloop
  endfacet
  facet normal -1 0 0
    outer loop
      vertex 49.7 46 0
      vertex 49.7 73.9 1.6
      vertex 49.7 73.9 0
    endloop
  endfacet
  facet normal -1 -0 0
    outer loop
      vertex 49.7 73.9 1.6
      vertex 49.7 46 0
      vertex 49.7 46 1.6
    endloop
  endfacet
  facet normal 0.657829 0.753167 -0
    outer loop
      vertex 102.816 74.4657 0
      vertex 102.737 74.5347 1.6
      vertex 102.816 74.4657 1.6
    endloop
  endfacet
  facet normal 0.657829 0.753167 0
    outer loop
      vertex 102.737 74.5347 1.6
      vertex 102.816 74.4657 0
      vertex 102.737 74.5347 0
    endloop
  endfacet
  facet normal 1 -0 0
    outer loop
      vertex 103.05 46 1.6
      vertex 103.05 73.9 0
      vertex 103.05 73.9 1.6
    endloop
  endfacet
  facet normal 1 0 0
    outer loop
      vertex 103.05 73.9 0
      vertex 103.05 46 1.6
      vertex 103.05 46 0
    endloop
  endfacet
  facet normal -0.751925 0.659248 0
    outer loop
      vertex 49.8653 74.387 0
      vertex 49.9343 74.4657 1.6
      vertex 49.9343 74.4657 0
    endloop
  endfacet
  facet normal -0.751925 0.659248 0
    outer loop
      vertex 49.9343 74.4657 1.6
      vertex 49.8653 74.387 0
      vertex 49.8653 74.387 1.6
    endloop
  endfacet
  facet normal 0 -1 0
    outer loop
      vertex 50.5 45.2 0
      vertex 102.25 45.2 1.6
      vertex 50.5 45.2 1.6
    endloop
  endfacet
  facet normal 0 -1 -0
    outer loop
      vertex 102.25 45.2 1.6
      vertex 50.5 45.2 0
      vertex 102.25 45.2 0
    endloop
  endfacet
  facet normal -0.659248 0.751925 0
    outer loop
      vertex 50.013 74.5347 0
      vertex 49.9343 74.4657 1.6
      vertex 50.013 74.5347 1.6
    endloop
  endfacet
  facet normal -0.659248 0.751925 0
    outer loop
      vertex 49.9343 74.4657 1.6
      vertex 50.013 74.5347 0
      vertex 49.9343 74.4657 0
    endloop
  endfacet
  facet normal -0.44224 0.896897 0
    outer loop
      vertex 50.1939 74.6391 0
      vertex 50.1 74.5928 1.6
      vertex 50.1939 74.6391 1.6
    endloop
  endfacet
  facet normal -0.44224 0.896897 0
    outer loop
      vertex 50.1 74.5928 1.6
      vertex 50.1939 74.6391 0
      vertex 50.1 74.5928 0
    endloop
  endfacet
  facet normal 0.0662006 -0.997806 0
    outer loop
      vertex 102.25 45.2 0
      vertex 102.354 45.2069 1.6
      vertex 102.25 45.2 1.6
    endloop
  endfacet
  facet normal 0.0662006 -0.997806 0
    outer loop
      vertex 102.354 45.2069 1.6
      vertex 102.25 45.2 0
      vertex 102.354 45.2069 0
    endloop
  endfacet
  facet normal 0 1 -0
    outer loop
      vertex 102.25 74.7 0
      vertex 50.5 74.7 1.6
      vertex 102.25 74.7 1.6
    endloop
  endfacet
  facet normal 0 1 0
    outer loop
      vertex 50.5 74.7 1.6
      vertex 102.25 74.7 0
      vertex 50.5 74.7 0
    endloop
  endfacet
  facet normal 0.83205 0.5547 0
    outer loop
      vertex 102.943 74.3 1.6
      vertex 102.885 74.387 0
      vertex 102.885 74.387 1.6
    endloop
  endfacet
  facet normal 0.83205 0.5547 0
    outer loop
      vertex 102.885 74.387 0
      vertex 102.943 74.3 1.6
      vertex 102.943 74.3 0
    endloop
  endfacet
  facet normal 0.99776 -0.0668996 0
    outer loop
      vertex 103.043 45.8956 1.6
      vertex 103.05 46 0
      vertex 103.05 46 1.6
    endloop
  endfacet
  facet normal 0.99776 -0.0668996 0
    outer loop
      vertex 103.05 46 0
      vertex 103.043 45.8956 1.6
      vertex 103.043 45.8956 0
    endloop
  endfacet
  facet normal 0.441861 -0.897083 0
    outer loop
      vertex 102.556 45.2609 0
      vertex 102.65 45.3072 1.6
      vertex 102.556 45.2609 1.6
    endloop
  endfacet
  facet normal 0.441861 -0.897083 0
    outer loop
      vertex 102.65 45.3072 1.6
      vertex 102.556 45.2609 0
      vertex 102.65 45.3072 0
    endloop
  endfacet
  facet normal 0.194284 0.980945 -0
    outer loop
      vertex 102.457 74.6727 0
      vertex 102.354 74.6931 1.6
      vertex 102.457 74.6727 1.6
    endloop
  endfacet
  facet normal 0.194284 0.980945 0
    outer loop
      vertex 102.354 74.6931 1.6
      vertex 102.457 74.6727 0
      vertex 102.354 74.6931 0
    endloop
  endfacet
  facet normal 0.657829 -0.753167 0
    outer loop
      vertex 102.737 45.3653 0
      vertex 102.816 45.4343 1.6
      vertex 102.737 45.3653 1.6
    endloop
  endfacet
  facet normal 0.657829 -0.753167 0
    outer loop
      vertex 102.816 45.4343 1.6
      vertex 102.737 45.3653 0
      vertex 102.816 45.4343 0
    endloop
  endfacet
  facet normal -0.555362 0.831609 0
    outer loop
      vertex 50.1 74.5928 0
      vertex 50.013 74.5347 1.6
      vertex 50.1 74.5928 1.6
    endloop
  endfacet
  facet normal -0.555362 0.831609 0
    outer loop
      vertex 50.013 74.5347 1.6
      vertex 50.1 74.5928 0
      vertex 50.013 74.5347 0
    endloop
  endfacet
  facet normal -0.19483 -0.980837 0
    outer loop
      vertex 50.2929 45.2273 0
      vertex 50.3956 45.2069 1.6
      vertex 50.2929 45.2273 1.6
    endloop
  endfacet
  facet normal -0.19483 -0.980837 -0
    outer loop
      vertex 50.3956 45.2069 1.6
      vertex 50.2929 45.2273 0
      vertex 50.3956 45.2069 0
    endloop
  endfacet
  facet normal 0 0 -1
    outer loop
      vertex 88.0944 63.0332 0
      vertex 87.2815 64.1089 0
      vertex 87.35 64.4533 0
    endloop
  endfacet
  facet normal 0 0 -1
    outer loop
      vertex 86.7944 63.6218 0
      vertex 87.4056 63.0332 0
      vertex 87.1136 62.8381 0
    endloop
  endfacet
  facet normal 0 0 -1
    outer loop
      vertex 87.75 63.1017 0
      vertex 87.0864 63.8169 0
      vertex 87.2815 64.1089 0
    endloop
  endfacet
  facet normal 0 0 -1
    outer loop
      vertex 86.45 63.5533 0
      vertex 87.1136 62.8381 0
      vertex 86.9185 62.5461 0
    endloop
  endfacet
  facet normal 0 0 -1
    outer loop
      vertex 86.1056 63.6218 0
      vertex 86.9185 62.5461 0
      vertex 86.85 62.2017 0
    endloop
  endfacet
  facet normal 0 0 -1
    outer loop
      vertex 87.4056 63.0332 0
      vertex 86.7944 63.6218 0
      vertex 87.0864 63.8169 0
    endloop
  endfacet
  facet normal 0 0 -1
    outer loop
      vertex 86.1056 60.7815 0
      vertex 86.9185 61.8573 0
      vertex 86.45 60.85 0
    endloop
  endfacet
  facet normal -0 0 -1
    outer loop
      vertex 86.9185 61.8573 0
      vertex 86.1056 60.7815 0
      vertex 86.85 62.2017 0
    endloop
  endfacet
  facet normal 0 0 -1
    outer loop
      vertex 87.1136 62.8381 0
      vertex 86.45 63.5533 0
      vertex 86.7944 63.6218 0
    endloop
  endfacet
  facet normal 0 0 -1
    outer loop
      vertex 84.1944 60.7815 0
      vertex 86.85 62.2017 0
      vertex 86.1056 60.7815 0
    endloop
  endfacet
  facet normal 0 0 -1
    outer loop
      vertex 86.9185 62.5461 0
      vertex 86.1056 63.6218 0
      vertex 86.45 63.5533 0
    endloop
  endfacet
  facet normal 0 0 -1
    outer loop
      vertex 84.1944 60.7815 0
      vertex 86.1056 60.7815 0
      vertex 85.8136 60.5864 0
    endloop
  endfacet
  facet normal -0 0 -1
    outer loop
      vertex 86.85 62.2017 0
      vertex 84.1944 60.7815 0
      vertex 86.1056 63.6218 0
    endloop
  endfacet
  facet normal 0 0 -1
    outer loop
      vertex 84.4864 60.5864 0
      vertex 85.8136 60.5864 0
      vertex 85.6185 60.2944 0
    endloop
  endfacet
  facet normal 0 0 -1
    outer loop
      vertex 84.1944 60.7815 0
      vertex 85.8136 60.5864 0
      vertex 84.4864 60.5864 0
    endloop
  endfacet
  facet normal 0 0 -1
    outer loop
      vertex 84.6815 60.2944 0
      vertex 85.6185 60.2944 0
      vertex 85.55 59.95 0
    endloop
  endfacet
  facet normal -0 0 -1
    outer loop
      vertex 86.1056 63.6218 0
      vertex 84.1944 60.7815 0
      vertex 85.8136 63.8169 0
    endloop
  endfacet
  facet normal 0 0 -1
    outer loop
      vertex 87.35 59.95 0
      vertex 90.75 59.95 0
      vertex 88.0944 58.5298 0
    endloop
  endfacet
  facet normal 0 0 -1
    outer loop
      vertex 89.7136 61.5653 0
      vertex 88.5815 61.8573 0
      vertex 88.65 62.2017 0
    endloop
  endfacet
  facet normal 0 0 -1
    outer loop
      vertex 90.75 59.95 0
      vertex 87.35 59.95 0
      vertex 90.0056 61.3702 0
    endloop
  endfacet
  facet normal 0 0 -1
    outer loop
      vertex 89.7136 61.5653 0
      vertex 88.3864 61.5653 0
      vertex 88.5815 61.8573 0
    endloop
  endfacet
  facet normal 0 0 -1
    outer loop
      vertex 90.0056 61.3702 0
      vertex 88.0944 61.3702 0
      vertex 89.7136 61.5653 0
    endloop
  endfacet
  facet normal -0 0 -1
    outer loop
      vertex 89.7136 61.5653 0
      vertex 88.0944 61.3702 0
      vertex 88.3864 61.5653 0
    endloop
  endfacet
  facet normal 0 0 -1
    outer loop
      vertex 87.2815 59.6056 0
      vertex 88.0944 58.5298 0
      vertex 87.75 58.5983 0
    endloop
  endfacet
  facet normal -0 0 -1
    outer loop
      vertex 90.0056 61.3702 0
      vertex 87.35 59.95 0
      vertex 88.0944 61.3702 0
    endloop
  endfacet
  facet normal 0 0 -1
    outer loop
      vertex 87.0864 59.3136 0
      vertex 87.75 58.5983 0
      vertex 87.4056 58.5298 0
    endloop
  endfacet
  facet normal 0 0 -1
    outer loop
      vertex 87.2815 60.2944 0
      vertex 88.0944 61.3702 0
      vertex 87.35 59.95 0
    endloop
  endfacet
  facet normal 0 0 -1
    outer loop
      vertex 88.0944 61.3702 0
      vertex 87.2815 60.2944 0
      vertex 87.75 61.3017 0
    endloop
  endfacet
  facet normal 0 0 -1
    outer loop
      vertex 88.0944 58.5298 0
      vertex 87.2815 59.6056 0
      vertex 87.35 59.95 0
    endloop
  endfacet
  facet normal 0 0 -1
    outer loop
      vertex 86.7944 59.1185 0
      vertex 87.4056 58.5298 0
      vertex 87.1136 58.3347 0
    endloop
  endfacet
  facet normal 0 0 -1
    outer loop
      vertex 87.75 58.5983 0
      vertex 87.0864 59.3136 0
      vertex 87.2815 59.6056 0
    endloop
  endfacet
  facet normal 0 0 -1
    outer loop
      vertex 86.45 59.05 0
      vertex 87.1136 58.3347 0
      vertex 86.9185 58.0427 0
    endloop
  endfacet
  facet normal 0 0 -1
    outer loop
      vertex 86.1056 59.1185 0
      vertex 86.9185 58.0427 0
      vertex 86.85 57.6983 0
    endloop
  endfacet
  facet normal 0 0 -1
    outer loop
      vertex 87.4056 58.5298 0
      vertex 86.7944 59.1185 0
      vertex 87.0864 59.3136 0
    endloop
  endfacet
  facet normal 0 0 -1
    outer loop
      vertex 86.1056 56.2782 0
      vertex 86.9185 57.3539 0
      vertex 86.45 56.3467 0
    endloop
  endfacet
  facet normal -0 0 -1
    outer loop
      vertex 86.9185 57.3539 0
      vertex 86.1056 56.2782 0
      vertex 86.85 57.6983 0
    endloop
  endfacet
  facet normal 0 0 -1
    outer loop
      vertex 87.1136 58.3347 0
      vertex 86.45 59.05 0
      vertex 86.7944 59.1185 0
    endloop
  endfacet
  facet normal 0 0 -1
    outer loop
      vertex 84.1944 59.1185 0
      vertex 86.85 57.6983 0
      vertex 86.1056 56.2782 0
    endloop
  endfacet
  facet normal 0 0 -1
    outer loop
      vertex 86.9185 58.0427 0
      vertex 86.1056 59.1185 0
      vertex 86.45 59.05 0
    endloop
  endfacet
  facet normal 0 0 -1
    outer loop
      vertex 84.1944 59.1185 0
      vertex 86.1056 56.2782 0
      vertex 85.8136 56.0831 0
    endloop
  endfacet
  facet normal 0 0 -1
    outer loop
      vertex 86.85 57.6983 0
      vertex 84.1944 59.1185 0
      vertex 86.1056 59.1185 0
    endloop
  endfacet
  facet normal 0 0 -1
    outer loop
      vertex 83.85 59.05 0
      vertex 85.8136 56.0831 0
      vertex 85.6185 55.7911 0
    endloop
  endfacet
  facet normal 0 0 -1
    outer loop
      vertex 86.1056 59.1185 0
      vertex 84.1944 59.1185 0
      vertex 85.8136 59.3136 0
    endloop
  endfacet
  facet normal 0 0 -1
    outer loop
      vertex 83.5056 59.1185 0
      vertex 85.6185 55.7911 0
      vertex 85.55 55.4467 0
    endloop
  endfacet
  facet normal 0 0 -1
    outer loop
      vertex 85.8136 59.3136 0
      vertex 84.4864 59.3136 0
      vertex 85.6185 59.6056 0
    endloop
  endfacet
  facet normal 0 0 -1
    outer loop
      vertex 87.0864 56.0831 0
      vertex 87.75 56.7983 0
      vertex 87.2815 55.7911 0
    endloop
  endfacet
  facet normal -0 0 -1
    outer loop
      vertex 87.75 56.7983 0
      vertex 87.0864 56.0831 0
      vertex 87.4056 56.8668 0
    endloop
  endfacet
  facet normal 0 0 -1
    outer loop
      vertex 86.7944 56.2782 0
      vertex 87.4056 56.8668 0
      vertex 87.0864 56.0831 0
    endloop
  endfacet
  facet normal -0 0 -1
    outer loop
      vertex 87.4056 56.8668 0
      vertex 86.7944 56.2782 0
      vertex 87.1136 57.0619 0
    endloop
  endfacet
  facet normal 0 0 -1
    outer loop
      vertex 86.45 56.3467 0
      vertex 87.1136 57.0619 0
      vertex 86.7944 56.2782 0
    endloop
  endfacet
  facet normal -0 0 -1
    outer loop
      vertex 87.1136 57.0619 0
      vertex 86.45 56.3467 0
      vertex 86.9185 57.3539 0
    endloop
  endfacet
  facet normal 0 0 -1
    outer loop
      vertex 87.0864 60.5864 0
      vertex 87.75 61.3017 0
      vertex 87.2815 60.2944 0
    endloop
  endfacet
  facet normal -0 0 -1
    outer loop
      vertex 87.75 61.3017 0
      vertex 87.0864 60.5864 0
      vertex 87.4056 61.3702 0
    endloop
  endfacet
  facet normal 0 0 -1
    outer loop
      vertex 86.7944 60.7815 0
      vertex 87.4056 61.3702 0
      vertex 87.0864 60.5864 0
    endloop
  endfacet
  facet normal -0 0 -1
    outer loop
      vertex 87.4056 61.3702 0
      vertex 86.7944 60.7815 0
      vertex 87.1136 61.5653 0
    endloop
  endfacet
  facet normal 0 0 -1
    outer loop
      vertex 86.45 60.85 0
      vertex 87.1136 61.5653 0
      vertex 86.7944 60.7815 0
    endloop
  endfacet
  facet normal -0 0 -1
    outer loop
      vertex 87.1136 61.5653 0
      vertex 86.45 60.85 0
      vertex 86.9185 61.8573 0
    endloop
  endfacet
  facet normal 0 0 -1
    outer loop
      vertex 92.2864 60.5864 0
      vertex 93.6136 60.5864 0
      vertex 92.4815 60.2944 0
    endloop
  endfacet
  facet normal 0 0 -1
    outer loop
      vertex 93.6136 60.5864 0
      vertex 92.4815 64.1089 0
      vertex 92.55 64.4533 0
    endloop
  endfacet
  facet normal 0 0 -1
    outer loop
      vertex 91.9944 60.7815 0
      vertex 93.6136 60.5864 0
      vertex 92.2864 60.5864 0
    endloop
  endfacet
  facet normal 0 0 -1
    outer loop
      vertex 93.6136 60.5864 0
      vertex 92.2864 63.8169 0
      vertex 92.4815 64.1089 0
    endloop
  endfacet
  facet normal 0 0 -1
    outer loop
      vertex 91.9944 63.6218 0
      vertex 93.6136 60.5864 0
      vertex 91.9944 60.7815 0
    endloop
  endfacet
  facet normal 0 0 -1
    outer loop
      vertex 93.6136 60.5864 0
      vertex 91.9944 63.6218 0
      vertex 92.2864 63.8169 0
    endloop
  endfacet
  facet normal 0 0 -1
    outer loop
      vertex 91.1815 61.8573 0
      vertex 91.9944 60.7815 0
      vertex 91.65 60.85 0
    endloop
  endfacet
  facet normal 0 0 -1
    outer loop
      vertex 91.9944 60.7815 0
      vertex 91.25 62.2017 0
      vertex 91.9944 63.6218 0
    endloop
  endfacet
  facet normal 0 0 -1
    outer loop
      vertex 90.9864 61.5653 0
      vertex 91.65 60.85 0
      vertex 91.3056 60.7815 0
    endloop
  endfacet
  facet normal 0 0 -1
    outer loop
      vertex 91.1815 62.5461 0
      vertex 91.9944 63.6218 0
      vertex 91.25 62.2017 0
    endloop
  endfacet
  facet normal 0 0 -1
    outer loop
      vertex 91.9944 63.6218 0
      vertex 91.1815 62.5461 0
      vertex 91.65 63.5533 0
    endloop
  endfacet
  facet normal 0 0 -1
    outer loop
      vertex 91.9944 60.7815 0
      vertex 91.1815 61.8573 0
      vertex 91.25 62.2017 0
    endloop
  endfacet
  facet normal 0 0 -1
    outer loop
      vertex 90.6944 61.3702 0
      vertex 91.3056 60.7815 0
      vertex 91.0136 60.5864 0
    endloop
  endfacet
  facet normal 0 0 -1
    outer loop
      vertex 91.65 60.85 0
      vertex 90.9864 61.5653 0
      vertex 91.1815 61.8573 0
    endloop
  endfacet
  facet normal 0 0 -1
    outer loop
      vertex 90.35 61.3017 0
      vertex 91.0136 60.5864 0
      vertex 90.8185 60.2944 0
    endloop
  endfacet
  facet normal 0 0 -1
    outer loop
      vertex 90.0056 61.3702 0
      vertex 90.8185 60.2944 0
      vertex 90.75 59.95 0
    endloop
  endfacet
  facet normal 0 0 -1
    outer loop
      vertex 91.3056 60.7815 0
      vertex 90.6944 61.3702 0
      vertex 90.9864 61.5653 0
    endloop
  endfacet
  facet normal 0 0 -1
    outer loop
      vertex 90.0056 58.5298 0
      vertex 90.8185 59.6056 0
      vertex 90.35 58.5983 0
    endloop
  endfacet
  facet normal -0 0 -1
    outer loop
      vertex 90.8185 59.6056 0
      vertex 90.0056 58.5298 0
      vertex 90.75 59.95 0
    endloop
  endfacet
  facet normal 0 0 -1
    outer loop
      vertex 91.0136 60.5864 0
      vertex 90.35 61.3017 0
      vertex 90.6944 61.3702 0
    endloop
  endfacet
  facet normal 0 0 -1
    outer loop
      vertex 88.0944 58.5298 0
      vertex 90.75 59.95 0
      vertex 90.0056 58.5298 0
    endloop
  endfacet
  facet normal 0 0 -1
    outer loop
      vertex 90.8185 60.2944 0
      vertex 90.0056 61.3702 0
      vertex 90.35 61.3017 0
    endloop
  endfacet
  facet normal 0 0 -1
    outer loop
      vertex 88.3864 58.3347 0
      vertex 90.0056 58.5298 0
      vertex 89.7136 58.3347 0
    endloop
  endfacet
  facet normal 0 0 -1
    outer loop
      vertex 88.0944 58.5298 0
      vertex 90.0056 58.5298 0
      vertex 88.3864 58.3347 0
    endloop
  endfacet
  facet normal 0 0 -1
    outer loop
      vertex 88.5815 58.0427 0
      vertex 89.5185 58.0427 0
      vertex 88.65 57.6983 0
    endloop
  endfacet
  facet normal 0 0 -1
    outer loop
      vertex 89.5185 58.0427 0
      vertex 88.5815 58.0427 0
      vertex 89.7136 58.3347 0
    endloop
  endfacet
  facet normal 0 0 -1
    outer loop
      vertex 88.65 57.6983 0
      vertex 89.5185 58.0427 0
      vertex 89.45 57.6983 0
    endloop
  endfacet
  facet normal 0 0 -1
    outer loop
      vertex 88.3864 58.3347 0
      vertex 89.7136 58.3347 0
      vertex 88.5815 58.0427 0
    endloop
  endfacet
  facet normal 0 0 -1
    outer loop
      vertex 91.9944 56.2782 0
      vertex 93.9056 59.1185 0
      vertex 92.2864 56.0831 0
    endloop
  endfacet
  facet normal 0 0 -1
    outer loop
      vertex 93.6136 59.3136 0
      vertex 92.4815 59.6056 0
      vertex 92.55 59.95 0
    endloop
  endfacet
  facet normal 0 0 -1
    outer loop
      vertex 91.25 57.6983 0
      vertex 93.9056 59.1185 0
      vertex 91.9944 56.2782 0
    endloop
  endfacet
  facet normal 0 0 -1
    outer loop
      vertex 93.6136 59.3136 0
      vertex 92.2864 59.3136 0
      vertex 92.4815 59.6056 0
    endloop
  endfacet
  facet normal 0 0 -1
    outer loop
      vertex 93.9056 59.1185 0
      vertex 91.9944 59.1185 0
      vertex 93.6136 59.3136 0
    endloop
  endfacet
  facet normal -0 0 -1
    outer loop
      vertex 93.6136 59.3136 0
      vertex 91.9944 59.1185 0
      vertex 92.2864 59.3136 0
    endloop
  endfacet
  facet normal 0 0 -1
    outer loop
      vertex 91.1815 57.3539 0
      vertex 91.9944 56.2782 0
      vertex 91.65 56.3467 0
    endloop
  endfacet
  facet normal -0 0 -1
    outer loop
      vertex 93.9056 59.1185 0
      vertex 91.25 57.6983 0
      vertex 91.9944 59.1185 0
    endloop
  endfacet
  facet normal 0 0 -1
    outer loop
      vertex 90.9864 57.0619 0
      vertex 91.65 56.3467 0
      vertex 91.3056 56.2782 0
    endloop
  endfacet
  facet normal 0 0 -1
    outer loop
      vertex 91.1815 58.0427 0
      vertex 91.9944 59.1185 0
      vertex 91.25 57.6983 0
    endloop
  endfacet
  facet normal 0 0 -1
    outer loop
      vertex 91.9944 59.1185 0
      vertex 91.1815 58.0427 0
      vertex 91.65 59.05 0
    endloop
  endfacet
  facet normal 0 0 -1
    outer loop
      vertex 91.9944 56.2782 0
      vertex 91.1815 57.3539 0
      vertex 91.25 57.6983 0
    endloop
  endfacet
  facet normal 0 0 -1
    outer loop
      vertex 90.6944 56.8668 0
      vertex 91.3056 56.2782 0
      vertex 91.0136 56.0831 0
    endloop
  endfacet
  facet normal 0 0 -1
    outer loop
      vertex 91.65 56.3467 0
      vertex 90.9864 57.0619 0
      vertex 91.1815 57.3539 0
    endloop
  endfacet
  facet normal 0 0 -1
    outer loop
      vertex 90.35 56.7983 0
      vertex 91.0136 56.0831 0
      vertex 90.8185 55.7911 0
    endloop
  endfacet
  facet normal 0 0 -1
    outer loop
      vertex 90.0056 56.8668 0
      vertex 90.8185 55.7911 0
      vertex 90.75 55.4467 0
    endloop
  endfacet
  facet normal 0 0 -1
    outer loop
      vertex 91.3056 56.2782 0
      vertex 90.6944 56.8668 0
      vertex 90.9864 57.0619 0
    endloop
  endfacet
  facet normal 0 0 -1
    outer loop
      vertex 102.25 45.2 0
      vertex 103.05 46 0
      vertex 103.043 45.8956 0
    endloop
  endfacet
  facet normal 0 0 -1
    outer loop
      vertex 103.05 46 0
      vertex 95.15 59.95 0
      vertex 103.05 73.9 0
    endloop
  endfacet
  facet normal 0 0 -1
    outer loop
      vertex 102.25 45.2 0
      vertex 103.043 45.8956 0
      vertex 103.023 45.7929 0
    endloop
  endfacet
  facet normal 0 0 -1
    outer loop
      vertex 95.0815 60.2944 0
      vertex 103.05 73.9 0
      vertex 95.15 59.95 0
    endloop
  endfacet
  facet normal 0 0 -1
    outer loop
      vertex 102.25 45.2 0
      vertex 103.023 45.7929 0
      vertex 102.989 45.6939 0
    endloop
  endfacet
  facet normal 0 0 -1
    outer loop
      vertex 94.8864 60.5864 0
      vertex 103.05 73.9 0
      vertex 95.0815 60.2944 0
    endloop
  endfacet
  facet normal 0 0 -1
    outer loop
      vertex 102.25 45.2 0
      vertex 102.989 45.6939 0
      vertex 102.943 45.6 0
    endloop
  endfacet
  facet normal 0 0 -1
    outer loop
      vertex 92.4815 64.7977 0
      vertex 103.05 73.9 0
      vertex 94.8864 60.5864 0
    endloop
  endfacet
  facet normal 0 0 -1
    outer loop
      vertex 102.25 45.2 0
      vertex 102.943 45.6 0
      vertex 102.885 45.513 0
    endloop
  endfacet
  facet normal 0 0 -1
    outer loop
      vertex 92.2864 65.0897 0
      vertex 103.05 73.9 0
      vertex 92.4815 64.7977 0
    endloop
  endfacet
  facet normal 0 0 -1
    outer loop
      vertex 102.25 45.2 0
      vertex 102.885 45.513 0
      vertex 102.816 45.4343 0
    endloop
  endfacet
  facet normal 0 -0 -1
    outer loop
      vertex 102.25 74.7 0
      vertex 103.05 73.9 0
      vertex 92.2864 65.0897 0
    endloop
  endfacet
  facet normal 0 0 -1
    outer loop
      vertex 102.25 45.2 0
      vertex 102.816 45.4343 0
      vertex 102.737 45.3653 0
    endloop
  endfacet
  facet normal 0 0 -1
    outer loop
      vertex 103.043 74.0044 0
      vertex 102.25 74.7 0
      vertex 103.023 74.1071 0
    endloop
  endfacet
  facet normal 0 0 -1
    outer loop
      vertex 102.25 45.2 0
      vertex 102.737 45.3653 0
      vertex 102.65 45.3072 0
    endloop
  endfacet
  facet normal 0 0 -1
    outer loop
      vertex 103.023 74.1071 0
      vertex 102.25 74.7 0
      vertex 102.989 74.2061 0
    endloop
  endfacet
  facet normal 0 0 -1
    outer loop
      vertex 102.25 45.2 0
      vertex 102.65 45.3072 0
      vertex 102.556 45.2609 0
    endloop
  endfacet
  facet normal 0 0 -1
    outer loop
      vertex 102.989 74.2061 0
      vertex 102.25 74.7 0
      vertex 102.943 74.3 0
    endloop
  endfacet
  facet normal 0 0 -1
    outer loop
      vertex 102.25 45.2 0
      vertex 102.556 45.2609 0
      vertex 102.457 45.2273 0
    endloop
  endfacet
  facet normal 0 0 -1
    outer loop
      vertex 102.943 74.3 0
      vertex 102.25 74.7 0
      vertex 102.885 74.387 0
    endloop
  endfacet
  facet normal 0 0 -1
    outer loop
      vertex 102.25 45.2 0
      vertex 102.457 45.2273 0
      vertex 102.354 45.2069 0
    endloop
  endfacet
  facet normal 0 0 -1
    outer loop
      vertex 102.885 74.387 0
      vertex 102.25 74.7 0
      vertex 102.816 74.4657 0
    endloop
  endfacet
  facet normal -0 0 -1
    outer loop
      vertex 103.05 46 0
      vertex 102.25 45.2 0
      vertex 92.2864 54.8103 0
    endloop
  endfacet
  facet normal 0 0 -1
    outer loop
      vertex 102.816 74.4657 0
      vertex 102.25 74.7 0
      vertex 102.737 74.5347 0
    endloop
  endfacet
  facet normal 0 0 -1
    outer loop
      vertex 102.65 74.5928 0
      vertex 102.25 74.7 0
      vertex 102.556 74.6391 0
    endloop
  endfacet
  facet normal 0 0 -1
    outer loop
      vertex 103.05 46 0
      vertex 95.0815 59.6056 0
      vertex 95.15 59.95 0
    endloop
  endfacet
  facet normal 0 0 -1
    outer loop
      vertex 103.05 46 0
      vertex 94.8864 59.3136 0
      vertex 95.0815 59.6056 0
    endloop
  endfacet
  facet normal 0 0 -1
    outer loop
      vertex 103.05 46 0
      vertex 92.4815 55.1023 0
      vertex 94.8864 59.3136 0
    endloop
  endfacet
  facet normal 0 -0 -1
    outer loop
      vertex 92.55 55.4467 0
      vertex 94.8864 59.3136 0
      vertex 92.4815 55.1023 0
    endloop
  endfacet
  facet normal 0 0 -1
    outer loop
      vertex 92.4815 55.7911 0
      vertex 94.5944 59.1185 0
      vertex 92.55 55.4467 0
    endloop
  endfacet
  facet normal 0 0 -1
    outer loop
      vertex 94.5944 59.1185 0
      vertex 92.4815 55.7911 0
      vertex 94.25 59.05 0
    endloop
  endfacet
  facet normal 0 0 -1
    outer loop
      vertex 92.2864 56.0831 0
      vertex 94.25 59.05 0
      vertex 92.4815 55.7911 0
    endloop
  endfacet
  facet normal 0 0 -1
    outer loop
      vertex 93.6136 59.3136 0
      vertex 92.55 59.95 0
      vertex 93.4185 59.6056 0
    endloop
  endfacet
  facet normal -0 0 -1
    outer loop
      vertex 94.25 59.05 0
      vertex 92.2864 56.0831 0
      vertex 93.9056 59.1185 0
    endloop
  endfacet
  facet normal 0 0 -1
    outer loop
      vertex 94.8864 59.3136 0
      vertex 92.55 55.4467 0
      vertex 94.5944 59.1185 0
    endloop
  endfacet
  facet normal 0 0 -1
    outer loop
      vertex 103.05 46 0
      vertex 92.2864 54.8103 0
      vertex 92.4815 55.1023 0
    endloop
  endfacet
  facet normal 0 0 -1
    outer loop
      vertex 102.25 45.2 0
      vertex 91.9944 54.6152 0
      vertex 92.2864 54.8103 0
    endloop
  endfacet
  facet normal 0 0 -1
    outer loop
      vertex 102.25 45.2 0
      vertex 91.65 54.5467 0
      vertex 91.9944 54.6152 0
    endloop
  endfacet
  facet normal 0 0 -1
    outer loop
      vertex 86.45 54.5467 0
      vertex 91.65 54.5467 0
      vertex 102.25 45.2 0
    endloop
  endfacet
  facet normal 0 0 -1
    outer loop
      vertex 91.65 54.5467 0
      vertex 86.45 54.5467 0
      vertex 91.3056 54.6152 0
    endloop
  endfacet
  facet normal 0 0 -1
    outer loop
      vertex 91.0136 56.0831 0
      vertex 90.35 56.7983 0
      vertex 90.6944 56.8668 0
    endloop
  endfacet
  facet normal 0 0 -1
    outer loop
      vertex 87.35 55.4467 0
      vertex 90.75 55.4467 0
      vertex 90.8185 55.1023 0
    endloop
  endfacet
  facet normal 0 0 -1
    outer loop
      vertex 90.8185 55.7911 0
      vertex 90.0056 56.8668 0
      vertex 90.35 56.7983 0
    endloop
  endfacet
  facet normal 0 0 -1
    outer loop
      vertex 90.75 55.4467 0
      vertex 87.35 55.4467 0
      vertex 90.0056 56.8668 0
    endloop
  endfacet
  facet normal 0 0 -1
    outer loop
      vertex 90.0056 56.8668 0
      vertex 88.0944 56.8668 0
      vertex 89.7136 57.0619 0
    endloop
  endfacet
  facet normal 0 0 -1
    outer loop
      vertex 89.7136 61.5653 0
      vertex 88.65 62.2017 0
      vertex 89.5185 61.8573 0
    endloop
  endfacet
  facet normal 0 0 -1
    outer loop
      vertex 89.5185 57.3539 0
      vertex 88.65 57.6983 0
      vertex 89.45 57.6983 0
    endloop
  endfacet
  facet normal 0 0 -1
    outer loop
      vertex 89.7136 57.0619 0
      vertex 88.3864 57.0619 0
      vertex 89.5185 57.3539 0
    endloop
  endfacet
  facet normal 0 0 -1
    outer loop
      vertex 87.2815 55.1023 0
      vertex 90.8185 55.1023 0
      vertex 91.0136 54.8103 0
    endloop
  endfacet
  facet normal 0 0 -1
    outer loop
      vertex 89.5185 57.3539 0
      vertex 88.5815 57.3539 0
      vertex 88.65 57.6983 0
    endloop
  endfacet
  facet normal -0 0 -1
    outer loop
      vertex 89.5185 57.3539 0
      vertex 88.3864 57.0619 0
      vertex 88.5815 57.3539 0
    endloop
  endfacet
  facet normal -0 0 -1
    outer loop
      vertex 89.7136 57.0619 0
      vertex 88.0944 56.8668 0
      vertex 88.3864 57.0619 0
    endloop
  endfacet
  facet normal 0 0 -1
    outer loop
      vertex 91.3056 54.6152 0
      vertex 86.7944 54.6152 0
      vertex 91.0136 54.8103 0
    endloop
  endfacet
  facet normal 0 0 -1
    outer loop
      vertex 90.8185 55.1023 0
      vertex 87.2815 55.1023 0
      vertex 87.35 55.4467 0
    endloop
  endfacet
  facet normal 0 0 -1
    outer loop
      vertex 87.2815 55.7911 0
      vertex 88.0944 56.8668 0
      vertex 87.35 55.4467 0
    endloop
  endfacet
  facet normal 0 0 -1
    outer loop
      vertex 88.0944 56.8668 0
      vertex 87.2815 55.7911 0
      vertex 87.75 56.7983 0
    endloop
  endfacet
  facet normal -0 0 -1
    outer loop
      vertex 90.0056 56.8668 0
      vertex 87.35 55.4467 0
      vertex 88.0944 56.8668 0
    endloop
  endfacet
  facet normal 0 0 -1
    outer loop
      vertex 91.0136 54.8103 0
      vertex 87.0864 54.8103 0
      vertex 87.2815 55.1023 0
    endloop
  endfacet
  facet normal -0 0 -1
    outer loop
      vertex 91.0136 54.8103 0
      vertex 86.7944 54.6152 0
      vertex 87.0864 54.8103 0
    endloop
  endfacet
  facet normal -0 0 -1
    outer loop
      vertex 91.3056 54.6152 0
      vertex 86.45 54.5467 0
      vertex 86.7944 54.6152 0
    endloop
  endfacet
  facet normal 0 0 -1
    outer loop
      vertex 102.25 45.2 0
      vertex 86.1056 54.6152 0
      vertex 86.45 54.5467 0
    endloop
  endfacet
  facet normal 0 -0 -1
    outer loop
      vertex 84.6815 59.6056 0
      vertex 85.6185 59.6056 0
      vertex 84.4864 59.3136 0
    endloop
  endfacet
  facet normal 0 0 -1
    outer loop
      vertex 84.6815 60.2944 0
      vertex 85.55 59.95 0
      vertex 84.75 59.95 0
    endloop
  endfacet
  facet normal -0 0 -1
    outer loop
      vertex 85.55 59.95 0
      vertex 84.6815 59.6056 0
      vertex 84.75 59.95 0
    endloop
  endfacet
  facet normal 0 0 -1
    outer loop
      vertex 83.2136 59.3136 0
      vertex 85.55 55.4467 0
      vertex 85.6185 55.1023 0
    endloop
  endfacet
  facet normal 0 0 -1
    outer loop
      vertex 85.6185 59.6056 0
      vertex 84.6815 59.6056 0
      vertex 85.55 59.95 0
    endloop
  endfacet
  facet normal -0 0 -1
    outer loop
      vertex 85.8136 59.3136 0
      vertex 84.1944 59.1185 0
      vertex 84.4864 59.3136 0
    endloop
  endfacet
  facet normal 0 0 -1
    outer loop
      vertex 85.8136 56.0831 0
      vertex 83.85 59.05 0
      vertex 84.1944 59.1185 0
    endloop
  endfacet
  facet normal 0 0 -1
    outer loop
      vertex 85.6185 55.7911 0
      vertex 83.5056 59.1185 0
      vertex 83.85 59.05 0
    endloop
  endfacet
  facet normal 0 0 -1
    outer loop
      vertex 85.55 55.4467 0
      vertex 83.2136 59.3136 0
      vertex 83.5056 59.1185 0
    endloop
  endfacet
  facet normal 0 0 -1
    outer loop
      vertex 50.5 45.2 0
      vertex 83.2136 59.3136 0
      vertex 85.6185 55.1023 0
    endloop
  endfacet
  facet normal -0 0 -1
    outer loop
      vertex 83.0185 59.6056 0
      vertex 50.5 45.2 0
      vertex 82.95 59.95 0
    endloop
  endfacet
  facet normal -0 0 -1
    outer loop
      vertex 83.2136 59.3136 0
      vertex 50.5 45.2 0
      vertex 83.0185 59.6056 0
    endloop
  endfacet
  facet normal -0 0 -1
    outer loop
      vertex 85.8136 54.8103 0
      vertex 50.5 45.2 0
      vertex 85.6185 55.1023 0
    endloop
  endfacet
  facet normal -0 0 -1
    outer loop
      vertex 86.1056 54.6152 0
      vertex 50.5 45.2 0
      vertex 85.8136 54.8103 0
    endloop
  endfacet
  facet normal 0 0 -1
    outer loop
      vertex 50.5 45.2 0
      vertex 86.1056 54.6152 0
      vertex 102.25 45.2 0
    endloop
  endfacet
  facet normal 0 0 -1
    outer loop
      vertex 102.556 74.6391 0
      vertex 102.25 74.7 0
      vertex 102.457 74.6727 0
    endloop
  endfacet
  facet normal 0 0 -1
    outer loop
      vertex 102.457 74.6727 0
      vertex 102.25 74.7 0
      vertex 102.354 74.6931 0
    endloop
  endfacet
  facet normal 0 0 -1
    outer loop
      vertex 92.55 64.4533 0
      vertex 94.8864 60.5864 0
      vertex 94.5944 60.7815 0
    endloop
  endfacet
  facet normal 0 0 -1
    outer loop
      vertex 92.55 64.4533 0
      vertex 94.5944 60.7815 0
      vertex 94.25 60.85 0
    endloop
  endfacet
  facet normal 0 0 -1
    outer loop
      vertex 92.55 64.4533 0
      vertex 94.25 60.85 0
      vertex 93.9056 60.7815 0
    endloop
  endfacet
  facet normal 0 0 -1
    outer loop
      vertex 92.55 64.4533 0
      vertex 93.9056 60.7815 0
      vertex 93.6136 60.5864 0
    endloop
  endfacet
  facet normal 0 0 -1
    outer loop
      vertex 92.4815 60.2944 0
      vertex 93.4185 60.2944 0
      vertex 92.55 59.95 0
    endloop
  endfacet
  facet normal 0 0 -1
    outer loop
      vertex 93.4185 59.6056 0
      vertex 92.55 59.95 0
      vertex 93.35 59.95 0
    endloop
  endfacet
  facet normal 0 0 -1
    outer loop
      vertex 92.55 59.95 0
      vertex 93.4185 60.2944 0
      vertex 93.35 59.95 0
    endloop
  endfacet
  facet normal 0 0 -1
    outer loop
      vertex 93.4185 60.2944 0
      vertex 92.4815 60.2944 0
      vertex 93.6136 60.5864 0
    endloop
  endfacet
  facet normal 0 0 -1
    outer loop
      vertex 94.8864 60.5864 0
      vertex 92.55 64.4533 0
      vertex 92.4815 64.7977 0
    endloop
  endfacet
  facet normal 0 0 -1
    outer loop
      vertex 102.737 74.5347 0
      vertex 102.25 74.7 0
      vertex 102.65 74.5928 0
    endloop
  endfacet
  facet normal 0 0 -1
    outer loop
      vertex 103.05 73.9 0
      vertex 102.25 74.7 0
      vertex 103.043 74.0044 0
    endloop
  endfacet
  facet normal 0 0 -1
    outer loop
      vertex 91.9944 65.2848 0
      vertex 102.25 74.7 0
      vertex 92.2864 65.0897 0
    endloop
  endfacet
  facet normal 0 0 -1
    outer loop
      vertex 91.65 65.3533 0
      vertex 102.25 74.7 0
      vertex 91.9944 65.2848 0
    endloop
  endfacet
  facet normal 0 0 -1
    outer loop
      vertex 86.45 65.3533 0
      vertex 91.65 65.3533 0
      vertex 91.3056 65.2848 0
    endloop
  endfacet
  facet normal 0 0 -1
    outer loop
      vertex 86.7944 65.2848 0
      vertex 91.3056 65.2848 0
      vertex 91.0136 65.0897 0
    endloop
  endfacet
  facet normal 0 0 -1
    outer loop
      vertex 90.0056 63.0332 0
      vertex 90.8185 64.1089 0
      vertex 90.35 63.1017 0
    endloop
  endfacet
  facet normal -0 0 -1
    outer loop
      vertex 90.8185 64.1089 0
      vertex 90.0056 63.0332 0
      vertex 90.75 64.4533 0
    endloop
  endfacet
  facet normal 0 0 -1
    outer loop
      vertex 87.35 64.4533 0
      vertex 90.75 64.4533 0
      vertex 90.0056 63.0332 0
    endloop
  endfacet
  facet normal 0 0 -1
    outer loop
      vertex 88.0944 63.0332 0
      vertex 90.0056 63.0332 0
      vertex 89.7136 62.8381 0
    endloop
  endfacet
  facet normal 0 0 -1
    outer loop
      vertex 88.3864 62.8381 0
      vertex 89.7136 62.8381 0
      vertex 89.5185 62.5461 0
    endloop
  endfacet
  facet normal 0 0 -1
    outer loop
      vertex 89.5185 61.8573 0
      vertex 88.65 62.2017 0
      vertex 89.45 62.2017 0
    endloop
  endfacet
  facet normal 0 0 -1
    outer loop
      vertex 88.65 62.2017 0
      vertex 89.5185 62.5461 0
      vertex 89.45 62.2017 0
    endloop
  endfacet
  facet normal 0 0 -1
    outer loop
      vertex 88.5815 62.5461 0
      vertex 89.5185 62.5461 0
      vertex 88.65 62.2017 0
    endloop
  endfacet
  facet normal 0 0 -1
    outer loop
      vertex 88.3864 62.8381 0
      vertex 89.5185 62.5461 0
      vertex 88.5815 62.5461 0
    endloop
  endfacet
  facet normal 0 0 -1
    outer loop
      vertex 88.0944 63.0332 0
      vertex 89.7136 62.8381 0
      vertex 88.3864 62.8381 0
    endloop
  endfacet
  facet normal 0 0 -1
    outer loop
      vertex 87.35 64.4533 0
      vertex 90.0056 63.0332 0
      vertex 88.0944 63.0332 0
    endloop
  endfacet
  facet normal 0 0 -1
    outer loop
      vertex 90.75 64.4533 0
      vertex 87.35 64.4533 0
      vertex 90.8185 64.7977 0
    endloop
  endfacet
  facet normal 0 0 -1
    outer loop
      vertex 87.2815 64.7977 0
      vertex 90.8185 64.7977 0
      vertex 87.35 64.4533 0
    endloop
  endfacet
  facet normal 0 0 -1
    outer loop
      vertex 87.2815 64.1089 0
      vertex 88.0944 63.0332 0
      vertex 87.75 63.1017 0
    endloop
  endfacet
  facet normal 0 0 -1
    outer loop
      vertex 87.0864 63.8169 0
      vertex 87.75 63.1017 0
      vertex 87.4056 63.0332 0
    endloop
  endfacet
  facet normal 0 0 -1
    outer loop
      vertex 90.8185 64.7977 0
      vertex 87.2815 64.7977 0
      vertex 91.0136 65.0897 0
    endloop
  endfacet
  facet normal 0 0 -1
    outer loop
      vertex 87.0864 65.0897 0
      vertex 91.0136 65.0897 0
      vertex 87.2815 64.7977 0
    endloop
  endfacet
  facet normal 0 0 -1
    outer loop
      vertex 86.7944 65.2848 0
      vertex 91.0136 65.0897 0
      vertex 87.0864 65.0897 0
    endloop
  endfacet
  facet normal 0 0 -1
    outer loop
      vertex 86.45 65.3533 0
      vertex 91.3056 65.2848 0
      vertex 86.7944 65.2848 0
    endloop
  endfacet
  facet normal 0 0 -1
    outer loop
      vertex 91.65 65.3533 0
      vertex 86.45 65.3533 0
      vertex 102.25 74.7 0
    endloop
  endfacet
  facet normal 0 0 -1
    outer loop
      vertex 86.1056 65.2848 0
      vertex 102.25 74.7 0
      vertex 86.45 65.3533 0
    endloop
  endfacet
  facet normal 0 0 -1
    outer loop
      vertex 85.6185 60.2944 0
      vertex 84.6815 60.2944 0
      vertex 84.4864 60.5864 0
    endloop
  endfacet
  facet normal 0 0 -1
    outer loop
      vertex 83.85 60.85 0
      vertex 85.8136 63.8169 0
      vertex 84.1944 60.7815 0
    endloop
  endfacet
  facet normal -0 0 -1
    outer loop
      vertex 85.8136 63.8169 0
      vertex 83.85 60.85 0
      vertex 85.6185 64.1089 0
    endloop
  endfacet
  facet normal 0 0 -1
    outer loop
      vertex 83.5056 60.7815 0
      vertex 85.6185 64.1089 0
      vertex 83.85 60.85 0
    endloop
  endfacet
  facet normal -0 0 -1
    outer loop
      vertex 85.6185 64.1089 0
      vertex 83.5056 60.7815 0
      vertex 85.55 64.4533 0
    endloop
  endfacet
  facet normal 0 0 -1
    outer loop
      vertex 83.2136 60.5864 0
      vertex 85.55 64.4533 0
      vertex 83.5056 60.7815 0
    endloop
  endfacet
  facet normal -0 0 -1
    outer loop
      vertex 85.55 64.4533 0
      vertex 83.2136 60.5864 0
      vertex 85.6185 64.7977 0
    endloop
  endfacet
  facet normal 0 0 -1
    outer loop
      vertex 50.5 74.7 0
      vertex 83.2136 60.5864 0
      vertex 83.0185 60.2944 0
    endloop
  endfacet
  facet normal 0 0 -1
    outer loop
      vertex 49.7 46 0
      vertex 82.95 59.95 0
      vertex 50.5 45.2 0
    endloop
  endfacet
  facet normal 0 0 -1
    outer loop
      vertex 49.7 73.9 0
      vertex 82.95 59.95 0
      vertex 49.7 46 0
    endloop
  endfacet
  facet normal 0 0 -1
    outer loop
      vertex 83.2136 60.5864 0
      vertex 50.5 74.7 0
      vertex 85.6185 64.7977 0
    endloop
  endfacet
  facet normal 0 0 -1
    outer loop
      vertex 85.6185 64.7977 0
      vertex 50.5 74.7 0
      vertex 85.8136 65.0897 0
    endloop
  endfacet
  facet normal 0 0 -1
    outer loop
      vertex 85.8136 65.0897 0
      vertex 50.5 74.7 0
      vertex 86.1056 65.2848 0
    endloop
  endfacet
  facet normal 0 0 -1
    outer loop
      vertex 86.1056 65.2848 0
      vertex 50.5 74.7 0
      vertex 102.25 74.7 0
    endloop
  endfacet
  facet normal 0 0 -1
    outer loop
      vertex 49.7 46 0
      vertex 50.5 45.2 0
      vertex 50.3956 45.2069 0
    endloop
  endfacet
  facet normal 0 -0 -1
    outer loop
      vertex 50.5 74.7 0
      vertex 82.95 59.95 0
      vertex 49.7 73.9 0
    endloop
  endfacet
  facet normal 0 0 -1
    outer loop
      vertex 49.7 46 0
      vertex 50.3956 45.2069 0
      vertex 50.2929 45.2273 0
    endloop
  endfacet
  facet normal 0 0 -1
    outer loop
      vertex 82.95 59.95 0
      vertex 50.5 74.7 0
      vertex 83.0185 60.2944 0
    endloop
  endfacet
  facet normal 0 0 -1
    outer loop
      vertex 49.7 46 0
      vertex 50.2929 45.2273 0
      vertex 50.1939 45.2609 0
    endloop
  endfacet
  facet normal 0 0 -1
    outer loop
      vertex 50.5 74.7 0
      vertex 49.7 73.9 0
      vertex 50.3956 74.6931 0
    endloop
  endfacet
  facet normal 0 0 -1
    outer loop
      vertex 49.7 46 0
      vertex 50.1939 45.2609 0
      vertex 50.1 45.3072 0
    endloop
  endfacet
  facet normal 0 0 -1
    outer loop
      vertex 50.3956 74.6931 0
      vertex 49.7 73.9 0
      vertex 50.2929 74.6727 0
    endloop
  endfacet
  facet normal 0 0 -1
    outer loop
      vertex 49.7 46 0
      vertex 50.1 45.3072 0
      vertex 50.013 45.3653 0
    endloop
  endfacet
  facet normal 0 0 -1
    outer loop
      vertex 50.2929 74.6727 0
      vertex 49.7 73.9 0
      vertex 50.1939 74.6391 0
    endloop
  endfacet
  facet normal 0 0 -1
    outer loop
      vertex 49.7 46 0
      vertex 50.013 45.3653 0
      vertex 49.9343 45.4343 0
    endloop
  endfacet
  facet normal 0 0 -1
    outer loop
      vertex 50.1939 74.6391 0
      vertex 49.7 73.9 0
      vertex 50.1 74.5928 0
    endloop
  endfacet
  facet normal 0 0 -1
    outer loop
      vertex 49.7 46 0
      vertex 49.9343 45.4343 0
      vertex 49.8653 45.513 0
    endloop
  endfacet
  facet normal 0 0 -1
    outer loop
      vertex 50.1 74.5928 0
      vertex 49.7 73.9 0
      vertex 50.013 74.5347 0
    endloop
  endfacet
  facet normal 0 0 -1
    outer loop
      vertex 49.7 46 0
      vertex 49.8653 45.513 0
      vertex 49.8072 45.6 0
    endloop
  endfacet
  facet normal 0 0 -1
    outer loop
      vertex 50.013 74.5347 0
      vertex 49.7 73.9 0
      vertex 49.9343 74.4657 0
    endloop
  endfacet
  facet normal 0 0 -1
    outer loop
      vertex 49.7 46 0
      vertex 49.8072 45.6 0
      vertex 49.7609 45.6939 0
    endloop
  endfacet
  facet normal 0 0 -1
    outer loop
      vertex 49.9343 74.4657 0
      vertex 49.7 73.9 0
      vertex 49.8653 74.387 0
    endloop
  endfacet
  facet normal 0 0 -1
    outer loop
      vertex 49.7 46 0
      vertex 49.7609 45.6939 0
      vertex 49.7273 45.7929 0
    endloop
  endfacet
  facet normal 0 0 -1
    outer loop
      vertex 49.8653 74.387 0
      vertex 49.7 73.9 0
      vertex 49.8072 74.3 0
    endloop
  endfacet
  facet normal 0 0 -1
    outer loop
      vertex 49.7 46 0
      vertex 49.7273 45.7929 0
      vertex 49.7069 45.8956 0
    endloop
  endfacet
  facet normal 0 0 -1
    outer loop
      vertex 49.8072 74.3 0
      vertex 49.7 73.9 0
      vertex 49.7609 74.2061 0
    endloop
  endfacet
  facet normal 0 0 -1
    outer loop
      vertex 49.7609 74.2061 0
      vertex 49.7 73.9 0
      vertex 49.7273 74.1071 0
    endloop
  endfacet
  facet normal 0 0 -1
    outer loop
      vertex 49.7273 74.1071 0
      vertex 49.7 73.9 0
      vertex 49.7069 74.0044 0
    endloop
  endfacet
  facet normal 0 0 -1
    outer loop
      vertex 90.9864 58.3347 0
      vertex 91.65 59.05 0
      vertex 91.1815 58.0427 0
    endloop
  endfacet
  facet normal -0 0 -1
    outer loop
      vertex 91.65 59.05 0
      vertex 90.9864 58.3347 0
      vertex 91.3056 59.1185 0
    endloop
  endfacet
  facet normal 0 0 -1
    outer loop
      vertex 90.6944 58.5298 0
      vertex 91.3056 59.1185 0
      vertex 90.9864 58.3347 0
    endloop
  endfacet
  facet normal -0 0 -1
    outer loop
      vertex 91.3056 59.1185 0
      vertex 90.6944 58.5298 0
      vertex 91.0136 59.3136 0
    endloop
  endfacet
  facet normal 0 0 -1
    outer loop
      vertex 90.35 58.5983 0
      vertex 91.0136 59.3136 0
      vertex 90.6944 58.5298 0
    endloop
  endfacet
  facet normal -0 0 -1
    outer loop
      vertex 91.0136 59.3136 0
      vertex 90.35 58.5983 0
      vertex 90.8185 59.6056 0
    endloop
  endfacet
  facet normal 0 0 -1
    outer loop
      vertex 90.9864 62.8381 0
      vertex 91.65 63.5533 0
      vertex 91.1815 62.5461 0
    endloop
  endfacet
  facet normal -0 0 -1
    outer loop
      vertex 91.65 63.5533 0
      vertex 90.9864 62.8381 0
      vertex 91.3056 63.6218 0
    endloop
  endfacet
  facet normal 0 0 -1
    outer loop
      vertex 90.6944 63.0332 0
      vertex 91.3056 63.6218 0
      vertex 90.9864 62.8381 0
    endloop
  endfacet
  facet normal -0 0 -1
    outer loop
      vertex 91.3056 63.6218 0
      vertex 90.6944 63.0332 0
      vertex 91.0136 63.8169 0
    endloop
  endfacet
  facet normal 0 0 -1
    outer loop
      vertex 90.35 63.1017 0
      vertex 91.0136 63.8169 0
      vertex 90.6944 63.0332 0
    endloop
  endfacet
  facet normal -0 0 -1
    outer loop
      vertex 91.0136 63.8169 0
      vertex 90.35 63.1017 0
      vertex 90.8185 64.1089 0
    endloop
  endfacet
  facet normal 0.99776 0.0668996 0
    outer loop
      vertex 103.05 73.9 1.6
      vertex 103.043 74.0044 0
      vertex 103.043 74.0044 1.6
    endloop
  endfacet
  facet normal 0.99776 0.0668996 0
    outer loop
      vertex 103.043 74.0044 0
      vertex 103.05 73.9 1.6
      vertex 103.05 73.9 0
    endloop
  endfacet
  facet normal 0.898032 -0.43993 0
    outer loop
      vertex 102.943 45.6 1.6
      vertex 102.989 45.6939 0
      vertex 102.989 45.6939 1.6
    endloop
  endfacet
  facet normal 0.898032 -0.43993 0
    outer loop
      vertex 102.989 45.6939 0
      vertex 102.943 45.6 1.6
      vertex 102.943 45.6 0
    endloop
  endfacet
  facet normal 0.194284 -0.980945 0
    outer loop
      vertex 102.354 45.2069 0
      vertex 102.457 45.2273 1.6
      vertex 102.354 45.2069 1.6
    endloop
  endfacet
  facet normal 0.194284 -0.980945 0
    outer loop
      vertex 102.457 45.2273 1.6
      vertex 102.354 45.2069 0
      vertex 102.457 45.2273 0
    endloop
  endfacet
  facet normal 0 0 1
    outer loop
      vertex 88.0944 56.8668 1.6
      vertex 87.2815 55.7911 1.6
      vertex 87.35 55.4467 1.6
    endloop
  endfacet
  facet normal 0 0 1
    outer loop
      vertex 86.7944 56.2782 1.6
      vertex 87.4056 56.8668 1.6
      vertex 87.1136 57.0619 1.6
    endloop
  endfacet
  facet normal 0 0 1
    outer loop
      vertex 87.75 56.7983 1.6
      vertex 87.0864 56.0831 1.6
      vertex 87.2815 55.7911 1.6
    endloop
  endfacet
  facet normal 0 0 1
    outer loop
      vertex 86.45 56.3467 1.6
      vertex 87.1136 57.0619 1.6
      vertex 86.9185 57.3539 1.6
    endloop
  endfacet
  facet normal 0 0 1
    outer loop
      vertex 86.1056 56.2782 1.6
      vertex 86.9185 57.3539 1.6
      vertex 86.85 57.6983 1.6
    endloop
  endfacet
  facet normal 0 0 1
    outer loop
      vertex 87.4056 56.8668 1.6
      vertex 86.7944 56.2782 1.6
      vertex 87.0864 56.0831 1.6
    endloop
  endfacet
  facet normal 0 0 1
    outer loop
      vertex 86.1056 59.1185 1.6
      vertex 86.9185 58.0427 1.6
      vertex 86.45 59.05 1.6
    endloop
  endfacet
  facet normal 0 0 1
    outer loop
      vertex 86.9185 58.0427 1.6
      vertex 86.1056 59.1185 1.6
      vertex 86.85 57.6983 1.6
    endloop
  endfacet
  facet normal 0 0 1
    outer loop
      vertex 87.1136 57.0619 1.6
      vertex 86.45 56.3467 1.6
      vertex 86.7944 56.2782 1.6
    endloop
  endfacet
  facet normal -0 0 1
    outer loop
      vertex 84.1944 59.1185 1.6
      vertex 86.85 57.6983 1.6
      vertex 86.1056 59.1185 1.6
    endloop
  endfacet
  facet normal 0 0 1
    outer loop
      vertex 86.9185 57.3539 1.6
      vertex 86.1056 56.2782 1.6
      vertex 86.45 56.3467 1.6
    endloop
  endfacet
  facet normal 0 0 1
    outer loop
      vertex 84.1944 59.1185 1.6
      vertex 86.1056 59.1185 1.6
      vertex 85.8136 59.3136 1.6
    endloop
  endfacet
  facet normal 0 0 1
    outer loop
      vertex 86.85 57.6983 1.6
      vertex 84.1944 59.1185 1.6
      vertex 86.1056 56.2782 1.6
    endloop
  endfacet
  facet normal 0 0 1
    outer loop
      vertex 84.4864 59.3136 1.6
      vertex 85.8136 59.3136 1.6
      vertex 85.6185 59.6056 1.6
    endloop
  endfacet
  facet normal 0 0 1
    outer loop
      vertex 84.1944 59.1185 1.6
      vertex 85.8136 59.3136 1.6
      vertex 84.4864 59.3136 1.6
    endloop
  endfacet
  facet normal 0 0 1
    outer loop
      vertex 84.6815 59.6056 1.6
      vertex 85.6185 59.6056 1.6
      vertex 85.55 59.95 1.6
    endloop
  endfacet
  facet normal 0 0 1
    outer loop
      vertex 86.1056 56.2782 1.6
      vertex 84.1944 59.1185 1.6
      vertex 85.8136 56.0831 1.6
    endloop
  endfacet
  facet normal 0 0 1
    outer loop
      vertex 87.35 59.95 1.6
      vertex 90.75 59.95 1.6
      vertex 88.0944 61.3702 1.6
    endloop
  endfacet
  facet normal 0 0 1
    outer loop
      vertex 89.7136 58.3347 1.6
      vertex 88.5815 58.0427 1.6
      vertex 88.65 57.6983 1.6
    endloop
  endfacet
  facet normal 0 0 1
    outer loop
      vertex 90.75 59.95 1.6
      vertex 87.35 59.95 1.6
      vertex 90.0056 58.5298 1.6
    endloop
  endfacet
  facet normal 0 0 1
    outer loop
      vertex 89.7136 58.3347 1.6
      vertex 88.3864 58.3347 1.6
      vertex 88.5815 58.0427 1.6
    endloop
  endfacet
  facet normal 0 0 1
    outer loop
      vertex 90.0056 58.5298 1.6
      vertex 88.0944 58.5298 1.6
      vertex 89.7136 58.3347 1.6
    endloop
  endfacet
  facet normal 0 0 1
    outer loop
      vertex 89.7136 58.3347 1.6
      vertex 88.0944 58.5298 1.6
      vertex 88.3864 58.3347 1.6
    endloop
  endfacet
  facet normal 0 0 1
    outer loop
      vertex 87.2815 60.2944 1.6
      vertex 88.0944 61.3702 1.6
      vertex 87.75 61.3017 1.6
    endloop
  endfacet
  facet normal 0 0 1
    outer loop
      vertex 90.0056 58.5298 1.6
      vertex 87.35 59.95 1.6
      vertex 88.0944 58.5298 1.6
    endloop
  endfacet
  facet normal 0 0 1
    outer loop
      vertex 87.0864 60.5864 1.6
      vertex 87.75 61.3017 1.6
      vertex 87.4056 61.3702 1.6
    endloop
  endfacet
  facet normal -0 0 1
    outer loop
      vertex 87.2815 59.6056 1.6
      vertex 88.0944 58.5298 1.6
      vertex 87.35 59.95 1.6
    endloop
  endfacet
  facet normal 0 0 1
    outer loop
      vertex 88.0944 58.5298 1.6
      vertex 87.2815 59.6056 1.6
      vertex 87.75 58.5983 1.6
    endloop
  endfacet
  facet normal 0 0 1
    outer loop
      vertex 88.0944 61.3702 1.6
      vertex 87.2815 60.2944 1.6
      vertex 87.35 59.95 1.6
    endloop
  endfacet
  facet normal 0 0 1
    outer loop
      vertex 86.7944 60.7815 1.6
      vertex 87.4056 61.3702 1.6
      vertex 87.1136 61.5653 1.6
    endloop
  endfacet
  facet normal 0 0 1
    outer loop
      vertex 87.75 61.3017 1.6
      vertex 87.0864 60.5864 1.6
      vertex 87.2815 60.2944 1.6
    endloop
  endfacet
  facet normal 0 0 1
    outer loop
      vertex 86.45 60.85 1.6
      vertex 87.1136 61.5653 1.6
      vertex 86.9185 61.8573 1.6
    endloop
  endfacet
  facet normal 0 0 1
    outer loop
      vertex 86.1056 60.7815 1.6
      vertex 86.9185 61.8573 1.6
      vertex 86.85 62.2017 1.6
    endloop
  endfacet
  facet normal 0 0 1
    outer loop
      vertex 87.4056 61.3702 1.6
      vertex 86.7944 60.7815 1.6
      vertex 87.0864 60.5864 1.6
    endloop
  endfacet
  facet normal 0 0 1
    outer loop
      vertex 86.1056 63.6218 1.6
      vertex 86.9185 62.5461 1.6
      vertex 86.45 63.5533 1.6
    endloop
  endfacet
  facet normal 0 0 1
    outer loop
      vertex 86.9185 62.5461 1.6
      vertex 86.1056 63.6218 1.6
      vertex 86.85 62.2017 1.6
    endloop
  endfacet
  facet normal 0 0 1
    outer loop
      vertex 87.1136 61.5653 1.6
      vertex 86.45 60.85 1.6
      vertex 86.7944 60.7815 1.6
    endloop
  endfacet
  facet normal 0 0 1
    outer loop
      vertex 84.1944 60.7815 1.6
      vertex 86.85 62.2017 1.6
      vertex 86.1056 63.6218 1.6
    endloop
  endfacet
  facet normal 0 0 1
    outer loop
      vertex 86.9185 61.8573 1.6
      vertex 86.1056 60.7815 1.6
      vertex 86.45 60.85 1.6
    endloop
  endfacet
  facet normal 0 0 1
    outer loop
      vertex 84.1944 60.7815 1.6
      vertex 86.1056 63.6218 1.6
      vertex 85.8136 63.8169 1.6
    endloop
  endfacet
  facet normal 0 0 1
    outer loop
      vertex 86.85 62.2017 1.6
      vertex 84.1944 60.7815 1.6
      vertex 86.1056 60.7815 1.6
    endloop
  endfacet
  facet normal 0 0 1
    outer loop
      vertex 83.85 60.85 1.6
      vertex 85.8136 63.8169 1.6
      vertex 85.6185 64.1089 1.6
    endloop
  endfacet
  facet normal 0 0 1
    outer loop
      vertex 86.1056 60.7815 1.6
      vertex 84.1944 60.7815 1.6
      vertex 85.8136 60.5864 1.6
    endloop
  endfacet
  facet normal 0 0 1
    outer loop
      vertex 83.5056 60.7815 1.6
      vertex 85.6185 64.1089 1.6
      vertex 85.55 64.4533 1.6
    endloop
  endfacet
  facet normal 0 0 1
    outer loop
      vertex 85.8136 60.5864 1.6
      vertex 84.4864 60.5864 1.6
      vertex 85.6185 60.2944 1.6
    endloop
  endfacet
  facet normal -0 0 1
    outer loop
      vertex 87.0864 63.8169 1.6
      vertex 87.75 63.1017 1.6
      vertex 87.2815 64.1089 1.6
    endloop
  endfacet
  facet normal 0 0 1
    outer loop
      vertex 87.75 63.1017 1.6
      vertex 87.0864 63.8169 1.6
      vertex 87.4056 63.0332 1.6
    endloop
  endfacet
  facet normal -0 0 1
    outer loop
      vertex 86.7944 63.6218 1.6
      vertex 87.4056 63.0332 1.6
      vertex 87.0864 63.8169 1.6
    endloop
  endfacet
  facet normal 0 0 1
    outer loop
      vertex 87.4056 63.0332 1.6
      vertex 86.7944 63.6218 1.6
      vertex 87.1136 62.8381 1.6
    endloop
  endfacet
  facet normal -0 0 1
    outer loop
      vertex 86.45 63.5533 1.6
      vertex 87.1136 62.8381 1.6
      vertex 86.7944 63.6218 1.6
    endloop
  endfacet
  facet normal 0 0 1
    outer loop
      vertex 87.1136 62.8381 1.6
      vertex 86.45 63.5533 1.6
      vertex 86.9185 62.5461 1.6
    endloop
  endfacet
  facet normal -0 0 1
    outer loop
      vertex 87.0864 59.3136 1.6
      vertex 87.75 58.5983 1.6
      vertex 87.2815 59.6056 1.6
    endloop
  endfacet
  facet normal 0 0 1
    outer loop
      vertex 87.75 58.5983 1.6
      vertex 87.0864 59.3136 1.6
      vertex 87.4056 58.5298 1.6
    endloop
  endfacet
  facet normal -0 0 1
    outer loop
      vertex 86.7944 59.1185 1.6
      vertex 87.4056 58.5298 1.6
      vertex 87.0864 59.3136 1.6
    endloop
  endfacet
  facet normal 0 0 1
    outer loop
      vertex 87.4056 58.5298 1.6
      vertex 86.7944 59.1185 1.6
      vertex 87.1136 58.3347 1.6
    endloop
  endfacet
  facet normal -0 0 1
    outer loop
      vertex 86.45 59.05 1.6
      vertex 87.1136 58.3347 1.6
      vertex 86.7944 59.1185 1.6
    endloop
  endfacet
  facet normal 0 0 1
    outer loop
      vertex 87.1136 58.3347 1.6
      vertex 86.45 59.05 1.6
      vertex 86.9185 58.0427 1.6
    endloop
  endfacet
  facet normal 0 0 1
    outer loop
      vertex 92.2864 59.3136 1.6
      vertex 93.6136 59.3136 1.6
      vertex 92.4815 59.6056 1.6
    endloop
  endfacet
  facet normal 0 0 1
    outer loop
      vertex 93.6136 59.3136 1.6
      vertex 92.4815 55.7911 1.6
      vertex 92.55 55.4467 1.6
    endloop
  endfacet
  facet normal 0 0 1
    outer loop
      vertex 91.9944 59.1185 1.6
      vertex 93.6136 59.3136 1.6
      vertex 92.2864 59.3136 1.6
    endloop
  endfacet
  facet normal 0 0 1
    outer loop
      vertex 93.6136 59.3136 1.6
      vertex 92.2864 56.0831 1.6
      vertex 92.4815 55.7911 1.6
    endloop
  endfacet
  facet normal 0 0 1
    outer loop
      vertex 91.9944 56.2782 1.6
      vertex 93.6136 59.3136 1.6
      vertex 91.9944 59.1185 1.6
    endloop
  endfacet
  facet normal 0 0 1
    outer loop
      vertex 93.6136 59.3136 1.6
      vertex 91.9944 56.2782 1.6
      vertex 92.2864 56.0831 1.6
    endloop
  endfacet
  facet normal 0 0 1
    outer loop
      vertex 91.1815 58.0427 1.6
      vertex 91.9944 59.1185 1.6
      vertex 91.65 59.05 1.6
    endloop
  endfacet
  facet normal 0 0 1
    outer loop
      vertex 91.9944 59.1185 1.6
      vertex 91.25 57.6983 1.6
      vertex 91.9944 56.2782 1.6
    endloop
  endfacet
  facet normal 0 0 1
    outer loop
      vertex 90.9864 58.3347 1.6
      vertex 91.65 59.05 1.6
      vertex 91.3056 59.1185 1.6
    endloop
  endfacet
  facet normal -0 0 1
    outer loop
      vertex 91.1815 57.3539 1.6
      vertex 91.9944 56.2782 1.6
      vertex 91.25 57.6983 1.6
    endloop
  endfacet
  facet normal 0 0 1
    outer loop
      vertex 91.9944 56.2782 1.6
      vertex 91.1815 57.3539 1.6
      vertex 91.65 56.3467 1.6
    endloop
  endfacet
  facet normal 0 0 1
    outer loop
      vertex 91.9944 59.1185 1.6
      vertex 91.1815 58.0427 1.6
      vertex 91.25 57.6983 1.6
    endloop
  endfacet
  facet normal 0 0 1
    outer loop
      vertex 90.6944 58.5298 1.6
      vertex 91.3056 59.1185 1.6
      vertex 91.0136 59.3136 1.6
    endloop
  endfacet
  facet normal 0 0 1
    outer loop
      vertex 91.65 59.05 1.6
      vertex 90.9864 58.3347 1.6
      vertex 91.1815 58.0427 1.6
    endloop
  endfacet
  facet normal 0 0 1
    outer loop
      vertex 90.35 58.5983 1.6
      vertex 91.0136 59.3136 1.6
      vertex 90.8185 59.6056 1.6
    endloop
  endfacet
  facet normal 0 0 1
    outer loop
      vertex 90.0056 58.5298 1.6
      vertex 90.8185 59.6056 1.6
      vertex 90.75 59.95 1.6
    endloop
  endfacet
  facet normal 0 0 1
    outer loop
      vertex 91.3056 59.1185 1.6
      vertex 90.6944 58.5298 1.6
      vertex 90.9864 58.3347 1.6
    endloop
  endfacet
  facet normal 0 0 1
    outer loop
      vertex 90.0056 61.3702 1.6
      vertex 90.8185 60.2944 1.6
      vertex 90.35 61.3017 1.6
    endloop
  endfacet
  facet normal 0 0 1
    outer loop
      vertex 90.8185 60.2944 1.6
      vertex 90.0056 61.3702 1.6
      vertex 90.75 59.95 1.6
    endloop
  endfacet
  facet normal 0 0 1
    outer loop
      vertex 91.0136 59.3136 1.6
      vertex 90.35 58.5983 1.6
      vertex 90.6944 58.5298 1.6
    endloop
  endfacet
  facet normal -0 0 1
    outer loop
      vertex 88.0944 61.3702 1.6
      vertex 90.75 59.95 1.6
      vertex 90.0056 61.3702 1.6
    endloop
  endfacet
  facet normal 0 0 1
    outer loop
      vertex 90.8185 59.6056 1.6
      vertex 90.0056 58.5298 1.6
      vertex 90.35 58.5983 1.6
    endloop
  endfacet
  facet normal -0 0 1
    outer loop
      vertex 88.3864 61.5653 1.6
      vertex 90.0056 61.3702 1.6
      vertex 89.7136 61.5653 1.6
    endloop
  endfacet
  facet normal 0 0 1
    outer loop
      vertex 88.0944 61.3702 1.6
      vertex 90.0056 61.3702 1.6
      vertex 88.3864 61.5653 1.6
    endloop
  endfacet
  facet normal 0 0 1
    outer loop
      vertex 88.5815 61.8573 1.6
      vertex 89.5185 61.8573 1.6
      vertex 88.65 62.2017 1.6
    endloop
  endfacet
  facet normal 0 0 1
    outer loop
      vertex 89.5185 61.8573 1.6
      vertex 88.5815 61.8573 1.6
      vertex 89.7136 61.5653 1.6
    endloop
  endfacet
  facet normal -0 0 1
    outer loop
      vertex 88.65 62.2017 1.6
      vertex 89.5185 61.8573 1.6
      vertex 89.45 62.2017 1.6
    endloop
  endfacet
  facet normal 0 0 1
    outer loop
      vertex 88.3864 61.5653 1.6
      vertex 89.7136 61.5653 1.6
      vertex 88.5815 61.8573 1.6
    endloop
  endfacet
  facet normal -0 0 1
    outer loop
      vertex 91.9944 63.6218 1.6
      vertex 93.9056 60.7815 1.6
      vertex 92.2864 63.8169 1.6
    endloop
  endfacet
  facet normal 0 0 1
    outer loop
      vertex 93.6136 60.5864 1.6
      vertex 92.4815 60.2944 1.6
      vertex 92.55 59.95 1.6
    endloop
  endfacet
  facet normal -0 0 1
    outer loop
      vertex 91.25 62.2017 1.6
      vertex 93.9056 60.7815 1.6
      vertex 91.9944 63.6218 1.6
    endloop
  endfacet
  facet normal 0 0 1
    outer loop
      vertex 93.6136 60.5864 1.6
      vertex 92.2864 60.5864 1.6
      vertex 92.4815 60.2944 1.6
    endloop
  endfacet
  facet normal 0 0 1
    outer loop
      vertex 93.9056 60.7815 1.6
      vertex 91.9944 60.7815 1.6
      vertex 93.6136 60.5864 1.6
    endloop
  endfacet
  facet normal 0 0 1
    outer loop
      vertex 93.6136 60.5864 1.6
      vertex 91.9944 60.7815 1.6
      vertex 92.2864 60.5864 1.6
    endloop
  endfacet
  facet normal 0 0 1
    outer loop
      vertex 91.1815 62.5461 1.6
      vertex 91.9944 63.6218 1.6
      vertex 91.65 63.5533 1.6
    endloop
  endfacet
  facet normal 0 0 1
    outer loop
      vertex 93.9056 60.7815 1.6
      vertex 91.25 62.2017 1.6
      vertex 91.9944 60.7815 1.6
    endloop
  endfacet
  facet normal 0 0 1
    outer loop
      vertex 90.9864 62.8381 1.6
      vertex 91.65 63.5533 1.6
      vertex 91.3056 63.6218 1.6
    endloop
  endfacet
  facet normal -0 0 1
    outer loop
      vertex 91.1815 61.8573 1.6
      vertex 91.9944 60.7815 1.6
      vertex 91.25 62.2017 1.6
    endloop
  endfacet
  facet normal 0 0 1
    outer loop
      vertex 91.9944 60.7815 1.6
      vertex 91.1815 61.8573 1.6
      vertex 91.65 60.85 1.6
    endloop
  endfacet
  facet normal 0 0 1
    outer loop
      vertex 91.9944 63.6218 1.6
      vertex 91.1815 62.5461 1.6
      vertex 91.25 62.2017 1.6
    endloop
  endfacet
  facet normal 0 0 1
    outer loop
      vertex 90.6944 63.0332 1.6
      vertex 91.3056 63.6218 1.6
      vertex 91.0136 63.8169 1.6
    endloop
  endfacet
  facet normal 0 0 1
    outer loop
      vertex 91.65 63.5533 1.6
      vertex 90.9864 62.8381 1.6
      vertex 91.1815 62.5461 1.6
    endloop
  endfacet
  facet normal 0 0 1
    outer loop
      vertex 90.35 63.1017 1.6
      vertex 91.0136 63.8169 1.6
      vertex 90.8185 64.1089 1.6
    endloop
  endfacet
  facet normal 0 0 1
    outer loop
      vertex 90.0056 63.0332 1.6
      vertex 90.8185 64.1089 1.6
      vertex 90.75 64.4533 1.6
    endloop
  endfacet
  facet normal 0 0 1
    outer loop
      vertex 91.3056 63.6218 1.6
      vertex 90.6944 63.0332 1.6
      vertex 90.9864 62.8381 1.6
    endloop
  endfacet
  facet normal 0 0 1
    outer loop
      vertex 102.25 74.7 1.6
      vertex 103.05 73.9 1.6
      vertex 103.043 74.0044 1.6
    endloop
  endfacet
  facet normal 0 0 1
    outer loop
      vertex 103.05 73.9 1.6
      vertex 95.15 59.95 1.6
      vertex 103.05 46 1.6
    endloop
  endfacet
  facet normal 0 0 1
    outer loop
      vertex 102.25 74.7 1.6
      vertex 103.043 74.0044 1.6
      vertex 103.023 74.1071 1.6
    endloop
  endfacet
  facet normal -0 0 1
    outer loop
      vertex 95.0815 59.6056 1.6
      vertex 103.05 46 1.6
      vertex 95.15 59.95 1.6
    endloop
  endfacet
  facet normal 0 0 1
    outer loop
      vertex 102.25 74.7 1.6
      vertex 103.023 74.1071 1.6
      vertex 102.989 74.2061 1.6
    endloop
  endfacet
  facet normal -0 0 1
    outer loop
      vertex 94.8864 59.3136 1.6
      vertex 103.05 46 1.6
      vertex 95.0815 59.6056 1.6
    endloop
  endfacet
  facet normal 0 0 1
    outer loop
      vertex 102.25 74.7 1.6
      vertex 102.989 74.2061 1.6
      vertex 102.943 74.3 1.6
    endloop
  endfacet
  facet normal -0 0 1
    outer loop
      vertex 92.4815 55.1023 1.6
      vertex 103.05 46 1.6
      vertex 94.8864 59.3136 1.6
    endloop
  endfacet
  facet normal 0 0 1
    outer loop
      vertex 102.25 74.7 1.6
      vertex 102.943 74.3 1.6
      vertex 102.885 74.387 1.6
    endloop
  endfacet
  facet normal -0 0 1
    outer loop
      vertex 92.2864 54.8103 1.6
      vertex 103.05 46 1.6
      vertex 92.4815 55.1023 1.6
    endloop
  endfacet
  facet normal 0 0 1
    outer loop
      vertex 102.25 74.7 1.6
      vertex 102.885 74.387 1.6
      vertex 102.816 74.4657 1.6
    endloop
  endfacet
  facet normal 0 -0 1
    outer loop
      vertex 102.25 45.2 1.6
      vertex 103.05 46 1.6
      vertex 92.2864 54.8103 1.6
    endloop
  endfacet
  facet normal 0 0 1
    outer loop
      vertex 102.25 74.7 1.6
      vertex 102.816 74.4657 1.6
      vertex 102.737 74.5347 1.6
    endloop
  endfacet
  facet normal 0 0 1
    outer loop
      vertex 103.043 45.8956 1.6
      vertex 102.25 45.2 1.6
      vertex 103.023 45.7929 1.6
    endloop
  endfacet
  facet normal 0 0 1
    outer loop
      vertex 102.25 74.7 1.6
      vertex 102.737 74.5347 1.6
      vertex 102.65 74.5928 1.6
    endloop
  endfacet
  facet normal 0 0 1
    outer loop
      vertex 103.023 45.7929 1.6
      vertex 102.25 45.2 1.6
      vertex 102.989 45.6939 1.6
    endloop
  endfacet
  facet normal 0 0 1
    outer loop
      vertex 102.25 74.7 1.6
      vertex 102.65 74.5928 1.6
      vertex 102.556 74.6391 1.6
    endloop
  endfacet
  facet normal 0 0 1
    outer loop
      vertex 102.989 45.6939 1.6
      vertex 102.25 45.2 1.6
      vertex 102.943 45.6 1.6
    endloop
  endfacet
  facet normal 0 0 1
    outer loop
      vertex 102.25 74.7 1.6
      vertex 102.556 74.6391 1.6
      vertex 102.457 74.6727 1.6
    endloop
  endfacet
  facet normal 0 0 1
    outer loop
      vertex 102.943 45.6 1.6
      vertex 102.25 45.2 1.6
      vertex 102.885 45.513 1.6
    endloop
  endfacet
  facet normal 0 0 1
    outer loop
      vertex 102.25 74.7 1.6
      vertex 102.457 74.6727 1.6
      vertex 102.354 74.6931 1.6
    endloop
  endfacet
  facet normal 0 0 1
    outer loop
      vertex 102.885 45.513 1.6
      vertex 102.25 45.2 1.6
      vertex 102.816 45.4343 1.6
    endloop
  endfacet
  facet normal 0 0 1
    outer loop
      vertex 103.05 73.9 1.6
      vertex 102.25 74.7 1.6
      vertex 92.2864 65.0897 1.6
    endloop
  endfacet
  facet normal 0 0 1
    outer loop
      vertex 102.816 45.4343 1.6
      vertex 102.25 45.2 1.6
      vertex 102.737 45.3653 1.6
    endloop
  endfacet
  facet normal 0 0 1
    outer loop
      vertex 102.65 45.3072 1.6
      vertex 102.25 45.2 1.6
      vertex 102.556 45.2609 1.6
    endloop
  endfacet
  facet normal 0 0 1
    outer loop
      vertex 103.05 73.9 1.6
      vertex 95.0815 60.2944 1.6
      vertex 95.15 59.95 1.6
    endloop
  endfacet
  facet normal 0 0 1
    outer loop
      vertex 103.05 73.9 1.6
      vertex 94.8864 60.5864 1.6
      vertex 95.0815 60.2944 1.6
    endloop
  endfacet
  facet normal 0 0 1
    outer loop
      vertex 103.05 73.9 1.6
      vertex 92.4815 64.7977 1.6
      vertex 94.8864 60.5864 1.6
    endloop
  endfacet
  facet normal -0 -0 1
    outer loop
      vertex 92.55 64.4533 1.6
      vertex 94.8864 60.5864 1.6
      vertex 92.4815 64.7977 1.6
    endloop
  endfacet
  facet normal -0 0 1
    outer loop
      vertex 92.4815 64.1089 1.6
      vertex 94.5944 60.7815 1.6
      vertex 92.55 64.4533 1.6
    endloop
  endfacet
  facet normal 0 0 1
    outer loop
      vertex 94.5944 60.7815 1.6
      vertex 92.4815 64.1089 1.6
      vertex 94.25 60.85 1.6
    endloop
  endfacet
  facet normal -0 0 1
    outer loop
      vertex 92.2864 63.8169 1.6
      vertex 94.25 60.85 1.6
      vertex 92.4815 64.1089 1.6
    endloop
  endfacet
  facet normal 0 0 1
    outer loop
      vertex 93.6136 60.5864 1.6
      vertex 92.55 59.95 1.6
      vertex 93.4185 60.2944 1.6
    endloop
  endfacet
  facet normal 0 0 1
    outer loop
      vertex 94.25 60.85 1.6
      vertex 92.2864 63.8169 1.6
      vertex 93.9056 60.7815 1.6
    endloop
  endfacet
  facet normal 0 0 1
    outer loop
      vertex 94.8864 60.5864 1.6
      vertex 92.55 64.4533 1.6
      vertex 94.5944 60.7815 1.6
    endloop
  endfacet
  facet normal 0 0 1
    outer loop
      vertex 103.05 73.9 1.6
      vertex 92.2864 65.0897 1.6
      vertex 92.4815 64.7977 1.6
    endloop
  endfacet
  facet normal 0 0 1
    outer loop
      vertex 102.25 74.7 1.6
      vertex 91.9944 65.2848 1.6
      vertex 92.2864 65.0897 1.6
    endloop
  endfacet
  facet normal 0 0 1
    outer loop
      vertex 102.25 74.7 1.6
      vertex 91.65 65.3533 1.6
      vertex 91.9944 65.2848 1.6
    endloop
  endfacet
  facet normal 0 0 1
    outer loop
      vertex 86.45 65.3533 1.6
      vertex 91.65 65.3533 1.6
      vertex 102.25 74.7 1.6
    endloop
  endfacet
  facet normal 0 0 1
    outer loop
      vertex 91.65 65.3533 1.6
      vertex 86.45 65.3533 1.6
      vertex 91.3056 65.2848 1.6
    endloop
  endfacet
  facet normal 0 0 1
    outer loop
      vertex 91.0136 63.8169 1.6
      vertex 90.35 63.1017 1.6
      vertex 90.6944 63.0332 1.6
    endloop
  endfacet
  facet normal 0 0 1
    outer loop
      vertex 87.35 64.4533 1.6
      vertex 90.75 64.4533 1.6
      vertex 90.8185 64.7977 1.6
    endloop
  endfacet
  facet normal 0 0 1
    outer loop
      vertex 90.8185 64.1089 1.6
      vertex 90.0056 63.0332 1.6
      vertex 90.35 63.1017 1.6
    endloop
  endfacet
  facet normal 0 0 1
    outer loop
      vertex 90.75 64.4533 1.6
      vertex 87.35 64.4533 1.6
      vertex 90.0056 63.0332 1.6
    endloop
  endfacet
  facet normal 0 0 1
    outer loop
      vertex 90.0056 63.0332 1.6
      vertex 88.0944 63.0332 1.6
      vertex 89.7136 62.8381 1.6
    endloop
  endfacet
  facet normal 0 0 1
    outer loop
      vertex 89.7136 58.3347 1.6
      vertex 88.65 57.6983 1.6
      vertex 89.5185 58.0427 1.6
    endloop
  endfacet
  facet normal 0 0 1
    outer loop
      vertex 89.5185 62.5461 1.6
      vertex 88.65 62.2017 1.6
      vertex 89.45 62.2017 1.6
    endloop
  endfacet
  facet normal 0 0 1
    outer loop
      vertex 89.7136 62.8381 1.6
      vertex 88.3864 62.8381 1.6
      vertex 89.5185 62.5461 1.6
    endloop
  endfacet
  facet normal 0 0 1
    outer loop
      vertex 87.2815 64.7977 1.6
      vertex 90.8185 64.7977 1.6
      vertex 91.0136 65.0897 1.6
    endloop
  endfacet
  facet normal 0 0 1
    outer loop
      vertex 89.5185 62.5461 1.6
      vertex 88.5815 62.5461 1.6
      vertex 88.65 62.2017 1.6
    endloop
  endfacet
  facet normal 0 0 1
    outer loop
      vertex 89.5185 62.5461 1.6
      vertex 88.3864 62.8381 1.6
      vertex 88.5815 62.5461 1.6
    endloop
  endfacet
  facet normal 0 0 1
    outer loop
      vertex 89.7136 62.8381 1.6
      vertex 88.0944 63.0332 1.6
      vertex 88.3864 62.8381 1.6
    endloop
  endfacet
  facet normal 0 0 1
    outer loop
      vertex 91.3056 65.2848 1.6
      vertex 86.7944 65.2848 1.6
      vertex 91.0136 65.0897 1.6
    endloop
  endfacet
  facet normal 0 0 1
    outer loop
      vertex 90.8185 64.7977 1.6
      vertex 87.2815 64.7977 1.6
      vertex 87.35 64.4533 1.6
    endloop
  endfacet
  facet normal -0 0 1
    outer loop
      vertex 87.2815 64.1089 1.6
      vertex 88.0944 63.0332 1.6
      vertex 87.35 64.4533 1.6
    endloop
  endfacet
  facet normal 0 0 1
    outer loop
      vertex 88.0944 63.0332 1.6
      vertex 87.2815 64.1089 1.6
      vertex 87.75 63.1017 1.6
    endloop
  endfacet
  facet normal 0 0 1
    outer loop
      vertex 90.0056 63.0332 1.6
      vertex 87.35 64.4533 1.6
      vertex 88.0944 63.0332 1.6
    endloop
  endfacet
  facet normal 0 0 1
    outer loop
      vertex 91.0136 65.0897 1.6
      vertex 87.0864 65.0897 1.6
      vertex 87.2815 64.7977 1.6
    endloop
  endfacet
  facet normal 0 0 1
    outer loop
      vertex 91.0136 65.0897 1.6
      vertex 86.7944 65.2848 1.6
      vertex 87.0864 65.0897 1.6
    endloop
  endfacet
  facet normal 0 0 1
    outer loop
      vertex 91.3056 65.2848 1.6
      vertex 86.45 65.3533 1.6
      vertex 86.7944 65.2848 1.6
    endloop
  endfacet
  facet normal 0 0 1
    outer loop
      vertex 102.25 74.7 1.6
      vertex 86.1056 65.2848 1.6
      vertex 86.45 65.3533 1.6
    endloop
  endfacet
  facet normal 0 -0 1
    outer loop
      vertex 84.6815 60.2944 1.6
      vertex 85.6185 60.2944 1.6
      vertex 84.4864 60.5864 1.6
    endloop
  endfacet
  facet normal 0 0 1
    outer loop
      vertex 84.6815 59.6056 1.6
      vertex 85.55 59.95 1.6
      vertex 84.75 59.95 1.6
    endloop
  endfacet
  facet normal 0 0 1
    outer loop
      vertex 85.55 59.95 1.6
      vertex 84.6815 60.2944 1.6
      vertex 84.75 59.95 1.6
    endloop
  endfacet
  facet normal 0 0 1
    outer loop
      vertex 83.2136 60.5864 1.6
      vertex 85.55 64.4533 1.6
      vertex 85.6185 64.7977 1.6
    endloop
  endfacet
  facet normal 0 0 1
    outer loop
      vertex 85.6185 60.2944 1.6
      vertex 84.6815 60.2944 1.6
      vertex 85.55 59.95 1.6
    endloop
  endfacet
  facet normal 0 0 1
    outer loop
      vertex 85.8136 60.5864 1.6
      vertex 84.1944 60.7815 1.6
      vertex 84.4864 60.5864 1.6
    endloop
  endfacet
  facet normal 0 0 1
    outer loop
      vertex 85.8136 63.8169 1.6
      vertex 83.85 60.85 1.6
      vertex 84.1944 60.7815 1.6
    endloop
  endfacet
  facet normal 0 0 1
    outer loop
      vertex 85.6185 64.1089 1.6
      vertex 83.5056 60.7815 1.6
      vertex 83.85 60.85 1.6
    endloop
  endfacet
  facet normal 0 0 1
    outer loop
      vertex 85.55 64.4533 1.6
      vertex 83.2136 60.5864 1.6
      vertex 83.5056 60.7815 1.6
    endloop
  endfacet
  facet normal 0 0 1
    outer loop
      vertex 50.5 74.7 1.6
      vertex 83.2136 60.5864 1.6
      vertex 85.6185 64.7977 1.6
    endloop
  endfacet
  facet normal 0 0 1
    outer loop
      vertex 83.0185 60.2944 1.6
      vertex 50.5 74.7 1.6
      vertex 82.95 59.95 1.6
    endloop
  endfacet
  facet normal 0 0 1
    outer loop
      vertex 83.2136 60.5864 1.6
      vertex 50.5 74.7 1.6
      vertex 83.0185 60.2944 1.6
    endloop
  endfacet
  facet normal 0 0 1
    outer loop
      vertex 85.8136 65.0897 1.6
      vertex 50.5 74.7 1.6
      vertex 85.6185 64.7977 1.6
    endloop
  endfacet
  facet normal 0 0 1
    outer loop
      vertex 86.1056 65.2848 1.6
      vertex 50.5 74.7 1.6
      vertex 85.8136 65.0897 1.6
    endloop
  endfacet
  facet normal -0 0 1
    outer loop
      vertex 50.5 74.7 1.6
      vertex 86.1056 65.2848 1.6
      vertex 102.25 74.7 1.6
    endloop
  endfacet
  facet normal 0 0 1
    outer loop
      vertex 102.556 45.2609 1.6
      vertex 102.25 45.2 1.6
      vertex 102.457 45.2273 1.6
    endloop
  endfacet
  facet normal 0 0 1
    outer loop
      vertex 102.457 45.2273 1.6
      vertex 102.25 45.2 1.6
      vertex 102.354 45.2069 1.6
    endloop
  endfacet
  facet normal 0 0 1
    outer loop
      vertex 92.55 55.4467 1.6
      vertex 94.8864 59.3136 1.6
      vertex 94.5944 59.1185 1.6
    endloop
  endfacet
  facet normal 0 0 1
    outer loop
      vertex 92.55 55.4467 1.6
      vertex 94.5944 59.1185 1.6
      vertex 94.25 59.05 1.6
    endloop
  endfacet
  facet normal 0 0 1
    outer loop
      vertex 92.55 55.4467 1.6
      vertex 94.25 59.05 1.6
      vertex 93.9056 59.1185 1.6
    endloop
  endfacet
  facet normal 0 0 1
    outer loop
      vertex 92.55 55.4467 1.6
      vertex 93.9056 59.1185 1.6
      vertex 93.6136 59.3136 1.6
    endloop
  endfacet
  facet normal 0 0 1
    outer loop
      vertex 92.4815 59.6056 1.6
      vertex 93.4185 59.6056 1.6
      vertex 92.55 59.95 1.6
    endloop
  endfacet
  facet normal 0 0 1
    outer loop
      vertex 93.4185 60.2944 1.6
      vertex 92.55 59.95 1.6
      vertex 93.35 59.95 1.6
    endloop
  endfacet
  facet normal -0 0 1
    outer loop
      vertex 92.55 59.95 1.6
      vertex 93.4185 59.6056 1.6
      vertex 93.35 59.95 1.6
    endloop
  endfacet
  facet normal 0 0 1
    outer loop
      vertex 93.4185 59.6056 1.6
      vertex 92.4815 59.6056 1.6
      vertex 93.6136 59.3136 1.6
    endloop
  endfacet
  facet normal 0 0 1
    outer loop
      vertex 94.8864 59.3136 1.6
      vertex 92.55 55.4467 1.6
      vertex 92.4815 55.1023 1.6
    endloop
  endfacet
  facet normal 0 0 1
    outer loop
      vertex 102.737 45.3653 1.6
      vertex 102.25 45.2 1.6
      vertex 102.65 45.3072 1.6
    endloop
  endfacet
  facet normal 0 0 1
    outer loop
      vertex 103.05 46 1.6
      vertex 102.25 45.2 1.6
      vertex 103.043 45.8956 1.6
    endloop
  endfacet
  facet normal -0 0 1
    outer loop
      vertex 91.9944 54.6152 1.6
      vertex 102.25 45.2 1.6
      vertex 92.2864 54.8103 1.6
    endloop
  endfacet
  facet normal -0 0 1
    outer loop
      vertex 91.65 54.5467 1.6
      vertex 102.25 45.2 1.6
      vertex 91.9944 54.6152 1.6
    endloop
  endfacet
  facet normal 0 0 1
    outer loop
      vertex 86.45 54.5467 1.6
      vertex 91.65 54.5467 1.6
      vertex 91.3056 54.6152 1.6
    endloop
  endfacet
  facet normal 0 0 1
    outer loop
      vertex 86.7944 54.6152 1.6
      vertex 91.3056 54.6152 1.6
      vertex 91.0136 54.8103 1.6
    endloop
  endfacet
  facet normal 0 0 1
    outer loop
      vertex 90.0056 56.8668 1.6
      vertex 90.8185 55.7911 1.6
      vertex 90.35 56.7983 1.6
    endloop
  endfacet
  facet normal 0 0 1
    outer loop
      vertex 90.8185 55.7911 1.6
      vertex 90.0056 56.8668 1.6
      vertex 90.75 55.4467 1.6
    endloop
  endfacet
  facet normal 0 0 1
    outer loop
      vertex 87.35 55.4467 1.6
      vertex 90.75 55.4467 1.6
      vertex 90.0056 56.8668 1.6
    endloop
  endfacet
  facet normal 0 0 1
    outer loop
      vertex 88.0944 56.8668 1.6
      vertex 90.0056 56.8668 1.6
      vertex 89.7136 57.0619 1.6
    endloop
  endfacet
  facet normal 0 0 1
    outer loop
      vertex 88.3864 57.0619 1.6
      vertex 89.7136 57.0619 1.6
      vertex 89.5185 57.3539 1.6
    endloop
  endfacet
  facet normal 0 0 1
    outer loop
      vertex 89.5185 58.0427 1.6
      vertex 88.65 57.6983 1.6
      vertex 89.45 57.6983 1.6
    endloop
  endfacet
  facet normal -0 0 1
    outer loop
      vertex 88.65 57.6983 1.6
      vertex 89.5185 57.3539 1.6
      vertex 89.45 57.6983 1.6
    endloop
  endfacet
  facet normal 0 0 1
    outer loop
      vertex 88.5815 57.3539 1.6
      vertex 89.5185 57.3539 1.6
      vertex 88.65 57.6983 1.6
    endloop
  endfacet
  facet normal 0 0 1
    outer loop
      vertex 88.3864 57.0619 1.6
      vertex 89.5185 57.3539 1.6
      vertex 88.5815 57.3539 1.6
    endloop
  endfacet
  facet normal 0 0 1
    outer loop
      vertex 88.0944 56.8668 1.6
      vertex 89.7136 57.0619 1.6
      vertex 88.3864 57.0619 1.6
    endloop
  endfacet
  facet normal 0 0 1
    outer loop
      vertex 87.35 55.4467 1.6
      vertex 90.0056 56.8668 1.6
      vertex 88.0944 56.8668 1.6
    endloop
  endfacet
  facet normal 0 0 1
    outer loop
      vertex 90.75 55.4467 1.6
      vertex 87.35 55.4467 1.6
      vertex 90.8185 55.1023 1.6
    endloop
  endfacet
  facet normal 0 0 1
    outer loop
      vertex 87.2815 55.1023 1.6
      vertex 90.8185 55.1023 1.6
      vertex 87.35 55.4467 1.6
    endloop
  endfacet
  facet normal 0 0 1
    outer loop
      vertex 87.2815 55.7911 1.6
      vertex 88.0944 56.8668 1.6
      vertex 87.75 56.7983 1.6
    endloop
  endfacet
  facet normal 0 0 1
    outer loop
      vertex 87.0864 56.0831 1.6
      vertex 87.75 56.7983 1.6
      vertex 87.4056 56.8668 1.6
    endloop
  endfacet
  facet normal 0 0 1
    outer loop
      vertex 90.8185 55.1023 1.6
      vertex 87.2815 55.1023 1.6
      vertex 91.0136 54.8103 1.6
    endloop
  endfacet
  facet normal 0 0 1
    outer loop
      vertex 87.0864 54.8103 1.6
      vertex 91.0136 54.8103 1.6
      vertex 87.2815 55.1023 1.6
    endloop
  endfacet
  facet normal 0 0 1
    outer loop
      vertex 86.7944 54.6152 1.6
      vertex 91.0136 54.8103 1.6
      vertex 87.0864 54.8103 1.6
    endloop
  endfacet
  facet normal 0 0 1
    outer loop
      vertex 86.45 54.5467 1.6
      vertex 91.3056 54.6152 1.6
      vertex 86.7944 54.6152 1.6
    endloop
  endfacet
  facet normal 0 0 1
    outer loop
      vertex 91.65 54.5467 1.6
      vertex 86.45 54.5467 1.6
      vertex 102.25 45.2 1.6
    endloop
  endfacet
  facet normal 0 0 1
    outer loop
      vertex 86.1056 54.6152 1.6
      vertex 102.25 45.2 1.6
      vertex 86.45 54.5467 1.6
    endloop
  endfacet
  facet normal 0 0 1
    outer loop
      vertex 85.6185 59.6056 1.6
      vertex 84.6815 59.6056 1.6
      vertex 84.4864 59.3136 1.6
    endloop
  endfacet
  facet normal -0 0 1
    outer loop
      vertex 83.85 59.05 1.6
      vertex 85.8136 56.0831 1.6
      vertex 84.1944 59.1185 1.6
    endloop
  endfacet
  facet normal 0 0 1
    outer loop
      vertex 85.8136 56.0831 1.6
      vertex 83.85 59.05 1.6
      vertex 85.6185 55.7911 1.6
    endloop
  endfacet
  facet normal 0 0 1
    outer loop
      vertex 83.5056 59.1185 1.6
      vertex 85.6185 55.7911 1.6
      vertex 83.85 59.05 1.6
    endloop
  endfacet
  facet normal 0 0 1
    outer loop
      vertex 85.6185 55.7911 1.6
      vertex 83.5056 59.1185 1.6
      vertex 85.55 55.4467 1.6
    endloop
  endfacet
  facet normal 0 0 1
    outer loop
      vertex 83.2136 59.3136 1.6
      vertex 85.55 55.4467 1.6
      vertex 83.5056 59.1185 1.6
    endloop
  endfacet
  facet normal 0 0 1
    outer loop
      vertex 85.55 55.4467 1.6
      vertex 83.2136 59.3136 1.6
      vertex 85.6185 55.1023 1.6
    endloop
  endfacet
  facet normal 0 0 1
    outer loop
      vertex 50.5 45.2 1.6
      vertex 83.2136 59.3136 1.6
      vertex 83.0185 59.6056 1.6
    endloop
  endfacet
  facet normal -0 0 1
    outer loop
      vertex 49.7 73.9 1.6
      vertex 82.95 59.95 1.6
      vertex 50.5 74.7 1.6
    endloop
  endfacet
  facet normal 0 0 1
    outer loop
      vertex 49.7 46 1.6
      vertex 82.95 59.95 1.6
      vertex 49.7 73.9 1.6
    endloop
  endfacet
  facet normal 0 0 1
    outer loop
      vertex 83.2136 59.3136 1.6
      vertex 50.5 45.2 1.6
      vertex 85.6185 55.1023 1.6
    endloop
  endfacet
  facet normal 0 0 1
    outer loop
      vertex 85.6185 55.1023 1.6
      vertex 50.5 45.2 1.6
      vertex 85.8136 54.8103 1.6
    endloop
  endfacet
  facet normal 0 0 1
    outer loop
      vertex 85.8136 54.8103 1.6
      vertex 50.5 45.2 1.6
      vertex 86.1056 54.6152 1.6
    endloop
  endfacet
  facet normal 0 0 1
    outer loop
      vertex 86.1056 54.6152 1.6
      vertex 50.5 45.2 1.6
      vertex 102.25 45.2 1.6
    endloop
  endfacet
  facet normal 0 0 1
    outer loop
      vertex 49.7 73.9 1.6
      vertex 50.5 74.7 1.6
      vertex 50.3956 74.6931 1.6
    endloop
  endfacet
  facet normal 0 -0 1
    outer loop
      vertex 50.5 45.2 1.6
      vertex 82.95 59.95 1.6
      vertex 49.7 46 1.6
    endloop
  endfacet
  facet normal 0 0 1
    outer loop
      vertex 49.7 73.9 1.6
      vertex 50.3956 74.6931 1.6
      vertex 50.2929 74.6727 1.6
    endloop
  endfacet
  facet normal 0 0 1
    outer loop
      vertex 82.95 59.95 1.6
      vertex 50.5 45.2 1.6
      vertex 83.0185 59.6056 1.6
    endloop
  endfacet
  facet normal 0 0 1
    outer loop
      vertex 49.7 73.9 1.6
      vertex 50.2929 74.6727 1.6
      vertex 50.1939 74.6391 1.6
    endloop
  endfacet
  facet normal 0 0 1
    outer loop
      vertex 50.5 45.2 1.6
      vertex 49.7 46 1.6
      vertex 50.3956 45.2069 1.6
    endloop
  endfacet
  facet normal 0 0 1
    outer loop
      vertex 49.7 73.9 1.6
      vertex 50.1939 74.6391 1.6
      vertex 50.1 74.5928 1.6
    endloop
  endfacet
  facet normal 0 0 1
    outer loop
      vertex 50.3956 45.2069 1.6
      vertex 49.7 46 1.6
      vertex 50.2929 45.2273 1.6
    endloop
  endfacet
  facet normal 0 0 1
    outer loop
      vertex 49.7 73.9 1.6
      vertex 50.1 74.5928 1.6
      vertex 50.013 74.5347 1.6
    endloop
  endfacet
  facet normal 0 0 1
    outer loop
      vertex 50.2929 45.2273 1.6
      vertex 49.7 46 1.6
      vertex 50.1939 45.2609 1.6
    endloop
  endfacet
  facet normal 0 0 1
    outer loop
      vertex 49.7 73.9 1.6
      vertex 50.013 74.5347 1.6
      vertex 49.9343 74.4657 1.6
    endloop
  endfacet
  facet normal 0 0 1
    outer loop
      vertex 50.1939 45.2609 1.6
      vertex 49.7 46 1.6
      vertex 50.1 45.3072 1.6
    endloop
  endfacet
  facet normal 0 0 1
    outer loop
      vertex 49.7 73.9 1.6
      vertex 49.9343 74.4657 1.6
      vertex 49.8653 74.387 1.6
    endloop
  endfacet
  facet normal 0 0 1
    outer loop
      vertex 50.1 45.3072 1.6
      vertex 49.7 46 1.6
      vertex 50.013 45.3653 1.6
    endloop
  endfacet
  facet normal 0 0 1
    outer loop
      vertex 49.7 73.9 1.6
      vertex 49.8653 74.387 1.6
      vertex 49.8072 74.3 1.6
    endloop
  endfacet
  facet normal 0 0 1
    outer loop
      vertex 50.013 45.3653 1.6
      vertex 49.7 46 1.6
      vertex 49.9343 45.4343 1.6
    endloop
  endfacet
  facet normal 0 0 1
    outer loop
      vertex 49.7 73.9 1.6
      vertex 49.8072 74.3 1.6
      vertex 49.7609 74.2061 1.6
    endloop
  endfacet
  facet normal 0 0 1
    outer loop
      vertex 49.9343 45.4343 1.6
      vertex 49.7 46 1.6
      vertex 49.8653 45.513 1.6
    endloop
  endfacet
  facet normal 0 0 1
    outer loop
      vertex 49.7 73.9 1.6
      vertex 49.7609 74.2061 1.6
      vertex 49.7273 74.1071 1.6
    endloop
  endfacet
  facet normal 0 0 1
    outer loop
      vertex 49.8653 45.513 1.6
      vertex 49.7 46 1.6
      vertex 49.8072 45.6 1.6
    endloop
  endfacet
  facet normal 0 0 1
    outer loop
      vertex 49.7 73.9 1.6
      vertex 49.7273 74.1071 1.6
      vertex 49.7069 74.0044 1.6
    endloop
  endfacet
  facet normal 0 0 1
    outer loop
      vertex 49.8072 45.6 1.6
      vertex 49.7 46 1.6
      vertex 49.7609 45.6939 1.6
    endloop
  endfacet
  facet normal 0 0 1
    outer loop
      vertex 49.7609 45.6939 1.6
      vertex 49.7 46 1.6
      vertex 49.7273 45.7929 1.6
    endloop
  endfacet
  facet normal 0 0 1
    outer loop
      vertex 49.7273 45.7929 1.6
      vertex 49.7 46 1.6
      vertex 49.7069 45.8956 1.6
    endloop
  endfacet
  facet normal -0 0 1
    outer loop
      vertex 90.9864 61.5653 1.6
      vertex 91.65 60.85 1.6
      vertex 91.1815 61.8573 1.6
    endloop
  endfacet
  facet normal 0 0 1
    outer loop
      vertex 91.65 60.85 1.6
      vertex 90.9864 61.5653 1.6
      vertex 91.3056 60.7815 1.6
    endloop
  endfacet
  facet normal -0 0 1
    outer loop
      vertex 90.6944 61.3702 1.6
      vertex 91.3056 60.7815 1.6
      vertex 90.9864 61.5653 1.6
    endloop
  endfacet
  facet normal 0 0 1
    outer loop
      vertex 91.3056 60.7815 1.6
      vertex 90.6944 61.3702 1.6
      vertex 91.0136 60.5864 1.6
    endloop
  endfacet
  facet normal -0 0 1
    outer loop
      vertex 90.35 61.3017 1.6
      vertex 91.0136 60.5864 1.6
      vertex 90.6944 61.3702 1.6
    endloop
  endfacet
  facet normal 0 0 1
    outer loop
      vertex 91.0136 60.5864 1.6
      vertex 90.35 61.3017 1.6
      vertex 90.8185 60.2944 1.6
    endloop
  endfacet
  facet normal -0 0 1
    outer loop
      vertex 90.9864 57.0619 1.6
      vertex 91.65 56.3467 1.6
      vertex 91.1815 57.3539 1.6
    endloop
  endfacet
  facet normal 0 0 1
    outer loop
      vertex 91.65 56.3467 1.6
      vertex 90.9864 57.0619 1.6
      vertex 91.3056 56.2782 1.6
    endloop
  endfacet
  facet normal -0 0 1
    outer loop
      vertex 90.6944 56.8668 1.6
      vertex 91.3056 56.2782 1.6
      vertex 90.9864 57.0619 1.6
    endloop
  endfacet
  facet normal 0 0 1
    outer loop
      vertex 91.3056 56.2782 1.6
      vertex 90.6944 56.8668 1.6
      vertex 91.0136 56.0831 1.6
    endloop
  endfacet
  facet normal -0 0 1
    outer loop
      vertex 90.35 56.7983 1.6
      vertex 91.0136 56.0831 1.6
      vertex 90.6944 56.8668 1.6
    endloop
  endfacet
  facet normal 0 0 1
    outer loop
      vertex 91.0136 56.0831 1.6
      vertex 90.35 56.7983 1.6
      vertex 90.8185 55.7911 1.6
    endloop
  endfacet
  facet normal -0.321388 -0.946948 0
    outer loop
      vertex 50.1939 45.2609 0
      vertex 50.2929 45.2273 1.6
      vertex 50.1939 45.2609 1.6
    endloop
  endfacet
  facet normal -0.321388 -0.946948 -0
    outer loop
      vertex 50.2929 45.2273 1.6
      vertex 50.1939 45.2609 0
      vertex 50.2929 45.2273 0
    endloop
  endfacet
  facet normal -0.946948 -0.321388 0
    outer loop
      vertex 49.7609 45.6939 0
      vertex 49.7273 45.7929 1.6
      vertex 49.7273 45.7929 0
    endloop
  endfacet
  facet normal -0.946948 -0.321388 0
    outer loop
      vertex 49.7273 45.7929 1.6
      vertex 49.7609 45.6939 0
      vertex 49.7609 45.6939 1.6
    endloop
  endfacet
  facet normal 0.898032 0.43993 0
    outer loop
      vertex 102.989 74.2061 1.6
      vertex 102.943 74.3 0
      vertex 102.943 74.3 1.6
    endloop
  endfacet
  facet normal 0.898032 0.43993 0
    outer loop
      vertex 102.943 74.3 0
      vertex 102.989 74.2061 1.6
      vertex 102.989 74.2061 0
    endloop
  endfacet
  facet normal 0.321388 0.946948 -0
    outer loop
      vertex 102.556 74.6391 0
      vertex 102.457 74.6727 1.6
      vertex 102.556 74.6391 1.6
    endloop
  endfacet
  facet normal 0.321388 0.946948 0
    outer loop
      vertex 102.457 74.6727 1.6
      vertex 102.556 74.6391 0
      vertex 102.457 74.6727 0
    endloop
  endfacet
  facet normal 0.945778 0.324813 0
    outer loop
      vertex 103.023 74.1071 1.6
      vertex 102.989 74.2061 0
      vertex 102.989 74.2061 1.6
    endloop
  endfacet
  facet normal 0.945778 0.324813 0
    outer loop
      vertex 102.989 74.2061 0
      vertex 103.023 74.1071 1.6
      vertex 103.023 74.1071 0
    endloop
  endfacet
  facet normal 0.751925 -0.659248 0
    outer loop
      vertex 102.816 45.4343 1.6
      vertex 102.885 45.513 0
      vertex 102.885 45.513 1.6
    endloop
  endfacet
  facet normal 0.751925 -0.659248 0
    outer loop
      vertex 102.885 45.513 0
      vertex 102.816 45.4343 1.6
      vertex 102.816 45.4343 0
    endloop
  endfacet
  facet normal -0.555362 -0.831609 0
    outer loop
      vertex 50.013 45.3653 0
      vertex 50.1 45.3072 1.6
      vertex 50.013 45.3653 1.6
    endloop
  endfacet
  facet normal -0.555362 -0.831609 -0
    outer loop
      vertex 50.1 45.3072 1.6
      vertex 50.013 45.3653 0
      vertex 50.1 45.3072 0
    endloop
  endfacet
  facet normal 0.0662006 0.997806 -0
    outer loop
      vertex 102.354 74.6931 0
      vertex 102.25 74.7 1.6
      vertex 102.354 74.6931 1.6
    endloop
  endfacet
  facet normal 0.0662006 0.997806 0
    outer loop
      vertex 102.25 74.7 1.6
      vertex 102.354 74.6931 0
      vertex 102.25 74.7 0
    endloop
  endfacet
  facet normal -0.980837 -0.19483 0
    outer loop
      vertex 49.7273 45.7929 0
      vertex 49.7069 45.8956 1.6
      vertex 49.7069 45.8956 0
    endloop
  endfacet
  facet normal -0.980837 -0.19483 0
    outer loop
      vertex 49.7069 45.8956 1.6
      vertex 49.7273 45.7929 0
      vertex 49.7273 45.7929 1.6
    endloop
  endfacet
  facet normal -0.997823 -0.0659481 0
    outer loop
      vertex 49.7069 45.8956 0
      vertex 49.7 46 1.6
      vertex 49.7 46 0
    endloop
  endfacet
  facet normal -0.997823 -0.0659481 0
    outer loop
      vertex 49.7 46 1.6
      vertex 49.7069 45.8956 0
      vertex 49.7069 45.8956 1.6
    endloop
  endfacet
  facet normal -0.831609 0.555362 0
    outer loop
      vertex 49.8072 74.3 0
      vertex 49.8653 74.387 1.6
      vertex 49.8653 74.387 0
    endloop
  endfacet
  facet normal -0.831609 0.555362 0
    outer loop
      vertex 49.8653 74.387 1.6
      vertex 49.8072 74.3 0
      vertex 49.8072 74.3 1.6
    endloop
  endfacet
  facet normal 0.981561 0.191151 0
    outer loop
      vertex 103.043 74.0044 1.6
      vertex 103.023 74.1071 0
      vertex 103.023 74.1071 1.6
    endloop
  endfacet
  facet normal 0.981561 0.191151 0
    outer loop
      vertex 103.023 74.1071 0
      vertex 103.043 74.0044 1.6
      vertex 103.043 74.0044 0
    endloop
  endfacet
  facet normal -0.946948 0.321388 0
    outer loop
      vertex 49.7273 74.1071 0
      vertex 49.7609 74.2061 1.6
      vertex 49.7609 74.2061 0
    endloop
  endfacet
  facet normal -0.946948 0.321388 0
    outer loop
      vertex 49.7609 74.2061 1.6
      vertex 49.7273 74.1071 0
      vertex 49.7273 74.1071 1.6
    endloop
  endfacet
  facet normal -0.896897 0.44224 0
    outer loop
      vertex 49.7609 74.2061 0
      vertex 49.8072 74.3 1.6
      vertex 49.8072 74.3 0
    endloop
  endfacet
  facet normal -0.896897 0.44224 0
    outer loop
      vertex 49.8072 74.3 1.6
      vertex 49.7609 74.2061 0
      vertex 49.7609 74.2061 1.6
    endloop
  endfacet
  facet normal 0.83205 -0.5547 0
    outer loop
      vertex 102.885 45.513 1.6
      vertex 102.943 45.6 0
      vertex 102.943 45.6 1.6
    endloop
  endfacet
  facet normal 0.83205 -0.5547 0
    outer loop
      vertex 102.943 45.6 0
      vertex 102.885 45.513 1.6
      vertex 102.885 45.513 0
    endloop
  endfacet
  facet normal -0.751925 -0.659248 0
    outer loop
      vertex 49.9343 45.4343 0
      vertex 49.8653 45.513 1.6
      vertex 49.8653 45.513 0
    endloop
  endfacet
  facet normal -0.751925 -0.659248 0
    outer loop
      vertex 49.8653 45.513 1.6
      vertex 49.9343 45.4343 0
      vertex 49.9343 45.4343 1.6
    endloop
  endfacet
  facet normal 0.441861 0.897083 -0
    outer loop
      vertex 102.65 74.5928 0
      vertex 102.556 74.6391 1.6
      vertex 102.65 74.5928 1.6
    endloop
  endfacet
  facet normal 0.441861 0.897083 0
    outer loop
      vertex 102.556 74.6391 1.6
      vertex 102.65 74.5928 0
      vertex 102.556 74.6391 0
    endloop
  endfacet
  facet normal -0.659248 -0.751925 0
    outer loop
      vertex 49.9343 45.4343 0
      vertex 50.013 45.3653 1.6
      vertex 49.9343 45.4343 1.6
    endloop
  endfacet
  facet normal -0.659248 -0.751925 -0
    outer loop
      vertex 50.013 45.3653 1.6
      vertex 49.9343 45.4343 0
      vertex 50.013 45.3653 0
    endloop
  endfacet
  facet normal 0.555362 0.831609 -0
    outer loop
      vertex 102.737 74.5347 0
      vertex 102.65 74.5928 1.6
      vertex 102.737 74.5347 1.6
    endloop
  endfacet
  facet normal 0.555362 0.831609 0
    outer loop
      vertex 102.65 74.5928 1.6
      vertex 102.737 74.5347 0
      vertex 102.65 74.5928 0
    endloop
  endfacet
  facet normal 0.555362 -0.831609 0
    outer loop
      vertex 102.65 45.3072 0
      vertex 102.737 45.3653 1.6
      vertex 102.65 45.3072 1.6
    endloop
  endfacet
  facet normal 0.555362 -0.831609 0
    outer loop
      vertex 102.737 45.3653 1.6
      vertex 102.65 45.3072 0
      vertex 102.737 45.3653 0
    endloop
  endfacet
  facet normal -0.980837 0.19483 0
    outer loop
      vertex 49.7069 74.0044 0
      vertex 49.7273 74.1071 1.6
      vertex 49.7273 74.1071 0
    endloop
  endfacet
  facet normal -0.980837 0.19483 0
    outer loop
      vertex 49.7273 74.1071 1.6
      vertex 49.7069 74.0044 0
      vertex 49.7069 74.0044 1.6
    endloop
  endfacet
  facet normal -0.997823 0.0659481 0
    outer loop
      vertex 49.7 73.9 0
      vertex 49.7069 74.0044 1.6
      vertex 49.7069 74.0044 0
    endloop
  endfacet
  facet normal -0.997823 0.0659481 0
    outer loop
      vertex 49.7069 74.0044 1.6
      vertex 49.7 73.9 0
      vertex 49.7 73.9 1.6
    endloop
  endfacet
endsolid OpenSCAD_Model
