solid OpenSCAD_Model
  facet normal -0.0654426 -0.997856 0
    outer loop
      vertex 0.869476 0.00856018 0
      vertex 1 0 1.6
      vertex 0.869476 0.00856018 1.6
    endloop
  endfacet
  facet normal -0.0654426 -0.997856 -0
    outer loop
      vertex 1 0 1.6
      vertex 0.869476 0.00856018 0
      vertex 1 0 0
    endloop
  endfacet
  facet normal 0.321404 -0.946942 0
    outer loop
      vertex 47.4588 0.0340729 0
      vertex 47.5827 0.0761261 1.6
      vertex 47.4588 0.0340729 1.6
    endloop
  endfacet
  facet normal 0.321404 -0.946942 0
    outer loop
      vertex 47.5827 0.0761261 1.6
      vertex 47.4588 0.0340729 0
      vertex 47.5827 0.0761261 0
    endloop
  endfacet
  facet normal 0 -1 0
    outer loop
      vertex 1 0 0
      vertex 47.2 0 1.6
      vertex 1 0 1.6
    endloop
  endfacet
  facet normal 0 -1 -0
    outer loop
      vertex 47.2 0 1.6
      vertex 1 0 0
      vertex 47.2 0 0
    endloop
  endfacet
  facet normal 0.195033 -0.980797 0
    outer loop
      vertex 47.3305 0.00856018 0
      vertex 47.4588 0.0340729 1.6
      vertex 47.3305 0.00856018 1.6
    endloop
  endfacet
  facet normal 0.195033 -0.980797 0
    outer loop
      vertex 47.4588 0.0340729 1.6
      vertex 47.3305 0.00856018 0
      vertex 47.4588 0.0340729 0
    endloop
  endfacet
  facet normal -0.195039 -0.980795 0
    outer loop
      vertex 0.74118 0.0340729 0
      vertex 0.869476 0.00856018 1.6
      vertex 0.74118 0.0340729 1.6
    endloop
  endfacet
  facet normal -0.195039 -0.980795 -0
    outer loop
      vertex 0.869476 0.00856018 1.6
      vertex 0.74118 0.0340729 0
      vertex 0.869476 0.00856018 0
    endloop
  endfacet
  facet normal -0.659153 0.752008 0
    outer loop
      vertex 0.391235 18.9933 0
      vertex 0.292892 18.9071 1.6
      vertex 0.391235 18.9933 1.6
    endloop
  endfacet
  facet normal -0.659153 0.752008 0
    outer loop
      vertex 0.292892 18.9071 1.6
      vertex 0.391235 18.9933 0
      vertex 0.292892 18.9071 0
    endloop
  endfacet
  facet normal 0.0654546 -0.997856 0
    outer loop
      vertex 47.2 0 0
      vertex 47.3305 0.00856018 1.6
      vertex 47.2 0 1.6
    endloop
  endfacet
  facet normal 0.0654546 -0.997856 0
    outer loop
      vertex 47.3305 0.00856018 1.6
      vertex 47.2 0 0
      vertex 47.3305 0.00856018 0
    endloop
  endfacet
  facet normal 0.321039 0.947066 -0
    outer loop
      vertex 47.5827 19.1239 0
      vertex 47.4588 19.1659 1.6
      vertex 47.5827 19.1239 1.6
    endloop
  endfacet
  facet normal 0.321039 0.947066 0
    outer loop
      vertex 47.4588 19.1659 1.6
      vertex 47.5827 19.1239 0
      vertex 47.4588 19.1659 0
    endloop
  endfacet
  facet normal 0.947066 0.321039 0
    outer loop
      vertex 48.1659 18.4588 1.6
      vertex 48.1239 18.5827 0
      vertex 48.1239 18.5827 1.6
    endloop
  endfacet
  facet normal 0.947066 0.321039 0
    outer loop
      vertex 48.1239 18.5827 0
      vertex 48.1659 18.4588 1.6
      vertex 48.1659 18.4588 0
    endloop
  endfacet
  facet normal -0.0657457 0.997836 0
    outer loop
      vertex 1 19.2 0
      vertex 0.869476 19.1914 1.6
      vertex 1 19.2 1.6
    endloop
  endfacet
  facet normal -0.0657457 0.997836 0
    outer loop
      vertex 0.869476 19.1914 1.6
      vertex 1 19.2 0
      vertex 0.869476 19.1914 0
    endloop
  endfacet
  facet normal -1 0 0
    outer loop
      vertex 0 1 0
      vertex 0 18.2 1.6
      vertex 0 18.2 0
    endloop
  endfacet
  facet normal -1 -0 0
    outer loop
      vertex 0 18.2 1.6
      vertex 0 1 0
      vertex 0 1 1.6
    endloop
  endfacet
  facet normal -0.321109 0.947042 0
    outer loop
      vertex 0.74118 19.1659 0
      vertex 0.61731 19.1239 1.6
      vertex 0.74118 19.1659 1.6
    endloop
  endfacet
  facet normal -0.321109 0.947042 0
    outer loop
      vertex 0.61731 19.1239 1.6
      vertex 0.74118 19.1659 0
      vertex 0.61731 19.1239 0
    endloop
  endfacet
  facet normal 0.555582 0.831462 -0
    outer loop
      vertex 47.8088 18.9933 0
      vertex 47.7 19.066 1.6
      vertex 47.8088 18.9933 1.6
    endloop
  endfacet
  facet normal 0.555582 0.831462 0
    outer loop
      vertex 47.7 19.066 1.6
      vertex 47.8088 18.9933 0
      vertex 47.7 19.066 0
    endloop
  endfacet
  facet normal 0 0 1
    outer loop
      vertex 47.2 19.2 1.6
      vertex 48.2 18.2 1.6
      vertex 48.1914 18.3305 1.6
    endloop
  endfacet
  facet normal 0 0 1
    outer loop
      vertex 48.2 18.2 1.6
      vertex 46.3 16.7 1.6
      vertex 48.2 1 1.6
    endloop
  endfacet
  facet normal 0 0 1
    outer loop
      vertex 47.2 19.2 1.6
      vertex 48.1914 18.3305 1.6
      vertex 48.1659 18.4588 1.6
    endloop
  endfacet
  facet normal -0 0 1
    outer loop
      vertex 46.3 2.50001 1.6
      vertex 48.2 1 1.6
      vertex 46.3 16.7 1.6
    endloop
  endfacet
  facet normal 0 0 1
    outer loop
      vertex 47.2 19.2 1.6
      vertex 48.1659 18.4588 1.6
      vertex 48.1239 18.5827 1.6
    endloop
  endfacet
  facet normal -0 0 1
    outer loop
      vertex 46.2949 2.4217 1.6
      vertex 48.2 1 1.6
      vertex 46.3 2.50001 1.6
    endloop
  endfacet
  facet normal 0 0 1
    outer loop
      vertex 47.2 19.2 1.6
      vertex 48.1239 18.5827 1.6
      vertex 48.066 18.7 1.6
    endloop
  endfacet
  facet normal -0 0 1
    outer loop
      vertex 46.2795 2.34472 1.6
      vertex 48.2 1 1.6
      vertex 46.2949 2.4217 1.6
    endloop
  endfacet
  facet normal 0 0 1
    outer loop
      vertex 47.2 19.2 1.6
      vertex 48.066 18.7 1.6
      vertex 47.9933 18.8088 1.6
    endloop
  endfacet
  facet normal -0 0 1
    outer loop
      vertex 46.2543 2.27039 1.6
      vertex 48.2 1 1.6
      vertex 46.2795 2.34472 1.6
    endloop
  endfacet
  facet normal 0 0 1
    outer loop
      vertex 47.2 19.2 1.6
      vertex 47.9933 18.8088 1.6
      vertex 47.9071 18.9071 1.6
    endloop
  endfacet
  facet normal -0 0 1
    outer loop
      vertex 46.2196 2.2 1.6
      vertex 48.2 1 1.6
      vertex 46.2543 2.27039 1.6
    endloop
  endfacet
  facet normal 0 0 1
    outer loop
      vertex 47.2 19.2 1.6
      vertex 47.9071 18.9071 1.6
      vertex 47.8088 18.9933 1.6
    endloop
  endfacet
  facet normal -0 0 1
    outer loop
      vertex 46.176 2.13476 1.6
      vertex 48.2 1 1.6
      vertex 46.2196 2.2 1.6
    endloop
  endfacet
  facet normal 0 0 1
    outer loop
      vertex 47.2 19.2 1.6
      vertex 47.8088 18.9933 1.6
      vertex 47.7 19.066 1.6
    endloop
  endfacet
  facet normal -0 0 1
    outer loop
      vertex 46.1243 2.07574 1.6
      vertex 48.2 1 1.6
      vertex 46.176 2.13476 1.6
    endloop
  endfacet
  facet normal 0 0 1
    outer loop
      vertex 47.2 19.2 1.6
      vertex 47.7 19.066 1.6
      vertex 47.5827 19.1239 1.6
    endloop
  endfacet
  facet normal 0 -0 1
    outer loop
      vertex 47.2 0 1.6
      vertex 48.2 1 1.6
      vertex 46.1243 2.07574 1.6
    endloop
  endfacet
  facet normal 0 0 1
    outer loop
      vertex 47.2 19.2 1.6
      vertex 47.5827 19.1239 1.6
      vertex 47.4588 19.1659 1.6
    endloop
  endfacet
  facet normal 0 0 1
    outer loop
      vertex 48.2 1 1.6
      vertex 47.2 0 1.6
      vertex 48.1914 0.869476 1.6
    endloop
  endfacet
  facet normal 0 0 1
    outer loop
      vertex 47.2 19.2 1.6
      vertex 47.4588 19.1659 1.6
      vertex 47.3305 19.1914 1.6
    endloop
  endfacet
  facet normal 0 0 1
    outer loop
      vertex 48.1914 0.869476 1.6
      vertex 47.2 0 1.6
      vertex 48.1659 0.74118 1.6
    endloop
  endfacet
  facet normal 0 0 1
    outer loop
      vertex 48.2 18.2 1.6
      vertex 47.2 19.2 1.6
      vertex 46.1243 17.1243 1.6
    endloop
  endfacet
  facet normal 0 0 1
    outer loop
      vertex 48.1659 0.74118 1.6
      vertex 47.2 0 1.6
      vertex 48.1239 0.61731 1.6
    endloop
  endfacet
  facet normal 0 0 1
    outer loop
      vertex 48.1239 0.61731 1.6
      vertex 47.2 0 1.6
      vertex 48.066 0.5 1.6
    endloop
  endfacet
  facet normal 0 0 1
    outer loop
      vertex 48.2 18.2 1.6
      vertex 46.2949 16.7783 1.6
      vertex 46.3 16.7 1.6
    endloop
  endfacet
  facet normal 0 0 1
    outer loop
      vertex 48.2 18.2 1.6
      vertex 46.2795 16.8553 1.6
      vertex 46.2949 16.7783 1.6
    endloop
  endfacet
  facet normal 0 0 1
    outer loop
      vertex 48.2 18.2 1.6
      vertex 46.2543 16.9296 1.6
      vertex 46.2795 16.8553 1.6
    endloop
  endfacet
  facet normal 0 0 1
    outer loop
      vertex 48.2 18.2 1.6
      vertex 46.2196 17 1.6
      vertex 46.2543 16.9296 1.6
    endloop
  endfacet
  facet normal 0 0 1
    outer loop
      vertex 48.2 18.2 1.6
      vertex 46.176 17.0652 1.6
      vertex 46.2196 17 1.6
    endloop
  endfacet
  facet normal 0 0 1
    outer loop
      vertex 48.2 18.2 1.6
      vertex 46.1243 17.1243 1.6
      vertex 46.176 17.0652 1.6
    endloop
  endfacet
  facet normal 0 0 1
    outer loop
      vertex 47.2 19.2 1.6
      vertex 46.0652 17.176 1.6
      vertex 46.1243 17.1243 1.6
    endloop
  endfacet
  facet normal 0 0 1
    outer loop
      vertex 47.2 19.2 1.6
      vertex 46 17.2196 1.6
      vertex 46.0652 17.176 1.6
    endloop
  endfacet
  facet normal 0 0 1
    outer loop
      vertex 47.2 19.2 1.6
      vertex 45.9296 17.2543 1.6
      vertex 46 17.2196 1.6
    endloop
  endfacet
  facet normal 0 0 1
    outer loop
      vertex 47.2 19.2 1.6
      vertex 45.8553 17.2795 1.6
      vertex 45.9296 17.2543 1.6
    endloop
  endfacet
  facet normal 0 0 1
    outer loop
      vertex 47.2 19.2 1.6
      vertex 45.7783 17.2949 1.6
      vertex 45.8553 17.2795 1.6
    endloop
  endfacet
  facet normal 0 0 1
    outer loop
      vertex 47.2 19.2 1.6
      vertex 45.7 17.3 1.6
      vertex 45.7783 17.2949 1.6
    endloop
  endfacet
  facet normal 0 0 1
    outer loop
      vertex 47.2 19.2 1.6
      vertex 2.50001 17.3 1.6
      vertex 45.7 17.3 1.6
    endloop
  endfacet
  facet normal 0 0 1
    outer loop
      vertex 1.90514 16.7783 1.6
      vertex 0 18.2 1.6
      vertex 1.9 16.7 1.6
    endloop
  endfacet
  facet normal 0 0 1
    outer loop
      vertex 1.92045 16.8553 1.6
      vertex 0 18.2 1.6
      vertex 1.90514 16.7783 1.6
    endloop
  endfacet
  facet normal 0 0 1
    outer loop
      vertex 1.94568 16.9296 1.6
      vertex 0 18.2 1.6
      vertex 1.92045 16.8553 1.6
    endloop
  endfacet
  facet normal 0 0 1
    outer loop
      vertex 1.98038 17 1.6
      vertex 0 18.2 1.6
      vertex 1.94568 16.9296 1.6
    endloop
  endfacet
  facet normal 0 0 1
    outer loop
      vertex 2.02399 17.0652 1.6
      vertex 0 18.2 1.6
      vertex 1.98038 17 1.6
    endloop
  endfacet
  facet normal 0 0 1
    outer loop
      vertex 2.07574 17.1243 1.6
      vertex 0 18.2 1.6
      vertex 2.02399 17.0652 1.6
    endloop
  endfacet
  facet normal -0 0 1
    outer loop
      vertex 0 18.2 1.6
      vertex 2.07574 17.1243 1.6
      vertex 1 19.2 1.6
    endloop
  endfacet
  facet normal 0 0 1
    outer loop
      vertex 2.13476 17.176 1.6
      vertex 1 19.2 1.6
      vertex 2.07574 17.1243 1.6
    endloop
  endfacet
  facet normal 0 0 1
    outer loop
      vertex 2.2 17.2196 1.6
      vertex 1 19.2 1.6
      vertex 2.13476 17.176 1.6
    endloop
  endfacet
  facet normal 0 0 1
    outer loop
      vertex 2.27039 17.2543 1.6
      vertex 1 19.2 1.6
      vertex 2.2 17.2196 1.6
    endloop
  endfacet
  facet normal 0 0 1
    outer loop
      vertex 2.34472 17.2795 1.6
      vertex 1 19.2 1.6
      vertex 2.27039 17.2543 1.6
    endloop
  endfacet
  facet normal 0 0 1
    outer loop
      vertex 2.4217 17.2949 1.6
      vertex 1 19.2 1.6
      vertex 2.34472 17.2795 1.6
    endloop
  endfacet
  facet normal 0 0 1
    outer loop
      vertex 2.50001 17.3 1.6
      vertex 1 19.2 1.6
      vertex 2.4217 17.2949 1.6
    endloop
  endfacet
  facet normal -0 0 1
    outer loop
      vertex 1 19.2 1.6
      vertex 2.50001 17.3 1.6
      vertex 47.2 19.2 1.6
    endloop
  endfacet
  facet normal 0 0 1
    outer loop
      vertex 48.066 0.5 1.6
      vertex 47.2 0 1.6
      vertex 47.9933 0.391235 1.6
    endloop
  endfacet
  facet normal 0 0 1
    outer loop
      vertex 47.9071 0.292892 1.6
      vertex 47.2 0 1.6
      vertex 47.8088 0.20665 1.6
    endloop
  endfacet
  facet normal 0 0 1
    outer loop
      vertex 47.8088 0.20665 1.6
      vertex 47.2 0 1.6
      vertex 47.7 0.133972 1.6
    endloop
  endfacet
  facet normal 0 0 1
    outer loop
      vertex 47.7 0.133972 1.6
      vertex 47.2 0 1.6
      vertex 47.5827 0.0761261 1.6
    endloop
  endfacet
  facet normal 0 0 1
    outer loop
      vertex 47.5827 0.0761261 1.6
      vertex 47.2 0 1.6
      vertex 47.4588 0.0340729 1.6
    endloop
  endfacet
  facet normal 0 0 1
    outer loop
      vertex 47.4588 0.0340729 1.6
      vertex 47.2 0 1.6
      vertex 47.3305 0.00856018 1.6
    endloop
  endfacet
  facet normal 0 0 1
    outer loop
      vertex 47.9933 0.391235 1.6
      vertex 47.2 0 1.6
      vertex 47.9071 0.292892 1.6
    endloop
  endfacet
  facet normal -0 0 1
    outer loop
      vertex 46.0652 2.02399 1.6
      vertex 47.2 0 1.6
      vertex 46.1243 2.07574 1.6
    endloop
  endfacet
  facet normal -0 0 1
    outer loop
      vertex 46 1.98038 1.6
      vertex 47.2 0 1.6
      vertex 46.0652 2.02399 1.6
    endloop
  endfacet
  facet normal -0 0 1
    outer loop
      vertex 45.9296 1.94568 1.6
      vertex 47.2 0 1.6
      vertex 46 1.98038 1.6
    endloop
  endfacet
  facet normal -0 0 1
    outer loop
      vertex 45.8553 1.92045 1.6
      vertex 47.2 0 1.6
      vertex 45.9296 1.94568 1.6
    endloop
  endfacet
  facet normal -0 0 1
    outer loop
      vertex 45.7783 1.90514 1.6
      vertex 47.2 0 1.6
      vertex 45.8553 1.92045 1.6
    endloop
  endfacet
  facet normal -0 0 1
    outer loop
      vertex 45.7 1.9 1.6
      vertex 47.2 0 1.6
      vertex 45.7783 1.90514 1.6
    endloop
  endfacet
  facet normal -0 0 1
    outer loop
      vertex 2.50001 1.9 1.6
      vertex 47.2 0 1.6
      vertex 45.7 1.9 1.6
    endloop
  endfacet
  facet normal 0 0 1
    outer loop
      vertex 2.50001 1.9 1.6
      vertex 1 0 1.6
      vertex 47.2 0 1.6
    endloop
  endfacet
  facet normal 0 0 1
    outer loop
      vertex 2.4217 1.90514 1.6
      vertex 1 0 1.6
      vertex 2.50001 1.9 1.6
    endloop
  endfacet
  facet normal 0 0 1
    outer loop
      vertex 2.34472 1.92045 1.6
      vertex 1 0 1.6
      vertex 2.4217 1.90514 1.6
    endloop
  endfacet
  facet normal 0 0 1
    outer loop
      vertex 2.27039 1.94568 1.6
      vertex 1 0 1.6
      vertex 2.34472 1.92045 1.6
    endloop
  endfacet
  facet normal 0 0 1
    outer loop
      vertex 2.2 1.98038 1.6
      vertex 1 0 1.6
      vertex 2.27039 1.94568 1.6
    endloop
  endfacet
  facet normal 0 0 1
    outer loop
      vertex 2.13476 2.02399 1.6
      vertex 1 0 1.6
      vertex 2.2 1.98038 1.6
    endloop
  endfacet
  facet normal 0 0 1
    outer loop
      vertex 2.07574 2.07574 1.6
      vertex 1 0 1.6
      vertex 2.13476 2.02399 1.6
    endloop
  endfacet
  facet normal 0 0 1
    outer loop
      vertex 0 1 1.6
      vertex 2.07574 2.07574 1.6
      vertex 2.02399 2.13476 1.6
    endloop
  endfacet
  facet normal 0 0 1
    outer loop
      vertex 0 1 1.6
      vertex 2.02399 2.13476 1.6
      vertex 1.98038 2.2 1.6
    endloop
  endfacet
  facet normal 0 0 1
    outer loop
      vertex 0 1 1.6
      vertex 1.98038 2.2 1.6
      vertex 1.94568 2.27039 1.6
    endloop
  endfacet
  facet normal 0 0 1
    outer loop
      vertex 0 1 1.6
      vertex 1.94568 2.27039 1.6
      vertex 1.92045 2.34472 1.6
    endloop
  endfacet
  facet normal 0 0 1
    outer loop
      vertex 0 1 1.6
      vertex 1.92045 2.34472 1.6
      vertex 1.90514 2.4217 1.6
    endloop
  endfacet
  facet normal 0 0 1
    outer loop
      vertex 0 1 1.6
      vertex 1.90514 2.4217 1.6
      vertex 1.9 2.50001 1.6
    endloop
  endfacet
  facet normal 0 0 1
    outer loop
      vertex 1.9 16.7 1.6
      vertex 0 18.2 1.6
      vertex 1.9 2.50001 1.6
    endloop
  endfacet
  facet normal 0 0 1
    outer loop
      vertex 0 18.2 1.6
      vertex 1 19.2 1.6
      vertex 0.869476 19.1914 1.6
    endloop
  endfacet
  facet normal 0 0 1
    outer loop
      vertex 0 1 1.6
      vertex 1.9 2.50001 1.6
      vertex 0 18.2 1.6
    endloop
  endfacet
  facet normal 0 0 1
    outer loop
      vertex 0 18.2 1.6
      vertex 0.869476 19.1914 1.6
      vertex 0.74118 19.1659 1.6
    endloop
  endfacet
  facet normal 0 0 1
    outer loop
      vertex 2.07574 2.07574 1.6
      vertex 0 1 1.6
      vertex 1 0 1.6
    endloop
  endfacet
  facet normal 0 0 1
    outer loop
      vertex 0 18.2 1.6
      vertex 0.74118 19.1659 1.6
      vertex 0.61731 19.1239 1.6
    endloop
  endfacet
  facet normal 0 0 1
    outer loop
      vertex 1 0 1.6
      vertex 0 1 1.6
      vertex 0.869476 0.00856018 1.6
    endloop
  endfacet
  facet normal 0 0 1
    outer loop
      vertex 0 18.2 1.6
      vertex 0.61731 19.1239 1.6
      vertex 0.5 19.066 1.6
    endloop
  endfacet
  facet normal 0 0 1
    outer loop
      vertex 0.869476 0.00856018 1.6
      vertex 0 1 1.6
      vertex 0.74118 0.0340729 1.6
    endloop
  endfacet
  facet normal 0 0 1
    outer loop
      vertex 0 18.2 1.6
      vertex 0.5 19.066 1.6
      vertex 0.391235 18.9933 1.6
    endloop
  endfacet
  facet normal 0 0 1
    outer loop
      vertex 0.74118 0.0340729 1.6
      vertex 0 1 1.6
      vertex 0.61731 0.0761261 1.6
    endloop
  endfacet
  facet normal 0 0 1
    outer loop
      vertex 0 18.2 1.6
      vertex 0.391235 18.9933 1.6
      vertex 0.292892 18.9071 1.6
    endloop
  endfacet
  facet normal 0 0 1
    outer loop
      vertex 0.61731 0.0761261 1.6
      vertex 0 1 1.6
      vertex 0.5 0.133972 1.6
    endloop
  endfacet
  facet normal 0 0 1
    outer loop
      vertex 0 18.2 1.6
      vertex 0.292892 18.9071 1.6
      vertex 0.20665 18.8088 1.6
    endloop
  endfacet
  facet normal 0 0 1
    outer loop
      vertex 0.5 0.133972 1.6
      vertex 0 1 1.6
      vertex 0.391235 0.20665 1.6
    endloop
  endfacet
  facet normal 0 0 1
    outer loop
      vertex 0 18.2 1.6
      vertex 0.20665 18.8088 1.6
      vertex 0.133972 18.7 1.6
    endloop
  endfacet
  facet normal 0 0 1
    outer loop
      vertex 0.391235 0.20665 1.6
      vertex 0 1 1.6
      vertex 0.292892 0.292892 1.6
    endloop
  endfacet
  facet normal 0 0 1
    outer loop
      vertex 0 18.2 1.6
      vertex 0.133972 18.7 1.6
      vertex 0.0761261 18.5827 1.6
    endloop
  endfacet
  facet normal 0 0 1
    outer loop
      vertex 0.292892 0.292892 1.6
      vertex 0 1 1.6
      vertex 0.20665 0.391235 1.6
    endloop
  endfacet
  facet normal 0 0 1
    outer loop
      vertex 0 18.2 1.6
      vertex 0.0761261 18.5827 1.6
      vertex 0.0340729 18.4588 1.6
    endloop
  endfacet
  facet normal 0 0 1
    outer loop
      vertex 0.20665 0.391235 1.6
      vertex 0 1 1.6
      vertex 0.133972 0.5 1.6
    endloop
  endfacet
  facet normal 0 0 1
    outer loop
      vertex 0 18.2 1.6
      vertex 0.0340729 18.4588 1.6
      vertex 0.00856018 18.3305 1.6
    endloop
  endfacet
  facet normal 0 0 1
    outer loop
      vertex 0.133972 0.5 1.6
      vertex 0 1 1.6
      vertex 0.0761261 0.61731 1.6
    endloop
  endfacet
  facet normal 0 0 1
    outer loop
      vertex 0.0761261 0.61731 1.6
      vertex 0 1 1.6
      vertex 0.0340729 0.74118 1.6
    endloop
  endfacet
  facet normal 0 0 1
    outer loop
      vertex 0.0340729 0.74118 1.6
      vertex 0 1 1.6
      vertex 0.00856018 0.869476 1.6
    endloop
  endfacet
  facet normal 0 1 -0
    outer loop
      vertex 47.2 19.2 0
      vertex 1 19.2 1.6
      vertex 47.2 19.2 1.6
    endloop
  endfacet
  facet normal 0 1 0
    outer loop
      vertex 1 19.2 1.6
      vertex 47.2 19.2 0
      vertex 1 19.2 0
    endloop
  endfacet
  facet normal 0.659498 -0.751706 0
    outer loop
      vertex 47.8088 0.20665 0
      vertex 47.9071 0.292892 1.6
      vertex 47.8088 0.20665 1.6
    endloop
  endfacet
  facet normal 0.659498 -0.751706 0
    outer loop
      vertex 47.9071 0.292892 1.6
      vertex 47.8088 0.20665 0
      vertex 47.9071 0.292892 0
    endloop
  endfacet
  facet normal -0.321474 -0.946918 0
    outer loop
      vertex 0.61731 0.0761261 0
      vertex 0.74118 0.0340729 1.6
      vertex 0.61731 0.0761261 1.6
    endloop
  endfacet
  facet normal -0.321474 -0.946918 -0
    outer loop
      vertex 0.74118 0.0340729 1.6
      vertex 0.61731 0.0761261 0
      vertex 0.74118 0.0340729 0
    endloop
  endfacet
  facet normal -0.946942 0.321404 0
    outer loop
      vertex 0.0340729 18.4588 0
      vertex 0.0761261 18.5827 1.6
      vertex 0.0761261 18.5827 0
    endloop
  endfacet
  facet normal -0.946942 0.321404 0
    outer loop
      vertex 0.0761261 18.5827 1.6
      vertex 0.0340729 18.4588 0
      vertex 0.0340729 18.4588 1.6
    endloop
  endfacet
  facet normal -0.896873 0.442288 0
    outer loop
      vertex 0.0761261 18.5827 0
      vertex 0.133972 18.7 1.6
      vertex 0.133972 18.7 0
    endloop
  endfacet
  facet normal -0.896873 0.442288 0
    outer loop
      vertex 0.133972 18.7 1.6
      vertex 0.0761261 18.5827 0
      vertex 0.0761261 18.5827 1.6
    endloop
  endfacet
  facet normal 1 -0 0
    outer loop
      vertex 48.2 1 1.6
      vertex 48.2 18.2 0
      vertex 48.2 18.2 1.6
    endloop
  endfacet
  facet normal 1 0 0
    outer loop
      vertex 48.2 18.2 0
      vertex 48.2 1 1.6
      vertex 48.2 1 0
    endloop
  endfacet
  facet normal -0.442591 0.896724 0
    outer loop
      vertex 0.61731 19.1239 0
      vertex 0.5 19.066 1.6
      vertex 0.61731 19.1239 1.6
    endloop
  endfacet
  facet normal -0.442591 0.896724 0
    outer loop
      vertex 0.5 19.066 1.6
      vertex 0.61731 19.1239 0
      vertex 0.5 19.066 0
    endloop
  endfacet
  facet normal 0.831379 -0.555705 0
    outer loop
      vertex 47.9933 0.391235 1.6
      vertex 48.066 0.5 0
      vertex 48.066 0.5 1.6
    endloop
  endfacet
  facet normal 0.831379 -0.555705 0
    outer loop
      vertex 48.066 0.5 0
      vertex 47.9933 0.391235 1.6
      vertex 47.9933 0.391235 0
    endloop
  endfacet
  facet normal 0.19494 0.980815 -0
    outer loop
      vertex 47.4588 19.1659 0
      vertex 47.3305 19.1914 1.6
      vertex 47.4588 19.1659 1.6
    endloop
  endfacet
  facet normal 0.19494 0.980815 0
    outer loop
      vertex 47.3305 19.1914 1.6
      vertex 47.4588 19.1659 0
      vertex 47.3305 19.1914 0
    endloop
  endfacet
  facet normal 0.752008 -0.659153 0
    outer loop
      vertex 47.9071 0.292892 1.6
      vertex 47.9933 0.391235 0
      vertex 47.9933 0.391235 1.6
    endloop
  endfacet
  facet normal 0.752008 -0.659153 0
    outer loop
      vertex 47.9933 0.391235 0
      vertex 47.9071 0.292892 1.6
      vertex 47.9071 0.292892 0
    endloop
  endfacet
  facet normal -0.194946 0.980814 0
    outer loop
      vertex 0.869476 19.1914 0
      vertex 0.74118 19.1659 1.6
      vertex 0.869476 19.1914 1.6
    endloop
  endfacet
  facet normal -0.194946 0.980814 0
    outer loop
      vertex 0.74118 19.1659 1.6
      vertex 0.869476 19.1914 0
      vertex 0.74118 19.1659 0
    endloop
  endfacet
  facet normal 0.997836 -0.0657457 0
    outer loop
      vertex 48.1914 0.869476 1.6
      vertex 48.2 1 0
      vertex 48.2 1 1.6
    endloop
  endfacet
  facet normal 0.997836 -0.0657457 0
    outer loop
      vertex 48.2 1 0
      vertex 48.1914 0.869476 1.6
      vertex 48.1914 0.869476 0
    endloop
  endfacet
  facet normal -0.980797 0.195033 0
    outer loop
      vertex 0.00856018 18.3305 0
      vertex 0.0340729 18.4588 1.6
      vertex 0.0340729 18.4588 0
    endloop
  endfacet
  facet normal -0.980797 0.195033 0
    outer loop
      vertex 0.0340729 18.4588 1.6
      vertex 0.00856018 18.3305 0
      vertex 0.00856018 18.3305 1.6
    endloop
  endfacet
  facet normal -0.555705 0.831379 0
    outer loop
      vertex 0.5 19.066 0
      vertex 0.391235 18.9933 1.6
      vertex 0.5 19.066 1.6
    endloop
  endfacet
  facet normal -0.555705 0.831379 0
    outer loop
      vertex 0.391235 18.9933 1.6
      vertex 0.5 19.066 0
      vertex 0.391235 18.9933 0
    endloop
  endfacet
  facet normal -0.997856 -0.0654426 0
    outer loop
      vertex 0.00856018 0.869476 0
      vertex 0 1 1.6
      vertex 0 1 0
    endloop
  endfacet
  facet normal -0.997856 -0.0654426 0
    outer loop
      vertex 0 1 1.6
      vertex 0.00856018 0.869476 0
      vertex 0.00856018 0.869476 1.6
    endloop
  endfacet
  facet normal 0.751866 0.659316 0
    outer loop
      vertex 47.9933 18.8088 1.6
      vertex 47.9071 18.9071 0
      vertex 47.9071 18.9071 1.6
    endloop
  endfacet
  facet normal 0.751866 0.659316 0
    outer loop
      vertex 47.9071 18.9071 0
      vertex 47.9933 18.8088 1.6
      vertex 47.9933 18.8088 0
    endloop
  endfacet
  facet normal 0.0657577 0.997836 -0
    outer loop
      vertex 47.3305 19.1914 0
      vertex 47.2 19.2 1.6
      vertex 47.3305 19.1914 1.6
    endloop
  endfacet
  facet normal 0.0657577 0.997836 0
    outer loop
      vertex 47.2 19.2 1.6
      vertex 47.3305 19.1914 0
      vertex 47.2 19.2 0
    endloop
  endfacet
  facet normal -0.751706 0.659498 0
    outer loop
      vertex 0.20665 18.8088 0
      vertex 0.292892 18.9071 1.6
      vertex 0.292892 18.9071 0
    endloop
  endfacet
  facet normal -0.751706 0.659498 0
    outer loop
      vertex 0.292892 18.9071 1.6
      vertex 0.20665 18.8088 0
      vertex 0.20665 18.8088 1.6
    endloop
  endfacet
  facet normal 0.831462 0.555582 0
    outer loop
      vertex 48.066 18.7 1.6
      vertex 47.9933 18.8088 0
      vertex 47.9933 18.8088 1.6
    endloop
  endfacet
  facet normal 0.831462 0.555582 0
    outer loop
      vertex 47.9933 18.8088 0
      vertex 48.066 18.7 1.6
      vertex 48.066 18.7 0
    endloop
  endfacet
  facet normal -0.83154 0.555465 0
    outer loop
      vertex 0.133972 18.7 0
      vertex 0.20665 18.8088 1.6
      vertex 0.20665 18.8088 0
    endloop
  endfacet
  facet normal -0.83154 0.555465 0
    outer loop
      vertex 0.20665 18.8088 1.6
      vertex 0.133972 18.7 0
      vertex 0.133972 18.7 1.6
    endloop
  endfacet
  facet normal 0.980814 -0.194946 0
    outer loop
      vertex 48.1659 0.74118 1.6
      vertex 48.1914 0.869476 0
      vertex 48.1914 0.869476 1.6
    endloop
  endfacet
  facet normal 0.980814 -0.194946 0
    outer loop
      vertex 48.1914 0.869476 0
      vertex 48.1659 0.74118 1.6
      vertex 48.1659 0.74118 0
    endloop
  endfacet
  facet normal -0.751849 -0.659335 0
    outer loop
      vertex 0.292892 0.292892 0
      vertex 0.20665 0.391235 1.6
      vertex 0.20665 0.391235 0
    endloop
  endfacet
  facet normal -0.751849 -0.659335 0
    outer loop
      vertex 0.20665 0.391235 1.6
      vertex 0.292892 0.292892 0
      vertex 0.292892 0.292892 1.6
    endloop
  endfacet
  facet normal 0.659316 0.751866 -0
    outer loop
      vertex 47.9071 18.9071 0
      vertex 47.8088 18.9933 1.6
      vertex 47.9071 18.9071 1.6
    endloop
  endfacet
  facet normal 0.659316 0.751866 0
    outer loop
      vertex 47.8088 18.9933 1.6
      vertex 47.9071 18.9071 0
      vertex 47.8088 18.9933 0
    endloop
  endfacet
  facet normal 0.896709 0.442621 0
    outer loop
      vertex 48.1239 18.5827 1.6
      vertex 48.066 18.7 0
      vertex 48.066 18.7 1.6
    endloop
  endfacet
  facet normal 0.896709 0.442621 0
    outer loop
      vertex 48.066 18.7 0
      vertex 48.1239 18.5827 1.6
      vertex 48.1239 18.5827 0
    endloop
  endfacet
  facet normal 0.980815 0.19494 0
    outer loop
      vertex 48.1914 18.3305 1.6
      vertex 48.1659 18.4588 0
      vertex 48.1659 18.4588 1.6
    endloop
  endfacet
  facet normal 0.980815 0.19494 0
    outer loop
      vertex 48.1659 18.4588 0
      vertex 48.1914 18.3305 1.6
      vertex 48.1914 18.3305 0
    endloop
  endfacet
  facet normal 0.947042 -0.321109 0
    outer loop
      vertex 48.1239 0.61731 1.6
      vertex 48.1659 0.74118 0
      vertex 48.1659 0.74118 1.6
    endloop
  endfacet
  facet normal 0.947042 -0.321109 0
    outer loop
      vertex 48.1659 0.74118 0
      vertex 48.1239 0.61731 1.6
      vertex 48.1239 0.61731 0
    endloop
  endfacet
  facet normal 0.896724 -0.442591 0
    outer loop
      vertex 48.066 0.5 1.6
      vertex 48.1239 0.61731 0
      vertex 48.1239 0.61731 1.6
    endloop
  endfacet
  facet normal 0.896724 -0.442591 0
    outer loop
      vertex 48.1239 0.61731 0
      vertex 48.066 0.5 1.6
      vertex 48.066 0.5 0
    endloop
  endfacet
  facet normal -0.997856 0.0654546 0
    outer loop
      vertex 0 18.2 0
      vertex 0.00856018 18.3305 1.6
      vertex 0.00856018 18.3305 0
    endloop
  endfacet
  facet normal -0.997856 0.0654546 0
    outer loop
      vertex 0.00856018 18.3305 1.6
      vertex 0 18.2 0
      vertex 0 18.2 1.6
    endloop
  endfacet
  facet normal 0.997836 0.0657577 0
    outer loop
      vertex 48.2 18.2 1.6
      vertex 48.1914 18.3305 0
      vertex 48.1914 18.3305 1.6
    endloop
  endfacet
  facet normal 0.997836 0.0657577 0
    outer loop
      vertex 48.1914 18.3305 0
      vertex 48.2 18.2 1.6
      vertex 48.2 18.2 0
    endloop
  endfacet
  facet normal -0.442258 -0.896888 0
    outer loop
      vertex 0.5 0.133972 0
      vertex 0.61731 0.0761261 1.6
      vertex 0.5 0.133972 1.6
    endloop
  endfacet
  facet normal -0.442258 -0.896888 -0
    outer loop
      vertex 0.61731 0.0761261 1.6
      vertex 0.5 0.133972 0
      vertex 0.61731 0.0761261 0
    endloop
  endfacet
  facet normal 0.555465 -0.83154 0
    outer loop
      vertex 47.7 0.133972 0
      vertex 47.8088 0.20665 1.6
      vertex 47.7 0.133972 1.6
    endloop
  endfacet
  facet normal 0.555465 -0.83154 0
    outer loop
      vertex 47.8088 0.20665 1.6
      vertex 47.7 0.133972 0
      vertex 47.8088 0.20665 0
    endloop
  endfacet
  facet normal -0.555589 -0.831457 0
    outer loop
      vertex 0.391235 0.20665 0
      vertex 0.5 0.133972 1.6
      vertex 0.391235 0.20665 1.6
    endloop
  endfacet
  facet normal -0.555589 -0.831457 -0
    outer loop
      vertex 0.5 0.133972 1.6
      vertex 0.391235 0.20665 0
      vertex 0.5 0.133972 0
    endloop
  endfacet
  facet normal 0.442621 0.896709 -0
    outer loop
      vertex 47.7 19.066 0
      vertex 47.5827 19.1239 1.6
      vertex 47.7 19.066 1.6
    endloop
  endfacet
  facet normal 0.442621 0.896709 0
    outer loop
      vertex 47.5827 19.1239 1.6
      vertex 47.7 19.066 0
      vertex 47.5827 19.1239 0
    endloop
  endfacet
  facet normal -0.896888 -0.442258 0
    outer loop
      vertex 0.133972 0.5 0
      vertex 0.0761261 0.61731 1.6
      vertex 0.0761261 0.61731 0
    endloop
  endfacet
  facet normal -0.896888 -0.442258 0
    outer loop
      vertex 0.0761261 0.61731 1.6
      vertex 0.133972 0.5 0
      vertex 0.133972 0.5 1.6
    endloop
  endfacet
  facet normal -0.980795 -0.195039 0
    outer loop
      vertex 0.0340729 0.74118 0
      vertex 0.00856018 0.869476 1.6
      vertex 0.00856018 0.869476 0
    endloop
  endfacet
  facet normal -0.980795 -0.195039 0
    outer loop
      vertex 0.00856018 0.869476 1.6
      vertex 0.0340729 0.74118 0
      vertex 0.0340729 0.74118 1.6
    endloop
  endfacet
  facet normal -0.831457 -0.555589 0
    outer loop
      vertex 0.20665 0.391235 0
      vertex 0.133972 0.5 1.6
      vertex 0.133972 0.5 0
    endloop
  endfacet
  facet normal -0.831457 -0.555589 0
    outer loop
      vertex 0.133972 0.5 1.6
      vertex 0.20665 0.391235 0
      vertex 0.20665 0.391235 1.6
    endloop
  endfacet
  facet normal -0.659335 -0.751849 0
    outer loop
      vertex 0.292892 0.292892 0
      vertex 0.391235 0.20665 1.6
      vertex 0.292892 0.292892 1.6
    endloop
  endfacet
  facet normal -0.659335 -0.751849 -0
    outer loop
      vertex 0.391235 0.20665 1.6
      vertex 0.292892 0.292892 0
      vertex 0.391235 0.20665 0
    endloop
  endfacet
  facet normal 0.442288 -0.896873 0
    outer loop
      vertex 47.5827 0.0761261 0
      vertex 47.7 0.133972 1.6
      vertex 47.5827 0.0761261 1.6
    endloop
  endfacet
  facet normal 0.442288 -0.896873 0
    outer loop
      vertex 47.7 0.133972 1.6
      vertex 47.5827 0.0761261 0
      vertex 47.7 0.133972 0
    endloop
  endfacet
  facet normal -0.946918 -0.321474 0
    outer loop
      vertex 0.0761261 0.61731 0
      vertex 0.0340729 0.74118 1.6
      vertex 0.0340729 0.74118 0
    endloop
  endfacet
  facet normal -0.946918 -0.321474 0
    outer loop
      vertex 0.0340729 0.74118 1.6
      vertex 0.0761261 0.61731 0
      vertex 0.0761261 0.61731 1.6
    endloop
  endfacet
  facet normal 0 0 -1
    outer loop
      vertex 47.2 0 0
      vertex 48.2 1 0
      vertex 48.1914 0.869476 0
    endloop
  endfacet
  facet normal 0 0 -1
    outer loop
      vertex 48.2 1 0
      vertex 38.3 9.6 0
      vertex 48.2 18.2 0
    endloop
  endfacet
  facet normal 0 0 -1
    outer loop
      vertex 47.2 0 0
      vertex 48.1914 0.869476 0
      vertex 48.1659 0.74118 0
    endloop
  endfacet
  facet normal 0 0 -1
    outer loop
      vertex 38.2596 10.0097 0
      vertex 48.2 18.2 0
      vertex 38.3 9.6 0
    endloop
  endfacet
  facet normal 0 0 -1
    outer loop
      vertex 47.2 0 0
      vertex 48.1659 0.74118 0
      vertex 48.1239 0.61731 0
    endloop
  endfacet
  facet normal 0 0 -1
    outer loop
      vertex 38.1401 10.4036 0
      vertex 48.2 18.2 0
      vertex 38.2596 10.0097 0
    endloop
  endfacet
  facet normal 0 0 -1
    outer loop
      vertex 47.2 0 0
      vertex 48.1239 0.61731 0
      vertex 48.066 0.5 0
    endloop
  endfacet
  facet normal 0 0 -1
    outer loop
      vertex 37.9461 10.7667 0
      vertex 48.2 18.2 0
      vertex 38.1401 10.4036 0
    endloop
  endfacet
  facet normal 0 0 -1
    outer loop
      vertex 47.2 0 0
      vertex 48.066 0.5 0
      vertex 47.9933 0.391235 0
    endloop
  endfacet
  facet normal 0 -0 -1
    outer loop
      vertex 47.2 19.2 0
      vertex 48.2 18.2 0
      vertex 37.9461 10.7667 0
    endloop
  endfacet
  facet normal 0 0 -1
    outer loop
      vertex 47.2 0 0
      vertex 47.9933 0.391235 0
      vertex 47.9071 0.292892 0
    endloop
  endfacet
  facet normal 0 0 -1
    outer loop
      vertex 48.1914 18.3305 0
      vertex 47.2 19.2 0
      vertex 48.1659 18.4588 0
    endloop
  endfacet
  facet normal 0 0 -1
    outer loop
      vertex 47.2 0 0
      vertex 47.9071 0.292892 0
      vertex 47.8088 0.20665 0
    endloop
  endfacet
  facet normal 0 0 -1
    outer loop
      vertex 48.1659 18.4588 0
      vertex 47.2 19.2 0
      vertex 48.1239 18.5827 0
    endloop
  endfacet
  facet normal 0 0 -1
    outer loop
      vertex 47.2 0 0
      vertex 47.8088 0.20665 0
      vertex 47.7 0.133972 0
    endloop
  endfacet
  facet normal 0 0 -1
    outer loop
      vertex 48.1239 18.5827 0
      vertex 47.2 19.2 0
      vertex 48.066 18.7 0
    endloop
  endfacet
  facet normal 0 0 -1
    outer loop
      vertex 47.2 0 0
      vertex 47.7 0.133972 0
      vertex 47.5827 0.0761261 0
    endloop
  endfacet
  facet normal 0 0 -1
    outer loop
      vertex 48.066 18.7 0
      vertex 47.2 19.2 0
      vertex 47.9933 18.8088 0
    endloop
  endfacet
  facet normal 0 0 -1
    outer loop
      vertex 47.2 0 0
      vertex 47.5827 0.0761261 0
      vertex 47.4588 0.0340729 0
    endloop
  endfacet
  facet normal 0 0 -1
    outer loop
      vertex 47.9071 18.9071 0
      vertex 47.2 19.2 0
      vertex 47.8088 18.9933 0
    endloop
  endfacet
  facet normal 0 0 -1
    outer loop
      vertex 47.2 0 0
      vertex 47.4588 0.0340729 0
      vertex 47.3305 0.00856018 0
    endloop
  endfacet
  facet normal 0 0 -1
    outer loop
      vertex 47.8088 18.9933 0
      vertex 47.2 19.2 0
      vertex 47.7 19.066 0
    endloop
  endfacet
  facet normal -0 0 -1
    outer loop
      vertex 48.2 1 0
      vertex 47.2 0 0
      vertex 37.9461 8.4333 0
    endloop
  endfacet
  facet normal 0 0 -1
    outer loop
      vertex 47.7 19.066 0
      vertex 47.2 19.2 0
      vertex 47.5827 19.1239 0
    endloop
  endfacet
  facet normal 0 0 -1
    outer loop
      vertex 47.5827 19.1239 0
      vertex 47.2 19.2 0
      vertex 47.4588 19.1659 0
    endloop
  endfacet
  facet normal 0 0 -1
    outer loop
      vertex 48.2 1 0
      vertex 38.2596 9.19031 0
      vertex 38.3 9.6 0
    endloop
  endfacet
  facet normal 0 0 -1
    outer loop
      vertex 48.2 1 0
      vertex 38.1401 8.79636 0
      vertex 38.2596 9.19031 0
    endloop
  endfacet
  facet normal 0 0 -1
    outer loop
      vertex 48.2 1 0
      vertex 37.9461 8.4333 0
      vertex 38.1401 8.79636 0
    endloop
  endfacet
  facet normal 0 0 -1
    outer loop
      vertex 47.2 0 0
      vertex 37.6849 8.11508 0
      vertex 37.9461 8.4333 0
    endloop
  endfacet
  facet normal 0 0 -1
    outer loop
      vertex 47.2 0 0
      vertex 37.3667 7.85391 0
      vertex 37.6849 8.11508 0
    endloop
  endfacet
  facet normal 0 0 -1
    outer loop
      vertex 47.2 0 0
      vertex 37.0036 7.65985 0
      vertex 37.3667 7.85391 0
    endloop
  endfacet
  facet normal 0 0 -1
    outer loop
      vertex 47.2 0 0
      vertex 36.6097 7.54035 0
      vertex 37.0036 7.65985 0
    endloop
  endfacet
  facet normal 0 0 -1
    outer loop
      vertex 47.2 0 0
      vertex 36.2 7.5 0
      vertex 36.6097 7.54035 0
    endloop
  endfacet
  facet normal 0 0 -1
    outer loop
      vertex 47.2 0 0
      vertex 35.7903 7.54035 0
      vertex 36.2 7.5 0
    endloop
  endfacet
  facet normal 0 0 -1
    outer loop
      vertex 47.2 0 0
      vertex 35.3964 7.65985 0
      vertex 35.7903 7.54035 0
    endloop
  endfacet
  facet normal 0 0 -1
    outer loop
      vertex 1 0 0
      vertex 35.3964 7.65985 0
      vertex 47.2 0 0
    endloop
  endfacet
  facet normal 0 0 -1
    outer loop
      vertex 11.0569 9.05248 0
      vertex 34.1 9.6 0
      vertex 34.1404 9.19031 0
    endloop
  endfacet
  facet normal 0 0 -1
    outer loop
      vertex 10.9287 8.51844 0
      vertex 34.1404 9.19031 0
      vertex 34.2599 8.79636 0
    endloop
  endfacet
  facet normal 0 0 -1
    outer loop
      vertex 10.7185 8.01103 0
      vertex 34.2599 8.79636 0
      vertex 34.4539 8.4333 0
    endloop
  endfacet
  facet normal 0 0 -1
    outer loop
      vertex 10.4316 7.54275 0
      vertex 34.4539 8.4333 0
      vertex 34.7151 8.11508 0
    endloop
  endfacet
  facet normal 0 0 -1
    outer loop
      vertex 10.0749 7.12513 0
      vertex 34.7151 8.11508 0
      vertex 35.0333 7.85391 0
    endloop
  endfacet
  facet normal 0 -0 -1
    outer loop
      vertex 9.18897 6.48148 0
      vertex 35.3964 7.65985 0
      vertex 1 0 0
    endloop
  endfacet
  facet normal -0 0 -1
    outer loop
      vertex 34.1 9.6 0
      vertex 11.0569 9.05248 0
      vertex 11.1 9.6 0
    endloop
  endfacet
  facet normal 0 0 -1
    outer loop
      vertex 34.1404 9.19031 0
      vertex 10.9287 8.51844 0
      vertex 11.0569 9.05248 0
    endloop
  endfacet
  facet normal 0 0 -1
    outer loop
      vertex 34.2599 8.79636 0
      vertex 10.7185 8.01103 0
      vertex 10.9287 8.51844 0
    endloop
  endfacet
  facet normal 0 0 -1
    outer loop
      vertex 34.4539 8.4333 0
      vertex 10.4316 7.54275 0
      vertex 10.7185 8.01103 0
    endloop
  endfacet
  facet normal 0 0 -1
    outer loop
      vertex 34.7151 8.11508 0
      vertex 10.0749 7.12513 0
      vertex 10.4316 7.54275 0
    endloop
  endfacet
  facet normal 0 0 -1
    outer loop
      vertex 35.0333 7.85391 0
      vertex 9.65725 6.76844 0
      vertex 10.0749 7.12513 0
    endloop
  endfacet
  facet normal -0 0 -1
    outer loop
      vertex 35.3964 7.65985 0
      vertex 9.65725 6.76844 0
      vertex 35.0333 7.85391 0
    endloop
  endfacet
  facet normal 0 -0 -1
    outer loop
      vertex 9.65725 6.76844 0
      vertex 35.3964 7.65985 0
      vertex 9.18897 6.48148 0
    endloop
  endfacet
  facet normal 0 0 -1
    outer loop
      vertex 9.18897 6.48148 0
      vertex 1 0 0
      vertex 8.68156 6.2713 0
    endloop
  endfacet
  facet normal 0 0 -1
    outer loop
      vertex 8.68156 6.2713 0
      vertex 1 0 0
      vertex 8.14752 6.14309 0
    endloop
  endfacet
  facet normal 0 0 -1
    outer loop
      vertex 8.14752 6.14309 0
      vertex 1 0 0
      vertex 7.6 6.1 0
    endloop
  endfacet
  facet normal -0 0 -1
    outer loop
      vertex 4.2713 8.51844 0
      vertex 0 1 0
      vertex 4.14309 9.05248 0
    endloop
  endfacet
  facet normal -0 0 -1
    outer loop
      vertex 4.48148 8.01103 0
      vertex 0 1 0
      vertex 4.2713 8.51844 0
    endloop
  endfacet
  facet normal -0 0 -1
    outer loop
      vertex 4.76844 7.54275 0
      vertex 0 1 0
      vertex 4.48148 8.01103 0
    endloop
  endfacet
  facet normal -0 0 -1
    outer loop
      vertex 5.12513 7.12513 0
      vertex 0 1 0
      vertex 4.76844 7.54275 0
    endloop
  endfacet
  facet normal -0 0 -1
    outer loop
      vertex 5.54275 6.76844 0
      vertex 0 1 0
      vertex 5.12513 7.12513 0
    endloop
  endfacet
  facet normal 0 0 -1
    outer loop
      vertex 0 1 0
      vertex 5.54275 6.76844 0
      vertex 1 0 0
    endloop
  endfacet
  facet normal -0 0 -1
    outer loop
      vertex 6.01103 6.48148 0
      vertex 1 0 0
      vertex 5.54275 6.76844 0
    endloop
  endfacet
  facet normal -0 0 -1
    outer loop
      vertex 6.51844 6.2713 0
      vertex 1 0 0
      vertex 6.01103 6.48148 0
    endloop
  endfacet
  facet normal -0 0 -1
    outer loop
      vertex 7.05248 6.14309 0
      vertex 1 0 0
      vertex 6.51844 6.2713 0
    endloop
  endfacet
  facet normal -0 0 -1
    outer loop
      vertex 7.6 6.1 0
      vertex 1 0 0
      vertex 7.05248 6.14309 0
    endloop
  endfacet
  facet normal 0 0 -1
    outer loop
      vertex 47.4588 19.1659 0
      vertex 47.2 19.2 0
      vertex 47.3305 19.1914 0
    endloop
  endfacet
  facet normal 0 0 -1
    outer loop
      vertex 47.9933 18.8088 0
      vertex 47.2 19.2 0
      vertex 47.9071 18.9071 0
    endloop
  endfacet
  facet normal 0 0 -1
    outer loop
      vertex 48.2 18.2 0
      vertex 47.2 19.2 0
      vertex 48.1914 18.3305 0
    endloop
  endfacet
  facet normal 0 0 -1
    outer loop
      vertex 37.6849 11.0849 0
      vertex 47.2 19.2 0
      vertex 37.9461 10.7667 0
    endloop
  endfacet
  facet normal 0 0 -1
    outer loop
      vertex 37.3667 11.3461 0
      vertex 47.2 19.2 0
      vertex 37.6849 11.0849 0
    endloop
  endfacet
  facet normal 0 0 -1
    outer loop
      vertex 37.0036 11.5401 0
      vertex 47.2 19.2 0
      vertex 37.3667 11.3461 0
    endloop
  endfacet
  facet normal 0 0 -1
    outer loop
      vertex 36.6097 11.6596 0
      vertex 47.2 19.2 0
      vertex 37.0036 11.5401 0
    endloop
  endfacet
  facet normal 0 0 -1
    outer loop
      vertex 36.2 11.7 0
      vertex 47.2 19.2 0
      vertex 36.6097 11.6596 0
    endloop
  endfacet
  facet normal 0 0 -1
    outer loop
      vertex 35.7903 11.6596 0
      vertex 47.2 19.2 0
      vertex 36.2 11.7 0
    endloop
  endfacet
  facet normal 0 0 -1
    outer loop
      vertex 35.3964 11.5401 0
      vertex 47.2 19.2 0
      vertex 35.7903 11.6596 0
    endloop
  endfacet
  facet normal 0 0 -1
    outer loop
      vertex 9.65725 12.4316 0
      vertex 35.3964 11.5401 0
      vertex 35.0333 11.3461 0
    endloop
  endfacet
  facet normal 0 0 -1
    outer loop
      vertex 11.0569 10.1475 0
      vertex 34.1 9.6 0
      vertex 11.1 9.6 0
    endloop
  endfacet
  facet normal 0 0 -1
    outer loop
      vertex 34.1 9.6 0
      vertex 11.0569 10.1475 0
      vertex 34.1404 10.0097 0
    endloop
  endfacet
  facet normal 0 0 -1
    outer loop
      vertex 10.9287 10.6816 0
      vertex 34.1404 10.0097 0
      vertex 11.0569 10.1475 0
    endloop
  endfacet
  facet normal 0 0 -1
    outer loop
      vertex 34.1404 10.0097 0
      vertex 10.9287 10.6816 0
      vertex 34.2599 10.4036 0
    endloop
  endfacet
  facet normal 0 0 -1
    outer loop
      vertex 10.7185 11.189 0
      vertex 34.2599 10.4036 0
      vertex 10.9287 10.6816 0
    endloop
  endfacet
  facet normal 0 0 -1
    outer loop
      vertex 34.2599 10.4036 0
      vertex 10.7185 11.189 0
      vertex 34.4539 10.7667 0
    endloop
  endfacet
  facet normal 0 0 -1
    outer loop
      vertex 10.4316 11.6572 0
      vertex 34.4539 10.7667 0
      vertex 10.7185 11.189 0
    endloop
  endfacet
  facet normal 0 0 -1
    outer loop
      vertex 34.4539 10.7667 0
      vertex 10.4316 11.6572 0
      vertex 34.7151 11.0849 0
    endloop
  endfacet
  facet normal 0 0 -1
    outer loop
      vertex 10.0749 12.0749 0
      vertex 34.7151 11.0849 0
      vertex 10.4316 11.6572 0
    endloop
  endfacet
  facet normal 0 0 -1
    outer loop
      vertex 34.7151 11.0849 0
      vertex 10.0749 12.0749 0
      vertex 35.0333 11.3461 0
    endloop
  endfacet
  facet normal 0 0 -1
    outer loop
      vertex 9.65725 12.4316 0
      vertex 35.0333 11.3461 0
      vertex 10.0749 12.0749 0
    endloop
  endfacet
  facet normal 0 0 -1
    outer loop
      vertex 35.3964 11.5401 0
      vertex 9.65725 12.4316 0
      vertex 9.18897 12.7185 0
    endloop
  endfacet
  facet normal 0 0 -1
    outer loop
      vertex 35.3964 11.5401 0
      vertex 9.18897 12.7185 0
      vertex 1 19.2 0
    endloop
  endfacet
  facet normal 0 0 -1
    outer loop
      vertex 1 19.2 0
      vertex 9.18897 12.7185 0
      vertex 8.68156 12.9287 0
    endloop
  endfacet
  facet normal 0 0 -1
    outer loop
      vertex 1 19.2 0
      vertex 8.68156 12.9287 0
      vertex 8.14752 13.0569 0
    endloop
  endfacet
  facet normal 0 0 -1
    outer loop
      vertex 1 19.2 0
      vertex 8.14752 13.0569 0
      vertex 7.6 13.1 0
    endloop
  endfacet
  facet normal 0 0 -1
    outer loop
      vertex 1 19.2 0
      vertex 7.6 13.1 0
      vertex 7.05248 13.0569 0
    endloop
  endfacet
  facet normal -0 0 -1
    outer loop
      vertex 4.14309 9.05248 0
      vertex 0 1 0
      vertex 4.1 9.6 0
    endloop
  endfacet
  facet normal 0 0 -1
    outer loop
      vertex 0 18.2 0
      vertex 4.1 9.6 0
      vertex 0 1 0
    endloop
  endfacet
  facet normal 0 0 -1
    outer loop
      vertex 35.3964 11.5401 0
      vertex 1 19.2 0
      vertex 47.2 19.2 0
    endloop
  endfacet
  facet normal 0 0 -1
    outer loop
      vertex 6.51844 12.9287 0
      vertex 1 19.2 0
      vertex 7.05248 13.0569 0
    endloop
  endfacet
  facet normal 0 0 -1
    outer loop
      vertex 6.01103 12.7185 0
      vertex 1 19.2 0
      vertex 6.51844 12.9287 0
    endloop
  endfacet
  facet normal 0 0 -1
    outer loop
      vertex 5.54275 12.4316 0
      vertex 1 19.2 0
      vertex 6.01103 12.7185 0
    endloop
  endfacet
  facet normal 0 0 -1
    outer loop
      vertex 0 18.2 0
      vertex 5.54275 12.4316 0
      vertex 5.12513 12.0749 0
    endloop
  endfacet
  facet normal 0 0 -1
    outer loop
      vertex 0 18.2 0
      vertex 5.12513 12.0749 0
      vertex 4.76844 11.6572 0
    endloop
  endfacet
  facet normal 0 0 -1
    outer loop
      vertex 0 18.2 0
      vertex 4.76844 11.6572 0
      vertex 4.48148 11.189 0
    endloop
  endfacet
  facet normal 0 0 -1
    outer loop
      vertex 0 18.2 0
      vertex 4.48148 11.189 0
      vertex 4.2713 10.6816 0
    endloop
  endfacet
  facet normal 0 0 -1
    outer loop
      vertex 4.1 9.6 0
      vertex 0 18.2 0
      vertex 4.14309 10.1475 0
    endloop
  endfacet
  facet normal 0 0 -1
    outer loop
      vertex 0 1 0
      vertex 1 0 0
      vertex 0.869476 0.00856018 0
    endloop
  endfacet
  facet normal 0 0 -1
    outer loop
      vertex 4.14309 10.1475 0
      vertex 0 18.2 0
      vertex 4.2713 10.6816 0
    endloop
  endfacet
  facet normal 0 0 -1
    outer loop
      vertex 0 1 0
      vertex 0.869476 0.00856018 0
      vertex 0.74118 0.0340729 0
    endloop
  endfacet
  facet normal 0 0 -1
    outer loop
      vertex 5.54275 12.4316 0
      vertex 0 18.2 0
      vertex 1 19.2 0
    endloop
  endfacet
  facet normal 0 0 -1
    outer loop
      vertex 0 1 0
      vertex 0.74118 0.0340729 0
      vertex 0.61731 0.0761261 0
    endloop
  endfacet
  facet normal 0 0 -1
    outer loop
      vertex 1 19.2 0
      vertex 0 18.2 0
      vertex 0.869476 19.1914 0
    endloop
  endfacet
  facet normal 0 0 -1
    outer loop
      vertex 0 1 0
      vertex 0.61731 0.0761261 0
      vertex 0.5 0.133972 0
    endloop
  endfacet
  facet normal 0 0 -1
    outer loop
      vertex 0.869476 19.1914 0
      vertex 0 18.2 0
      vertex 0.74118 19.1659 0
    endloop
  endfacet
  facet normal 0 0 -1
    outer loop
      vertex 0 1 0
      vertex 0.5 0.133972 0
      vertex 0.391235 0.20665 0
    endloop
  endfacet
  facet normal 0 0 -1
    outer loop
      vertex 0.74118 19.1659 0
      vertex 0 18.2 0
      vertex 0.61731 19.1239 0
    endloop
  endfacet
  facet normal 0 0 -1
    outer loop
      vertex 0 1 0
      vertex 0.391235 0.20665 0
      vertex 0.292892 0.292892 0
    endloop
  endfacet
  facet normal 0 0 -1
    outer loop
      vertex 0.61731 19.1239 0
      vertex 0 18.2 0
      vertex 0.5 19.066 0
    endloop
  endfacet
  facet normal 0 0 -1
    outer loop
      vertex 0 1 0
      vertex 0.292892 0.292892 0
      vertex 0.20665 0.391235 0
    endloop
  endfacet
  facet normal 0 0 -1
    outer loop
      vertex 0.5 19.066 0
      vertex 0 18.2 0
      vertex 0.391235 18.9933 0
    endloop
  endfacet
  facet normal 0 0 -1
    outer loop
      vertex 0 1 0
      vertex 0.20665 0.391235 0
      vertex 0.133972 0.5 0
    endloop
  endfacet
  facet normal 0 0 -1
    outer loop
      vertex 0.391235 18.9933 0
      vertex 0 18.2 0
      vertex 0.292892 18.9071 0
    endloop
  endfacet
  facet normal 0 0 -1
    outer loop
      vertex 0 1 0
      vertex 0.133972 0.5 0
      vertex 0.0761261 0.61731 0
    endloop
  endfacet
  facet normal 0 0 -1
    outer loop
      vertex 0.292892 18.9071 0
      vertex 0 18.2 0
      vertex 0.20665 18.8088 0
    endloop
  endfacet
  facet normal 0 0 -1
    outer loop
      vertex 0 1 0
      vertex 0.0761261 0.61731 0
      vertex 0.0340729 0.74118 0
    endloop
  endfacet
  facet normal 0 0 -1
    outer loop
      vertex 0.20665 18.8088 0
      vertex 0 18.2 0
      vertex 0.133972 18.7 0
    endloop
  endfacet
  facet normal 0 0 -1
    outer loop
      vertex 0 1 0
      vertex 0.0340729 0.74118 0
      vertex 0.00856018 0.869476 0
    endloop
  endfacet
  facet normal 0 0 -1
    outer loop
      vertex 0.133972 18.7 0
      vertex 0 18.2 0
      vertex 0.0761261 18.5827 0
    endloop
  endfacet
  facet normal 0 0 -1
    outer loop
      vertex 0.0761261 18.5827 0
      vertex 0 18.2 0
      vertex 0.0340729 18.4588 0
    endloop
  endfacet
  facet normal 0 0 -1
    outer loop
      vertex 0.0340729 18.4588 0
      vertex 0 18.2 0
      vertex 0.00856018 18.3305 0
    endloop
  endfacet
  facet normal 0.065504 -0.997852 0
    outer loop
      vertex 45.7 1.9 1.6
      vertex 45.7783 1.90514 2.59
      vertex 45.7 1.9 2.59
    endloop
  endfacet
  facet normal 0.065504 -0.997852 0
    outer loop
      vertex 45.7783 1.90514 2.59
      vertex 45.7 1.9 1.6
      vertex 45.7783 1.90514 1.6
    endloop
  endfacet
  facet normal 0.321537 -0.946897 0
    outer loop
      vertex 45.8553 1.92045 1.6
      vertex 45.9296 1.94568 2.59
      vertex 45.8553 1.92045 2.59
    endloop
  endfacet
  facet normal 0.321537 -0.946897 0
    outer loop
      vertex 45.9296 1.94568 2.59
      vertex 45.8553 1.92045 1.6
      vertex 45.9296 1.94568 1.6
    endloop
  endfacet
  facet normal -0.195062 -0.980791 0
    outer loop
      vertex 2.34472 1.92045 1.6
      vertex 2.4217 1.90514 2.59
      vertex 2.34472 1.92045 2.59
    endloop
  endfacet
  facet normal -0.195062 -0.980791 -0
    outer loop
      vertex 2.4217 1.90514 2.59
      vertex 2.34472 1.92045 1.6
      vertex 2.4217 1.90514 1.6
    endloop
  endfacet
  facet normal 0 -1 0
    outer loop
      vertex 2.50001 1.9 1.6
      vertex 45.7 1.9 2.59
      vertex 2.50001 1.9 2.59
    endloop
  endfacet
  facet normal 0 -1 -0
    outer loop
      vertex 45.7 1.9 2.59
      vertex 2.50001 1.9 1.6
      vertex 45.7 1.9 1.6
    endloop
  endfacet
  facet normal 0.195014 -0.980801 0
    outer loop
      vertex 45.7783 1.90514 1.6
      vertex 45.8553 1.92045 2.59
      vertex 45.7783 1.90514 2.59
    endloop
  endfacet
  facet normal 0.195014 -0.980801 0
    outer loop
      vertex 45.8553 1.92045 2.59
      vertex 45.7783 1.90514 1.6
      vertex 45.8553 1.92045 1.6
    endloop
  endfacet
  facet normal -0.997853 -0.0654956 0
    outer loop
      vertex 1.90514 2.4217 1.6
      vertex 1.9 2.50001 2.59
      vertex 1.9 2.50001 1.6
    endloop
  endfacet
  facet normal -0.997853 -0.0654956 0
    outer loop
      vertex 1.9 2.50001 2.59
      vertex 1.90514 2.4217 1.6
      vertex 1.90514 2.4217 2.59
    endloop
  endfacet
  facet normal -0.980801 0.195014 0
    outer loop
      vertex 1.90514 16.7783 1.6
      vertex 1.92045 16.8553 2.59
      vertex 1.92045 16.8553 1.6
    endloop
  endfacet
  facet normal -0.980801 0.195014 0
    outer loop
      vertex 1.92045 16.8553 2.59
      vertex 1.90514 16.7783 1.6
      vertex 1.90514 16.7783 2.59
    endloop
  endfacet
  facet normal -1 0 0
    outer loop
      vertex 1.9 2.50001 1.6
      vertex 1.9 16.7 2.59
      vertex 1.9 16.7 1.6
    endloop
  endfacet
  facet normal -1 -0 0
    outer loop
      vertex 1.9 16.7 2.59
      vertex 1.9 2.50001 1.6
      vertex 1.9 2.50001 2.59
    endloop
  endfacet
  facet normal -0.321421 -0.946936 0
    outer loop
      vertex 2.27039 1.94568 1.6
      vertex 2.34472 1.92045 2.59
      vertex 2.27039 1.94568 2.59
    endloop
  endfacet
  facet normal -0.321421 -0.946936 -0
    outer loop
      vertex 2.34472 1.92045 2.59
      vertex 2.27039 1.94568 1.6
      vertex 2.34472 1.92045 1.6
    endloop
  endfacet
  facet normal 0.997886 0.0649964 0
    outer loop
      vertex 46.3 16.7 2.59
      vertex 46.2949 16.7783 1.6
      vertex 46.2949 16.7783 2.59
    endloop
  endfacet
  facet normal 0.997886 0.0649964 0
    outer loop
      vertex 46.2949 16.7783 1.6
      vertex 46.3 16.7 2.59
      vertex 46.3 16.7 1.6
    endloop
  endfacet
  facet normal -0.44216 0.896936 0
    outer loop
      vertex 2.27039 17.2543 1.6
      vertex 2.2 17.2196 2.59
      vertex 2.27039 17.2543 2.59
    endloop
  endfacet
  facet normal -0.44216 0.896936 0
    outer loop
      vertex 2.2 17.2196 2.59
      vertex 2.27039 17.2543 1.6
      vertex 2.2 17.2196 1.6
    endloop
  endfacet
  facet normal -0.980791 -0.195062 0
    outer loop
      vertex 1.92045 2.34472 1.6
      vertex 1.90514 2.4217 2.59
      vertex 1.90514 2.4217 1.6
    endloop
  endfacet
  facet normal -0.980791 -0.195062 0
    outer loop
      vertex 1.90514 2.4217 2.59
      vertex 1.92045 2.34472 1.6
      vertex 1.92045 2.34472 2.59
    endloop
  endfacet
  facet normal -0.555729 -0.831363 0
    outer loop
      vertex 2.13476 2.02399 1.6
      vertex 2.2 1.98038 2.59
      vertex 2.13476 2.02399 2.59
    endloop
  endfacet
  facet normal -0.555729 -0.831363 -0
    outer loop
      vertex 2.2 1.98038 2.59
      vertex 2.13476 2.02399 1.6
      vertex 2.2 1.98038 1.6
    endloop
  endfacet
  facet normal 0.196116 0.980581 -0
    outer loop
      vertex 45.8553 17.2795 1.6
      vertex 45.7783 17.2949 2.59
      vertex 45.8553 17.2795 2.59
    endloop
  endfacet
  facet normal 0.196116 0.980581 0
    outer loop
      vertex 45.7783 17.2949 2.59
      vertex 45.8553 17.2795 1.6
      vertex 45.7783 17.2949 1.6
    endloop
  endfacet
  facet normal 0 1 -0
    outer loop
      vertex 45.7 17.3 1.6
      vertex 2.50001 17.3 2.59
      vertex 45.7 17.3 2.59
    endloop
  endfacet
  facet normal 0 1 0
    outer loop
      vertex 2.50001 17.3 2.59
      vertex 45.7 17.3 1.6
      vertex 2.50001 17.3 1.6
    endloop
  endfacet
  facet normal -0.0654956 -0.997853 0
    outer loop
      vertex 2.4217 1.90514 1.6
      vertex 2.50001 1.9 2.59
      vertex 2.4217 1.90514 2.59
    endloop
  endfacet
  facet normal -0.0654956 -0.997853 -0
    outer loop
      vertex 2.50001 1.9 2.59
      vertex 2.4217 1.90514 1.6
      vertex 2.50001 1.9 1.6
    endloop
  endfacet
  facet normal 0.752656 0.658414 0
    outer loop
      vertex 46.176 17.0652 2.59
      vertex 46.1243 17.1243 1.6
      vertex 46.1243 17.1243 2.59
    endloop
  endfacet
  facet normal 0.752656 0.658414 0
    outer loop
      vertex 46.1243 17.1243 1.6
      vertex 46.176 17.0652 2.59
      vertex 46.176 17.0652 1.6
    endloop
  endfacet
  facet normal 1 -0 0
    outer loop
      vertex 46.3 2.50001 2.59
      vertex 46.3 16.7 1.6
      vertex 46.3 16.7 2.59
    endloop
  endfacet
  facet normal 1 0 0
    outer loop
      vertex 46.3 16.7 1.6
      vertex 46.3 2.50001 2.59
      vertex 46.3 2.50001 1.6
    endloop
  endfacet
  facet normal 0.831265 0.555877 0
    outer loop
      vertex 46.2196 17 2.59
      vertex 46.176 17.0652 1.6
      vertex 46.176 17.0652 2.59
    endloop
  endfacet
  facet normal 0.831265 0.555877 0
    outer loop
      vertex 46.176 17.0652 1.6
      vertex 46.2196 17 2.59
      vertex 46.2196 17 1.6
    endloop
  endfacet
  facet normal -0.196165 0.980571 0
    outer loop
      vertex 2.4217 17.2949 1.6
      vertex 2.34472 17.2795 2.59
      vertex 2.4217 17.2949 2.59
    endloop
  endfacet
  facet normal -0.196165 0.980571 0
    outer loop
      vertex 2.34472 17.2795 2.59
      vertex 2.4217 17.2949 1.6
      vertex 2.34472 17.2795 1.6
    endloop
  endfacet
  facet normal -0.0649881 0.997886 0
    outer loop
      vertex 2.50001 17.3 1.6
      vertex 2.4217 17.2949 2.59
      vertex 2.50001 17.3 2.59
    endloop
  endfacet
  facet normal -0.0649881 0.997886 0
    outer loop
      vertex 2.4217 17.2949 2.59
      vertex 2.50001 17.3 1.6
      vertex 2.4217 17.2949 1.6
    endloop
  endfacet
  facet normal 0.896936 -0.44216 0
    outer loop
      vertex 46.2196 2.2 2.59
      vertex 46.2543 2.27039 1.6
      vertex 46.2543 2.27039 2.59
    endloop
  endfacet
  facet normal 0.896936 -0.44216 0
    outer loop
      vertex 46.2543 2.27039 1.6
      vertex 46.2196 2.2 2.59
      vertex 46.2196 2.2 1.6
    endloop
  endfacet
  facet normal -0.321078 0.947053 0
    outer loop
      vertex 2.34472 17.2795 1.6
      vertex 2.27039 17.2543 2.59
      vertex 2.34472 17.2795 2.59
    endloop
  endfacet
  facet normal -0.321078 0.947053 0
    outer loop
      vertex 2.27039 17.2543 2.59
      vertex 2.34472 17.2795 1.6
      vertex 2.27039 17.2543 1.6
    endloop
  endfacet
  facet normal 0.947013 0.321194 0
    outer loop
      vertex 46.2795 16.8553 2.59
      vertex 46.2543 16.9296 1.6
      vertex 46.2543 16.9296 2.59
    endloop
  endfacet
  facet normal 0.947013 0.321194 0
    outer loop
      vertex 46.2543 16.9296 1.6
      vertex 46.2795 16.8553 2.59
      vertex 46.2795 16.8553 1.6
    endloop
  endfacet
  facet normal 0.658775 -0.75234 0
    outer loop
      vertex 46.0652 2.02399 1.6
      vertex 46.1243 2.07574 2.59
      vertex 46.0652 2.02399 2.59
    endloop
  endfacet
  facet normal 0.658775 -0.75234 0
    outer loop
      vertex 46.1243 2.07574 2.59
      vertex 46.0652 2.02399 1.6
      vertex 46.1243 2.07574 1.6
    endloop
  endfacet
  facet normal 0.321194 0.947013 -0
    outer loop
      vertex 45.9296 17.2543 1.6
      vertex 45.8553 17.2795 2.59
      vertex 45.9296 17.2543 2.59
    endloop
  endfacet
  facet normal 0.321194 0.947013 0
    outer loop
      vertex 45.8553 17.2795 2.59
      vertex 45.9296 17.2543 1.6
      vertex 45.8553 17.2795 1.6
    endloop
  endfacet
  facet normal -0.831206 0.555965 0
    outer loop
      vertex 1.98038 17 1.6
      vertex 2.02399 17.0652 2.59
      vertex 2.02399 17.0652 1.6
    endloop
  endfacet
  facet normal -0.831206 0.555965 0
    outer loop
      vertex 2.02399 17.0652 2.59
      vertex 1.98038 17 1.6
      vertex 1.98038 17 2.59
    endloop
  endfacet
  facet normal -0.946936 -0.321421 0
    outer loop
      vertex 1.94568 2.27039 1.6
      vertex 1.92045 2.34472 2.59
      vertex 1.92045 2.34472 1.6
    endloop
  endfacet
  facet normal -0.946936 -0.321421 0
    outer loop
      vertex 1.92045 2.34472 2.59
      vertex 1.94568 2.27039 1.6
      vertex 1.94568 2.27039 2.59
    endloop
  endfacet
  facet normal 0.896961 0.44211 0
    outer loop
      vertex 46.2543 16.9296 2.59
      vertex 46.2196 17 1.6
      vertex 46.2196 17 2.59
    endloop
  endfacet
  facet normal 0.896961 0.44211 0
    outer loop
      vertex 46.2196 17 1.6
      vertex 46.2543 16.9296 2.59
      vertex 46.2543 16.9296 1.6
    endloop
  endfacet
  facet normal -0.555641 0.831422 0
    outer loop
      vertex 2.2 17.2196 1.6
      vertex 2.13476 17.176 2.59
      vertex 2.2 17.2196 2.59
    endloop
  endfacet
  facet normal -0.555641 0.831422 0
    outer loop
      vertex 2.13476 17.176 2.59
      vertex 2.2 17.2196 1.6
      vertex 2.13476 17.176 1.6
    endloop
  endfacet
  facet normal -0.997852 0.065504 0
    outer loop
      vertex 1.9 16.7 1.6
      vertex 1.90514 16.7783 2.59
      vertex 1.90514 16.7783 1.6
    endloop
  endfacet
  facet normal -0.997852 0.065504 0
    outer loop
      vertex 1.90514 16.7783 2.59
      vertex 1.9 16.7 1.6
      vertex 1.9 16.7 2.59
    endloop
  endfacet
  facet normal -0.751898 -0.65928 0
    outer loop
      vertex 2.07574 2.07574 1.6
      vertex 2.02399 2.13476 2.59
      vertex 2.02399 2.13476 1.6
    endloop
  endfacet
  facet normal -0.751898 -0.65928 0
    outer loop
      vertex 2.02399 2.13476 2.59
      vertex 2.07574 2.07574 1.6
      vertex 2.07574 2.07574 2.59
    endloop
  endfacet
  facet normal 0.658414 0.752656 -0
    outer loop
      vertex 46.1243 17.1243 1.6
      vertex 46.0652 17.176 2.59
      vertex 46.1243 17.1243 2.59
    endloop
  endfacet
  facet normal 0.658414 0.752656 0
    outer loop
      vertex 46.0652 17.176 2.59
      vertex 46.1243 17.1243 1.6
      vertex 46.0652 17.176 1.6
    endloop
  endfacet
  facet normal 0.947053 -0.321078 0
    outer loop
      vertex 46.2543 2.27039 2.59
      vertex 46.2795 2.34472 1.6
      vertex 46.2795 2.34472 2.59
    endloop
  endfacet
  facet normal 0.947053 -0.321078 0
    outer loop
      vertex 46.2795 2.34472 1.6
      vertex 46.2543 2.27039 2.59
      vertex 46.2543 2.27039 1.6
    endloop
  endfacet
  facet normal 0.831422 -0.555641 0
    outer loop
      vertex 46.176 2.13476 2.59
      vertex 46.2196 2.2 1.6
      vertex 46.2196 2.2 2.59
    endloop
  endfacet
  facet normal 0.831422 -0.555641 0
    outer loop
      vertex 46.2196 2.2 1.6
      vertex 46.176 2.13476 2.59
      vertex 46.176 2.13476 1.6
    endloop
  endfacet
  facet normal 0.752213 -0.65892 0
    outer loop
      vertex 46.1243 2.07574 2.59
      vertex 46.176 2.13476 1.6
      vertex 46.176 2.13476 2.59
    endloop
  endfacet
  facet normal 0.752213 -0.65892 0
    outer loop
      vertex 46.176 2.13476 1.6
      vertex 46.1243 2.07574 2.59
      vertex 46.1243 2.07574 1.6
    endloop
  endfacet
  facet normal -0.44216 -0.896936 0
    outer loop
      vertex 2.2 1.98038 1.6
      vertex 2.27039 1.94568 2.59
      vertex 2.2 1.98038 2.59
    endloop
  endfacet
  facet normal -0.44216 -0.896936 -0
    outer loop
      vertex 2.27039 1.94568 2.59
      vertex 2.2 1.98038 1.6
      vertex 2.27039 1.94568 1.6
    endloop
  endfacet
  facet normal 0.555965 -0.831206 0
    outer loop
      vertex 46 1.98038 1.6
      vertex 46.0652 2.02399 2.59
      vertex 46 1.98038 2.59
    endloop
  endfacet
  facet normal 0.555965 -0.831206 0
    outer loop
      vertex 46.0652 2.02399 2.59
      vertex 46 1.98038 1.6
      vertex 46.0652 2.02399 1.6
    endloop
  endfacet
  facet normal -0.946897 0.321537 0
    outer loop
      vertex 1.92045 16.8553 1.6
      vertex 1.94568 16.9296 2.59
      vertex 1.94568 16.9296 1.6
    endloop
  endfacet
  facet normal -0.946897 0.321537 0
    outer loop
      vertex 1.94568 16.9296 2.59
      vertex 1.92045 16.8553 1.6
      vertex 1.92045 16.8553 2.59
    endloop
  endfacet
  facet normal -0.831363 -0.555729 0
    outer loop
      vertex 2.02399 2.13476 1.6
      vertex 1.98038 2.2 2.59
      vertex 1.98038 2.2 1.6
    endloop
  endfacet
  facet normal -0.831363 -0.555729 0
    outer loop
      vertex 1.98038 2.2 2.59
      vertex 2.02399 2.13476 1.6
      vertex 2.02399 2.13476 2.59
    endloop
  endfacet
  facet normal 0.980581 0.196116 0
    outer loop
      vertex 46.2949 16.7783 2.59
      vertex 46.2795 16.8553 1.6
      vertex 46.2795 16.8553 2.59
    endloop
  endfacet
  facet normal 0.980581 0.196116 0
    outer loop
      vertex 46.2795 16.8553 1.6
      vertex 46.2949 16.7783 2.59
      vertex 46.2949 16.7783 1.6
    endloop
  endfacet
  facet normal 0.0649964 0.997886 -0
    outer loop
      vertex 45.7783 17.2949 1.6
      vertex 45.7 17.3 2.59
      vertex 45.7783 17.2949 2.59
    endloop
  endfacet
  facet normal 0.0649964 0.997886 0
    outer loop
      vertex 45.7 17.3 2.59
      vertex 45.7783 17.2949 1.6
      vertex 45.7 17.3 1.6
    endloop
  endfacet
  facet normal -0.896936 -0.44216 0
    outer loop
      vertex 1.98038 2.2 1.6
      vertex 1.94568 2.27039 2.59
      vertex 1.94568 2.27039 1.6
    endloop
  endfacet
  facet normal -0.896936 -0.44216 0
    outer loop
      vertex 1.94568 2.27039 2.59
      vertex 1.98038 2.2 1.6
      vertex 1.98038 2.2 2.59
    endloop
  endfacet
  facet normal 0.555877 0.831265 -0
    outer loop
      vertex 46.0652 17.176 1.6
      vertex 46 17.2196 2.59
      vertex 46.0652 17.176 2.59
    endloop
  endfacet
  facet normal 0.555877 0.831265 0
    outer loop
      vertex 46 17.2196 2.59
      vertex 46.0652 17.176 1.6
      vertex 46 17.2196 1.6
    endloop
  endfacet
  facet normal 0.44211 -0.896961 0
    outer loop
      vertex 45.9296 1.94568 1.6
      vertex 46 1.98038 2.59
      vertex 45.9296 1.94568 2.59
    endloop
  endfacet
  facet normal 0.44211 -0.896961 0
    outer loop
      vertex 46 1.98038 2.59
      vertex 45.9296 1.94568 1.6
      vertex 46 1.98038 1.6
    endloop
  endfacet
  facet normal 0.44211 0.896961 -0
    outer loop
      vertex 46 17.2196 1.6
      vertex 45.9296 17.2543 2.59
      vertex 46 17.2196 2.59
    endloop
  endfacet
  facet normal 0.44211 0.896961 0
    outer loop
      vertex 45.9296 17.2543 2.59
      vertex 46 17.2196 1.6
      vertex 45.9296 17.2543 1.6
    endloop
  endfacet
  facet normal -0.65892 0.752213 0
    outer loop
      vertex 2.13476 17.176 1.6
      vertex 2.07574 17.1243 2.59
      vertex 2.13476 17.176 2.59
    endloop
  endfacet
  facet normal -0.65892 0.752213 0
    outer loop
      vertex 2.07574 17.1243 2.59
      vertex 2.13476 17.176 1.6
      vertex 2.07574 17.1243 1.6
    endloop
  endfacet
  facet normal -0.75234 0.658775 0
    outer loop
      vertex 2.02399 17.0652 1.6
      vertex 2.07574 17.1243 2.59
      vertex 2.07574 17.1243 1.6
    endloop
  endfacet
  facet normal -0.75234 0.658775 0
    outer loop
      vertex 2.07574 17.1243 2.59
      vertex 2.02399 17.0652 1.6
      vertex 2.02399 17.0652 2.59
    endloop
  endfacet
  facet normal 0 0 1
    outer loop
      vertex 45.7 17.3 2.59
      vertex 46.3 16.7 2.59
      vertex 46.2949 16.7783 2.59
    endloop
  endfacet
  facet normal 0 0 1
    outer loop
      vertex 46.3 16.7 2.59
      vertex 38.3 9.6 2.59
      vertex 46.3 2.50001 2.59
    endloop
  endfacet
  facet normal 0 0 1
    outer loop
      vertex 45.7 17.3 2.59
      vertex 46.2949 16.7783 2.59
      vertex 46.2795 16.8553 2.59
    endloop
  endfacet
  facet normal -0 0 1
    outer loop
      vertex 38.2596 9.19031 2.59
      vertex 46.3 2.50001 2.59
      vertex 38.3 9.6 2.59
    endloop
  endfacet
  facet normal 0 0 1
    outer loop
      vertex 45.7 17.3 2.59
      vertex 46.2795 16.8553 2.59
      vertex 46.2543 16.9296 2.59
    endloop
  endfacet
  facet normal -0 0 1
    outer loop
      vertex 38.1401 8.79636 2.59
      vertex 46.3 2.50001 2.59
      vertex 38.2596 9.19031 2.59
    endloop
  endfacet
  facet normal 0 0 1
    outer loop
      vertex 45.7 17.3 2.59
      vertex 46.2543 16.9296 2.59
      vertex 46.2196 17 2.59
    endloop
  endfacet
  facet normal -0 0 1
    outer loop
      vertex 37.9461 8.4333 2.59
      vertex 46.3 2.50001 2.59
      vertex 38.1401 8.79636 2.59
    endloop
  endfacet
  facet normal 0 0 1
    outer loop
      vertex 45.7 17.3 2.59
      vertex 46.2196 17 2.59
      vertex 46.176 17.0652 2.59
    endloop
  endfacet
  facet normal 0 -0 1
    outer loop
      vertex 45.7 1.9 2.59
      vertex 46.3 2.50001 2.59
      vertex 37.9461 8.4333 2.59
    endloop
  endfacet
  facet normal 0 0 1
    outer loop
      vertex 45.7 17.3 2.59
      vertex 46.176 17.0652 2.59
      vertex 46.1243 17.1243 2.59
    endloop
  endfacet
  facet normal 0 0 1
    outer loop
      vertex 46.2949 2.4217 2.59
      vertex 45.7 1.9 2.59
      vertex 46.2795 2.34472 2.59
    endloop
  endfacet
  facet normal 0 0 1
    outer loop
      vertex 45.7 17.3 2.59
      vertex 46.1243 17.1243 2.59
      vertex 46.0652 17.176 2.59
    endloop
  endfacet
  facet normal 0 0 1
    outer loop
      vertex 46.2795 2.34472 2.59
      vertex 45.7 1.9 2.59
      vertex 46.2543 2.27039 2.59
    endloop
  endfacet
  facet normal 0 0 1
    outer loop
      vertex 45.7 17.3 2.59
      vertex 46.0652 17.176 2.59
      vertex 46 17.2196 2.59
    endloop
  endfacet
  facet normal 0 0 1
    outer loop
      vertex 46.2543 2.27039 2.59
      vertex 45.7 1.9 2.59
      vertex 46.2196 2.2 2.59
    endloop
  endfacet
  facet normal 0 0 1
    outer loop
      vertex 45.7 17.3 2.59
      vertex 46 17.2196 2.59
      vertex 45.9296 17.2543 2.59
    endloop
  endfacet
  facet normal 0 0 1
    outer loop
      vertex 46.176 2.13476 2.59
      vertex 45.7 1.9 2.59
      vertex 46.1243 2.07574 2.59
    endloop
  endfacet
  facet normal 0 0 1
    outer loop
      vertex 45.7 17.3 2.59
      vertex 45.9296 17.2543 2.59
      vertex 45.8553 17.2795 2.59
    endloop
  endfacet
  facet normal 0 0 1
    outer loop
      vertex 46.1243 2.07574 2.59
      vertex 45.7 1.9 2.59
      vertex 46.0652 2.02399 2.59
    endloop
  endfacet
  facet normal 0 0 1
    outer loop
      vertex 45.7 17.3 2.59
      vertex 45.8553 17.2795 2.59
      vertex 45.7783 17.2949 2.59
    endloop
  endfacet
  facet normal 0 0 1
    outer loop
      vertex 46.0652 2.02399 2.59
      vertex 45.7 1.9 2.59
      vertex 46 1.98038 2.59
    endloop
  endfacet
  facet normal 0 0 1
    outer loop
      vertex 46.3 16.7 2.59
      vertex 45.7 17.3 2.59
      vertex 37.9461 10.7667 2.59
    endloop
  endfacet
  facet normal 0 0 1
    outer loop
      vertex 46 1.98038 2.59
      vertex 45.7 1.9 2.59
      vertex 45.9296 1.94568 2.59
    endloop
  endfacet
  facet normal 0 0 1
    outer loop
      vertex 45.8553 1.92045 2.59
      vertex 45.7 1.9 2.59
      vertex 45.7783 1.90514 2.59
    endloop
  endfacet
  facet normal 0 0 1
    outer loop
      vertex 46.3 16.7 2.59
      vertex 38.2596 10.0097 2.59
      vertex 38.3 9.6 2.59
    endloop
  endfacet
  facet normal 0 0 1
    outer loop
      vertex 46.3 16.7 2.59
      vertex 38.1401 10.4036 2.59
      vertex 38.2596 10.0097 2.59
    endloop
  endfacet
  facet normal 0 0 1
    outer loop
      vertex 46.3 16.7 2.59
      vertex 37.9461 10.7667 2.59
      vertex 38.1401 10.4036 2.59
    endloop
  endfacet
  facet normal 0 0 1
    outer loop
      vertex 45.7 17.3 2.59
      vertex 37.6849 11.0849 2.59
      vertex 37.9461 10.7667 2.59
    endloop
  endfacet
  facet normal 0 0 1
    outer loop
      vertex 45.7 17.3 2.59
      vertex 37.3667 11.3461 2.59
      vertex 37.6849 11.0849 2.59
    endloop
  endfacet
  facet normal 0 0 1
    outer loop
      vertex 45.7 17.3 2.59
      vertex 37.0036 11.5401 2.59
      vertex 37.3667 11.3461 2.59
    endloop
  endfacet
  facet normal 0 0 1
    outer loop
      vertex 45.7 17.3 2.59
      vertex 36.6097 11.6596 2.59
      vertex 37.0036 11.5401 2.59
    endloop
  endfacet
  facet normal 0 0 1
    outer loop
      vertex 45.7 17.3 2.59
      vertex 36.2 11.7 2.59
      vertex 36.6097 11.6596 2.59
    endloop
  endfacet
  facet normal 0 0 1
    outer loop
      vertex 45.7 17.3 2.59
      vertex 35.7903 11.6596 2.59
      vertex 36.2 11.7 2.59
    endloop
  endfacet
  facet normal 0 0 1
    outer loop
      vertex 45.7 17.3 2.59
      vertex 35.3964 11.5401 2.59
      vertex 35.7903 11.6596 2.59
    endloop
  endfacet
  facet normal -0 0 1
    outer loop
      vertex 2.50001 17.3 2.59
      vertex 35.3964 11.5401 2.59
      vertex 45.7 17.3 2.59
    endloop
  endfacet
  facet normal 0 0 1
    outer loop
      vertex 11.0569 10.1475 2.59
      vertex 34.1 9.6 2.59
      vertex 34.1404 10.0097 2.59
    endloop
  endfacet
  facet normal 0 0 1
    outer loop
      vertex 10.9287 10.6816 2.59
      vertex 34.1404 10.0097 2.59
      vertex 34.2599 10.4036 2.59
    endloop
  endfacet
  facet normal 0 0 1
    outer loop
      vertex 10.7185 11.189 2.59
      vertex 34.2599 10.4036 2.59
      vertex 34.4539 10.7667 2.59
    endloop
  endfacet
  facet normal 0 0 1
    outer loop
      vertex 10.4316 11.6572 2.59
      vertex 34.4539 10.7667 2.59
      vertex 34.7151 11.0849 2.59
    endloop
  endfacet
  facet normal 0 0 1
    outer loop
      vertex 10.0749 12.0749 2.59
      vertex 34.7151 11.0849 2.59
      vertex 35.0333 11.3461 2.59
    endloop
  endfacet
  facet normal -0 -0 1
    outer loop
      vertex 9.18897 12.7185 2.59
      vertex 35.3964 11.5401 2.59
      vertex 2.50001 17.3 2.59
    endloop
  endfacet
  facet normal 0 0 1
    outer loop
      vertex 34.1 9.6 2.59
      vertex 11.0569 10.1475 2.59
      vertex 11.1 9.6 2.59
    endloop
  endfacet
  facet normal 0 0 1
    outer loop
      vertex 34.1404 10.0097 2.59
      vertex 10.9287 10.6816 2.59
      vertex 11.0569 10.1475 2.59
    endloop
  endfacet
  facet normal 0 0 1
    outer loop
      vertex 34.2599 10.4036 2.59
      vertex 10.7185 11.189 2.59
      vertex 10.9287 10.6816 2.59
    endloop
  endfacet
  facet normal 0 0 1
    outer loop
      vertex 34.4539 10.7667 2.59
      vertex 10.4316 11.6572 2.59
      vertex 10.7185 11.189 2.59
    endloop
  endfacet
  facet normal 0 0 1
    outer loop
      vertex 34.7151 11.0849 2.59
      vertex 10.0749 12.0749 2.59
      vertex 10.4316 11.6572 2.59
    endloop
  endfacet
  facet normal 0 0 1
    outer loop
      vertex 35.0333 11.3461 2.59
      vertex 9.65725 12.4316 2.59
      vertex 10.0749 12.0749 2.59
    endloop
  endfacet
  facet normal 0 0 1
    outer loop
      vertex 35.3964 11.5401 2.59
      vertex 9.65725 12.4316 2.59
      vertex 35.0333 11.3461 2.59
    endloop
  endfacet
  facet normal -0 -0 1
    outer loop
      vertex 9.65725 12.4316 2.59
      vertex 35.3964 11.5401 2.59
      vertex 9.18897 12.7185 2.59
    endloop
  endfacet
  facet normal 0 0 1
    outer loop
      vertex 9.18897 12.7185 2.59
      vertex 2.50001 17.3 2.59
      vertex 8.68156 12.9287 2.59
    endloop
  endfacet
  facet normal 0 0 1
    outer loop
      vertex 8.68156 12.9287 2.59
      vertex 2.50001 17.3 2.59
      vertex 8.14752 13.0569 2.59
    endloop
  endfacet
  facet normal 0 0 1
    outer loop
      vertex 8.14752 13.0569 2.59
      vertex 2.50001 17.3 2.59
      vertex 7.6 13.1 2.59
    endloop
  endfacet
  facet normal 0 0 1
    outer loop
      vertex 4.2713 10.6816 2.59
      vertex 1.9 16.7 2.59
      vertex 4.14309 10.1475 2.59
    endloop
  endfacet
  facet normal 0 0 1
    outer loop
      vertex 4.48148 11.189 2.59
      vertex 1.9 16.7 2.59
      vertex 4.2713 10.6816 2.59
    endloop
  endfacet
  facet normal 0 0 1
    outer loop
      vertex 4.76844 11.6572 2.59
      vertex 1.9 16.7 2.59
      vertex 4.48148 11.189 2.59
    endloop
  endfacet
  facet normal 0 0 1
    outer loop
      vertex 5.12513 12.0749 2.59
      vertex 1.9 16.7 2.59
      vertex 4.76844 11.6572 2.59
    endloop
  endfacet
  facet normal 0 0 1
    outer loop
      vertex 5.54275 12.4316 2.59
      vertex 1.9 16.7 2.59
      vertex 5.12513 12.0749 2.59
    endloop
  endfacet
  facet normal -0 0 1
    outer loop
      vertex 1.9 16.7 2.59
      vertex 5.54275 12.4316 2.59
      vertex 2.50001 17.3 2.59
    endloop
  endfacet
  facet normal 0 0 1
    outer loop
      vertex 6.01103 12.7185 2.59
      vertex 2.50001 17.3 2.59
      vertex 5.54275 12.4316 2.59
    endloop
  endfacet
  facet normal 0 0 1
    outer loop
      vertex 6.51844 12.9287 2.59
      vertex 2.50001 17.3 2.59
      vertex 6.01103 12.7185 2.59
    endloop
  endfacet
  facet normal 0 0 1
    outer loop
      vertex 7.05248 13.0569 2.59
      vertex 2.50001 17.3 2.59
      vertex 6.51844 12.9287 2.59
    endloop
  endfacet
  facet normal 0 0 1
    outer loop
      vertex 7.6 13.1 2.59
      vertex 2.50001 17.3 2.59
      vertex 7.05248 13.0569 2.59
    endloop
  endfacet
  facet normal 0 0 1
    outer loop
      vertex 45.9296 1.94568 2.59
      vertex 45.7 1.9 2.59
      vertex 45.8553 1.92045 2.59
    endloop
  endfacet
  facet normal 0 0 1
    outer loop
      vertex 46.2196 2.2 2.59
      vertex 45.7 1.9 2.59
      vertex 46.176 2.13476 2.59
    endloop
  endfacet
  facet normal 0 0 1
    outer loop
      vertex 46.3 2.50001 2.59
      vertex 45.7 1.9 2.59
      vertex 46.2949 2.4217 2.59
    endloop
  endfacet
  facet normal -0 0 1
    outer loop
      vertex 37.6849 8.11508 2.59
      vertex 45.7 1.9 2.59
      vertex 37.9461 8.4333 2.59
    endloop
  endfacet
  facet normal -0 0 1
    outer loop
      vertex 37.3667 7.85391 2.59
      vertex 45.7 1.9 2.59
      vertex 37.6849 8.11508 2.59
    endloop
  endfacet
  facet normal -0 0 1
    outer loop
      vertex 37.0036 7.65985 2.59
      vertex 45.7 1.9 2.59
      vertex 37.3667 7.85391 2.59
    endloop
  endfacet
  facet normal -0 0 1
    outer loop
      vertex 36.6097 7.54035 2.59
      vertex 45.7 1.9 2.59
      vertex 37.0036 7.65985 2.59
    endloop
  endfacet
  facet normal -0 0 1
    outer loop
      vertex 36.2 7.5 2.59
      vertex 45.7 1.9 2.59
      vertex 36.6097 7.54035 2.59
    endloop
  endfacet
  facet normal 0 0 1
    outer loop
      vertex 35.7903 7.54035 2.59
      vertex 45.7 1.9 2.59
      vertex 36.2 7.5 2.59
    endloop
  endfacet
  facet normal 0 0 1
    outer loop
      vertex 35.3964 7.65985 2.59
      vertex 45.7 1.9 2.59
      vertex 35.7903 7.54035 2.59
    endloop
  endfacet
  facet normal 0 0 1
    outer loop
      vertex 9.65725 6.76844 2.59
      vertex 35.3964 7.65985 2.59
      vertex 35.0333 7.85391 2.59
    endloop
  endfacet
  facet normal 0 0 1
    outer loop
      vertex 11.0569 9.05248 2.59
      vertex 34.1 9.6 2.59
      vertex 11.1 9.6 2.59
    endloop
  endfacet
  facet normal 0 0 1
    outer loop
      vertex 34.1 9.6 2.59
      vertex 11.0569 9.05248 2.59
      vertex 34.1404 9.19031 2.59
    endloop
  endfacet
  facet normal 0 0 1
    outer loop
      vertex 10.9287 8.51844 2.59
      vertex 34.1404 9.19031 2.59
      vertex 11.0569 9.05248 2.59
    endloop
  endfacet
  facet normal 0 0 1
    outer loop
      vertex 34.1404 9.19031 2.59
      vertex 10.9287 8.51844 2.59
      vertex 34.2599 8.79636 2.59
    endloop
  endfacet
  facet normal 0 0 1
    outer loop
      vertex 10.7185 8.01103 2.59
      vertex 34.2599 8.79636 2.59
      vertex 10.9287 8.51844 2.59
    endloop
  endfacet
  facet normal 0 0 1
    outer loop
      vertex 34.2599 8.79636 2.59
      vertex 10.7185 8.01103 2.59
      vertex 34.4539 8.4333 2.59
    endloop
  endfacet
  facet normal 0 0 1
    outer loop
      vertex 10.4316 7.54275 2.59
      vertex 34.4539 8.4333 2.59
      vertex 10.7185 8.01103 2.59
    endloop
  endfacet
  facet normal 0 0 1
    outer loop
      vertex 34.4539 8.4333 2.59
      vertex 10.4316 7.54275 2.59
      vertex 34.7151 8.11508 2.59
    endloop
  endfacet
  facet normal 0 0 1
    outer loop
      vertex 10.0749 7.12513 2.59
      vertex 34.7151 8.11508 2.59
      vertex 10.4316 7.54275 2.59
    endloop
  endfacet
  facet normal 0 0 1
    outer loop
      vertex 34.7151 8.11508 2.59
      vertex 10.0749 7.12513 2.59
      vertex 35.0333 7.85391 2.59
    endloop
  endfacet
  facet normal 0 0 1
    outer loop
      vertex 9.65725 6.76844 2.59
      vertex 35.0333 7.85391 2.59
      vertex 10.0749 7.12513 2.59
    endloop
  endfacet
  facet normal 0 0 1
    outer loop
      vertex 35.3964 7.65985 2.59
      vertex 9.65725 6.76844 2.59
      vertex 9.18897 6.48148 2.59
    endloop
  endfacet
  facet normal 0 0 1
    outer loop
      vertex 35.3964 7.65985 2.59
      vertex 9.18897 6.48148 2.59
      vertex 2.50001 1.9 2.59
    endloop
  endfacet
  facet normal 0 0 1
    outer loop
      vertex 2.50001 1.9 2.59
      vertex 9.18897 6.48148 2.59
      vertex 8.68156 6.2713 2.59
    endloop
  endfacet
  facet normal 0 0 1
    outer loop
      vertex 2.50001 1.9 2.59
      vertex 8.68156 6.2713 2.59
      vertex 8.14752 6.14309 2.59
    endloop
  endfacet
  facet normal 0 0 1
    outer loop
      vertex 2.50001 1.9 2.59
      vertex 8.14752 6.14309 2.59
      vertex 7.6 6.1 2.59
    endloop
  endfacet
  facet normal 0 0 1
    outer loop
      vertex 2.50001 1.9 2.59
      vertex 7.6 6.1 2.59
      vertex 7.05248 6.14309 2.59
    endloop
  endfacet
  facet normal 0 0 1
    outer loop
      vertex 4.14309 10.1475 2.59
      vertex 1.9 16.7 2.59
      vertex 4.1 9.6 2.59
    endloop
  endfacet
  facet normal 0 0 1
    outer loop
      vertex 35.3964 7.65985 2.59
      vertex 2.50001 1.9 2.59
      vertex 45.7 1.9 2.59
    endloop
  endfacet
  facet normal 0 0 1
    outer loop
      vertex 6.51844 6.2713 2.59
      vertex 2.50001 1.9 2.59
      vertex 7.05248 6.14309 2.59
    endloop
  endfacet
  facet normal 0 0 1
    outer loop
      vertex 6.01103 6.48148 2.59
      vertex 2.50001 1.9 2.59
      vertex 6.51844 6.2713 2.59
    endloop
  endfacet
  facet normal 0 0 1
    outer loop
      vertex 5.54275 6.76844 2.59
      vertex 2.50001 1.9 2.59
      vertex 6.01103 6.48148 2.59
    endloop
  endfacet
  facet normal 0 0 1
    outer loop
      vertex 1.9 2.50001 2.59
      vertex 5.54275 6.76844 2.59
      vertex 5.12513 7.12513 2.59
    endloop
  endfacet
  facet normal 0 0 1
    outer loop
      vertex 1.9 2.50001 2.59
      vertex 5.12513 7.12513 2.59
      vertex 4.76844 7.54275 2.59
    endloop
  endfacet
  facet normal 0 0 1
    outer loop
      vertex 1.9 2.50001 2.59
      vertex 4.76844 7.54275 2.59
      vertex 4.48148 8.01103 2.59
    endloop
  endfacet
  facet normal 0 0 1
    outer loop
      vertex 1.9 2.50001 2.59
      vertex 4.48148 8.01103 2.59
      vertex 4.2713 8.51844 2.59
    endloop
  endfacet
  facet normal 0 0 1
    outer loop
      vertex 1.9 2.50001 2.59
      vertex 4.2713 8.51844 2.59
      vertex 4.14309 9.05248 2.59
    endloop
  endfacet
  facet normal 0 0 1
    outer loop
      vertex 1.9 2.50001 2.59
      vertex 4.1 9.6 2.59
      vertex 1.9 16.7 2.59
    endloop
  endfacet
  facet normal 0 0 1
    outer loop
      vertex 1.9 16.7 2.59
      vertex 2.50001 17.3 2.59
      vertex 2.4217 17.2949 2.59
    endloop
  endfacet
  facet normal 0 0 1
    outer loop
      vertex 4.1 9.6 2.59
      vertex 1.9 2.50001 2.59
      vertex 4.14309 9.05248 2.59
    endloop
  endfacet
  facet normal 0 0 1
    outer loop
      vertex 1.9 16.7 2.59
      vertex 2.4217 17.2949 2.59
      vertex 2.34472 17.2795 2.59
    endloop
  endfacet
  facet normal 0 0 1
    outer loop
      vertex 5.54275 6.76844 2.59
      vertex 1.9 2.50001 2.59
      vertex 2.50001 1.9 2.59
    endloop
  endfacet
  facet normal 0 0 1
    outer loop
      vertex 1.9 16.7 2.59
      vertex 2.34472 17.2795 2.59
      vertex 2.27039 17.2543 2.59
    endloop
  endfacet
  facet normal 0 0 1
    outer loop
      vertex 2.50001 1.9 2.59
      vertex 1.9 2.50001 2.59
      vertex 2.4217 1.90514 2.59
    endloop
  endfacet
  facet normal 0 0 1
    outer loop
      vertex 1.9 16.7 2.59
      vertex 2.27039 17.2543 2.59
      vertex 2.2 17.2196 2.59
    endloop
  endfacet
  facet normal 0 0 1
    outer loop
      vertex 2.4217 1.90514 2.59
      vertex 1.9 2.50001 2.59
      vertex 2.34472 1.92045 2.59
    endloop
  endfacet
  facet normal 0 0 1
    outer loop
      vertex 1.9 16.7 2.59
      vertex 2.2 17.2196 2.59
      vertex 2.13476 17.176 2.59
    endloop
  endfacet
  facet normal 0 0 1
    outer loop
      vertex 2.34472 1.92045 2.59
      vertex 1.9 2.50001 2.59
      vertex 2.27039 1.94568 2.59
    endloop
  endfacet
  facet normal 0 0 1
    outer loop
      vertex 1.9 16.7 2.59
      vertex 2.13476 17.176 2.59
      vertex 2.07574 17.1243 2.59
    endloop
  endfacet
  facet normal 0 0 1
    outer loop
      vertex 2.27039 1.94568 2.59
      vertex 1.9 2.50001 2.59
      vertex 2.2 1.98038 2.59
    endloop
  endfacet
  facet normal 0 0 1
    outer loop
      vertex 1.9 16.7 2.59
      vertex 2.07574 17.1243 2.59
      vertex 2.02399 17.0652 2.59
    endloop
  endfacet
  facet normal 0 0 1
    outer loop
      vertex 2.2 1.98038 2.59
      vertex 1.9 2.50001 2.59
      vertex 2.13476 2.02399 2.59
    endloop
  endfacet
  facet normal 0 0 1
    outer loop
      vertex 1.9 16.7 2.59
      vertex 2.02399 17.0652 2.59
      vertex 1.98038 17 2.59
    endloop
  endfacet
  facet normal 0 0 1
    outer loop
      vertex 2.13476 2.02399 2.59
      vertex 1.9 2.50001 2.59
      vertex 2.07574 2.07574 2.59
    endloop
  endfacet
  facet normal 0 0 1
    outer loop
      vertex 1.9 16.7 2.59
      vertex 1.98038 17 2.59
      vertex 1.94568 16.9296 2.59
    endloop
  endfacet
  facet normal 0 0 1
    outer loop
      vertex 2.07574 2.07574 2.59
      vertex 1.9 2.50001 2.59
      vertex 2.02399 2.13476 2.59
    endloop
  endfacet
  facet normal 0 0 1
    outer loop
      vertex 1.9 16.7 2.59
      vertex 1.94568 16.9296 2.59
      vertex 1.92045 16.8553 2.59
    endloop
  endfacet
  facet normal 0 0 1
    outer loop
      vertex 2.02399 2.13476 2.59
      vertex 1.9 2.50001 2.59
      vertex 1.98038 2.2 2.59
    endloop
  endfacet
  facet normal 0 0 1
    outer loop
      vertex 1.9 16.7 2.59
      vertex 1.92045 16.8553 2.59
      vertex 1.90514 16.7783 2.59
    endloop
  endfacet
  facet normal 0 0 1
    outer loop
      vertex 1.98038 2.2 2.59
      vertex 1.9 2.50001 2.59
      vertex 1.94568 2.27039 2.59
    endloop
  endfacet
  facet normal 0 0 1
    outer loop
      vertex 1.94568 2.27039 2.59
      vertex 1.9 2.50001 2.59
      vertex 1.92045 2.34472 2.59
    endloop
  endfacet
  facet normal 0 0 1
    outer loop
      vertex 1.92045 2.34472 2.59
      vertex 1.9 2.50001 2.59
      vertex 1.90514 2.4217 2.59
    endloop
  endfacet
  facet normal -0.896961 0.44211 0
    outer loop
      vertex 1.94568 16.9296 1.6
      vertex 1.98038 17 2.59
      vertex 1.98038 17 1.6
    endloop
  endfacet
  facet normal -0.896961 0.44211 0
    outer loop
      vertex 1.98038 17 2.59
      vertex 1.94568 16.9296 1.6
      vertex 1.94568 16.9296 2.59
    endloop
  endfacet
  facet normal -0.65928 -0.751898 0
    outer loop
      vertex 2.07574 2.07574 1.6
      vertex 2.13476 2.02399 2.59
      vertex 2.07574 2.07574 2.59
    endloop
  endfacet
  facet normal -0.65928 -0.751898 -0
    outer loop
      vertex 2.13476 2.02399 2.59
      vertex 2.07574 2.07574 1.6
      vertex 2.13476 2.02399 1.6
    endloop
  endfacet
  facet normal 0.980571 -0.196165 0
    outer loop
      vertex 46.2795 2.34472 2.59
      vertex 46.2949 2.4217 1.6
      vertex 46.2949 2.4217 2.59
    endloop
  endfacet
  facet normal 0.980571 -0.196165 0
    outer loop
      vertex 46.2949 2.4217 1.6
      vertex 46.2795 2.34472 2.59
      vertex 46.2795 2.34472 1.6
    endloop
  endfacet
  facet normal 0.997886 -0.0649881 0
    outer loop
      vertex 46.2949 2.4217 2.59
      vertex 46.3 2.50001 1.6
      vertex 46.3 2.50001 2.59
    endloop
  endfacet
  facet normal 0.997886 -0.0649881 0
    outer loop
      vertex 46.3 2.50001 1.6
      vertex 46.2949 2.4217 2.59
      vertex 46.2949 2.4217 1.6
    endloop
  endfacet
  facet normal -0.956932 -0.290311 0
    outer loop
      vertex 38.2596 10.0097 1.61
      vertex 38.1401 10.4036 2.59
      vertex 38.1401 10.4036 1.61
    endloop
  endfacet
  facet normal -0.956932 -0.290311 0
    outer loop
      vertex 38.1401 10.4036 2.59
      vertex 38.2596 10.0097 1.61
      vertex 38.2596 10.0097 2.59
    endloop
  endfacet
  facet normal -0.956932 -0.290311 0
    outer loop
      vertex 38.2596 10.0097 0
      vertex 38.1401 10.4036 1.1
      vertex 38.1401 10.4036 0
    endloop
  endfacet
  facet normal -0.956932 -0.290311 0
    outer loop
      vertex 38.1401 10.4036 1.1
      vertex 38.2596 10.0097 0
      vertex 38.2596 10.0097 1.1
    endloop
  endfacet
  facet normal -0.995173 -0.0981328 0
    outer loop
      vertex 38.3 9.6 1.61
      vertex 38.2596 10.0097 2.59
      vertex 38.2596 10.0097 1.61
    endloop
  endfacet
  facet normal -0.995173 -0.0981328 0
    outer loop
      vertex 38.2596 10.0097 2.59
      vertex 38.3 9.6 1.61
      vertex 38.3 9.6 2.59
    endloop
  endfacet
  facet normal -0.995173 -0.0981328 0
    outer loop
      vertex 38.3 9.6 0
      vertex 38.2596 10.0097 1.1
      vertex 38.2596 10.0097 0
    endloop
  endfacet
  facet normal -0.995173 -0.0981328 0
    outer loop
      vertex 38.2596 10.0097 1.1
      vertex 38.3 9.6 0
      vertex 38.3 9.6 1.1
    endloop
  endfacet
  facet normal -0.882003 -0.471244 0
    outer loop
      vertex 38.1401 10.4036 1.61
      vertex 37.9461 10.7667 2.59
      vertex 37.9461 10.7667 1.61
    endloop
  endfacet
  facet normal -0.882003 -0.471244 0
    outer loop
      vertex 37.9461 10.7667 2.59
      vertex 38.1401 10.4036 1.61
      vertex 38.1401 10.4036 2.59
    endloop
  endfacet
  facet normal -0.882003 -0.471244 0
    outer loop
      vertex 38.1401 10.4036 0
      vertex 37.9461 10.7667 1.1
      vertex 37.9461 10.7667 0
    endloop
  endfacet
  facet normal -0.882003 -0.471244 0
    outer loop
      vertex 37.9461 10.7667 1.1
      vertex 38.1401 10.4036 0
      vertex 38.1401 10.4036 1.1
    endloop
  endfacet
  facet normal -0.956943 0.290277 0
    outer loop
      vertex 38.1401 8.79636 1.61
      vertex 38.2596 9.19031 2.59
      vertex 38.2596 9.19031 1.61
    endloop
  endfacet
  facet normal -0.956943 0.290277 0
    outer loop
      vertex 38.2596 9.19031 2.59
      vertex 38.1401 8.79636 1.61
      vertex 38.1401 8.79636 2.59
    endloop
  endfacet
  facet normal -0.956943 0.290277 0
    outer loop
      vertex 38.1401 8.79636 0
      vertex 38.2596 9.19031 1.1
      vertex 38.2596 9.19031 0
    endloop
  endfacet
  facet normal -0.956943 0.290277 0
    outer loop
      vertex 38.2596 9.19031 1.1
      vertex 38.1401 8.79636 0
      vertex 38.1401 8.79636 1.1
    endloop
  endfacet
  facet normal -0.995173 0.0981352 0
    outer loop
      vertex 38.2596 9.19031 1.61
      vertex 38.3 9.6 2.59
      vertex 38.3 9.6 1.61
    endloop
  endfacet
  facet normal -0.995173 0.0981352 0
    outer loop
      vertex 38.3 9.6 2.59
      vertex 38.2596 9.19031 1.61
      vertex 38.2596 9.19031 2.59
    endloop
  endfacet
  facet normal -0.995173 0.0981352 0
    outer loop
      vertex 38.2596 9.19031 0
      vertex 38.3 9.6 1.1
      vertex 38.3 9.6 0
    endloop
  endfacet
  facet normal -0.995173 0.0981352 0
    outer loop
      vertex 38.3 9.6 1.1
      vertex 38.2596 9.19031 0
      vertex 38.2596 9.19031 1.1
    endloop
  endfacet
  facet normal 0.882003 -0.471244 0
    outer loop
      vertex 34.2599 10.4036 2.59
      vertex 34.4539 10.7667 1.61
      vertex 34.4539 10.7667 2.59
    endloop
  endfacet
  facet normal 0.882003 -0.471244 0
    outer loop
      vertex 34.4539 10.7667 1.61
      vertex 34.2599 10.4036 2.59
      vertex 34.2599 10.4036 1.61
    endloop
  endfacet
  facet normal 0.882003 -0.471244 0
    outer loop
      vertex 34.2599 10.4036 1.1
      vertex 34.4539 10.7667 0
      vertex 34.4539 10.7667 1.1
    endloop
  endfacet
  facet normal 0.882003 -0.471244 0
    outer loop
      vertex 34.4539 10.7667 0
      vertex 34.2599 10.4036 1.1
      vertex 34.2599 10.4036 0
    endloop
  endfacet
  facet normal -0.772939 -0.63448 0
    outer loop
      vertex 37.9461 10.7667 1.61
      vertex 37.6849 11.0849 2.59
      vertex 37.6849 11.0849 1.61
    endloop
  endfacet
  facet normal -0.772939 -0.63448 0
    outer loop
      vertex 37.6849 11.0849 2.59
      vertex 37.9461 10.7667 1.61
      vertex 37.9461 10.7667 2.59
    endloop
  endfacet
  facet normal -0.772939 -0.63448 0
    outer loop
      vertex 37.9461 10.7667 0
      vertex 37.6849 11.0849 1.1
      vertex 37.6849 11.0849 0
    endloop
  endfacet
  facet normal -0.772939 -0.63448 0
    outer loop
      vertex 37.6849 11.0849 1.1
      vertex 37.9461 10.7667 0
      vertex 37.9461 10.7667 1.1
    endloop
  endfacet
  facet normal 0.290311 0.956932 -0
    outer loop
      vertex 35.7903 7.54035 1.61
      vertex 35.3964 7.65985 2.59
      vertex 35.7903 7.54035 2.59
    endloop
  endfacet
  facet normal 0.290311 0.956932 0
    outer loop
      vertex 35.3964 7.65985 2.59
      vertex 35.7903 7.54035 1.61
      vertex 35.3964 7.65985 1.61
    endloop
  endfacet
  facet normal 0.290311 0.956932 -0
    outer loop
      vertex 35.7903 7.54035 0
      vertex 35.3964 7.65985 1.1
      vertex 35.7903 7.54035 1.1
    endloop
  endfacet
  facet normal 0.290311 0.956932 0
    outer loop
      vertex 35.3964 7.65985 1.1
      vertex 35.7903 7.54035 0
      vertex 35.3964 7.65985 0
    endloop
  endfacet
  facet normal -0.772959 0.634457 0
    outer loop
      vertex 37.6849 8.11508 1.61
      vertex 37.9461 8.4333 2.59
      vertex 37.9461 8.4333 1.61
    endloop
  endfacet
  facet normal -0.772959 0.634457 0
    outer loop
      vertex 37.9461 8.4333 2.59
      vertex 37.6849 8.11508 1.61
      vertex 37.6849 8.11508 2.59
    endloop
  endfacet
  facet normal -0.772959 0.634457 0
    outer loop
      vertex 37.6849 8.11508 0
      vertex 37.9461 8.4333 1.1
      vertex 37.9461 8.4333 0
    endloop
  endfacet
  facet normal -0.772959 0.634457 0
    outer loop
      vertex 37.9461 8.4333 1.1
      vertex 37.6849 8.11508 0
      vertex 37.6849 8.11508 1.1
    endloop
  endfacet
  facet normal 0.956943 0.290277 0
    outer loop
      vertex 34.2599 8.79636 2.59
      vertex 34.1404 9.19031 1.61
      vertex 34.1404 9.19031 2.59
    endloop
  endfacet
  facet normal 0.956943 0.290277 0
    outer loop
      vertex 34.1404 9.19031 1.61
      vertex 34.2599 8.79636 2.59
      vertex 34.2599 8.79636 1.61
    endloop
  endfacet
  facet normal 0.956943 0.290277 0
    outer loop
      vertex 34.2599 8.79636 1.1
      vertex 34.1404 9.19031 0
      vertex 34.1404 9.19031 1.1
    endloop
  endfacet
  facet normal 0.956943 0.290277 0
    outer loop
      vertex 34.1404 9.19031 0
      vertex 34.2599 8.79636 1.1
      vertex 34.2599 8.79636 0
    endloop
  endfacet
  facet normal -0.471244 -0.882003 0
    outer loop
      vertex 37.0036 11.5401 1.61
      vertex 37.3667 11.3461 2.59
      vertex 37.0036 11.5401 2.59
    endloop
  endfacet
  facet normal -0.471244 -0.882003 -0
    outer loop
      vertex 37.3667 11.3461 2.59
      vertex 37.0036 11.5401 1.61
      vertex 37.3667 11.3461 1.61
    endloop
  endfacet
  facet normal -0.471244 -0.882003 0
    outer loop
      vertex 37.0036 11.5401 0
      vertex 37.3667 11.3461 1.1
      vertex 37.0036 11.5401 1.1
    endloop
  endfacet
  facet normal -0.471244 -0.882003 -0
    outer loop
      vertex 37.3667 11.3461 1.1
      vertex 37.0036 11.5401 0
      vertex 37.3667 11.3461 0
    endloop
  endfacet
  facet normal -0.290311 -0.956932 0
    outer loop
      vertex 36.6097 11.6596 1.61
      vertex 37.0036 11.5401 2.59
      vertex 36.6097 11.6596 2.59
    endloop
  endfacet
  facet normal -0.290311 -0.956932 -0
    outer loop
      vertex 37.0036 11.5401 2.59
      vertex 36.6097 11.6596 1.61
      vertex 37.0036 11.5401 1.61
    endloop
  endfacet
  facet normal -0.290311 -0.956932 0
    outer loop
      vertex 36.6097 11.6596 0
      vertex 37.0036 11.5401 1.1
      vertex 36.6097 11.6596 1.1
    endloop
  endfacet
  facet normal -0.290311 -0.956932 -0
    outer loop
      vertex 37.0036 11.5401 1.1
      vertex 36.6097 11.6596 0
      vertex 37.0036 11.5401 0
    endloop
  endfacet
  facet normal -0.634437 0.772975 0
    outer loop
      vertex 37.6849 8.11508 1.61
      vertex 37.3667 7.85391 2.59
      vertex 37.6849 8.11508 2.59
    endloop
  endfacet
  facet normal -0.634437 0.772975 0
    outer loop
      vertex 37.3667 7.85391 2.59
      vertex 37.6849 8.11508 1.61
      vertex 37.3667 7.85391 1.61
    endloop
  endfacet
  facet normal -0.634437 0.772975 0
    outer loop
      vertex 37.6849 8.11508 0
      vertex 37.3667 7.85391 1.1
      vertex 37.6849 8.11508 1.1
    endloop
  endfacet
  facet normal -0.634437 0.772975 0
    outer loop
      vertex 37.3667 7.85391 1.1
      vertex 37.6849 8.11508 0
      vertex 37.3667 7.85391 0
    endloop
  endfacet
  facet normal 0.290311 -0.956932 0
    outer loop
      vertex 35.3964 11.5401 1.61
      vertex 35.7903 11.6596 2.59
      vertex 35.3964 11.5401 2.59
    endloop
  endfacet
  facet normal 0.290311 -0.956932 0
    outer loop
      vertex 35.7903 11.6596 2.59
      vertex 35.3964 11.5401 1.61
      vertex 35.7903 11.6596 1.61
    endloop
  endfacet
  facet normal 0.290311 -0.956932 0
    outer loop
      vertex 35.3964 11.5401 0
      vertex 35.7903 11.6596 1.1
      vertex 35.3964 11.5401 1.1
    endloop
  endfacet
  facet normal 0.290311 -0.956932 0
    outer loop
      vertex 35.7903 11.6596 1.1
      vertex 35.3964 11.5401 0
      vertex 35.7903 11.6596 0
    endloop
  endfacet
  facet normal 0.956932 -0.290311 0
    outer loop
      vertex 34.1404 10.0097 2.59
      vertex 34.2599 10.4036 1.61
      vertex 34.2599 10.4036 2.59
    endloop
  endfacet
  facet normal 0.956932 -0.290311 0
    outer loop
      vertex 34.2599 10.4036 1.61
      vertex 34.1404 10.0097 2.59
      vertex 34.1404 10.0097 1.61
    endloop
  endfacet
  facet normal 0.956932 -0.290311 0
    outer loop
      vertex 34.1404 10.0097 1.1
      vertex 34.2599 10.4036 0
      vertex 34.2599 10.4036 1.1
    endloop
  endfacet
  facet normal 0.956932 -0.290311 0
    outer loop
      vertex 34.2599 10.4036 0
      vertex 34.1404 10.0097 1.1
      vertex 34.1404 10.0097 0
    endloop
  endfacet
  facet normal -0.0981328 -0.995173 0
    outer loop
      vertex 36.2 11.7 1.61
      vertex 36.6097 11.6596 2.59
      vertex 36.2 11.7 2.59
    endloop
  endfacet
  facet normal -0.0981328 -0.995173 -0
    outer loop
      vertex 36.6097 11.6596 2.59
      vertex 36.2 11.7 1.61
      vertex 36.6097 11.6596 1.61
    endloop
  endfacet
  facet normal -0.0981328 -0.995173 0
    outer loop
      vertex 36.2 11.7 0
      vertex 36.6097 11.6596 1.1
      vertex 36.2 11.7 1.1
    endloop
  endfacet
  facet normal -0.0981328 -0.995173 -0
    outer loop
      vertex 36.6097 11.6596 1.1
      vertex 36.2 11.7 0
      vertex 36.6097 11.6596 0
    endloop
  endfacet
  facet normal 0.881981 0.471284 0
    outer loop
      vertex 34.4539 8.4333 2.59
      vertex 34.2599 8.79636 1.61
      vertex 34.2599 8.79636 2.59
    endloop
  endfacet
  facet normal 0.881981 0.471284 0
    outer loop
      vertex 34.2599 8.79636 1.61
      vertex 34.4539 8.4333 2.59
      vertex 34.4539 8.4333 1.61
    endloop
  endfacet
  facet normal 0.881981 0.471284 0
    outer loop
      vertex 34.4539 8.4333 1.1
      vertex 34.2599 8.79636 0
      vertex 34.2599 8.79636 1.1
    endloop
  endfacet
  facet normal 0.881981 0.471284 0
    outer loop
      vertex 34.2599 8.79636 0
      vertex 34.4539 8.4333 1.1
      vertex 34.4539 8.4333 0
    endloop
  endfacet
  facet normal 0.471244 -0.882003 0
    outer loop
      vertex 35.0333 11.3461 1.61
      vertex 35.3964 11.5401 2.59
      vertex 35.0333 11.3461 2.59
    endloop
  endfacet
  facet normal 0.471244 -0.882003 0
    outer loop
      vertex 35.3964 11.5401 2.59
      vertex 35.0333 11.3461 1.61
      vertex 35.3964 11.5401 1.61
    endloop
  endfacet
  facet normal 0.471244 -0.882003 0
    outer loop
      vertex 35.0333 11.3461 0
      vertex 35.3964 11.5401 1.1
      vertex 35.0333 11.3461 1.1
    endloop
  endfacet
  facet normal 0.471244 -0.882003 0
    outer loop
      vertex 35.3964 11.5401 1.1
      vertex 35.0333 11.3461 0
      vertex 35.3964 11.5401 0
    endloop
  endfacet
  facet normal -0.290311 0.956932 0
    outer loop
      vertex 37.0036 7.65985 1.61
      vertex 36.6097 7.54035 2.59
      vertex 37.0036 7.65985 2.59
    endloop
  endfacet
  facet normal -0.290311 0.956932 0
    outer loop
      vertex 36.6097 7.54035 2.59
      vertex 37.0036 7.65985 1.61
      vertex 36.6097 7.54035 1.61
    endloop
  endfacet
  facet normal -0.290311 0.956932 0
    outer loop
      vertex 37.0036 7.65985 0
      vertex 36.6097 7.54035 1.1
      vertex 37.0036 7.65985 1.1
    endloop
  endfacet
  facet normal -0.290311 0.956932 0
    outer loop
      vertex 36.6097 7.54035 1.1
      vertex 37.0036 7.65985 0
      vertex 36.6097 7.54035 0
    endloop
  endfacet
  facet normal -0.881981 0.471284 0
    outer loop
      vertex 37.9461 8.4333 1.61
      vertex 38.1401 8.79636 2.59
      vertex 38.1401 8.79636 1.61
    endloop
  endfacet
  facet normal -0.881981 0.471284 0
    outer loop
      vertex 38.1401 8.79636 2.59
      vertex 37.9461 8.4333 1.61
      vertex 37.9461 8.4333 2.59
    endloop
  endfacet
  facet normal -0.881981 0.471284 0
    outer loop
      vertex 37.9461 8.4333 0
      vertex 38.1401 8.79636 1.1
      vertex 38.1401 8.79636 0
    endloop
  endfacet
  facet normal -0.881981 0.471284 0
    outer loop
      vertex 38.1401 8.79636 1.1
      vertex 37.9461 8.4333 0
      vertex 37.9461 8.4333 1.1
    endloop
  endfacet
  facet normal -0.63448 -0.772939 0
    outer loop
      vertex 37.3667 11.3461 1.61
      vertex 37.6849 11.0849 2.59
      vertex 37.3667 11.3461 2.59
    endloop
  endfacet
  facet normal -0.63448 -0.772939 -0
    outer loop
      vertex 37.6849 11.0849 2.59
      vertex 37.3667 11.3461 1.61
      vertex 37.6849 11.0849 1.61
    endloop
  endfacet
  facet normal -0.63448 -0.772939 0
    outer loop
      vertex 37.3667 11.3461 0
      vertex 37.6849 11.0849 1.1
      vertex 37.3667 11.3461 1.1
    endloop
  endfacet
  facet normal -0.63448 -0.772939 -0
    outer loop
      vertex 37.6849 11.0849 1.1
      vertex 37.3667 11.3461 0
      vertex 37.6849 11.0849 0
    endloop
  endfacet
  facet normal 0.995173 0.0981352 0
    outer loop
      vertex 34.1404 9.19031 2.59
      vertex 34.1 9.6 1.61
      vertex 34.1 9.6 2.59
    endloop
  endfacet
  facet normal 0.995173 0.0981352 0
    outer loop
      vertex 34.1 9.6 1.61
      vertex 34.1404 9.19031 2.59
      vertex 34.1404 9.19031 1.61
    endloop
  endfacet
  facet normal 0.995173 0.0981352 0
    outer loop
      vertex 34.1404 9.19031 1.1
      vertex 34.1 9.6 0
      vertex 34.1 9.6 1.1
    endloop
  endfacet
  facet normal 0.995173 0.0981352 0
    outer loop
      vertex 34.1 9.6 0
      vertex 34.1404 9.19031 1.1
      vertex 34.1404 9.19031 0
    endloop
  endfacet
  facet normal 0.772939 -0.63448 0
    outer loop
      vertex 34.4539 10.7667 2.59
      vertex 34.7151 11.0849 1.61
      vertex 34.7151 11.0849 2.59
    endloop
  endfacet
  facet normal 0.772939 -0.63448 0
    outer loop
      vertex 34.7151 11.0849 1.61
      vertex 34.4539 10.7667 2.59
      vertex 34.4539 10.7667 1.61
    endloop
  endfacet
  facet normal 0.772939 -0.63448 0
    outer loop
      vertex 34.4539 10.7667 1.1
      vertex 34.7151 11.0849 0
      vertex 34.7151 11.0849 1.1
    endloop
  endfacet
  facet normal 0.772939 -0.63448 0
    outer loop
      vertex 34.7151 11.0849 0
      vertex 34.4539 10.7667 1.1
      vertex 34.4539 10.7667 0
    endloop
  endfacet
  facet normal -0.0980125 0.995185 0
    outer loop
      vertex 36.6097 7.54035 1.61
      vertex 36.2 7.5 2.59
      vertex 36.6097 7.54035 2.59
    endloop
  endfacet
  facet normal -0.0980125 0.995185 0
    outer loop
      vertex 36.2 7.5 2.59
      vertex 36.6097 7.54035 1.61
      vertex 36.2 7.5 1.61
    endloop
  endfacet
  facet normal -0.0980125 0.995185 0
    outer loop
      vertex 36.6097 7.54035 0
      vertex 36.2 7.5 1.1
      vertex 36.6097 7.54035 1.1
    endloop
  endfacet
  facet normal -0.0980125 0.995185 0
    outer loop
      vertex 36.2 7.5 1.1
      vertex 36.6097 7.54035 0
      vertex 36.2 7.5 0
    endloop
  endfacet
  facet normal 0.634437 0.772975 -0
    outer loop
      vertex 35.0333 7.85391 1.61
      vertex 34.7151 8.11508 2.59
      vertex 35.0333 7.85391 2.59
    endloop
  endfacet
  facet normal 0.634437 0.772975 0
    outer loop
      vertex 34.7151 8.11508 2.59
      vertex 35.0333 7.85391 1.61
      vertex 34.7151 8.11508 1.61
    endloop
  endfacet
  facet normal 0.634437 0.772975 -0
    outer loop
      vertex 35.0333 7.85391 0
      vertex 34.7151 8.11508 1.1
      vertex 35.0333 7.85391 1.1
    endloop
  endfacet
  facet normal 0.634437 0.772975 0
    outer loop
      vertex 34.7151 8.11508 1.1
      vertex 35.0333 7.85391 0
      vertex 34.7151 8.11508 0
    endloop
  endfacet
  facet normal 0.63448 -0.772939 0
    outer loop
      vertex 34.7151 11.0849 1.61
      vertex 35.0333 11.3461 2.59
      vertex 34.7151 11.0849 2.59
    endloop
  endfacet
  facet normal 0.63448 -0.772939 0
    outer loop
      vertex 35.0333 11.3461 2.59
      vertex 34.7151 11.0849 1.61
      vertex 35.0333 11.3461 1.61
    endloop
  endfacet
  facet normal 0.63448 -0.772939 0
    outer loop
      vertex 34.7151 11.0849 0
      vertex 35.0333 11.3461 1.1
      vertex 34.7151 11.0849 1.1
    endloop
  endfacet
  facet normal 0.63448 -0.772939 0
    outer loop
      vertex 35.0333 11.3461 1.1
      vertex 34.7151 11.0849 0
      vertex 35.0333 11.3461 0
    endloop
  endfacet
  facet normal -0.471357 0.881942 0
    outer loop
      vertex 37.3667 7.85391 1.61
      vertex 37.0036 7.65985 2.59
      vertex 37.3667 7.85391 2.59
    endloop
  endfacet
  facet normal -0.471357 0.881942 0
    outer loop
      vertex 37.0036 7.65985 2.59
      vertex 37.3667 7.85391 1.61
      vertex 37.0036 7.65985 1.61
    endloop
  endfacet
  facet normal -0.471357 0.881942 0
    outer loop
      vertex 37.3667 7.85391 0
      vertex 37.0036 7.65985 1.1
      vertex 37.3667 7.85391 1.1
    endloop
  endfacet
  facet normal -0.471357 0.881942 0
    outer loop
      vertex 37.0036 7.65985 1.1
      vertex 37.3667 7.85391 0
      vertex 37.0036 7.65985 0
    endloop
  endfacet
  facet normal 0.772959 0.634457 0
    outer loop
      vertex 34.7151 8.11508 2.59
      vertex 34.4539 8.4333 1.61
      vertex 34.4539 8.4333 2.59
    endloop
  endfacet
  facet normal 0.772959 0.634457 0
    outer loop
      vertex 34.4539 8.4333 1.61
      vertex 34.7151 8.11508 2.59
      vertex 34.7151 8.11508 1.61
    endloop
  endfacet
  facet normal 0.772959 0.634457 0
    outer loop
      vertex 34.7151 8.11508 1.1
      vertex 34.4539 8.4333 0
      vertex 34.4539 8.4333 1.1
    endloop
  endfacet
  facet normal 0.772959 0.634457 0
    outer loop
      vertex 34.4539 8.4333 0
      vertex 34.7151 8.11508 1.1
      vertex 34.7151 8.11508 0
    endloop
  endfacet
  facet normal 0.995173 -0.0981328 0
    outer loop
      vertex 34.1 9.6 2.59
      vertex 34.1404 10.0097 1.61
      vertex 34.1404 10.0097 2.59
    endloop
  endfacet
  facet normal 0.995173 -0.0981328 0
    outer loop
      vertex 34.1404 10.0097 1.61
      vertex 34.1 9.6 2.59
      vertex 34.1 9.6 1.61
    endloop
  endfacet
  facet normal 0.995173 -0.0981328 0
    outer loop
      vertex 34.1 9.6 1.1
      vertex 34.1404 10.0097 0
      vertex 34.1404 10.0097 1.1
    endloop
  endfacet
  facet normal 0.995173 -0.0981328 0
    outer loop
      vertex 34.1404 10.0097 0
      vertex 34.1 9.6 1.1
      vertex 34.1 9.6 0
    endloop
  endfacet
  facet normal 0.0981328 -0.995173 0
    outer loop
      vertex 35.7903 11.6596 1.61
      vertex 36.2 11.7 2.59
      vertex 35.7903 11.6596 2.59
    endloop
  endfacet
  facet normal 0.0981328 -0.995173 0
    outer loop
      vertex 36.2 11.7 2.59
      vertex 35.7903 11.6596 1.61
      vertex 36.2 11.7 1.61
    endloop
  endfacet
  facet normal 0.0981328 -0.995173 0
    outer loop
      vertex 35.7903 11.6596 0
      vertex 36.2 11.7 1.1
      vertex 35.7903 11.6596 1.1
    endloop
  endfacet
  facet normal 0.0981328 -0.995173 0
    outer loop
      vertex 36.2 11.7 1.1
      vertex 35.7903 11.6596 0
      vertex 36.2 11.7 0
    endloop
  endfacet
  facet normal 0.0980125 0.995185 -0
    outer loop
      vertex 36.2 7.5 1.61
      vertex 35.7903 7.54035 2.59
      vertex 36.2 7.5 2.59
    endloop
  endfacet
  facet normal 0.0980125 0.995185 0
    outer loop
      vertex 35.7903 7.54035 2.59
      vertex 36.2 7.5 1.61
      vertex 35.7903 7.54035 1.61
    endloop
  endfacet
  facet normal 0.0980125 0.995185 -0
    outer loop
      vertex 36.2 7.5 0
      vertex 35.7903 7.54035 1.1
      vertex 36.2 7.5 1.1
    endloop
  endfacet
  facet normal 0.0980125 0.995185 0
    outer loop
      vertex 35.7903 7.54035 1.1
      vertex 36.2 7.5 0
      vertex 35.7903 7.54035 0
    endloop
  endfacet
  facet normal 0.471357 0.881942 -0
    outer loop
      vertex 35.3964 7.65985 1.61
      vertex 35.0333 7.85391 2.59
      vertex 35.3964 7.65985 2.59
    endloop
  endfacet
  facet normal 0.471357 0.881942 0
    outer loop
      vertex 35.0333 7.85391 2.59
      vertex 35.3964 7.65985 1.61
      vertex 35.0333 7.85391 1.61
    endloop
  endfacet
  facet normal 0.471357 0.881942 -0
    outer loop
      vertex 35.3964 7.65985 0
      vertex 35.0333 7.85391 1.1
      vertex 35.3964 7.65985 1.1
    endloop
  endfacet
  facet normal 0.471357 0.881942 0
    outer loop
      vertex 35.0333 7.85391 1.1
      vertex 35.3964 7.65985 0
      vertex 35.0333 7.85391 0
    endloop
  endfacet
  facet normal 0.29018 -0.956972 0
    outer loop
      vertex 34.8223 12.926 1.1
      vertex 35.4977 13.1308 1.61
      vertex 34.8223 12.926 1.61
    endloop
  endfacet
  facet normal 0.29018 -0.956972 0
    outer loop
      vertex 35.4977 13.1308 1.61
      vertex 34.8223 12.926 1.1
      vertex 35.4977 13.1308 1.1
    endloop
  endfacet
  facet normal -0.956972 -0.29018 0
    outer loop
      vertex 39.7308 10.3023 1.1
      vertex 39.526 10.9777 1.61
      vertex 39.526 10.9777 1.1
    endloop
  endfacet
  facet normal -0.956972 -0.29018 0
    outer loop
      vertex 39.526 10.9777 1.61
      vertex 39.7308 10.3023 1.1
      vertex 39.7308 10.3023 1.61
    endloop
  endfacet
  facet normal -0.995181 -0.0980585 0
    outer loop
      vertex 39.8 9.6 1.1
      vertex 39.7308 10.3023 1.61
      vertex 39.7308 10.3023 1.1
    endloop
  endfacet
  facet normal -0.995181 -0.0980585 0
    outer loop
      vertex 39.7308 10.3023 1.61
      vertex 39.8 9.6 1.1
      vertex 39.8 9.6 1.61
    endloop
  endfacet
  facet normal -0.881909 -0.471419 0
    outer loop
      vertex 39.526 10.9777 1.1
      vertex 39.1933 11.6001 1.61
      vertex 39.1933 11.6001 1.1
    endloop
  endfacet
  facet normal -0.881909 -0.471419 0
    outer loop
      vertex 39.1933 11.6001 1.61
      vertex 39.526 10.9777 1.1
      vertex 39.526 10.9777 1.61
    endloop
  endfacet
  facet normal 0.956964 0.290208 0
    outer loop
      vertex 32.874 8.22234 1.61
      vertex 32.6692 8.89767 1.1
      vertex 32.6692 8.89767 1.61
    endloop
  endfacet
  facet normal 0.956964 0.290208 0
    outer loop
      vertex 32.6692 8.89767 1.1
      vertex 32.874 8.22234 1.61
      vertex 32.874 8.22234 1.1
    endloop
  endfacet
  facet normal 0.995181 -0.0980585 0
    outer loop
      vertex 32.6 9.6 1.61
      vertex 32.6692 10.3023 1.1
      vertex 32.6692 10.3023 1.61
    endloop
  endfacet
  facet normal 0.995181 -0.0980585 0
    outer loop
      vertex 32.6692 10.3023 1.1
      vertex 32.6 9.6 1.61
      vertex 32.6 9.6 1.1
    endloop
  endfacet
  facet normal -0.995181 0.0980544 0
    outer loop
      vertex 39.7308 8.89767 1.1
      vertex 39.8 9.6 1.61
      vertex 39.8 9.6 1.1
    endloop
  endfacet
  facet normal -0.995181 0.0980544 0
    outer loop
      vertex 39.8 9.6 1.61
      vertex 39.7308 8.89767 1.1
      vertex 39.7308 8.89767 1.61
    endloop
  endfacet
  facet normal -0.772997 -0.63441 0
    outer loop
      vertex 39.1933 11.6001 1.1
      vertex 38.7456 12.1456 1.61
      vertex 38.7456 12.1456 1.1
    endloop
  endfacet
  facet normal -0.772997 -0.63441 0
    outer loop
      vertex 38.7456 12.1456 1.61
      vertex 39.1933 11.6001 1.1
      vertex 39.1933 11.6001 1.61
    endloop
  endfacet
  facet normal 0.772997 -0.63441 0
    outer loop
      vertex 33.2067 11.6001 1.61
      vertex 33.6544 12.1456 1.1
      vertex 33.6544 12.1456 1.61
    endloop
  endfacet
  facet normal 0.772997 -0.63441 0
    outer loop
      vertex 33.6544 12.1456 1.1
      vertex 33.2067 11.6001 1.61
      vertex 33.2067 11.6001 1.1
    endloop
  endfacet
  facet normal 0.956972 -0.29018 0
    outer loop
      vertex 32.6692 10.3023 1.61
      vertex 32.874 10.9777 1.1
      vertex 32.874 10.9777 1.61
    endloop
  endfacet
  facet normal 0.956972 -0.29018 0
    outer loop
      vertex 32.874 10.9777 1.1
      vertex 32.6692 10.3023 1.61
      vertex 32.6692 10.3023 1.1
    endloop
  endfacet
  facet normal -0.956964 0.290208 0
    outer loop
      vertex 39.526 8.22234 1.1
      vertex 39.7308 8.89767 1.61
      vertex 39.7308 8.89767 1.1
    endloop
  endfacet
  facet normal -0.956964 0.290208 0
    outer loop
      vertex 39.7308 8.89767 1.61
      vertex 39.526 8.22234 1.1
      vertex 39.526 8.22234 1.61
    endloop
  endfacet
  facet normal 0.63441 0.772997 -0
    outer loop
      vertex 34.1999 6.60671 1.1
      vertex 33.6544 7.05441 1.61
      vertex 34.1999 6.60671 1.61
    endloop
  endfacet
  facet normal 0.63441 0.772997 0
    outer loop
      vertex 33.6544 7.05441 1.61
      vertex 34.1999 6.60671 1.1
      vertex 33.6544 7.05441 1.1
    endloop
  endfacet
  facet normal -0.881906 0.471425 0
    outer loop
      vertex 39.1933 7.59995 1.1
      vertex 39.526 8.22234 1.61
      vertex 39.526 8.22234 1.1
    endloop
  endfacet
  facet normal -0.881906 0.471425 0
    outer loop
      vertex 39.526 8.22234 1.61
      vertex 39.1933 7.59995 1.1
      vertex 39.1933 7.59995 1.61
    endloop
  endfacet
  facet normal 0 0 -1
    outer loop
      vertex 38.3 9.6 1.61
      vertex 39.8 9.6 1.61
      vertex 39.7308 8.89767 1.61
    endloop
  endfacet
  facet normal 0 0 -1
    outer loop
      vertex 38.2596 9.19031 1.61
      vertex 39.7308 8.89767 1.61
      vertex 39.526 8.22234 1.61
    endloop
  endfacet
  facet normal 0 0 -1
    outer loop
      vertex 39.8 9.6 1.61
      vertex 38.3 9.6 1.61
      vertex 39.7308 10.3023 1.61
    endloop
  endfacet
  facet normal 0 0 -1
    outer loop
      vertex 38.1401 8.79636 1.61
      vertex 39.526 8.22234 1.61
      vertex 39.1933 7.59995 1.61
    endloop
  endfacet
  facet normal 0 0 -1
    outer loop
      vertex 38.2596 10.0097 1.61
      vertex 39.7308 10.3023 1.61
      vertex 38.3 9.6 1.61
    endloop
  endfacet
  facet normal 0 0 -1
    outer loop
      vertex 37.9461 8.4333 1.61
      vertex 39.1933 7.59995 1.61
      vertex 38.7456 7.05441 1.61
    endloop
  endfacet
  facet normal -0 0 -1
    outer loop
      vertex 39.7308 10.3023 1.61
      vertex 38.2596 10.0097 1.61
      vertex 39.526 10.9777 1.61
    endloop
  endfacet
  facet normal 0 0 -1
    outer loop
      vertex 38.1401 10.4036 1.61
      vertex 39.526 10.9777 1.61
      vertex 38.2596 10.0097 1.61
    endloop
  endfacet
  facet normal 0 0 -1
    outer loop
      vertex 39.7308 8.89767 1.61
      vertex 38.2596 9.19031 1.61
      vertex 38.3 9.6 1.61
    endloop
  endfacet
  facet normal 0 0 -1
    outer loop
      vertex 37.6849 8.11508 1.61
      vertex 38.7456 7.05441 1.61
      vertex 38.2001 6.60671 1.61
    endloop
  endfacet
  facet normal 0 0 -1
    outer loop
      vertex 39.526 8.22234 1.61
      vertex 38.1401 8.79636 1.61
      vertex 38.2596 9.19031 1.61
    endloop
  endfacet
  facet normal 0 0 -1
    outer loop
      vertex 39.1933 7.59995 1.61
      vertex 37.9461 8.4333 1.61
      vertex 38.1401 8.79636 1.61
    endloop
  endfacet
  facet normal 0 0 -1
    outer loop
      vertex 38.7456 7.05441 1.61
      vertex 37.6849 8.11508 1.61
      vertex 37.9461 8.4333 1.61
    endloop
  endfacet
  facet normal 0 0 -1
    outer loop
      vertex 37.3667 7.85391 1.61
      vertex 38.2001 6.60671 1.61
      vertex 37.5777 6.27403 1.61
    endloop
  endfacet
  facet normal 0 0 -1
    outer loop
      vertex 38.2001 6.60671 1.61
      vertex 37.3667 7.85391 1.61
      vertex 37.6849 8.11508 1.61
    endloop
  endfacet
  facet normal 0 0 -1
    outer loop
      vertex 37.5777 6.27403 1.61
      vertex 37.0036 7.65985 1.61
      vertex 37.3667 7.85391 1.61
    endloop
  endfacet
  facet normal 0 0 -1
    outer loop
      vertex 36.9023 6.06917 1.61
      vertex 37.0036 7.65985 1.61
      vertex 37.5777 6.27403 1.61
    endloop
  endfacet
  facet normal 0 0 -1
    outer loop
      vertex 36.9023 6.06917 1.61
      vertex 36.6097 7.54035 1.61
      vertex 37.0036 7.65985 1.61
    endloop
  endfacet
  facet normal 0 0 -1
    outer loop
      vertex 36.2 6 1.61
      vertex 36.6097 7.54035 1.61
      vertex 36.9023 6.06917 1.61
    endloop
  endfacet
  facet normal 0 0 -1
    outer loop
      vertex 36.2 6 1.61
      vertex 36.2 7.5 1.61
      vertex 36.6097 7.54035 1.61
    endloop
  endfacet
  facet normal 0 0 -1
    outer loop
      vertex 36.2 6 1.61
      vertex 35.7903 7.54035 1.61
      vertex 36.2 7.5 1.61
    endloop
  endfacet
  facet normal 0 0 -1
    outer loop
      vertex 35.4977 6.06917 1.61
      vertex 35.7903 7.54035 1.61
      vertex 36.2 6 1.61
    endloop
  endfacet
  facet normal 0 0 -1
    outer loop
      vertex 35.4977 6.06917 1.61
      vertex 35.3964 7.65985 1.61
      vertex 35.7903 7.54035 1.61
    endloop
  endfacet
  facet normal 0 0 -1
    outer loop
      vertex 34.8223 6.27403 1.61
      vertex 35.3964 7.65985 1.61
      vertex 35.4977 6.06917 1.61
    endloop
  endfacet
  facet normal -0 0 -1
    outer loop
      vertex 35.3964 7.65985 1.61
      vertex 34.8223 6.27403 1.61
      vertex 35.0333 7.85391 1.61
    endloop
  endfacet
  facet normal 0 0 -1
    outer loop
      vertex 34.1999 6.60671 1.61
      vertex 35.0333 7.85391 1.61
      vertex 34.8223 6.27403 1.61
    endloop
  endfacet
  facet normal -0 0 -1
    outer loop
      vertex 35.0333 7.85391 1.61
      vertex 34.1999 6.60671 1.61
      vertex 34.7151 8.11508 1.61
    endloop
  endfacet
  facet normal 0 0 -1
    outer loop
      vertex 33.6544 7.05441 1.61
      vertex 34.7151 8.11508 1.61
      vertex 34.1999 6.60671 1.61
    endloop
  endfacet
  facet normal -0 0 -1
    outer loop
      vertex 34.7151 8.11508 1.61
      vertex 33.6544 7.05441 1.61
      vertex 34.4539 8.4333 1.61
    endloop
  endfacet
  facet normal 0 0 -1
    outer loop
      vertex 33.2067 7.59995 1.61
      vertex 34.4539 8.4333 1.61
      vertex 33.6544 7.05441 1.61
    endloop
  endfacet
  facet normal -0 0 -1
    outer loop
      vertex 34.4539 8.4333 1.61
      vertex 33.2067 7.59995 1.61
      vertex 34.2599 8.79636 1.61
    endloop
  endfacet
  facet normal 0 0 -1
    outer loop
      vertex 32.874 8.22234 1.61
      vertex 34.2599 8.79636 1.61
      vertex 33.2067 7.59995 1.61
    endloop
  endfacet
  facet normal -0 0 -1
    outer loop
      vertex 39.526 10.9777 1.61
      vertex 38.1401 10.4036 1.61
      vertex 39.1933 11.6001 1.61
    endloop
  endfacet
  facet normal 0 0 -1
    outer loop
      vertex 37.9461 10.7667 1.61
      vertex 39.1933 11.6001 1.61
      vertex 38.1401 10.4036 1.61
    endloop
  endfacet
  facet normal -0 0 -1
    outer loop
      vertex 39.1933 11.6001 1.61
      vertex 37.9461 10.7667 1.61
      vertex 38.7456 12.1456 1.61
    endloop
  endfacet
  facet normal 0 0 -1
    outer loop
      vertex 37.6849 11.0849 1.61
      vertex 38.7456 12.1456 1.61
      vertex 37.9461 10.7667 1.61
    endloop
  endfacet
  facet normal -0 0 -1
    outer loop
      vertex 38.7456 12.1456 1.61
      vertex 37.6849 11.0849 1.61
      vertex 38.2001 12.5933 1.61
    endloop
  endfacet
  facet normal 0 0 -1
    outer loop
      vertex 37.3667 11.3461 1.61
      vertex 38.2001 12.5933 1.61
      vertex 37.6849 11.0849 1.61
    endloop
  endfacet
  facet normal -0 0 -1
    outer loop
      vertex 38.2001 12.5933 1.61
      vertex 37.3667 11.3461 1.61
      vertex 37.5777 12.926 1.61
    endloop
  endfacet
  facet normal 0 0 -1
    outer loop
      vertex 37.0036 11.5401 1.61
      vertex 37.5777 12.926 1.61
      vertex 37.3667 11.3461 1.61
    endloop
  endfacet
  facet normal 0 0 -1
    outer loop
      vertex 37.0036 11.5401 1.61
      vertex 36.9023 13.1308 1.61
      vertex 37.5777 12.926 1.61
    endloop
  endfacet
  facet normal 0 0 -1
    outer loop
      vertex 36.6097 11.6596 1.61
      vertex 36.9023 13.1308 1.61
      vertex 37.0036 11.5401 1.61
    endloop
  endfacet
  facet normal 0 0 -1
    outer loop
      vertex 36.2 11.7 1.61
      vertex 36.9023 13.1308 1.61
      vertex 36.6097 11.6596 1.61
    endloop
  endfacet
  facet normal 0 0 -1
    outer loop
      vertex 36.2 11.7 1.61
      vertex 36.2 13.2 1.61
      vertex 36.9023 13.1308 1.61
    endloop
  endfacet
  facet normal 0 0 -1
    outer loop
      vertex 35.7903 11.6596 1.61
      vertex 36.2 13.2 1.61
      vertex 36.2 11.7 1.61
    endloop
  endfacet
  facet normal 0 0 -1
    outer loop
      vertex 35.7903 11.6596 1.61
      vertex 35.4977 13.1308 1.61
      vertex 36.2 13.2 1.61
    endloop
  endfacet
  facet normal 0 0 -1
    outer loop
      vertex 35.3964 11.5401 1.61
      vertex 35.4977 13.1308 1.61
      vertex 35.7903 11.6596 1.61
    endloop
  endfacet
  facet normal 0 0 -1
    outer loop
      vertex 34.8223 12.926 1.61
      vertex 35.3964 11.5401 1.61
      vertex 35.0333 11.3461 1.61
    endloop
  endfacet
  facet normal 0 0 -1
    outer loop
      vertex 35.3964 11.5401 1.61
      vertex 34.8223 12.926 1.61
      vertex 35.4977 13.1308 1.61
    endloop
  endfacet
  facet normal 0 0 -1
    outer loop
      vertex 34.1999 12.5933 1.61
      vertex 35.0333 11.3461 1.61
      vertex 34.7151 11.0849 1.61
    endloop
  endfacet
  facet normal 0 0 -1
    outer loop
      vertex 33.6544 12.1456 1.61
      vertex 34.7151 11.0849 1.61
      vertex 34.4539 10.7667 1.61
    endloop
  endfacet
  facet normal 0 0 -1
    outer loop
      vertex 33.2067 11.6001 1.61
      vertex 34.4539 10.7667 1.61
      vertex 34.2599 10.4036 1.61
    endloop
  endfacet
  facet normal 0 0 -1
    outer loop
      vertex 35.0333 11.3461 1.61
      vertex 34.1999 12.5933 1.61
      vertex 34.8223 12.926 1.61
    endloop
  endfacet
  facet normal 0 0 -1
    outer loop
      vertex 32.874 10.9777 1.61
      vertex 34.2599 10.4036 1.61
      vertex 34.1404 10.0097 1.61
    endloop
  endfacet
  facet normal 0 0 -1
    outer loop
      vertex 32.6692 10.3023 1.61
      vertex 34.1404 10.0097 1.61
      vertex 34.1 9.6 1.61
    endloop
  endfacet
  facet normal -0 0 -1
    outer loop
      vertex 34.2599 8.79636 1.61
      vertex 32.874 8.22234 1.61
      vertex 34.1404 9.19031 1.61
    endloop
  endfacet
  facet normal 0 0 -1
    outer loop
      vertex 34.7151 11.0849 1.61
      vertex 33.6544 12.1456 1.61
      vertex 34.1999 12.5933 1.61
    endloop
  endfacet
  facet normal 0 0 -1
    outer loop
      vertex 32.6692 8.89767 1.61
      vertex 34.1404 9.19031 1.61
      vertex 32.874 8.22234 1.61
    endloop
  endfacet
  facet normal 0 0 -1
    outer loop
      vertex 34.4539 10.7667 1.61
      vertex 33.2067 11.6001 1.61
      vertex 33.6544 12.1456 1.61
    endloop
  endfacet
  facet normal -0 0 -1
    outer loop
      vertex 34.1404 9.19031 1.61
      vertex 32.6692 8.89767 1.61
      vertex 34.1 9.6 1.61
    endloop
  endfacet
  facet normal 0 0 -1
    outer loop
      vertex 34.2599 10.4036 1.61
      vertex 32.874 10.9777 1.61
      vertex 33.2067 11.6001 1.61
    endloop
  endfacet
  facet normal 0 0 -1
    outer loop
      vertex 32.6 9.6 1.61
      vertex 34.1 9.6 1.61
      vertex 32.6692 8.89767 1.61
    endloop
  endfacet
  facet normal 0 0 -1
    outer loop
      vertex 34.1404 10.0097 1.61
      vertex 32.6692 10.3023 1.61
      vertex 32.874 10.9777 1.61
    endloop
  endfacet
  facet normal 0 0 -1
    outer loop
      vertex 34.1 9.6 1.61
      vertex 32.6 9.6 1.61
      vertex 32.6692 10.3023 1.61
    endloop
  endfacet
  facet normal -0.63441 0.772997 0
    outer loop
      vertex 38.7456 7.05441 1.1
      vertex 38.2001 6.60671 1.61
      vertex 38.7456 7.05441 1.61
    endloop
  endfacet
  facet normal -0.63441 0.772997 0
    outer loop
      vertex 38.2001 6.60671 1.61
      vertex 38.7456 7.05441 1.1
      vertex 38.2001 6.60671 1.1
    endloop
  endfacet
  facet normal -0.77302 0.634382 0
    outer loop
      vertex 38.7456 7.05441 1.1
      vertex 39.1933 7.59995 1.61
      vertex 39.1933 7.59995 1.1
    endloop
  endfacet
  facet normal -0.77302 0.634382 0
    outer loop
      vertex 39.1933 7.59995 1.61
      vertex 38.7456 7.05441 1.1
      vertex 38.7456 7.05441 1.61
    endloop
  endfacet
  facet normal 0.471419 -0.881909 0
    outer loop
      vertex 34.1999 12.5933 1.1
      vertex 34.8223 12.926 1.61
      vertex 34.1999 12.5933 1.61
    endloop
  endfacet
  facet normal 0.471419 -0.881909 0
    outer loop
      vertex 34.8223 12.926 1.61
      vertex 34.1999 12.5933 1.1
      vertex 34.8223 12.926 1.1
    endloop
  endfacet
  facet normal 0.881909 -0.471419 0
    outer loop
      vertex 32.874 10.9777 1.61
      vertex 33.2067 11.6001 1.1
      vertex 33.2067 11.6001 1.61
    endloop
  endfacet
  facet normal 0.881909 -0.471419 0
    outer loop
      vertex 33.2067 11.6001 1.1
      vertex 32.874 10.9777 1.61
      vertex 32.874 10.9777 1.1
    endloop
  endfacet
  facet normal 0.63441 -0.772997 0
    outer loop
      vertex 33.6544 12.1456 1.1
      vertex 34.1999 12.5933 1.61
      vertex 33.6544 12.1456 1.61
    endloop
  endfacet
  facet normal 0.63441 -0.772997 0
    outer loop
      vertex 34.1999 12.5933 1.61
      vertex 33.6544 12.1456 1.1
      vertex 34.1999 12.5933 1.1
    endloop
  endfacet
  facet normal 0.995181 0.0980544 0
    outer loop
      vertex 32.6692 8.89767 1.61
      vertex 32.6 9.6 1.1
      vertex 32.6 9.6 1.61
    endloop
  endfacet
  facet normal 0.995181 0.0980544 0
    outer loop
      vertex 32.6 9.6 1.1
      vertex 32.6692 8.89767 1.61
      vertex 32.6692 8.89767 1.1
    endloop
  endfacet
  facet normal -0.29018 -0.956972 0
    outer loop
      vertex 36.9023 13.1308 1.1
      vertex 37.5777 12.926 1.61
      vertex 36.9023 13.1308 1.61
    endloop
  endfacet
  facet normal -0.29018 -0.956972 -0
    outer loop
      vertex 37.5777 12.926 1.61
      vertex 36.9023 13.1308 1.1
      vertex 37.5777 12.926 1.1
    endloop
  endfacet
  facet normal 0.290258 0.956948 -0
    outer loop
      vertex 35.4977 6.06917 1.1
      vertex 34.8223 6.27403 1.61
      vertex 35.4977 6.06917 1.61
    endloop
  endfacet
  facet normal 0.290258 0.956948 0
    outer loop
      vertex 34.8223 6.27403 1.61
      vertex 35.4977 6.06917 1.1
      vertex 34.8223 6.27403 1.1
    endloop
  endfacet
  facet normal 0.0980164 0.995185 -0
    outer loop
      vertex 36.2 6 1.1
      vertex 35.4977 6.06917 1.61
      vertex 36.2 6 1.61
    endloop
  endfacet
  facet normal 0.0980164 0.995185 0
    outer loop
      vertex 35.4977 6.06917 1.61
      vertex 36.2 6 1.1
      vertex 35.4977 6.06917 1.1
    endloop
  endfacet
  facet normal 0 0 1
    outer loop
      vertex 38.3 9.6 1.1
      vertex 39.8 9.6 1.1
      vertex 39.7308 10.3023 1.1
    endloop
  endfacet
  facet normal 0 0 1
    outer loop
      vertex 38.2596 10.0097 1.1
      vertex 39.7308 10.3023 1.1
      vertex 39.526 10.9777 1.1
    endloop
  endfacet
  facet normal 0 0 1
    outer loop
      vertex 39.8 9.6 1.1
      vertex 38.3 9.6 1.1
      vertex 39.7308 8.89767 1.1
    endloop
  endfacet
  facet normal 0 0 1
    outer loop
      vertex 38.1401 10.4036 1.1
      vertex 39.526 10.9777 1.1
      vertex 39.1933 11.6001 1.1
    endloop
  endfacet
  facet normal -0 0 1
    outer loop
      vertex 38.2596 9.19031 1.1
      vertex 39.7308 8.89767 1.1
      vertex 38.3 9.6 1.1
    endloop
  endfacet
  facet normal 0 0 1
    outer loop
      vertex 37.9461 10.7667 1.1
      vertex 39.1933 11.6001 1.1
      vertex 38.7456 12.1456 1.1
    endloop
  endfacet
  facet normal 0 0 1
    outer loop
      vertex 39.7308 8.89767 1.1
      vertex 38.2596 9.19031 1.1
      vertex 39.526 8.22234 1.1
    endloop
  endfacet
  facet normal -0 0 1
    outer loop
      vertex 38.1401 8.79636 1.1
      vertex 39.526 8.22234 1.1
      vertex 38.2596 9.19031 1.1
    endloop
  endfacet
  facet normal 0 0 1
    outer loop
      vertex 39.7308 10.3023 1.1
      vertex 38.2596 10.0097 1.1
      vertex 38.3 9.6 1.1
    endloop
  endfacet
  facet normal 0 0 1
    outer loop
      vertex 37.6849 11.0849 1.1
      vertex 38.7456 12.1456 1.1
      vertex 38.2001 12.5933 1.1
    endloop
  endfacet
  facet normal 0 0 1
    outer loop
      vertex 39.526 10.9777 1.1
      vertex 38.1401 10.4036 1.1
      vertex 38.2596 10.0097 1.1
    endloop
  endfacet
  facet normal 0 0 1
    outer loop
      vertex 39.1933 11.6001 1.1
      vertex 37.9461 10.7667 1.1
      vertex 38.1401 10.4036 1.1
    endloop
  endfacet
  facet normal 0 0 1
    outer loop
      vertex 38.7456 12.1456 1.1
      vertex 37.6849 11.0849 1.1
      vertex 37.9461 10.7667 1.1
    endloop
  endfacet
  facet normal 0 0 1
    outer loop
      vertex 37.3667 11.3461 1.1
      vertex 38.2001 12.5933 1.1
      vertex 37.5777 12.926 1.1
    endloop
  endfacet
  facet normal 0 0 1
    outer loop
      vertex 38.2001 12.5933 1.1
      vertex 37.3667 11.3461 1.1
      vertex 37.6849 11.0849 1.1
    endloop
  endfacet
  facet normal 0 0 1
    outer loop
      vertex 37.5777 12.926 1.1
      vertex 37.0036 11.5401 1.1
      vertex 37.3667 11.3461 1.1
    endloop
  endfacet
  facet normal 0 0 1
    outer loop
      vertex 36.9023 13.1308 1.1
      vertex 37.0036 11.5401 1.1
      vertex 37.5777 12.926 1.1
    endloop
  endfacet
  facet normal 0 0 1
    outer loop
      vertex 36.9023 13.1308 1.1
      vertex 36.6097 11.6596 1.1
      vertex 37.0036 11.5401 1.1
    endloop
  endfacet
  facet normal 0 0 1
    outer loop
      vertex 36.2 13.2 1.1
      vertex 36.6097 11.6596 1.1
      vertex 36.9023 13.1308 1.1
    endloop
  endfacet
  facet normal 0 0 1
    outer loop
      vertex 36.2 13.2 1.1
      vertex 36.2 11.7 1.1
      vertex 36.6097 11.6596 1.1
    endloop
  endfacet
  facet normal 0 0 1
    outer loop
      vertex 36.2 13.2 1.1
      vertex 35.7903 11.6596 1.1
      vertex 36.2 11.7 1.1
    endloop
  endfacet
  facet normal -0 0 1
    outer loop
      vertex 35.4977 13.1308 1.1
      vertex 35.7903 11.6596 1.1
      vertex 36.2 13.2 1.1
    endloop
  endfacet
  facet normal 0 0 1
    outer loop
      vertex 35.4977 13.1308 1.1
      vertex 35.3964 11.5401 1.1
      vertex 35.7903 11.6596 1.1
    endloop
  endfacet
  facet normal -0 0 1
    outer loop
      vertex 34.8223 12.926 1.1
      vertex 35.3964 11.5401 1.1
      vertex 35.4977 13.1308 1.1
    endloop
  endfacet
  facet normal 0 0 1
    outer loop
      vertex 35.3964 11.5401 1.1
      vertex 34.8223 12.926 1.1
      vertex 35.0333 11.3461 1.1
    endloop
  endfacet
  facet normal -0 0 1
    outer loop
      vertex 34.1999 12.5933 1.1
      vertex 35.0333 11.3461 1.1
      vertex 34.8223 12.926 1.1
    endloop
  endfacet
  facet normal 0 0 1
    outer loop
      vertex 35.0333 11.3461 1.1
      vertex 34.1999 12.5933 1.1
      vertex 34.7151 11.0849 1.1
    endloop
  endfacet
  facet normal -0 0 1
    outer loop
      vertex 33.6544 12.1456 1.1
      vertex 34.7151 11.0849 1.1
      vertex 34.1999 12.5933 1.1
    endloop
  endfacet
  facet normal 0 0 1
    outer loop
      vertex 34.7151 11.0849 1.1
      vertex 33.6544 12.1456 1.1
      vertex 34.4539 10.7667 1.1
    endloop
  endfacet
  facet normal -0 0 1
    outer loop
      vertex 33.2067 11.6001 1.1
      vertex 34.4539 10.7667 1.1
      vertex 33.6544 12.1456 1.1
    endloop
  endfacet
  facet normal 0 0 1
    outer loop
      vertex 34.4539 10.7667 1.1
      vertex 33.2067 11.6001 1.1
      vertex 34.2599 10.4036 1.1
    endloop
  endfacet
  facet normal -0 0 1
    outer loop
      vertex 32.874 10.9777 1.1
      vertex 34.2599 10.4036 1.1
      vertex 33.2067 11.6001 1.1
    endloop
  endfacet
  facet normal 0 0 1
    outer loop
      vertex 39.526 8.22234 1.1
      vertex 38.1401 8.79636 1.1
      vertex 39.1933 7.59995 1.1
    endloop
  endfacet
  facet normal -0 0 1
    outer loop
      vertex 37.9461 8.4333 1.1
      vertex 39.1933 7.59995 1.1
      vertex 38.1401 8.79636 1.1
    endloop
  endfacet
  facet normal 0 0 1
    outer loop
      vertex 39.1933 7.59995 1.1
      vertex 37.9461 8.4333 1.1
      vertex 38.7456 7.05441 1.1
    endloop
  endfacet
  facet normal -0 0 1
    outer loop
      vertex 37.6849 8.11508 1.1
      vertex 38.7456 7.05441 1.1
      vertex 37.9461 8.4333 1.1
    endloop
  endfacet
  facet normal 0 0 1
    outer loop
      vertex 38.7456 7.05441 1.1
      vertex 37.6849 8.11508 1.1
      vertex 38.2001 6.60671 1.1
    endloop
  endfacet
  facet normal -0 0 1
    outer loop
      vertex 37.3667 7.85391 1.1
      vertex 38.2001 6.60671 1.1
      vertex 37.6849 8.11508 1.1
    endloop
  endfacet
  facet normal 0 0 1
    outer loop
      vertex 38.2001 6.60671 1.1
      vertex 37.3667 7.85391 1.1
      vertex 37.5777 6.27403 1.1
    endloop
  endfacet
  facet normal -0 0 1
    outer loop
      vertex 37.0036 7.65985 1.1
      vertex 37.5777 6.27403 1.1
      vertex 37.3667 7.85391 1.1
    endloop
  endfacet
  facet normal 0 0 1
    outer loop
      vertex 37.0036 7.65985 1.1
      vertex 36.9023 6.06917 1.1
      vertex 37.5777 6.27403 1.1
    endloop
  endfacet
  facet normal -0 0 1
    outer loop
      vertex 36.6097 7.54035 1.1
      vertex 36.9023 6.06917 1.1
      vertex 37.0036 7.65985 1.1
    endloop
  endfacet
  facet normal -0 0 1
    outer loop
      vertex 36.2 7.5 1.1
      vertex 36.9023 6.06917 1.1
      vertex 36.6097 7.54035 1.1
    endloop
  endfacet
  facet normal 0 0 1
    outer loop
      vertex 36.2 7.5 1.1
      vertex 36.2 6 1.1
      vertex 36.9023 6.06917 1.1
    endloop
  endfacet
  facet normal 0 0 1
    outer loop
      vertex 35.7903 7.54035 1.1
      vertex 36.2 6 1.1
      vertex 36.2 7.5 1.1
    endloop
  endfacet
  facet normal 0 0 1
    outer loop
      vertex 35.7903 7.54035 1.1
      vertex 35.4977 6.06917 1.1
      vertex 36.2 6 1.1
    endloop
  endfacet
  facet normal 0 0 1
    outer loop
      vertex 35.3964 7.65985 1.1
      vertex 35.4977 6.06917 1.1
      vertex 35.7903 7.54035 1.1
    endloop
  endfacet
  facet normal 0 0 1
    outer loop
      vertex 34.8223 6.27403 1.1
      vertex 35.3964 7.65985 1.1
      vertex 35.0333 7.85391 1.1
    endloop
  endfacet
  facet normal 0 0 1
    outer loop
      vertex 35.3964 7.65985 1.1
      vertex 34.8223 6.27403 1.1
      vertex 35.4977 6.06917 1.1
    endloop
  endfacet
  facet normal 0 0 1
    outer loop
      vertex 34.1999 6.60671 1.1
      vertex 35.0333 7.85391 1.1
      vertex 34.7151 8.11508 1.1
    endloop
  endfacet
  facet normal 0 0 1
    outer loop
      vertex 33.6544 7.05441 1.1
      vertex 34.7151 8.11508 1.1
      vertex 34.4539 8.4333 1.1
    endloop
  endfacet
  facet normal 0 0 1
    outer loop
      vertex 33.2067 7.59995 1.1
      vertex 34.4539 8.4333 1.1
      vertex 34.2599 8.79636 1.1
    endloop
  endfacet
  facet normal 0 0 1
    outer loop
      vertex 35.0333 7.85391 1.1
      vertex 34.1999 6.60671 1.1
      vertex 34.8223 6.27403 1.1
    endloop
  endfacet
  facet normal 0 0 1
    outer loop
      vertex 32.874 8.22234 1.1
      vertex 34.2599 8.79636 1.1
      vertex 34.1404 9.19031 1.1
    endloop
  endfacet
  facet normal 0 0 1
    outer loop
      vertex 32.6692 8.89767 1.1
      vertex 34.1404 9.19031 1.1
      vertex 34.1 9.6 1.1
    endloop
  endfacet
  facet normal 0 0 1
    outer loop
      vertex 34.2599 10.4036 1.1
      vertex 32.874 10.9777 1.1
      vertex 34.1404 10.0097 1.1
    endloop
  endfacet
  facet normal 0 0 1
    outer loop
      vertex 34.7151 8.11508 1.1
      vertex 33.6544 7.05441 1.1
      vertex 34.1999 6.60671 1.1
    endloop
  endfacet
  facet normal -0 0 1
    outer loop
      vertex 32.6692 10.3023 1.1
      vertex 34.1404 10.0097 1.1
      vertex 32.874 10.9777 1.1
    endloop
  endfacet
  facet normal 0 0 1
    outer loop
      vertex 34.4539 8.4333 1.1
      vertex 33.2067 7.59995 1.1
      vertex 33.6544 7.05441 1.1
    endloop
  endfacet
  facet normal 0 0 1
    outer loop
      vertex 34.1404 10.0097 1.1
      vertex 32.6692 10.3023 1.1
      vertex 34.1 9.6 1.1
    endloop
  endfacet
  facet normal 0 0 1
    outer loop
      vertex 34.2599 8.79636 1.1
      vertex 32.874 8.22234 1.1
      vertex 33.2067 7.59995 1.1
    endloop
  endfacet
  facet normal 0 0 1
    outer loop
      vertex 32.6 9.6 1.1
      vertex 34.1 9.6 1.1
      vertex 32.6692 10.3023 1.1
    endloop
  endfacet
  facet normal 0 0 1
    outer loop
      vertex 34.1404 9.19031 1.1
      vertex 32.6692 8.89767 1.1
      vertex 32.874 8.22234 1.1
    endloop
  endfacet
  facet normal 0 0 1
    outer loop
      vertex 34.1 9.6 1.1
      vertex 32.6 9.6 1.1
      vertex 32.6692 8.89767 1.1
    endloop
  endfacet
  facet normal -0.63441 -0.772997 0
    outer loop
      vertex 38.2001 12.5933 1.1
      vertex 38.7456 12.1456 1.61
      vertex 38.2001 12.5933 1.61
    endloop
  endfacet
  facet normal -0.63441 -0.772997 -0
    outer loop
      vertex 38.7456 12.1456 1.61
      vertex 38.2001 12.5933 1.1
      vertex 38.7456 12.1456 1.1
    endloop
  endfacet
  facet normal 0.881906 0.471425 0
    outer loop
      vertex 33.2067 7.59995 1.61
      vertex 32.874 8.22234 1.1
      vertex 32.874 8.22234 1.61
    endloop
  endfacet
  facet normal 0.881906 0.471425 0
    outer loop
      vertex 32.874 8.22234 1.1
      vertex 33.2067 7.59995 1.61
      vertex 33.2067 7.59995 1.1
    endloop
  endfacet
  facet normal -0.471419 -0.881909 0
    outer loop
      vertex 37.5777 12.926 1.1
      vertex 38.2001 12.5933 1.61
      vertex 37.5777 12.926 1.61
    endloop
  endfacet
  facet normal -0.471419 -0.881909 -0
    outer loop
      vertex 38.2001 12.5933 1.61
      vertex 37.5777 12.926 1.1
      vertex 38.2001 12.5933 1.1
    endloop
  endfacet
  facet normal -0.0980585 -0.995181 0
    outer loop
      vertex 36.2 13.2 1.1
      vertex 36.9023 13.1308 1.61
      vertex 36.2 13.2 1.61
    endloop
  endfacet
  facet normal -0.0980585 -0.995181 -0
    outer loop
      vertex 36.9023 13.1308 1.61
      vertex 36.2 13.2 1.1
      vertex 36.9023 13.1308 1.1
    endloop
  endfacet
  facet normal 0.77302 0.634382 0
    outer loop
      vertex 33.6544 7.05441 1.61
      vertex 33.2067 7.59995 1.1
      vertex 33.2067 7.59995 1.61
    endloop
  endfacet
  facet normal 0.77302 0.634382 0
    outer loop
      vertex 33.2067 7.59995 1.1
      vertex 33.6544 7.05441 1.61
      vertex 33.6544 7.05441 1.1
    endloop
  endfacet
  facet normal -0.0980164 0.995185 0
    outer loop
      vertex 36.9023 6.06917 1.1
      vertex 36.2 6 1.61
      vertex 36.9023 6.06917 1.61
    endloop
  endfacet
  facet normal -0.0980164 0.995185 0
    outer loop
      vertex 36.2 6 1.61
      vertex 36.9023 6.06917 1.1
      vertex 36.2 6 1.1
    endloop
  endfacet
  facet normal 0.471397 0.881921 -0
    outer loop
      vertex 34.8223 6.27403 1.1
      vertex 34.1999 6.60671 1.61
      vertex 34.8223 6.27403 1.61
    endloop
  endfacet
  facet normal 0.471397 0.881921 0
    outer loop
      vertex 34.1999 6.60671 1.61
      vertex 34.8223 6.27403 1.1
      vertex 34.1999 6.60671 1.1
    endloop
  endfacet
  facet normal -0.471397 0.881921 0
    outer loop
      vertex 38.2001 6.60671 1.1
      vertex 37.5777 6.27403 1.61
      vertex 38.2001 6.60671 1.61
    endloop
  endfacet
  facet normal -0.471397 0.881921 0
    outer loop
      vertex 37.5777 6.27403 1.61
      vertex 38.2001 6.60671 1.1
      vertex 37.5777 6.27403 1.1
    endloop
  endfacet
  facet normal -0.290258 0.956948 0
    outer loop
      vertex 37.5777 6.27403 1.1
      vertex 36.9023 6.06917 1.61
      vertex 37.5777 6.27403 1.61
    endloop
  endfacet
  facet normal -0.290258 0.956948 0
    outer loop
      vertex 36.9023 6.06917 1.61
      vertex 37.5777 6.27403 1.1
      vertex 36.9023 6.06917 1.1
    endloop
  endfacet
  facet normal 0.0980585 -0.995181 0
    outer loop
      vertex 35.4977 13.1308 1.1
      vertex 36.2 13.2 1.61
      vertex 35.4977 13.1308 1.61
    endloop
  endfacet
  facet normal 0.0980585 -0.995181 0
    outer loop
      vertex 36.2 13.2 1.61
      vertex 35.4977 13.1308 1.1
      vertex 36.2 13.2 1.1
    endloop
  endfacet
  facet normal -0.0784577 0.996917 0
    outer loop
      vertex 8.14752 6.14309 0
      vertex 7.6 6.1 2.59
      vertex 8.14752 6.14309 2.59
    endloop
  endfacet
  facet normal -0.0784577 0.996917 0
    outer loop
      vertex 7.6 6.1 2.59
      vertex 8.14752 6.14309 0
      vertex 7.6 6.1 0
    endloop
  endfacet
  facet normal -0.972381 -0.2334 0
    outer loop
      vertex 11.0569 10.1475 0
      vertex 10.9287 10.6816 2.59
      vertex 10.9287 10.6816 0
    endloop
  endfacet
  facet normal -0.972381 -0.2334 0
    outer loop
      vertex 10.9287 10.6816 2.59
      vertex 11.0569 10.1475 0
      vertex 11.0569 10.1475 2.59
    endloop
  endfacet
  facet normal -0.996916 -0.0784787 0
    outer loop
      vertex 11.1 9.6 0
      vertex 11.0569 10.1475 2.59
      vertex 11.0569 10.1475 0
    endloop
  endfacet
  facet normal -0.996916 -0.0784787 0
    outer loop
      vertex 11.0569 10.1475 2.59
      vertex 11.1 9.6 0
      vertex 11.1 9.6 2.59
    endloop
  endfacet
  facet normal -0.923861 -0.382727 0
    outer loop
      vertex 10.9287 10.6816 0
      vertex 10.7185 11.189 2.59
      vertex 10.7185 11.189 0
    endloop
  endfacet
  facet normal -0.923861 -0.382727 0
    outer loop
      vertex 10.7185 11.189 2.59
      vertex 10.9287 10.6816 0
      vertex 10.9287 10.6816 2.59
    endloop
  endfacet
  facet normal -0.522495 0.852642 0
    outer loop
      vertex 9.65725 6.76844 0
      vertex 9.18897 6.48148 2.59
      vertex 9.65725 6.76844 2.59
    endloop
  endfacet
  facet normal -0.522495 0.852642 0
    outer loop
      vertex 9.18897 6.48148 2.59
      vertex 9.65725 6.76844 0
      vertex 9.18897 6.48148 0
    endloop
  endfacet
  facet normal -0.852651 -0.522481 0
    outer loop
      vertex 10.7185 11.189 0
      vertex 10.4316 11.6572 2.59
      vertex 10.4316 11.6572 0
    endloop
  endfacet
  facet normal -0.852651 -0.522481 0
    outer loop
      vertex 10.4316 11.6572 2.59
      vertex 10.7185 11.189 0
      vertex 10.7185 11.189 2.59
    endloop
  endfacet
  facet normal -0.76045 -0.649396 0
    outer loop
      vertex 10.4316 11.6572 0
      vertex 10.0749 12.0749 2.59
      vertex 10.0749 12.0749 0
    endloop
  endfacet
  facet normal -0.76045 -0.649396 0
    outer loop
      vertex 10.0749 12.0749 2.59
      vertex 10.4316 11.6572 0
      vertex 10.4316 11.6572 2.59
    endloop
  endfacet
  facet normal 0.996917 -0.0784606 0
    outer loop
      vertex 4.1 9.6 2.59
      vertex 4.14309 10.1475 0
      vertex 4.14309 10.1475 2.59
    endloop
  endfacet
  facet normal 0.996917 -0.0784606 0
    outer loop
      vertex 4.14309 10.1475 0
      vertex 4.1 9.6 2.59
      vertex 4.1 9.6 0
    endloop
  endfacet
  facet normal -0.233443 0.972371 0
    outer loop
      vertex 8.68156 6.2713 0
      vertex 8.14752 6.14309 2.59
      vertex 8.68156 6.2713 2.59
    endloop
  endfacet
  facet normal -0.233443 0.972371 0
    outer loop
      vertex 8.14752 6.14309 2.59
      vertex 8.68156 6.2713 0
      vertex 8.14752 6.14309 0
    endloop
  endfacet
  facet normal 0.852642 0.522495 0
    outer loop
      vertex 4.76844 7.54275 2.59
      vertex 4.48148 8.01103 0
      vertex 4.48148 8.01103 2.59
    endloop
  endfacet
  facet normal 0.852642 0.522495 0
    outer loop
      vertex 4.48148 8.01103 0
      vertex 4.76844 7.54275 2.59
      vertex 4.76844 7.54275 0
    endloop
  endfacet
  facet normal 0.923877 0.382689 0
    outer loop
      vertex 4.48148 8.01103 2.59
      vertex 4.2713 8.51844 0
      vertex 4.2713 8.51844 2.59
    endloop
  endfacet
  facet normal 0.923877 0.382689 0
    outer loop
      vertex 4.2713 8.51844 0
      vertex 4.48148 8.01103 2.59
      vertex 4.48148 8.01103 0
    endloop
  endfacet
  facet normal -0.522416 -0.852691 0
    outer loop
      vertex 9.18897 12.7185 0
      vertex 9.65725 12.4316 2.59
      vertex 9.18897 12.7185 2.59
    endloop
  endfacet
  facet normal -0.522416 -0.852691 -0
    outer loop
      vertex 9.65725 12.4316 2.59
      vertex 9.18897 12.7185 0
      vertex 9.65725 12.4316 0
    endloop
  endfacet
  facet normal 0.760459 -0.649385 0
    outer loop
      vertex 4.76844 11.6572 2.59
      vertex 5.12513 12.0749 0
      vertex 5.12513 12.0749 2.59
    endloop
  endfacet
  facet normal 0.760459 -0.649385 0
    outer loop
      vertex 5.12513 12.0749 0
      vertex 4.76844 11.6572 2.59
      vertex 4.76844 11.6572 0
    endloop
  endfacet
  facet normal 0.996917 0.0784577 0
    outer loop
      vertex 4.14309 9.05248 2.59
      vertex 4.1 9.6 0
      vertex 4.1 9.6 2.59
    endloop
  endfacet
  facet normal 0.996917 0.0784577 0
    outer loop
      vertex 4.1 9.6 0
      vertex 4.14309 9.05248 2.59
      vertex 4.14309 9.05248 0
    endloop
  endfacet
  facet normal -0.760389 0.649468 0
    outer loop
      vertex 10.0749 7.12513 0
      vertex 10.4316 7.54275 2.59
      vertex 10.4316 7.54275 0
    endloop
  endfacet
  facet normal -0.760389 0.649468 0
    outer loop
      vertex 10.4316 7.54275 2.59
      vertex 10.0749 7.12513 0
      vertex 10.0749 7.12513 2.59
    endloop
  endfacet
  facet normal -0.852691 0.522416 0
    outer loop
      vertex 10.4316 7.54275 0
      vertex 10.7185 8.01103 2.59
      vertex 10.7185 8.01103 0
    endloop
  endfacet
  facet normal -0.852691 0.522416 0
    outer loop
      vertex 10.7185 8.01103 2.59
      vertex 10.4316 7.54275 0
      vertex 10.4316 7.54275 2.59
    endloop
  endfacet
  facet normal 0.233443 0.972371 -0
    outer loop
      vertex 7.05248 6.14309 0
      vertex 6.51844 6.2713 2.59
      vertex 7.05248 6.14309 2.59
    endloop
  endfacet
  facet normal 0.233443 0.972371 0
    outer loop
      vertex 6.51844 6.2713 2.59
      vertex 7.05248 6.14309 0
      vertex 6.51844 6.2713 0
    endloop
  endfacet
  facet normal 0.972371 0.233443 0
    outer loop
      vertex 4.2713 8.51844 2.59
      vertex 4.14309 9.05248 0
      vertex 4.14309 9.05248 2.59
    endloop
  endfacet
  facet normal 0.972371 0.233443 0
    outer loop
      vertex 4.14309 9.05248 0
      vertex 4.2713 8.51844 2.59
      vertex 4.2713 8.51844 0
    endloop
  endfacet
  facet normal 0.382689 0.923877 -0
    outer loop
      vertex 6.51844 6.2713 0
      vertex 6.01103 6.48148 2.59
      vertex 6.51844 6.2713 2.59
    endloop
  endfacet
  facet normal 0.382689 0.923877 0
    outer loop
      vertex 6.01103 6.48148 2.59
      vertex 6.51844 6.2713 0
      vertex 6.01103 6.48148 0
    endloop
  endfacet
  facet normal -0.996916 0.0784758 0
    outer loop
      vertex 11.0569 9.05248 0
      vertex 11.1 9.6 2.59
      vertex 11.1 9.6 0
    endloop
  endfacet
  facet normal -0.996916 0.0784758 0
    outer loop
      vertex 11.1 9.6 2.59
      vertex 11.0569 9.05248 0
      vertex 11.0569 9.05248 2.59
    endloop
  endfacet
  facet normal -0.972375 0.233425 0
    outer loop
      vertex 10.9287 8.51844 0
      vertex 11.0569 9.05248 2.59
      vertex 11.0569 9.05248 0
    endloop
  endfacet
  facet normal -0.972375 0.233425 0
    outer loop
      vertex 11.0569 9.05248 2.59
      vertex 10.9287 8.51844 0
      vertex 10.9287 8.51844 2.59
    endloop
  endfacet
  facet normal 0.649468 -0.760389 0
    outer loop
      vertex 5.12513 12.0749 0
      vertex 5.54275 12.4316 2.59
      vertex 5.12513 12.0749 2.59
    endloop
  endfacet
  facet normal 0.649468 -0.760389 0
    outer loop
      vertex 5.54275 12.4316 2.59
      vertex 5.12513 12.0749 0
      vertex 5.54275 12.4316 0
    endloop
  endfacet
  facet normal 0.382721 -0.923864 0
    outer loop
      vertex 6.01103 12.7185 0
      vertex 6.51844 12.9287 2.59
      vertex 6.01103 12.7185 2.59
    endloop
  endfacet
  facet normal 0.382721 -0.923864 0
    outer loop
      vertex 6.51844 12.9287 2.59
      vertex 6.01103 12.7185 0
      vertex 6.51844 12.9287 0
    endloop
  endfacet
  facet normal -0.649441 -0.760412 0
    outer loop
      vertex 9.65725 12.4316 0
      vertex 10.0749 12.0749 2.59
      vertex 9.65725 12.4316 2.59
    endloop
  endfacet
  facet normal -0.649441 -0.760412 -0
    outer loop
      vertex 10.0749 12.0749 2.59
      vertex 9.65725 12.4316 0
      vertex 10.0749 12.0749 0
    endloop
  endfacet
  facet normal 0.852602 -0.52256 0
    outer loop
      vertex 4.48148 11.189 2.59
      vertex 4.76844 11.6572 0
      vertex 4.76844 11.6572 2.59
    endloop
  endfacet
  facet normal 0.852602 -0.52256 0
    outer loop
      vertex 4.76844 11.6572 0
      vertex 4.48148 11.189 2.59
      vertex 4.48148 11.189 0
    endloop
  endfacet
  facet normal 0.923874 -0.382696 0
    outer loop
      vertex 4.2713 10.6816 2.59
      vertex 4.48148 11.189 0
      vertex 4.48148 11.189 2.59
    endloop
  endfacet
  facet normal 0.923874 -0.382696 0
    outer loop
      vertex 4.48148 11.189 0
      vertex 4.2713 10.6816 2.59
      vertex 4.2713 10.6816 0
    endloop
  endfacet
  facet normal 0.233425 -0.972375 0
    outer loop
      vertex 6.51844 12.9287 0
      vertex 7.05248 13.0569 2.59
      vertex 6.51844 12.9287 2.59
    endloop
  endfacet
  facet normal 0.233425 -0.972375 0
    outer loop
      vertex 7.05248 13.0569 2.59
      vertex 6.51844 12.9287 0
      vertex 7.05248 13.0569 0
    endloop
  endfacet
  facet normal 0.0784758 -0.996916 0
    outer loop
      vertex 7.05248 13.0569 0
      vertex 7.6 13.1 2.59
      vertex 7.05248 13.0569 2.59
    endloop
  endfacet
  facet normal 0.0784758 -0.996916 0
    outer loop
      vertex 7.6 13.1 2.59
      vertex 7.05248 13.0569 0
      vertex 7.6 13.1 0
    endloop
  endfacet
  facet normal 0.649457 0.760398 -0
    outer loop
      vertex 5.54275 6.76844 0
      vertex 5.12513 7.12513 2.59
      vertex 5.54275 6.76844 2.59
    endloop
  endfacet
  facet normal 0.649457 0.760398 0
    outer loop
      vertex 5.12513 7.12513 2.59
      vertex 5.54275 6.76844 0
      vertex 5.12513 7.12513 0
    endloop
  endfacet
  facet normal -0.0784758 -0.996916 0
    outer loop
      vertex 7.6 13.1 0
      vertex 8.14752 13.0569 2.59
      vertex 7.6 13.1 2.59
    endloop
  endfacet
  facet normal -0.0784758 -0.996916 -0
    outer loop
      vertex 8.14752 13.0569 2.59
      vertex 7.6 13.1 0
      vertex 8.14752 13.0569 0
    endloop
  endfacet
  facet normal 0.760398 0.649457 0
    outer loop
      vertex 5.12513 7.12513 2.59
      vertex 4.76844 7.54275 0
      vertex 4.76844 7.54275 2.59
    endloop
  endfacet
  facet normal 0.760398 0.649457 0
    outer loop
      vertex 4.76844 7.54275 0
      vertex 5.12513 7.12513 2.59
      vertex 5.12513 7.12513 0
    endloop
  endfacet
  facet normal -0.64943 0.760421 0
    outer loop
      vertex 10.0749 7.12513 0
      vertex 9.65725 6.76844 2.59
      vertex 10.0749 7.12513 2.59
    endloop
  endfacet
  facet normal -0.64943 0.760421 0
    outer loop
      vertex 9.65725 6.76844 2.59
      vertex 10.0749 7.12513 0
      vertex 9.65725 6.76844 0
    endloop
  endfacet
  facet normal -0.382721 -0.923864 0
    outer loop
      vertex 8.68156 12.9287 0
      vertex 9.18897 12.7185 2.59
      vertex 8.68156 12.9287 2.59
    endloop
  endfacet
  facet normal -0.382721 -0.923864 -0
    outer loop
      vertex 9.18897 12.7185 2.59
      vertex 8.68156 12.9287 0
      vertex 9.18897 12.7185 0
    endloop
  endfacet
  facet normal 0.972377 -0.233418 0
    outer loop
      vertex 4.14309 10.1475 2.59
      vertex 4.2713 10.6816 0
      vertex 4.2713 10.6816 2.59
    endloop
  endfacet
  facet normal 0.972377 -0.233418 0
    outer loop
      vertex 4.2713 10.6816 0
      vertex 4.14309 10.1475 2.59
      vertex 4.14309 10.1475 0
    endloop
  endfacet
  facet normal -0.233425 -0.972375 0
    outer loop
      vertex 8.14752 13.0569 0
      vertex 8.68156 12.9287 2.59
      vertex 8.14752 13.0569 2.59
    endloop
  endfacet
  facet normal -0.233425 -0.972375 -0
    outer loop
      vertex 8.68156 12.9287 2.59
      vertex 8.14752 13.0569 0
      vertex 8.68156 12.9287 0
    endloop
  endfacet
  facet normal -0.923864 0.382721 0
    outer loop
      vertex 10.7185 8.01103 0
      vertex 10.9287 8.51844 2.59
      vertex 10.9287 8.51844 0
    endloop
  endfacet
  facet normal -0.923864 0.382721 0
    outer loop
      vertex 10.9287 8.51844 2.59
      vertex 10.7185 8.01103 0
      vertex 10.7185 8.01103 2.59
    endloop
  endfacet
  facet normal -0.382689 0.923877 0
    outer loop
      vertex 9.18897 6.48148 0
      vertex 8.68156 6.2713 2.59
      vertex 9.18897 6.48148 2.59
    endloop
  endfacet
  facet normal -0.382689 0.923877 0
    outer loop
      vertex 8.68156 6.2713 2.59
      vertex 9.18897 6.48148 0
      vertex 8.68156 6.2713 0
    endloop
  endfacet
  facet normal 0.522416 -0.852691 0
    outer loop
      vertex 5.54275 12.4316 0
      vertex 6.01103 12.7185 2.59
      vertex 5.54275 12.4316 2.59
    endloop
  endfacet
  facet normal 0.522416 -0.852691 0
    outer loop
      vertex 6.01103 12.7185 2.59
      vertex 5.54275 12.4316 0
      vertex 6.01103 12.7185 0
    endloop
  endfacet
  facet normal 0.0784577 0.996917 -0
    outer loop
      vertex 7.6 6.1 0
      vertex 7.05248 6.14309 2.59
      vertex 7.6 6.1 2.59
    endloop
  endfacet
  facet normal 0.0784577 0.996917 0
    outer loop
      vertex 7.05248 6.14309 2.59
      vertex 7.6 6.1 0
      vertex 7.05248 6.14309 0
    endloop
  endfacet
  facet normal 0.522495 0.852642 -0
    outer loop
      vertex 6.01103 6.48148 0
      vertex 5.54275 6.76844 2.59
      vertex 6.01103 6.48148 2.59
    endloop
  endfacet
  facet normal 0.522495 0.852642 0
    outer loop
      vertex 5.54275 6.76844 2.59
      vertex 6.01103 6.48148 0
      vertex 5.54275 6.76844 0
    endloop
  endfacet
endsolid OpenSCAD_Model
