solid OpenSCAD_Model
  facet normal -0 0.555522 0.831502
    outer loop
      vertex 46.7 20.2351 20.2858
      vertex 52.7 19.675 20.66
      vertex 52.7 20.2351 20.2858
    endloop
  endfacet
  facet normal 0 0.555522 0.831502
    outer loop
      vertex 52.7 19.675 20.66
      vertex 46.7 20.2351 20.2858
      vertex 46.7 19.675 20.66
    endloop
  endfacet
  facet normal 0 0.896848 -0.442338
    outer loop
      vertex 52.7 21.56 13.625
      vertex 46.7 21.858 14.2292
      vertex 52.7 21.858 14.2292
    endloop
  endfacet
  facet normal 0 0.896848 -0.442338
    outer loop
      vertex 46.7 21.858 14.2292
      vertex 52.7 21.56 13.625
      vertex 46.7 21.56 13.625
    endloop
  endfacet
  facet normal 0 -0.19506 -0.980791
    outer loop
      vertex 46.7 15.7671 11.2255
      vertex 52.7 16.4278 11.0941
      vertex 52.7 15.7671 11.2255
    endloop
  endfacet
  facet normal -0 -0.19506 -0.980791
    outer loop
      vertex 52.7 16.4278 11.0941
      vertex 46.7 15.7671 11.2255
      vertex 46.7 16.4278 11.0941
    endloop
  endfacet
  facet normal 0 0.555522 -0.831502
    outer loop
      vertex 46.7 19.675 11.74
      vertex 52.7 20.2351 12.1142
      vertex 52.7 19.675 11.74
    endloop
  endfacet
  facet normal 0 0.555522 -0.831502
    outer loop
      vertex 52.7 20.2351 12.1142
      vertex 46.7 19.675 11.74
      vertex 46.7 20.2351 12.1142
    endloop
  endfacet
  facet normal 0 -0.946947 -0.321389
    outer loop
      vertex 46.7 12.342 14.2292
      vertex 52.7 12.1255 14.8671
      vertex 46.7 12.1255 14.8671
    endloop
  endfacet
  facet normal 0 -0.946947 -0.321389
    outer loop
      vertex 52.7 12.1255 14.8671
      vertex 46.7 12.342 14.2292
      vertex 52.7 12.342 14.2292
    endloop
  endfacet
  facet normal 0 0.442338 -0.896848
    outer loop
      vertex 46.7 19.0708 11.442
      vertex 52.7 19.675 11.74
      vertex 52.7 19.0708 11.442
    endloop
  endfacet
  facet normal 0 0.442338 -0.896848
    outer loop
      vertex 52.7 19.675 11.74
      vertex 46.7 19.0708 11.442
      vertex 46.7 19.675 11.74
    endloop
  endfacet
  facet normal 0 0.0654647 -0.997855
    outer loop
      vertex 46.7 17.1 11.05
      vertex 52.7 17.7722 11.0941
      vertex 52.7 17.1 11.05
    endloop
  endfacet
  facet normal 0 0.0654647 -0.997855
    outer loop
      vertex 52.7 17.7722 11.0941
      vertex 46.7 17.1 11.05
      vertex 46.7 17.7722 11.0941
    endloop
  endfacet
  facet normal 0 -0.946947 0.321389
    outer loop
      vertex 46.7 12.1255 17.5329
      vertex 52.7 12.342 18.1708
      vertex 46.7 12.342 18.1708
    endloop
  endfacet
  facet normal 0 -0.946947 0.321389
    outer loop
      vertex 52.7 12.342 18.1708
      vertex 46.7 12.1255 17.5329
      vertex 52.7 12.1255 17.5329
    endloop
  endfacet
  facet normal 0 -0.0654647 -0.997855
    outer loop
      vertex 46.7 16.4278 11.0941
      vertex 52.7 17.1 11.05
      vertex 52.7 16.4278 11.0941
    endloop
  endfacet
  facet normal -0 -0.0654647 -0.997855
    outer loop
      vertex 52.7 17.1 11.05
      vertex 46.7 16.4278 11.0941
      vertex 46.7 17.1 11.05
    endloop
  endfacet
  facet normal 0 0.831502 0.555522
    outer loop
      vertex 52.7 21.56 18.775
      vertex 46.7 21.1858 19.3351
      vertex 52.7 21.1858 19.3351
    endloop
  endfacet
  facet normal 0 0.831502 0.555522
    outer loop
      vertex 46.7 21.1858 19.3351
      vertex 52.7 21.56 18.775
      vertex 46.7 21.56 18.775
    endloop
  endfacet
  facet normal 0 0.997855 -0.0654647
    outer loop
      vertex 52.7 22.2059 15.5278
      vertex 46.7 22.25 16.2
      vertex 52.7 22.25 16.2
    endloop
  endfacet
  facet normal 0 0.997855 -0.0654647
    outer loop
      vertex 46.7 22.25 16.2
      vertex 52.7 22.2059 15.5278
      vertex 46.7 22.2059 15.5278
    endloop
  endfacet
  facet normal 0 -0.321389 -0.946947
    outer loop
      vertex 46.7 15.1292 11.442
      vertex 52.7 15.7671 11.2255
      vertex 52.7 15.1292 11.442
    endloop
  endfacet
  facet normal -0 -0.321389 -0.946947
    outer loop
      vertex 52.7 15.7671 11.2255
      vertex 46.7 15.1292 11.442
      vertex 46.7 15.7671 11.2255
    endloop
  endfacet
  facet normal 0 -0.19506 0.980791
    outer loop
      vertex 46.7 16.4278 21.3059
      vertex 52.7 15.7671 21.1745
      vertex 52.7 16.4278 21.3059
    endloop
  endfacet
  facet normal 0 -0.19506 0.980791
    outer loop
      vertex 52.7 15.7671 21.1745
      vertex 46.7 16.4278 21.3059
      vertex 46.7 15.7671 21.1745
    endloop
  endfacet
  facet normal -0 0.19506 0.980791
    outer loop
      vertex 46.7 18.4329 21.1745
      vertex 52.7 17.7722 21.3059
      vertex 52.7 18.4329 21.1745
    endloop
  endfacet
  facet normal 0 0.19506 0.980791
    outer loop
      vertex 52.7 17.7722 21.3059
      vertex 46.7 18.4329 21.1745
      vertex 46.7 17.7722 21.3059
    endloop
  endfacet
  facet normal 0 0.19506 -0.980791
    outer loop
      vertex 46.7 17.7722 11.0941
      vertex 52.7 18.4329 11.2255
      vertex 52.7 17.7722 11.0941
    endloop
  endfacet
  facet normal 0 0.19506 -0.980791
    outer loop
      vertex 52.7 18.4329 11.2255
      vertex 46.7 17.7722 11.0941
      vertex 46.7 18.4329 11.2255
    endloop
  endfacet
  facet normal 0 0.751831 0.659355
    outer loop
      vertex 52.7 21.1858 19.3351
      vertex 46.7 20.7416 19.8416
      vertex 52.7 20.7416 19.8416
    endloop
  endfacet
  facet normal 0 0.751831 0.659355
    outer loop
      vertex 46.7 20.7416 19.8416
      vertex 52.7 21.1858 19.3351
      vertex 46.7 21.1858 19.3351
    endloop
  endfacet
  facet normal 0 0.946947 -0.321389
    outer loop
      vertex 52.7 21.858 14.2292
      vertex 46.7 22.0745 14.8671
      vertex 52.7 22.0745 14.8671
    endloop
  endfacet
  facet normal 0 0.946947 -0.321389
    outer loop
      vertex 46.7 22.0745 14.8671
      vertex 52.7 21.858 14.2292
      vertex 46.7 21.858 14.2292
    endloop
  endfacet
  facet normal 0 0.751831 -0.659355
    outer loop
      vertex 52.7 20.7416 12.5584
      vertex 46.7 21.1858 13.0649
      vertex 52.7 21.1858 13.0649
    endloop
  endfacet
  facet normal 0 0.751831 -0.659355
    outer loop
      vertex 46.7 21.1858 13.0649
      vertex 52.7 20.7416 12.5584
      vertex 46.7 20.7416 12.5584
    endloop
  endfacet
  facet normal 0 -0.659355 0.751831
    outer loop
      vertex 46.7 13.9649 20.2858
      vertex 52.7 13.4584 19.8416
      vertex 52.7 13.9649 20.2858
    endloop
  endfacet
  facet normal 0 -0.659355 0.751831
    outer loop
      vertex 52.7 13.4584 19.8416
      vertex 46.7 13.9649 20.2858
      vertex 46.7 13.4584 19.8416
    endloop
  endfacet
  facet normal 0 -0.831502 -0.555522
    outer loop
      vertex 46.7 13.0142 13.0649
      vertex 52.7 12.64 13.625
      vertex 46.7 12.64 13.625
    endloop
  endfacet
  facet normal 0 -0.831502 -0.555522
    outer loop
      vertex 52.7 12.64 13.625
      vertex 46.7 13.0142 13.0649
      vertex 52.7 13.0142 13.0649
    endloop
  endfacet
  facet normal 0 -0.997855 0.0654647
    outer loop
      vertex 46.7 11.95 16.2
      vertex 52.7 11.9941 16.8722
      vertex 46.7 11.9941 16.8722
    endloop
  endfacet
  facet normal 0 -0.997855 0.0654647
    outer loop
      vertex 52.7 11.9941 16.8722
      vertex 46.7 11.95 16.2
      vertex 52.7 11.95 16.2
    endloop
  endfacet
  facet normal 0 -0.751831 0.659355
    outer loop
      vertex 46.7 13.0142 19.3351
      vertex 52.7 13.4584 19.8416
      vertex 46.7 13.4584 19.8416
    endloop
  endfacet
  facet normal 0 -0.751831 0.659355
    outer loop
      vertex 52.7 13.4584 19.8416
      vertex 46.7 13.0142 19.3351
      vertex 52.7 13.0142 19.3351
    endloop
  endfacet
  facet normal 0 0.980791 -0.19506
    outer loop
      vertex 52.7 22.0745 14.8671
      vertex 46.7 22.2059 15.5278
      vertex 52.7 22.2059 15.5278
    endloop
  endfacet
  facet normal 0 0.980791 -0.19506
    outer loop
      vertex 46.7 22.2059 15.5278
      vertex 52.7 22.0745 14.8671
      vertex 46.7 22.0745 14.8671
    endloop
  endfacet
  facet normal 0 0.831502 -0.555522
    outer loop
      vertex 52.7 21.1858 13.0649
      vertex 46.7 21.56 13.625
      vertex 52.7 21.56 13.625
    endloop
  endfacet
  facet normal 0 0.831502 -0.555522
    outer loop
      vertex 46.7 21.56 13.625
      vertex 52.7 21.1858 13.0649
      vertex 46.7 21.1858 13.0649
    endloop
  endfacet
  facet normal 0 0.946947 0.321389
    outer loop
      vertex 52.7 22.0745 17.5329
      vertex 46.7 21.858 18.1708
      vertex 52.7 21.858 18.1708
    endloop
  endfacet
  facet normal 0 0.946947 0.321389
    outer loop
      vertex 46.7 21.858 18.1708
      vertex 52.7 22.0745 17.5329
      vertex 46.7 22.0745 17.5329
    endloop
  endfacet
  facet normal 0 -0.980791 -0.19506
    outer loop
      vertex 46.7 12.1255 14.8671
      vertex 52.7 11.9941 15.5278
      vertex 46.7 11.9941 15.5278
    endloop
  endfacet
  facet normal 0 -0.980791 -0.19506
    outer loop
      vertex 52.7 11.9941 15.5278
      vertex 46.7 12.1255 14.8671
      vertex 52.7 12.1255 14.8671
    endloop
  endfacet
  facet normal -1 0 0
    outer loop
      vertex 46.7 20.65 16.2
      vertex 46.7 22.25 16.2
      vertex 46.7 22.2059 15.5278
    endloop
  endfacet
  facet normal -1 0 0
    outer loop
      vertex 46.7 20.6196 15.7366
      vertex 46.7 22.2059 15.5278
      vertex 46.7 22.0745 14.8671
    endloop
  endfacet
  facet normal -1 0 0
    outer loop
      vertex 46.7 22.25 16.2
      vertex 46.7 20.65 16.2
      vertex 46.7 22.2059 16.8722
    endloop
  endfacet
  facet normal -1 0 0
    outer loop
      vertex 46.7 20.529 15.2812
      vertex 46.7 22.0745 14.8671
      vertex 46.7 21.858 14.2292
    endloop
  endfacet
  facet normal -1 0 0
    outer loop
      vertex 46.7 20.6196 16.6634
      vertex 46.7 22.2059 16.8722
      vertex 46.7 20.65 16.2
    endloop
  endfacet
  facet normal -1 0 0
    outer loop
      vertex 46.7 20.3798 14.8415
      vertex 46.7 21.858 14.2292
      vertex 46.7 21.56 13.625
    endloop
  endfacet
  facet normal -1 -0 0
    outer loop
      vertex 46.7 22.2059 16.8722
      vertex 46.7 20.6196 16.6634
      vertex 46.7 22.0745 17.5329
    endloop
  endfacet
  facet normal -1 0 0
    outer loop
      vertex 46.7 20.1744 14.425
      vertex 46.7 21.56 13.625
      vertex 46.7 21.1858 13.0649
    endloop
  endfacet
  facet normal -1 0 0
    outer loop
      vertex 46.7 20.529 17.1188
      vertex 46.7 22.0745 17.5329
      vertex 46.7 20.6196 16.6634
    endloop
  endfacet
  facet normal -1 0 0
    outer loop
      vertex 46.7 19.9164 14.0389
      vertex 46.7 21.1858 13.0649
      vertex 46.7 20.7416 12.5584
    endloop
  endfacet
  facet normal -1 -0 0
    outer loop
      vertex 46.7 22.0745 17.5329
      vertex 46.7 20.529 17.1188
      vertex 46.7 21.858 18.1708
    endloop
  endfacet
  facet normal -1 0 0
    outer loop
      vertex 46.7 20.3798 17.5585
      vertex 46.7 21.858 18.1708
      vertex 46.7 20.529 17.1188
    endloop
  endfacet
  facet normal -1 0 0
    outer loop
      vertex 46.7 22.2059 15.5278
      vertex 46.7 20.6196 15.7366
      vertex 46.7 20.65 16.2
    endloop
  endfacet
  facet normal -1 0 0
    outer loop
      vertex 46.7 22.0745 14.8671
      vertex 46.7 20.529 15.2812
      vertex 46.7 20.6196 15.7366
    endloop
  endfacet
  facet normal -1 0 0
    outer loop
      vertex 46.7 21.858 14.2292
      vertex 46.7 20.3798 14.8415
      vertex 46.7 20.529 15.2812
    endloop
  endfacet
  facet normal -1 0 0
    outer loop
      vertex 46.7 19.6102 13.6898
      vertex 46.7 20.7416 12.5584
      vertex 46.7 20.2351 12.1142
    endloop
  endfacet
  facet normal -1 0 0
    outer loop
      vertex 46.7 21.56 13.625
      vertex 46.7 20.1744 14.425
      vertex 46.7 20.3798 14.8415
    endloop
  endfacet
  facet normal -1 0 0
    outer loop
      vertex 46.7 21.1858 13.0649
      vertex 46.7 19.9164 14.0389
      vertex 46.7 20.1744 14.425
    endloop
  endfacet
  facet normal -1 0 0
    outer loop
      vertex 46.7 19.2611 13.3836
      vertex 46.7 20.2351 12.1142
      vertex 46.7 19.675 11.74
    endloop
  endfacet
  facet normal -1 0 0
    outer loop
      vertex 46.7 20.7416 12.5584
      vertex 46.7 19.6102 13.6898
      vertex 46.7 19.9164 14.0389
    endloop
  endfacet
  facet normal -1 0 0
    outer loop
      vertex 46.7 20.2351 12.1142
      vertex 46.7 19.2611 13.3836
      vertex 46.7 19.6102 13.6898
    endloop
  endfacet
  facet normal -1 0 0
    outer loop
      vertex 46.7 18.875 13.1256
      vertex 46.7 19.675 11.74
      vertex 46.7 19.0708 11.442
    endloop
  endfacet
  facet normal -1 0 0
    outer loop
      vertex 46.7 19.675 11.74
      vertex 46.7 18.875 13.1256
      vertex 46.7 19.2611 13.3836
    endloop
  endfacet
  facet normal -1 0 0
    outer loop
      vertex 46.7 19.0708 11.442
      vertex 46.7 18.4585 12.9202
      vertex 46.7 18.875 13.1256
    endloop
  endfacet
  facet normal -1 0 0
    outer loop
      vertex 46.7 18.4329 11.2255
      vertex 46.7 18.4585 12.9202
      vertex 46.7 19.0708 11.442
    endloop
  endfacet
  facet normal -1 0 0
    outer loop
      vertex 46.7 18.4329 11.2255
      vertex 46.7 18.0188 12.771
      vertex 46.7 18.4585 12.9202
    endloop
  endfacet
  facet normal -1 0 0
    outer loop
      vertex 46.7 17.7722 11.0941
      vertex 46.7 18.0188 12.771
      vertex 46.7 18.4329 11.2255
    endloop
  endfacet
  facet normal -1 0 0
    outer loop
      vertex 46.7 17.7722 11.0941
      vertex 46.7 17.5634 12.6804
      vertex 46.7 18.0188 12.771
    endloop
  endfacet
  facet normal -1 0 0
    outer loop
      vertex 46.7 17.1 11.05
      vertex 46.7 17.5634 12.6804
      vertex 46.7 17.7722 11.0941
    endloop
  endfacet
  facet normal -1 0 0
    outer loop
      vertex 46.7 17.1 11.05
      vertex 46.7 17.1 12.65
      vertex 46.7 17.5634 12.6804
    endloop
  endfacet
  facet normal -1 0 0
    outer loop
      vertex 46.7 17.1 11.05
      vertex 46.7 16.6366 12.6804
      vertex 46.7 17.1 12.65
    endloop
  endfacet
  facet normal -1 0 0
    outer loop
      vertex 46.7 16.4278 11.0941
      vertex 46.7 16.6366 12.6804
      vertex 46.7 17.1 11.05
    endloop
  endfacet
  facet normal -1 0 0
    outer loop
      vertex 46.7 16.4278 11.0941
      vertex 46.7 16.1812 12.771
      vertex 46.7 16.6366 12.6804
    endloop
  endfacet
  facet normal -1 0 0
    outer loop
      vertex 46.7 15.7671 11.2255
      vertex 46.7 16.1812 12.771
      vertex 46.7 16.4278 11.0941
    endloop
  endfacet
  facet normal -1 0 0
    outer loop
      vertex 46.7 15.7671 11.2255
      vertex 46.7 15.7415 12.9202
      vertex 46.7 16.1812 12.771
    endloop
  endfacet
  facet normal -1 0 0
    outer loop
      vertex 46.7 15.1292 11.442
      vertex 46.7 15.7415 12.9202
      vertex 46.7 15.7671 11.2255
    endloop
  endfacet
  facet normal -1 -0 0
    outer loop
      vertex 46.7 15.7415 12.9202
      vertex 46.7 15.1292 11.442
      vertex 46.7 15.325 13.1256
    endloop
  endfacet
  facet normal -1 0 0
    outer loop
      vertex 46.7 14.525 11.74
      vertex 46.7 15.325 13.1256
      vertex 46.7 15.1292 11.442
    endloop
  endfacet
  facet normal -1 -0 0
    outer loop
      vertex 46.7 15.325 13.1256
      vertex 46.7 14.525 11.74
      vertex 46.7 14.9389 13.3836
    endloop
  endfacet
  facet normal -1 0 0
    outer loop
      vertex 46.7 13.9649 12.1142
      vertex 46.7 14.9389 13.3836
      vertex 46.7 14.525 11.74
    endloop
  endfacet
  facet normal -1 -0 0
    outer loop
      vertex 46.7 14.9389 13.3836
      vertex 46.7 13.9649 12.1142
      vertex 46.7 14.5898 13.6898
    endloop
  endfacet
  facet normal -1 0 0
    outer loop
      vertex 46.7 13.4584 12.5584
      vertex 46.7 14.5898 13.6898
      vertex 46.7 13.9649 12.1142
    endloop
  endfacet
  facet normal -1 -0 0
    outer loop
      vertex 46.7 14.5898 13.6898
      vertex 46.7 13.4584 12.5584
      vertex 46.7 14.2836 14.0389
    endloop
  endfacet
  facet normal -1 0 0
    outer loop
      vertex 46.7 13.0142 13.0649
      vertex 46.7 14.2836 14.0389
      vertex 46.7 13.4584 12.5584
    endloop
  endfacet
  facet normal -1 -0 0
    outer loop
      vertex 46.7 14.2836 14.0389
      vertex 46.7 13.0142 13.0649
      vertex 46.7 14.0256 14.425
    endloop
  endfacet
  facet normal -1 0 0
    outer loop
      vertex 46.7 12.64 13.625
      vertex 46.7 14.0256 14.425
      vertex 46.7 13.0142 13.0649
    endloop
  endfacet
  facet normal -1 0 0
    outer loop
      vertex 46.7 12.342 14.2292
      vertex 46.7 13.8202 14.8415
      vertex 46.7 12.64 13.625
    endloop
  endfacet
  facet normal -1 -0 0
    outer loop
      vertex 46.7 14.0256 14.425
      vertex 46.7 12.64 13.625
      vertex 46.7 13.8202 14.8415
    endloop
  endfacet
  facet normal -1 -0 0
    outer loop
      vertex 46.7 21.858 18.1708
      vertex 46.7 20.3798 17.5585
      vertex 46.7 21.56 18.775
    endloop
  endfacet
  facet normal -1 0 0
    outer loop
      vertex 46.7 20.1744 17.975
      vertex 46.7 21.56 18.775
      vertex 46.7 20.3798 17.5585
    endloop
  endfacet
  facet normal -1 -0 0
    outer loop
      vertex 46.7 21.56 18.775
      vertex 46.7 20.1744 17.975
      vertex 46.7 21.1858 19.3351
    endloop
  endfacet
  facet normal -1 0 0
    outer loop
      vertex 46.7 19.9164 18.3611
      vertex 46.7 21.1858 19.3351
      vertex 46.7 20.1744 17.975
    endloop
  endfacet
  facet normal -1 -0 0
    outer loop
      vertex 46.7 21.1858 19.3351
      vertex 46.7 19.9164 18.3611
      vertex 46.7 20.7416 19.8416
    endloop
  endfacet
  facet normal -1 0 0
    outer loop
      vertex 46.7 19.6102 18.7102
      vertex 46.7 20.7416 19.8416
      vertex 46.7 19.9164 18.3611
    endloop
  endfacet
  facet normal -1 -0 0
    outer loop
      vertex 46.7 20.7416 19.8416
      vertex 46.7 19.6102 18.7102
      vertex 46.7 20.2351 20.2858
    endloop
  endfacet
  facet normal -1 0 0
    outer loop
      vertex 46.7 19.2611 19.0164
      vertex 46.7 20.2351 20.2858
      vertex 46.7 19.6102 18.7102
    endloop
  endfacet
  facet normal -1 -0 0
    outer loop
      vertex 46.7 20.2351 20.2858
      vertex 46.7 19.2611 19.0164
      vertex 46.7 19.675 20.66
    endloop
  endfacet
  facet normal -1 0 0
    outer loop
      vertex 46.7 18.875 19.2744
      vertex 46.7 19.675 20.66
      vertex 46.7 19.2611 19.0164
    endloop
  endfacet
  facet normal -1 -0 0
    outer loop
      vertex 46.7 19.675 20.66
      vertex 46.7 18.875 19.2744
      vertex 46.7 19.0708 20.958
    endloop
  endfacet
  facet normal -1 0 0
    outer loop
      vertex 46.7 18.4585 19.4798
      vertex 46.7 19.0708 20.958
      vertex 46.7 18.875 19.2744
    endloop
  endfacet
  facet normal -1 0 0
    outer loop
      vertex 46.7 18.4585 19.4798
      vertex 46.7 18.4329 21.1745
      vertex 46.7 19.0708 20.958
    endloop
  endfacet
  facet normal -1 0 0
    outer loop
      vertex 46.7 18.0188 19.629
      vertex 46.7 18.4329 21.1745
      vertex 46.7 18.4585 19.4798
    endloop
  endfacet
  facet normal -1 0 0
    outer loop
      vertex 46.7 18.0188 19.629
      vertex 46.7 17.7722 21.3059
      vertex 46.7 18.4329 21.1745
    endloop
  endfacet
  facet normal -1 0 0
    outer loop
      vertex 46.7 17.5634 19.7196
      vertex 46.7 17.7722 21.3059
      vertex 46.7 18.0188 19.629
    endloop
  endfacet
  facet normal -1 0 0
    outer loop
      vertex 46.7 17.1 19.75
      vertex 46.7 17.7722 21.3059
      vertex 46.7 17.5634 19.7196
    endloop
  endfacet
  facet normal -1 0 0
    outer loop
      vertex 46.7 17.1 19.75
      vertex 46.7 17.1 21.35
      vertex 46.7 17.7722 21.3059
    endloop
  endfacet
  facet normal -1 0 0
    outer loop
      vertex 46.7 16.6366 19.7196
      vertex 46.7 17.1 21.35
      vertex 46.7 17.1 19.75
    endloop
  endfacet
  facet normal -1 0 0
    outer loop
      vertex 46.7 16.6366 19.7196
      vertex 46.7 16.4278 21.3059
      vertex 46.7 17.1 21.35
    endloop
  endfacet
  facet normal -1 0 0
    outer loop
      vertex 46.7 16.1812 19.629
      vertex 46.7 16.4278 21.3059
      vertex 46.7 16.6366 19.7196
    endloop
  endfacet
  facet normal -1 0 0
    outer loop
      vertex 46.7 16.1812 19.629
      vertex 46.7 15.7671 21.1745
      vertex 46.7 16.4278 21.3059
    endloop
  endfacet
  facet normal -1 0 0
    outer loop
      vertex 46.7 15.7415 19.4798
      vertex 46.7 15.7671 21.1745
      vertex 46.7 16.1812 19.629
    endloop
  endfacet
  facet normal -1 0 0
    outer loop
      vertex 46.7 15.1292 20.958
      vertex 46.7 15.7415 19.4798
      vertex 46.7 15.325 19.2744
    endloop
  endfacet
  facet normal -1 0 0
    outer loop
      vertex 46.7 15.7415 19.4798
      vertex 46.7 15.1292 20.958
      vertex 46.7 15.7671 21.1745
    endloop
  endfacet
  facet normal -1 0 0
    outer loop
      vertex 46.7 14.525 20.66
      vertex 46.7 15.325 19.2744
      vertex 46.7 14.9389 19.0164
    endloop
  endfacet
  facet normal -1 0 0
    outer loop
      vertex 46.7 13.9649 20.2858
      vertex 46.7 14.9389 19.0164
      vertex 46.7 14.5898 18.7102
    endloop
  endfacet
  facet normal -1 0 0
    outer loop
      vertex 46.7 15.325 19.2744
      vertex 46.7 14.525 20.66
      vertex 46.7 15.1292 20.958
    endloop
  endfacet
  facet normal -1 0 0
    outer loop
      vertex 46.7 13.4584 19.8416
      vertex 46.7 14.5898 18.7102
      vertex 46.7 14.2836 18.3611
    endloop
  endfacet
  facet normal -1 0 0
    outer loop
      vertex 46.7 13.0142 19.3351
      vertex 46.7 14.2836 18.3611
      vertex 46.7 14.0256 17.975
    endloop
  endfacet
  facet normal -1 0 0
    outer loop
      vertex 46.7 14.9389 19.0164
      vertex 46.7 13.9649 20.2858
      vertex 46.7 14.525 20.66
    endloop
  endfacet
  facet normal -1 0 0
    outer loop
      vertex 46.7 12.64 18.775
      vertex 46.7 14.0256 17.975
      vertex 46.7 13.8202 17.5585
    endloop
  endfacet
  facet normal -1 0 0
    outer loop
      vertex 46.7 12.342 18.1708
      vertex 46.7 13.8202 17.5585
      vertex 46.7 13.671 17.1188
    endloop
  endfacet
  facet normal -1 0 0
    outer loop
      vertex 46.7 12.1255 17.5329
      vertex 46.7 13.671 17.1188
      vertex 46.7 13.5804 16.6634
    endloop
  endfacet
  facet normal -1 0 0
    outer loop
      vertex 46.7 14.5898 18.7102
      vertex 46.7 13.4584 19.8416
      vertex 46.7 13.9649 20.2858
    endloop
  endfacet
  facet normal -1 0 0
    outer loop
      vertex 46.7 11.9941 16.8722
      vertex 46.7 13.5804 16.6634
      vertex 46.7 13.55 16.2
    endloop
  endfacet
  facet normal -1 -0 0
    outer loop
      vertex 46.7 13.8202 14.8415
      vertex 46.7 12.342 14.2292
      vertex 46.7 13.671 15.2812
    endloop
  endfacet
  facet normal -1 0 0
    outer loop
      vertex 46.7 12.1255 14.8671
      vertex 46.7 13.671 15.2812
      vertex 46.7 12.342 14.2292
    endloop
  endfacet
  facet normal -1 0 0
    outer loop
      vertex 46.7 14.2836 18.3611
      vertex 46.7 13.0142 19.3351
      vertex 46.7 13.4584 19.8416
    endloop
  endfacet
  facet normal -1 -0 0
    outer loop
      vertex 46.7 13.671 15.2812
      vertex 46.7 12.1255 14.8671
      vertex 46.7 13.5804 15.7366
    endloop
  endfacet
  facet normal -1 0 0
    outer loop
      vertex 46.7 14.0256 17.975
      vertex 46.7 12.64 18.775
      vertex 46.7 13.0142 19.3351
    endloop
  endfacet
  facet normal -1 0 0
    outer loop
      vertex 46.7 11.9941 15.5278
      vertex 46.7 13.5804 15.7366
      vertex 46.7 12.1255 14.8671
    endloop
  endfacet
  facet normal -1 0 0
    outer loop
      vertex 46.7 13.8202 17.5585
      vertex 46.7 12.342 18.1708
      vertex 46.7 12.64 18.775
    endloop
  endfacet
  facet normal -1 -0 0
    outer loop
      vertex 46.7 13.5804 15.7366
      vertex 46.7 11.9941 15.5278
      vertex 46.7 13.55 16.2
    endloop
  endfacet
  facet normal -1 0 0
    outer loop
      vertex 46.7 13.671 17.1188
      vertex 46.7 12.1255 17.5329
      vertex 46.7 12.342 18.1708
    endloop
  endfacet
  facet normal -1 0 0
    outer loop
      vertex 46.7 11.95 16.2
      vertex 46.7 13.55 16.2
      vertex 46.7 11.9941 15.5278
    endloop
  endfacet
  facet normal -1 0 0
    outer loop
      vertex 46.7 13.5804 16.6634
      vertex 46.7 11.9941 16.8722
      vertex 46.7 12.1255 17.5329
    endloop
  endfacet
  facet normal -1 0 0
    outer loop
      vertex 46.7 13.55 16.2
      vertex 46.7 11.95 16.2
      vertex 46.7 11.9941 16.8722
    endloop
  endfacet
  facet normal 0 -0.659355 -0.751831
    outer loop
      vertex 46.7 13.4584 12.5584
      vertex 52.7 13.9649 12.1142
      vertex 52.7 13.4584 12.5584
    endloop
  endfacet
  facet normal -0 -0.659355 -0.751831
    outer loop
      vertex 52.7 13.9649 12.1142
      vertex 46.7 13.4584 12.5584
      vertex 46.7 13.9649 12.1142
    endloop
  endfacet
  facet normal 0 -0.0654647 0.997855
    outer loop
      vertex 46.7 17.1 21.35
      vertex 52.7 16.4278 21.3059
      vertex 52.7 17.1 21.35
    endloop
  endfacet
  facet normal 0 -0.0654647 0.997855
    outer loop
      vertex 52.7 16.4278 21.3059
      vertex 46.7 17.1 21.35
      vertex 46.7 16.4278 21.3059
    endloop
  endfacet
  facet normal 0 -0.555522 -0.831502
    outer loop
      vertex 46.7 13.9649 12.1142
      vertex 52.7 14.525 11.74
      vertex 52.7 13.9649 12.1142
    endloop
  endfacet
  facet normal -0 -0.555522 -0.831502
    outer loop
      vertex 52.7 14.525 11.74
      vertex 46.7 13.9649 12.1142
      vertex 46.7 14.525 11.74
    endloop
  endfacet
  facet normal 0 -0.896848 -0.442338
    outer loop
      vertex 46.7 12.64 13.625
      vertex 52.7 12.342 14.2292
      vertex 46.7 12.342 14.2292
    endloop
  endfacet
  facet normal 0 -0.896848 -0.442338
    outer loop
      vertex 52.7 12.342 14.2292
      vertex 46.7 12.64 13.625
      vertex 52.7 12.64 13.625
    endloop
  endfacet
  facet normal 0 -0.980791 0.19506
    outer loop
      vertex 46.7 11.9941 16.8722
      vertex 52.7 12.1255 17.5329
      vertex 46.7 12.1255 17.5329
    endloop
  endfacet
  facet normal 0 -0.980791 0.19506
    outer loop
      vertex 52.7 12.1255 17.5329
      vertex 46.7 11.9941 16.8722
      vertex 52.7 11.9941 16.8722
    endloop
  endfacet
  facet normal 0 -0.321389 0.946947
    outer loop
      vertex 46.7 15.7671 21.1745
      vertex 52.7 15.1292 20.958
      vertex 52.7 15.7671 21.1745
    endloop
  endfacet
  facet normal 0 -0.321389 0.946947
    outer loop
      vertex 52.7 15.1292 20.958
      vertex 46.7 15.7671 21.1745
      vertex 46.7 15.1292 20.958
    endloop
  endfacet
  facet normal -0 0.321389 0.946947
    outer loop
      vertex 46.7 19.0708 20.958
      vertex 52.7 18.4329 21.1745
      vertex 52.7 19.0708 20.958
    endloop
  endfacet
  facet normal 0 0.321389 0.946947
    outer loop
      vertex 52.7 18.4329 21.1745
      vertex 46.7 19.0708 20.958
      vertex 46.7 18.4329 21.1745
    endloop
  endfacet
  facet normal 0 0.659355 -0.751831
    outer loop
      vertex 46.7 20.2351 12.1142
      vertex 52.7 20.7416 12.5584
      vertex 52.7 20.2351 12.1142
    endloop
  endfacet
  facet normal 0 0.659355 -0.751831
    outer loop
      vertex 52.7 20.7416 12.5584
      vertex 46.7 20.2351 12.1142
      vertex 46.7 20.7416 12.5584
    endloop
  endfacet
  facet normal 0 -0.831502 0.555522
    outer loop
      vertex 46.7 12.64 18.775
      vertex 52.7 13.0142 19.3351
      vertex 46.7 13.0142 19.3351
    endloop
  endfacet
  facet normal 0 -0.831502 0.555522
    outer loop
      vertex 52.7 13.0142 19.3351
      vertex 46.7 12.64 18.775
      vertex 52.7 12.64 18.775
    endloop
  endfacet
  facet normal 0 0.321389 -0.946947
    outer loop
      vertex 46.7 18.4329 11.2255
      vertex 52.7 19.0708 11.442
      vertex 52.7 18.4329 11.2255
    endloop
  endfacet
  facet normal 0 0.321389 -0.946947
    outer loop
      vertex 52.7 19.0708 11.442
      vertex 46.7 18.4329 11.2255
      vertex 46.7 19.0708 11.442
    endloop
  endfacet
  facet normal 0 0.997855 0.0654647
    outer loop
      vertex 52.7 22.25 16.2
      vertex 46.7 22.2059 16.8722
      vertex 52.7 22.2059 16.8722
    endloop
  endfacet
  facet normal 0 0.997855 0.0654647
    outer loop
      vertex 46.7 22.2059 16.8722
      vertex 52.7 22.25 16.2
      vertex 46.7 22.25 16.2
    endloop
  endfacet
  facet normal 0 0.980791 0.19506
    outer loop
      vertex 52.7 22.2059 16.8722
      vertex 46.7 22.0745 17.5329
      vertex 52.7 22.0745 17.5329
    endloop
  endfacet
  facet normal 0 0.980791 0.19506
    outer loop
      vertex 46.7 22.0745 17.5329
      vertex 52.7 22.2059 16.8722
      vertex 46.7 22.2059 16.8722
    endloop
  endfacet
  facet normal 0 -0.442338 -0.896848
    outer loop
      vertex 46.7 14.525 11.74
      vertex 52.7 15.1292 11.442
      vertex 52.7 14.525 11.74
    endloop
  endfacet
  facet normal -0 -0.442338 -0.896848
    outer loop
      vertex 52.7 15.1292 11.442
      vertex 46.7 14.525 11.74
      vertex 46.7 15.1292 11.442
    endloop
  endfacet
  facet normal 0 -0.442338 0.896848
    outer loop
      vertex 46.7 15.1292 20.958
      vertex 52.7 14.525 20.66
      vertex 52.7 15.1292 20.958
    endloop
  endfacet
  facet normal 0 -0.442338 0.896848
    outer loop
      vertex 52.7 14.525 20.66
      vertex 46.7 15.1292 20.958
      vertex 46.7 14.525 20.66
    endloop
  endfacet
  facet normal 0 0.896848 0.442338
    outer loop
      vertex 52.7 21.858 18.1708
      vertex 46.7 21.56 18.775
      vertex 52.7 21.56 18.775
    endloop
  endfacet
  facet normal 0 0.896848 0.442338
    outer loop
      vertex 46.7 21.56 18.775
      vertex 52.7 21.858 18.1708
      vertex 46.7 21.858 18.1708
    endloop
  endfacet
  facet normal 0 -0.997855 -0.0654647
    outer loop
      vertex 46.7 11.9941 15.5278
      vertex 52.7 11.95 16.2
      vertex 46.7 11.95 16.2
    endloop
  endfacet
  facet normal 0 -0.997855 -0.0654647
    outer loop
      vertex 52.7 11.95 16.2
      vertex 46.7 11.9941 15.5278
      vertex 52.7 11.9941 15.5278
    endloop
  endfacet
  facet normal -0 0.0654647 0.997855
    outer loop
      vertex 46.7 17.7722 21.3059
      vertex 52.7 17.1 21.35
      vertex 52.7 17.7722 21.3059
    endloop
  endfacet
  facet normal 0 0.0654647 0.997855
    outer loop
      vertex 52.7 17.1 21.35
      vertex 46.7 17.7722 21.3059
      vertex 46.7 17.1 21.35
    endloop
  endfacet
  facet normal 0 -0.751831 -0.659355
    outer loop
      vertex 46.7 13.4584 12.5584
      vertex 52.7 13.0142 13.0649
      vertex 46.7 13.0142 13.0649
    endloop
  endfacet
  facet normal 0 -0.751831 -0.659355
    outer loop
      vertex 52.7 13.0142 13.0649
      vertex 46.7 13.4584 12.5584
      vertex 52.7 13.4584 12.5584
    endloop
  endfacet
  facet normal -0 0.659355 0.751831
    outer loop
      vertex 46.7 20.7416 19.8416
      vertex 52.7 20.2351 20.2858
      vertex 52.7 20.7416 19.8416
    endloop
  endfacet
  facet normal 0 0.659355 0.751831
    outer loop
      vertex 52.7 20.2351 20.2858
      vertex 46.7 20.7416 19.8416
      vertex 46.7 20.2351 20.2858
    endloop
  endfacet
  facet normal -0 0.442338 0.896848
    outer loop
      vertex 46.7 19.675 20.66
      vertex 52.7 19.0708 20.958
      vertex 52.7 19.675 20.66
    endloop
  endfacet
  facet normal 0 0.442338 0.896848
    outer loop
      vertex 52.7 19.0708 20.958
      vertex 46.7 19.675 20.66
      vertex 46.7 19.0708 20.958
    endloop
  endfacet
  facet normal 0 -0.896848 0.442338
    outer loop
      vertex 46.7 12.342 18.1708
      vertex 52.7 12.64 18.775
      vertex 46.7 12.64 18.775
    endloop
  endfacet
  facet normal 0 -0.896848 0.442338
    outer loop
      vertex 52.7 12.64 18.775
      vertex 46.7 12.342 18.1708
      vertex 52.7 12.342 18.1708
    endloop
  endfacet
  facet normal 1 0 0
    outer loop
      vertex 52.7 20.65 16.2
      vertex 52.7 22.25 16.2
      vertex 52.7 22.2059 16.8722
    endloop
  endfacet
  facet normal 1 0 0
    outer loop
      vertex 52.7 20.6196 16.6634
      vertex 52.7 22.2059 16.8722
      vertex 52.7 22.0745 17.5329
    endloop
  endfacet
  facet normal 1 0 0
    outer loop
      vertex 52.7 22.25 16.2
      vertex 52.7 20.65 16.2
      vertex 52.7 22.2059 15.5278
    endloop
  endfacet
  facet normal 1 0 0
    outer loop
      vertex 52.7 20.529 17.1188
      vertex 52.7 22.0745 17.5329
      vertex 52.7 21.858 18.1708
    endloop
  endfacet
  facet normal 1 -0 0
    outer loop
      vertex 52.7 20.6196 15.7366
      vertex 52.7 22.2059 15.5278
      vertex 52.7 20.65 16.2
    endloop
  endfacet
  facet normal 1 0 0
    outer loop
      vertex 52.7 20.3798 17.5585
      vertex 52.7 21.858 18.1708
      vertex 52.7 21.56 18.775
    endloop
  endfacet
  facet normal 1 0 0
    outer loop
      vertex 52.7 22.2059 15.5278
      vertex 52.7 20.6196 15.7366
      vertex 52.7 22.0745 14.8671
    endloop
  endfacet
  facet normal 1 0 0
    outer loop
      vertex 52.7 20.1744 17.975
      vertex 52.7 21.56 18.775
      vertex 52.7 21.1858 19.3351
    endloop
  endfacet
  facet normal 1 -0 0
    outer loop
      vertex 52.7 20.529 15.2812
      vertex 52.7 22.0745 14.8671
      vertex 52.7 20.6196 15.7366
    endloop
  endfacet
  facet normal 1 0 0
    outer loop
      vertex 52.7 19.9164 18.3611
      vertex 52.7 21.1858 19.3351
      vertex 52.7 20.7416 19.8416
    endloop
  endfacet
  facet normal 1 0 0
    outer loop
      vertex 52.7 22.0745 14.8671
      vertex 52.7 20.529 15.2812
      vertex 52.7 21.858 14.2292
    endloop
  endfacet
  facet normal 1 -0 0
    outer loop
      vertex 52.7 20.3798 14.8415
      vertex 52.7 21.858 14.2292
      vertex 52.7 20.529 15.2812
    endloop
  endfacet
  facet normal 1 0 0
    outer loop
      vertex 52.7 22.2059 16.8722
      vertex 52.7 20.6196 16.6634
      vertex 52.7 20.65 16.2
    endloop
  endfacet
  facet normal 1 0 0
    outer loop
      vertex 52.7 22.0745 17.5329
      vertex 52.7 20.529 17.1188
      vertex 52.7 20.6196 16.6634
    endloop
  endfacet
  facet normal 1 0 0
    outer loop
      vertex 52.7 21.858 18.1708
      vertex 52.7 20.3798 17.5585
      vertex 52.7 20.529 17.1188
    endloop
  endfacet
  facet normal 1 0 0
    outer loop
      vertex 52.7 19.6102 18.7102
      vertex 52.7 20.7416 19.8416
      vertex 52.7 20.2351 20.2858
    endloop
  endfacet
  facet normal 1 0 0
    outer loop
      vertex 52.7 21.56 18.775
      vertex 52.7 20.1744 17.975
      vertex 52.7 20.3798 17.5585
    endloop
  endfacet
  facet normal 1 0 0
    outer loop
      vertex 52.7 21.1858 19.3351
      vertex 52.7 19.9164 18.3611
      vertex 52.7 20.1744 17.975
    endloop
  endfacet
  facet normal 1 0 0
    outer loop
      vertex 52.7 19.2611 19.0164
      vertex 52.7 20.2351 20.2858
      vertex 52.7 19.675 20.66
    endloop
  endfacet
  facet normal 1 0 0
    outer loop
      vertex 52.7 20.7416 19.8416
      vertex 52.7 19.6102 18.7102
      vertex 52.7 19.9164 18.3611
    endloop
  endfacet
  facet normal 1 0 0
    outer loop
      vertex 52.7 20.2351 20.2858
      vertex 52.7 19.2611 19.0164
      vertex 52.7 19.6102 18.7102
    endloop
  endfacet
  facet normal 1 0 0
    outer loop
      vertex 52.7 18.875 19.2744
      vertex 52.7 19.675 20.66
      vertex 52.7 19.0708 20.958
    endloop
  endfacet
  facet normal 1 0 0
    outer loop
      vertex 52.7 19.675 20.66
      vertex 52.7 18.875 19.2744
      vertex 52.7 19.2611 19.0164
    endloop
  endfacet
  facet normal 1 0 0
    outer loop
      vertex 52.7 19.0708 20.958
      vertex 52.7 18.4585 19.4798
      vertex 52.7 18.875 19.2744
    endloop
  endfacet
  facet normal 1 0 0
    outer loop
      vertex 52.7 18.4329 21.1745
      vertex 52.7 18.4585 19.4798
      vertex 52.7 19.0708 20.958
    endloop
  endfacet
  facet normal 1 0 0
    outer loop
      vertex 52.7 18.4329 21.1745
      vertex 52.7 18.0188 19.629
      vertex 52.7 18.4585 19.4798
    endloop
  endfacet
  facet normal 1 0 0
    outer loop
      vertex 52.7 17.7722 21.3059
      vertex 52.7 18.0188 19.629
      vertex 52.7 18.4329 21.1745
    endloop
  endfacet
  facet normal 1 0 0
    outer loop
      vertex 52.7 17.7722 21.3059
      vertex 52.7 17.5634 19.7196
      vertex 52.7 18.0188 19.629
    endloop
  endfacet
  facet normal 1 0 0
    outer loop
      vertex 52.7 17.1 21.35
      vertex 52.7 17.5634 19.7196
      vertex 52.7 17.7722 21.3059
    endloop
  endfacet
  facet normal 1 0 0
    outer loop
      vertex 52.7 17.1 21.35
      vertex 52.7 17.1 19.75
      vertex 52.7 17.5634 19.7196
    endloop
  endfacet
  facet normal 1 0 0
    outer loop
      vertex 52.7 17.1 21.35
      vertex 52.7 16.6366 19.7196
      vertex 52.7 17.1 19.75
    endloop
  endfacet
  facet normal 1 -0 0
    outer loop
      vertex 52.7 16.4278 21.3059
      vertex 52.7 16.6366 19.7196
      vertex 52.7 17.1 21.35
    endloop
  endfacet
  facet normal 1 0 0
    outer loop
      vertex 52.7 16.4278 21.3059
      vertex 52.7 16.1812 19.629
      vertex 52.7 16.6366 19.7196
    endloop
  endfacet
  facet normal 1 -0 0
    outer loop
      vertex 52.7 15.7671 21.1745
      vertex 52.7 16.1812 19.629
      vertex 52.7 16.4278 21.3059
    endloop
  endfacet
  facet normal 1 0 0
    outer loop
      vertex 52.7 15.7671 21.1745
      vertex 52.7 15.7415 19.4798
      vertex 52.7 16.1812 19.629
    endloop
  endfacet
  facet normal 1 -0 0
    outer loop
      vertex 52.7 15.1292 20.958
      vertex 52.7 15.7415 19.4798
      vertex 52.7 15.7671 21.1745
    endloop
  endfacet
  facet normal 1 0 0
    outer loop
      vertex 52.7 15.7415 19.4798
      vertex 52.7 15.1292 20.958
      vertex 52.7 15.325 19.2744
    endloop
  endfacet
  facet normal 1 -0 0
    outer loop
      vertex 52.7 14.525 20.66
      vertex 52.7 15.325 19.2744
      vertex 52.7 15.1292 20.958
    endloop
  endfacet
  facet normal 1 0 0
    outer loop
      vertex 52.7 15.325 19.2744
      vertex 52.7 14.525 20.66
      vertex 52.7 14.9389 19.0164
    endloop
  endfacet
  facet normal 1 -0 0
    outer loop
      vertex 52.7 13.9649 20.2858
      vertex 52.7 14.9389 19.0164
      vertex 52.7 14.525 20.66
    endloop
  endfacet
  facet normal 1 0 0
    outer loop
      vertex 52.7 14.9389 19.0164
      vertex 52.7 13.9649 20.2858
      vertex 52.7 14.5898 18.7102
    endloop
  endfacet
  facet normal 1 -0 0
    outer loop
      vertex 52.7 13.4584 19.8416
      vertex 52.7 14.5898 18.7102
      vertex 52.7 13.9649 20.2858
    endloop
  endfacet
  facet normal 1 0 0
    outer loop
      vertex 52.7 14.5898 18.7102
      vertex 52.7 13.4584 19.8416
      vertex 52.7 14.2836 18.3611
    endloop
  endfacet
  facet normal 1 -0 0
    outer loop
      vertex 52.7 13.0142 19.3351
      vertex 52.7 14.2836 18.3611
      vertex 52.7 13.4584 19.8416
    endloop
  endfacet
  facet normal 1 0 0
    outer loop
      vertex 52.7 14.2836 18.3611
      vertex 52.7 13.0142 19.3351
      vertex 52.7 14.0256 17.975
    endloop
  endfacet
  facet normal 1 -0 0
    outer loop
      vertex 52.7 12.64 18.775
      vertex 52.7 14.0256 17.975
      vertex 52.7 13.0142 19.3351
    endloop
  endfacet
  facet normal 1 -0 0
    outer loop
      vertex 52.7 12.342 18.1708
      vertex 52.7 13.8202 17.5585
      vertex 52.7 12.64 18.775
    endloop
  endfacet
  facet normal 1 0 0
    outer loop
      vertex 52.7 14.0256 17.975
      vertex 52.7 12.64 18.775
      vertex 52.7 13.8202 17.5585
    endloop
  endfacet
  facet normal 1 0 0
    outer loop
      vertex 52.7 21.858 14.2292
      vertex 52.7 20.3798 14.8415
      vertex 52.7 21.56 13.625
    endloop
  endfacet
  facet normal 1 -0 0
    outer loop
      vertex 52.7 20.1744 14.425
      vertex 52.7 21.56 13.625
      vertex 52.7 20.3798 14.8415
    endloop
  endfacet
  facet normal 1 0 0
    outer loop
      vertex 52.7 21.56 13.625
      vertex 52.7 20.1744 14.425
      vertex 52.7 21.1858 13.0649
    endloop
  endfacet
  facet normal 1 -0 0
    outer loop
      vertex 52.7 19.9164 14.0389
      vertex 52.7 21.1858 13.0649
      vertex 52.7 20.1744 14.425
    endloop
  endfacet
  facet normal 1 0 0
    outer loop
      vertex 52.7 21.1858 13.0649
      vertex 52.7 19.9164 14.0389
      vertex 52.7 20.7416 12.5584
    endloop
  endfacet
  facet normal 1 -0 0
    outer loop
      vertex 52.7 19.6102 13.6898
      vertex 52.7 20.7416 12.5584
      vertex 52.7 19.9164 14.0389
    endloop
  endfacet
  facet normal 1 0 0
    outer loop
      vertex 52.7 20.7416 12.5584
      vertex 52.7 19.6102 13.6898
      vertex 52.7 20.2351 12.1142
    endloop
  endfacet
  facet normal 1 -0 0
    outer loop
      vertex 52.7 19.2611 13.3836
      vertex 52.7 20.2351 12.1142
      vertex 52.7 19.6102 13.6898
    endloop
  endfacet
  facet normal 1 0 0
    outer loop
      vertex 52.7 20.2351 12.1142
      vertex 52.7 19.2611 13.3836
      vertex 52.7 19.675 11.74
    endloop
  endfacet
  facet normal 1 -0 0
    outer loop
      vertex 52.7 18.875 13.1256
      vertex 52.7 19.675 11.74
      vertex 52.7 19.2611 13.3836
    endloop
  endfacet
  facet normal 1 0 0
    outer loop
      vertex 52.7 19.675 11.74
      vertex 52.7 18.875 13.1256
      vertex 52.7 19.0708 11.442
    endloop
  endfacet
  facet normal 1 -0 0
    outer loop
      vertex 52.7 18.4585 12.9202
      vertex 52.7 19.0708 11.442
      vertex 52.7 18.875 13.1256
    endloop
  endfacet
  facet normal 1 0 0
    outer loop
      vertex 52.7 18.4585 12.9202
      vertex 52.7 18.4329 11.2255
      vertex 52.7 19.0708 11.442
    endloop
  endfacet
  facet normal 1 -0 0
    outer loop
      vertex 52.7 18.0188 12.771
      vertex 52.7 18.4329 11.2255
      vertex 52.7 18.4585 12.9202
    endloop
  endfacet
  facet normal 1 0 0
    outer loop
      vertex 52.7 18.0188 12.771
      vertex 52.7 17.7722 11.0941
      vertex 52.7 18.4329 11.2255
    endloop
  endfacet
  facet normal 1 -0 0
    outer loop
      vertex 52.7 17.5634 12.6804
      vertex 52.7 17.7722 11.0941
      vertex 52.7 18.0188 12.771
    endloop
  endfacet
  facet normal 1 -0 0
    outer loop
      vertex 52.7 17.1 12.65
      vertex 52.7 17.7722 11.0941
      vertex 52.7 17.5634 12.6804
    endloop
  endfacet
  facet normal 1 0 0
    outer loop
      vertex 52.7 17.1 12.65
      vertex 52.7 17.1 11.05
      vertex 52.7 17.7722 11.0941
    endloop
  endfacet
  facet normal 1 0 0
    outer loop
      vertex 52.7 16.6366 12.6804
      vertex 52.7 17.1 11.05
      vertex 52.7 17.1 12.65
    endloop
  endfacet
  facet normal 1 0 0
    outer loop
      vertex 52.7 16.6366 12.6804
      vertex 52.7 16.4278 11.0941
      vertex 52.7 17.1 11.05
    endloop
  endfacet
  facet normal 1 0 0
    outer loop
      vertex 52.7 16.1812 12.771
      vertex 52.7 16.4278 11.0941
      vertex 52.7 16.6366 12.6804
    endloop
  endfacet
  facet normal 1 0 0
    outer loop
      vertex 52.7 16.1812 12.771
      vertex 52.7 15.7671 11.2255
      vertex 52.7 16.4278 11.0941
    endloop
  endfacet
  facet normal 1 0 0
    outer loop
      vertex 52.7 15.7415 12.9202
      vertex 52.7 15.7671 11.2255
      vertex 52.7 16.1812 12.771
    endloop
  endfacet
  facet normal 1 0 0
    outer loop
      vertex 52.7 15.1292 11.442
      vertex 52.7 15.7415 12.9202
      vertex 52.7 15.325 13.1256
    endloop
  endfacet
  facet normal 1 0 0
    outer loop
      vertex 52.7 15.7415 12.9202
      vertex 52.7 15.1292 11.442
      vertex 52.7 15.7671 11.2255
    endloop
  endfacet
  facet normal 1 0 0
    outer loop
      vertex 52.7 14.525 11.74
      vertex 52.7 15.325 13.1256
      vertex 52.7 14.9389 13.3836
    endloop
  endfacet
  facet normal 1 0 0
    outer loop
      vertex 52.7 13.9649 12.1142
      vertex 52.7 14.9389 13.3836
      vertex 52.7 14.5898 13.6898
    endloop
  endfacet
  facet normal 1 0 0
    outer loop
      vertex 52.7 15.325 13.1256
      vertex 52.7 14.525 11.74
      vertex 52.7 15.1292 11.442
    endloop
  endfacet
  facet normal 1 0 0
    outer loop
      vertex 52.7 13.4584 12.5584
      vertex 52.7 14.5898 13.6898
      vertex 52.7 14.2836 14.0389
    endloop
  endfacet
  facet normal 1 0 0
    outer loop
      vertex 52.7 13.0142 13.0649
      vertex 52.7 14.2836 14.0389
      vertex 52.7 14.0256 14.425
    endloop
  endfacet
  facet normal 1 0 0
    outer loop
      vertex 52.7 14.9389 13.3836
      vertex 52.7 13.9649 12.1142
      vertex 52.7 14.525 11.74
    endloop
  endfacet
  facet normal 1 0 0
    outer loop
      vertex 52.7 12.64 13.625
      vertex 52.7 14.0256 14.425
      vertex 52.7 13.8202 14.8415
    endloop
  endfacet
  facet normal 1 0 0
    outer loop
      vertex 52.7 12.342 14.2292
      vertex 52.7 13.8202 14.8415
      vertex 52.7 13.671 15.2812
    endloop
  endfacet
  facet normal 1 0 0
    outer loop
      vertex 52.7 12.1255 14.8671
      vertex 52.7 13.671 15.2812
      vertex 52.7 13.5804 15.7366
    endloop
  endfacet
  facet normal 1 0 0
    outer loop
      vertex 52.7 14.5898 13.6898
      vertex 52.7 13.4584 12.5584
      vertex 52.7 13.9649 12.1142
    endloop
  endfacet
  facet normal 1 0 0
    outer loop
      vertex 52.7 11.9941 15.5278
      vertex 52.7 13.5804 15.7366
      vertex 52.7 13.55 16.2
    endloop
  endfacet
  facet normal 1 0 0
    outer loop
      vertex 52.7 13.8202 17.5585
      vertex 52.7 12.342 18.1708
      vertex 52.7 13.671 17.1188
    endloop
  endfacet
  facet normal 1 -0 0
    outer loop
      vertex 52.7 12.1255 17.5329
      vertex 52.7 13.671 17.1188
      vertex 52.7 12.342 18.1708
    endloop
  endfacet
  facet normal 1 0 0
    outer loop
      vertex 52.7 14.2836 14.0389
      vertex 52.7 13.0142 13.0649
      vertex 52.7 13.4584 12.5584
    endloop
  endfacet
  facet normal 1 0 0
    outer loop
      vertex 52.7 13.671 17.1188
      vertex 52.7 12.1255 17.5329
      vertex 52.7 13.5804 16.6634
    endloop
  endfacet
  facet normal 1 0 0
    outer loop
      vertex 52.7 14.0256 14.425
      vertex 52.7 12.64 13.625
      vertex 52.7 13.0142 13.0649
    endloop
  endfacet
  facet normal 1 -0 0
    outer loop
      vertex 52.7 11.9941 16.8722
      vertex 52.7 13.5804 16.6634
      vertex 52.7 12.1255 17.5329
    endloop
  endfacet
  facet normal 1 0 0
    outer loop
      vertex 52.7 13.8202 14.8415
      vertex 52.7 12.342 14.2292
      vertex 52.7 12.64 13.625
    endloop
  endfacet
  facet normal 1 0 0
    outer loop
      vertex 52.7 13.5804 16.6634
      vertex 52.7 11.9941 16.8722
      vertex 52.7 13.55 16.2
    endloop
  endfacet
  facet normal 1 0 0
    outer loop
      vertex 52.7 13.671 15.2812
      vertex 52.7 12.1255 14.8671
      vertex 52.7 12.342 14.2292
    endloop
  endfacet
  facet normal 1 0 0
    outer loop
      vertex 52.7 11.95 16.2
      vertex 52.7 13.55 16.2
      vertex 52.7 11.9941 16.8722
    endloop
  endfacet
  facet normal 1 0 0
    outer loop
      vertex 52.7 13.5804 15.7366
      vertex 52.7 11.9941 15.5278
      vertex 52.7 12.1255 14.8671
    endloop
  endfacet
  facet normal 1 0 0
    outer loop
      vertex 52.7 13.55 16.2
      vertex 52.7 11.95 16.2
      vertex 52.7 11.9941 15.5278
    endloop
  endfacet
  facet normal 0 -0.555522 0.831502
    outer loop
      vertex 46.7 14.525 20.66
      vertex 52.7 13.9649 20.2858
      vertex 52.7 14.525 20.66
    endloop
  endfacet
  facet normal 0 -0.555522 0.831502
    outer loop
      vertex 52.7 13.9649 20.2858
      vertex 46.7 14.525 20.66
      vertex 46.7 13.9649 20.2858
    endloop
  endfacet
  facet normal 0 0.896869 0.442297
    outer loop
      vertex 52.7 14.0256 14.425
      vertex 46.7 13.8202 14.8415
      vertex 52.7 13.8202 14.8415
    endloop
  endfacet
  facet normal 0 0.896869 0.442297
    outer loop
      vertex 46.7 13.8202 14.8415
      vertex 52.7 14.0256 14.425
      vertex 46.7 14.0256 14.425
    endloop
  endfacet
  facet normal 0 -0.831453 -0.555594
    outer loop
      vertex 46.7 20.1744 17.975
      vertex 52.7 19.9164 18.3611
      vertex 46.7 19.9164 18.3611
    endloop
  endfacet
  facet normal 0 -0.831453 -0.555594
    outer loop
      vertex 52.7 19.9164 18.3611
      vertex 46.7 20.1744 17.975
      vertex 52.7 20.1744 17.975
    endloop
  endfacet
  facet normal 0 -0.946968 -0.321327
    outer loop
      vertex 46.7 20.529 17.1188
      vertex 52.7 20.3798 17.5585
      vertex 46.7 20.3798 17.5585
    endloop
  endfacet
  facet normal 0 -0.946968 -0.321327
    outer loop
      vertex 52.7 20.3798 17.5585
      vertex 46.7 20.529 17.1188
      vertex 52.7 20.529 17.1188
    endloop
  endfacet
  facet normal 0 -0.946968 0.321327
    outer loop
      vertex 46.7 20.3798 14.8415
      vertex 52.7 20.529 15.2812
      vertex 46.7 20.529 15.2812
    endloop
  endfacet
  facet normal 0 -0.946968 0.321327
    outer loop
      vertex 52.7 20.529 15.2812
      vertex 46.7 20.3798 14.8415
      vertex 52.7 20.3798 14.8415
    endloop
  endfacet
  facet normal -0 0.321327 0.946968
    outer loop
      vertex 46.7 16.1812 12.771
      vertex 52.7 15.7415 12.9202
      vertex 52.7 16.1812 12.771
    endloop
  endfacet
  facet normal 0 0.321327 0.946968
    outer loop
      vertex 52.7 15.7415 12.9202
      vertex 46.7 16.1812 12.771
      vertex 46.7 15.7415 12.9202
    endloop
  endfacet
  facet normal 0 0.751789 -0.659404
    outer loop
      vertex 52.7 14.2836 18.3611
      vertex 46.7 14.5898 18.7102
      vertex 52.7 14.5898 18.7102
    endloop
  endfacet
  facet normal 0 0.751789 -0.659404
    outer loop
      vertex 46.7 14.5898 18.7102
      vertex 52.7 14.2836 18.3611
      vertex 46.7 14.2836 18.3611
    endloop
  endfacet
  facet normal 0 -0.555594 -0.831453
    outer loop
      vertex 46.7 18.875 19.2744
      vertex 52.7 19.2611 19.0164
      vertex 52.7 18.875 19.2744
    endloop
  endfacet
  facet normal -0 -0.555594 -0.831453
    outer loop
      vertex 52.7 19.2611 19.0164
      vertex 46.7 18.875 19.2744
      vertex 46.7 19.2611 19.0164
    endloop
  endfacet
  facet normal 0 -0.659404 0.751789
    outer loop
      vertex 46.7 19.6102 13.6898
      vertex 52.7 19.2611 13.3836
      vertex 52.7 19.6102 13.6898
    endloop
  endfacet
  facet normal 0 -0.659404 0.751789
    outer loop
      vertex 52.7 19.2611 13.3836
      vertex 46.7 19.6102 13.6898
      vertex 46.7 19.2611 13.3836
    endloop
  endfacet
  facet normal -0 0.555594 0.831453
    outer loop
      vertex 46.7 15.325 13.1256
      vertex 52.7 14.9389 13.3836
      vertex 52.7 15.325 13.1256
    endloop
  endfacet
  facet normal 0 0.555594 0.831453
    outer loop
      vertex 52.7 14.9389 13.3836
      vertex 46.7 15.325 13.1256
      vertex 46.7 14.9389 13.3836
    endloop
  endfacet
  facet normal 0 -0.0654614 0.997855
    outer loop
      vertex 46.7 17.5634 12.6804
      vertex 52.7 17.1 12.65
      vertex 52.7 17.5634 12.6804
    endloop
  endfacet
  facet normal 0 -0.0654614 0.997855
    outer loop
      vertex 52.7 17.1 12.65
      vertex 46.7 17.5634 12.6804
      vertex 46.7 17.1 12.65
    endloop
  endfacet
  facet normal 0 0.946968 -0.321327
    outer loop
      vertex 52.7 13.671 17.1188
      vertex 46.7 13.8202 17.5585
      vertex 52.7 13.8202 17.5585
    endloop
  endfacet
  facet normal 0 0.946968 -0.321327
    outer loop
      vertex 46.7 13.8202 17.5585
      vertex 52.7 13.671 17.1188
      vertex 46.7 13.671 17.1188
    endloop
  endfacet
  facet normal 0 0.980779 -0.195122
    outer loop
      vertex 52.7 13.5804 16.6634
      vertex 46.7 13.671 17.1188
      vertex 52.7 13.671 17.1188
    endloop
  endfacet
  facet normal 0 0.980779 -0.195122
    outer loop
      vertex 46.7 13.671 17.1188
      vertex 52.7 13.5804 16.6634
      vertex 46.7 13.5804 16.6634
    endloop
  endfacet
  facet normal -0 0.442297 0.896869
    outer loop
      vertex 46.7 15.7415 12.9202
      vertex 52.7 15.325 13.1256
      vertex 52.7 15.7415 12.9202
    endloop
  endfacet
  facet normal 0 0.442297 0.896869
    outer loop
      vertex 52.7 15.325 13.1256
      vertex 46.7 15.7415 12.9202
      vertex 46.7 15.325 13.1256
    endloop
  endfacet
  facet normal 0 0.997855 -0.0654614
    outer loop
      vertex 52.7 13.55 16.2
      vertex 46.7 13.5804 16.6634
      vertex 52.7 13.5804 16.6634
    endloop
  endfacet
  facet normal 0 0.997855 -0.0654614
    outer loop
      vertex 46.7 13.5804 16.6634
      vertex 52.7 13.55 16.2
      vertex 46.7 13.55 16.2
    endloop
  endfacet
  facet normal 0 -0.896869 -0.442297
    outer loop
      vertex 46.7 20.3798 17.5585
      vertex 52.7 20.1744 17.975
      vertex 46.7 20.1744 17.975
    endloop
  endfacet
  facet normal 0 -0.896869 -0.442297
    outer loop
      vertex 52.7 20.1744 17.975
      vertex 46.7 20.3798 17.5585
      vertex 52.7 20.3798 17.5585
    endloop
  endfacet
  facet normal 0 0.442297 -0.896869
    outer loop
      vertex 46.7 15.325 19.2744
      vertex 52.7 15.7415 19.4798
      vertex 52.7 15.325 19.2744
    endloop
  endfacet
  facet normal 0 0.442297 -0.896869
    outer loop
      vertex 52.7 15.7415 19.4798
      vertex 46.7 15.325 19.2744
      vertex 46.7 15.7415 19.4798
    endloop
  endfacet
  facet normal 0 -0.0654614 -0.997855
    outer loop
      vertex 46.7 17.1 19.75
      vertex 52.7 17.5634 19.7196
      vertex 52.7 17.1 19.75
    endloop
  endfacet
  facet normal -0 -0.0654614 -0.997855
    outer loop
      vertex 52.7 17.5634 19.7196
      vertex 46.7 17.1 19.75
      vertex 46.7 17.5634 19.7196
    endloop
  endfacet
  facet normal 0 -0.195122 0.980779
    outer loop
      vertex 46.7 18.0188 12.771
      vertex 52.7 17.5634 12.6804
      vertex 52.7 18.0188 12.771
    endloop
  endfacet
  facet normal 0 -0.195122 0.980779
    outer loop
      vertex 52.7 17.5634 12.6804
      vertex 46.7 18.0188 12.771
      vertex 46.7 17.5634 12.6804
    endloop
  endfacet
  facet normal 0 0.980779 0.195122
    outer loop
      vertex 52.7 13.671 15.2812
      vertex 46.7 13.5804 15.7366
      vertex 52.7 13.5804 15.7366
    endloop
  endfacet
  facet normal 0 0.980779 0.195122
    outer loop
      vertex 46.7 13.5804 15.7366
      vertex 52.7 13.671 15.2812
      vertex 46.7 13.671 15.2812
    endloop
  endfacet
  facet normal 0 -0.659404 -0.751789
    outer loop
      vertex 46.7 19.2611 19.0164
      vertex 52.7 19.6102 18.7102
      vertex 52.7 19.2611 19.0164
    endloop
  endfacet
  facet normal -0 -0.659404 -0.751789
    outer loop
      vertex 52.7 19.6102 18.7102
      vertex 46.7 19.2611 19.0164
      vertex 46.7 19.6102 18.7102
    endloop
  endfacet
  facet normal -0 0.195122 0.980779
    outer loop
      vertex 46.7 16.6366 12.6804
      vertex 52.7 16.1812 12.771
      vertex 52.7 16.6366 12.6804
    endloop
  endfacet
  facet normal 0 0.195122 0.980779
    outer loop
      vertex 52.7 16.1812 12.771
      vertex 46.7 16.6366 12.6804
      vertex 46.7 16.1812 12.771
    endloop
  endfacet
  facet normal 0 0.946968 0.321327
    outer loop
      vertex 52.7 13.8202 14.8415
      vertex 46.7 13.671 15.2812
      vertex 52.7 13.671 15.2812
    endloop
  endfacet
  facet normal 0 0.946968 0.321327
    outer loop
      vertex 46.7 13.671 15.2812
      vertex 52.7 13.8202 14.8415
      vertex 46.7 13.8202 14.8415
    endloop
  endfacet
  facet normal 0 -0.442297 0.896869
    outer loop
      vertex 46.7 18.875 13.1256
      vertex 52.7 18.4585 12.9202
      vertex 52.7 18.875 13.1256
    endloop
  endfacet
  facet normal 0 -0.442297 0.896869
    outer loop
      vertex 52.7 18.4585 12.9202
      vertex 46.7 18.875 13.1256
      vertex 46.7 18.4585 12.9202
    endloop
  endfacet
  facet normal 0 0.659404 -0.751789
    outer loop
      vertex 46.7 14.5898 18.7102
      vertex 52.7 14.9389 19.0164
      vertex 52.7 14.5898 18.7102
    endloop
  endfacet
  facet normal 0 0.659404 -0.751789
    outer loop
      vertex 52.7 14.9389 19.0164
      vertex 46.7 14.5898 18.7102
      vertex 46.7 14.9389 19.0164
    endloop
  endfacet
  facet normal 0 -0.997855 -0.0654614
    outer loop
      vertex 46.7 20.65 16.2
      vertex 52.7 20.6196 16.6634
      vertex 46.7 20.6196 16.6634
    endloop
  endfacet
  facet normal 0 -0.997855 -0.0654614
    outer loop
      vertex 52.7 20.6196 16.6634
      vertex 46.7 20.65 16.2
      vertex 52.7 20.65 16.2
    endloop
  endfacet
  facet normal 0 -0.555594 0.831453
    outer loop
      vertex 46.7 19.2611 13.3836
      vertex 52.7 18.875 13.1256
      vertex 52.7 19.2611 13.3836
    endloop
  endfacet
  facet normal 0 -0.555594 0.831453
    outer loop
      vertex 52.7 18.875 13.1256
      vertex 46.7 19.2611 13.3836
      vertex 46.7 18.875 13.1256
    endloop
  endfacet
  facet normal 0 -0.831453 0.555594
    outer loop
      vertex 46.7 19.9164 14.0389
      vertex 52.7 20.1744 14.425
      vertex 46.7 20.1744 14.425
    endloop
  endfacet
  facet normal 0 -0.831453 0.555594
    outer loop
      vertex 52.7 20.1744 14.425
      vertex 46.7 19.9164 14.0389
      vertex 52.7 19.9164 14.0389
    endloop
  endfacet
  facet normal 0 -0.980779 0.195122
    outer loop
      vertex 46.7 20.529 15.2812
      vertex 52.7 20.6196 15.7366
      vertex 46.7 20.6196 15.7366
    endloop
  endfacet
  facet normal 0 -0.980779 0.195122
    outer loop
      vertex 52.7 20.6196 15.7366
      vertex 46.7 20.529 15.2812
      vertex 52.7 20.529 15.2812
    endloop
  endfacet
  facet normal 0 -0.751789 0.659404
    outer loop
      vertex 46.7 19.6102 13.6898
      vertex 52.7 19.9164 14.0389
      vertex 46.7 19.9164 14.0389
    endloop
  endfacet
  facet normal 0 -0.751789 0.659404
    outer loop
      vertex 52.7 19.9164 14.0389
      vertex 46.7 19.6102 13.6898
      vertex 52.7 19.6102 13.6898
    endloop
  endfacet
  facet normal 0 -0.896869 0.442297
    outer loop
      vertex 46.7 20.1744 14.425
      vertex 52.7 20.3798 14.8415
      vertex 46.7 20.3798 14.8415
    endloop
  endfacet
  facet normal 0 -0.896869 0.442297
    outer loop
      vertex 52.7 20.3798 14.8415
      vertex 46.7 20.1744 14.425
      vertex 52.7 20.1744 14.425
    endloop
  endfacet
  facet normal 0 0.831453 0.555594
    outer loop
      vertex 52.7 14.2836 14.0389
      vertex 46.7 14.0256 14.425
      vertex 52.7 14.0256 14.425
    endloop
  endfacet
  facet normal 0 0.831453 0.555594
    outer loop
      vertex 46.7 14.0256 14.425
      vertex 52.7 14.2836 14.0389
      vertex 46.7 14.2836 14.0389
    endloop
  endfacet
  facet normal 0 -0.751789 -0.659404
    outer loop
      vertex 46.7 19.9164 18.3611
      vertex 52.7 19.6102 18.7102
      vertex 46.7 19.6102 18.7102
    endloop
  endfacet
  facet normal 0 -0.751789 -0.659404
    outer loop
      vertex 52.7 19.6102 18.7102
      vertex 46.7 19.9164 18.3611
      vertex 52.7 19.9164 18.3611
    endloop
  endfacet
  facet normal 0 0.0654614 -0.997855
    outer loop
      vertex 46.7 16.6366 19.7196
      vertex 52.7 17.1 19.75
      vertex 52.7 16.6366 19.7196
    endloop
  endfacet
  facet normal 0 0.0654614 -0.997855
    outer loop
      vertex 52.7 17.1 19.75
      vertex 46.7 16.6366 19.7196
      vertex 46.7 17.1 19.75
    endloop
  endfacet
  facet normal 0 -0.980779 -0.195122
    outer loop
      vertex 46.7 20.6196 16.6634
      vertex 52.7 20.529 17.1188
      vertex 46.7 20.529 17.1188
    endloop
  endfacet
  facet normal 0 -0.980779 -0.195122
    outer loop
      vertex 52.7 20.529 17.1188
      vertex 46.7 20.6196 16.6634
      vertex 52.7 20.6196 16.6634
    endloop
  endfacet
  facet normal -0 0.0654614 0.997855
    outer loop
      vertex 46.7 17.1 12.65
      vertex 52.7 16.6366 12.6804
      vertex 52.7 17.1 12.65
    endloop
  endfacet
  facet normal 0 0.0654614 0.997855
    outer loop
      vertex 52.7 16.6366 12.6804
      vertex 46.7 17.1 12.65
      vertex 46.7 16.6366 12.6804
    endloop
  endfacet
  facet normal 0 0.997855 0.0654614
    outer loop
      vertex 52.7 13.5804 15.7366
      vertex 46.7 13.55 16.2
      vertex 52.7 13.55 16.2
    endloop
  endfacet
  facet normal 0 0.997855 0.0654614
    outer loop
      vertex 46.7 13.55 16.2
      vertex 52.7 13.5804 15.7366
      vertex 46.7 13.5804 15.7366
    endloop
  endfacet
  facet normal 0 -0.321327 -0.946968
    outer loop
      vertex 46.7 18.0188 19.629
      vertex 52.7 18.4585 19.4798
      vertex 52.7 18.0188 19.629
    endloop
  endfacet
  facet normal -0 -0.321327 -0.946968
    outer loop
      vertex 52.7 18.4585 19.4798
      vertex 46.7 18.0188 19.629
      vertex 46.7 18.4585 19.4798
    endloop
  endfacet
  facet normal 0 -0.195122 -0.980779
    outer loop
      vertex 46.7 17.5634 19.7196
      vertex 52.7 18.0188 19.629
      vertex 52.7 17.5634 19.7196
    endloop
  endfacet
  facet normal -0 -0.195122 -0.980779
    outer loop
      vertex 52.7 18.0188 19.629
      vertex 46.7 17.5634 19.7196
      vertex 46.7 18.0188 19.629
    endloop
  endfacet
  facet normal 0 0.555594 -0.831453
    outer loop
      vertex 46.7 14.9389 19.0164
      vertex 52.7 15.325 19.2744
      vertex 52.7 14.9389 19.0164
    endloop
  endfacet
  facet normal 0 0.555594 -0.831453
    outer loop
      vertex 52.7 15.325 19.2744
      vertex 46.7 14.9389 19.0164
      vertex 46.7 15.325 19.2744
    endloop
  endfacet
  facet normal 0 0.195122 -0.980779
    outer loop
      vertex 46.7 16.1812 19.629
      vertex 52.7 16.6366 19.7196
      vertex 52.7 16.1812 19.629
    endloop
  endfacet
  facet normal 0 0.195122 -0.980779
    outer loop
      vertex 52.7 16.6366 19.7196
      vertex 46.7 16.1812 19.629
      vertex 46.7 16.6366 19.7196
    endloop
  endfacet
  facet normal 0 0.321327 -0.946968
    outer loop
      vertex 46.7 15.7415 19.4798
      vertex 52.7 16.1812 19.629
      vertex 52.7 15.7415 19.4798
    endloop
  endfacet
  facet normal 0 0.321327 -0.946968
    outer loop
      vertex 52.7 16.1812 19.629
      vertex 46.7 15.7415 19.4798
      vertex 46.7 16.1812 19.629
    endloop
  endfacet
  facet normal 0 -0.321327 0.946968
    outer loop
      vertex 46.7 18.4585 12.9202
      vertex 52.7 18.0188 12.771
      vertex 52.7 18.4585 12.9202
    endloop
  endfacet
  facet normal 0 -0.321327 0.946968
    outer loop
      vertex 52.7 18.0188 12.771
      vertex 46.7 18.4585 12.9202
      vertex 46.7 18.0188 12.771
    endloop
  endfacet
  facet normal 0 0.831453 -0.555594
    outer loop
      vertex 52.7 14.0256 17.975
      vertex 46.7 14.2836 18.3611
      vertex 52.7 14.2836 18.3611
    endloop
  endfacet
  facet normal 0 0.831453 -0.555594
    outer loop
      vertex 46.7 14.2836 18.3611
      vertex 52.7 14.0256 17.975
      vertex 46.7 14.0256 17.975
    endloop
  endfacet
  facet normal -0 0.659404 0.751789
    outer loop
      vertex 46.7 14.9389 13.3836
      vertex 52.7 14.5898 13.6898
      vertex 52.7 14.9389 13.3836
    endloop
  endfacet
  facet normal 0 0.659404 0.751789
    outer loop
      vertex 52.7 14.5898 13.6898
      vertex 46.7 14.9389 13.3836
      vertex 46.7 14.5898 13.6898
    endloop
  endfacet
  facet normal 0 -0.442297 -0.896869
    outer loop
      vertex 46.7 18.4585 19.4798
      vertex 52.7 18.875 19.2744
      vertex 52.7 18.4585 19.4798
    endloop
  endfacet
  facet normal -0 -0.442297 -0.896869
    outer loop
      vertex 52.7 18.875 19.2744
      vertex 46.7 18.4585 19.4798
      vertex 46.7 18.875 19.2744
    endloop
  endfacet
  facet normal 0 -0.997855 0.0654614
    outer loop
      vertex 46.7 20.6196 15.7366
      vertex 52.7 20.65 16.2
      vertex 46.7 20.65 16.2
    endloop
  endfacet
  facet normal 0 -0.997855 0.0654614
    outer loop
      vertex 52.7 20.65 16.2
      vertex 46.7 20.6196 15.7366
      vertex 52.7 20.6196 15.7366
    endloop
  endfacet
  facet normal 0 0.896869 -0.442297
    outer loop
      vertex 52.7 13.8202 17.5585
      vertex 46.7 14.0256 17.975
      vertex 52.7 14.0256 17.975
    endloop
  endfacet
  facet normal 0 0.896869 -0.442297
    outer loop
      vertex 46.7 14.0256 17.975
      vertex 52.7 13.8202 17.5585
      vertex 46.7 13.8202 17.5585
    endloop
  endfacet
  facet normal 0 0.751789 0.659404
    outer loop
      vertex 52.7 14.5898 13.6898
      vertex 46.7 14.2836 14.0389
      vertex 52.7 14.2836 14.0389
    endloop
  endfacet
  facet normal 0 0.751789 0.659404
    outer loop
      vertex 46.7 14.2836 14.0389
      vertex 52.7 14.5898 13.6898
      vertex 46.7 14.5898 13.6898
    endloop
  endfacet
  facet normal 0.454022 0 0.890991
    outer loop
      vertex 39.7927 1.6 25.4853
      vertex 39.8763 0.599999 25.4427
      vertex 39.8763 1.6 25.4427
    endloop
  endfacet
  facet normal 0.454022 0 0.890991
    outer loop
      vertex 39.8763 0.599999 25.4427
      vertex 39.7927 1.6 25.4853
      vertex 39.7927 0.599999 25.4853
    endloop
  endfacet
  facet normal 0.707107 -0 0.707107
    outer loop
      vertex 39.8763 0.599999 25.4427
      vertex 39.9427 1.6 25.3763
      vertex 39.8763 1.6 25.4427
    endloop
  endfacet
  facet normal 0.707107 0 0.707107
    outer loop
      vertex 39.9427 1.6 25.3763
      vertex 39.8763 0.599999 25.4427
      vertex 39.9427 0.599999 25.3763
    endloop
  endfacet
  facet normal -0.156619 0 0.987659
    outer loop
      vertex 39.6073 1.6 25.4853
      vertex 39.7 0.599999 25.5
      vertex 39.7 1.6 25.5
    endloop
  endfacet
  facet normal -0.156619 0 0.987659
    outer loop
      vertex 39.7 0.599999 25.5
      vertex 39.6073 1.6 25.4853
      vertex 39.6073 0.599999 25.4853
    endloop
  endfacet
  facet normal 0.987659 -0 0.156619
    outer loop
      vertex 39.9853 0.599999 25.2927
      vertex 40 1.6 25.2
      vertex 39.9853 1.6 25.2927
    endloop
  endfacet
  facet normal 0.987659 0 0.156619
    outer loop
      vertex 40 1.6 25.2
      vertex 39.9853 0.599999 25.2927
      vertex 40 0.599999 25.2
    endloop
  endfacet
  facet normal 0.890991 -0 0.454022
    outer loop
      vertex 39.9427 0.599999 25.3763
      vertex 39.9853 1.6 25.2927
      vertex 39.9427 1.6 25.3763
    endloop
  endfacet
  facet normal 0.890991 0 0.454022
    outer loop
      vertex 39.9853 1.6 25.2927
      vertex 39.9427 0.599999 25.3763
      vertex 39.9853 0.599999 25.2927
    endloop
  endfacet
  facet normal 0.156619 0 0.987659
    outer loop
      vertex 39.7 1.6 25.5
      vertex 39.7927 0.599999 25.4853
      vertex 39.7927 1.6 25.4853
    endloop
  endfacet
  facet normal 0.156619 0 0.987659
    outer loop
      vertex 39.7927 0.599999 25.4853
      vertex 39.7 1.6 25.5
      vertex 39.7 0.599999 25.5
    endloop
  endfacet
  facet normal -0.987659 0 0.156619
    outer loop
      vertex 39.4 0.599999 25.2
      vertex 39.4147 1.6 25.2927
      vertex 39.4 1.6 25.2
    endloop
  endfacet
  facet normal -0.987659 0 0.156619
    outer loop
      vertex 39.4147 1.6 25.2927
      vertex 39.4 0.599999 25.2
      vertex 39.4147 0.599999 25.2927
    endloop
  endfacet
  facet normal 0 1 0
    outer loop
      vertex 39.6073 0.599999 25.4853
      vertex 46.6153 0.599999 28.4
      vertex 39.7 0.599999 25.5
    endloop
  endfacet
  facet normal 0 1 0
    outer loop
      vertex 46.6153 0.599999 28.4
      vertex 39.7927 0.599999 25.4853
      vertex 39.7 0.599999 25.5
    endloop
  endfacet
  facet normal 0 1 0
    outer loop
      vertex 46.6153 0.599999 28.4
      vertex 39.8763 0.599999 25.4427
      vertex 39.7927 0.599999 25.4853
    endloop
  endfacet
  facet normal 0 1 0
    outer loop
      vertex 46.6153 0.599999 28.4
      vertex 39.9427 0.599999 25.3763
      vertex 39.8763 0.599999 25.4427
    endloop
  endfacet
  facet normal 0 1 0
    outer loop
      vertex 46.6153 0.599999 28.4
      vertex 39.9853 0.599999 25.2927
      vertex 39.9427 0.599999 25.3763
    endloop
  endfacet
  facet normal 0 1 -0
    outer loop
      vertex 46.6153 0.599999 25.2
      vertex 39.9853 0.599999 25.2927
      vertex 46.6153 0.599999 28.4
    endloop
  endfacet
  facet normal 0 1 0
    outer loop
      vertex 39.9853 0.599999 25.2927
      vertex 46.6153 0.599999 25.2
      vertex 40 0.599999 25.2
    endloop
  endfacet
  facet normal 0 1 0
    outer loop
      vertex 46.6153 0.599999 28.4
      vertex 39.6073 0.599999 25.4853
      vertex 1.6 0.599999 28.4
    endloop
  endfacet
  facet normal 0 1 -0
    outer loop
      vertex 39.5237 0.599999 25.4427
      vertex 1.6 0.599999 28.4
      vertex 39.6073 0.599999 25.4853
    endloop
  endfacet
  facet normal 0 1 -0
    outer loop
      vertex 39.4573 0.599999 25.3763
      vertex 1.6 0.599999 28.4
      vertex 39.5237 0.599999 25.4427
    endloop
  endfacet
  facet normal 0 1 -0
    outer loop
      vertex 39.4147 0.599999 25.2927
      vertex 1.6 0.599999 28.4
      vertex 39.4573 0.599999 25.3763
    endloop
  endfacet
  facet normal 0 1 -0
    outer loop
      vertex 39.4 0.599999 25.2
      vertex 1.6 0.599999 28.4
      vertex 39.4147 0.599999 25.2927
    endloop
  endfacet
  facet normal 0 1 0
    outer loop
      vertex 1.6 0.599999 28.4
      vertex 39.4 0.599999 25.2
      vertex 1.6 0.599999 25.2
    endloop
  endfacet
  facet normal -0.890991 0 0.454022
    outer loop
      vertex 39.4147 0.599999 25.2927
      vertex 39.4573 1.6 25.3763
      vertex 39.4147 1.6 25.2927
    endloop
  endfacet
  facet normal -0.890991 0 0.454022
    outer loop
      vertex 39.4573 1.6 25.3763
      vertex 39.4147 0.599999 25.2927
      vertex 39.4573 0.599999 25.3763
    endloop
  endfacet
  facet normal -0.454022 0 0.890991
    outer loop
      vertex 39.5237 1.6 25.4427
      vertex 39.6073 0.599999 25.4853
      vertex 39.6073 1.6 25.4853
    endloop
  endfacet
  facet normal -0.454022 0 0.890991
    outer loop
      vertex 39.6073 0.599999 25.4853
      vertex 39.5237 1.6 25.4427
      vertex 39.5237 0.599999 25.4427
    endloop
  endfacet
  facet normal -0.707107 0 0.707107
    outer loop
      vertex 39.4573 0.599999 25.3763
      vertex 39.5237 1.6 25.4427
      vertex 39.4573 1.6 25.3763
    endloop
  endfacet
  facet normal -0.707107 0 0.707107
    outer loop
      vertex 39.5237 1.6 25.4427
      vertex 39.4573 0.599999 25.3763
      vertex 39.5237 0.599999 25.4427
    endloop
  endfacet
  facet normal 0 1 0
    outer loop
      vertex 39.7927 1.6 25.4853
      vertex 39.6073 1.6 25.4853
      vertex 39.7 1.6 25.5
    endloop
  endfacet
  facet normal 0 1 0
    outer loop
      vertex 39.8763 1.6 25.4427
      vertex 39.6073 1.6 25.4853
      vertex 39.7927 1.6 25.4853
    endloop
  endfacet
  facet normal 0 1 0
    outer loop
      vertex 39.8763 1.6 25.4427
      vertex 39.5237 1.6 25.4427
      vertex 39.6073 1.6 25.4853
    endloop
  endfacet
  facet normal 0 1 0
    outer loop
      vertex 39.9427 1.6 25.3763
      vertex 39.5237 1.6 25.4427
      vertex 39.8763 1.6 25.4427
    endloop
  endfacet
  facet normal 0 1 0
    outer loop
      vertex 39.9427 1.6 25.3763
      vertex 39.4573 1.6 25.3763
      vertex 39.5237 1.6 25.4427
    endloop
  endfacet
  facet normal 0 1 0
    outer loop
      vertex 39.9853 1.6 25.2927
      vertex 39.4573 1.6 25.3763
      vertex 39.9427 1.6 25.3763
    endloop
  endfacet
  facet normal 0 1 0
    outer loop
      vertex 39.9853 1.6 25.2927
      vertex 39.4147 1.6 25.2927
      vertex 39.4573 1.6 25.3763
    endloop
  endfacet
  facet normal 0 1 0
    outer loop
      vertex 40 1.6 25.2
      vertex 39.4147 1.6 25.2927
      vertex 39.9853 1.6 25.2927
    endloop
  endfacet
  facet normal 0 1 0
    outer loop
      vertex 40 1.6 25.2
      vertex 39.4 1.6 25.2
      vertex 39.4147 1.6 25.2927
    endloop
  endfacet
  facet normal 0 1 -0
    outer loop
      vertex 39.9853 1.6 25.1073
      vertex 39.4 1.6 25.2
      vertex 40 1.6 25.2
    endloop
  endfacet
  facet normal 0 1 0
    outer loop
      vertex 39.9853 1.6 25.1073
      vertex 39.4147 1.6 25.1073
      vertex 39.4 1.6 25.2
    endloop
  endfacet
  facet normal 0 1 -0
    outer loop
      vertex 39.9427 1.6 25.0237
      vertex 39.4147 1.6 25.1073
      vertex 39.9853 1.6 25.1073
    endloop
  endfacet
  facet normal 0 1 0
    outer loop
      vertex 39.9427 1.6 25.0237
      vertex 39.4573 1.6 25.0237
      vertex 39.4147 1.6 25.1073
    endloop
  endfacet
  facet normal 0 1 -0
    outer loop
      vertex 39.8763 1.6 24.9573
      vertex 39.4573 1.6 25.0237
      vertex 39.9427 1.6 25.0237
    endloop
  endfacet
  facet normal 0 1 0
    outer loop
      vertex 39.8763 1.6 24.9573
      vertex 39.5237 1.6 24.9573
      vertex 39.4573 1.6 25.0237
    endloop
  endfacet
  facet normal 0 1 -0
    outer loop
      vertex 39.7927 1.6 24.9147
      vertex 39.5237 1.6 24.9573
      vertex 39.8763 1.6 24.9573
    endloop
  endfacet
  facet normal 0 1 0
    outer loop
      vertex 39.7927 1.6 24.9147
      vertex 39.6073 1.6 24.9147
      vertex 39.5237 1.6 24.9573
    endloop
  endfacet
  facet normal -0 1 0
    outer loop
      vertex 39.6073 1.6 24.9147
      vertex 39.7927 1.6 24.9147
      vertex 39.7 1.6 24.9
    endloop
  endfacet
  facet normal 0 1 0
    outer loop
      vertex 45.1 1.6 25.2
      vertex 39.9853 1.6 25.1073
      vertex 40 1.6 25.2
    endloop
  endfacet
  facet normal 0 1 0
    outer loop
      vertex 45.1 1.6 25.2
      vertex 39.9427 1.6 25.0237
      vertex 39.9853 1.6 25.1073
    endloop
  endfacet
  facet normal 0 1 0
    outer loop
      vertex 45.1 1.6 25.2
      vertex 39.8763 1.6 24.9573
      vertex 39.9427 1.6 25.0237
    endloop
  endfacet
  facet normal 0 1 0
    outer loop
      vertex 45.1 1.6 25.2
      vertex 39.7927 1.6 24.9147
      vertex 39.8763 1.6 24.9573
    endloop
  endfacet
  facet normal 0 1 -0
    outer loop
      vertex 45.1 1.6 7.2
      vertex 39.7927 1.6 24.9147
      vertex 45.1 1.6 25.2
    endloop
  endfacet
  facet normal 0 1 0
    outer loop
      vertex 39.7927 1.6 24.9147
      vertex 45.1 1.6 7.2
      vertex 39.7 1.6 24.9
    endloop
  endfacet
  facet normal 0 1 0
    outer loop
      vertex 39.4147 1.6 25.1073
      vertex 1.6 1.6 25.2
      vertex 39.4 1.6 25.2
    endloop
  endfacet
  facet normal 0 1 0
    outer loop
      vertex 1.6 1.6 7.2
      vertex 39.4147 1.6 25.1073
      vertex 39.4573 1.6 25.0237
    endloop
  endfacet
  facet normal 0 1 0
    outer loop
      vertex 45.1 1.6 7.2
      vertex 39.4573 1.6 25.0237
      vertex 39.5237 1.6 24.9573
    endloop
  endfacet
  facet normal 0 1 0
    outer loop
      vertex 45.1 1.6 7.2
      vertex 39.5237 1.6 24.9573
      vertex 39.6073 1.6 24.9147
    endloop
  endfacet
  facet normal 0 1 0
    outer loop
      vertex 45.1 1.6 7.2
      vertex 39.6073 1.6 24.9147
      vertex 39.7 1.6 24.9
    endloop
  endfacet
  facet normal 0 1 0
    outer loop
      vertex 39.4573 1.6 25.0237
      vertex 45.1 1.6 7.2
      vertex 1.6 1.6 7.2
    endloop
  endfacet
  facet normal 0 1 0
    outer loop
      vertex 39.4147 1.6 25.1073
      vertex 1.6 1.6 7.2
      vertex 1.6 1.6 25.2
    endloop
  endfacet
  facet normal 0 1 -0
    outer loop
      vertex 45.1 1.6 28.4
      vertex 1.6 1.6 29.4
      vertex 45.1 1.6 29.4
    endloop
  endfacet
  facet normal 0 1 0
    outer loop
      vertex 1.6 1.6 29.4
      vertex 45.1 1.6 28.4
      vertex 1.6 1.6 28.4
    endloop
  endfacet
  facet normal 0.454022 0 0.890991
    outer loop
      vertex 39.7927 33.6 25.4853
      vertex 39.8763 32.6 25.4427
      vertex 39.8763 33.6 25.4427
    endloop
  endfacet
  facet normal 0.454022 0 0.890991
    outer loop
      vertex 39.8763 32.6 25.4427
      vertex 39.7927 33.6 25.4853
      vertex 39.7927 32.6 25.4853
    endloop
  endfacet
  facet normal 0.707107 -0 0.707107
    outer loop
      vertex 39.8763 32.6 25.4427
      vertex 39.9427 33.6 25.3763
      vertex 39.8763 33.6 25.4427
    endloop
  endfacet
  facet normal 0.707107 0 0.707107
    outer loop
      vertex 39.9427 33.6 25.3763
      vertex 39.8763 32.6 25.4427
      vertex 39.9427 32.6 25.3763
    endloop
  endfacet
  facet normal -0.156619 0 0.987659
    outer loop
      vertex 39.6073 33.6 25.4853
      vertex 39.7 32.6 25.5
      vertex 39.7 33.6 25.5
    endloop
  endfacet
  facet normal -0.156619 0 0.987659
    outer loop
      vertex 39.7 32.6 25.5
      vertex 39.6073 33.6 25.4853
      vertex 39.6073 32.6 25.4853
    endloop
  endfacet
  facet normal 0.987659 -0 0.156619
    outer loop
      vertex 39.9853 32.6 25.2927
      vertex 40 33.6 25.2
      vertex 39.9853 33.6 25.2927
    endloop
  endfacet
  facet normal 0.987659 0 0.156619
    outer loop
      vertex 40 33.6 25.2
      vertex 39.9853 32.6 25.2927
      vertex 40 32.6 25.2
    endloop
  endfacet
  facet normal 0.890991 -0 0.454022
    outer loop
      vertex 39.9427 32.6 25.3763
      vertex 39.9853 33.6 25.2927
      vertex 39.9427 33.6 25.3763
    endloop
  endfacet
  facet normal 0.890991 0 0.454022
    outer loop
      vertex 39.9853 33.6 25.2927
      vertex 39.9427 32.6 25.3763
      vertex 39.9853 32.6 25.2927
    endloop
  endfacet
  facet normal 0.156619 0 0.987659
    outer loop
      vertex 39.7 33.6 25.5
      vertex 39.7927 32.6 25.4853
      vertex 39.7927 33.6 25.4853
    endloop
  endfacet
  facet normal 0.156619 0 0.987659
    outer loop
      vertex 39.7927 32.6 25.4853
      vertex 39.7 33.6 25.5
      vertex 39.7 32.6 25.5
    endloop
  endfacet
  facet normal -0.987659 0 0.156619
    outer loop
      vertex 39.4 32.6 25.2
      vertex 39.4147 33.6 25.2927
      vertex 39.4 33.6 25.2
    endloop
  endfacet
  facet normal -0.987659 0 0.156619
    outer loop
      vertex 39.4147 33.6 25.2927
      vertex 39.4 32.6 25.2
      vertex 39.4147 32.6 25.2927
    endloop
  endfacet
  facet normal 0 -1 0
    outer loop
      vertex 1.6 32.6 25.2
      vertex 39.4147 32.6 25.1073
      vertex 39.4 32.6 25.2
    endloop
  endfacet
  facet normal 0 -1 0
    outer loop
      vertex 1.6 32.6 7.2
      vertex 39.4147 32.6 25.1073
      vertex 1.6 32.6 25.2
    endloop
  endfacet
  facet normal 0 -1 -0
    outer loop
      vertex 39.4147 32.6 25.1073
      vertex 1.6 32.6 7.2
      vertex 39.4573 32.6 25.0237
    endloop
  endfacet
  facet normal 0 -1 0
    outer loop
      vertex 45.1 32.6 7.2
      vertex 39.4573 32.6 25.0237
      vertex 1.6 32.6 7.2
    endloop
  endfacet
  facet normal 0 -1 0
    outer loop
      vertex 39.4573 32.6 25.0237
      vertex 45.1 32.6 7.2
      vertex 39.5237 32.6 24.9573
    endloop
  endfacet
  facet normal 0 -1 0
    outer loop
      vertex 39.5237 32.6 24.9573
      vertex 45.1 32.6 7.2
      vertex 39.6073 32.6 24.9147
    endloop
  endfacet
  facet normal 0 -1 0
    outer loop
      vertex 39.9853 32.6 25.1073
      vertex 45.1 32.6 25.2
      vertex 40 32.6 25.2
    endloop
  endfacet
  facet normal 0 -1 0
    outer loop
      vertex 39.9427 32.6 25.0237
      vertex 45.1 32.6 25.2
      vertex 39.9853 32.6 25.1073
    endloop
  endfacet
  facet normal 0 -1 0
    outer loop
      vertex 39.8763 32.6 24.9573
      vertex 45.1 32.6 25.2
      vertex 39.9427 32.6 25.0237
    endloop
  endfacet
  facet normal 0 -1 0
    outer loop
      vertex 39.7927 32.6 24.9147
      vertex 45.1 32.6 25.2
      vertex 39.8763 32.6 24.9573
    endloop
  endfacet
  facet normal 0 -1 0
    outer loop
      vertex 45.1 32.6 7.2
      vertex 39.7927 32.6 24.9147
      vertex 39.7 32.6 24.9
    endloop
  endfacet
  facet normal 0 -1 0
    outer loop
      vertex 39.6073 32.6 24.9147
      vertex 45.1 32.6 7.2
      vertex 39.7 32.6 24.9
    endloop
  endfacet
  facet normal 0 -1 0
    outer loop
      vertex 39.7927 32.6 24.9147
      vertex 45.1 32.6 7.2
      vertex 45.1 32.6 25.2
    endloop
  endfacet
  facet normal 0 -1 0
    outer loop
      vertex 39.6073 32.6 25.4853
      vertex 39.7927 32.6 25.4853
      vertex 39.7 32.6 25.5
    endloop
  endfacet
  facet normal 0 -1 0
    outer loop
      vertex 39.5237 32.6 25.4427
      vertex 39.7927 32.6 25.4853
      vertex 39.6073 32.6 25.4853
    endloop
  endfacet
  facet normal 0 -1 0
    outer loop
      vertex 39.5237 32.6 25.4427
      vertex 39.8763 32.6 25.4427
      vertex 39.7927 32.6 25.4853
    endloop
  endfacet
  facet normal 0 -1 0
    outer loop
      vertex 39.4573 32.6 25.3763
      vertex 39.8763 32.6 25.4427
      vertex 39.5237 32.6 25.4427
    endloop
  endfacet
  facet normal 0 -1 0
    outer loop
      vertex 39.4573 32.6 25.3763
      vertex 39.9427 32.6 25.3763
      vertex 39.8763 32.6 25.4427
    endloop
  endfacet
  facet normal 0 -1 0
    outer loop
      vertex 39.4147 32.6 25.2927
      vertex 39.9427 32.6 25.3763
      vertex 39.4573 32.6 25.3763
    endloop
  endfacet
  facet normal 0 -1 0
    outer loop
      vertex 39.4147 32.6 25.2927
      vertex 39.9853 32.6 25.2927
      vertex 39.9427 32.6 25.3763
    endloop
  endfacet
  facet normal 0 -1 0
    outer loop
      vertex 39.4 32.6 25.2
      vertex 39.9853 32.6 25.2927
      vertex 39.4147 32.6 25.2927
    endloop
  endfacet
  facet normal 0 -1 0
    outer loop
      vertex 39.4 32.6 25.2
      vertex 40 32.6 25.2
      vertex 39.9853 32.6 25.2927
    endloop
  endfacet
  facet normal 0 -1 0
    outer loop
      vertex 39.4147 32.6 25.1073
      vertex 40 32.6 25.2
      vertex 39.4 32.6 25.2
    endloop
  endfacet
  facet normal 0 -1 0
    outer loop
      vertex 39.4147 32.6 25.1073
      vertex 39.9853 32.6 25.1073
      vertex 40 32.6 25.2
    endloop
  endfacet
  facet normal 0 -1 0
    outer loop
      vertex 39.4573 32.6 25.0237
      vertex 39.9853 32.6 25.1073
      vertex 39.4147 32.6 25.1073
    endloop
  endfacet
  facet normal 0 -1 0
    outer loop
      vertex 39.4573 32.6 25.0237
      vertex 39.9427 32.6 25.0237
      vertex 39.9853 32.6 25.1073
    endloop
  endfacet
  facet normal 0 -1 0
    outer loop
      vertex 39.5237 32.6 24.9573
      vertex 39.9427 32.6 25.0237
      vertex 39.4573 32.6 25.0237
    endloop
  endfacet
  facet normal 0 -1 0
    outer loop
      vertex 39.5237 32.6 24.9573
      vertex 39.8763 32.6 24.9573
      vertex 39.9427 32.6 25.0237
    endloop
  endfacet
  facet normal 0 -1 0
    outer loop
      vertex 39.6073 32.6 24.9147
      vertex 39.8763 32.6 24.9573
      vertex 39.5237 32.6 24.9573
    endloop
  endfacet
  facet normal 0 -1 0
    outer loop
      vertex 39.6073 32.6 24.9147
      vertex 39.7927 32.6 24.9147
      vertex 39.8763 32.6 24.9573
    endloop
  endfacet
  facet normal -0 -1 0
    outer loop
      vertex 39.7927 32.6 24.9147
      vertex 39.6073 32.6 24.9147
      vertex 39.7 32.6 24.9
    endloop
  endfacet
  facet normal 0 -1 0
    outer loop
      vertex 1.6 32.6 28.4
      vertex 45.1 32.6 29.4
      vertex 1.6 32.6 29.4
    endloop
  endfacet
  facet normal 0 -1 -0
    outer loop
      vertex 45.1 32.6 29.4
      vertex 1.6 32.6 28.4
      vertex 45.1 32.6 28.4
    endloop
  endfacet
  facet normal -0.890991 0 0.454022
    outer loop
      vertex 39.4147 32.6 25.2927
      vertex 39.4573 33.6 25.3763
      vertex 39.4147 33.6 25.2927
    endloop
  endfacet
  facet normal -0.890991 0 0.454022
    outer loop
      vertex 39.4573 33.6 25.3763
      vertex 39.4147 32.6 25.2927
      vertex 39.4573 32.6 25.3763
    endloop
  endfacet
  facet normal -0.454022 0 0.890991
    outer loop
      vertex 39.5237 33.6 25.4427
      vertex 39.6073 32.6 25.4853
      vertex 39.6073 33.6 25.4853
    endloop
  endfacet
  facet normal -0.454022 0 0.890991
    outer loop
      vertex 39.6073 32.6 25.4853
      vertex 39.5237 33.6 25.4427
      vertex 39.5237 32.6 25.4427
    endloop
  endfacet
  facet normal -0.707107 0 0.707107
    outer loop
      vertex 39.4573 32.6 25.3763
      vertex 39.5237 33.6 25.4427
      vertex 39.4573 33.6 25.3763
    endloop
  endfacet
  facet normal -0.707107 0 0.707107
    outer loop
      vertex 39.5237 33.6 25.4427
      vertex 39.4573 32.6 25.3763
      vertex 39.5237 32.6 25.4427
    endloop
  endfacet
  facet normal 0 -1 0
    outer loop
      vertex 39.6073 33.6 25.4853
      vertex 46.6153 33.6 28.4
      vertex 1.6 33.6 28.4
    endloop
  endfacet
  facet normal 0 -1 0
    outer loop
      vertex 46.6153 33.6 28.4
      vertex 39.6073 33.6 25.4853
      vertex 39.7 33.6 25.5
    endloop
  endfacet
  facet normal 0 -1 0
    outer loop
      vertex 1.6 33.6 28.4
      vertex 39.5237 33.6 25.4427
      vertex 39.6073 33.6 25.4853
    endloop
  endfacet
  facet normal 0 -1 0
    outer loop
      vertex 1.6 33.6 28.4
      vertex 39.4573 33.6 25.3763
      vertex 39.5237 33.6 25.4427
    endloop
  endfacet
  facet normal 0 -1 0
    outer loop
      vertex 1.6 33.6 28.4
      vertex 39.4147 33.6 25.2927
      vertex 39.4573 33.6 25.3763
    endloop
  endfacet
  facet normal 0 -1 0
    outer loop
      vertex 39.4 33.6 25.2
      vertex 1.6 33.6 28.4
      vertex 1.6 33.6 25.2
    endloop
  endfacet
  facet normal 0 -1 0
    outer loop
      vertex 1.6 33.6 28.4
      vertex 39.4 33.6 25.2
      vertex 39.4147 33.6 25.2927
    endloop
  endfacet
  facet normal 0 -1 0
    outer loop
      vertex 39.7927 33.6 25.4853
      vertex 46.6153 33.6 28.4
      vertex 39.7 33.6 25.5
    endloop
  endfacet
  facet normal 0 -1 0
    outer loop
      vertex 39.8763 33.6 25.4427
      vertex 46.6153 33.6 28.4
      vertex 39.7927 33.6 25.4853
    endloop
  endfacet
  facet normal 0 -1 0
    outer loop
      vertex 39.9427 33.6 25.3763
      vertex 46.6153 33.6 28.4
      vertex 39.8763 33.6 25.4427
    endloop
  endfacet
  facet normal 0 -1 0
    outer loop
      vertex 39.9853 33.6 25.2927
      vertex 46.6153 33.6 28.4
      vertex 39.9427 33.6 25.3763
    endloop
  endfacet
  facet normal 0 -1 0
    outer loop
      vertex 46.6153 33.6 25.2
      vertex 39.9853 33.6 25.2927
      vertex 40 33.6 25.2
    endloop
  endfacet
  facet normal 0 -1 0
    outer loop
      vertex 39.9853 33.6 25.2927
      vertex 46.6153 33.6 25.2
      vertex 46.6153 33.6 28.4
    endloop
  endfacet
  facet normal 0.321404 -0.946942 0
    outer loop
      vertex 45.9588 0.0340729 5.6
      vertex 46.0827 0.0761261 29.4
      vertex 45.9588 0.0340729 29.4
    endloop
  endfacet
  facet normal 0.321404 -0.946942 0
    outer loop
      vertex 46.0827 0.0761261 29.4
      vertex 45.9588 0.0340729 5.6
      vertex 46.0827 0.0761261 5.6
    endloop
  endfacet
  facet normal 0 -1 0
    outer loop
      vertex 1 0 5.6
      vertex 45.7 0 29.4
      vertex 1 0 29.4
    endloop
  endfacet
  facet normal 0 -1 -0
    outer loop
      vertex 45.7 0 29.4
      vertex 1 0 5.6
      vertex 45.7 0 5.6
    endloop
  endfacet
  facet normal 0.195033 -0.980797 0
    outer loop
      vertex 45.8305 0.00856018 5.6
      vertex 45.9588 0.0340729 29.4
      vertex 45.8305 0.00856018 29.4
    endloop
  endfacet
  facet normal 0.195033 -0.980797 0
    outer loop
      vertex 45.9588 0.0340729 29.4
      vertex 45.8305 0.00856018 5.6
      vertex 45.9588 0.0340729 5.6
    endloop
  endfacet
  facet normal -0.896888 -0.442258 0
    outer loop
      vertex 0.133972 0.5 5.6
      vertex 0.0761261 0.61731 29.4
      vertex 0.0761261 0.61731 5.6
    endloop
  endfacet
  facet normal -0.896888 -0.442258 0
    outer loop
      vertex 0.0761261 0.61731 29.4
      vertex 0.133972 0.5 5.6
      vertex 0.133972 0.5 29.4
    endloop
  endfacet
  facet normal 0.0654546 -0.997856 0
    outer loop
      vertex 45.7 0 5.6
      vertex 45.8305 0.00856018 29.4
      vertex 45.7 0 29.4
    endloop
  endfacet
  facet normal 0.0654546 -0.997856 0
    outer loop
      vertex 45.8305 0.00856018 29.4
      vertex 45.7 0 5.6
      vertex 45.8305 0.00856018 5.6
    endloop
  endfacet
  facet normal 0.19494 0.980815 -0
    outer loop
      vertex 45.9588 34.1659 5.6
      vertex 45.8305 34.1914 29.4
      vertex 45.9588 34.1659 29.4
    endloop
  endfacet
  facet normal 0.19494 0.980815 0
    outer loop
      vertex 45.8305 34.1914 29.4
      vertex 45.9588 34.1659 5.6
      vertex 45.8305 34.1914 5.6
    endloop
  endfacet
  facet normal -0.0654426 -0.997856 0
    outer loop
      vertex 0.869476 0.00856018 5.6
      vertex 1 0 29.4
      vertex 0.869476 0.00856018 29.4
    endloop
  endfacet
  facet normal -0.0654426 -0.997856 -0
    outer loop
      vertex 1 0 29.4
      vertex 0.869476 0.00856018 5.6
      vertex 1 0 5.6
    endloop
  endfacet
  facet normal -0.555705 0.831379 0
    outer loop
      vertex 0.5 34.066 5.6
      vertex 0.391235 33.9933 29.4
      vertex 0.5 34.066 29.4
    endloop
  endfacet
  facet normal -0.555705 0.831379 0
    outer loop
      vertex 0.391235 33.9933 29.4
      vertex 0.5 34.066 5.6
      vertex 0.391235 33.9933 5.6
    endloop
  endfacet
  facet normal -0.997856 -0.0654426 0
    outer loop
      vertex 0.00856018 0.869476 5.6
      vertex 0 1 29.4
      vertex 0 1 5.6
    endloop
  endfacet
  facet normal -0.997856 -0.0654426 0
    outer loop
      vertex 0 1 29.4
      vertex 0.00856018 0.869476 5.6
      vertex 0.00856018 0.869476 29.4
    endloop
  endfacet
  facet normal -0.321474 -0.946918 0
    outer loop
      vertex 0.61731 0.0761261 5.6
      vertex 0.74118 0.0340729 29.4
      vertex 0.61731 0.0761261 29.4
    endloop
  endfacet
  facet normal -0.321474 -0.946918 -0
    outer loop
      vertex 0.74118 0.0340729 29.4
      vertex 0.61731 0.0761261 5.6
      vertex 0.74118 0.0340729 5.6
    endloop
  endfacet
  facet normal -0.896873 0.442288 0
    outer loop
      vertex 0.0761261 33.5827 5.6
      vertex 0.133972 33.7 29.4
      vertex 0.133972 33.7 5.6
    endloop
  endfacet
  facet normal -0.896873 0.442288 0
    outer loop
      vertex 0.133972 33.7 29.4
      vertex 0.0761261 33.5827 5.6
      vertex 0.0761261 33.5827 29.4
    endloop
  endfacet
  facet normal -0.659153 0.752008 0
    outer loop
      vertex 0.391235 33.9933 5.6
      vertex 0.292892 33.9071 29.4
      vertex 0.391235 33.9933 29.4
    endloop
  endfacet
  facet normal -0.659153 0.752008 0
    outer loop
      vertex 0.292892 33.9071 29.4
      vertex 0.391235 33.9933 5.6
      vertex 0.292892 33.9071 5.6
    endloop
  endfacet
  facet normal -0.442591 0.896724 0
    outer loop
      vertex 0.61731 34.1239 5.6
      vertex 0.5 34.066 29.4
      vertex 0.61731 34.1239 29.4
    endloop
  endfacet
  facet normal -0.442591 0.896724 0
    outer loop
      vertex 0.5 34.066 29.4
      vertex 0.61731 34.1239 5.6
      vertex 0.5 34.066 5.6
    endloop
  endfacet
  facet normal -0.0657457 0.997836 0
    outer loop
      vertex 1 34.2 5.6
      vertex 0.869476 34.1914 29.4
      vertex 1 34.2 29.4
    endloop
  endfacet
  facet normal -0.0657457 0.997836 0
    outer loop
      vertex 0.869476 34.1914 29.4
      vertex 1 34.2 5.6
      vertex 0.869476 34.1914 5.6
    endloop
  endfacet
  facet normal 0.555582 0.831462 -0
    outer loop
      vertex 46.3088 33.9933 5.6
      vertex 46.2 34.066 29.4
      vertex 46.3088 33.9933 29.4
    endloop
  endfacet
  facet normal 0.555582 0.831462 0
    outer loop
      vertex 46.2 34.066 29.4
      vertex 46.3088 33.9933 5.6
      vertex 46.2 34.066 5.6
    endloop
  endfacet
  facet normal -0.946918 -0.321474 0
    outer loop
      vertex 0.0761261 0.61731 5.6
      vertex 0.0340729 0.74118 29.4
      vertex 0.0340729 0.74118 5.6
    endloop
  endfacet
  facet normal -0.946918 -0.321474 0
    outer loop
      vertex 0.0340729 0.74118 29.4
      vertex 0.0761261 0.61731 5.6
      vertex 0.0761261 0.61731 29.4
    endloop
  endfacet
  facet normal 0.980814 -0.194946 0
    outer loop
      vertex 46.6659 0.74118 25.2
      vertex 46.6914 0.869476 5.6
      vertex 46.6914 0.869476 25.2
    endloop
  endfacet
  facet normal 0.980814 -0.194946 0
    outer loop
      vertex 46.6914 0.869476 5.6
      vertex 46.6659 0.74118 25.2
      vertex 46.6659 0.74118 5.6
    endloop
  endfacet
  facet normal 0.980814 -0.194946 0
    outer loop
      vertex 46.6659 0.74118 29.4
      vertex 46.6914 0.869476 28.4
      vertex 46.6914 0.869476 29.4
    endloop
  endfacet
  facet normal 0.980814 -0.194946 0
    outer loop
      vertex 46.6914 0.869476 28.4
      vertex 46.6659 0.74118 29.4
      vertex 46.6659 0.74118 28.4
    endloop
  endfacet
  facet normal 1 -0 0
    outer loop
      vertex 46.7 1 29.4
      vertex 46.7 33.2 28.4
      vertex 46.7 33.2 29.4
    endloop
  endfacet
  facet normal 1 0 0
    outer loop
      vertex 46.7 33.2 28.4
      vertex 46.7 1 29.4
      vertex 46.7 1 28.4
    endloop
  endfacet
  facet normal 1 -0 0
    outer loop
      vertex 46.7 21.6 16.2
      vertex 46.7 33.2 5.6
      vertex 46.7 33.2 25.2
    endloop
  endfacet
  facet normal 0 0 0
    outer loop
      vertex 46.7 21.9 5.6
      vertex 46.7 21.9 4.79999
      vertex 46.7 21.9 5.72205e-07
    endloop
  endfacet
  facet normal 1 -0 0
    outer loop
      vertex 46.7 21.3716 15.052
      vertex 46.7 33.2 5.6
      vertex 46.7 21.5424 15.6147
    endloop
  endfacet
  facet normal 1 0 0
    outer loop
      vertex 46.7 33.2 5.6
      vertex 46.7 21.6 16.2
      vertex 46.7 21.5424 15.6147
    endloop
  endfacet
  facet normal 1 0 0
    outer loop
      vertex 46.7 33.2 25.2
      vertex 46.7 21.5424 16.7853
      vertex 46.7 21.6 16.2
    endloop
  endfacet
  facet normal 1 0 0
    outer loop
      vertex 46.7 33.2 25.2
      vertex 46.7 21.3716 17.348
      vertex 46.7 21.5424 16.7853
    endloop
  endfacet
  facet normal 1 0 0
    outer loop
      vertex 46.7 33.2 25.2
      vertex 46.7 21.0944 17.8667
      vertex 46.7 21.3716 17.348
    endloop
  endfacet
  facet normal 1 0 0
    outer loop
      vertex 46.7 33.2 25.2
      vertex 46.7 20.7213 18.3213
      vertex 46.7 21.0944 17.8667
    endloop
  endfacet
  facet normal 1 0 0
    outer loop
      vertex 46.7 33.2 25.2
      vertex 46.7 20.2667 18.6944
      vertex 46.7 20.7213 18.3213
    endloop
  endfacet
  facet normal 1 0 0
    outer loop
      vertex 46.7 33.2 25.2
      vertex 46.7 19.748 18.9716
      vertex 46.7 20.2667 18.6944
    endloop
  endfacet
  facet normal 1 0 0
    outer loop
      vertex 46.7 33.2 25.2
      vertex 46.7 19.1853 19.1424
      vertex 46.7 19.748 18.9716
    endloop
  endfacet
  facet normal 1 0 0
    outer loop
      vertex 46.7 33.2 25.2
      vertex 46.7 18.6 19.2
      vertex 46.7 19.1853 19.1424
    endloop
  endfacet
  facet normal 1 0 0
    outer loop
      vertex 46.7 33.2 25.2
      vertex 46.7 15.6 19.2
      vertex 46.7 18.6 19.2
    endloop
  endfacet
  facet normal 1 -0 0
    outer loop
      vertex 46.7 1 25.2
      vertex 46.7 15.6 19.2
      vertex 46.7 33.2 25.2
    endloop
  endfacet
  facet normal 1 0 0
    outer loop
      vertex 46.7 15.6 19.2
      vertex 46.7 1 25.2
      vertex 46.7 15.0147 19.1424
    endloop
  endfacet
  facet normal 1 0 0
    outer loop
      vertex 46.7 21.9 4.79999
      vertex 46.7 12.3 5.6
      vertex 46.7 12.3 4.79999
    endloop
  endfacet
  facet normal 1 0 0
    outer loop
      vertex 46.7 15.0147 19.1424
      vertex 46.7 1 25.2
      vertex 46.7 14.452 18.9716
    endloop
  endfacet
  facet normal 1 0 0
    outer loop
      vertex 46.7 1 25.2
      vertex 46.7 13.9333 18.6944
      vertex 46.7 14.452 18.9716
    endloop
  endfacet
  facet normal 1 0 0
    outer loop
      vertex 46.7 1 25.2
      vertex 46.7 13.4787 18.3213
      vertex 46.7 13.9333 18.6944
    endloop
  endfacet
  facet normal 1 0 0
    outer loop
      vertex 46.7 1 25.2
      vertex 46.7 13.1056 17.8667
      vertex 46.7 13.4787 18.3213
    endloop
  endfacet
  facet normal 1 0 0
    outer loop
      vertex 46.7 1 25.2
      vertex 46.7 12.8284 17.348
      vertex 46.7 13.1056 17.8667
    endloop
  endfacet
  facet normal 1 0 0
    outer loop
      vertex 46.7 1 25.2
      vertex 46.7 12.6576 16.7853
      vertex 46.7 12.8284 17.348
    endloop
  endfacet
  facet normal 1 0 0
    outer loop
      vertex 46.7 1 25.2
      vertex 46.7 12.6 16.2
      vertex 46.7 12.6576 16.7853
    endloop
  endfacet
  facet normal 1 0 0
    outer loop
      vertex 46.7 1 5.6
      vertex 46.7 12.6 16.2
      vertex 46.7 1 25.2
    endloop
  endfacet
  facet normal 1 0 0
    outer loop
      vertex 46.7 12.6576 15.6147
      vertex 46.7 1 5.6
      vertex 46.7 12.3 5.6
    endloop
  endfacet
  facet normal 1 0 -0
    outer loop
      vertex 46.7 21.9 5.72205e-07
      vertex 46.7 21.9 4.79999
      vertex 46.7 20.4 5.72205e-07
    endloop
  endfacet
  facet normal 1 -0 0
    outer loop
      vertex 46.7 21.0944 14.5333
      vertex 46.7 33.2 5.6
      vertex 46.7 21.3716 15.052
    endloop
  endfacet
  facet normal 1 0 0
    outer loop
      vertex 46.7 33.2 5.6
      vertex 46.7 21.0944 14.5333
      vertex 46.7 21.9 5.6
    endloop
  endfacet
  facet normal 1 -0 0
    outer loop
      vertex 46.7 20.7213 14.0787
      vertex 46.7 21.9 5.6
      vertex 46.7 21.0944 14.5333
    endloop
  endfacet
  facet normal 1 -0 0
    outer loop
      vertex 46.7 20.2667 13.7056
      vertex 46.7 21.9 5.6
      vertex 46.7 20.7213 14.0787
    endloop
  endfacet
  facet normal 1 -0 0
    outer loop
      vertex 46.7 19.748 13.4284
      vertex 46.7 21.9 5.6
      vertex 46.7 20.2667 13.7056
    endloop
  endfacet
  facet normal 1 -0 0
    outer loop
      vertex 46.7 19.1853 13.2576
      vertex 46.7 21.9 5.6
      vertex 46.7 19.748 13.4284
    endloop
  endfacet
  facet normal 1 -0 0
    outer loop
      vertex 46.7 18.6 13.2
      vertex 46.7 21.9 5.6
      vertex 46.7 19.1853 13.2576
    endloop
  endfacet
  facet normal 1 0 0
    outer loop
      vertex 46.7 12.3 5.6
      vertex 46.7 21.9 5.6
      vertex 46.7 18.6 13.2
    endloop
  endfacet
  facet normal 1 0 0
    outer loop
      vertex 46.7 12.3 5.6
      vertex 46.7 18.6 13.2
      vertex 46.7 15.6 13.2
    endloop
  endfacet
  facet normal 1 0 0
    outer loop
      vertex 46.7 12.3 5.6
      vertex 46.7 15.6 13.2
      vertex 46.7 15.0147 13.2576
    endloop
  endfacet
  facet normal 1 0 0
    outer loop
      vertex 46.7 12.3 5.6
      vertex 46.7 15.0147 13.2576
      vertex 46.7 14.452 13.4284
    endloop
  endfacet
  facet normal 1 0 0
    outer loop
      vertex 46.7 12.3 5.6
      vertex 46.7 14.452 13.4284
      vertex 46.7 13.9333 13.7056
    endloop
  endfacet
  facet normal 1 0 0
    outer loop
      vertex 46.7 12.3 5.6
      vertex 46.7 13.9333 13.7056
      vertex 46.7 13.4787 14.0787
    endloop
  endfacet
  facet normal 1 0 0
    outer loop
      vertex 46.7 21.9 5.6
      vertex 46.7 12.3 5.6
      vertex 46.7 21.9 4.79999
    endloop
  endfacet
  facet normal 1 0 0
    outer loop
      vertex 46.7 12.3 5.6
      vertex 46.7 13.4787 14.0787
      vertex 46.7 13.1056 14.5333
    endloop
  endfacet
  facet normal 1 0 0
    outer loop
      vertex 46.7 12.3 5.6
      vertex 46.7 13.1056 14.5333
      vertex 46.7 12.8284 15.052
    endloop
  endfacet
  facet normal 1 0 0
    outer loop
      vertex 46.7 12.3 5.6
      vertex 46.7 12.8284 15.052
      vertex 46.7 12.6576 15.6147
    endloop
  endfacet
  facet normal 1 0 0
    outer loop
      vertex 46.7 1 5.6
      vertex 46.7 12.6576 15.6147
      vertex 46.7 12.6 16.2
    endloop
  endfacet
  facet normal 1 0 0
    outer loop
      vertex 46.7 12.3 4.79999
      vertex 46.7 12.3 5.72205e-07
      vertex 46.7 13.8 5.72205e-07
    endloop
  endfacet
  facet normal 0 0 0
    outer loop
      vertex 46.7 12.3 5.72205e-07
      vertex 46.7 12.3 4.79999
      vertex 46.7 12.3 5.6
    endloop
  endfacet
  facet normal -1 0 0
    outer loop
      vertex 0 13.8 5.72205e-07
      vertex 0 12.3 5.72205e-07
      vertex 0 12.3 4.79999
    endloop
  endfacet
  facet normal -1 0 0
    outer loop
      vertex 0 33.2 5.6
      vertex 0 20.8038 13.3634
      vertex 0 20.85 13.95
    endloop
  endfacet
  facet normal -1 0 0
    outer loop
      vertex 0 21.9 5.6
      vertex 0 20.6665 12.7912
      vertex 0 20.8038 13.3634
    endloop
  endfacet
  facet normal -1 0 0
    outer loop
      vertex 0 21.9 5.6
      vertex 0 20.4413 12.2475
      vertex 0 20.6665 12.7912
    endloop
  endfacet
  facet normal -1 0 0
    outer loop
      vertex 0 21.9 5.6
      vertex 0 20.1338 11.7458
      vertex 0 20.4413 12.2475
    endloop
  endfacet
  facet normal -1 0 0
    outer loop
      vertex 0 21.9 5.6
      vertex 0 19.7516 11.2983
      vertex 0 20.1338 11.7458
    endloop
  endfacet
  facet normal -1 0 0
    outer loop
      vertex 0 21.9 5.6
      vertex 0 19.3042 10.9162
      vertex 0 19.7516 11.2983
    endloop
  endfacet
  facet normal -1 0 0
    outer loop
      vertex 0 21.9 5.6
      vertex 0 18.8025 10.6087
      vertex 0 19.3042 10.9162
    endloop
  endfacet
  facet normal -1 0 0
    outer loop
      vertex 0 21.9 5.6
      vertex 0 18.2588 10.3835
      vertex 0 18.8025 10.6087
    endloop
  endfacet
  facet normal -1 0 0
    outer loop
      vertex 0 21.9 5.6
      vertex 0 17.6866 10.2462
      vertex 0 18.2588 10.3835
    endloop
  endfacet
  facet normal -1 0 0
    outer loop
      vertex 0 21.9 5.6
      vertex 0 17.1 10.2
      vertex 0 17.6866 10.2462
    endloop
  endfacet
  facet normal -1 0 0
    outer loop
      vertex 0 21.9 5.6
      vertex 0 12.3 5.6
      vertex 0 17.1 10.2
    endloop
  endfacet
  facet normal -1 -0 0
    outer loop
      vertex 0 17.1 10.2
      vertex 0 12.3 5.6
      vertex 0 16.5134 10.2462
    endloop
  endfacet
  facet normal -1 -0 0
    outer loop
      vertex 0 16.5134 10.2462
      vertex 0 12.3 5.6
      vertex 0 15.9412 10.3835
    endloop
  endfacet
  facet normal -1 -0 0
    outer loop
      vertex 0 15.9412 10.3835
      vertex 0 12.3 5.6
      vertex 0 15.3975 10.6087
    endloop
  endfacet
  facet normal -1 -0 0
    outer loop
      vertex 0 15.3975 10.6087
      vertex 0 12.3 5.6
      vertex 0 14.8958 10.9162
    endloop
  endfacet
  facet normal -1 -0 0
    outer loop
      vertex 0 13.5335 12.7912
      vertex 0 1 5.6
      vertex 0 13.3962 13.3634
    endloop
  endfacet
  facet normal -1 0 0
    outer loop
      vertex 0 1 5.6
      vertex 0 13.5335 12.7912
      vertex 0 12.3 5.6
    endloop
  endfacet
  facet normal -1 -0 0
    outer loop
      vertex 0 13.7587 12.2475
      vertex 0 12.3 5.6
      vertex 0 13.5335 12.7912
    endloop
  endfacet
  facet normal -1 -0 0
    outer loop
      vertex 0 14.0662 11.7458
      vertex 0 12.3 5.6
      vertex 0 13.7587 12.2475
    endloop
  endfacet
  facet normal -1 -0 0
    outer loop
      vertex 0 14.4483 11.2983
      vertex 0 12.3 5.6
      vertex 0 14.0662 11.7458
    endloop
  endfacet
  facet normal -1 -0 0
    outer loop
      vertex 0 14.8958 10.9162
      vertex 0 12.3 5.6
      vertex 0 14.4483 11.2983
    endloop
  endfacet
  facet normal -1 0 0
    outer loop
      vertex 0 12.3 5.6
      vertex 0 21.9 4.79999
      vertex 0 12.3 4.79999
    endloop
  endfacet
  facet normal 0 0 0
    outer loop
      vertex 0 21.9 5.72205e-07
      vertex 0 21.9 4.79999
      vertex 0 21.9 5.6
    endloop
  endfacet
  facet normal -1 0 -0
    outer loop
      vertex 0 21.9 4.79999
      vertex 0 21.9 5.72205e-07
      vertex 0 20.4 5.72205e-07
    endloop
  endfacet
  facet normal -1 0 0
    outer loop
      vertex 0 20.8038 13.3634
      vertex 0 33.2 5.6
      vertex 0 21.9 5.6
    endloop
  endfacet
  facet normal -1 0 0
    outer loop
      vertex 0 12.3 5.6
      vertex 0 21.9 5.6
      vertex 0 21.9 4.79999
    endloop
  endfacet
  facet normal -1 0 0
    outer loop
      vertex 0 20.85 18.45
      vertex 0 33.2 5.6
      vertex 0 20.85 13.95
    endloop
  endfacet
  facet normal -1 0 0
    outer loop
      vertex 0 33.2 5.6
      vertex 0 20.85 18.45
      vertex 0 33.2 29.4
    endloop
  endfacet
  facet normal -1 0 0
    outer loop
      vertex 0 20.8038 19.0366
      vertex 0 33.2 29.4
      vertex 0 20.85 18.45
    endloop
  endfacet
  facet normal -1 0 0
    outer loop
      vertex 0 20.6665 19.6088
      vertex 0 33.2 29.4
      vertex 0 20.8038 19.0366
    endloop
  endfacet
  facet normal -1 0 0
    outer loop
      vertex 0 20.4413 20.1525
      vertex 0 33.2 29.4
      vertex 0 20.6665 19.6088
    endloop
  endfacet
  facet normal -1 0 0
    outer loop
      vertex 0 20.1338 20.6542
      vertex 0 33.2 29.4
      vertex 0 20.4413 20.1525
    endloop
  endfacet
  facet normal -1 0 0
    outer loop
      vertex 0 19.7516 21.1017
      vertex 0 33.2 29.4
      vertex 0 20.1338 20.6542
    endloop
  endfacet
  facet normal -1 0 0
    outer loop
      vertex 0 19.3042 21.4838
      vertex 0 33.2 29.4
      vertex 0 19.7516 21.1017
    endloop
  endfacet
  facet normal -1 0 0
    outer loop
      vertex 0 18.8025 21.7913
      vertex 0 33.2 29.4
      vertex 0 19.3042 21.4838
    endloop
  endfacet
  facet normal -1 0 0
    outer loop
      vertex 0 18.2588 22.0165
      vertex 0 33.2 29.4
      vertex 0 18.8025 21.7913
    endloop
  endfacet
  facet normal -1 0 0
    outer loop
      vertex 0 17.6866 22.1538
      vertex 0 33.2 29.4
      vertex 0 18.2588 22.0165
    endloop
  endfacet
  facet normal -1 0 0
    outer loop
      vertex 0 17.1 22.2
      vertex 0 33.2 29.4
      vertex 0 17.6866 22.1538
    endloop
  endfacet
  facet normal -1 0 0
    outer loop
      vertex 0 1 29.4
      vertex 0 17.1 22.2
      vertex 0 16.5134 22.1538
    endloop
  endfacet
  facet normal -1 0 0
    outer loop
      vertex 0 1 29.4
      vertex 0 16.5134 22.1538
      vertex 0 15.9412 22.0165
    endloop
  endfacet
  facet normal -1 0 0
    outer loop
      vertex 0 1 29.4
      vertex 0 15.9412 22.0165
      vertex 0 15.3975 21.7913
    endloop
  endfacet
  facet normal 0 0 0
    outer loop
      vertex 0 12.3 5.6
      vertex 0 12.3 4.79999
      vertex 0 12.3 5.72205e-07
    endloop
  endfacet
  facet normal -1 -0 0
    outer loop
      vertex 0 13.3962 13.3634
      vertex 0 1 5.6
      vertex 0 13.35 13.95
    endloop
  endfacet
  facet normal -1 -0 0
    outer loop
      vertex 0 13.35 13.95
      vertex 0 1 5.6
      vertex 0 13.35 18.45
    endloop
  endfacet
  facet normal -1 0 0
    outer loop
      vertex 0 1 29.4
      vertex 0 13.35 18.45
      vertex 0 1 5.6
    endloop
  endfacet
  facet normal -1 0 0
    outer loop
      vertex 0 13.35 18.45
      vertex 0 1 29.4
      vertex 0 13.3962 19.0366
    endloop
  endfacet
  facet normal -1 0 0
    outer loop
      vertex 0 13.3962 19.0366
      vertex 0 1 29.4
      vertex 0 13.5335 19.6088
    endloop
  endfacet
  facet normal -1 0 0
    outer loop
      vertex 0 13.5335 19.6088
      vertex 0 1 29.4
      vertex 0 13.7587 20.1525
    endloop
  endfacet
  facet normal -1 0 0
    outer loop
      vertex 0 13.7587 20.1525
      vertex 0 1 29.4
      vertex 0 14.0662 20.6542
    endloop
  endfacet
  facet normal -1 0 0
    outer loop
      vertex 0 17.1 22.2
      vertex 0 1 29.4
      vertex 0 33.2 29.4
    endloop
  endfacet
  facet normal -1 0 0
    outer loop
      vertex 0 14.8958 21.4838
      vertex 0 1 29.4
      vertex 0 15.3975 21.7913
    endloop
  endfacet
  facet normal -1 0 0
    outer loop
      vertex 0 14.4483 21.1017
      vertex 0 1 29.4
      vertex 0 14.8958 21.4838
    endloop
  endfacet
  facet normal -1 0 0
    outer loop
      vertex 0 14.0662 20.6542
      vertex 0 1 29.4
      vertex 0 14.4483 21.1017
    endloop
  endfacet
  facet normal -0.946942 0.321404 0
    outer loop
      vertex 0.0340729 33.4588 5.6
      vertex 0.0761261 33.5827 29.4
      vertex 0.0761261 33.5827 5.6
    endloop
  endfacet
  facet normal -0.946942 0.321404 0
    outer loop
      vertex 0.0761261 33.5827 29.4
      vertex 0.0340729 33.4588 5.6
      vertex 0.0340729 33.4588 29.4
    endloop
  endfacet
  facet normal 0.947066 0.321039 0
    outer loop
      vertex 46.6659 33.4588 29.4
      vertex 46.6239 33.5827 28.4
      vertex 46.6239 33.5827 29.4
    endloop
  endfacet
  facet normal 0.947066 0.321039 0
    outer loop
      vertex 46.6239 33.5827 28.4
      vertex 46.6659 33.4588 29.4
      vertex 46.6659 33.4588 28.4
    endloop
  endfacet
  facet normal 0.947066 0.321039 0
    outer loop
      vertex 46.6659 33.4588 25.2
      vertex 46.6239 33.5827 5.6
      vertex 46.6239 33.5827 25.2
    endloop
  endfacet
  facet normal 0.947066 0.321039 0
    outer loop
      vertex 46.6239 33.5827 5.6
      vertex 46.6659 33.4588 25.2
      vertex 46.6659 33.4588 5.6
    endloop
  endfacet
  facet normal -0.195039 -0.980795 0
    outer loop
      vertex 0.74118 0.0340729 5.6
      vertex 0.869476 0.00856018 29.4
      vertex 0.74118 0.0340729 29.4
    endloop
  endfacet
  facet normal -0.195039 -0.980795 -0
    outer loop
      vertex 0.869476 0.00856018 29.4
      vertex 0.74118 0.0340729 5.6
      vertex 0.869476 0.00856018 5.6
    endloop
  endfacet
  facet normal 0.831379 -0.555705 0
    outer loop
      vertex 46.4933 0.391235 29.4
      vertex 46.566 0.5 5.6
      vertex 46.566 0.5 29.4
    endloop
  endfacet
  facet normal 0.831379 -0.555705 0
    outer loop
      vertex 46.566 0.5 5.6
      vertex 46.4933 0.391235 29.4
      vertex 46.4933 0.391235 5.6
    endloop
  endfacet
  facet normal -0.751706 0.659498 0
    outer loop
      vertex 0.20665 33.8088 5.6
      vertex 0.292892 33.9071 29.4
      vertex 0.292892 33.9071 5.6
    endloop
  endfacet
  facet normal -0.751706 0.659498 0
    outer loop
      vertex 0.292892 33.9071 29.4
      vertex 0.20665 33.8088 5.6
      vertex 0.20665 33.8088 29.4
    endloop
  endfacet
  facet normal 0.895573 -0.444915 0
    outer loop
      vertex 46.6239 0.61731 29.4
      vertex 46.6153 0.599999 28.4
      vertex 46.6239 0.61731 28.4
    endloop
  endfacet
  facet normal 0.896923 -0.442187 0
    outer loop
      vertex 46.6153 0.599999 28.4
      vertex 46.566 0.5 29.4
      vertex 46.6153 0.599999 25.2
    endloop
  endfacet
  facet normal 0.896724 -0.442591 -5.01381e-05
    outer loop
      vertex 46.566 0.5 29.4
      vertex 46.6153 0.599999 28.4
      vertex 46.6239 0.61731 29.4
    endloop
  endfacet
  facet normal 0.895573 -0.444915 0
    outer loop
      vertex 46.6153 0.599999 25.2
      vertex 46.6239 0.61731 5.6
      vertex 46.6239 0.61731 25.2
    endloop
  endfacet
  facet normal 0.896923 -0.442187 0
    outer loop
      vertex 46.566 0.5 5.6
      vertex 46.6153 0.599999 25.2
      vertex 46.566 0.5 29.4
    endloop
  endfacet
  facet normal 0.896724 -0.442591 2.55807e-06
    outer loop
      vertex 46.6153 0.599999 25.2
      vertex 46.566 0.5 5.6
      vertex 46.6239 0.61731 5.6
    endloop
  endfacet
  facet normal -0.555589 -0.831457 0
    outer loop
      vertex 0.391235 0.20665 5.6
      vertex 0.5 0.133972 29.4
      vertex 0.391235 0.20665 29.4
    endloop
  endfacet
  facet normal -0.555589 -0.831457 -0
    outer loop
      vertex 0.5 0.133972 29.4
      vertex 0.391235 0.20665 5.6
      vertex 0.5 0.133972 5.6
    endloop
  endfacet
  facet normal 0 1 -0
    outer loop
      vertex 45.7 34.2 5.6
      vertex 1 34.2 29.4
      vertex 45.7 34.2 29.4
    endloop
  endfacet
  facet normal 0 1 0
    outer loop
      vertex 1 34.2 29.4
      vertex 45.7 34.2 5.6
      vertex 1 34.2 5.6
    endloop
  endfacet
  facet normal -0.321109 0.947042 0
    outer loop
      vertex 0.74118 34.1659 5.6
      vertex 0.61731 34.1239 29.4
      vertex 0.74118 34.1659 29.4
    endloop
  endfacet
  facet normal -0.321109 0.947042 0
    outer loop
      vertex 0.61731 34.1239 29.4
      vertex 0.74118 34.1659 5.6
      vertex 0.61731 34.1239 5.6
    endloop
  endfacet
  facet normal -0.83154 0.555465 0
    outer loop
      vertex 0.133972 33.7 5.6
      vertex 0.20665 33.8088 29.4
      vertex 0.20665 33.8088 5.6
    endloop
  endfacet
  facet normal -0.83154 0.555465 0
    outer loop
      vertex 0.20665 33.8088 29.4
      vertex 0.133972 33.7 5.6
      vertex 0.133972 33.7 29.4
    endloop
  endfacet
  facet normal 0.751866 0.659316 0
    outer loop
      vertex 46.4933 33.8088 29.4
      vertex 46.4071 33.9071 5.6
      vertex 46.4071 33.9071 29.4
    endloop
  endfacet
  facet normal 0.751866 0.659316 0
    outer loop
      vertex 46.4071 33.9071 5.6
      vertex 46.4933 33.8088 29.4
      vertex 46.4933 33.8088 5.6
    endloop
  endfacet
  facet normal 0.0657577 0.997836 -0
    outer loop
      vertex 45.8305 34.1914 5.6
      vertex 45.7 34.2 29.4
      vertex 45.8305 34.1914 29.4
    endloop
  endfacet
  facet normal 0.0657577 0.997836 0
    outer loop
      vertex 45.7 34.2 29.4
      vertex 45.8305 34.1914 5.6
      vertex 45.7 34.2 5.6
    endloop
  endfacet
  facet normal -0.194946 0.980814 0
    outer loop
      vertex 0.869476 34.1914 5.6
      vertex 0.74118 34.1659 29.4
      vertex 0.869476 34.1914 29.4
    endloop
  endfacet
  facet normal -0.194946 0.980814 0
    outer loop
      vertex 0.74118 34.1659 29.4
      vertex 0.869476 34.1914 5.6
      vertex 0.74118 34.1659 5.6
    endloop
  endfacet
  facet normal 0.442621 0.896709 -0
    outer loop
      vertex 46.2 34.066 5.6
      vertex 46.0827 34.1239 29.4
      vertex 46.2 34.066 29.4
    endloop
  endfacet
  facet normal 0.442621 0.896709 0
    outer loop
      vertex 46.0827 34.1239 29.4
      vertex 46.2 34.066 5.6
      vertex 46.0827 34.1239 5.6
    endloop
  endfacet
  facet normal -0.659335 -0.751849 0
    outer loop
      vertex 0.292892 0.292892 5.6
      vertex 0.391235 0.20665 29.4
      vertex 0.292892 0.292892 29.4
    endloop
  endfacet
  facet normal -0.659335 -0.751849 -0
    outer loop
      vertex 0.391235 0.20665 29.4
      vertex 0.292892 0.292892 5.6
      vertex 0.391235 0.20665 5.6
    endloop
  endfacet
  facet normal 0.659498 -0.751706 0
    outer loop
      vertex 46.3088 0.20665 5.6
      vertex 46.4071 0.292892 29.4
      vertex 46.3088 0.20665 29.4
    endloop
  endfacet
  facet normal 0.659498 -0.751706 0
    outer loop
      vertex 46.4071 0.292892 29.4
      vertex 46.3088 0.20665 5.6
      vertex 46.4071 0.292892 5.6
    endloop
  endfacet
  facet normal -0.442258 -0.896888 0
    outer loop
      vertex 0.5 0.133972 5.6
      vertex 0.61731 0.0761261 29.4
      vertex 0.5 0.133972 29.4
    endloop
  endfacet
  facet normal -0.442258 -0.896888 -0
    outer loop
      vertex 0.61731 0.0761261 29.4
      vertex 0.5 0.133972 5.6
      vertex 0.61731 0.0761261 5.6
    endloop
  endfacet
  facet normal 0.659316 0.751866 -0
    outer loop
      vertex 46.4071 33.9071 5.6
      vertex 46.3088 33.9933 29.4
      vertex 46.4071 33.9071 29.4
    endloop
  endfacet
  facet normal 0.659316 0.751866 0
    outer loop
      vertex 46.3088 33.9933 29.4
      vertex 46.4071 33.9071 5.6
      vertex 46.3088 33.9933 5.6
    endloop
  endfacet
  facet normal -0.980797 0.195033 0
    outer loop
      vertex 0.00856018 33.3305 5.6
      vertex 0.0340729 33.4588 29.4
      vertex 0.0340729 33.4588 5.6
    endloop
  endfacet
  facet normal -0.980797 0.195033 0
    outer loop
      vertex 0.0340729 33.4588 29.4
      vertex 0.00856018 33.3305 5.6
      vertex 0.00856018 33.3305 29.4
    endloop
  endfacet
  facet normal 0.947042 -0.321109 0
    outer loop
      vertex 46.6239 0.61731 25.2
      vertex 46.6659 0.74118 5.6
      vertex 46.6659 0.74118 25.2
    endloop
  endfacet
  facet normal 0.947042 -0.321109 0
    outer loop
      vertex 46.6659 0.74118 5.6
      vertex 46.6239 0.61731 25.2
      vertex 46.6239 0.61731 5.6
    endloop
  endfacet
  facet normal 0.947042 -0.321109 0
    outer loop
      vertex 46.6239 0.61731 29.4
      vertex 46.6659 0.74118 28.4
      vertex 46.6659 0.74118 29.4
    endloop
  endfacet
  facet normal 0.947042 -0.321109 0
    outer loop
      vertex 46.6659 0.74118 28.4
      vertex 46.6239 0.61731 29.4
      vertex 46.6239 0.61731 28.4
    endloop
  endfacet
  facet normal 0.752008 -0.659153 0
    outer loop
      vertex 46.4071 0.292892 29.4
      vertex 46.4933 0.391235 5.6
      vertex 46.4933 0.391235 29.4
    endloop
  endfacet
  facet normal 0.752008 -0.659153 0
    outer loop
      vertex 46.4933 0.391235 5.6
      vertex 46.4071 0.292892 29.4
      vertex 46.4071 0.292892 5.6
    endloop
  endfacet
  facet normal -0.997856 0.0654546 0
    outer loop
      vertex 0 33.2 5.6
      vertex 0.00856018 33.3305 29.4
      vertex 0.00856018 33.3305 5.6
    endloop
  endfacet
  facet normal -0.997856 0.0654546 0
    outer loop
      vertex 0.00856018 33.3305 29.4
      vertex 0 33.2 5.6
      vertex 0 33.2 29.4
    endloop
  endfacet
  facet normal 0.997836 0.0657577 0
    outer loop
      vertex 46.7 33.2 29.4
      vertex 46.6914 33.3305 28.4
      vertex 46.6914 33.3305 29.4
    endloop
  endfacet
  facet normal 0.997836 0.0657577 0
    outer loop
      vertex 46.6914 33.3305 28.4
      vertex 46.7 33.2 29.4
      vertex 46.7 33.2 28.4
    endloop
  endfacet
  facet normal 0.997836 0.0657577 0
    outer loop
      vertex 46.7 33.2 25.2
      vertex 46.6914 33.3305 5.6
      vertex 46.6914 33.3305 25.2
    endloop
  endfacet
  facet normal 0.997836 0.0657577 0
    outer loop
      vertex 46.6914 33.3305 5.6
      vertex 46.7 33.2 25.2
      vertex 46.7 33.2 5.6
    endloop
  endfacet
  facet normal 0.831462 0.555582 0
    outer loop
      vertex 46.566 33.7 29.4
      vertex 46.4933 33.8088 5.6
      vertex 46.4933 33.8088 29.4
    endloop
  endfacet
  facet normal 0.831462 0.555582 0
    outer loop
      vertex 46.4933 33.8088 5.6
      vertex 46.566 33.7 29.4
      vertex 46.566 33.7 5.6
    endloop
  endfacet
  facet normal -0.751849 -0.659335 0
    outer loop
      vertex 0.292892 0.292892 5.6
      vertex 0.20665 0.391235 29.4
      vertex 0.20665 0.391235 5.6
    endloop
  endfacet
  facet normal -0.751849 -0.659335 0
    outer loop
      vertex 0.20665 0.391235 29.4
      vertex 0.292892 0.292892 5.6
      vertex 0.292892 0.292892 29.4
    endloop
  endfacet
  facet normal 0.321039 0.947066 -0
    outer loop
      vertex 46.0827 34.1239 5.6
      vertex 45.9588 34.1659 29.4
      vertex 46.0827 34.1239 29.4
    endloop
  endfacet
  facet normal 0.321039 0.947066 0
    outer loop
      vertex 45.9588 34.1659 29.4
      vertex 46.0827 34.1239 5.6
      vertex 45.9588 34.1659 5.6
    endloop
  endfacet
  facet normal -0.831457 -0.555589 0
    outer loop
      vertex 0.20665 0.391235 5.6
      vertex 0.133972 0.5 29.4
      vertex 0.133972 0.5 5.6
    endloop
  endfacet
  facet normal -0.831457 -0.555589 0
    outer loop
      vertex 0.133972 0.5 29.4
      vertex 0.20665 0.391235 5.6
      vertex 0.20665 0.391235 29.4
    endloop
  endfacet
  facet normal 0.896924 0.442184 -0
    outer loop
      vertex 46.6153 33.6 25.2
      vertex 46.566 33.7 29.4
      vertex 46.6153 33.6 28.4
    endloop
  endfacet
  facet normal 0.896709 0.442621 -5.43529e-05
    outer loop
      vertex 46.6239 33.5827 29.4
      vertex 46.6153 33.6 28.4
      vertex 46.566 33.7 29.4
    endloop
  endfacet
  facet normal 0.89546 0.445142 0
    outer loop
      vertex 46.6153 33.6 28.4
      vertex 46.6239 33.5827 29.4
      vertex 46.6239 33.5827 28.4
    endloop
  endfacet
  facet normal 0.896924 0.442184 0
    outer loop
      vertex 46.566 33.7 29.4
      vertex 46.6153 33.6 25.2
      vertex 46.566 33.7 5.6
    endloop
  endfacet
  facet normal 0.89546 0.445142 1.87765e-05
    outer loop
      vertex 46.6239 33.5827 25.2
      vertex 46.566 33.7 5.6
      vertex 46.6153 33.6 25.2
    endloop
  endfacet
  facet normal 0.896709 0.442621 0
    outer loop
      vertex 46.566 33.7 5.6
      vertex 46.6239 33.5827 25.2
      vertex 46.6239 33.5827 5.6
    endloop
  endfacet
  facet normal 0.980815 0.19494 0
    outer loop
      vertex 46.6914 33.3305 29.4
      vertex 46.6659 33.4588 28.4
      vertex 46.6659 33.4588 29.4
    endloop
  endfacet
  facet normal 0.980815 0.19494 0
    outer loop
      vertex 46.6659 33.4588 28.4
      vertex 46.6914 33.3305 29.4
      vertex 46.6914 33.3305 28.4
    endloop
  endfacet
  facet normal 0.980815 0.19494 0
    outer loop
      vertex 46.6914 33.3305 25.2
      vertex 46.6659 33.4588 5.6
      vertex 46.6659 33.4588 25.2
    endloop
  endfacet
  facet normal 0.980815 0.19494 0
    outer loop
      vertex 46.6659 33.4588 5.6
      vertex 46.6914 33.3305 25.2
      vertex 46.6914 33.3305 5.6
    endloop
  endfacet
  facet normal -0.980795 -0.195039 0
    outer loop
      vertex 0.0340729 0.74118 5.6
      vertex 0.00856018 0.869476 29.4
      vertex 0.00856018 0.869476 5.6
    endloop
  endfacet
  facet normal -0.980795 -0.195039 0
    outer loop
      vertex 0.00856018 0.869476 29.4
      vertex 0.0340729 0.74118 5.6
      vertex 0.0340729 0.74118 29.4
    endloop
  endfacet
  facet normal 0 0 -1
    outer loop
      vertex 46.7 1 5.6
      vertex 46.6931 12.1956 5.6
      vertex 46.7 12.3 5.6
    endloop
  endfacet
  facet normal 0 0 -1
    outer loop
      vertex 45.7 0 5.6
      vertex 46.7 1 5.6
      vertex 46.6914 0.869476 5.6
    endloop
  endfacet
  facet normal 0 0 -1
    outer loop
      vertex 46.7 1 5.6
      vertex 46.6727 12.0929 5.6
      vertex 46.6931 12.1956 5.6
    endloop
  endfacet
  facet normal 0 0 -1
    outer loop
      vertex 45.7 0 5.6
      vertex 46.6914 0.869476 5.6
      vertex 46.6659 0.74118 5.6
    endloop
  endfacet
  facet normal 0 0 -1
    outer loop
      vertex 46.7 1 5.6
      vertex 46.6391 11.9939 5.6
      vertex 46.6727 12.0929 5.6
    endloop
  endfacet
  facet normal 0 0 -1
    outer loop
      vertex 45.7 0 5.6
      vertex 46.6659 0.74118 5.6
      vertex 46.6239 0.61731 5.6
    endloop
  endfacet
  facet normal 0 0 -1
    outer loop
      vertex 46.7 1 5.6
      vertex 46.5928 11.9 5.6
      vertex 46.6391 11.9939 5.6
    endloop
  endfacet
  facet normal 0 0 -1
    outer loop
      vertex 45.7 0 5.6
      vertex 46.6239 0.61731 5.6
      vertex 46.566 0.5 5.6
    endloop
  endfacet
  facet normal 0 0 -1
    outer loop
      vertex 46.7 1 5.6
      vertex 46.5347 11.813 5.6
      vertex 46.5928 11.9 5.6
    endloop
  endfacet
  facet normal 0 0 -1
    outer loop
      vertex 45.7 0 5.6
      vertex 46.566 0.5 5.6
      vertex 46.4933 0.391235 5.6
    endloop
  endfacet
  facet normal 0 0 -1
    outer loop
      vertex 46.7 1 5.6
      vertex 46.4657 11.7343 5.6
      vertex 46.5347 11.813 5.6
    endloop
  endfacet
  facet normal 0 0 -1
    outer loop
      vertex 45.7 0 5.6
      vertex 46.4933 0.391235 5.6
      vertex 46.4071 0.292892 5.6
    endloop
  endfacet
  facet normal 0 0 -1
    outer loop
      vertex 46.7 1 5.6
      vertex 46.387 11.6653 5.6
      vertex 46.4657 11.7343 5.6
    endloop
  endfacet
  facet normal 0 0 -1
    outer loop
      vertex 45.7 0 5.6
      vertex 46.4071 0.292892 5.6
      vertex 46.3088 0.20665 5.6
    endloop
  endfacet
  facet normal 0 0 -1
    outer loop
      vertex 46.7 1 5.6
      vertex 46.3 11.6072 5.6
      vertex 46.387 11.6653 5.6
    endloop
  endfacet
  facet normal 0 0 -1
    outer loop
      vertex 46.7 1 5.6
      vertex 46.2061 11.5609 5.6
      vertex 46.3 11.6072 5.6
    endloop
  endfacet
  facet normal 0 0 -1
    outer loop
      vertex 45.7 0 5.6
      vertex 46.3088 0.20665 5.6
      vertex 46.2 0.133972 5.6
    endloop
  endfacet
  facet normal 0 0 -1
    outer loop
      vertex 46.7 1 5.6
      vertex 46.1071 11.5273 5.6
      vertex 46.2061 11.5609 5.6
    endloop
  endfacet
  facet normal 0 0 -1
    outer loop
      vertex 45.7 0 5.6
      vertex 46.2 0.133972 5.6
      vertex 46.0827 0.0761261 5.6
    endloop
  endfacet
  facet normal 0 0 -1
    outer loop
      vertex 46.7 1 5.6
      vertex 46.0044 11.5069 5.6
      vertex 46.1071 11.5273 5.6
    endloop
  endfacet
  facet normal 0 0 -1
    outer loop
      vertex 45.7 0 5.6
      vertex 46.0827 0.0761261 5.6
      vertex 45.9588 0.0340729 5.6
    endloop
  endfacet
  facet normal 0 0 -1
    outer loop
      vertex 46.7 1 5.6
      vertex 45.9 11.5 5.6
      vertex 46.0044 11.5069 5.6
    endloop
  endfacet
  facet normal 0 0 -1
    outer loop
      vertex 45.7 0 5.6
      vertex 45.9588 0.0340729 5.6
      vertex 45.8305 0.00856018 5.6
    endloop
  endfacet
  facet normal -0 0 -1
    outer loop
      vertex 46.7 1 5.6
      vertex 45.7 0 5.6
      vertex 45.9 11.5 5.6
    endloop
  endfacet
  facet normal 0 0 -1
    outer loop
      vertex 1 0 5.6
      vertex 45.9 11.5 5.6
      vertex 45.7 0 5.6
    endloop
  endfacet
  facet normal 0 0 -1
    outer loop
      vertex 0 1 5.6
      vertex 1 0 5.6
      vertex 0.869476 0.00856018 5.6
    endloop
  endfacet
  facet normal 0 0 -1
    outer loop
      vertex 1 0 5.6
      vertex 0.800003 11.5 5.6
      vertex 45.9 11.5 5.6
    endloop
  endfacet
  facet normal 0 0 -1
    outer loop
      vertex 0 1 5.6
      vertex 0.869476 0.00856018 5.6
      vertex 0.74118 0.0340729 5.6
    endloop
  endfacet
  facet normal 0 0 -1
    outer loop
      vertex 1 0 5.6
      vertex 0 1 5.6
      vertex 0.800003 11.5 5.6
    endloop
  endfacet
  facet normal 0 0 -1
    outer loop
      vertex 0 1 5.6
      vertex 0.74118 0.0340729 5.6
      vertex 0.61731 0.0761261 5.6
    endloop
  endfacet
  facet normal -0 0 -1
    outer loop
      vertex 0.800003 11.5 5.6
      vertex 0 1 5.6
      vertex 0.695587 11.5069 5.6
    endloop
  endfacet
  facet normal 0 0 -1
    outer loop
      vertex 0 1 5.6
      vertex 0.61731 0.0761261 5.6
      vertex 0.5 0.133972 5.6
    endloop
  endfacet
  facet normal -0 0 -1
    outer loop
      vertex 0.695587 11.5069 5.6
      vertex 0 1 5.6
      vertex 0.592941 11.5273 5.6
    endloop
  endfacet
  facet normal -0 0 -1
    outer loop
      vertex 0.592941 11.5273 5.6
      vertex 0 1 5.6
      vertex 0.493851 11.5609 5.6
    endloop
  endfacet
  facet normal 0 0 -1
    outer loop
      vertex 0 1 5.6
      vertex 0.5 0.133972 5.6
      vertex 0.391235 0.20665 5.6
    endloop
  endfacet
  facet normal -0 0 -1
    outer loop
      vertex 0.493851 11.5609 5.6
      vertex 0 1 5.6
      vertex 0.400009 11.6072 5.6
    endloop
  endfacet
  facet normal 0 0 -1
    outer loop
      vertex 0 1 5.6
      vertex 0.391235 0.20665 5.6
      vertex 0.292892 0.292892 5.6
    endloop
  endfacet
  facet normal -0 0 -1
    outer loop
      vertex 0.400009 11.6072 5.6
      vertex 0 1 5.6
      vertex 0.312988 11.6653 5.6
    endloop
  endfacet
  facet normal 0 0 -1
    outer loop
      vertex 0 1 5.6
      vertex 0.292892 0.292892 5.6
      vertex 0.20665 0.391235 5.6
    endloop
  endfacet
  facet normal -0 0 -1
    outer loop
      vertex 0.312988 11.6653 5.6
      vertex 0 1 5.6
      vertex 0.234314 11.7343 5.6
    endloop
  endfacet
  facet normal 0 0 -1
    outer loop
      vertex 0 1 5.6
      vertex 0.20665 0.391235 5.6
      vertex 0.133972 0.5 5.6
    endloop
  endfacet
  facet normal -0 0 -1
    outer loop
      vertex 0.234314 11.7343 5.6
      vertex 0 1 5.6
      vertex 0.165314 11.813 5.6
    endloop
  endfacet
  facet normal 0 0 -1
    outer loop
      vertex 0 1 5.6
      vertex 0.133972 0.5 5.6
      vertex 0.0761261 0.61731 5.6
    endloop
  endfacet
  facet normal -0 0 -1
    outer loop
      vertex 0.165314 11.813 5.6
      vertex 0 1 5.6
      vertex 0.107178 11.9 5.6
    endloop
  endfacet
  facet normal 0 0 -1
    outer loop
      vertex 0 1 5.6
      vertex 0.0761261 0.61731 5.6
      vertex 0.0340729 0.74118 5.6
    endloop
  endfacet
  facet normal -0 0 -1
    outer loop
      vertex 0.107178 11.9 5.6
      vertex 0 1 5.6
      vertex 0.0608978 11.9939 5.6
    endloop
  endfacet
  facet normal 0 0 -1
    outer loop
      vertex 0 1 5.6
      vertex 0.0340729 0.74118 5.6
      vertex 0.00856018 0.869476 5.6
    endloop
  endfacet
  facet normal -0 0 -1
    outer loop
      vertex 0.0608978 11.9939 5.6
      vertex 0 1 5.6
      vertex 0.0272675 12.0929 5.6
    endloop
  endfacet
  facet normal -0 0 -1
    outer loop
      vertex 0.0272675 12.0929 5.6
      vertex 0 1 5.6
      vertex 0.0068512 12.1956 5.6
    endloop
  endfacet
  facet normal -0 0 -1
    outer loop
      vertex 0.0068512 12.1956 5.6
      vertex 0 1 5.6
      vertex 0 12.3 5.6
    endloop
  endfacet
  facet normal 0 0 -1
    outer loop
      vertex 46.6931 22.0044 5.6
      vertex 46.7 33.2 5.6
      vertex 46.7 21.9 5.6
    endloop
  endfacet
  facet normal 0 0 -1
    outer loop
      vertex 46.6727 22.1071 5.6
      vertex 46.7 33.2 5.6
      vertex 46.6931 22.0044 5.6
    endloop
  endfacet
  facet normal 0 0 -1
    outer loop
      vertex 46.6391 22.2061 5.6
      vertex 46.7 33.2 5.6
      vertex 46.6727 22.1071 5.6
    endloop
  endfacet
  facet normal 0 0 -1
    outer loop
      vertex 46.5928 22.3 5.6
      vertex 46.7 33.2 5.6
      vertex 46.6391 22.2061 5.6
    endloop
  endfacet
  facet normal 0 0 -1
    outer loop
      vertex 46.5347 22.387 5.6
      vertex 46.7 33.2 5.6
      vertex 46.5928 22.3 5.6
    endloop
  endfacet
  facet normal 0 0 -1
    outer loop
      vertex 46.4657 22.4657 5.6
      vertex 46.7 33.2 5.6
      vertex 46.5347 22.387 5.6
    endloop
  endfacet
  facet normal 0 0 -1
    outer loop
      vertex 46.387 22.5347 5.6
      vertex 46.7 33.2 5.6
      vertex 46.4657 22.4657 5.6
    endloop
  endfacet
  facet normal 0 0 -1
    outer loop
      vertex 46.3 22.5928 5.6
      vertex 46.7 33.2 5.6
      vertex 46.387 22.5347 5.6
    endloop
  endfacet
  facet normal 0 0 -1
    outer loop
      vertex 46.2061 22.6391 5.6
      vertex 46.7 33.2 5.6
      vertex 46.3 22.5928 5.6
    endloop
  endfacet
  facet normal 0 0 -1
    outer loop
      vertex 46.1071 22.6727 5.6
      vertex 46.7 33.2 5.6
      vertex 46.2061 22.6391 5.6
    endloop
  endfacet
  facet normal 0 0 -1
    outer loop
      vertex 46.0044 22.6931 5.6
      vertex 46.7 33.2 5.6
      vertex 46.1071 22.6727 5.6
    endloop
  endfacet
  facet normal 0 0 -1
    outer loop
      vertex 45.9 22.7 5.6
      vertex 46.7 33.2 5.6
      vertex 46.0044 22.6931 5.6
    endloop
  endfacet
  facet normal 0 0 -1
    outer loop
      vertex 45.7 34.2 5.6
      vertex 46.7 33.2 5.6
      vertex 45.9 22.7 5.6
    endloop
  endfacet
  facet normal 0 0 -1
    outer loop
      vertex 46.7 33.2 5.6
      vertex 45.7 34.2 5.6
      vertex 46.6914 33.3305 5.6
    endloop
  endfacet
  facet normal 0 0 -1
    outer loop
      vertex 46.6914 33.3305 5.6
      vertex 45.7 34.2 5.6
      vertex 46.6659 33.4588 5.6
    endloop
  endfacet
  facet normal 0 0 -1
    outer loop
      vertex 46.6659 33.4588 5.6
      vertex 45.7 34.2 5.6
      vertex 46.6239 33.5827 5.6
    endloop
  endfacet
  facet normal 0 0 -1
    outer loop
      vertex 46.6239 33.5827 5.6
      vertex 45.7 34.2 5.6
      vertex 46.566 33.7 5.6
    endloop
  endfacet
  facet normal 0 0 -1
    outer loop
      vertex 46.566 33.7 5.6
      vertex 45.7 34.2 5.6
      vertex 46.4933 33.8088 5.6
    endloop
  endfacet
  facet normal 0 0 -1
    outer loop
      vertex 46.4933 33.8088 5.6
      vertex 45.7 34.2 5.6
      vertex 46.4071 33.9071 5.6
    endloop
  endfacet
  facet normal 0 0 -1
    outer loop
      vertex 46.4071 33.9071 5.6
      vertex 45.7 34.2 5.6
      vertex 46.3088 33.9933 5.6
    endloop
  endfacet
  facet normal 0 0 -1
    outer loop
      vertex 46.3088 33.9933 5.6
      vertex 45.7 34.2 5.6
      vertex 46.2 34.066 5.6
    endloop
  endfacet
  facet normal 0 0 -1
    outer loop
      vertex 46.2 34.066 5.6
      vertex 45.7 34.2 5.6
      vertex 46.0827 34.1239 5.6
    endloop
  endfacet
  facet normal 0 0 -1
    outer loop
      vertex 46.0827 34.1239 5.6
      vertex 45.7 34.2 5.6
      vertex 45.9588 34.1659 5.6
    endloop
  endfacet
  facet normal 0 0 -1
    outer loop
      vertex 45.9588 34.1659 5.6
      vertex 45.7 34.2 5.6
      vertex 45.8305 34.1914 5.6
    endloop
  endfacet
  facet normal 0 0 -1
    outer loop
      vertex 45.9 22.7 5.6
      vertex 1 34.2 5.6
      vertex 45.7 34.2 5.6
    endloop
  endfacet
  facet normal 0 0 -1
    outer loop
      vertex 0.800003 22.7 5.6
      vertex 1 34.2 5.6
      vertex 45.9 22.7 5.6
    endloop
  endfacet
  facet normal 0 0 -1
    outer loop
      vertex 0 33.2 5.6
      vertex 1 34.2 5.6
      vertex 0.800003 22.7 5.6
    endloop
  endfacet
  facet normal 0 0 -1
    outer loop
      vertex 1 34.2 5.6
      vertex 0 33.2 5.6
      vertex 0.869476 34.1914 5.6
    endloop
  endfacet
  facet normal 0 0 -1
    outer loop
      vertex 0 33.2 5.6
      vertex 0.800003 22.7 5.6
      vertex 0.695587 22.6931 5.6
    endloop
  endfacet
  facet normal 0 0 -1
    outer loop
      vertex 0.869476 34.1914 5.6
      vertex 0 33.2 5.6
      vertex 0.74118 34.1659 5.6
    endloop
  endfacet
  facet normal 0 0 -1
    outer loop
      vertex 0 33.2 5.6
      vertex 0.695587 22.6931 5.6
      vertex 0.592941 22.6727 5.6
    endloop
  endfacet
  facet normal 0 0 -1
    outer loop
      vertex 0.74118 34.1659 5.6
      vertex 0 33.2 5.6
      vertex 0.61731 34.1239 5.6
    endloop
  endfacet
  facet normal 0 0 -1
    outer loop
      vertex 0 33.2 5.6
      vertex 0.592941 22.6727 5.6
      vertex 0.493851 22.6391 5.6
    endloop
  endfacet
  facet normal 0 0 -1
    outer loop
      vertex 0 33.2 5.6
      vertex 0.493851 22.6391 5.6
      vertex 0.400009 22.5928 5.6
    endloop
  endfacet
  facet normal 0 0 -1
    outer loop
      vertex 0.61731 34.1239 5.6
      vertex 0 33.2 5.6
      vertex 0.5 34.066 5.6
    endloop
  endfacet
  facet normal 0 0 -1
    outer loop
      vertex 0 33.2 5.6
      vertex 0.400009 22.5928 5.6
      vertex 0.312988 22.5347 5.6
    endloop
  endfacet
  facet normal 0 0 -1
    outer loop
      vertex 0.5 34.066 5.6
      vertex 0 33.2 5.6
      vertex 0.391235 33.9933 5.6
    endloop
  endfacet
  facet normal 0 0 -1
    outer loop
      vertex 0 33.2 5.6
      vertex 0.312988 22.5347 5.6
      vertex 0.234314 22.4657 5.6
    endloop
  endfacet
  facet normal 0 0 -1
    outer loop
      vertex 0.391235 33.9933 5.6
      vertex 0 33.2 5.6
      vertex 0.292892 33.9071 5.6
    endloop
  endfacet
  facet normal 0 0 -1
    outer loop
      vertex 0 33.2 5.6
      vertex 0.234314 22.4657 5.6
      vertex 0.165314 22.387 5.6
    endloop
  endfacet
  facet normal 0 0 -1
    outer loop
      vertex 0.292892 33.9071 5.6
      vertex 0 33.2 5.6
      vertex 0.20665 33.8088 5.6
    endloop
  endfacet
  facet normal 0 0 -1
    outer loop
      vertex 0 33.2 5.6
      vertex 0.165314 22.387 5.6
      vertex 0.107178 22.3 5.6
    endloop
  endfacet
  facet normal 0 0 -1
    outer loop
      vertex 0.20665 33.8088 5.6
      vertex 0 33.2 5.6
      vertex 0.133972 33.7 5.6
    endloop
  endfacet
  facet normal 0 0 -1
    outer loop
      vertex 0 33.2 5.6
      vertex 0.107178 22.3 5.6
      vertex 0.0608978 22.2061 5.6
    endloop
  endfacet
  facet normal 0 0 -1
    outer loop
      vertex 0.133972 33.7 5.6
      vertex 0 33.2 5.6
      vertex 0.0761261 33.5827 5.6
    endloop
  endfacet
  facet normal 0 0 -1
    outer loop
      vertex 0 33.2 5.6
      vertex 0.0608978 22.2061 5.6
      vertex 0.0272675 22.1071 5.6
    endloop
  endfacet
  facet normal 0 0 -1
    outer loop
      vertex 0.0761261 33.5827 5.6
      vertex 0 33.2 5.6
      vertex 0.0340729 33.4588 5.6
    endloop
  endfacet
  facet normal 0 0 -1
    outer loop
      vertex 0 33.2 5.6
      vertex 0.0272675 22.1071 5.6
      vertex 0.0068512 22.0044 5.6
    endloop
  endfacet
  facet normal 0 0 -1
    outer loop
      vertex 0 33.2 5.6
      vertex 0.0068512 22.0044 5.6
      vertex 0 21.9 5.6
    endloop
  endfacet
  facet normal 0 0 -1
    outer loop
      vertex 0.0340729 33.4588 5.6
      vertex 0 33.2 5.6
      vertex 0.00856018 33.3305 5.6
    endloop
  endfacet
  facet normal 0.997836 -0.0657457 0
    outer loop
      vertex 46.6914 0.869476 29.4
      vertex 46.7 1 28.4
      vertex 46.7 1 29.4
    endloop
  endfacet
  facet normal 0.997836 -0.0657457 0
    outer loop
      vertex 46.7 1 28.4
      vertex 46.6914 0.869476 29.4
      vertex 46.6914 0.869476 28.4
    endloop
  endfacet
  facet normal 0.997836 -0.0657457 0
    outer loop
      vertex 46.6914 0.869476 25.2
      vertex 46.7 1 5.6
      vertex 46.7 1 25.2
    endloop
  endfacet
  facet normal 0.997836 -0.0657457 0
    outer loop
      vertex 46.7 1 5.6
      vertex 46.6914 0.869476 25.2
      vertex 46.6914 0.869476 5.6
    endloop
  endfacet
  facet normal 0 0 1
    outer loop
      vertex 45.1 32.6 29.4
      vertex 46.7 33.2 29.4
      vertex 46.6914 33.3305 29.4
    endloop
  endfacet
  facet normal 0 0 1
    outer loop
      vertex 46.7 33.2 29.4
      vertex 45.1 32.6 29.4
      vertex 46.7 1 29.4
    endloop
  endfacet
  facet normal 0 0 1
    outer loop
      vertex 45.1 32.6 29.4
      vertex 46.6914 33.3305 29.4
      vertex 46.6659 33.4588 29.4
    endloop
  endfacet
  facet normal -0 0 1
    outer loop
      vertex 45.1 1.6 29.4
      vertex 46.7 1 29.4
      vertex 45.1 32.6 29.4
    endloop
  endfacet
  facet normal 0 0 1
    outer loop
      vertex 45.1 32.6 29.4
      vertex 46.6659 33.4588 29.4
      vertex 46.6239 33.5827 29.4
    endloop
  endfacet
  facet normal 0 0 1
    outer loop
      vertex 46.7 1 29.4
      vertex 45.1 1.6 29.4
      vertex 46.6914 0.869476 29.4
    endloop
  endfacet
  facet normal 0 0 1
    outer loop
      vertex 45.1 32.6 29.4
      vertex 46.6239 33.5827 29.4
      vertex 46.566 33.7 29.4
    endloop
  endfacet
  facet normal 0 0 1
    outer loop
      vertex 46.6914 0.869476 29.4
      vertex 45.1 1.6 29.4
      vertex 46.6659 0.74118 29.4
    endloop
  endfacet
  facet normal 0 0 1
    outer loop
      vertex 45.1 32.6 29.4
      vertex 46.566 33.7 29.4
      vertex 46.4933 33.8088 29.4
    endloop
  endfacet
  facet normal 0 0 1
    outer loop
      vertex 46.6659 0.74118 29.4
      vertex 45.1 1.6 29.4
      vertex 46.6239 0.61731 29.4
    endloop
  endfacet
  facet normal 0 0 1
    outer loop
      vertex 45.1 32.6 29.4
      vertex 46.4933 33.8088 29.4
      vertex 46.4071 33.9071 29.4
    endloop
  endfacet
  facet normal 0 0 1
    outer loop
      vertex 46.6239 0.61731 29.4
      vertex 45.1 1.6 29.4
      vertex 46.566 0.5 29.4
    endloop
  endfacet
  facet normal 0 0 1
    outer loop
      vertex 45.1 32.6 29.4
      vertex 46.4071 33.9071 29.4
      vertex 46.3088 33.9933 29.4
    endloop
  endfacet
  facet normal 0 0 1
    outer loop
      vertex 46.566 0.5 29.4
      vertex 45.1 1.6 29.4
      vertex 46.4933 0.391235 29.4
    endloop
  endfacet
  facet normal 0 0 1
    outer loop
      vertex 45.1 32.6 29.4
      vertex 46.3088 33.9933 29.4
      vertex 46.2 34.066 29.4
    endloop
  endfacet
  facet normal 0 0 1
    outer loop
      vertex 46.4933 0.391235 29.4
      vertex 45.1 1.6 29.4
      vertex 46.4071 0.292892 29.4
    endloop
  endfacet
  facet normal 0 0 1
    outer loop
      vertex 45.1 32.6 29.4
      vertex 46.2 34.066 29.4
      vertex 46.0827 34.1239 29.4
    endloop
  endfacet
  facet normal 0 0 1
    outer loop
      vertex 46.4071 0.292892 29.4
      vertex 45.1 1.6 29.4
      vertex 46.3088 0.20665 29.4
    endloop
  endfacet
  facet normal 0 0 1
    outer loop
      vertex 45.1 32.6 29.4
      vertex 46.0827 34.1239 29.4
      vertex 45.9588 34.1659 29.4
    endloop
  endfacet
  facet normal 0 0 1
    outer loop
      vertex 46.3088 0.20665 29.4
      vertex 45.1 1.6 29.4
      vertex 46.2 0.133972 29.4
    endloop
  endfacet
  facet normal 0 0 1
    outer loop
      vertex 45.1 32.6 29.4
      vertex 45.9588 34.1659 29.4
      vertex 45.8305 34.1914 29.4
    endloop
  endfacet
  facet normal 0 0 1
    outer loop
      vertex 46.2 0.133972 29.4
      vertex 45.1 1.6 29.4
      vertex 46.0827 0.0761261 29.4
    endloop
  endfacet
  facet normal 0 0 1
    outer loop
      vertex 45.1 32.6 29.4
      vertex 45.8305 34.1914 29.4
      vertex 45.7 34.2 29.4
    endloop
  endfacet
  facet normal 0 0 1
    outer loop
      vertex 46.0827 0.0761261 29.4
      vertex 45.1 1.6 29.4
      vertex 45.9588 0.0340729 29.4
    endloop
  endfacet
  facet normal 0 0 1
    outer loop
      vertex 45.9588 0.0340729 29.4
      vertex 45.1 1.6 29.4
      vertex 45.8305 0.00856018 29.4
    endloop
  endfacet
  facet normal 0 0 1
    outer loop
      vertex 45.7 34.2 29.4
      vertex 1.6 32.6 29.4
      vertex 45.1 32.6 29.4
    endloop
  endfacet
  facet normal -0 0 1
    outer loop
      vertex 0.869476 34.1914 29.4
      vertex 1.6 32.6 29.4
      vertex 1 34.2 29.4
    endloop
  endfacet
  facet normal -0 0 1
    outer loop
      vertex 1 34.2 29.4
      vertex 1.6 32.6 29.4
      vertex 45.7 34.2 29.4
    endloop
  endfacet
  facet normal 0 0 1
    outer loop
      vertex 45.8305 0.00856018 29.4
      vertex 45.1 1.6 29.4
      vertex 45.7 0 29.4
    endloop
  endfacet
  facet normal -0 0 1
    outer loop
      vertex 1.6 1.6 29.4
      vertex 45.7 0 29.4
      vertex 45.1 1.6 29.4
    endloop
  endfacet
  facet normal 0 0 1
    outer loop
      vertex 1.6 1.6 29.4
      vertex 1 0 29.4
      vertex 45.7 0 29.4
    endloop
  endfacet
  facet normal 0 0 1
    outer loop
      vertex 1.6 32.6 29.4
      vertex 0 33.2 29.4
      vertex 1.6 1.6 29.4
    endloop
  endfacet
  facet normal -0 0 1
    outer loop
      vertex 0.74118 34.1659 29.4
      vertex 1.6 32.6 29.4
      vertex 0.869476 34.1914 29.4
    endloop
  endfacet
  facet normal 0 0 1
    outer loop
      vertex 0 1 29.4
      vertex 1.6 1.6 29.4
      vertex 0 33.2 29.4
    endloop
  endfacet
  facet normal -0 0 1
    outer loop
      vertex 0.61731 34.1239 29.4
      vertex 1.6 32.6 29.4
      vertex 0.74118 34.1659 29.4
    endloop
  endfacet
  facet normal 0 -0 1
    outer loop
      vertex 0.00856018 0.869476 29.4
      vertex 1.6 1.6 29.4
      vertex 0 1 29.4
    endloop
  endfacet
  facet normal -0 0 1
    outer loop
      vertex 0.5 34.066 29.4
      vertex 1.6 32.6 29.4
      vertex 0.61731 34.1239 29.4
    endloop
  endfacet
  facet normal 0 0 1
    outer loop
      vertex 1.6 1.6 29.4
      vertex 0.869476 0.00856018 29.4
      vertex 1 0 29.4
    endloop
  endfacet
  facet normal -0 0 1
    outer loop
      vertex 0.391235 33.9933 29.4
      vertex 1.6 32.6 29.4
      vertex 0.5 34.066 29.4
    endloop
  endfacet
  facet normal 0 0 1
    outer loop
      vertex 1.6 1.6 29.4
      vertex 0.74118 0.0340729 29.4
      vertex 0.869476 0.00856018 29.4
    endloop
  endfacet
  facet normal -0 0 1
    outer loop
      vertex 0.292892 33.9071 29.4
      vertex 1.6 32.6 29.4
      vertex 0.391235 33.9933 29.4
    endloop
  endfacet
  facet normal 0 0 1
    outer loop
      vertex 1.6 1.6 29.4
      vertex 0.61731 0.0761261 29.4
      vertex 0.74118 0.0340729 29.4
    endloop
  endfacet
  facet normal -0 0 1
    outer loop
      vertex 0.20665 33.8088 29.4
      vertex 1.6 32.6 29.4
      vertex 0.292892 33.9071 29.4
    endloop
  endfacet
  facet normal 0 0 1
    outer loop
      vertex 1.6 1.6 29.4
      vertex 0.5 0.133972 29.4
      vertex 0.61731 0.0761261 29.4
    endloop
  endfacet
  facet normal -0 0 1
    outer loop
      vertex 0.133972 33.7 29.4
      vertex 1.6 32.6 29.4
      vertex 0.20665 33.8088 29.4
    endloop
  endfacet
  facet normal 0 0 1
    outer loop
      vertex 1.6 1.6 29.4
      vertex 0.391235 0.20665 29.4
      vertex 0.5 0.133972 29.4
    endloop
  endfacet
  facet normal -0 0 1
    outer loop
      vertex 0.0761261 33.5827 29.4
      vertex 1.6 32.6 29.4
      vertex 0.133972 33.7 29.4
    endloop
  endfacet
  facet normal 0 0 1
    outer loop
      vertex 1.6 1.6 29.4
      vertex 0.292892 0.292892 29.4
      vertex 0.391235 0.20665 29.4
    endloop
  endfacet
  facet normal -0 0 1
    outer loop
      vertex 0.0340729 33.4588 29.4
      vertex 1.6 32.6 29.4
      vertex 0.0761261 33.5827 29.4
    endloop
  endfacet
  facet normal 0 0 1
    outer loop
      vertex 1.6 1.6 29.4
      vertex 0.20665 0.391235 29.4
      vertex 0.292892 0.292892 29.4
    endloop
  endfacet
  facet normal -0 0 1
    outer loop
      vertex 0.00856018 33.3305 29.4
      vertex 1.6 32.6 29.4
      vertex 0.0340729 33.4588 29.4
    endloop
  endfacet
  facet normal 0 0 1
    outer loop
      vertex 1.6 1.6 29.4
      vertex 0.133972 0.5 29.4
      vertex 0.20665 0.391235 29.4
    endloop
  endfacet
  facet normal 0 0 1
    outer loop
      vertex 1.6 32.6 29.4
      vertex 0.00856018 33.3305 29.4
      vertex 0 33.2 29.4
    endloop
  endfacet
  facet normal 0 0 1
    outer loop
      vertex 1.6 1.6 29.4
      vertex 0.0761261 0.61731 29.4
      vertex 0.133972 0.5 29.4
    endloop
  endfacet
  facet normal 0 0 1
    outer loop
      vertex 1.6 1.6 29.4
      vertex 0.0340729 0.74118 29.4
      vertex 0.0761261 0.61731 29.4
    endloop
  endfacet
  facet normal 0 0 1
    outer loop
      vertex 1.6 1.6 29.4
      vertex 0.00856018 0.869476 29.4
      vertex 0.0340729 0.74118 29.4
    endloop
  endfacet
  facet normal 0.442288 -0.896873 0
    outer loop
      vertex 46.0827 0.0761261 5.6
      vertex 46.2 0.133972 29.4
      vertex 46.0827 0.0761261 29.4
    endloop
  endfacet
  facet normal 0.442288 -0.896873 0
    outer loop
      vertex 46.2 0.133972 29.4
      vertex 46.0827 0.0761261 5.6
      vertex 46.2 0.133972 5.6
    endloop
  endfacet
  facet normal 0.555465 -0.83154 0
    outer loop
      vertex 46.2 0.133972 5.6
      vertex 46.3088 0.20665 29.4
      vertex 46.2 0.133972 29.4
    endloop
  endfacet
  facet normal 0.555465 -0.83154 0
    outer loop
      vertex 46.3088 0.20665 29.4
      vertex 46.2 0.133972 5.6
      vertex 46.3088 0.20665 5.6
    endloop
  endfacet
  facet normal 0.321388 -0.946948 0
    outer loop
      vertex 46.1071 11.5273 5.72205e-07
      vertex 46.2061 11.5609 5.6
      vertex 46.1071 11.5273 5.6
    endloop
  endfacet
  facet normal 0.321388 -0.946948 0
    outer loop
      vertex 46.2061 11.5609 5.6
      vertex 46.1071 11.5273 5.72205e-07
      vertex 46.2061 11.5609 5.72205e-07
    endloop
  endfacet
  facet normal 0.980837 -0.19483 0
    outer loop
      vertex 46.6727 12.0929 5.6
      vertex 46.6931 12.1956 5.72205e-07
      vertex 46.6931 12.1956 5.6
    endloop
  endfacet
  facet normal 0.980837 -0.19483 0
    outer loop
      vertex 46.6931 12.1956 5.72205e-07
      vertex 46.6727 12.0929 5.6
      vertex 46.6727 12.0929 5.72205e-07
    endloop
  endfacet
  facet normal 0.321388 0.946948 -0
    outer loop
      vertex 46.2061 22.6391 5.72205e-07
      vertex 46.1071 22.6727 5.6
      vertex 46.2061 22.6391 5.6
    endloop
  endfacet
  facet normal 0.321388 0.946948 0
    outer loop
      vertex 46.1071 22.6727 5.6
      vertex 46.2061 22.6391 5.72205e-07
      vertex 46.1071 22.6727 5.72205e-07
    endloop
  endfacet
  facet normal 0.896897 -0.44224 0
    outer loop
      vertex 46.5928 11.9 5.6
      vertex 46.6391 11.9939 5.72205e-07
      vertex 46.6391 11.9939 5.6
    endloop
  endfacet
  facet normal 0.896897 -0.44224 0
    outer loop
      vertex 46.6391 11.9939 5.72205e-07
      vertex 46.5928 11.9 5.6
      vertex 46.5928 11.9 5.72205e-07
    endloop
  endfacet
  facet normal -0.946859 -0.321648 0
    outer loop
      vertex 0.0608978 11.9939 5.72205e-07
      vertex 0.0272675 12.0929 5.6
      vertex 0.0272675 12.0929 5.72205e-07
    endloop
  endfacet
  facet normal -0.946859 -0.321648 0
    outer loop
      vertex 0.0272675 12.0929 5.6
      vertex 0.0608978 11.9939 5.72205e-07
      vertex 0.0608978 11.9939 5.6
    endloop
  endfacet
  facet normal 0.751925 0.659248 0
    outer loop
      vertex 46.5347 22.387 5.6
      vertex 46.4657 22.4657 5.72205e-07
      vertex 46.4657 22.4657 5.6
    endloop
  endfacet
  facet normal 0.751925 0.659248 0
    outer loop
      vertex 46.4657 22.4657 5.72205e-07
      vertex 46.5347 22.387 5.6
      vertex 46.5347 22.387 5.72205e-07
    endloop
  endfacet
  facet normal 0.19483 -0.980837 0
    outer loop
      vertex 46.0044 11.5069 5.72205e-07
      vertex 46.1071 11.5273 5.6
      vertex 46.0044 11.5069 5.6
    endloop
  endfacet
  facet normal 0.19483 -0.980837 0
    outer loop
      vertex 46.1071 11.5273 5.6
      vertex 46.0044 11.5069 5.72205e-07
      vertex 46.1071 11.5273 5.72205e-07
    endloop
  endfacet
  facet normal -0.321126 0.947036 0
    outer loop
      vertex 0.592941 22.6727 5.72205e-07
      vertex 0.493851 22.6391 5.6
      vertex 0.592941 22.6727 5.6
    endloop
  endfacet
  facet normal -0.321126 0.947036 0
    outer loop
      vertex 0.493851 22.6391 5.6
      vertex 0.592941 22.6727 5.72205e-07
      vertex 0.493851 22.6391 5.72205e-07
    endloop
  endfacet
  facet normal -0.83145 -0.5556 0
    outer loop
      vertex 0.165314 11.813 5.72205e-07
      vertex 0.107178 11.9 5.6
      vertex 0.107178 11.9 5.72205e-07
    endloop
  endfacet
  facet normal -0.83145 -0.5556 0
    outer loop
      vertex 0.107178 11.9 5.6
      vertex 0.165314 11.813 5.72205e-07
      vertex 0.165314 11.813 5.6
    endloop
  endfacet
  facet normal 0.0659481 -0.997823 0
    outer loop
      vertex 45.9 11.5 5.72205e-07
      vertex 46.0044 11.5069 5.6
      vertex 45.9 11.5 5.6
    endloop
  endfacet
  facet normal 0.0659481 -0.997823 0
    outer loop
      vertex 46.0044 11.5069 5.6
      vertex 45.9 11.5 5.72205e-07
      vertex 46.0044 11.5069 5.72205e-07
    endloop
  endfacet
  facet normal 0 -1 0
    outer loop
      vertex 0.800003 11.5 5.72205e-07
      vertex 45.9 11.5 5.6
      vertex 0.800003 11.5 5.6
    endloop
  endfacet
  facet normal 0 -1 -0
    outer loop
      vertex 45.9 11.5 5.6
      vertex 0.800003 11.5 5.72205e-07
      vertex 45.9 11.5 5.72205e-07
    endloop
  endfacet
  facet normal 0 1 -0
    outer loop
      vertex 45.9 22.7 5.72205e-07
      vertex 0.800003 22.7 5.6
      vertex 45.9 22.7 5.6
    endloop
  endfacet
  facet normal 0 1 0
    outer loop
      vertex 0.800003 22.7 5.6
      vertex 45.9 22.7 5.72205e-07
      vertex 0.800003 22.7 5.72205e-07
    endloop
  endfacet
  facet normal 0.659248 -0.751925 0
    outer loop
      vertex 46.387 11.6653 5.72205e-07
      vertex 46.4657 11.7343 5.6
      vertex 46.387 11.6653 5.6
    endloop
  endfacet
  facet normal 0.659248 -0.751925 0
    outer loop
      vertex 46.4657 11.7343 5.6
      vertex 46.387 11.6653 5.72205e-07
      vertex 46.4657 11.7343 5.72205e-07
    endloop
  endfacet
  facet normal -0.44246 0.896788 0
    outer loop
      vertex 0.493851 22.6391 5.72205e-07
      vertex 0.400009 22.5928 5.6
      vertex 0.493851 22.6391 5.6
    endloop
  endfacet
  facet normal -0.44246 0.896788 0
    outer loop
      vertex 0.400009 22.5928 5.6
      vertex 0.493851 22.6391 5.72205e-07
      vertex 0.400009 22.5928 5.72205e-07
    endloop
  endfacet
  facet normal -0.751925 -0.659248 0
    outer loop
      vertex 0.234314 11.7343 5.72205e-07
      vertex 0.165314 11.813 5.6
      vertex 0.165314 11.813 5.72205e-07
    endloop
  endfacet
  facet normal -0.751925 -0.659248 0
    outer loop
      vertex 0.165314 11.813 5.6
      vertex 0.234314 11.7343 5.72205e-07
      vertex 0.234314 11.7343 5.6
    endloop
  endfacet
  facet normal 0.44224 0.896897 -0
    outer loop
      vertex 46.3 22.5928 5.72205e-07
      vertex 46.2061 22.6391 5.6
      vertex 46.3 22.5928 5.6
    endloop
  endfacet
  facet normal 0.44224 0.896897 0
    outer loop
      vertex 46.2061 22.6391 5.6
      vertex 46.3 22.5928 5.72205e-07
      vertex 46.2061 22.6391 5.72205e-07
    endloop
  endfacet
  facet normal -0.896972 0.442088 0
    outer loop
      vertex 0.0608978 22.2061 5.72205e-07
      vertex 0.107178 22.3 5.6
      vertex 0.107178 22.3 5.72205e-07
    endloop
  endfacet
  facet normal -0.896972 0.442088 0
    outer loop
      vertex 0.107178 22.3 5.6
      vertex 0.0608978 22.2061 5.72205e-07
      vertex 0.0608978 22.2061 5.6
    endloop
  endfacet
  facet normal -0.321126 -0.947036 0
    outer loop
      vertex 0.493851 11.5609 5.72205e-07
      vertex 0.592941 11.5273 5.6
      vertex 0.493851 11.5609 5.6
    endloop
  endfacet
  facet normal -0.321126 -0.947036 -0
    outer loop
      vertex 0.592941 11.5273 5.6
      vertex 0.493851 11.5609 5.72205e-07
      vertex 0.592941 11.5273 5.72205e-07
    endloop
  endfacet
  facet normal -0.065938 0.997824 0
    outer loop
      vertex 0.800003 22.7 5.72205e-07
      vertex 0.695587 22.6931 5.6
      vertex 0.800003 22.7 5.6
    endloop
  endfacet
  facet normal -0.065938 0.997824 0
    outer loop
      vertex 0.695587 22.6931 5.6
      vertex 0.800003 22.7 5.72205e-07
      vertex 0.695587 22.6931 5.72205e-07
    endloop
  endfacet
  facet normal -0.194929 0.980817 0
    outer loop
      vertex 0.695587 22.6931 5.72205e-07
      vertex 0.592941 22.6727 5.6
      vertex 0.695587 22.6931 5.6
    endloop
  endfacet
  facet normal -0.194929 0.980817 0
    outer loop
      vertex 0.592941 22.6727 5.6
      vertex 0.695587 22.6931 5.72205e-07
      vertex 0.592941 22.6727 5.72205e-07
    endloop
  endfacet
  facet normal -0.83145 0.5556 0
    outer loop
      vertex 0.107178 22.3 5.72205e-07
      vertex 0.165314 22.387 5.6
      vertex 0.165314 22.387 5.72205e-07
    endloop
  endfacet
  facet normal -0.83145 0.5556 0
    outer loop
      vertex 0.165314 22.387 5.6
      vertex 0.107178 22.3 5.72205e-07
      vertex 0.107178 22.3 5.6
    endloop
  endfacet
  facet normal -0.065938 -0.997824 0
    outer loop
      vertex 0.695587 11.5069 5.72205e-07
      vertex 0.800003 11.5 5.6
      vertex 0.695587 11.5069 5.6
    endloop
  endfacet
  facet normal -0.065938 -0.997824 -0
    outer loop
      vertex 0.800003 11.5 5.6
      vertex 0.695587 11.5069 5.72205e-07
      vertex 0.800003 11.5 5.72205e-07
    endloop
  endfacet
  facet normal -0.194929 -0.980817 0
    outer loop
      vertex 0.592941 11.5273 5.72205e-07
      vertex 0.695587 11.5069 5.6
      vertex 0.592941 11.5273 5.6
    endloop
  endfacet
  facet normal -0.194929 -0.980817 -0
    outer loop
      vertex 0.695587 11.5069 5.6
      vertex 0.592941 11.5273 5.72205e-07
      vertex 0.695587 11.5069 5.72205e-07
    endloop
  endfacet
  facet normal 0.997823 -0.0659481 0
    outer loop
      vertex 46.6931 12.1956 5.6
      vertex 46.7 12.3 5.72205e-07
      vertex 46.7 12.3 5.6
    endloop
  endfacet
  facet normal 0.997823 -0.0659481 0
    outer loop
      vertex 46.7 12.3 5.72205e-07
      vertex 46.6931 12.1956 5.6
      vertex 46.6931 12.1956 5.72205e-07
    endloop
  endfacet
  facet normal 0.44224 -0.896897 0
    outer loop
      vertex 46.2061 11.5609 5.72205e-07
      vertex 46.3 11.6072 5.6
      vertex 46.2061 11.5609 5.6
    endloop
  endfacet
  facet normal 0.44224 -0.896897 0
    outer loop
      vertex 46.3 11.6072 5.6
      vertex 46.2061 11.5609 5.72205e-07
      vertex 46.3 11.6072 5.72205e-07
    endloop
  endfacet
  facet normal 0.997823 0.0659481 0
    outer loop
      vertex 46.7 21.9 5.6
      vertex 46.6931 22.0044 5.72205e-07
      vertex 46.6931 22.0044 5.6
    endloop
  endfacet
  facet normal 0.997823 0.0659481 0
    outer loop
      vertex 46.6931 22.0044 5.72205e-07
      vertex 46.7 21.9 5.6
      vertex 46.7 21.9 5.72205e-07
    endloop
  endfacet
  facet normal -0.997854 0.0654837 0
    outer loop
      vertex 0 21.9 5.72205e-07
      vertex 0.0068512 22.0044 5.6
      vertex 0.0068512 22.0044 5.72205e-07
    endloop
  endfacet
  facet normal -0.997854 0.0654837 0
    outer loop
      vertex 0.0068512 22.0044 5.6
      vertex 0 21.9 5.72205e-07
      vertex 0 21.9 5.6
    endloop
  endfacet
  facet normal 0.831609 0.555362 0
    outer loop
      vertex 46.5928 22.3 5.6
      vertex 46.5347 22.387 5.72205e-07
      vertex 46.5347 22.387 5.6
    endloop
  endfacet
  facet normal 0.831609 0.555362 0
    outer loop
      vertex 46.5347 22.387 5.72205e-07
      vertex 46.5928 22.3 5.6
      vertex 46.5928 22.3 5.72205e-07
    endloop
  endfacet
  facet normal -0.659371 -0.751817 0
    outer loop
      vertex 0.234314 11.7343 5.72205e-07
      vertex 0.312988 11.6653 5.6
      vertex 0.234314 11.7343 5.6
    endloop
  endfacet
  facet normal -0.659371 -0.751817 -0
    outer loop
      vertex 0.312988 11.6653 5.6
      vertex 0.234314 11.7343 5.72205e-07
      vertex 0.312988 11.6653 5.72205e-07
    endloop
  endfacet
  facet normal 0.19483 0.980837 -0
    outer loop
      vertex 46.1071 22.6727 5.72205e-07
      vertex 46.0044 22.6931 5.6
      vertex 46.1071 22.6727 5.6
    endloop
  endfacet
  facet normal 0.19483 0.980837 0
    outer loop
      vertex 46.0044 22.6931 5.6
      vertex 46.1071 22.6727 5.72205e-07
      vertex 46.0044 22.6931 5.72205e-07
    endloop
  endfacet
  facet normal -0.555269 -0.831671 0
    outer loop
      vertex 0.312988 11.6653 5.72205e-07
      vertex 0.400009 11.6072 5.6
      vertex 0.312988 11.6653 5.6
    endloop
  endfacet
  facet normal -0.555269 -0.831671 -0
    outer loop
      vertex 0.400009 11.6072 5.6
      vertex 0.312988 11.6653 5.72205e-07
      vertex 0.400009 11.6072 5.72205e-07
    endloop
  endfacet
  facet normal -0.980807 -0.19498 0
    outer loop
      vertex 0.0272675 12.0929 5.72205e-07
      vertex 0.0068512 12.1956 5.6
      vertex 0.0068512 12.1956 5.72205e-07
    endloop
  endfacet
  facet normal -0.980807 -0.19498 0
    outer loop
      vertex 0.0068512 12.1956 5.6
      vertex 0.0272675 12.0929 5.72205e-07
      vertex 0.0272675 12.0929 5.6
    endloop
  endfacet
  facet normal 0.896897 0.44224 0
    outer loop
      vertex 46.6391 22.2061 5.6
      vertex 46.5928 22.3 5.72205e-07
      vertex 46.5928 22.3 5.6
    endloop
  endfacet
  facet normal 0.896897 0.44224 0
    outer loop
      vertex 46.5928 22.3 5.72205e-07
      vertex 46.6391 22.2061 5.6
      vertex 46.6391 22.2061 5.72205e-07
    endloop
  endfacet
  facet normal 0.659248 0.751925 -0
    outer loop
      vertex 46.4657 22.4657 5.72205e-07
      vertex 46.387 22.5347 5.6
      vertex 46.4657 22.4657 5.6
    endloop
  endfacet
  facet normal 0.659248 0.751925 0
    outer loop
      vertex 46.387 22.5347 5.6
      vertex 46.4657 22.4657 5.72205e-07
      vertex 46.387 22.5347 5.72205e-07
    endloop
  endfacet
  facet normal 0.0659481 0.997823 -0
    outer loop
      vertex 46.0044 22.6931 5.72205e-07
      vertex 45.9 22.7 5.6
      vertex 46.0044 22.6931 5.6
    endloop
  endfacet
  facet normal 0.0659481 0.997823 0
    outer loop
      vertex 45.9 22.7 5.6
      vertex 46.0044 22.6931 5.72205e-07
      vertex 45.9 22.7 5.72205e-07
    endloop
  endfacet
  facet normal -0.44246 -0.896788 0
    outer loop
      vertex 0.400009 11.6072 5.72205e-07
      vertex 0.493851 11.5609 5.6
      vertex 0.400009 11.6072 5.6
    endloop
  endfacet
  facet normal -0.44246 -0.896788 -0
    outer loop
      vertex 0.493851 11.5609 5.6
      vertex 0.400009 11.6072 5.72205e-07
      vertex 0.493851 11.5609 5.72205e-07
    endloop
  endfacet
  facet normal 0.555362 0.831609 -0
    outer loop
      vertex 46.387 22.5347 5.72205e-07
      vertex 46.3 22.5928 5.6
      vertex 46.387 22.5347 5.6
    endloop
  endfacet
  facet normal 0.555362 0.831609 0
    outer loop
      vertex 46.3 22.5928 5.6
      vertex 46.387 22.5347 5.72205e-07
      vertex 46.3 22.5928 5.72205e-07
    endloop
  endfacet
  facet normal -0.751925 0.659248 0
    outer loop
      vertex 0.165314 22.387 5.72205e-07
      vertex 0.234314 22.4657 5.6
      vertex 0.234314 22.4657 5.72205e-07
    endloop
  endfacet
  facet normal -0.751925 0.659248 0
    outer loop
      vertex 0.234314 22.4657 5.6
      vertex 0.165314 22.387 5.72205e-07
      vertex 0.165314 22.387 5.6
    endloop
  endfacet
  facet normal -0.980807 0.19498 0
    outer loop
      vertex 0.0068512 22.0044 5.72205e-07
      vertex 0.0272675 22.1071 5.6
      vertex 0.0272675 22.1071 5.72205e-07
    endloop
  endfacet
  facet normal -0.980807 0.19498 0
    outer loop
      vertex 0.0272675 22.1071 5.6
      vertex 0.0068512 22.0044 5.72205e-07
      vertex 0.0068512 22.0044 5.6
    endloop
  endfacet
  facet normal -0.896972 -0.442088 0
    outer loop
      vertex 0.107178 11.9 5.72205e-07
      vertex 0.0608978 11.9939 5.6
      vertex 0.0608978 11.9939 5.72205e-07
    endloop
  endfacet
  facet normal -0.896972 -0.442088 0
    outer loop
      vertex 0.0608978 11.9939 5.6
      vertex 0.107178 11.9 5.72205e-07
      vertex 0.107178 11.9 5.6
    endloop
  endfacet
  facet normal -0.997854 -0.0654837 0
    outer loop
      vertex 0.0068512 12.1956 5.72205e-07
      vertex 0 12.3 5.6
      vertex 0 12.3 5.72205e-07
    endloop
  endfacet
  facet normal -0.997854 -0.0654837 0
    outer loop
      vertex 0 12.3 5.6
      vertex 0.0068512 12.1956 5.72205e-07
      vertex 0.0068512 12.1956 5.6
    endloop
  endfacet
  facet normal 0.751925 -0.659248 0
    outer loop
      vertex 46.4657 11.7343 5.6
      vertex 46.5347 11.813 5.72205e-07
      vertex 46.5347 11.813 5.6
    endloop
  endfacet
  facet normal 0.751925 -0.659248 0
    outer loop
      vertex 46.5347 11.813 5.72205e-07
      vertex 46.4657 11.7343 5.6
      vertex 46.4657 11.7343 5.72205e-07
    endloop
  endfacet
  facet normal 0.946948 0.321388 0
    outer loop
      vertex 46.6727 22.1071 5.6
      vertex 46.6391 22.2061 5.72205e-07
      vertex 46.6391 22.2061 5.6
    endloop
  endfacet
  facet normal 0.946948 0.321388 0
    outer loop
      vertex 46.6391 22.2061 5.72205e-07
      vertex 46.6727 22.1071 5.6
      vertex 46.6727 22.1071 5.72205e-07
    endloop
  endfacet
  facet normal 0.831609 -0.555362 0
    outer loop
      vertex 46.5347 11.813 5.6
      vertex 46.5928 11.9 5.72205e-07
      vertex 46.5928 11.9 5.6
    endloop
  endfacet
  facet normal 0.831609 -0.555362 0
    outer loop
      vertex 46.5928 11.9 5.72205e-07
      vertex 46.5347 11.813 5.6
      vertex 46.5347 11.813 5.72205e-07
    endloop
  endfacet
  facet normal -0.946859 0.321648 0
    outer loop
      vertex 0.0272675 22.1071 5.72205e-07
      vertex 0.0608978 22.2061 5.6
      vertex 0.0608978 22.2061 5.72205e-07
    endloop
  endfacet
  facet normal -0.946859 0.321648 0
    outer loop
      vertex 0.0608978 22.2061 5.6
      vertex 0.0272675 22.1071 5.72205e-07
      vertex 0.0272675 22.1071 5.6
    endloop
  endfacet
  facet normal 0.555362 -0.831609 0
    outer loop
      vertex 46.3 11.6072 5.72205e-07
      vertex 46.387 11.6653 5.6
      vertex 46.3 11.6072 5.6
    endloop
  endfacet
  facet normal 0.555362 -0.831609 0
    outer loop
      vertex 46.387 11.6653 5.6
      vertex 46.3 11.6072 5.72205e-07
      vertex 46.387 11.6653 5.72205e-07
    endloop
  endfacet
  facet normal -0.659371 0.751817 0
    outer loop
      vertex 0.312988 22.5347 5.72205e-07
      vertex 0.234314 22.4657 5.6
      vertex 0.312988 22.5347 5.6
    endloop
  endfacet
  facet normal -0.659371 0.751817 0
    outer loop
      vertex 0.234314 22.4657 5.6
      vertex 0.312988 22.5347 5.72205e-07
      vertex 0.234314 22.4657 5.72205e-07
    endloop
  endfacet
  facet normal -0.555269 0.831671 0
    outer loop
      vertex 0.400009 22.5928 5.72205e-07
      vertex 0.312988 22.5347 5.6
      vertex 0.400009 22.5928 5.6
    endloop
  endfacet
  facet normal -0.555269 0.831671 0
    outer loop
      vertex 0.312988 22.5347 5.6
      vertex 0.400009 22.5928 5.72205e-07
      vertex 0.312988 22.5347 5.72205e-07
    endloop
  endfacet
  facet normal 0.946948 -0.321388 0
    outer loop
      vertex 46.6391 11.9939 5.6
      vertex 46.6727 12.0929 5.72205e-07
      vertex 46.6727 12.0929 5.6
    endloop
  endfacet
  facet normal 0.946948 -0.321388 0
    outer loop
      vertex 46.6727 12.0929 5.72205e-07
      vertex 46.6391 11.9939 5.6
      vertex 46.6391 11.9939 5.72205e-07
    endloop
  endfacet
  facet normal 0.980837 0.19483 0
    outer loop
      vertex 46.6931 22.0044 5.6
      vertex 46.6727 22.1071 5.72205e-07
      vertex 46.6727 22.1071 5.6
    endloop
  endfacet
  facet normal 0.980837 0.19483 0
    outer loop
      vertex 46.6727 22.1071 5.72205e-07
      vertex 46.6931 22.0044 5.6
      vertex 46.6931 22.0044 5.72205e-07
    endloop
  endfacet
  facet normal 0 0 -1
    outer loop
      vertex 45.9 11.5 5.72205e-07
      vertex 46.7 12.3 5.72205e-07
      vertex 46.6931 12.1956 5.72205e-07
    endloop
  endfacet
  facet normal 0 0 -1
    outer loop
      vertex 45.9 11.5 5.72205e-07
      vertex 46.6931 12.1956 5.72205e-07
      vertex 46.6727 12.0929 5.72205e-07
    endloop
  endfacet
  facet normal 0 0 -1
    outer loop
      vertex 45.9 11.5 5.72205e-07
      vertex 46.6727 12.0929 5.72205e-07
      vertex 46.6391 11.9939 5.72205e-07
    endloop
  endfacet
  facet normal 0 0 -1
    outer loop
      vertex 45.9 11.5 5.72205e-07
      vertex 46.6391 11.9939 5.72205e-07
      vertex 46.5928 11.9 5.72205e-07
    endloop
  endfacet
  facet normal 0 0 -1
    outer loop
      vertex 45.9 11.5 5.72205e-07
      vertex 46.5928 11.9 5.72205e-07
      vertex 46.5347 11.813 5.72205e-07
    endloop
  endfacet
  facet normal 0 0 -1
    outer loop
      vertex 45.9 11.5 5.72205e-07
      vertex 46.5347 11.813 5.72205e-07
      vertex 46.4657 11.7343 5.72205e-07
    endloop
  endfacet
  facet normal 0 0 -1
    outer loop
      vertex 45.9 11.5 5.72205e-07
      vertex 46.4657 11.7343 5.72205e-07
      vertex 46.387 11.6653 5.72205e-07
    endloop
  endfacet
  facet normal 0 0 -1
    outer loop
      vertex 45.9 11.5 5.72205e-07
      vertex 46.387 11.6653 5.72205e-07
      vertex 46.3 11.6072 5.72205e-07
    endloop
  endfacet
  facet normal 0 0 -1
    outer loop
      vertex 45.9 11.5 5.72205e-07
      vertex 46.3 11.6072 5.72205e-07
      vertex 46.2061 11.5609 5.72205e-07
    endloop
  endfacet
  facet normal 0 0 -1
    outer loop
      vertex 45.9 11.5 5.72205e-07
      vertex 46.2061 11.5609 5.72205e-07
      vertex 46.1071 11.5273 5.72205e-07
    endloop
  endfacet
  facet normal 0 0 -1
    outer loop
      vertex 45.9 11.5 5.72205e-07
      vertex 46.1071 11.5273 5.72205e-07
      vertex 46.0044 11.5069 5.72205e-07
    endloop
  endfacet
  facet normal -0 0 -1
    outer loop
      vertex 46.7 12.3 5.72205e-07
      vertex 45.9 11.5 5.72205e-07
      vertex 46.7 13.8 5.72205e-07
    endloop
  endfacet
  facet normal 0 0 -1
    outer loop
      vertex 0.800003 11.5 5.72205e-07
      vertex 46.7 13.8 5.72205e-07
      vertex 45.9 11.5 5.72205e-07
    endloop
  endfacet
  facet normal 0 0 -1
    outer loop
      vertex 0 12.3 5.72205e-07
      vertex 0.800003 11.5 5.72205e-07
      vertex 0.695587 11.5069 5.72205e-07
    endloop
  endfacet
  facet normal 0 0 -1
    outer loop
      vertex 0 12.3 5.72205e-07
      vertex 0.695587 11.5069 5.72205e-07
      vertex 0.592941 11.5273 5.72205e-07
    endloop
  endfacet
  facet normal 0 0 -1
    outer loop
      vertex 0 12.3 5.72205e-07
      vertex 0.592941 11.5273 5.72205e-07
      vertex 0.493851 11.5609 5.72205e-07
    endloop
  endfacet
  facet normal 0 0 -1
    outer loop
      vertex 0 12.3 5.72205e-07
      vertex 0.493851 11.5609 5.72205e-07
      vertex 0.400009 11.6072 5.72205e-07
    endloop
  endfacet
  facet normal 0 0 -1
    outer loop
      vertex 0 12.3 5.72205e-07
      vertex 0.400009 11.6072 5.72205e-07
      vertex 0.312988 11.6653 5.72205e-07
    endloop
  endfacet
  facet normal 0 0 -1
    outer loop
      vertex 0 12.3 5.72205e-07
      vertex 0.312988 11.6653 5.72205e-07
      vertex 0.234314 11.7343 5.72205e-07
    endloop
  endfacet
  facet normal 0 0 -1
    outer loop
      vertex 0 12.3 5.72205e-07
      vertex 0.234314 11.7343 5.72205e-07
      vertex 0.165314 11.813 5.72205e-07
    endloop
  endfacet
  facet normal 0 0 -1
    outer loop
      vertex 0 12.3 5.72205e-07
      vertex 0.165314 11.813 5.72205e-07
      vertex 0.107178 11.9 5.72205e-07
    endloop
  endfacet
  facet normal 0 0 -1
    outer loop
      vertex 0 12.3 5.72205e-07
      vertex 0.107178 11.9 5.72205e-07
      vertex 0.0608978 11.9939 5.72205e-07
    endloop
  endfacet
  facet normal 0 0 -1
    outer loop
      vertex 0 12.3 5.72205e-07
      vertex 0.0608978 11.9939 5.72205e-07
      vertex 0.0272675 12.0929 5.72205e-07
    endloop
  endfacet
  facet normal 0 0 -1
    outer loop
      vertex 0 12.3 5.72205e-07
      vertex 0.0272675 12.0929 5.72205e-07
      vertex 0.0068512 12.1956 5.72205e-07
    endloop
  endfacet
  facet normal 0 0 -1
    outer loop
      vertex 0.800003 11.5 5.72205e-07
      vertex 0 12.3 5.72205e-07
      vertex 0 13.8 5.72205e-07
    endloop
  endfacet
  facet normal 0 0 -1
    outer loop
      vertex 0.800003 11.5 5.72205e-07
      vertex 0 13.8 5.72205e-07
      vertex 46.7 13.8 5.72205e-07
    endloop
  endfacet
  facet normal 0 0 -1
    outer loop
      vertex 45.9 22.7 5.72205e-07
      vertex 46.7 21.9 5.72205e-07
      vertex 46.7 20.4 5.72205e-07
    endloop
  endfacet
  facet normal 0 0 -1
    outer loop
      vertex 46.7 21.9 5.72205e-07
      vertex 45.9 22.7 5.72205e-07
      vertex 46.6931 22.0044 5.72205e-07
    endloop
  endfacet
  facet normal 0 0 -1
    outer loop
      vertex 46.6931 22.0044 5.72205e-07
      vertex 45.9 22.7 5.72205e-07
      vertex 46.6727 22.1071 5.72205e-07
    endloop
  endfacet
  facet normal 0 0 -1
    outer loop
      vertex 46.6727 22.1071 5.72205e-07
      vertex 45.9 22.7 5.72205e-07
      vertex 46.6391 22.2061 5.72205e-07
    endloop
  endfacet
  facet normal 0 0 -1
    outer loop
      vertex 46.6391 22.2061 5.72205e-07
      vertex 45.9 22.7 5.72205e-07
      vertex 46.5928 22.3 5.72205e-07
    endloop
  endfacet
  facet normal 0 0 -1
    outer loop
      vertex 46.5928 22.3 5.72205e-07
      vertex 45.9 22.7 5.72205e-07
      vertex 46.5347 22.387 5.72205e-07
    endloop
  endfacet
  facet normal 0 0 -1
    outer loop
      vertex 46.5347 22.387 5.72205e-07
      vertex 45.9 22.7 5.72205e-07
      vertex 46.4657 22.4657 5.72205e-07
    endloop
  endfacet
  facet normal 0 0 -1
    outer loop
      vertex 46.4657 22.4657 5.72205e-07
      vertex 45.9 22.7 5.72205e-07
      vertex 46.387 22.5347 5.72205e-07
    endloop
  endfacet
  facet normal 0 0 -1
    outer loop
      vertex 46.387 22.5347 5.72205e-07
      vertex 45.9 22.7 5.72205e-07
      vertex 46.3 22.5928 5.72205e-07
    endloop
  endfacet
  facet normal 0 0 -1
    outer loop
      vertex 46.3 22.5928 5.72205e-07
      vertex 45.9 22.7 5.72205e-07
      vertex 46.2061 22.6391 5.72205e-07
    endloop
  endfacet
  facet normal 0 0 -1
    outer loop
      vertex 46.2061 22.6391 5.72205e-07
      vertex 45.9 22.7 5.72205e-07
      vertex 46.1071 22.6727 5.72205e-07
    endloop
  endfacet
  facet normal 0 0 -1
    outer loop
      vertex 46.1071 22.6727 5.72205e-07
      vertex 45.9 22.7 5.72205e-07
      vertex 46.0044 22.6931 5.72205e-07
    endloop
  endfacet
  facet normal 0 0 -1
    outer loop
      vertex 46.7 20.4 5.72205e-07
      vertex 0.800003 22.7 5.72205e-07
      vertex 45.9 22.7 5.72205e-07
    endloop
  endfacet
  facet normal 0 0 -1
    outer loop
      vertex 0 20.4 5.72205e-07
      vertex 0.800003 22.7 5.72205e-07
      vertex 46.7 20.4 5.72205e-07
    endloop
  endfacet
  facet normal 0 0 -1
    outer loop
      vertex 0 21.9 5.72205e-07
      vertex 0.800003 22.7 5.72205e-07
      vertex 0 20.4 5.72205e-07
    endloop
  endfacet
  facet normal 0 0 -1
    outer loop
      vertex 0.800003 22.7 5.72205e-07
      vertex 0 21.9 5.72205e-07
      vertex 0.695587 22.6931 5.72205e-07
    endloop
  endfacet
  facet normal 0 0 -1
    outer loop
      vertex 0.695587 22.6931 5.72205e-07
      vertex 0 21.9 5.72205e-07
      vertex 0.592941 22.6727 5.72205e-07
    endloop
  endfacet
  facet normal 0 0 -1
    outer loop
      vertex 0.592941 22.6727 5.72205e-07
      vertex 0 21.9 5.72205e-07
      vertex 0.493851 22.6391 5.72205e-07
    endloop
  endfacet
  facet normal 0 0 -1
    outer loop
      vertex 0.493851 22.6391 5.72205e-07
      vertex 0 21.9 5.72205e-07
      vertex 0.400009 22.5928 5.72205e-07
    endloop
  endfacet
  facet normal 0 0 -1
    outer loop
      vertex 0.400009 22.5928 5.72205e-07
      vertex 0 21.9 5.72205e-07
      vertex 0.312988 22.5347 5.72205e-07
    endloop
  endfacet
  facet normal 0 0 -1
    outer loop
      vertex 0.312988 22.5347 5.72205e-07
      vertex 0 21.9 5.72205e-07
      vertex 0.234314 22.4657 5.72205e-07
    endloop
  endfacet
  facet normal 0 0 -1
    outer loop
      vertex 0.234314 22.4657 5.72205e-07
      vertex 0 21.9 5.72205e-07
      vertex 0.165314 22.387 5.72205e-07
    endloop
  endfacet
  facet normal 0 0 -1
    outer loop
      vertex 0.165314 22.387 5.72205e-07
      vertex 0 21.9 5.72205e-07
      vertex 0.107178 22.3 5.72205e-07
    endloop
  endfacet
  facet normal 0 0 -1
    outer loop
      vertex 0.107178 22.3 5.72205e-07
      vertex 0 21.9 5.72205e-07
      vertex 0.0608978 22.2061 5.72205e-07
    endloop
  endfacet
  facet normal 0 0 -1
    outer loop
      vertex 0.0608978 22.2061 5.72205e-07
      vertex 0 21.9 5.72205e-07
      vertex 0.0272675 22.1071 5.72205e-07
    endloop
  endfacet
  facet normal 0 0 -1
    outer loop
      vertex 0.0272675 22.1071 5.72205e-07
      vertex 0 21.9 5.72205e-07
      vertex 0.0068512 22.0044 5.72205e-07
    endloop
  endfacet
  facet normal -1 0 0
    outer loop
      vertex 45.1 32.6 7.2
      vertex 45.1 21.6 16.2
      vertex 45.1 32.6 25.2
    endloop
  endfacet
  facet normal -1 0 0
    outer loop
      vertex 45.1 32.6 7.2
      vertex 45.1 21.5424 15.6147
      vertex 45.1 21.6 16.2
    endloop
  endfacet
  facet normal -1 0 0
    outer loop
      vertex 45.1 32.6 7.2
      vertex 45.1 21.3716 15.052
      vertex 45.1 21.5424 15.6147
    endloop
  endfacet
  facet normal -1 0 0
    outer loop
      vertex 45.1 32.6 7.2
      vertex 45.1 21.0944 14.5333
      vertex 45.1 21.3716 15.052
    endloop
  endfacet
  facet normal -1 0 0
    outer loop
      vertex 45.1 32.6 7.2
      vertex 45.1 20.7213 14.0787
      vertex 45.1 21.0944 14.5333
    endloop
  endfacet
  facet normal -1 0 0
    outer loop
      vertex 45.1 32.6 7.2
      vertex 45.1 20.2667 13.7056
      vertex 45.1 20.7213 14.0787
    endloop
  endfacet
  facet normal -1 0 0
    outer loop
      vertex 45.1 32.6 7.2
      vertex 45.1 19.748 13.4284
      vertex 45.1 20.2667 13.7056
    endloop
  endfacet
  facet normal -1 0 0
    outer loop
      vertex 45.1 32.6 7.2
      vertex 45.1 19.1853 13.2576
      vertex 45.1 19.748 13.4284
    endloop
  endfacet
  facet normal -1 0 0
    outer loop
      vertex 45.1 32.6 7.2
      vertex 45.1 18.6 13.2
      vertex 45.1 19.1853 13.2576
    endloop
  endfacet
  facet normal -1 0 0
    outer loop
      vertex 45.1 32.6 7.2
      vertex 45.1 15.6 13.2
      vertex 45.1 18.6 13.2
    endloop
  endfacet
  facet normal -1 0 0
    outer loop
      vertex 45.1 1.6 7.2
      vertex 45.1 15.6 13.2
      vertex 45.1 32.6 7.2
    endloop
  endfacet
  facet normal -1 -0 0
    outer loop
      vertex 45.1 15.6 13.2
      vertex 45.1 1.6 7.2
      vertex 45.1 15.0147 13.2576
    endloop
  endfacet
  facet normal -1 -0 0
    outer loop
      vertex 45.1 12.6576 15.6147
      vertex 45.1 1.6 7.2
      vertex 45.1 12.6 16.2
    endloop
  endfacet
  facet normal -1 -0 0
    outer loop
      vertex 45.1 12.8284 15.052
      vertex 45.1 1.6 7.2
      vertex 45.1 12.6576 15.6147
    endloop
  endfacet
  facet normal -1 -0 0
    outer loop
      vertex 45.1 13.1056 14.5333
      vertex 45.1 1.6 7.2
      vertex 45.1 12.8284 15.052
    endloop
  endfacet
  facet normal -1 -0 0
    outer loop
      vertex 45.1 13.4787 14.0787
      vertex 45.1 1.6 7.2
      vertex 45.1 13.1056 14.5333
    endloop
  endfacet
  facet normal -1 -0 0
    outer loop
      vertex 45.1 13.9333 13.7056
      vertex 45.1 1.6 7.2
      vertex 45.1 13.4787 14.0787
    endloop
  endfacet
  facet normal -1 -0 0
    outer loop
      vertex 45.1 14.452 13.4284
      vertex 45.1 1.6 7.2
      vertex 45.1 13.9333 13.7056
    endloop
  endfacet
  facet normal -1 -0 0
    outer loop
      vertex 45.1 15.0147 13.2576
      vertex 45.1 1.6 7.2
      vertex 45.1 14.452 13.4284
    endloop
  endfacet
  facet normal -1 0 0
    outer loop
      vertex 45.1 21.5424 16.7853
      vertex 45.1 32.6 25.2
      vertex 45.1 21.6 16.2
    endloop
  endfacet
  facet normal -1 0 0
    outer loop
      vertex 45.1 21.3716 17.348
      vertex 45.1 32.6 25.2
      vertex 45.1 21.5424 16.7853
    endloop
  endfacet
  facet normal -1 0 0
    outer loop
      vertex 45.1 21.0944 17.8667
      vertex 45.1 32.6 25.2
      vertex 45.1 21.3716 17.348
    endloop
  endfacet
  facet normal -1 0 0
    outer loop
      vertex 45.1 20.7213 18.3213
      vertex 45.1 32.6 25.2
      vertex 45.1 21.0944 17.8667
    endloop
  endfacet
  facet normal -1 0 0
    outer loop
      vertex 45.1 20.2667 18.6944
      vertex 45.1 32.6 25.2
      vertex 45.1 20.7213 18.3213
    endloop
  endfacet
  facet normal -1 0 0
    outer loop
      vertex 45.1 19.748 18.9716
      vertex 45.1 32.6 25.2
      vertex 45.1 20.2667 18.6944
    endloop
  endfacet
  facet normal -1 0 0
    outer loop
      vertex 45.1 19.1853 19.1424
      vertex 45.1 32.6 25.2
      vertex 45.1 19.748 18.9716
    endloop
  endfacet
  facet normal -1 0 0
    outer loop
      vertex 45.1 18.6 19.2
      vertex 45.1 32.6 25.2
      vertex 45.1 19.1853 19.1424
    endloop
  endfacet
  facet normal -1 0 0
    outer loop
      vertex 45.1 15.6 19.2
      vertex 45.1 32.6 25.2
      vertex 45.1 18.6 19.2
    endloop
  endfacet
  facet normal -1 0 0
    outer loop
      vertex 45.1 1.6 25.2
      vertex 45.1 15.6 19.2
      vertex 45.1 15.0147 19.1424
    endloop
  endfacet
  facet normal -1 0 0
    outer loop
      vertex 45.1 1.6 25.2
      vertex 45.1 15.0147 19.1424
      vertex 45.1 14.452 18.9716
    endloop
  endfacet
  facet normal -1 0 0
    outer loop
      vertex 45.1 1.6 25.2
      vertex 45.1 12.6 16.2
      vertex 45.1 1.6 7.2
    endloop
  endfacet
  facet normal -1 0 0
    outer loop
      vertex 45.1 12.6 16.2
      vertex 45.1 1.6 25.2
      vertex 45.1 12.6576 16.7853
    endloop
  endfacet
  facet normal -1 0 0
    outer loop
      vertex 45.1 12.6576 16.7853
      vertex 45.1 1.6 25.2
      vertex 45.1 12.8284 17.348
    endloop
  endfacet
  facet normal -1 0 0
    outer loop
      vertex 45.1 12.8284 17.348
      vertex 45.1 1.6 25.2
      vertex 45.1 13.1056 17.8667
    endloop
  endfacet
  facet normal -1 0 0
    outer loop
      vertex 45.1 15.6 19.2
      vertex 45.1 1.6 25.2
      vertex 45.1 32.6 25.2
    endloop
  endfacet
  facet normal -1 0 0
    outer loop
      vertex 45.1 13.9333 18.6944
      vertex 45.1 1.6 25.2
      vertex 45.1 14.452 18.9716
    endloop
  endfacet
  facet normal -1 0 0
    outer loop
      vertex 45.1 13.4787 18.3213
      vertex 45.1 1.6 25.2
      vertex 45.1 13.9333 18.6944
    endloop
  endfacet
  facet normal -1 0 0
    outer loop
      vertex 45.1 13.1056 17.8667
      vertex 45.1 1.6 25.2
      vertex 45.1 13.4787 18.3213
    endloop
  endfacet
  facet normal -1 0 0
    outer loop
      vertex 45.1 1.6 28.4
      vertex 45.1 32.6 29.4
      vertex 45.1 32.6 28.4
    endloop
  endfacet
  facet normal -1 -0 0
    outer loop
      vertex 45.1 32.6 29.4
      vertex 45.1 1.6 28.4
      vertex 45.1 1.6 29.4
    endloop
  endfacet
  facet normal -0 0 1
    outer loop
      vertex 1.6 32.6 7.2
      vertex 45.1 1.6 7.2
      vertex 45.1 32.6 7.2
    endloop
  endfacet
  facet normal 0 0 1
    outer loop
      vertex 45.1 1.6 7.2
      vertex 1.6 32.6 7.2
      vertex 1.6 1.6 7.2
    endloop
  endfacet
  facet normal 1 -0 0
    outer loop
      vertex 1.6 0.599999 28.4
      vertex 1.6 1.6 25.2
      vertex 1.6 1.6 28.4
    endloop
  endfacet
  facet normal 1 0 0
    outer loop
      vertex 1.6 1.6 25.2
      vertex 1.6 0.599999 28.4
      vertex 1.6 0.599999 25.2
    endloop
  endfacet
  facet normal 1 0 0
    outer loop
      vertex 1.6 19.3042 21.4838
      vertex 1.6 32.6 28.4
      vertex 1.6 32.6 29.4
    endloop
  endfacet
  facet normal 1 0 0
    outer loop
      vertex 1.6 32.6 28.4
      vertex 1.6 19.7516 21.1017
      vertex 1.6 32.6 25.2
    endloop
  endfacet
  facet normal 1 0 0
    outer loop
      vertex 1.6 32.6 25.2
      vertex 1.6 20.85 18.45
      vertex 1.6 32.6 7.2
    endloop
  endfacet
  facet normal 1 0 0
    outer loop
      vertex 1.6 32.6 25.2
      vertex 1.6 20.8038 19.0366
      vertex 1.6 20.85 18.45
    endloop
  endfacet
  facet normal 1 0 0
    outer loop
      vertex 1.6 32.6 25.2
      vertex 1.6 20.6665 19.6088
      vertex 1.6 20.8038 19.0366
    endloop
  endfacet
  facet normal 1 0 0
    outer loop
      vertex 1.6 32.6 25.2
      vertex 1.6 20.4413 20.1525
      vertex 1.6 20.6665 19.6088
    endloop
  endfacet
  facet normal 1 0 0
    outer loop
      vertex 1.6 32.6 25.2
      vertex 1.6 20.1338 20.6542
      vertex 1.6 20.4413 20.1525
    endloop
  endfacet
  facet normal 1 0 0
    outer loop
      vertex 1.6 32.6 25.2
      vertex 1.6 19.7516 21.1017
      vertex 1.6 20.1338 20.6542
    endloop
  endfacet
  facet normal 1 0 0
    outer loop
      vertex 1.6 32.6 28.4
      vertex 1.6 19.3042 21.4838
      vertex 1.6 19.7516 21.1017
    endloop
  endfacet
  facet normal 1 0 0
    outer loop
      vertex 1.6 32.6 29.4
      vertex 1.6 18.8025 21.7913
      vertex 1.6 19.3042 21.4838
    endloop
  endfacet
  facet normal 1 0 0
    outer loop
      vertex 1.6 32.6 29.4
      vertex 1.6 18.2588 22.0165
      vertex 1.6 18.8025 21.7913
    endloop
  endfacet
  facet normal 1 0 0
    outer loop
      vertex 1.6 32.6 29.4
      vertex 1.6 17.6866 22.1538
      vertex 1.6 18.2588 22.0165
    endloop
  endfacet
  facet normal 1 0 0
    outer loop
      vertex 1.6 32.6 29.4
      vertex 1.6 17.1 22.2
      vertex 1.6 17.6866 22.1538
    endloop
  endfacet
  facet normal 1 -0 0
    outer loop
      vertex 1.6 1.6 29.4
      vertex 1.6 17.1 22.2
      vertex 1.6 32.6 29.4
    endloop
  endfacet
  facet normal 1 0 0
    outer loop
      vertex 1.6 17.1 22.2
      vertex 1.6 1.6 29.4
      vertex 1.6 16.5134 22.1538
    endloop
  endfacet
  facet normal 1 0 0
    outer loop
      vertex 1.6 16.5134 22.1538
      vertex 1.6 1.6 29.4
      vertex 1.6 15.9412 22.0165
    endloop
  endfacet
  facet normal 1 0 0
    outer loop
      vertex 1.6 13.5335 19.6088
      vertex 1.6 1.6 25.2
      vertex 1.6 13.3962 19.0366
    endloop
  endfacet
  facet normal 1 0 0
    outer loop
      vertex 1.6 13.7587 20.1525
      vertex 1.6 1.6 25.2
      vertex 1.6 13.5335 19.6088
    endloop
  endfacet
  facet normal 1 0 0
    outer loop
      vertex 1.6 14.0662 20.6542
      vertex 1.6 1.6 25.2
      vertex 1.6 13.7587 20.1525
    endloop
  endfacet
  facet normal 1 0 0
    outer loop
      vertex 1.6 14.4483 21.1017
      vertex 1.6 1.6 25.2
      vertex 1.6 14.0662 20.6542
    endloop
  endfacet
  facet normal 1 -0 0
    outer loop
      vertex 1.6 1.6 25.2
      vertex 1.6 14.4483 21.1017
      vertex 1.6 1.6 28.4
    endloop
  endfacet
  facet normal 1 0 0
    outer loop
      vertex 1.6 14.8958 21.4838
      vertex 1.6 1.6 28.4
      vertex 1.6 14.4483 21.1017
    endloop
  endfacet
  facet normal 1 -0 0
    outer loop
      vertex 1.6 1.6 28.4
      vertex 1.6 14.8958 21.4838
      vertex 1.6 1.6 29.4
    endloop
  endfacet
  facet normal 1 0 0
    outer loop
      vertex 1.6 15.3975 21.7913
      vertex 1.6 1.6 29.4
      vertex 1.6 14.8958 21.4838
    endloop
  endfacet
  facet normal 1 0 0
    outer loop
      vertex 1.6 15.9412 22.0165
      vertex 1.6 1.6 29.4
      vertex 1.6 15.3975 21.7913
    endloop
  endfacet
  facet normal 1 -0 0
    outer loop
      vertex 1.6 32.6 28.4
      vertex 1.6 33.6 25.2
      vertex 1.6 33.6 28.4
    endloop
  endfacet
  facet normal 1 0 0
    outer loop
      vertex 1.6 33.6 25.2
      vertex 1.6 32.6 28.4
      vertex 1.6 32.6 25.2
    endloop
  endfacet
  facet normal 1 -0 0
    outer loop
      vertex 1.6 20.85 13.95
      vertex 1.6 32.6 7.2
      vertex 1.6 20.85 18.45
    endloop
  endfacet
  facet normal 1 -0 0
    outer loop
      vertex 1.6 20.8038 13.3634
      vertex 1.6 32.6 7.2
      vertex 1.6 20.85 13.95
    endloop
  endfacet
  facet normal 1 -0 0
    outer loop
      vertex 1.6 20.6665 12.7912
      vertex 1.6 32.6 7.2
      vertex 1.6 20.8038 13.3634
    endloop
  endfacet
  facet normal 1 -0 0
    outer loop
      vertex 1.6 20.4413 12.2475
      vertex 1.6 32.6 7.2
      vertex 1.6 20.6665 12.7912
    endloop
  endfacet
  facet normal 1 -0 0
    outer loop
      vertex 1.6 20.1338 11.7458
      vertex 1.6 32.6 7.2
      vertex 1.6 20.4413 12.2475
    endloop
  endfacet
  facet normal 1 -0 0
    outer loop
      vertex 1.6 19.7516 11.2983
      vertex 1.6 32.6 7.2
      vertex 1.6 20.1338 11.7458
    endloop
  endfacet
  facet normal 1 -0 0
    outer loop
      vertex 1.6 19.3042 10.9162
      vertex 1.6 32.6 7.2
      vertex 1.6 19.7516 11.2983
    endloop
  endfacet
  facet normal 1 -0 0
    outer loop
      vertex 1.6 18.8025 10.6087
      vertex 1.6 32.6 7.2
      vertex 1.6 19.3042 10.9162
    endloop
  endfacet
  facet normal 1 -0 0
    outer loop
      vertex 1.6 18.2588 10.3835
      vertex 1.6 32.6 7.2
      vertex 1.6 18.8025 10.6087
    endloop
  endfacet
  facet normal 1 -0 0
    outer loop
      vertex 1.6 17.6866 10.2462
      vertex 1.6 32.6 7.2
      vertex 1.6 18.2588 10.3835
    endloop
  endfacet
  facet normal 1 -0 0
    outer loop
      vertex 1.6 17.1 10.2
      vertex 1.6 32.6 7.2
      vertex 1.6 17.6866 10.2462
    endloop
  endfacet
  facet normal 1 0 0
    outer loop
      vertex 1.6 1.6 7.2
      vertex 1.6 17.1 10.2
      vertex 1.6 16.5134 10.2462
    endloop
  endfacet
  facet normal 1 0 0
    outer loop
      vertex 1.6 13.3962 19.0366
      vertex 1.6 1.6 25.2
      vertex 1.6 13.35 18.45
    endloop
  endfacet
  facet normal 1 0 0
    outer loop
      vertex 1.6 13.35 18.45
      vertex 1.6 1.6 25.2
      vertex 1.6 13.35 13.95
    endloop
  endfacet
  facet normal 1 0 0
    outer loop
      vertex 1.6 1.6 7.2
      vertex 1.6 13.35 13.95
      vertex 1.6 1.6 25.2
    endloop
  endfacet
  facet normal 1 0 0
    outer loop
      vertex 1.6 13.35 13.95
      vertex 1.6 1.6 7.2
      vertex 1.6 13.3962 13.3634
    endloop
  endfacet
  facet normal 1 0 0
    outer loop
      vertex 1.6 13.3962 13.3634
      vertex 1.6 1.6 7.2
      vertex 1.6 13.5335 12.7912
    endloop
  endfacet
  facet normal 1 0 0
    outer loop
      vertex 1.6 13.5335 12.7912
      vertex 1.6 1.6 7.2
      vertex 1.6 13.7587 12.2475
    endloop
  endfacet
  facet normal 1 0 0
    outer loop
      vertex 1.6 13.7587 12.2475
      vertex 1.6 1.6 7.2
      vertex 1.6 14.0662 11.7458
    endloop
  endfacet
  facet normal 1 0 0
    outer loop
      vertex 1.6 17.1 10.2
      vertex 1.6 1.6 7.2
      vertex 1.6 32.6 7.2
    endloop
  endfacet
  facet normal 1 0 0
    outer loop
      vertex 1.6 15.9412 10.3835
      vertex 1.6 1.6 7.2
      vertex 1.6 16.5134 10.2462
    endloop
  endfacet
  facet normal 1 0 0
    outer loop
      vertex 1.6 15.3975 10.6087
      vertex 1.6 1.6 7.2
      vertex 1.6 15.9412 10.3835
    endloop
  endfacet
  facet normal 1 0 0
    outer loop
      vertex 1.6 14.8958 10.9162
      vertex 1.6 1.6 7.2
      vertex 1.6 15.3975 10.6087
    endloop
  endfacet
  facet normal 1 0 0
    outer loop
      vertex 1.6 14.4483 11.2983
      vertex 1.6 1.6 7.2
      vertex 1.6 14.8958 10.9162
    endloop
  endfacet
  facet normal 1 0 0
    outer loop
      vertex 1.6 14.0662 11.7458
      vertex 1.6 1.6 7.2
      vertex 1.6 14.4483 11.2983
    endloop
  endfacet
  facet normal 0 0 -1
    outer loop
      vertex 45.1 1.6 28.4
      vertex 46.7 1 28.4
      vertex 46.6914 0.869476 28.4
    endloop
  endfacet
  facet normal 0 0 -1
    outer loop
      vertex 46.7 1 28.4
      vertex 45.1 1.6 28.4
      vertex 46.7 33.2 28.4
    endloop
  endfacet
  facet normal 0 0 -1
    outer loop
      vertex 45.1 1.6 28.4
      vertex 46.6914 0.869476 28.4
      vertex 46.6659 0.74118 28.4
    endloop
  endfacet
  facet normal 0 0 -1
    outer loop
      vertex 45.1 32.6 28.4
      vertex 46.7 33.2 28.4
      vertex 45.1 1.6 28.4
    endloop
  endfacet
  facet normal 0 0 -1
    outer loop
      vertex 46.6153 0.599999 28.4
      vertex 46.6659 0.74118 28.4
      vertex 46.6239 0.61731 28.4
    endloop
  endfacet
  facet normal -0 0 -1
    outer loop
      vertex 46.7 33.2 28.4
      vertex 45.1 32.6 28.4
      vertex 46.6914 33.3305 28.4
    endloop
  endfacet
  facet normal -0 0 -1
    outer loop
      vertex 46.6659 0.74118 28.4
      vertex 46.6153 0.599999 28.4
      vertex 45.1 1.6 28.4
    endloop
  endfacet
  facet normal -0 0 -1
    outer loop
      vertex 46.6914 33.3305 28.4
      vertex 45.1 32.6 28.4
      vertex 46.6659 33.4588 28.4
    endloop
  endfacet
  facet normal 0 -0 -1
    outer loop
      vertex 46.6153 33.6 28.4
      vertex 46.6659 33.4588 28.4
      vertex 45.1 32.6 28.4
    endloop
  endfacet
  facet normal 0 0 -1
    outer loop
      vertex 1.6 0.599999 28.4
      vertex 45.1 1.6 28.4
      vertex 46.6153 0.599999 28.4
    endloop
  endfacet
  facet normal -0 0 -1
    outer loop
      vertex 45.1 1.6 28.4
      vertex 1.6 0.599999 28.4
      vertex 1.6 1.6 28.4
    endloop
  endfacet
  facet normal 0 0 -1
    outer loop
      vertex 46.6659 33.4588 28.4
      vertex 46.6153 33.6 28.4
      vertex 46.6239 33.5827 28.4
    endloop
  endfacet
  facet normal 0 0 -1
    outer loop
      vertex 1.6 33.6 28.4
      vertex 45.1 32.6 28.4
      vertex 1.6 32.6 28.4
    endloop
  endfacet
  facet normal 0 0 -1
    outer loop
      vertex 45.1 32.6 28.4
      vertex 1.6 33.6 28.4
      vertex 46.6153 33.6 28.4
    endloop
  endfacet
  facet normal 0 0 1
    outer loop
      vertex 45.1 32.6 25.2
      vertex 46.7 33.2 25.2
      vertex 46.6914 33.3305 25.2
    endloop
  endfacet
  facet normal 0 0 1
    outer loop
      vertex 46.7 33.2 25.2
      vertex 45.1 32.6 25.2
      vertex 46.7 1 25.2
    endloop
  endfacet
  facet normal 0 0 1
    outer loop
      vertex 45.1 32.6 25.2
      vertex 46.6914 33.3305 25.2
      vertex 46.6659 33.4588 25.2
    endloop
  endfacet
  facet normal -0 0 1
    outer loop
      vertex 45.1 1.6 25.2
      vertex 46.7 1 25.2
      vertex 45.1 32.6 25.2
    endloop
  endfacet
  facet normal 0 0 1
    outer loop
      vertex 46.6153 33.6 25.2
      vertex 46.6659 33.4588 25.2
      vertex 46.6239 33.5827 25.2
    endloop
  endfacet
  facet normal 0 0 1
    outer loop
      vertex 46.7 1 25.2
      vertex 45.1 1.6 25.2
      vertex 46.6914 0.869476 25.2
    endloop
  endfacet
  facet normal 0 0 1
    outer loop
      vertex 46.6659 33.4588 25.2
      vertex 46.6153 33.6 25.2
      vertex 45.1 32.6 25.2
    endloop
  endfacet
  facet normal 0 0 1
    outer loop
      vertex 46.6914 0.869476 25.2
      vertex 45.1 1.6 25.2
      vertex 46.6659 0.74118 25.2
    endloop
  endfacet
  facet normal 0 -0 1
    outer loop
      vertex 46.6153 0.599999 25.2
      vertex 46.6659 0.74118 25.2
      vertex 45.1 1.6 25.2
    endloop
  endfacet
  facet normal -0 0 1
    outer loop
      vertex 40 33.6 25.2
      vertex 45.1 32.6 25.2
      vertex 46.6153 33.6 25.2
    endloop
  endfacet
  facet normal 0 0 1
    outer loop
      vertex 45.1 32.6 25.2
      vertex 40 33.6 25.2
      vertex 40 32.6 25.2
    endloop
  endfacet
  facet normal 0 0 1
    outer loop
      vertex 46.6659 0.74118 25.2
      vertex 46.6153 0.599999 25.2
      vertex 46.6239 0.61731 25.2
    endloop
  endfacet
  facet normal 0 0 1
    outer loop
      vertex 40 0.599999 25.2
      vertex 45.1 1.6 25.2
      vertex 40 1.6 25.2
    endloop
  endfacet
  facet normal 0 0 1
    outer loop
      vertex 45.1 1.6 25.2
      vertex 40 0.599999 25.2
      vertex 46.6153 0.599999 25.2
    endloop
  endfacet
  facet normal -0 0 1
    outer loop
      vertex 1.6 1.6 25.2
      vertex 39.4 0.599999 25.2
      vertex 39.4 1.6 25.2
    endloop
  endfacet
  facet normal 0 0 1
    outer loop
      vertex 39.4 0.599999 25.2
      vertex 1.6 1.6 25.2
      vertex 1.6 0.599999 25.2
    endloop
  endfacet
  facet normal -0 0 1
    outer loop
      vertex 1.6 33.6 25.2
      vertex 39.4 32.6 25.2
      vertex 39.4 33.6 25.2
    endloop
  endfacet
  facet normal 0 0 1
    outer loop
      vertex 39.4 32.6 25.2
      vertex 1.6 33.6 25.2
      vertex 1.6 32.6 25.2
    endloop
  endfacet
  facet normal 0 -0.95448 0.298276
    outer loop
      vertex 0 20.4 5.72205e-07
      vertex 46.7 21.9 4.79999
      vertex 0 21.9 4.79999
    endloop
  endfacet
  facet normal 0 -0.95448 0.298276
    outer loop
      vertex 46.7 21.9 4.79999
      vertex 0 20.4 5.72205e-07
      vertex 46.7 20.4 5.72205e-07
    endloop
  endfacet
  facet normal 0 0 -1
    outer loop
      vertex 0 12.3 4.79999
      vertex 46.7 21.9 4.79999
      vertex 46.7 12.3 4.79999
    endloop
  endfacet
  facet normal -0 0 -1
    outer loop
      vertex 46.7 21.9 4.79999
      vertex 0 12.3 4.79999
      vertex 0 21.9 4.79999
    endloop
  endfacet
  facet normal 0 0.95448 0.298276
    outer loop
      vertex 46.7 13.8 5.72205e-07
      vertex 0 12.3 4.79999
      vertex 46.7 12.3 4.79999
    endloop
  endfacet
  facet normal 0 0.95448 0.298276
    outer loop
      vertex 0 12.3 4.79999
      vertex 46.7 13.8 5.72205e-07
      vertex 0 13.8 5.72205e-07
    endloop
  endfacet
  facet normal 0 0.923884 0.382672
    outer loop
      vertex 1.6 13.7587 12.2475
      vertex 0 13.5335 12.7912
      vertex 1.6 13.5335 12.7912
    endloop
  endfacet
  facet normal 0 0.923884 0.382672
    outer loop
      vertex 0 13.5335 12.7912
      vertex 1.6 13.7587 12.2475
      vertex 0 13.7587 12.2475
    endloop
  endfacet
  facet normal 0 -0.996913 0.0785158
    outer loop
      vertex 0 20.8038 13.3634
      vertex 1.6 20.85 13.95
      vertex 0 20.85 13.95
    endloop
  endfacet
  facet normal 0 -0.996913 0.0785158
    outer loop
      vertex 1.6 20.85 13.95
      vertex 0 20.8038 13.3634
      vertex 1.6 20.8038 13.3634
    endloop
  endfacet
  facet normal 0 -0.923884 -0.382672
    outer loop
      vertex 0 20.6665 19.6088
      vertex 1.6 20.4413 20.1525
      vertex 0 20.4413 20.1525
    endloop
  endfacet
  facet normal 0 -0.923884 -0.382672
    outer loop
      vertex 1.6 20.4413 20.1525
      vertex 0 20.6665 19.6088
      vertex 1.6 20.6665 19.6088
    endloop
  endfacet
  facet normal 0 0.0785158 -0.996913
    outer loop
      vertex 0 16.5134 22.1538
      vertex 1.6 17.1 22.2
      vertex 1.6 16.5134 22.1538
    endloop
  endfacet
  facet normal 0 0.0785158 -0.996913
    outer loop
      vertex 1.6 17.1 22.2
      vertex 0 16.5134 22.1538
      vertex 0 17.1 22.2
    endloop
  endfacet
  facet normal 0 0.233328 -0.972398
    outer loop
      vertex 0 15.9412 22.0165
      vertex 1.6 16.5134 22.1538
      vertex 1.6 15.9412 22.0165
    endloop
  endfacet
  facet normal 0 0.233328 -0.972398
    outer loop
      vertex 1.6 16.5134 22.1538
      vertex 0 15.9412 22.0165
      vertex 0 16.5134 22.1538
    endloop
  endfacet
  facet normal -0 0.0785158 0.996913
    outer loop
      vertex 0 17.1 10.2
      vertex 1.6 16.5134 10.2462
      vertex 1.6 17.1 10.2
    endloop
  endfacet
  facet normal 0 0.0785158 0.996913
    outer loop
      vertex 1.6 16.5134 10.2462
      vertex 0 17.1 10.2
      vertex 0 16.5134 10.2462
    endloop
  endfacet
  facet normal 0 -0.233328 0.972398
    outer loop
      vertex 0 18.2588 10.3835
      vertex 1.6 17.6866 10.2462
      vertex 1.6 18.2588 10.3835
    endloop
  endfacet
  facet normal 0 -0.233328 0.972398
    outer loop
      vertex 1.6 17.6866 10.2462
      vertex 0 18.2588 10.3835
      vertex 0 17.6866 10.2462
    endloop
  endfacet
  facet normal 0 0.760491 -0.649349
    outer loop
      vertex 1.6 14.0662 20.6542
      vertex 0 14.4483 21.1017
      vertex 1.6 14.4483 21.1017
    endloop
  endfacet
  facet normal 0 0.760491 -0.649349
    outer loop
      vertex 0 14.4483 21.1017
      vertex 1.6 14.0662 20.6542
      vertex 0 14.0662 20.6542
    endloop
  endfacet
  facet normal 0 0.923884 -0.382672
    outer loop
      vertex 1.6 13.5335 19.6088
      vertex 0 13.7587 20.1525
      vertex 1.6 13.7587 20.1525
    endloop
  endfacet
  facet normal 0 0.923884 -0.382672
    outer loop
      vertex 0 13.7587 20.1525
      vertex 1.6 13.5335 19.6088
      vertex 0 13.5335 19.6088
    endloop
  endfacet
  facet normal -0 0.52257 0.852596
    outer loop
      vertex 0 15.3975 10.6087
      vertex 1.6 14.8958 10.9162
      vertex 1.6 15.3975 10.6087
    endloop
  endfacet
  facet normal 0 0.52257 0.852596
    outer loop
      vertex 1.6 14.8958 10.9162
      vertex 0 15.3975 10.6087
      vertex 0 14.8958 10.9162
    endloop
  endfacet
  facet normal 0 -1 0
    outer loop
      vertex 0 20.85 13.95
      vertex 1.6 20.85 18.45
      vertex 0 20.85 18.45
    endloop
  endfacet
  facet normal 0 -1 -0
    outer loop
      vertex 1.6 20.85 18.45
      vertex 0 20.85 13.95
      vertex 1.6 20.85 13.95
    endloop
  endfacet
  facet normal 0 -0.382672 0.923884
    outer loop
      vertex 0 18.8025 10.6087
      vertex 1.6 18.2588 10.3835
      vertex 1.6 18.8025 10.6087
    endloop
  endfacet
  facet normal 0 -0.382672 0.923884
    outer loop
      vertex 1.6 18.2588 10.3835
      vertex 0 18.8025 10.6087
      vertex 0 18.2588 10.3835
    endloop
  endfacet
  facet normal 0 0.972398 -0.233328
    outer loop
      vertex 1.6 13.3962 19.0366
      vertex 0 13.5335 19.6088
      vertex 1.6 13.5335 19.6088
    endloop
  endfacet
  facet normal 0 0.972398 -0.233328
    outer loop
      vertex 0 13.5335 19.6088
      vertex 1.6 13.3962 19.0366
      vertex 0 13.3962 19.0366
    endloop
  endfacet
  facet normal -0 0.382672 0.923884
    outer loop
      vertex 0 15.9412 10.3835
      vertex 1.6 15.3975 10.6087
      vertex 1.6 15.9412 10.3835
    endloop
  endfacet
  facet normal 0 0.382672 0.923884
    outer loop
      vertex 1.6 15.3975 10.6087
      vertex 0 15.9412 10.3835
      vertex 0 15.3975 10.6087
    endloop
  endfacet
  facet normal 0 0.996913 -0.0785158
    outer loop
      vertex 1.6 13.35 18.45
      vertex 0 13.3962 19.0366
      vertex 1.6 13.3962 19.0366
    endloop
  endfacet
  facet normal 0 0.996913 -0.0785158
    outer loop
      vertex 0 13.3962 19.0366
      vertex 1.6 13.35 18.45
      vertex 0 13.35 18.45
    endloop
  endfacet
  facet normal 0 -0.0785158 0.996913
    outer loop
      vertex 0 17.6866 10.2462
      vertex 1.6 17.1 10.2
      vertex 1.6 17.6866 10.2462
    endloop
  endfacet
  facet normal 0 -0.0785158 0.996913
    outer loop
      vertex 1.6 17.1 10.2
      vertex 0 17.6866 10.2462
      vertex 0 17.1 10.2
    endloop
  endfacet
  facet normal 0 -0.923884 0.382672
    outer loop
      vertex 0 20.4413 12.2475
      vertex 1.6 20.6665 12.7912
      vertex 0 20.6665 12.7912
    endloop
  endfacet
  facet normal 0 -0.923884 0.382672
    outer loop
      vertex 1.6 20.6665 12.7912
      vertex 0 20.4413 12.2475
      vertex 1.6 20.4413 12.2475
    endloop
  endfacet
  facet normal 0 -0.852596 0.52257
    outer loop
      vertex 0 20.1338 11.7458
      vertex 1.6 20.4413 12.2475
      vertex 0 20.4413 12.2475
    endloop
  endfacet
  facet normal 0 -0.852596 0.52257
    outer loop
      vertex 1.6 20.4413 12.2475
      vertex 0 20.1338 11.7458
      vertex 1.6 20.1338 11.7458
    endloop
  endfacet
  facet normal 0 -0.972398 0.233328
    outer loop
      vertex 0 20.6665 12.7912
      vertex 1.6 20.8038 13.3634
      vertex 0 20.8038 13.3634
    endloop
  endfacet
  facet normal 0 -0.972398 0.233328
    outer loop
      vertex 1.6 20.8038 13.3634
      vertex 0 20.6665 12.7912
      vertex 1.6 20.6665 12.7912
    endloop
  endfacet
  facet normal 0 -0.382672 -0.923884
    outer loop
      vertex 0 18.2588 22.0165
      vertex 1.6 18.8025 21.7913
      vertex 1.6 18.2588 22.0165
    endloop
  endfacet
  facet normal -0 -0.382672 -0.923884
    outer loop
      vertex 1.6 18.8025 21.7913
      vertex 0 18.2588 22.0165
      vertex 0 18.8025 21.7913
    endloop
  endfacet
  facet normal 0 -0.760407 -0.649447
    outer loop
      vertex 0 20.1338 20.6542
      vertex 1.6 19.7516 21.1017
      vertex 0 19.7516 21.1017
    endloop
  endfacet
  facet normal 0 -0.760407 -0.649447
    outer loop
      vertex 1.6 19.7516 21.1017
      vertex 0 20.1338 20.6542
      vertex 1.6 20.1338 20.6542
    endloop
  endfacet
  facet normal 0 0.760491 0.649349
    outer loop
      vertex 1.6 14.4483 11.2983
      vertex 0 14.0662 11.7458
      vertex 1.6 14.0662 11.7458
    endloop
  endfacet
  facet normal 0 0.760491 0.649349
    outer loop
      vertex 0 14.0662 11.7458
      vertex 1.6 14.4483 11.2983
      vertex 0 14.4483 11.2983
    endloop
  endfacet
  facet normal 0 0.852596 0.52257
    outer loop
      vertex 1.6 14.0662 11.7458
      vertex 0 13.7587 12.2475
      vertex 1.6 13.7587 12.2475
    endloop
  endfacet
  facet normal 0 0.852596 0.52257
    outer loop
      vertex 0 13.7587 12.2475
      vertex 1.6 14.0662 11.7458
      vertex 0 14.0662 11.7458
    endloop
  endfacet
  facet normal -0 0.649349 0.760491
    outer loop
      vertex 0 14.8958 10.9162
      vertex 1.6 14.4483 11.2983
      vertex 1.6 14.8958 10.9162
    endloop
  endfacet
  facet normal 0 0.649349 0.760491
    outer loop
      vertex 1.6 14.4483 11.2983
      vertex 0 14.8958 10.9162
      vertex 0 14.4483 11.2983
    endloop
  endfacet
  facet normal 0 -0.996913 -0.0785158
    outer loop
      vertex 0 20.85 18.45
      vertex 1.6 20.8038 19.0366
      vertex 0 20.8038 19.0366
    endloop
  endfacet
  facet normal 0 -0.996913 -0.0785158
    outer loop
      vertex 1.6 20.8038 19.0366
      vertex 0 20.85 18.45
      vertex 1.6 20.85 18.45
    endloop
  endfacet
  facet normal 0 -0.852596 -0.52257
    outer loop
      vertex 0 20.4413 20.1525
      vertex 1.6 20.1338 20.6542
      vertex 0 20.1338 20.6542
    endloop
  endfacet
  facet normal 0 -0.852596 -0.52257
    outer loop
      vertex 1.6 20.1338 20.6542
      vertex 0 20.4413 20.1525
      vertex 1.6 20.4413 20.1525
    endloop
  endfacet
  facet normal -0 0.233328 0.972398
    outer loop
      vertex 0 16.5134 10.2462
      vertex 1.6 15.9412 10.3835
      vertex 1.6 16.5134 10.2462
    endloop
  endfacet
  facet normal 0 0.233328 0.972398
    outer loop
      vertex 1.6 15.9412 10.3835
      vertex 0 16.5134 10.2462
      vertex 0 15.9412 10.3835
    endloop
  endfacet
  facet normal 0 -0.52257 -0.852596
    outer loop
      vertex 0 18.8025 21.7913
      vertex 1.6 19.3042 21.4838
      vertex 1.6 18.8025 21.7913
    endloop
  endfacet
  facet normal -0 -0.52257 -0.852596
    outer loop
      vertex 1.6 19.3042 21.4838
      vertex 0 18.8025 21.7913
      vertex 0 19.3042 21.4838
    endloop
  endfacet
  facet normal 0 1 -0
    outer loop
      vertex 1.6 13.35 13.95
      vertex 0 13.35 18.45
      vertex 1.6 13.35 18.45
    endloop
  endfacet
  facet normal 0 1 0
    outer loop
      vertex 0 13.35 18.45
      vertex 1.6 13.35 13.95
      vertex 0 13.35 13.95
    endloop
  endfacet
  facet normal 0 -0.972398 -0.233328
    outer loop
      vertex 0 20.8038 19.0366
      vertex 1.6 20.6665 19.6088
      vertex 0 20.6665 19.6088
    endloop
  endfacet
  facet normal 0 -0.972398 -0.233328
    outer loop
      vertex 1.6 20.6665 19.6088
      vertex 0 20.8038 19.0366
      vertex 1.6 20.8038 19.0366
    endloop
  endfacet
  facet normal 0 -0.0785158 -0.996913
    outer loop
      vertex 0 17.1 22.2
      vertex 1.6 17.6866 22.1538
      vertex 1.6 17.1 22.2
    endloop
  endfacet
  facet normal -0 -0.0785158 -0.996913
    outer loop
      vertex 1.6 17.6866 22.1538
      vertex 0 17.1 22.2
      vertex 0 17.6866 22.1538
    endloop
  endfacet
  facet normal 0 -0.760407 0.649447
    outer loop
      vertex 0 19.7516 11.2983
      vertex 1.6 20.1338 11.7458
      vertex 0 20.1338 11.7458
    endloop
  endfacet
  facet normal 0 -0.760407 0.649447
    outer loop
      vertex 1.6 20.1338 11.7458
      vertex 0 19.7516 11.2983
      vertex 1.6 19.7516 11.2983
    endloop
  endfacet
  facet normal 0 -0.649433 -0.760419
    outer loop
      vertex 0 19.3042 21.4838
      vertex 1.6 19.7516 21.1017
      vertex 1.6 19.3042 21.4838
    endloop
  endfacet
  facet normal -0 -0.649433 -0.760419
    outer loop
      vertex 1.6 19.7516 21.1017
      vertex 0 19.3042 21.4838
      vertex 0 19.7516 21.1017
    endloop
  endfacet
  facet normal 0 0.852596 -0.52257
    outer loop
      vertex 1.6 13.7587 20.1525
      vertex 0 14.0662 20.6542
      vertex 1.6 14.0662 20.6542
    endloop
  endfacet
  facet normal 0 0.852596 -0.52257
    outer loop
      vertex 0 14.0662 20.6542
      vertex 1.6 13.7587 20.1525
      vertex 0 13.7587 20.1525
    endloop
  endfacet
  facet normal 0 -0.52257 0.852596
    outer loop
      vertex 0 19.3042 10.9162
      vertex 1.6 18.8025 10.6087
      vertex 1.6 19.3042 10.9162
    endloop
  endfacet
  facet normal 0 -0.52257 0.852596
    outer loop
      vertex 1.6 18.8025 10.6087
      vertex 0 19.3042 10.9162
      vertex 0 18.8025 10.6087
    endloop
  endfacet
  facet normal 0 0.382672 -0.923884
    outer loop
      vertex 0 15.3975 21.7913
      vertex 1.6 15.9412 22.0165
      vertex 1.6 15.3975 21.7913
    endloop
  endfacet
  facet normal 0 0.382672 -0.923884
    outer loop
      vertex 1.6 15.9412 22.0165
      vertex 0 15.3975 21.7913
      vertex 0 15.9412 22.0165
    endloop
  endfacet
  facet normal 0 0.972398 0.233328
    outer loop
      vertex 1.6 13.5335 12.7912
      vertex 0 13.3962 13.3634
      vertex 1.6 13.3962 13.3634
    endloop
  endfacet
  facet normal 0 0.972398 0.233328
    outer loop
      vertex 0 13.3962 13.3634
      vertex 1.6 13.5335 12.7912
      vertex 0 13.5335 12.7912
    endloop
  endfacet
  facet normal 0 -0.649433 0.760419
    outer loop
      vertex 0 19.7516 11.2983
      vertex 1.6 19.3042 10.9162
      vertex 1.6 19.7516 11.2983
    endloop
  endfacet
  facet normal 0 -0.649433 0.760419
    outer loop
      vertex 1.6 19.3042 10.9162
      vertex 0 19.7516 11.2983
      vertex 0 19.3042 10.9162
    endloop
  endfacet
  facet normal 0 0.52257 -0.852596
    outer loop
      vertex 0 14.8958 21.4838
      vertex 1.6 15.3975 21.7913
      vertex 1.6 14.8958 21.4838
    endloop
  endfacet
  facet normal 0 0.52257 -0.852596
    outer loop
      vertex 1.6 15.3975 21.7913
      vertex 0 14.8958 21.4838
      vertex 0 15.3975 21.7913
    endloop
  endfacet
  facet normal 0 0.649349 -0.760491
    outer loop
      vertex 0 14.4483 21.1017
      vertex 1.6 14.8958 21.4838
      vertex 1.6 14.4483 21.1017
    endloop
  endfacet
  facet normal 0 0.649349 -0.760491
    outer loop
      vertex 1.6 14.8958 21.4838
      vertex 0 14.4483 21.1017
      vertex 0 14.8958 21.4838
    endloop
  endfacet
  facet normal 0 -0.233328 -0.972398
    outer loop
      vertex 0 17.6866 22.1538
      vertex 1.6 18.2588 22.0165
      vertex 1.6 17.6866 22.1538
    endloop
  endfacet
  facet normal -0 -0.233328 -0.972398
    outer loop
      vertex 1.6 18.2588 22.0165
      vertex 0 17.6866 22.1538
      vertex 0 18.2588 22.0165
    endloop
  endfacet
  facet normal 0 0.996913 0.0785158
    outer loop
      vertex 1.6 13.3962 13.3634
      vertex 0 13.35 13.95
      vertex 1.6 13.35 13.95
    endloop
  endfacet
  facet normal 0 0.996913 0.0785158
    outer loop
      vertex 0 13.35 13.95
      vertex 1.6 13.3962 13.3634
      vertex 0 13.3962 13.3634
    endloop
  endfacet
  facet normal -0 0.290451 0.95689
    outer loop
      vertex 45.1 15.0147 13.2576
      vertex 46.7 14.452 13.4284
      vertex 46.7 15.0147 13.2576
    endloop
  endfacet
  facet normal 0 0.290451 0.95689
    outer loop
      vertex 46.7 14.452 13.4284
      vertex 45.1 15.0147 13.2576
      vertex 45.1 14.452 13.4284
    endloop
  endfacet
  facet normal 0 -0.634413 0.772994
    outer loop
      vertex 45.1 20.7213 14.0787
      vertex 46.7 20.2667 13.7056
      vertex 46.7 20.7213 14.0787
    endloop
  endfacet
  facet normal 0 -0.634413 0.772994
    outer loop
      vertex 46.7 20.2667 13.7056
      vertex 45.1 20.7213 14.0787
      vertex 45.1 20.2667 13.7056
    endloop
  endfacet
  facet normal -0 0 1
    outer loop
      vertex 45.1 18.6 13.2
      vertex 46.7 15.6 13.2
      vertex 46.7 18.6 13.2
    endloop
  endfacet
  facet normal 0 0 1
    outer loop
      vertex 46.7 15.6 13.2
      vertex 45.1 18.6 13.2
      vertex 45.1 15.6 13.2
    endloop
  endfacet
  facet normal 0 -0.95689 -0.290451
    outer loop
      vertex 45.1 21.5424 16.7853
      vertex 46.7 21.3716 17.348
      vertex 45.1 21.3716 17.348
    endloop
  endfacet
  facet normal 0 -0.95689 -0.290451
    outer loop
      vertex 46.7 21.3716 17.348
      vertex 45.1 21.5424 16.7853
      vertex 46.7 21.5424 16.7853
    endloop
  endfacet
  facet normal -0 0.097938 0.995193
    outer loop
      vertex 45.1 15.6 13.2
      vertex 46.7 15.0147 13.2576
      vertex 46.7 15.6 13.2
    endloop
  endfacet
  facet normal 0 0.097938 0.995193
    outer loop
      vertex 46.7 15.0147 13.2576
      vertex 45.1 15.6 13.2
      vertex 45.1 15.0147 13.2576
    endloop
  endfacet
  facet normal 0 -0.097938 -0.995193
    outer loop
      vertex 45.1 18.6 19.2
      vertex 46.7 19.1853 19.1424
      vertex 46.7 18.6 19.2
    endloop
  endfacet
  facet normal -0 -0.097938 -0.995193
    outer loop
      vertex 46.7 19.1853 19.1424
      vertex 45.1 18.6 19.2
      vertex 45.1 19.1853 19.1424
    endloop
  endfacet
  facet normal 0 -0.881957 -0.471329
    outer loop
      vertex 45.1 21.3716 17.348
      vertex 46.7 21.0944 17.8667
      vertex 45.1 21.0944 17.8667
    endloop
  endfacet
  facet normal 0 -0.881957 -0.471329
    outer loop
      vertex 46.7 21.0944 17.8667
      vertex 45.1 21.3716 17.348
      vertex 46.7 21.3716 17.348
    endloop
  endfacet
  facet normal 0 -0.471329 -0.881957
    outer loop
      vertex 45.1 19.748 18.9716
      vertex 46.7 20.2667 18.6944
      vertex 46.7 19.748 18.9716
    endloop
  endfacet
  facet normal -0 -0.471329 -0.881957
    outer loop
      vertex 46.7 20.2667 18.6944
      vertex 45.1 19.748 18.9716
      vertex 45.1 20.2667 18.6944
    endloop
  endfacet
  facet normal 0 0.290451 -0.95689
    outer loop
      vertex 45.1 14.452 18.9716
      vertex 46.7 15.0147 19.1424
      vertex 46.7 14.452 18.9716
    endloop
  endfacet
  facet normal 0 0.290451 -0.95689
    outer loop
      vertex 46.7 15.0147 19.1424
      vertex 45.1 14.452 18.9716
      vertex 45.1 15.0147 19.1424
    endloop
  endfacet
  facet normal 0 0.097938 -0.995193
    outer loop
      vertex 45.1 15.0147 19.1424
      vertex 46.7 15.6 19.2
      vertex 46.7 15.0147 19.1424
    endloop
  endfacet
  facet normal 0 0.097938 -0.995193
    outer loop
      vertex 46.7 15.6 19.2
      vertex 45.1 15.0147 19.1424
      vertex 45.1 15.6 19.2
    endloop
  endfacet
  facet normal 0 -0.634413 -0.772994
    outer loop
      vertex 45.1 20.2667 18.6944
      vertex 46.7 20.7213 18.3213
      vertex 46.7 20.2667 18.6944
    endloop
  endfacet
  facet normal -0 -0.634413 -0.772994
    outer loop
      vertex 46.7 20.7213 18.3213
      vertex 45.1 20.2667 18.6944
      vertex 45.1 20.7213 18.3213
    endloop
  endfacet
  facet normal 0 0.995193 -0.097938
    outer loop
      vertex 46.7 12.6 16.2
      vertex 45.1 12.6576 16.7853
      vertex 46.7 12.6576 16.7853
    endloop
  endfacet
  facet normal 0 0.995193 -0.097938
    outer loop
      vertex 45.1 12.6576 16.7853
      vertex 46.7 12.6 16.2
      vertex 45.1 12.6 16.2
    endloop
  endfacet
  facet normal 0 0.95689 -0.290451
    outer loop
      vertex 46.7 12.6576 16.7853
      vertex 45.1 12.8284 17.348
      vertex 46.7 12.8284 17.348
    endloop
  endfacet
  facet normal 0 0.95689 -0.290451
    outer loop
      vertex 45.1 12.8284 17.348
      vertex 46.7 12.6576 16.7853
      vertex 45.1 12.6576 16.7853
    endloop
  endfacet
  facet normal 0 -0.772994 0.634413
    outer loop
      vertex 45.1 20.7213 14.0787
      vertex 46.7 21.0944 14.5333
      vertex 45.1 21.0944 14.5333
    endloop
  endfacet
  facet normal 0 -0.772994 0.634413
    outer loop
      vertex 46.7 21.0944 14.5333
      vertex 45.1 20.7213 14.0787
      vertex 46.7 20.7213 14.0787
    endloop
  endfacet
  facet normal 0 0.881957 0.471329
    outer loop
      vertex 46.7 13.1056 14.5333
      vertex 45.1 12.8284 15.052
      vertex 46.7 12.8284 15.052
    endloop
  endfacet
  facet normal 0 0.881957 0.471329
    outer loop
      vertex 45.1 12.8284 15.052
      vertex 46.7 13.1056 14.5333
      vertex 45.1 13.1056 14.5333
    endloop
  endfacet
  facet normal 0 0.995193 0.097938
    outer loop
      vertex 46.7 12.6576 15.6147
      vertex 45.1 12.6 16.2
      vertex 46.7 12.6 16.2
    endloop
  endfacet
  facet normal 0 0.995193 0.097938
    outer loop
      vertex 45.1 12.6 16.2
      vertex 46.7 12.6576 15.6147
      vertex 45.1 12.6576 15.6147
    endloop
  endfacet
  facet normal 0 0.471329 -0.881957
    outer loop
      vertex 45.1 13.9333 18.6944
      vertex 46.7 14.452 18.9716
      vertex 46.7 13.9333 18.6944
    endloop
  endfacet
  facet normal 0 0.471329 -0.881957
    outer loop
      vertex 46.7 14.452 18.9716
      vertex 45.1 13.9333 18.6944
      vertex 45.1 14.452 18.9716
    endloop
  endfacet
  facet normal 0 -0.995193 0.097938
    outer loop
      vertex 45.1 21.5424 15.6147
      vertex 46.7 21.6 16.2
      vertex 45.1 21.6 16.2
    endloop
  endfacet
  facet normal 0 -0.995193 0.097938
    outer loop
      vertex 46.7 21.6 16.2
      vertex 45.1 21.5424 15.6147
      vertex 46.7 21.5424 15.6147
    endloop
  endfacet
  facet normal 0 -0.097938 0.995193
    outer loop
      vertex 45.1 19.1853 13.2576
      vertex 46.7 18.6 13.2
      vertex 46.7 19.1853 13.2576
    endloop
  endfacet
  facet normal 0 -0.097938 0.995193
    outer loop
      vertex 46.7 18.6 13.2
      vertex 45.1 19.1853 13.2576
      vertex 45.1 18.6 13.2
    endloop
  endfacet
  facet normal -0 0.471329 0.881957
    outer loop
      vertex 45.1 14.452 13.4284
      vertex 46.7 13.9333 13.7056
      vertex 46.7 14.452 13.4284
    endloop
  endfacet
  facet normal 0 0.471329 0.881957
    outer loop
      vertex 46.7 13.9333 13.7056
      vertex 45.1 14.452 13.4284
      vertex 45.1 13.9333 13.7056
    endloop
  endfacet
  facet normal 0 -0.95689 0.290451
    outer loop
      vertex 45.1 21.3716 15.052
      vertex 46.7 21.5424 15.6147
      vertex 45.1 21.5424 15.6147
    endloop
  endfacet
  facet normal 0 -0.95689 0.290451
    outer loop
      vertex 46.7 21.5424 15.6147
      vertex 45.1 21.3716 15.052
      vertex 46.7 21.3716 15.052
    endloop
  endfacet
  facet normal 0 0.634413 -0.772994
    outer loop
      vertex 45.1 13.4787 18.3213
      vertex 46.7 13.9333 18.6944
      vertex 46.7 13.4787 18.3213
    endloop
  endfacet
  facet normal 0 0.634413 -0.772994
    outer loop
      vertex 46.7 13.9333 18.6944
      vertex 45.1 13.4787 18.3213
      vertex 45.1 13.9333 18.6944
    endloop
  endfacet
  facet normal 0 -0.995193 -0.097938
    outer loop
      vertex 45.1 21.6 16.2
      vertex 46.7 21.5424 16.7853
      vertex 45.1 21.5424 16.7853
    endloop
  endfacet
  facet normal 0 -0.995193 -0.097938
    outer loop
      vertex 46.7 21.5424 16.7853
      vertex 45.1 21.6 16.2
      vertex 46.7 21.6 16.2
    endloop
  endfacet
  facet normal 0 -0.881957 0.471329
    outer loop
      vertex 45.1 21.0944 14.5333
      vertex 46.7 21.3716 15.052
      vertex 45.1 21.3716 15.052
    endloop
  endfacet
  facet normal 0 -0.881957 0.471329
    outer loop
      vertex 46.7 21.3716 15.052
      vertex 45.1 21.0944 14.5333
      vertex 46.7 21.0944 14.5333
    endloop
  endfacet
  facet normal 0 -0.290451 -0.95689
    outer loop
      vertex 45.1 19.1853 19.1424
      vertex 46.7 19.748 18.9716
      vertex 46.7 19.1853 19.1424
    endloop
  endfacet
  facet normal -0 -0.290451 -0.95689
    outer loop
      vertex 46.7 19.748 18.9716
      vertex 45.1 19.1853 19.1424
      vertex 45.1 19.748 18.9716
    endloop
  endfacet
  facet normal 0 -0.772994 -0.634413
    outer loop
      vertex 45.1 21.0944 17.8667
      vertex 46.7 20.7213 18.3213
      vertex 45.1 20.7213 18.3213
    endloop
  endfacet
  facet normal 0 -0.772994 -0.634413
    outer loop
      vertex 46.7 20.7213 18.3213
      vertex 45.1 21.0944 17.8667
      vertex 46.7 21.0944 17.8667
    endloop
  endfacet
  facet normal 0 0 -1
    outer loop
      vertex 45.1 15.6 19.2
      vertex 46.7 18.6 19.2
      vertex 46.7 15.6 19.2
    endloop
  endfacet
  facet normal -0 0 -1
    outer loop
      vertex 46.7 18.6 19.2
      vertex 45.1 15.6 19.2
      vertex 45.1 18.6 19.2
    endloop
  endfacet
  facet normal 0 -0.290451 0.95689
    outer loop
      vertex 45.1 19.748 13.4284
      vertex 46.7 19.1853 13.2576
      vertex 46.7 19.748 13.4284
    endloop
  endfacet
  facet normal 0 -0.290451 0.95689
    outer loop
      vertex 46.7 19.1853 13.2576
      vertex 45.1 19.748 13.4284
      vertex 45.1 19.1853 13.2576
    endloop
  endfacet
  facet normal 0 -0.471329 0.881957
    outer loop
      vertex 45.1 20.2667 13.7056
      vertex 46.7 19.748 13.4284
      vertex 46.7 20.2667 13.7056
    endloop
  endfacet
  facet normal 0 -0.471329 0.881957
    outer loop
      vertex 46.7 19.748 13.4284
      vertex 45.1 20.2667 13.7056
      vertex 45.1 19.748 13.4284
    endloop
  endfacet
  facet normal 0 0.772994 -0.634413
    outer loop
      vertex 46.7 13.1056 17.8667
      vertex 45.1 13.4787 18.3213
      vertex 46.7 13.4787 18.3213
    endloop
  endfacet
  facet normal 0 0.772994 -0.634413
    outer loop
      vertex 45.1 13.4787 18.3213
      vertex 46.7 13.1056 17.8667
      vertex 45.1 13.1056 17.8667
    endloop
  endfacet
  facet normal 0 0.881957 -0.471329
    outer loop
      vertex 46.7 12.8284 17.348
      vertex 45.1 13.1056 17.8667
      vertex 46.7 13.1056 17.8667
    endloop
  endfacet
  facet normal 0 0.881957 -0.471329
    outer loop
      vertex 45.1 13.1056 17.8667
      vertex 46.7 12.8284 17.348
      vertex 45.1 12.8284 17.348
    endloop
  endfacet
  facet normal 0 0.95689 0.290451
    outer loop
      vertex 46.7 12.8284 15.052
      vertex 45.1 12.6576 15.6147
      vertex 46.7 12.6576 15.6147
    endloop
  endfacet
  facet normal 0 0.95689 0.290451
    outer loop
      vertex 45.1 12.6576 15.6147
      vertex 46.7 12.8284 15.052
      vertex 45.1 12.8284 15.052
    endloop
  endfacet
  facet normal 0 0.772994 0.634413
    outer loop
      vertex 46.7 13.4787 14.0787
      vertex 45.1 13.1056 14.5333
      vertex 46.7 13.1056 14.5333
    endloop
  endfacet
  facet normal 0 0.772994 0.634413
    outer loop
      vertex 45.1 13.1056 14.5333
      vertex 46.7 13.4787 14.0787
      vertex 45.1 13.4787 14.0787
    endloop
  endfacet
  facet normal -0 0.634413 0.772994
    outer loop
      vertex 45.1 13.9333 13.7056
      vertex 46.7 13.4787 14.0787
      vertex 46.7 13.9333 13.7056
    endloop
  endfacet
  facet normal 0 0.634413 0.772994
    outer loop
      vertex 46.7 13.4787 14.0787
      vertex 45.1 13.9333 13.7056
      vertex 45.1 13.4787 14.0787
    endloop
  endfacet
  facet normal -0 0.555522 0.831502
    outer loop
      vertex 114.9 20.2351 27.7858
      vertex 120.9 19.675 28.16
      vertex 120.9 20.2351 27.7858
    endloop
  endfacet
  facet normal 0 0.555522 0.831502
    outer loop
      vertex 120.9 19.675 28.16
      vertex 114.9 20.2351 27.7858
      vertex 114.9 19.675 28.16
    endloop
  endfacet
  facet normal 0 0.896848 -0.442338
    outer loop
      vertex 120.9 21.56 21.125
      vertex 114.9 21.858 21.7292
      vertex 120.9 21.858 21.7292
    endloop
  endfacet
  facet normal 0 0.896848 -0.442338
    outer loop
      vertex 114.9 21.858 21.7292
      vertex 120.9 21.56 21.125
      vertex 114.9 21.56 21.125
    endloop
  endfacet
  facet normal 0 -0.19506 -0.980791
    outer loop
      vertex 114.9 15.7671 18.7255
      vertex 120.9 16.4278 18.5941
      vertex 120.9 15.7671 18.7255
    endloop
  endfacet
  facet normal -0 -0.19506 -0.980791
    outer loop
      vertex 120.9 16.4278 18.5941
      vertex 114.9 15.7671 18.7255
      vertex 114.9 16.4278 18.5941
    endloop
  endfacet
  facet normal 0 0.555522 -0.831502
    outer loop
      vertex 114.9 19.675 19.24
      vertex 120.9 20.2351 19.6142
      vertex 120.9 19.675 19.24
    endloop
  endfacet
  facet normal 0 0.555522 -0.831502
    outer loop
      vertex 120.9 20.2351 19.6142
      vertex 114.9 19.675 19.24
      vertex 114.9 20.2351 19.6142
    endloop
  endfacet
  facet normal 0 -0.946947 -0.321389
    outer loop
      vertex 114.9 12.342 21.7292
      vertex 120.9 12.1255 22.3671
      vertex 114.9 12.1255 22.3671
    endloop
  endfacet
  facet normal 0 -0.946947 -0.321389
    outer loop
      vertex 120.9 12.1255 22.3671
      vertex 114.9 12.342 21.7292
      vertex 120.9 12.342 21.7292
    endloop
  endfacet
  facet normal 0 0.442338 -0.896848
    outer loop
      vertex 114.9 19.0708 18.942
      vertex 120.9 19.675 19.24
      vertex 120.9 19.0708 18.942
    endloop
  endfacet
  facet normal 0 0.442338 -0.896848
    outer loop
      vertex 120.9 19.675 19.24
      vertex 114.9 19.0708 18.942
      vertex 114.9 19.675 19.24
    endloop
  endfacet
  facet normal 0 0.0654647 -0.997855
    outer loop
      vertex 114.9 17.1 18.55
      vertex 120.9 17.7722 18.5941
      vertex 120.9 17.1 18.55
    endloop
  endfacet
  facet normal 0 0.0654647 -0.997855
    outer loop
      vertex 120.9 17.7722 18.5941
      vertex 114.9 17.1 18.55
      vertex 114.9 17.7722 18.5941
    endloop
  endfacet
  facet normal 0 -0.946947 0.321389
    outer loop
      vertex 114.9 12.1255 25.0329
      vertex 120.9 12.342 25.6708
      vertex 114.9 12.342 25.6708
    endloop
  endfacet
  facet normal 0 -0.946947 0.321389
    outer loop
      vertex 120.9 12.342 25.6708
      vertex 114.9 12.1255 25.0329
      vertex 120.9 12.1255 25.0329
    endloop
  endfacet
  facet normal 0 -0.0654647 -0.997855
    outer loop
      vertex 114.9 16.4278 18.5941
      vertex 120.9 17.1 18.55
      vertex 120.9 16.4278 18.5941
    endloop
  endfacet
  facet normal -0 -0.0654647 -0.997855
    outer loop
      vertex 120.9 17.1 18.55
      vertex 114.9 16.4278 18.5941
      vertex 114.9 17.1 18.55
    endloop
  endfacet
  facet normal 0 0.831502 0.555522
    outer loop
      vertex 120.9 21.56 26.275
      vertex 114.9 21.1858 26.8351
      vertex 120.9 21.1858 26.8351
    endloop
  endfacet
  facet normal 0 0.831502 0.555522
    outer loop
      vertex 114.9 21.1858 26.8351
      vertex 120.9 21.56 26.275
      vertex 114.9 21.56 26.275
    endloop
  endfacet
  facet normal 0 0.997855 -0.0654647
    outer loop
      vertex 120.9 22.2059 23.0278
      vertex 114.9 22.25 23.7
      vertex 120.9 22.25 23.7
    endloop
  endfacet
  facet normal 0 0.997855 -0.0654647
    outer loop
      vertex 114.9 22.25 23.7
      vertex 120.9 22.2059 23.0278
      vertex 114.9 22.2059 23.0278
    endloop
  endfacet
  facet normal 0 -0.321389 -0.946947
    outer loop
      vertex 114.9 15.1292 18.942
      vertex 120.9 15.7671 18.7255
      vertex 120.9 15.1292 18.942
    endloop
  endfacet
  facet normal -0 -0.321389 -0.946947
    outer loop
      vertex 120.9 15.7671 18.7255
      vertex 114.9 15.1292 18.942
      vertex 114.9 15.7671 18.7255
    endloop
  endfacet
  facet normal 0 -0.19506 0.980791
    outer loop
      vertex 114.9 16.4278 28.8059
      vertex 120.9 15.7671 28.6745
      vertex 120.9 16.4278 28.8059
    endloop
  endfacet
  facet normal 0 -0.19506 0.980791
    outer loop
      vertex 120.9 15.7671 28.6745
      vertex 114.9 16.4278 28.8059
      vertex 114.9 15.7671 28.6745
    endloop
  endfacet
  facet normal -0 0.19506 0.980791
    outer loop
      vertex 114.9 18.4329 28.6745
      vertex 120.9 17.7722 28.8059
      vertex 120.9 18.4329 28.6745
    endloop
  endfacet
  facet normal 0 0.19506 0.980791
    outer loop
      vertex 120.9 17.7722 28.8059
      vertex 114.9 18.4329 28.6745
      vertex 114.9 17.7722 28.8059
    endloop
  endfacet
  facet normal 0 0.19506 -0.980791
    outer loop
      vertex 114.9 17.7722 18.5941
      vertex 120.9 18.4329 18.7255
      vertex 120.9 17.7722 18.5941
    endloop
  endfacet
  facet normal 0 0.19506 -0.980791
    outer loop
      vertex 120.9 18.4329 18.7255
      vertex 114.9 17.7722 18.5941
      vertex 114.9 18.4329 18.7255
    endloop
  endfacet
  facet normal 0 0.751831 0.659355
    outer loop
      vertex 120.9 21.1858 26.8351
      vertex 114.9 20.7416 27.3416
      vertex 120.9 20.7416 27.3416
    endloop
  endfacet
  facet normal 0 0.751831 0.659355
    outer loop
      vertex 114.9 20.7416 27.3416
      vertex 120.9 21.1858 26.8351
      vertex 114.9 21.1858 26.8351
    endloop
  endfacet
  facet normal 0 0.946947 -0.321389
    outer loop
      vertex 120.9 21.858 21.7292
      vertex 114.9 22.0745 22.3671
      vertex 120.9 22.0745 22.3671
    endloop
  endfacet
  facet normal 0 0.946947 -0.321389
    outer loop
      vertex 114.9 22.0745 22.3671
      vertex 120.9 21.858 21.7292
      vertex 114.9 21.858 21.7292
    endloop
  endfacet
  facet normal 0 0.751831 -0.659355
    outer loop
      vertex 120.9 20.7416 20.0584
      vertex 114.9 21.1858 20.5649
      vertex 120.9 21.1858 20.5649
    endloop
  endfacet
  facet normal 0 0.751831 -0.659355
    outer loop
      vertex 114.9 21.1858 20.5649
      vertex 120.9 20.7416 20.0584
      vertex 114.9 20.7416 20.0584
    endloop
  endfacet
  facet normal 0 -0.659355 0.751831
    outer loop
      vertex 114.9 13.9649 27.7858
      vertex 120.9 13.4584 27.3416
      vertex 120.9 13.9649 27.7858
    endloop
  endfacet
  facet normal 0 -0.659355 0.751831
    outer loop
      vertex 120.9 13.4584 27.3416
      vertex 114.9 13.9649 27.7858
      vertex 114.9 13.4584 27.3416
    endloop
  endfacet
  facet normal 0 -0.831502 -0.555522
    outer loop
      vertex 114.9 13.0142 20.5649
      vertex 120.9 12.64 21.125
      vertex 114.9 12.64 21.125
    endloop
  endfacet
  facet normal 0 -0.831502 -0.555522
    outer loop
      vertex 120.9 12.64 21.125
      vertex 114.9 13.0142 20.5649
      vertex 120.9 13.0142 20.5649
    endloop
  endfacet
  facet normal 0 -0.997855 0.0654647
    outer loop
      vertex 114.9 11.95 23.7
      vertex 120.9 11.9941 24.3722
      vertex 114.9 11.9941 24.3722
    endloop
  endfacet
  facet normal 0 -0.997855 0.0654647
    outer loop
      vertex 120.9 11.9941 24.3722
      vertex 114.9 11.95 23.7
      vertex 120.9 11.95 23.7
    endloop
  endfacet
  facet normal 0 -0.751831 0.659355
    outer loop
      vertex 114.9 13.0142 26.8351
      vertex 120.9 13.4584 27.3416
      vertex 114.9 13.4584 27.3416
    endloop
  endfacet
  facet normal 0 -0.751831 0.659355
    outer loop
      vertex 120.9 13.4584 27.3416
      vertex 114.9 13.0142 26.8351
      vertex 120.9 13.0142 26.8351
    endloop
  endfacet
  facet normal 0 0.980791 -0.19506
    outer loop
      vertex 120.9 22.0745 22.3671
      vertex 114.9 22.2059 23.0278
      vertex 120.9 22.2059 23.0278
    endloop
  endfacet
  facet normal 0 0.980791 -0.19506
    outer loop
      vertex 114.9 22.2059 23.0278
      vertex 120.9 22.0745 22.3671
      vertex 114.9 22.0745 22.3671
    endloop
  endfacet
  facet normal 0 0.831502 -0.555522
    outer loop
      vertex 120.9 21.1858 20.5649
      vertex 114.9 21.56 21.125
      vertex 120.9 21.56 21.125
    endloop
  endfacet
  facet normal 0 0.831502 -0.555522
    outer loop
      vertex 114.9 21.56 21.125
      vertex 120.9 21.1858 20.5649
      vertex 114.9 21.1858 20.5649
    endloop
  endfacet
  facet normal 0 0.946947 0.321389
    outer loop
      vertex 120.9 22.0745 25.0329
      vertex 114.9 21.858 25.6708
      vertex 120.9 21.858 25.6708
    endloop
  endfacet
  facet normal 0 0.946947 0.321389
    outer loop
      vertex 114.9 21.858 25.6708
      vertex 120.9 22.0745 25.0329
      vertex 114.9 22.0745 25.0329
    endloop
  endfacet
  facet normal 0 -0.980791 -0.19506
    outer loop
      vertex 114.9 12.1255 22.3671
      vertex 120.9 11.9941 23.0278
      vertex 114.9 11.9941 23.0278
    endloop
  endfacet
  facet normal 0 -0.980791 -0.19506
    outer loop
      vertex 120.9 11.9941 23.0278
      vertex 114.9 12.1255 22.3671
      vertex 120.9 12.1255 22.3671
    endloop
  endfacet
  facet normal -1 0 0
    outer loop
      vertex 114.9 20.65 23.7
      vertex 114.9 22.25 23.7
      vertex 114.9 22.2059 23.0278
    endloop
  endfacet
  facet normal -1 0 0
    outer loop
      vertex 114.9 20.6196 23.2366
      vertex 114.9 22.2059 23.0278
      vertex 114.9 22.0745 22.3671
    endloop
  endfacet
  facet normal -1 0 0
    outer loop
      vertex 114.9 22.25 23.7
      vertex 114.9 20.65 23.7
      vertex 114.9 22.2059 24.3722
    endloop
  endfacet
  facet normal -1 0 0
    outer loop
      vertex 114.9 20.529 22.7812
      vertex 114.9 22.0745 22.3671
      vertex 114.9 21.858 21.7292
    endloop
  endfacet
  facet normal -1 0 0
    outer loop
      vertex 114.9 20.6196 24.1634
      vertex 114.9 22.2059 24.3722
      vertex 114.9 20.65 23.7
    endloop
  endfacet
  facet normal -1 0 0
    outer loop
      vertex 114.9 20.3798 22.3415
      vertex 114.9 21.858 21.7292
      vertex 114.9 21.56 21.125
    endloop
  endfacet
  facet normal -1 -0 0
    outer loop
      vertex 114.9 22.2059 24.3722
      vertex 114.9 20.6196 24.1634
      vertex 114.9 22.0745 25.0329
    endloop
  endfacet
  facet normal -1 0 0
    outer loop
      vertex 114.9 20.1744 21.925
      vertex 114.9 21.56 21.125
      vertex 114.9 21.1858 20.5649
    endloop
  endfacet
  facet normal -1 0 0
    outer loop
      vertex 114.9 20.529 24.6188
      vertex 114.9 22.0745 25.0329
      vertex 114.9 20.6196 24.1634
    endloop
  endfacet
  facet normal -1 0 0
    outer loop
      vertex 114.9 19.9164 21.5389
      vertex 114.9 21.1858 20.5649
      vertex 114.9 20.7416 20.0584
    endloop
  endfacet
  facet normal -1 -0 0
    outer loop
      vertex 114.9 22.0745 25.0329
      vertex 114.9 20.529 24.6188
      vertex 114.9 21.858 25.6708
    endloop
  endfacet
  facet normal -1 0 0
    outer loop
      vertex 114.9 20.3798 25.0585
      vertex 114.9 21.858 25.6708
      vertex 114.9 20.529 24.6188
    endloop
  endfacet
  facet normal -1 0 0
    outer loop
      vertex 114.9 22.2059 23.0278
      vertex 114.9 20.6196 23.2366
      vertex 114.9 20.65 23.7
    endloop
  endfacet
  facet normal -1 0 0
    outer loop
      vertex 114.9 22.0745 22.3671
      vertex 114.9 20.529 22.7812
      vertex 114.9 20.6196 23.2366
    endloop
  endfacet
  facet normal -1 0 0
    outer loop
      vertex 114.9 21.858 21.7292
      vertex 114.9 20.3798 22.3415
      vertex 114.9 20.529 22.7812
    endloop
  endfacet
  facet normal -1 0 0
    outer loop
      vertex 114.9 19.6102 21.1898
      vertex 114.9 20.7416 20.0584
      vertex 114.9 20.2351 19.6142
    endloop
  endfacet
  facet normal -1 0 0
    outer loop
      vertex 114.9 21.56 21.125
      vertex 114.9 20.1744 21.925
      vertex 114.9 20.3798 22.3415
    endloop
  endfacet
  facet normal -1 0 0
    outer loop
      vertex 114.9 21.1858 20.5649
      vertex 114.9 19.9164 21.5389
      vertex 114.9 20.1744 21.925
    endloop
  endfacet
  facet normal -1 0 0
    outer loop
      vertex 114.9 19.2611 20.8836
      vertex 114.9 20.2351 19.6142
      vertex 114.9 19.675 19.24
    endloop
  endfacet
  facet normal -1 0 0
    outer loop
      vertex 114.9 20.7416 20.0584
      vertex 114.9 19.6102 21.1898
      vertex 114.9 19.9164 21.5389
    endloop
  endfacet
  facet normal -1 0 0
    outer loop
      vertex 114.9 20.2351 19.6142
      vertex 114.9 19.2611 20.8836
      vertex 114.9 19.6102 21.1898
    endloop
  endfacet
  facet normal -1 0 0
    outer loop
      vertex 114.9 18.875 20.6256
      vertex 114.9 19.675 19.24
      vertex 114.9 19.0708 18.942
    endloop
  endfacet
  facet normal -1 0 0
    outer loop
      vertex 114.9 19.675 19.24
      vertex 114.9 18.875 20.6256
      vertex 114.9 19.2611 20.8836
    endloop
  endfacet
  facet normal -1 0 0
    outer loop
      vertex 114.9 19.0708 18.942
      vertex 114.9 18.4585 20.4202
      vertex 114.9 18.875 20.6256
    endloop
  endfacet
  facet normal -1 0 0
    outer loop
      vertex 114.9 18.4329 18.7255
      vertex 114.9 18.4585 20.4202
      vertex 114.9 19.0708 18.942
    endloop
  endfacet
  facet normal -1 0 0
    outer loop
      vertex 114.9 18.4329 18.7255
      vertex 114.9 18.0188 20.271
      vertex 114.9 18.4585 20.4202
    endloop
  endfacet
  facet normal -1 0 0
    outer loop
      vertex 114.9 17.7722 18.5941
      vertex 114.9 18.0188 20.271
      vertex 114.9 18.4329 18.7255
    endloop
  endfacet
  facet normal -1 0 0
    outer loop
      vertex 114.9 17.7722 18.5941
      vertex 114.9 17.5634 20.1804
      vertex 114.9 18.0188 20.271
    endloop
  endfacet
  facet normal -1 0 0
    outer loop
      vertex 114.9 17.1 18.55
      vertex 114.9 17.5634 20.1804
      vertex 114.9 17.7722 18.5941
    endloop
  endfacet
  facet normal -1 0 0
    outer loop
      vertex 114.9 17.1 18.55
      vertex 114.9 17.1 20.15
      vertex 114.9 17.5634 20.1804
    endloop
  endfacet
  facet normal -1 0 0
    outer loop
      vertex 114.9 17.1 18.55
      vertex 114.9 16.6366 20.1804
      vertex 114.9 17.1 20.15
    endloop
  endfacet
  facet normal -1 0 0
    outer loop
      vertex 114.9 16.4278 18.5941
      vertex 114.9 16.6366 20.1804
      vertex 114.9 17.1 18.55
    endloop
  endfacet
  facet normal -1 0 0
    outer loop
      vertex 114.9 16.4278 18.5941
      vertex 114.9 16.1812 20.271
      vertex 114.9 16.6366 20.1804
    endloop
  endfacet
  facet normal -1 0 0
    outer loop
      vertex 114.9 15.7671 18.7255
      vertex 114.9 16.1812 20.271
      vertex 114.9 16.4278 18.5941
    endloop
  endfacet
  facet normal -1 0 0
    outer loop
      vertex 114.9 15.7671 18.7255
      vertex 114.9 15.7415 20.4202
      vertex 114.9 16.1812 20.271
    endloop
  endfacet
  facet normal -1 0 0
    outer loop
      vertex 114.9 15.1292 18.942
      vertex 114.9 15.7415 20.4202
      vertex 114.9 15.7671 18.7255
    endloop
  endfacet
  facet normal -1 -0 0
    outer loop
      vertex 114.9 15.7415 20.4202
      vertex 114.9 15.1292 18.942
      vertex 114.9 15.325 20.6256
    endloop
  endfacet
  facet normal -1 0 0
    outer loop
      vertex 114.9 14.525 19.24
      vertex 114.9 15.325 20.6256
      vertex 114.9 15.1292 18.942
    endloop
  endfacet
  facet normal -1 -0 0
    outer loop
      vertex 114.9 15.325 20.6256
      vertex 114.9 14.525 19.24
      vertex 114.9 14.9389 20.8836
    endloop
  endfacet
  facet normal -1 0 0
    outer loop
      vertex 114.9 13.9649 19.6142
      vertex 114.9 14.9389 20.8836
      vertex 114.9 14.525 19.24
    endloop
  endfacet
  facet normal -1 -0 0
    outer loop
      vertex 114.9 14.9389 20.8836
      vertex 114.9 13.9649 19.6142
      vertex 114.9 14.5898 21.1898
    endloop
  endfacet
  facet normal -1 0 0
    outer loop
      vertex 114.9 13.4584 20.0584
      vertex 114.9 14.5898 21.1898
      vertex 114.9 13.9649 19.6142
    endloop
  endfacet
  facet normal -1 -0 0
    outer loop
      vertex 114.9 14.5898 21.1898
      vertex 114.9 13.4584 20.0584
      vertex 114.9 14.2836 21.5389
    endloop
  endfacet
  facet normal -1 0 0
    outer loop
      vertex 114.9 13.0142 20.5649
      vertex 114.9 14.2836 21.5389
      vertex 114.9 13.4584 20.0584
    endloop
  endfacet
  facet normal -1 -0 0
    outer loop
      vertex 114.9 14.2836 21.5389
      vertex 114.9 13.0142 20.5649
      vertex 114.9 14.0256 21.925
    endloop
  endfacet
  facet normal -1 0 0
    outer loop
      vertex 114.9 12.64 21.125
      vertex 114.9 14.0256 21.925
      vertex 114.9 13.0142 20.5649
    endloop
  endfacet
  facet normal -1 0 0
    outer loop
      vertex 114.9 12.342 21.7292
      vertex 114.9 13.8202 22.3415
      vertex 114.9 12.64 21.125
    endloop
  endfacet
  facet normal -1 -0 0
    outer loop
      vertex 114.9 14.0256 21.925
      vertex 114.9 12.64 21.125
      vertex 114.9 13.8202 22.3415
    endloop
  endfacet
  facet normal -1 -0 0
    outer loop
      vertex 114.9 21.858 25.6708
      vertex 114.9 20.3798 25.0585
      vertex 114.9 21.56 26.275
    endloop
  endfacet
  facet normal -1 0 0
    outer loop
      vertex 114.9 20.1744 25.475
      vertex 114.9 21.56 26.275
      vertex 114.9 20.3798 25.0585
    endloop
  endfacet
  facet normal -1 -0 0
    outer loop
      vertex 114.9 21.56 26.275
      vertex 114.9 20.1744 25.475
      vertex 114.9 21.1858 26.8351
    endloop
  endfacet
  facet normal -1 0 0
    outer loop
      vertex 114.9 19.9164 25.8611
      vertex 114.9 21.1858 26.8351
      vertex 114.9 20.1744 25.475
    endloop
  endfacet
  facet normal -1 -0 0
    outer loop
      vertex 114.9 21.1858 26.8351
      vertex 114.9 19.9164 25.8611
      vertex 114.9 20.7416 27.3416
    endloop
  endfacet
  facet normal -1 0 0
    outer loop
      vertex 114.9 19.6102 26.2102
      vertex 114.9 20.7416 27.3416
      vertex 114.9 19.9164 25.8611
    endloop
  endfacet
  facet normal -1 -0 0
    outer loop
      vertex 114.9 20.7416 27.3416
      vertex 114.9 19.6102 26.2102
      vertex 114.9 20.2351 27.7858
    endloop
  endfacet
  facet normal -1 0 0
    outer loop
      vertex 114.9 19.2611 26.5164
      vertex 114.9 20.2351 27.7858
      vertex 114.9 19.6102 26.2102
    endloop
  endfacet
  facet normal -1 -0 0
    outer loop
      vertex 114.9 20.2351 27.7858
      vertex 114.9 19.2611 26.5164
      vertex 114.9 19.675 28.16
    endloop
  endfacet
  facet normal -1 0 0
    outer loop
      vertex 114.9 18.875 26.7744
      vertex 114.9 19.675 28.16
      vertex 114.9 19.2611 26.5164
    endloop
  endfacet
  facet normal -1 -0 0
    outer loop
      vertex 114.9 19.675 28.16
      vertex 114.9 18.875 26.7744
      vertex 114.9 19.0708 28.458
    endloop
  endfacet
  facet normal -1 0 0
    outer loop
      vertex 114.9 18.4585 26.9798
      vertex 114.9 19.0708 28.458
      vertex 114.9 18.875 26.7744
    endloop
  endfacet
  facet normal -1 0 0
    outer loop
      vertex 114.9 18.4585 26.9798
      vertex 114.9 18.4329 28.6745
      vertex 114.9 19.0708 28.458
    endloop
  endfacet
  facet normal -1 0 0
    outer loop
      vertex 114.9 18.0188 27.129
      vertex 114.9 18.4329 28.6745
      vertex 114.9 18.4585 26.9798
    endloop
  endfacet
  facet normal -1 0 0
    outer loop
      vertex 114.9 18.0188 27.129
      vertex 114.9 17.7722 28.8059
      vertex 114.9 18.4329 28.6745
    endloop
  endfacet
  facet normal -1 0 0
    outer loop
      vertex 114.9 17.5634 27.2196
      vertex 114.9 17.7722 28.8059
      vertex 114.9 18.0188 27.129
    endloop
  endfacet
  facet normal -1 0 0
    outer loop
      vertex 114.9 17.1 27.25
      vertex 114.9 17.7722 28.8059
      vertex 114.9 17.5634 27.2196
    endloop
  endfacet
  facet normal -1 0 0
    outer loop
      vertex 114.9 17.1 27.25
      vertex 114.9 17.1 28.85
      vertex 114.9 17.7722 28.8059
    endloop
  endfacet
  facet normal -1 0 0
    outer loop
      vertex 114.9 16.6366 27.2196
      vertex 114.9 17.1 28.85
      vertex 114.9 17.1 27.25
    endloop
  endfacet
  facet normal -1 0 0
    outer loop
      vertex 114.9 16.6366 27.2196
      vertex 114.9 16.4278 28.8059
      vertex 114.9 17.1 28.85
    endloop
  endfacet
  facet normal -1 0 0
    outer loop
      vertex 114.9 16.1812 27.129
      vertex 114.9 16.4278 28.8059
      vertex 114.9 16.6366 27.2196
    endloop
  endfacet
  facet normal -1 0 0
    outer loop
      vertex 114.9 16.1812 27.129
      vertex 114.9 15.7671 28.6745
      vertex 114.9 16.4278 28.8059
    endloop
  endfacet
  facet normal -1 0 0
    outer loop
      vertex 114.9 15.7415 26.9798
      vertex 114.9 15.7671 28.6745
      vertex 114.9 16.1812 27.129
    endloop
  endfacet
  facet normal -1 0 0
    outer loop
      vertex 114.9 15.1292 28.458
      vertex 114.9 15.7415 26.9798
      vertex 114.9 15.325 26.7744
    endloop
  endfacet
  facet normal -1 0 0
    outer loop
      vertex 114.9 15.7415 26.9798
      vertex 114.9 15.1292 28.458
      vertex 114.9 15.7671 28.6745
    endloop
  endfacet
  facet normal -1 0 0
    outer loop
      vertex 114.9 14.525 28.16
      vertex 114.9 15.325 26.7744
      vertex 114.9 14.9389 26.5164
    endloop
  endfacet
  facet normal -1 0 0
    outer loop
      vertex 114.9 13.9649 27.7858
      vertex 114.9 14.9389 26.5164
      vertex 114.9 14.5898 26.2102
    endloop
  endfacet
  facet normal -1 0 0
    outer loop
      vertex 114.9 15.325 26.7744
      vertex 114.9 14.525 28.16
      vertex 114.9 15.1292 28.458
    endloop
  endfacet
  facet normal -1 0 0
    outer loop
      vertex 114.9 13.4584 27.3416
      vertex 114.9 14.5898 26.2102
      vertex 114.9 14.2836 25.8611
    endloop
  endfacet
  facet normal -1 0 0
    outer loop
      vertex 114.9 13.0142 26.8351
      vertex 114.9 14.2836 25.8611
      vertex 114.9 14.0256 25.475
    endloop
  endfacet
  facet normal -1 0 0
    outer loop
      vertex 114.9 14.9389 26.5164
      vertex 114.9 13.9649 27.7858
      vertex 114.9 14.525 28.16
    endloop
  endfacet
  facet normal -1 0 0
    outer loop
      vertex 114.9 12.64 26.275
      vertex 114.9 14.0256 25.475
      vertex 114.9 13.8202 25.0585
    endloop
  endfacet
  facet normal -1 0 0
    outer loop
      vertex 114.9 12.342 25.6708
      vertex 114.9 13.8202 25.0585
      vertex 114.9 13.671 24.6188
    endloop
  endfacet
  facet normal -1 0 0
    outer loop
      vertex 114.9 12.1255 25.0329
      vertex 114.9 13.671 24.6188
      vertex 114.9 13.5804 24.1634
    endloop
  endfacet
  facet normal -1 0 0
    outer loop
      vertex 114.9 14.5898 26.2102
      vertex 114.9 13.4584 27.3416
      vertex 114.9 13.9649 27.7858
    endloop
  endfacet
  facet normal -1 0 0
    outer loop
      vertex 114.9 11.9941 24.3722
      vertex 114.9 13.5804 24.1634
      vertex 114.9 13.55 23.7
    endloop
  endfacet
  facet normal -1 -0 0
    outer loop
      vertex 114.9 13.8202 22.3415
      vertex 114.9 12.342 21.7292
      vertex 114.9 13.671 22.7812
    endloop
  endfacet
  facet normal -1 0 0
    outer loop
      vertex 114.9 12.1255 22.3671
      vertex 114.9 13.671 22.7812
      vertex 114.9 12.342 21.7292
    endloop
  endfacet
  facet normal -1 0 0
    outer loop
      vertex 114.9 14.2836 25.8611
      vertex 114.9 13.0142 26.8351
      vertex 114.9 13.4584 27.3416
    endloop
  endfacet
  facet normal -1 -0 0
    outer loop
      vertex 114.9 13.671 22.7812
      vertex 114.9 12.1255 22.3671
      vertex 114.9 13.5804 23.2366
    endloop
  endfacet
  facet normal -1 0 0
    outer loop
      vertex 114.9 14.0256 25.475
      vertex 114.9 12.64 26.275
      vertex 114.9 13.0142 26.8351
    endloop
  endfacet
  facet normal -1 0 0
    outer loop
      vertex 114.9 11.9941 23.0278
      vertex 114.9 13.5804 23.2366
      vertex 114.9 12.1255 22.3671
    endloop
  endfacet
  facet normal -1 0 0
    outer loop
      vertex 114.9 13.8202 25.0585
      vertex 114.9 12.342 25.6708
      vertex 114.9 12.64 26.275
    endloop
  endfacet
  facet normal -1 -0 0
    outer loop
      vertex 114.9 13.5804 23.2366
      vertex 114.9 11.9941 23.0278
      vertex 114.9 13.55 23.7
    endloop
  endfacet
  facet normal -1 0 0
    outer loop
      vertex 114.9 13.671 24.6188
      vertex 114.9 12.1255 25.0329
      vertex 114.9 12.342 25.6708
    endloop
  endfacet
  facet normal -1 0 0
    outer loop
      vertex 114.9 11.95 23.7
      vertex 114.9 13.55 23.7
      vertex 114.9 11.9941 23.0278
    endloop
  endfacet
  facet normal -1 0 0
    outer loop
      vertex 114.9 13.5804 24.1634
      vertex 114.9 11.9941 24.3722
      vertex 114.9 12.1255 25.0329
    endloop
  endfacet
  facet normal -1 0 0
    outer loop
      vertex 114.9 13.55 23.7
      vertex 114.9 11.95 23.7
      vertex 114.9 11.9941 24.3722
    endloop
  endfacet
  facet normal 0 -0.659355 -0.751831
    outer loop
      vertex 114.9 13.4584 20.0584
      vertex 120.9 13.9649 19.6142
      vertex 120.9 13.4584 20.0584
    endloop
  endfacet
  facet normal -0 -0.659355 -0.751831
    outer loop
      vertex 120.9 13.9649 19.6142
      vertex 114.9 13.4584 20.0584
      vertex 114.9 13.9649 19.6142
    endloop
  endfacet
  facet normal 0 -0.0654647 0.997855
    outer loop
      vertex 114.9 17.1 28.85
      vertex 120.9 16.4278 28.8059
      vertex 120.9 17.1 28.85
    endloop
  endfacet
  facet normal 0 -0.0654647 0.997855
    outer loop
      vertex 120.9 16.4278 28.8059
      vertex 114.9 17.1 28.85
      vertex 114.9 16.4278 28.8059
    endloop
  endfacet
  facet normal 0 -0.555522 -0.831502
    outer loop
      vertex 114.9 13.9649 19.6142
      vertex 120.9 14.525 19.24
      vertex 120.9 13.9649 19.6142
    endloop
  endfacet
  facet normal -0 -0.555522 -0.831502
    outer loop
      vertex 120.9 14.525 19.24
      vertex 114.9 13.9649 19.6142
      vertex 114.9 14.525 19.24
    endloop
  endfacet
  facet normal 0 -0.896848 -0.442338
    outer loop
      vertex 114.9 12.64 21.125
      vertex 120.9 12.342 21.7292
      vertex 114.9 12.342 21.7292
    endloop
  endfacet
  facet normal 0 -0.896848 -0.442338
    outer loop
      vertex 120.9 12.342 21.7292
      vertex 114.9 12.64 21.125
      vertex 120.9 12.64 21.125
    endloop
  endfacet
  facet normal 0 -0.980791 0.19506
    outer loop
      vertex 114.9 11.9941 24.3722
      vertex 120.9 12.1255 25.0329
      vertex 114.9 12.1255 25.0329
    endloop
  endfacet
  facet normal 0 -0.980791 0.19506
    outer loop
      vertex 120.9 12.1255 25.0329
      vertex 114.9 11.9941 24.3722
      vertex 120.9 11.9941 24.3722
    endloop
  endfacet
  facet normal 0 -0.321389 0.946947
    outer loop
      vertex 114.9 15.7671 28.6745
      vertex 120.9 15.1292 28.458
      vertex 120.9 15.7671 28.6745
    endloop
  endfacet
  facet normal 0 -0.321389 0.946947
    outer loop
      vertex 120.9 15.1292 28.458
      vertex 114.9 15.7671 28.6745
      vertex 114.9 15.1292 28.458
    endloop
  endfacet
  facet normal -0 0.321389 0.946947
    outer loop
      vertex 114.9 19.0708 28.458
      vertex 120.9 18.4329 28.6745
      vertex 120.9 19.0708 28.458
    endloop
  endfacet
  facet normal 0 0.321389 0.946947
    outer loop
      vertex 120.9 18.4329 28.6745
      vertex 114.9 19.0708 28.458
      vertex 114.9 18.4329 28.6745
    endloop
  endfacet
  facet normal 0 0.659355 -0.751831
    outer loop
      vertex 114.9 20.2351 19.6142
      vertex 120.9 20.7416 20.0584
      vertex 120.9 20.2351 19.6142
    endloop
  endfacet
  facet normal 0 0.659355 -0.751831
    outer loop
      vertex 120.9 20.7416 20.0584
      vertex 114.9 20.2351 19.6142
      vertex 114.9 20.7416 20.0584
    endloop
  endfacet
  facet normal 0 -0.831502 0.555522
    outer loop
      vertex 114.9 12.64 26.275
      vertex 120.9 13.0142 26.8351
      vertex 114.9 13.0142 26.8351
    endloop
  endfacet
  facet normal 0 -0.831502 0.555522
    outer loop
      vertex 120.9 13.0142 26.8351
      vertex 114.9 12.64 26.275
      vertex 120.9 12.64 26.275
    endloop
  endfacet
  facet normal 0 0.321389 -0.946947
    outer loop
      vertex 114.9 18.4329 18.7255
      vertex 120.9 19.0708 18.942
      vertex 120.9 18.4329 18.7255
    endloop
  endfacet
  facet normal 0 0.321389 -0.946947
    outer loop
      vertex 120.9 19.0708 18.942
      vertex 114.9 18.4329 18.7255
      vertex 114.9 19.0708 18.942
    endloop
  endfacet
  facet normal 0 0.997855 0.0654647
    outer loop
      vertex 120.9 22.25 23.7
      vertex 114.9 22.2059 24.3722
      vertex 120.9 22.2059 24.3722
    endloop
  endfacet
  facet normal 0 0.997855 0.0654647
    outer loop
      vertex 114.9 22.2059 24.3722
      vertex 120.9 22.25 23.7
      vertex 114.9 22.25 23.7
    endloop
  endfacet
  facet normal 0 0.980791 0.19506
    outer loop
      vertex 120.9 22.2059 24.3722
      vertex 114.9 22.0745 25.0329
      vertex 120.9 22.0745 25.0329
    endloop
  endfacet
  facet normal 0 0.980791 0.19506
    outer loop
      vertex 114.9 22.0745 25.0329
      vertex 120.9 22.2059 24.3722
      vertex 114.9 22.2059 24.3722
    endloop
  endfacet
  facet normal 0 -0.442338 -0.896848
    outer loop
      vertex 114.9 14.525 19.24
      vertex 120.9 15.1292 18.942
      vertex 120.9 14.525 19.24
    endloop
  endfacet
  facet normal -0 -0.442338 -0.896848
    outer loop
      vertex 120.9 15.1292 18.942
      vertex 114.9 14.525 19.24
      vertex 114.9 15.1292 18.942
    endloop
  endfacet
  facet normal 0 -0.442338 0.896848
    outer loop
      vertex 114.9 15.1292 28.458
      vertex 120.9 14.525 28.16
      vertex 120.9 15.1292 28.458
    endloop
  endfacet
  facet normal 0 -0.442338 0.896848
    outer loop
      vertex 120.9 14.525 28.16
      vertex 114.9 15.1292 28.458
      vertex 114.9 14.525 28.16
    endloop
  endfacet
  facet normal 0 0.896848 0.442338
    outer loop
      vertex 120.9 21.858 25.6708
      vertex 114.9 21.56 26.275
      vertex 120.9 21.56 26.275
    endloop
  endfacet
  facet normal 0 0.896848 0.442338
    outer loop
      vertex 114.9 21.56 26.275
      vertex 120.9 21.858 25.6708
      vertex 114.9 21.858 25.6708
    endloop
  endfacet
  facet normal 0 -0.997855 -0.0654647
    outer loop
      vertex 114.9 11.9941 23.0278
      vertex 120.9 11.95 23.7
      vertex 114.9 11.95 23.7
    endloop
  endfacet
  facet normal 0 -0.997855 -0.0654647
    outer loop
      vertex 120.9 11.95 23.7
      vertex 114.9 11.9941 23.0278
      vertex 120.9 11.9941 23.0278
    endloop
  endfacet
  facet normal -0 0.0654647 0.997855
    outer loop
      vertex 114.9 17.7722 28.8059
      vertex 120.9 17.1 28.85
      vertex 120.9 17.7722 28.8059
    endloop
  endfacet
  facet normal 0 0.0654647 0.997855
    outer loop
      vertex 120.9 17.1 28.85
      vertex 114.9 17.7722 28.8059
      vertex 114.9 17.1 28.85
    endloop
  endfacet
  facet normal 0 -0.751831 -0.659355
    outer loop
      vertex 114.9 13.4584 20.0584
      vertex 120.9 13.0142 20.5649
      vertex 114.9 13.0142 20.5649
    endloop
  endfacet
  facet normal 0 -0.751831 -0.659355
    outer loop
      vertex 120.9 13.0142 20.5649
      vertex 114.9 13.4584 20.0584
      vertex 120.9 13.4584 20.0584
    endloop
  endfacet
  facet normal -0 0.659355 0.751831
    outer loop
      vertex 114.9 20.7416 27.3416
      vertex 120.9 20.2351 27.7858
      vertex 120.9 20.7416 27.3416
    endloop
  endfacet
  facet normal 0 0.659355 0.751831
    outer loop
      vertex 120.9 20.2351 27.7858
      vertex 114.9 20.7416 27.3416
      vertex 114.9 20.2351 27.7858
    endloop
  endfacet
  facet normal -0 0.442338 0.896848
    outer loop
      vertex 114.9 19.675 28.16
      vertex 120.9 19.0708 28.458
      vertex 120.9 19.675 28.16
    endloop
  endfacet
  facet normal 0 0.442338 0.896848
    outer loop
      vertex 120.9 19.0708 28.458
      vertex 114.9 19.675 28.16
      vertex 114.9 19.0708 28.458
    endloop
  endfacet
  facet normal 0 -0.896848 0.442338
    outer loop
      vertex 114.9 12.342 25.6708
      vertex 120.9 12.64 26.275
      vertex 114.9 12.64 26.275
    endloop
  endfacet
  facet normal 0 -0.896848 0.442338
    outer loop
      vertex 120.9 12.64 26.275
      vertex 114.9 12.342 25.6708
      vertex 120.9 12.342 25.6708
    endloop
  endfacet
  facet normal 1 0 0
    outer loop
      vertex 120.9 20.65 23.7
      vertex 120.9 22.25 23.7
      vertex 120.9 22.2059 24.3722
    endloop
  endfacet
  facet normal 1 0 0
    outer loop
      vertex 120.9 20.6196 24.1634
      vertex 120.9 22.2059 24.3722
      vertex 120.9 22.0745 25.0329
    endloop
  endfacet
  facet normal 1 0 0
    outer loop
      vertex 120.9 22.25 23.7
      vertex 120.9 20.65 23.7
      vertex 120.9 22.2059 23.0278
    endloop
  endfacet
  facet normal 1 0 0
    outer loop
      vertex 120.9 20.529 24.6188
      vertex 120.9 22.0745 25.0329
      vertex 120.9 21.858 25.6708
    endloop
  endfacet
  facet normal 1 -0 0
    outer loop
      vertex 120.9 20.6196 23.2366
      vertex 120.9 22.2059 23.0278
      vertex 120.9 20.65 23.7
    endloop
  endfacet
  facet normal 1 0 0
    outer loop
      vertex 120.9 20.3798 25.0585
      vertex 120.9 21.858 25.6708
      vertex 120.9 21.56 26.275
    endloop
  endfacet
  facet normal 1 0 0
    outer loop
      vertex 120.9 22.2059 23.0278
      vertex 120.9 20.6196 23.2366
      vertex 120.9 22.0745 22.3671
    endloop
  endfacet
  facet normal 1 0 0
    outer loop
      vertex 120.9 20.1744 25.475
      vertex 120.9 21.56 26.275
      vertex 120.9 21.1858 26.8351
    endloop
  endfacet
  facet normal 1 -0 0
    outer loop
      vertex 120.9 20.529 22.7812
      vertex 120.9 22.0745 22.3671
      vertex 120.9 20.6196 23.2366
    endloop
  endfacet
  facet normal 1 0 0
    outer loop
      vertex 120.9 19.9164 25.8611
      vertex 120.9 21.1858 26.8351
      vertex 120.9 20.7416 27.3416
    endloop
  endfacet
  facet normal 1 0 0
    outer loop
      vertex 120.9 22.0745 22.3671
      vertex 120.9 20.529 22.7812
      vertex 120.9 21.858 21.7292
    endloop
  endfacet
  facet normal 1 -0 0
    outer loop
      vertex 120.9 20.3798 22.3415
      vertex 120.9 21.858 21.7292
      vertex 120.9 20.529 22.7812
    endloop
  endfacet
  facet normal 1 0 0
    outer loop
      vertex 120.9 22.2059 24.3722
      vertex 120.9 20.6196 24.1634
      vertex 120.9 20.65 23.7
    endloop
  endfacet
  facet normal 1 0 0
    outer loop
      vertex 120.9 22.0745 25.0329
      vertex 120.9 20.529 24.6188
      vertex 120.9 20.6196 24.1634
    endloop
  endfacet
  facet normal 1 0 0
    outer loop
      vertex 120.9 21.858 25.6708
      vertex 120.9 20.3798 25.0585
      vertex 120.9 20.529 24.6188
    endloop
  endfacet
  facet normal 1 0 0
    outer loop
      vertex 120.9 19.6102 26.2102
      vertex 120.9 20.7416 27.3416
      vertex 120.9 20.2351 27.7858
    endloop
  endfacet
  facet normal 1 0 0
    outer loop
      vertex 120.9 21.56 26.275
      vertex 120.9 20.1744 25.475
      vertex 120.9 20.3798 25.0585
    endloop
  endfacet
  facet normal 1 0 0
    outer loop
      vertex 120.9 21.1858 26.8351
      vertex 120.9 19.9164 25.8611
      vertex 120.9 20.1744 25.475
    endloop
  endfacet
  facet normal 1 0 0
    outer loop
      vertex 120.9 19.2611 26.5164
      vertex 120.9 20.2351 27.7858
      vertex 120.9 19.675 28.16
    endloop
  endfacet
  facet normal 1 0 0
    outer loop
      vertex 120.9 20.7416 27.3416
      vertex 120.9 19.6102 26.2102
      vertex 120.9 19.9164 25.8611
    endloop
  endfacet
  facet normal 1 0 0
    outer loop
      vertex 120.9 20.2351 27.7858
      vertex 120.9 19.2611 26.5164
      vertex 120.9 19.6102 26.2102
    endloop
  endfacet
  facet normal 1 0 0
    outer loop
      vertex 120.9 18.875 26.7744
      vertex 120.9 19.675 28.16
      vertex 120.9 19.0708 28.458
    endloop
  endfacet
  facet normal 1 0 0
    outer loop
      vertex 120.9 19.675 28.16
      vertex 120.9 18.875 26.7744
      vertex 120.9 19.2611 26.5164
    endloop
  endfacet
  facet normal 1 0 0
    outer loop
      vertex 120.9 19.0708 28.458
      vertex 120.9 18.4585 26.9798
      vertex 120.9 18.875 26.7744
    endloop
  endfacet
  facet normal 1 0 0
    outer loop
      vertex 120.9 18.4329 28.6745
      vertex 120.9 18.4585 26.9798
      vertex 120.9 19.0708 28.458
    endloop
  endfacet
  facet normal 1 0 0
    outer loop
      vertex 120.9 18.4329 28.6745
      vertex 120.9 18.0188 27.129
      vertex 120.9 18.4585 26.9798
    endloop
  endfacet
  facet normal 1 0 0
    outer loop
      vertex 120.9 17.7722 28.8059
      vertex 120.9 18.0188 27.129
      vertex 120.9 18.4329 28.6745
    endloop
  endfacet
  facet normal 1 0 0
    outer loop
      vertex 120.9 17.7722 28.8059
      vertex 120.9 17.5634 27.2196
      vertex 120.9 18.0188 27.129
    endloop
  endfacet
  facet normal 1 0 0
    outer loop
      vertex 120.9 17.1 28.85
      vertex 120.9 17.5634 27.2196
      vertex 120.9 17.7722 28.8059
    endloop
  endfacet
  facet normal 1 0 0
    outer loop
      vertex 120.9 17.1 28.85
      vertex 120.9 17.1 27.25
      vertex 120.9 17.5634 27.2196
    endloop
  endfacet
  facet normal 1 0 0
    outer loop
      vertex 120.9 17.1 28.85
      vertex 120.9 16.6366 27.2196
      vertex 120.9 17.1 27.25
    endloop
  endfacet
  facet normal 1 -0 0
    outer loop
      vertex 120.9 16.4278 28.8059
      vertex 120.9 16.6366 27.2196
      vertex 120.9 17.1 28.85
    endloop
  endfacet
  facet normal 1 0 0
    outer loop
      vertex 120.9 16.4278 28.8059
      vertex 120.9 16.1812 27.129
      vertex 120.9 16.6366 27.2196
    endloop
  endfacet
  facet normal 1 -0 0
    outer loop
      vertex 120.9 15.7671 28.6745
      vertex 120.9 16.1812 27.129
      vertex 120.9 16.4278 28.8059
    endloop
  endfacet
  facet normal 1 0 0
    outer loop
      vertex 120.9 15.7671 28.6745
      vertex 120.9 15.7415 26.9798
      vertex 120.9 16.1812 27.129
    endloop
  endfacet
  facet normal 1 -0 0
    outer loop
      vertex 120.9 15.1292 28.458
      vertex 120.9 15.7415 26.9798
      vertex 120.9 15.7671 28.6745
    endloop
  endfacet
  facet normal 1 0 0
    outer loop
      vertex 120.9 15.7415 26.9798
      vertex 120.9 15.1292 28.458
      vertex 120.9 15.325 26.7744
    endloop
  endfacet
  facet normal 1 -0 0
    outer loop
      vertex 120.9 14.525 28.16
      vertex 120.9 15.325 26.7744
      vertex 120.9 15.1292 28.458
    endloop
  endfacet
  facet normal 1 0 0
    outer loop
      vertex 120.9 15.325 26.7744
      vertex 120.9 14.525 28.16
      vertex 120.9 14.9389 26.5164
    endloop
  endfacet
  facet normal 1 -0 0
    outer loop
      vertex 120.9 13.9649 27.7858
      vertex 120.9 14.9389 26.5164
      vertex 120.9 14.525 28.16
    endloop
  endfacet
  facet normal 1 0 0
    outer loop
      vertex 120.9 14.9389 26.5164
      vertex 120.9 13.9649 27.7858
      vertex 120.9 14.5898 26.2102
    endloop
  endfacet
  facet normal 1 -0 0
    outer loop
      vertex 120.9 13.4584 27.3416
      vertex 120.9 14.5898 26.2102
      vertex 120.9 13.9649 27.7858
    endloop
  endfacet
  facet normal 1 0 0
    outer loop
      vertex 120.9 14.5898 26.2102
      vertex 120.9 13.4584 27.3416
      vertex 120.9 14.2836 25.8611
    endloop
  endfacet
  facet normal 1 -0 0
    outer loop
      vertex 120.9 13.0142 26.8351
      vertex 120.9 14.2836 25.8611
      vertex 120.9 13.4584 27.3416
    endloop
  endfacet
  facet normal 1 0 0
    outer loop
      vertex 120.9 14.2836 25.8611
      vertex 120.9 13.0142 26.8351
      vertex 120.9 14.0256 25.475
    endloop
  endfacet
  facet normal 1 -0 0
    outer loop
      vertex 120.9 12.64 26.275
      vertex 120.9 14.0256 25.475
      vertex 120.9 13.0142 26.8351
    endloop
  endfacet
  facet normal 1 -0 0
    outer loop
      vertex 120.9 12.342 25.6708
      vertex 120.9 13.8202 25.0585
      vertex 120.9 12.64 26.275
    endloop
  endfacet
  facet normal 1 0 0
    outer loop
      vertex 120.9 14.0256 25.475
      vertex 120.9 12.64 26.275
      vertex 120.9 13.8202 25.0585
    endloop
  endfacet
  facet normal 1 0 0
    outer loop
      vertex 120.9 21.858 21.7292
      vertex 120.9 20.3798 22.3415
      vertex 120.9 21.56 21.125
    endloop
  endfacet
  facet normal 1 -0 0
    outer loop
      vertex 120.9 20.1744 21.925
      vertex 120.9 21.56 21.125
      vertex 120.9 20.3798 22.3415
    endloop
  endfacet
  facet normal 1 0 0
    outer loop
      vertex 120.9 21.56 21.125
      vertex 120.9 20.1744 21.925
      vertex 120.9 21.1858 20.5649
    endloop
  endfacet
  facet normal 1 -0 0
    outer loop
      vertex 120.9 19.9164 21.5389
      vertex 120.9 21.1858 20.5649
      vertex 120.9 20.1744 21.925
    endloop
  endfacet
  facet normal 1 0 0
    outer loop
      vertex 120.9 21.1858 20.5649
      vertex 120.9 19.9164 21.5389
      vertex 120.9 20.7416 20.0584
    endloop
  endfacet
  facet normal 1 -0 0
    outer loop
      vertex 120.9 19.6102 21.1898
      vertex 120.9 20.7416 20.0584
      vertex 120.9 19.9164 21.5389
    endloop
  endfacet
  facet normal 1 0 0
    outer loop
      vertex 120.9 20.7416 20.0584
      vertex 120.9 19.6102 21.1898
      vertex 120.9 20.2351 19.6142
    endloop
  endfacet
  facet normal 1 -0 0
    outer loop
      vertex 120.9 19.2611 20.8836
      vertex 120.9 20.2351 19.6142
      vertex 120.9 19.6102 21.1898
    endloop
  endfacet
  facet normal 1 0 0
    outer loop
      vertex 120.9 20.2351 19.6142
      vertex 120.9 19.2611 20.8836
      vertex 120.9 19.675 19.24
    endloop
  endfacet
  facet normal 1 -0 0
    outer loop
      vertex 120.9 18.875 20.6256
      vertex 120.9 19.675 19.24
      vertex 120.9 19.2611 20.8836
    endloop
  endfacet
  facet normal 1 0 0
    outer loop
      vertex 120.9 19.675 19.24
      vertex 120.9 18.875 20.6256
      vertex 120.9 19.0708 18.942
    endloop
  endfacet
  facet normal 1 -0 0
    outer loop
      vertex 120.9 18.4585 20.4202
      vertex 120.9 19.0708 18.942
      vertex 120.9 18.875 20.6256
    endloop
  endfacet
  facet normal 1 0 0
    outer loop
      vertex 120.9 18.4585 20.4202
      vertex 120.9 18.4329 18.7255
      vertex 120.9 19.0708 18.942
    endloop
  endfacet
  facet normal 1 -0 0
    outer loop
      vertex 120.9 18.0188 20.271
      vertex 120.9 18.4329 18.7255
      vertex 120.9 18.4585 20.4202
    endloop
  endfacet
  facet normal 1 0 0
    outer loop
      vertex 120.9 18.0188 20.271
      vertex 120.9 17.7722 18.5941
      vertex 120.9 18.4329 18.7255
    endloop
  endfacet
  facet normal 1 -0 0
    outer loop
      vertex 120.9 17.5634 20.1804
      vertex 120.9 17.7722 18.5941
      vertex 120.9 18.0188 20.271
    endloop
  endfacet
  facet normal 1 -0 0
    outer loop
      vertex 120.9 17.1 20.15
      vertex 120.9 17.7722 18.5941
      vertex 120.9 17.5634 20.1804
    endloop
  endfacet
  facet normal 1 0 0
    outer loop
      vertex 120.9 17.1 20.15
      vertex 120.9 17.1 18.55
      vertex 120.9 17.7722 18.5941
    endloop
  endfacet
  facet normal 1 0 0
    outer loop
      vertex 120.9 16.6366 20.1804
      vertex 120.9 17.1 18.55
      vertex 120.9 17.1 20.15
    endloop
  endfacet
  facet normal 1 0 0
    outer loop
      vertex 120.9 16.6366 20.1804
      vertex 120.9 16.4278 18.5941
      vertex 120.9 17.1 18.55
    endloop
  endfacet
  facet normal 1 0 0
    outer loop
      vertex 120.9 16.1812 20.271
      vertex 120.9 16.4278 18.5941
      vertex 120.9 16.6366 20.1804
    endloop
  endfacet
  facet normal 1 0 0
    outer loop
      vertex 120.9 16.1812 20.271
      vertex 120.9 15.7671 18.7255
      vertex 120.9 16.4278 18.5941
    endloop
  endfacet
  facet normal 1 0 0
    outer loop
      vertex 120.9 15.7415 20.4202
      vertex 120.9 15.7671 18.7255
      vertex 120.9 16.1812 20.271
    endloop
  endfacet
  facet normal 1 0 0
    outer loop
      vertex 120.9 15.1292 18.942
      vertex 120.9 15.7415 20.4202
      vertex 120.9 15.325 20.6256
    endloop
  endfacet
  facet normal 1 0 0
    outer loop
      vertex 120.9 15.7415 20.4202
      vertex 120.9 15.1292 18.942
      vertex 120.9 15.7671 18.7255
    endloop
  endfacet
  facet normal 1 0 0
    outer loop
      vertex 120.9 14.525 19.24
      vertex 120.9 15.325 20.6256
      vertex 120.9 14.9389 20.8836
    endloop
  endfacet
  facet normal 1 0 0
    outer loop
      vertex 120.9 13.9649 19.6142
      vertex 120.9 14.9389 20.8836
      vertex 120.9 14.5898 21.1898
    endloop
  endfacet
  facet normal 1 0 0
    outer loop
      vertex 120.9 15.325 20.6256
      vertex 120.9 14.525 19.24
      vertex 120.9 15.1292 18.942
    endloop
  endfacet
  facet normal 1 0 0
    outer loop
      vertex 120.9 13.4584 20.0584
      vertex 120.9 14.5898 21.1898
      vertex 120.9 14.2836 21.5389
    endloop
  endfacet
  facet normal 1 0 0
    outer loop
      vertex 120.9 13.0142 20.5649
      vertex 120.9 14.2836 21.5389
      vertex 120.9 14.0256 21.925
    endloop
  endfacet
  facet normal 1 0 0
    outer loop
      vertex 120.9 14.9389 20.8836
      vertex 120.9 13.9649 19.6142
      vertex 120.9 14.525 19.24
    endloop
  endfacet
  facet normal 1 0 0
    outer loop
      vertex 120.9 12.64 21.125
      vertex 120.9 14.0256 21.925
      vertex 120.9 13.8202 22.3415
    endloop
  endfacet
  facet normal 1 0 0
    outer loop
      vertex 120.9 12.342 21.7292
      vertex 120.9 13.8202 22.3415
      vertex 120.9 13.671 22.7812
    endloop
  endfacet
  facet normal 1 0 0
    outer loop
      vertex 120.9 12.1255 22.3671
      vertex 120.9 13.671 22.7812
      vertex 120.9 13.5804 23.2366
    endloop
  endfacet
  facet normal 1 0 0
    outer loop
      vertex 120.9 14.5898 21.1898
      vertex 120.9 13.4584 20.0584
      vertex 120.9 13.9649 19.6142
    endloop
  endfacet
  facet normal 1 0 0
    outer loop
      vertex 120.9 11.9941 23.0278
      vertex 120.9 13.5804 23.2366
      vertex 120.9 13.55 23.7
    endloop
  endfacet
  facet normal 1 0 0
    outer loop
      vertex 120.9 13.8202 25.0585
      vertex 120.9 12.342 25.6708
      vertex 120.9 13.671 24.6188
    endloop
  endfacet
  facet normal 1 -0 0
    outer loop
      vertex 120.9 12.1255 25.0329
      vertex 120.9 13.671 24.6188
      vertex 120.9 12.342 25.6708
    endloop
  endfacet
  facet normal 1 0 0
    outer loop
      vertex 120.9 14.2836 21.5389
      vertex 120.9 13.0142 20.5649
      vertex 120.9 13.4584 20.0584
    endloop
  endfacet
  facet normal 1 0 0
    outer loop
      vertex 120.9 13.671 24.6188
      vertex 120.9 12.1255 25.0329
      vertex 120.9 13.5804 24.1634
    endloop
  endfacet
  facet normal 1 0 0
    outer loop
      vertex 120.9 14.0256 21.925
      vertex 120.9 12.64 21.125
      vertex 120.9 13.0142 20.5649
    endloop
  endfacet
  facet normal 1 -0 0
    outer loop
      vertex 120.9 11.9941 24.3722
      vertex 120.9 13.5804 24.1634
      vertex 120.9 12.1255 25.0329
    endloop
  endfacet
  facet normal 1 0 0
    outer loop
      vertex 120.9 13.8202 22.3415
      vertex 120.9 12.342 21.7292
      vertex 120.9 12.64 21.125
    endloop
  endfacet
  facet normal 1 0 0
    outer loop
      vertex 120.9 13.5804 24.1634
      vertex 120.9 11.9941 24.3722
      vertex 120.9 13.55 23.7
    endloop
  endfacet
  facet normal 1 0 0
    outer loop
      vertex 120.9 13.671 22.7812
      vertex 120.9 12.1255 22.3671
      vertex 120.9 12.342 21.7292
    endloop
  endfacet
  facet normal 1 0 0
    outer loop
      vertex 120.9 11.95 23.7
      vertex 120.9 13.55 23.7
      vertex 120.9 11.9941 24.3722
    endloop
  endfacet
  facet normal 1 0 0
    outer loop
      vertex 120.9 13.5804 23.2366
      vertex 120.9 11.9941 23.0278
      vertex 120.9 12.1255 22.3671
    endloop
  endfacet
  facet normal 1 0 0
    outer loop
      vertex 120.9 13.55 23.7
      vertex 120.9 11.95 23.7
      vertex 120.9 11.9941 23.0278
    endloop
  endfacet
  facet normal 0 -0.555522 0.831502
    outer loop
      vertex 114.9 14.525 28.16
      vertex 120.9 13.9649 27.7858
      vertex 120.9 14.525 28.16
    endloop
  endfacet
  facet normal 0 -0.555522 0.831502
    outer loop
      vertex 120.9 13.9649 27.7858
      vertex 114.9 14.525 28.16
      vertex 114.9 13.9649 27.7858
    endloop
  endfacet
  facet normal 0 0.896869 0.442297
    outer loop
      vertex 120.9 14.0256 21.925
      vertex 114.9 13.8202 22.3415
      vertex 120.9 13.8202 22.3415
    endloop
  endfacet
  facet normal 0 0.896869 0.442297
    outer loop
      vertex 114.9 13.8202 22.3415
      vertex 120.9 14.0256 21.925
      vertex 114.9 14.0256 21.925
    endloop
  endfacet
  facet normal 0 -0.831453 -0.555594
    outer loop
      vertex 114.9 20.1744 25.475
      vertex 120.9 19.9164 25.8611
      vertex 114.9 19.9164 25.8611
    endloop
  endfacet
  facet normal 0 -0.831453 -0.555594
    outer loop
      vertex 120.9 19.9164 25.8611
      vertex 114.9 20.1744 25.475
      vertex 120.9 20.1744 25.475
    endloop
  endfacet
  facet normal 0 -0.946968 -0.321327
    outer loop
      vertex 114.9 20.529 24.6188
      vertex 120.9 20.3798 25.0585
      vertex 114.9 20.3798 25.0585
    endloop
  endfacet
  facet normal 0 -0.946968 -0.321327
    outer loop
      vertex 120.9 20.3798 25.0585
      vertex 114.9 20.529 24.6188
      vertex 120.9 20.529 24.6188
    endloop
  endfacet
  facet normal 0 -0.946968 0.321327
    outer loop
      vertex 114.9 20.3798 22.3415
      vertex 120.9 20.529 22.7812
      vertex 114.9 20.529 22.7812
    endloop
  endfacet
  facet normal 0 -0.946968 0.321327
    outer loop
      vertex 120.9 20.529 22.7812
      vertex 114.9 20.3798 22.3415
      vertex 120.9 20.3798 22.3415
    endloop
  endfacet
  facet normal -0 0.321327 0.946968
    outer loop
      vertex 114.9 16.1812 20.271
      vertex 120.9 15.7415 20.4202
      vertex 120.9 16.1812 20.271
    endloop
  endfacet
  facet normal 0 0.321327 0.946968
    outer loop
      vertex 120.9 15.7415 20.4202
      vertex 114.9 16.1812 20.271
      vertex 114.9 15.7415 20.4202
    endloop
  endfacet
  facet normal 0 0.751789 -0.659404
    outer loop
      vertex 120.9 14.2836 25.8611
      vertex 114.9 14.5898 26.2102
      vertex 120.9 14.5898 26.2102
    endloop
  endfacet
  facet normal 0 0.751789 -0.659404
    outer loop
      vertex 114.9 14.5898 26.2102
      vertex 120.9 14.2836 25.8611
      vertex 114.9 14.2836 25.8611
    endloop
  endfacet
  facet normal 0 -0.555594 -0.831453
    outer loop
      vertex 114.9 18.875 26.7744
      vertex 120.9 19.2611 26.5164
      vertex 120.9 18.875 26.7744
    endloop
  endfacet
  facet normal -0 -0.555594 -0.831453
    outer loop
      vertex 120.9 19.2611 26.5164
      vertex 114.9 18.875 26.7744
      vertex 114.9 19.2611 26.5164
    endloop
  endfacet
  facet normal 0 -0.659404 0.751789
    outer loop
      vertex 114.9 19.6102 21.1898
      vertex 120.9 19.2611 20.8836
      vertex 120.9 19.6102 21.1898
    endloop
  endfacet
  facet normal 0 -0.659404 0.751789
    outer loop
      vertex 120.9 19.2611 20.8836
      vertex 114.9 19.6102 21.1898
      vertex 114.9 19.2611 20.8836
    endloop
  endfacet
  facet normal -0 0.555594 0.831453
    outer loop
      vertex 114.9 15.325 20.6256
      vertex 120.9 14.9389 20.8836
      vertex 120.9 15.325 20.6256
    endloop
  endfacet
  facet normal 0 0.555594 0.831453
    outer loop
      vertex 120.9 14.9389 20.8836
      vertex 114.9 15.325 20.6256
      vertex 114.9 14.9389 20.8836
    endloop
  endfacet
  facet normal 0 -0.0654614 0.997855
    outer loop
      vertex 114.9 17.5634 20.1804
      vertex 120.9 17.1 20.15
      vertex 120.9 17.5634 20.1804
    endloop
  endfacet
  facet normal 0 -0.0654614 0.997855
    outer loop
      vertex 120.9 17.1 20.15
      vertex 114.9 17.5634 20.1804
      vertex 114.9 17.1 20.15
    endloop
  endfacet
  facet normal 0 0.946968 -0.321327
    outer loop
      vertex 120.9 13.671 24.6188
      vertex 114.9 13.8202 25.0585
      vertex 120.9 13.8202 25.0585
    endloop
  endfacet
  facet normal 0 0.946968 -0.321327
    outer loop
      vertex 114.9 13.8202 25.0585
      vertex 120.9 13.671 24.6188
      vertex 114.9 13.671 24.6188
    endloop
  endfacet
  facet normal 0 0.980779 -0.195122
    outer loop
      vertex 120.9 13.5804 24.1634
      vertex 114.9 13.671 24.6188
      vertex 120.9 13.671 24.6188
    endloop
  endfacet
  facet normal 0 0.980779 -0.195122
    outer loop
      vertex 114.9 13.671 24.6188
      vertex 120.9 13.5804 24.1634
      vertex 114.9 13.5804 24.1634
    endloop
  endfacet
  facet normal -0 0.442297 0.896869
    outer loop
      vertex 114.9 15.7415 20.4202
      vertex 120.9 15.325 20.6256
      vertex 120.9 15.7415 20.4202
    endloop
  endfacet
  facet normal 0 0.442297 0.896869
    outer loop
      vertex 120.9 15.325 20.6256
      vertex 114.9 15.7415 20.4202
      vertex 114.9 15.325 20.6256
    endloop
  endfacet
  facet normal 0 0.997855 -0.0654614
    outer loop
      vertex 120.9 13.55 23.7
      vertex 114.9 13.5804 24.1634
      vertex 120.9 13.5804 24.1634
    endloop
  endfacet
  facet normal 0 0.997855 -0.0654614
    outer loop
      vertex 114.9 13.5804 24.1634
      vertex 120.9 13.55 23.7
      vertex 114.9 13.55 23.7
    endloop
  endfacet
  facet normal 0 -0.896869 -0.442297
    outer loop
      vertex 114.9 20.3798 25.0585
      vertex 120.9 20.1744 25.475
      vertex 114.9 20.1744 25.475
    endloop
  endfacet
  facet normal 0 -0.896869 -0.442297
    outer loop
      vertex 120.9 20.1744 25.475
      vertex 114.9 20.3798 25.0585
      vertex 120.9 20.3798 25.0585
    endloop
  endfacet
  facet normal 0 0.442297 -0.896869
    outer loop
      vertex 114.9 15.325 26.7744
      vertex 120.9 15.7415 26.9798
      vertex 120.9 15.325 26.7744
    endloop
  endfacet
  facet normal 0 0.442297 -0.896869
    outer loop
      vertex 120.9 15.7415 26.9798
      vertex 114.9 15.325 26.7744
      vertex 114.9 15.7415 26.9798
    endloop
  endfacet
  facet normal 0 -0.0654614 -0.997855
    outer loop
      vertex 114.9 17.1 27.25
      vertex 120.9 17.5634 27.2196
      vertex 120.9 17.1 27.25
    endloop
  endfacet
  facet normal -0 -0.0654614 -0.997855
    outer loop
      vertex 120.9 17.5634 27.2196
      vertex 114.9 17.1 27.25
      vertex 114.9 17.5634 27.2196
    endloop
  endfacet
  facet normal 0 -0.195122 0.980779
    outer loop
      vertex 114.9 18.0188 20.271
      vertex 120.9 17.5634 20.1804
      vertex 120.9 18.0188 20.271
    endloop
  endfacet
  facet normal 0 -0.195122 0.980779
    outer loop
      vertex 120.9 17.5634 20.1804
      vertex 114.9 18.0188 20.271
      vertex 114.9 17.5634 20.1804
    endloop
  endfacet
  facet normal 0 0.980779 0.195122
    outer loop
      vertex 120.9 13.671 22.7812
      vertex 114.9 13.5804 23.2366
      vertex 120.9 13.5804 23.2366
    endloop
  endfacet
  facet normal 0 0.980779 0.195122
    outer loop
      vertex 114.9 13.5804 23.2366
      vertex 120.9 13.671 22.7812
      vertex 114.9 13.671 22.7812
    endloop
  endfacet
  facet normal 0 -0.659404 -0.751789
    outer loop
      vertex 114.9 19.2611 26.5164
      vertex 120.9 19.6102 26.2102
      vertex 120.9 19.2611 26.5164
    endloop
  endfacet
  facet normal -0 -0.659404 -0.751789
    outer loop
      vertex 120.9 19.6102 26.2102
      vertex 114.9 19.2611 26.5164
      vertex 114.9 19.6102 26.2102
    endloop
  endfacet
  facet normal -0 0.195122 0.980779
    outer loop
      vertex 114.9 16.6366 20.1804
      vertex 120.9 16.1812 20.271
      vertex 120.9 16.6366 20.1804
    endloop
  endfacet
  facet normal 0 0.195122 0.980779
    outer loop
      vertex 120.9 16.1812 20.271
      vertex 114.9 16.6366 20.1804
      vertex 114.9 16.1812 20.271
    endloop
  endfacet
  facet normal 0 0.946968 0.321327
    outer loop
      vertex 120.9 13.8202 22.3415
      vertex 114.9 13.671 22.7812
      vertex 120.9 13.671 22.7812
    endloop
  endfacet
  facet normal 0 0.946968 0.321327
    outer loop
      vertex 114.9 13.671 22.7812
      vertex 120.9 13.8202 22.3415
      vertex 114.9 13.8202 22.3415
    endloop
  endfacet
  facet normal 0 -0.442297 0.896869
    outer loop
      vertex 114.9 18.875 20.6256
      vertex 120.9 18.4585 20.4202
      vertex 120.9 18.875 20.6256
    endloop
  endfacet
  facet normal 0 -0.442297 0.896869
    outer loop
      vertex 120.9 18.4585 20.4202
      vertex 114.9 18.875 20.6256
      vertex 114.9 18.4585 20.4202
    endloop
  endfacet
  facet normal 0 0.659404 -0.751789
    outer loop
      vertex 114.9 14.5898 26.2102
      vertex 120.9 14.9389 26.5164
      vertex 120.9 14.5898 26.2102
    endloop
  endfacet
  facet normal 0 0.659404 -0.751789
    outer loop
      vertex 120.9 14.9389 26.5164
      vertex 114.9 14.5898 26.2102
      vertex 114.9 14.9389 26.5164
    endloop
  endfacet
  facet normal 0 -0.997855 -0.0654614
    outer loop
      vertex 114.9 20.65 23.7
      vertex 120.9 20.6196 24.1634
      vertex 114.9 20.6196 24.1634
    endloop
  endfacet
  facet normal 0 -0.997855 -0.0654614
    outer loop
      vertex 120.9 20.6196 24.1634
      vertex 114.9 20.65 23.7
      vertex 120.9 20.65 23.7
    endloop
  endfacet
  facet normal 0 -0.555594 0.831453
    outer loop
      vertex 114.9 19.2611 20.8836
      vertex 120.9 18.875 20.6256
      vertex 120.9 19.2611 20.8836
    endloop
  endfacet
  facet normal 0 -0.555594 0.831453
    outer loop
      vertex 120.9 18.875 20.6256
      vertex 114.9 19.2611 20.8836
      vertex 114.9 18.875 20.6256
    endloop
  endfacet
  facet normal 0 -0.831453 0.555594
    outer loop
      vertex 114.9 19.9164 21.5389
      vertex 120.9 20.1744 21.925
      vertex 114.9 20.1744 21.925
    endloop
  endfacet
  facet normal 0 -0.831453 0.555594
    outer loop
      vertex 120.9 20.1744 21.925
      vertex 114.9 19.9164 21.5389
      vertex 120.9 19.9164 21.5389
    endloop
  endfacet
  facet normal 0 -0.980779 0.195122
    outer loop
      vertex 114.9 20.529 22.7812
      vertex 120.9 20.6196 23.2366
      vertex 114.9 20.6196 23.2366
    endloop
  endfacet
  facet normal 0 -0.980779 0.195122
    outer loop
      vertex 120.9 20.6196 23.2366
      vertex 114.9 20.529 22.7812
      vertex 120.9 20.529 22.7812
    endloop
  endfacet
  facet normal 0 -0.751789 0.659404
    outer loop
      vertex 114.9 19.6102 21.1898
      vertex 120.9 19.9164 21.5389
      vertex 114.9 19.9164 21.5389
    endloop
  endfacet
  facet normal 0 -0.751789 0.659404
    outer loop
      vertex 120.9 19.9164 21.5389
      vertex 114.9 19.6102 21.1898
      vertex 120.9 19.6102 21.1898
    endloop
  endfacet
  facet normal 0 -0.896869 0.442297
    outer loop
      vertex 114.9 20.1744 21.925
      vertex 120.9 20.3798 22.3415
      vertex 114.9 20.3798 22.3415
    endloop
  endfacet
  facet normal 0 -0.896869 0.442297
    outer loop
      vertex 120.9 20.3798 22.3415
      vertex 114.9 20.1744 21.925
      vertex 120.9 20.1744 21.925
    endloop
  endfacet
  facet normal 0 0.831453 0.555594
    outer loop
      vertex 120.9 14.2836 21.5389
      vertex 114.9 14.0256 21.925
      vertex 120.9 14.0256 21.925
    endloop
  endfacet
  facet normal 0 0.831453 0.555594
    outer loop
      vertex 114.9 14.0256 21.925
      vertex 120.9 14.2836 21.5389
      vertex 114.9 14.2836 21.5389
    endloop
  endfacet
  facet normal 0 -0.751789 -0.659404
    outer loop
      vertex 114.9 19.9164 25.8611
      vertex 120.9 19.6102 26.2102
      vertex 114.9 19.6102 26.2102
    endloop
  endfacet
  facet normal 0 -0.751789 -0.659404
    outer loop
      vertex 120.9 19.6102 26.2102
      vertex 114.9 19.9164 25.8611
      vertex 120.9 19.9164 25.8611
    endloop
  endfacet
  facet normal 0 0.0654614 -0.997855
    outer loop
      vertex 114.9 16.6366 27.2196
      vertex 120.9 17.1 27.25
      vertex 120.9 16.6366 27.2196
    endloop
  endfacet
  facet normal 0 0.0654614 -0.997855
    outer loop
      vertex 120.9 17.1 27.25
      vertex 114.9 16.6366 27.2196
      vertex 114.9 17.1 27.25
    endloop
  endfacet
  facet normal 0 -0.980779 -0.195122
    outer loop
      vertex 114.9 20.6196 24.1634
      vertex 120.9 20.529 24.6188
      vertex 114.9 20.529 24.6188
    endloop
  endfacet
  facet normal 0 -0.980779 -0.195122
    outer loop
      vertex 120.9 20.529 24.6188
      vertex 114.9 20.6196 24.1634
      vertex 120.9 20.6196 24.1634
    endloop
  endfacet
  facet normal -0 0.0654614 0.997855
    outer loop
      vertex 114.9 17.1 20.15
      vertex 120.9 16.6366 20.1804
      vertex 120.9 17.1 20.15
    endloop
  endfacet
  facet normal 0 0.0654614 0.997855
    outer loop
      vertex 120.9 16.6366 20.1804
      vertex 114.9 17.1 20.15
      vertex 114.9 16.6366 20.1804
    endloop
  endfacet
  facet normal 0 0.997855 0.0654614
    outer loop
      vertex 120.9 13.5804 23.2366
      vertex 114.9 13.55 23.7
      vertex 120.9 13.55 23.7
    endloop
  endfacet
  facet normal 0 0.997855 0.0654614
    outer loop
      vertex 114.9 13.55 23.7
      vertex 120.9 13.5804 23.2366
      vertex 114.9 13.5804 23.2366
    endloop
  endfacet
  facet normal 0 -0.321327 -0.946968
    outer loop
      vertex 114.9 18.0188 27.129
      vertex 120.9 18.4585 26.9798
      vertex 120.9 18.0188 27.129
    endloop
  endfacet
  facet normal -0 -0.321327 -0.946968
    outer loop
      vertex 120.9 18.4585 26.9798
      vertex 114.9 18.0188 27.129
      vertex 114.9 18.4585 26.9798
    endloop
  endfacet
  facet normal 0 -0.195122 -0.980779
    outer loop
      vertex 114.9 17.5634 27.2196
      vertex 120.9 18.0188 27.129
      vertex 120.9 17.5634 27.2196
    endloop
  endfacet
  facet normal -0 -0.195122 -0.980779
    outer loop
      vertex 120.9 18.0188 27.129
      vertex 114.9 17.5634 27.2196
      vertex 114.9 18.0188 27.129
    endloop
  endfacet
  facet normal 0 0.555594 -0.831453
    outer loop
      vertex 114.9 14.9389 26.5164
      vertex 120.9 15.325 26.7744
      vertex 120.9 14.9389 26.5164
    endloop
  endfacet
  facet normal 0 0.555594 -0.831453
    outer loop
      vertex 120.9 15.325 26.7744
      vertex 114.9 14.9389 26.5164
      vertex 114.9 15.325 26.7744
    endloop
  endfacet
  facet normal 0 0.195122 -0.980779
    outer loop
      vertex 114.9 16.1812 27.129
      vertex 120.9 16.6366 27.2196
      vertex 120.9 16.1812 27.129
    endloop
  endfacet
  facet normal 0 0.195122 -0.980779
    outer loop
      vertex 120.9 16.6366 27.2196
      vertex 114.9 16.1812 27.129
      vertex 114.9 16.6366 27.2196
    endloop
  endfacet
  facet normal 0 0.321327 -0.946968
    outer loop
      vertex 114.9 15.7415 26.9798
      vertex 120.9 16.1812 27.129
      vertex 120.9 15.7415 26.9798
    endloop
  endfacet
  facet normal 0 0.321327 -0.946968
    outer loop
      vertex 120.9 16.1812 27.129
      vertex 114.9 15.7415 26.9798
      vertex 114.9 16.1812 27.129
    endloop
  endfacet
  facet normal 0 -0.321327 0.946968
    outer loop
      vertex 114.9 18.4585 20.4202
      vertex 120.9 18.0188 20.271
      vertex 120.9 18.4585 20.4202
    endloop
  endfacet
  facet normal 0 -0.321327 0.946968
    outer loop
      vertex 120.9 18.0188 20.271
      vertex 114.9 18.4585 20.4202
      vertex 114.9 18.0188 20.271
    endloop
  endfacet
  facet normal 0 0.831453 -0.555594
    outer loop
      vertex 120.9 14.0256 25.475
      vertex 114.9 14.2836 25.8611
      vertex 120.9 14.2836 25.8611
    endloop
  endfacet
  facet normal 0 0.831453 -0.555594
    outer loop
      vertex 114.9 14.2836 25.8611
      vertex 120.9 14.0256 25.475
      vertex 114.9 14.0256 25.475
    endloop
  endfacet
  facet normal -0 0.659404 0.751789
    outer loop
      vertex 114.9 14.9389 20.8836
      vertex 120.9 14.5898 21.1898
      vertex 120.9 14.9389 20.8836
    endloop
  endfacet
  facet normal 0 0.659404 0.751789
    outer loop
      vertex 120.9 14.5898 21.1898
      vertex 114.9 14.9389 20.8836
      vertex 114.9 14.5898 21.1898
    endloop
  endfacet
  facet normal 0 -0.442297 -0.896869
    outer loop
      vertex 114.9 18.4585 26.9798
      vertex 120.9 18.875 26.7744
      vertex 120.9 18.4585 26.9798
    endloop
  endfacet
  facet normal -0 -0.442297 -0.896869
    outer loop
      vertex 120.9 18.875 26.7744
      vertex 114.9 18.4585 26.9798
      vertex 114.9 18.875 26.7744
    endloop
  endfacet
  facet normal 0 -0.997855 0.0654614
    outer loop
      vertex 114.9 20.6196 23.2366
      vertex 120.9 20.65 23.7
      vertex 114.9 20.65 23.7
    endloop
  endfacet
  facet normal 0 -0.997855 0.0654614
    outer loop
      vertex 120.9 20.65 23.7
      vertex 114.9 20.6196 23.2366
      vertex 120.9 20.6196 23.2366
    endloop
  endfacet
  facet normal 0 0.896869 -0.442297
    outer loop
      vertex 120.9 13.8202 25.0585
      vertex 114.9 14.0256 25.475
      vertex 120.9 14.0256 25.475
    endloop
  endfacet
  facet normal 0 0.896869 -0.442297
    outer loop
      vertex 114.9 14.0256 25.475
      vertex 120.9 13.8202 25.0585
      vertex 114.9 13.8202 25.0585
    endloop
  endfacet
  facet normal 0 0.751789 0.659404
    outer loop
      vertex 120.9 14.5898 21.1898
      vertex 114.9 14.2836 21.5389
      vertex 120.9 14.2836 21.5389
    endloop
  endfacet
  facet normal 0 0.751789 0.659404
    outer loop
      vertex 114.9 14.2836 21.5389
      vertex 120.9 14.5898 21.1898
      vertex 114.9 14.5898 21.1898
    endloop
  endfacet
  facet normal 0.456621 0 0.889661
    outer loop
      vertex 107.993 1.6 40.4853
      vertex 108.076 0.599999 40.4427
      vertex 108.076 1.6 40.4427
    endloop
  endfacet
  facet normal 0.456621 0 0.889661
    outer loop
      vertex 108.076 0.599999 40.4427
      vertex 107.993 1.6 40.4853
      vertex 107.993 0.599999 40.4853
    endloop
  endfacet
  facet normal 0.703919 0 0.71028
    outer loop
      vertex 108.076 1.6 40.4427
      vertex 108.143 0.599999 40.3763
      vertex 108.143 1.6 40.3763
    endloop
  endfacet
  facet normal 0.703919 0 0.71028
    outer loop
      vertex 108.143 0.599999 40.3763
      vertex 108.076 1.6 40.4427
      vertex 108.076 0.599999 40.4427
    endloop
  endfacet
  facet normal -0.156126 0 0.987737
    outer loop
      vertex 107.807 1.6 40.4853
      vertex 107.9 0.599999 40.5
      vertex 107.9 1.6 40.5
    endloop
  endfacet
  facet normal -0.156126 0 0.987737
    outer loop
      vertex 107.9 0.599999 40.5
      vertex 107.807 1.6 40.4853
      vertex 107.807 0.599999 40.4853
    endloop
  endfacet
  facet normal 0.98716 -0 0.159735
    outer loop
      vertex 108.185 0.599999 40.2927
      vertex 108.2 1.6 40.2
      vertex 108.185 1.6 40.2927
    endloop
  endfacet
  facet normal 0.98716 0 0.159735
    outer loop
      vertex 108.2 1.6 40.2
      vertex 108.185 0.599999 40.2927
      vertex 108.2 0.599999 40.2
    endloop
  endfacet
  facet normal 0.89357 -0 0.448923
    outer loop
      vertex 108.143 0.599999 40.3763
      vertex 108.185 1.6 40.2927
      vertex 108.143 1.6 40.3763
    endloop
  endfacet
  facet normal 0.89357 0 0.448923
    outer loop
      vertex 108.185 1.6 40.2927
      vertex 108.143 0.599999 40.3763
      vertex 108.185 0.599999 40.2927
    endloop
  endfacet
  facet normal 0.156126 0 0.987737
    outer loop
      vertex 107.9 1.6 40.5
      vertex 107.993 0.599999 40.4853
      vertex 107.993 1.6 40.4853
    endloop
  endfacet
  facet normal 0.156126 0 0.987737
    outer loop
      vertex 107.993 0.599999 40.4853
      vertex 107.9 1.6 40.5
      vertex 107.9 0.599999 40.5
    endloop
  endfacet
  facet normal -0.98716 0 0.159735
    outer loop
      vertex 107.6 0.599999 40.2
      vertex 107.615 1.6 40.2927
      vertex 107.6 1.6 40.2
    endloop
  endfacet
  facet normal -0.98716 0 0.159735
    outer loop
      vertex 107.615 1.6 40.2927
      vertex 107.6 0.599999 40.2
      vertex 107.615 0.599999 40.2927
    endloop
  endfacet
  facet normal 0 1 0
    outer loop
      vertex 107.807 0.599999 40.4853
      vertex 114.815 0.599999 43.4
      vertex 107.9 0.599999 40.5
    endloop
  endfacet
  facet normal 0 1 0
    outer loop
      vertex 114.815 0.599999 43.4
      vertex 107.993 0.599999 40.4853
      vertex 107.9 0.599999 40.5
    endloop
  endfacet
  facet normal 0 1 0
    outer loop
      vertex 114.815 0.599999 43.4
      vertex 108.076 0.599999 40.4427
      vertex 107.993 0.599999 40.4853
    endloop
  endfacet
  facet normal 0 1 0
    outer loop
      vertex 114.815 0.599999 43.4
      vertex 108.143 0.599999 40.3763
      vertex 108.076 0.599999 40.4427
    endloop
  endfacet
  facet normal 0 1 0
    outer loop
      vertex 114.815 0.599999 43.4
      vertex 108.185 0.599999 40.2927
      vertex 108.143 0.599999 40.3763
    endloop
  endfacet
  facet normal 0 1 -0
    outer loop
      vertex 114.815 0.599999 40.2
      vertex 108.185 0.599999 40.2927
      vertex 114.815 0.599999 43.4
    endloop
  endfacet
  facet normal 0 1 0
    outer loop
      vertex 108.185 0.599999 40.2927
      vertex 114.815 0.599999 40.2
      vertex 108.2 0.599999 40.2
    endloop
  endfacet
  facet normal 0 1 0
    outer loop
      vertex 114.815 0.599999 43.4
      vertex 107.807 0.599999 40.4853
      vertex 56.3 0.599999 43.4
    endloop
  endfacet
  facet normal 0 1 -0
    outer loop
      vertex 107.724 0.599999 40.4427
      vertex 56.3 0.599999 43.4
      vertex 107.807 0.599999 40.4853
    endloop
  endfacet
  facet normal 0 1 -0
    outer loop
      vertex 107.657 0.599999 40.3763
      vertex 56.3 0.599999 43.4
      vertex 107.724 0.599999 40.4427
    endloop
  endfacet
  facet normal 0 1 -0
    outer loop
      vertex 107.615 0.599999 40.2927
      vertex 56.3 0.599999 43.4
      vertex 107.657 0.599999 40.3763
    endloop
  endfacet
  facet normal 0 1 -0
    outer loop
      vertex 107.6 0.599999 40.2
      vertex 56.3 0.599999 43.4
      vertex 107.615 0.599999 40.2927
    endloop
  endfacet
  facet normal 0 1 0
    outer loop
      vertex 56.3 0.599999 43.4
      vertex 107.6 0.599999 40.2
      vertex 56.3 0.599999 40.2
    endloop
  endfacet
  facet normal -0.89357 0 0.448923
    outer loop
      vertex 107.615 0.599999 40.2927
      vertex 107.657 1.6 40.3763
      vertex 107.615 1.6 40.2927
    endloop
  endfacet
  facet normal -0.89357 0 0.448923
    outer loop
      vertex 107.657 1.6 40.3763
      vertex 107.615 0.599999 40.2927
      vertex 107.657 0.599999 40.3763
    endloop
  endfacet
  facet normal -0.456621 0 0.889661
    outer loop
      vertex 107.724 1.6 40.4427
      vertex 107.807 0.599999 40.4853
      vertex 107.807 1.6 40.4853
    endloop
  endfacet
  facet normal -0.456621 0 0.889661
    outer loop
      vertex 107.807 0.599999 40.4853
      vertex 107.724 1.6 40.4427
      vertex 107.724 0.599999 40.4427
    endloop
  endfacet
  facet normal -0.703919 0 0.71028
    outer loop
      vertex 107.657 0.599999 40.3763
      vertex 107.724 1.6 40.4427
      vertex 107.657 1.6 40.3763
    endloop
  endfacet
  facet normal -0.703919 0 0.71028
    outer loop
      vertex 107.724 1.6 40.4427
      vertex 107.657 0.599999 40.3763
      vertex 107.724 0.599999 40.4427
    endloop
  endfacet
  facet normal 0 1 0
    outer loop
      vertex 107.993 1.6 40.4853
      vertex 107.807 1.6 40.4853
      vertex 107.9 1.6 40.5
    endloop
  endfacet
  facet normal 0 1 0
    outer loop
      vertex 108.076 1.6 40.4427
      vertex 107.807 1.6 40.4853
      vertex 107.993 1.6 40.4853
    endloop
  endfacet
  facet normal 0 1 0
    outer loop
      vertex 108.076 1.6 40.4427
      vertex 107.724 1.6 40.4427
      vertex 107.807 1.6 40.4853
    endloop
  endfacet
  facet normal 0 1 0
    outer loop
      vertex 108.143 1.6 40.3763
      vertex 107.724 1.6 40.4427
      vertex 108.076 1.6 40.4427
    endloop
  endfacet
  facet normal 0 1 0
    outer loop
      vertex 108.143 1.6 40.3763
      vertex 107.657 1.6 40.3763
      vertex 107.724 1.6 40.4427
    endloop
  endfacet
  facet normal 0 1 0
    outer loop
      vertex 108.185 1.6 40.2927
      vertex 107.657 1.6 40.3763
      vertex 108.143 1.6 40.3763
    endloop
  endfacet
  facet normal 0 1 0
    outer loop
      vertex 108.185 1.6 40.2927
      vertex 107.615 1.6 40.2927
      vertex 107.657 1.6 40.3763
    endloop
  endfacet
  facet normal 0 1 0
    outer loop
      vertex 108.2 1.6 40.2
      vertex 107.615 1.6 40.2927
      vertex 108.185 1.6 40.2927
    endloop
  endfacet
  facet normal 0 1 0
    outer loop
      vertex 108.2 1.6 40.2
      vertex 107.6 1.6 40.2
      vertex 107.615 1.6 40.2927
    endloop
  endfacet
  facet normal 0 1 -0
    outer loop
      vertex 108.185 1.6 40.1073
      vertex 107.6 1.6 40.2
      vertex 108.2 1.6 40.2
    endloop
  endfacet
  facet normal 0 1 0
    outer loop
      vertex 108.185 1.6 40.1073
      vertex 107.615 1.6 40.1073
      vertex 107.6 1.6 40.2
    endloop
  endfacet
  facet normal 0 1 -0
    outer loop
      vertex 108.143 1.6 40.0237
      vertex 107.615 1.6 40.1073
      vertex 108.185 1.6 40.1073
    endloop
  endfacet
  facet normal 0 1 0
    outer loop
      vertex 108.143 1.6 40.0237
      vertex 107.657 1.6 40.0237
      vertex 107.615 1.6 40.1073
    endloop
  endfacet
  facet normal 0 1 -0
    outer loop
      vertex 108.076 1.6 39.9573
      vertex 107.657 1.6 40.0237
      vertex 108.143 1.6 40.0237
    endloop
  endfacet
  facet normal 0 1 0
    outer loop
      vertex 108.076 1.6 39.9573
      vertex 107.724 1.6 39.9573
      vertex 107.657 1.6 40.0237
    endloop
  endfacet
  facet normal 0 1 -0
    outer loop
      vertex 107.993 1.6 39.9147
      vertex 107.724 1.6 39.9573
      vertex 108.076 1.6 39.9573
    endloop
  endfacet
  facet normal 0 1 0
    outer loop
      vertex 107.993 1.6 39.9147
      vertex 107.807 1.6 39.9147
      vertex 107.724 1.6 39.9573
    endloop
  endfacet
  facet normal -0 1 0
    outer loop
      vertex 107.807 1.6 39.9147
      vertex 107.993 1.6 39.9147
      vertex 107.9 1.6 39.9
    endloop
  endfacet
  facet normal 0 1 0
    outer loop
      vertex 113.3 1.6 40.2
      vertex 108.185 1.6 40.1073
      vertex 108.2 1.6 40.2
    endloop
  endfacet
  facet normal 0 1 0
    outer loop
      vertex 113.3 1.6 40.2
      vertex 108.143 1.6 40.0237
      vertex 108.185 1.6 40.1073
    endloop
  endfacet
  facet normal 0 1 0
    outer loop
      vertex 113.3 1.6 40.2
      vertex 108.076 1.6 39.9573
      vertex 108.143 1.6 40.0237
    endloop
  endfacet
  facet normal 0 1 0
    outer loop
      vertex 113.3 1.6 40.2
      vertex 107.993 1.6 39.9147
      vertex 108.076 1.6 39.9573
    endloop
  endfacet
  facet normal 0 1 -0
    outer loop
      vertex 113.3 1.6 7.2
      vertex 107.993 1.6 39.9147
      vertex 113.3 1.6 40.2
    endloop
  endfacet
  facet normal 0 1 0
    outer loop
      vertex 107.993 1.6 39.9147
      vertex 113.3 1.6 7.2
      vertex 107.9 1.6 39.9
    endloop
  endfacet
  facet normal 0 1 0
    outer loop
      vertex 107.615 1.6 40.1073
      vertex 56.3 1.6 40.2
      vertex 107.6 1.6 40.2
    endloop
  endfacet
  facet normal 0 1 0
    outer loop
      vertex 107.657 1.6 40.0237
      vertex 56.3 1.6 40.2
      vertex 107.615 1.6 40.1073
    endloop
  endfacet
  facet normal 0 1 0
    outer loop
      vertex 113.3 1.6 7.2
      vertex 107.657 1.6 40.0237
      vertex 107.724 1.6 39.9573
    endloop
  endfacet
  facet normal 0 1 0
    outer loop
      vertex 113.3 1.6 7.2
      vertex 107.724 1.6 39.9573
      vertex 107.807 1.6 39.9147
    endloop
  endfacet
  facet normal 0 1 0
    outer loop
      vertex 113.3 1.6 7.2
      vertex 107.807 1.6 39.9147
      vertex 107.9 1.6 39.9
    endloop
  endfacet
  facet normal 0 1 0
    outer loop
      vertex 107.657 1.6 40.0237
      vertex 113.3 1.6 7.2
      vertex 56.3 1.6 7.2
    endloop
  endfacet
  facet normal 0 1 0
    outer loop
      vertex 107.657 1.6 40.0237
      vertex 56.3 1.6 7.2
      vertex 56.3 1.6 40.2
    endloop
  endfacet
  facet normal 0 1 -0
    outer loop
      vertex 113.3 1.6 43.4
      vertex 56.3 1.6 44.4
      vertex 113.3 1.6 44.4
    endloop
  endfacet
  facet normal 0 1 0
    outer loop
      vertex 56.3 1.6 44.4
      vertex 113.3 1.6 43.4
      vertex 56.3 1.6 43.4
    endloop
  endfacet
  facet normal 0.456621 0 0.889661
    outer loop
      vertex 107.993 33.6 40.4853
      vertex 108.076 32.6 40.4427
      vertex 108.076 33.6 40.4427
    endloop
  endfacet
  facet normal 0.456621 0 0.889661
    outer loop
      vertex 108.076 32.6 40.4427
      vertex 107.993 33.6 40.4853
      vertex 107.993 32.6 40.4853
    endloop
  endfacet
  facet normal 0.703919 0 0.71028
    outer loop
      vertex 108.076 33.6 40.4427
      vertex 108.143 32.6 40.3763
      vertex 108.143 33.6 40.3763
    endloop
  endfacet
  facet normal 0.703919 0 0.71028
    outer loop
      vertex 108.143 32.6 40.3763
      vertex 108.076 33.6 40.4427
      vertex 108.076 32.6 40.4427
    endloop
  endfacet
  facet normal -0.156126 0 0.987737
    outer loop
      vertex 107.807 33.6 40.4853
      vertex 107.9 32.6 40.5
      vertex 107.9 33.6 40.5
    endloop
  endfacet
  facet normal -0.156126 0 0.987737
    outer loop
      vertex 107.9 32.6 40.5
      vertex 107.807 33.6 40.4853
      vertex 107.807 32.6 40.4853
    endloop
  endfacet
  facet normal 0.98716 -0 0.159735
    outer loop
      vertex 108.185 32.6 40.2927
      vertex 108.2 33.6 40.2
      vertex 108.185 33.6 40.2927
    endloop
  endfacet
  facet normal 0.98716 0 0.159735
    outer loop
      vertex 108.2 33.6 40.2
      vertex 108.185 32.6 40.2927
      vertex 108.2 32.6 40.2
    endloop
  endfacet
  facet normal 0.89357 -0 0.448923
    outer loop
      vertex 108.143 32.6 40.3763
      vertex 108.185 33.6 40.2927
      vertex 108.143 33.6 40.3763
    endloop
  endfacet
  facet normal 0.89357 0 0.448923
    outer loop
      vertex 108.185 33.6 40.2927
      vertex 108.143 32.6 40.3763
      vertex 108.185 32.6 40.2927
    endloop
  endfacet
  facet normal 0.156126 0 0.987737
    outer loop
      vertex 107.9 33.6 40.5
      vertex 107.993 32.6 40.4853
      vertex 107.993 33.6 40.4853
    endloop
  endfacet
  facet normal 0.156126 0 0.987737
    outer loop
      vertex 107.993 32.6 40.4853
      vertex 107.9 33.6 40.5
      vertex 107.9 32.6 40.5
    endloop
  endfacet
  facet normal -0.98716 0 0.159735
    outer loop
      vertex 107.6 32.6 40.2
      vertex 107.615 33.6 40.2927
      vertex 107.6 33.6 40.2
    endloop
  endfacet
  facet normal -0.98716 0 0.159735
    outer loop
      vertex 107.615 33.6 40.2927
      vertex 107.6 32.6 40.2
      vertex 107.615 32.6 40.2927
    endloop
  endfacet
  facet normal 0 -1 0
    outer loop
      vertex 107.807 32.6 40.4853
      vertex 107.993 32.6 40.4853
      vertex 107.9 32.6 40.5
    endloop
  endfacet
  facet normal 0 -1 0
    outer loop
      vertex 107.724 32.6 40.4427
      vertex 107.993 32.6 40.4853
      vertex 107.807 32.6 40.4853
    endloop
  endfacet
  facet normal 0 -1 0
    outer loop
      vertex 107.724 32.6 40.4427
      vertex 108.076 32.6 40.4427
      vertex 107.993 32.6 40.4853
    endloop
  endfacet
  facet normal 0 -1 0
    outer loop
      vertex 107.657 32.6 40.3763
      vertex 108.076 32.6 40.4427
      vertex 107.724 32.6 40.4427
    endloop
  endfacet
  facet normal 0 -1 0
    outer loop
      vertex 107.657 32.6 40.3763
      vertex 108.143 32.6 40.3763
      vertex 108.076 32.6 40.4427
    endloop
  endfacet
  facet normal 0 -1 0
    outer loop
      vertex 107.615 32.6 40.2927
      vertex 108.143 32.6 40.3763
      vertex 107.657 32.6 40.3763
    endloop
  endfacet
  facet normal 0 -1 0
    outer loop
      vertex 107.615 32.6 40.2927
      vertex 108.185 32.6 40.2927
      vertex 108.143 32.6 40.3763
    endloop
  endfacet
  facet normal 0 -1 0
    outer loop
      vertex 107.6 32.6 40.2
      vertex 108.185 32.6 40.2927
      vertex 107.615 32.6 40.2927
    endloop
  endfacet
  facet normal 0 -1 0
    outer loop
      vertex 107.6 32.6 40.2
      vertex 108.2 32.6 40.2
      vertex 108.185 32.6 40.2927
    endloop
  endfacet
  facet normal 0 -1 0
    outer loop
      vertex 107.615 32.6 40.1073
      vertex 108.2 32.6 40.2
      vertex 107.6 32.6 40.2
    endloop
  endfacet
  facet normal 0 -1 0
    outer loop
      vertex 107.615 32.6 40.1073
      vertex 108.185 32.6 40.1073
      vertex 108.2 32.6 40.2
    endloop
  endfacet
  facet normal 0 -1 0
    outer loop
      vertex 107.657 32.6 40.0237
      vertex 108.185 32.6 40.1073
      vertex 107.615 32.6 40.1073
    endloop
  endfacet
  facet normal 0 -1 0
    outer loop
      vertex 107.657 32.6 40.0237
      vertex 108.143 32.6 40.0237
      vertex 108.185 32.6 40.1073
    endloop
  endfacet
  facet normal 0 -1 0
    outer loop
      vertex 107.724 32.6 39.9573
      vertex 108.143 32.6 40.0237
      vertex 107.657 32.6 40.0237
    endloop
  endfacet
  facet normal 0 -1 0
    outer loop
      vertex 107.724 32.6 39.9573
      vertex 108.076 32.6 39.9573
      vertex 108.143 32.6 40.0237
    endloop
  endfacet
  facet normal 0 -1 0
    outer loop
      vertex 107.807 32.6 39.9147
      vertex 108.076 32.6 39.9573
      vertex 107.724 32.6 39.9573
    endloop
  endfacet
  facet normal 0 -1 0
    outer loop
      vertex 107.807 32.6 39.9147
      vertex 107.993 32.6 39.9147
      vertex 108.076 32.6 39.9573
    endloop
  endfacet
  facet normal -0 -1 0
    outer loop
      vertex 107.993 32.6 39.9147
      vertex 107.807 32.6 39.9147
      vertex 107.9 32.6 39.9
    endloop
  endfacet
  facet normal 0 -1 0
    outer loop
      vertex 56.3 32.6 40.2
      vertex 107.615 32.6 40.1073
      vertex 107.6 32.6 40.2
    endloop
  endfacet
  facet normal 0 -1 0
    outer loop
      vertex 56.3 32.6 40.2
      vertex 107.657 32.6 40.0237
      vertex 107.615 32.6 40.1073
    endloop
  endfacet
  facet normal 0 -1 0
    outer loop
      vertex 56.3 32.6 7.2
      vertex 107.657 32.6 40.0237
      vertex 56.3 32.6 40.2
    endloop
  endfacet
  facet normal 0 -1 0
    outer loop
      vertex 113.3 32.6 7.2
      vertex 107.657 32.6 40.0237
      vertex 56.3 32.6 7.2
    endloop
  endfacet
  facet normal 0 -1 0
    outer loop
      vertex 107.657 32.6 40.0237
      vertex 113.3 32.6 7.2
      vertex 107.724 32.6 39.9573
    endloop
  endfacet
  facet normal 0 -1 0
    outer loop
      vertex 107.724 32.6 39.9573
      vertex 113.3 32.6 7.2
      vertex 107.807 32.6 39.9147
    endloop
  endfacet
  facet normal 0 -1 0
    outer loop
      vertex 108.185 32.6 40.1073
      vertex 113.3 32.6 40.2
      vertex 108.2 32.6 40.2
    endloop
  endfacet
  facet normal 0 -1 0
    outer loop
      vertex 108.143 32.6 40.0237
      vertex 113.3 32.6 40.2
      vertex 108.185 32.6 40.1073
    endloop
  endfacet
  facet normal 0 -1 0
    outer loop
      vertex 108.076 32.6 39.9573
      vertex 113.3 32.6 40.2
      vertex 108.143 32.6 40.0237
    endloop
  endfacet
  facet normal 0 -1 0
    outer loop
      vertex 107.993 32.6 39.9147
      vertex 113.3 32.6 40.2
      vertex 108.076 32.6 39.9573
    endloop
  endfacet
  facet normal 0 -1 0
    outer loop
      vertex 113.3 32.6 7.2
      vertex 107.993 32.6 39.9147
      vertex 107.9 32.6 39.9
    endloop
  endfacet
  facet normal 0 -1 0
    outer loop
      vertex 107.807 32.6 39.9147
      vertex 113.3 32.6 7.2
      vertex 107.9 32.6 39.9
    endloop
  endfacet
  facet normal 0 -1 0
    outer loop
      vertex 107.993 32.6 39.9147
      vertex 113.3 32.6 7.2
      vertex 113.3 32.6 40.2
    endloop
  endfacet
  facet normal 0 -1 0
    outer loop
      vertex 56.3 32.6 43.4
      vertex 113.3 32.6 44.4
      vertex 56.3 32.6 44.4
    endloop
  endfacet
  facet normal 0 -1 -0
    outer loop
      vertex 113.3 32.6 44.4
      vertex 56.3 32.6 43.4
      vertex 113.3 32.6 43.4
    endloop
  endfacet
  facet normal -0.89357 0 0.448923
    outer loop
      vertex 107.615 32.6 40.2927
      vertex 107.657 33.6 40.3763
      vertex 107.615 33.6 40.2927
    endloop
  endfacet
  facet normal -0.89357 0 0.448923
    outer loop
      vertex 107.657 33.6 40.3763
      vertex 107.615 32.6 40.2927
      vertex 107.657 32.6 40.3763
    endloop
  endfacet
  facet normal -0.456621 0 0.889661
    outer loop
      vertex 107.724 33.6 40.4427
      vertex 107.807 32.6 40.4853
      vertex 107.807 33.6 40.4853
    endloop
  endfacet
  facet normal -0.456621 0 0.889661
    outer loop
      vertex 107.807 32.6 40.4853
      vertex 107.724 33.6 40.4427
      vertex 107.724 32.6 40.4427
    endloop
  endfacet
  facet normal -0.703919 0 0.71028
    outer loop
      vertex 107.657 32.6 40.3763
      vertex 107.724 33.6 40.4427
      vertex 107.657 33.6 40.3763
    endloop
  endfacet
  facet normal -0.703919 0 0.71028
    outer loop
      vertex 107.724 33.6 40.4427
      vertex 107.657 32.6 40.3763
      vertex 107.724 32.6 40.4427
    endloop
  endfacet
  facet normal 0 -1 0
    outer loop
      vertex 107.807 33.6 40.4853
      vertex 114.815 33.6 43.4
      vertex 56.3 33.6 43.4
    endloop
  endfacet
  facet normal 0 -1 0
    outer loop
      vertex 114.815 33.6 43.4
      vertex 107.807 33.6 40.4853
      vertex 107.9 33.6 40.5
    endloop
  endfacet
  facet normal 0 -1 0
    outer loop
      vertex 56.3 33.6 43.4
      vertex 107.724 33.6 40.4427
      vertex 107.807 33.6 40.4853
    endloop
  endfacet
  facet normal 0 -1 0
    outer loop
      vertex 56.3 33.6 43.4
      vertex 107.657 33.6 40.3763
      vertex 107.724 33.6 40.4427
    endloop
  endfacet
  facet normal 0 -1 0
    outer loop
      vertex 56.3 33.6 43.4
      vertex 107.615 33.6 40.2927
      vertex 107.657 33.6 40.3763
    endloop
  endfacet
  facet normal 0 -1 0
    outer loop
      vertex 107.6 33.6 40.2
      vertex 56.3 33.6 43.4
      vertex 56.3 33.6 40.2
    endloop
  endfacet
  facet normal 0 -1 0
    outer loop
      vertex 56.3 33.6 43.4
      vertex 107.6 33.6 40.2
      vertex 107.615 33.6 40.2927
    endloop
  endfacet
  facet normal 0 -1 0
    outer loop
      vertex 107.993 33.6 40.4853
      vertex 114.815 33.6 43.4
      vertex 107.9 33.6 40.5
    endloop
  endfacet
  facet normal 0 -1 0
    outer loop
      vertex 108.076 33.6 40.4427
      vertex 114.815 33.6 43.4
      vertex 107.993 33.6 40.4853
    endloop
  endfacet
  facet normal 0 -1 0
    outer loop
      vertex 108.143 33.6 40.3763
      vertex 114.815 33.6 43.4
      vertex 108.076 33.6 40.4427
    endloop
  endfacet
  facet normal 0 -1 0
    outer loop
      vertex 108.185 33.6 40.2927
      vertex 114.815 33.6 43.4
      vertex 108.143 33.6 40.3763
    endloop
  endfacet
  facet normal 0 -1 0
    outer loop
      vertex 114.815 33.6 40.2
      vertex 108.185 33.6 40.2927
      vertex 108.2 33.6 40.2
    endloop
  endfacet
  facet normal 0 -1 0
    outer loop
      vertex 108.185 33.6 40.2927
      vertex 114.815 33.6 40.2
      vertex 114.815 33.6 43.4
    endloop
  endfacet
  facet normal 0.321171 -0.947021 0
    outer loop
      vertex 114.159 0.0340729 5.6
      vertex 114.283 0.0761261 44.4
      vertex 114.159 0.0340729 44.4
    endloop
  endfacet
  facet normal 0.321171 -0.947021 0
    outer loop
      vertex 114.283 0.0761261 44.4
      vertex 114.159 0.0340729 5.6
      vertex 114.283 0.0761261 5.6
    endloop
  endfacet
  facet normal 0 -1 0
    outer loop
      vertex 55.7 0 5.6
      vertex 113.9 0 44.4
      vertex 55.7 0 44.4
    endloop
  endfacet
  facet normal 0 -1 -0
    outer loop
      vertex 113.9 0 44.4
      vertex 55.7 0 5.6
      vertex 113.9 0 5.6
    endloop
  endfacet
  facet normal 0.195473 -0.980709 0
    outer loop
      vertex 114.031 0.00856018 5.6
      vertex 114.159 0.0340729 44.4
      vertex 114.031 0.00856018 44.4
    endloop
  endfacet
  facet normal 0.195473 -0.980709 0
    outer loop
      vertex 114.159 0.0340729 44.4
      vertex 114.031 0.00856018 5.6
      vertex 114.159 0.0340729 5.6
    endloop
  endfacet
  facet normal 0.752624 0.65845 0
    outer loop
      vertex 114.693 33.8088 44.4
      vertex 114.607 33.9071 5.6
      vertex 114.607 33.9071 44.4
    endloop
  endfacet
  facet normal 0.752624 0.65845 0
    outer loop
      vertex 114.607 33.9071 5.6
      vertex 114.693 33.8088 44.4
      vertex 114.693 33.8088 5.6
    endloop
  endfacet
  facet normal 0.0655078 0.997852 -0
    outer loop
      vertex 114.031 34.1914 5.6
      vertex 113.9 34.2 44.4
      vertex 114.031 34.1914 44.4
    endloop
  endfacet
  facet normal 0.0655078 0.997852 0
    outer loop
      vertex 113.9 34.2 44.4
      vertex 114.031 34.1914 5.6
      vertex 113.9 34.2 5.6
    endloop
  endfacet
  facet normal 0.0652058 -0.997872 0
    outer loop
      vertex 113.9 0 5.6
      vertex 114.031 0.00856018 44.4
      vertex 113.9 0 44.4
    endloop
  endfacet
  facet normal 0.0652058 -0.997872 0
    outer loop
      vertex 114.031 0.00856018 44.4
      vertex 113.9 0 5.6
      vertex 114.031 0.00856018 5.6
    endloop
  endfacet
  facet normal -0.896724 -0.442591 0
    outer loop
      vertex 54.834 0.5 5.6
      vertex 54.7761 0.61731 44.4
      vertex 54.7761 0.61731 5.6
    endloop
  endfacet
  facet normal -0.896724 -0.442591 0
    outer loop
      vertex 54.7761 0.61731 44.4
      vertex 54.834 0.5 5.6
      vertex 54.834 0.5 44.4
    endloop
  endfacet
  facet normal -0.0654546 -0.997856 0
    outer loop
      vertex 55.5695 0.00856018 5.6
      vertex 55.7 0 44.4
      vertex 55.5695 0.00856018 44.4
    endloop
  endfacet
  facet normal -0.0654546 -0.997856 -0
    outer loop
      vertex 55.7 0 44.4
      vertex 55.5695 0.00856018 5.6
      vertex 55.7 0 5.6
    endloop
  endfacet
  facet normal -0.321404 -0.946942 0
    outer loop
      vertex 55.3173 0.0761261 5.6
      vertex 55.4412 0.0340729 44.4
      vertex 55.3173 0.0761261 44.4
    endloop
  endfacet
  facet normal -0.321404 -0.946942 -0
    outer loop
      vertex 55.4412 0.0340729 44.4
      vertex 55.3173 0.0761261 5.6
      vertex 55.4412 0.0340729 5.6
    endloop
  endfacet
  facet normal -0.659316 0.751866 0
    outer loop
      vertex 55.0912 33.9933 5.6
      vertex 54.9929 33.9071 44.4
      vertex 55.0912 33.9933 44.4
    endloop
  endfacet
  facet normal -0.659316 0.751866 0
    outer loop
      vertex 54.9929 33.9071 44.4
      vertex 55.0912 33.9933 5.6
      vertex 54.9929 33.9071 5.6
    endloop
  endfacet
  facet normal -0.896709 0.442621 0
    outer loop
      vertex 54.7761 33.5827 5.6
      vertex 54.834 33.7 44.4
      vertex 54.834 33.7 5.6
    endloop
  endfacet
  facet normal -0.896709 0.442621 0
    outer loop
      vertex 54.834 33.7 44.4
      vertex 54.7761 33.5827 5.6
      vertex 54.7761 33.5827 44.4
    endloop
  endfacet
  facet normal -0.442621 0.896709 0
    outer loop
      vertex 55.3173 34.1239 5.6
      vertex 55.2 34.066 44.4
      vertex 55.3173 34.1239 44.4
    endloop
  endfacet
  facet normal -0.442621 0.896709 0
    outer loop
      vertex 55.2 34.066 44.4
      vertex 55.3173 34.1239 5.6
      vertex 55.2 34.066 5.6
    endloop
  endfacet
  facet normal 1 -0 0
    outer loop
      vertex 114.9 21.6 23.7
      vertex 114.9 33.2 5.6
      vertex 114.9 33.2 40.2
    endloop
  endfacet
  facet normal 0 0 0
    outer loop
      vertex 114.9 21.9 5.6
      vertex 114.9 21.9 4.79999
      vertex 114.9 21.9 5.72205e-07
    endloop
  endfacet
  facet normal 1 -0 0
    outer loop
      vertex 114.9 21.3716 22.552
      vertex 114.9 33.2 5.6
      vertex 114.9 21.5424 23.1147
    endloop
  endfacet
  facet normal 1 0 0
    outer loop
      vertex 114.9 33.2 5.6
      vertex 114.9 21.6 23.7
      vertex 114.9 21.5424 23.1147
    endloop
  endfacet
  facet normal 1 0 0
    outer loop
      vertex 114.9 33.2 40.2
      vertex 114.9 21.5424 24.2853
      vertex 114.9 21.6 23.7
    endloop
  endfacet
  facet normal 1 0 0
    outer loop
      vertex 114.9 33.2 40.2
      vertex 114.9 21.3716 24.848
      vertex 114.9 21.5424 24.2853
    endloop
  endfacet
  facet normal 1 0 0
    outer loop
      vertex 114.9 33.2 40.2
      vertex 114.9 21.0944 25.3667
      vertex 114.9 21.3716 24.848
    endloop
  endfacet
  facet normal 1 0 0
    outer loop
      vertex 114.9 33.2 40.2
      vertex 114.9 20.7213 25.8213
      vertex 114.9 21.0944 25.3667
    endloop
  endfacet
  facet normal 1 0 0
    outer loop
      vertex 114.9 33.2 40.2
      vertex 114.9 20.2667 26.1944
      vertex 114.9 20.7213 25.8213
    endloop
  endfacet
  facet normal 1 0 0
    outer loop
      vertex 114.9 33.2 40.2
      vertex 114.9 19.748 26.4716
      vertex 114.9 20.2667 26.1944
    endloop
  endfacet
  facet normal 1 0 0
    outer loop
      vertex 114.9 33.2 40.2
      vertex 114.9 19.1853 26.6424
      vertex 114.9 19.748 26.4716
    endloop
  endfacet
  facet normal 1 0 0
    outer loop
      vertex 114.9 33.2 40.2
      vertex 114.9 18.6 26.7
      vertex 114.9 19.1853 26.6424
    endloop
  endfacet
  facet normal 1 0 0
    outer loop
      vertex 114.9 33.2 40.2
      vertex 114.9 15.6 26.7
      vertex 114.9 18.6 26.7
    endloop
  endfacet
  facet normal 1 -0 0
    outer loop
      vertex 114.9 1 40.2
      vertex 114.9 15.6 26.7
      vertex 114.9 33.2 40.2
    endloop
  endfacet
  facet normal 1 0 0
    outer loop
      vertex 114.9 15.6 26.7
      vertex 114.9 1 40.2
      vertex 114.9 15.0147 26.6424
    endloop
  endfacet
  facet normal 1 0 0
    outer loop
      vertex 114.9 15.0147 26.6424
      vertex 114.9 1 40.2
      vertex 114.9 14.452 26.4716
    endloop
  endfacet
  facet normal 1 0 0
    outer loop
      vertex 114.9 21.9 4.79999
      vertex 114.9 12.3 5.6
      vertex 114.9 12.3 4.79999
    endloop
  endfacet
  facet normal 1 0 0
    outer loop
      vertex 114.9 14.452 26.4716
      vertex 114.9 1 40.2
      vertex 114.9 13.9333 26.1944
    endloop
  endfacet
  facet normal 1 0 0
    outer loop
      vertex 114.9 1 40.2
      vertex 114.9 13.4787 25.8213
      vertex 114.9 13.9333 26.1944
    endloop
  endfacet
  facet normal 1 0 0
    outer loop
      vertex 114.9 1 40.2
      vertex 114.9 13.1056 25.3667
      vertex 114.9 13.4787 25.8213
    endloop
  endfacet
  facet normal 1 0 0
    outer loop
      vertex 114.9 1 40.2
      vertex 114.9 12.8284 24.848
      vertex 114.9 13.1056 25.3667
    endloop
  endfacet
  facet normal 1 0 0
    outer loop
      vertex 114.9 1 40.2
      vertex 114.9 12.6576 24.2853
      vertex 114.9 12.8284 24.848
    endloop
  endfacet
  facet normal 1 0 0
    outer loop
      vertex 114.9 1 40.2
      vertex 114.9 12.6 23.7
      vertex 114.9 12.6576 24.2853
    endloop
  endfacet
  facet normal 1 0 0
    outer loop
      vertex 114.9 1 5.6
      vertex 114.9 12.6 23.7
      vertex 114.9 1 40.2
    endloop
  endfacet
  facet normal 1 0 0
    outer loop
      vertex 114.9 12.6576 23.1147
      vertex 114.9 1 5.6
      vertex 114.9 12.3 5.6
    endloop
  endfacet
  facet normal 1 0 -0
    outer loop
      vertex 114.9 21.9 5.72205e-07
      vertex 114.9 21.9 4.79999
      vertex 114.9 20.4 5.72205e-07
    endloop
  endfacet
  facet normal 1 -0 0
    outer loop
      vertex 114.9 21.0944 22.0333
      vertex 114.9 33.2 5.6
      vertex 114.9 21.3716 22.552
    endloop
  endfacet
  facet normal 1 -0 0
    outer loop
      vertex 114.9 20.7213 21.5787
      vertex 114.9 33.2 5.6
      vertex 114.9 21.0944 22.0333
    endloop
  endfacet
  facet normal 1 0 0
    outer loop
      vertex 114.9 33.2 5.6
      vertex 114.9 20.7213 21.5787
      vertex 114.9 21.9 5.6
    endloop
  endfacet
  facet normal 1 -0 0
    outer loop
      vertex 114.9 20.2667 21.2056
      vertex 114.9 21.9 5.6
      vertex 114.9 20.7213 21.5787
    endloop
  endfacet
  facet normal 1 -0 0
    outer loop
      vertex 114.9 19.748 20.9284
      vertex 114.9 21.9 5.6
      vertex 114.9 20.2667 21.2056
    endloop
  endfacet
  facet normal 1 -0 0
    outer loop
      vertex 114.9 19.1853 20.7576
      vertex 114.9 21.9 5.6
      vertex 114.9 19.748 20.9284
    endloop
  endfacet
  facet normal 1 -0 0
    outer loop
      vertex 114.9 18.6 20.7
      vertex 114.9 21.9 5.6
      vertex 114.9 19.1853 20.7576
    endloop
  endfacet
  facet normal 1 0 0
    outer loop
      vertex 114.9 12.3 5.6
      vertex 114.9 21.9 5.6
      vertex 114.9 18.6 20.7
    endloop
  endfacet
  facet normal 1 0 0
    outer loop
      vertex 114.9 12.3 5.6
      vertex 114.9 18.6 20.7
      vertex 114.9 15.6 20.7
    endloop
  endfacet
  facet normal 1 0 0
    outer loop
      vertex 114.9 12.3 5.6
      vertex 114.9 15.6 20.7
      vertex 114.9 15.0147 20.7576
    endloop
  endfacet
  facet normal 1 0 0
    outer loop
      vertex 114.9 12.3 5.6
      vertex 114.9 15.0147 20.7576
      vertex 114.9 14.452 20.9284
    endloop
  endfacet
  facet normal 1 0 0
    outer loop
      vertex 114.9 12.3 5.6
      vertex 114.9 14.452 20.9284
      vertex 114.9 13.9333 21.2056
    endloop
  endfacet
  facet normal 1 0 0
    outer loop
      vertex 114.9 12.3 5.6
      vertex 114.9 13.9333 21.2056
      vertex 114.9 13.4787 21.5787
    endloop
  endfacet
  facet normal 1 0 0
    outer loop
      vertex 114.9 12.3 5.6
      vertex 114.9 13.4787 21.5787
      vertex 114.9 13.1056 22.0333
    endloop
  endfacet
  facet normal 1 0 0
    outer loop
      vertex 114.9 12.3 5.6
      vertex 114.9 13.1056 22.0333
      vertex 114.9 12.8284 22.552
    endloop
  endfacet
  facet normal 1 0 0
    outer loop
      vertex 114.9 21.9 5.6
      vertex 114.9 12.3 5.6
      vertex 114.9 21.9 4.79999
    endloop
  endfacet
  facet normal 1 0 0
    outer loop
      vertex 114.9 12.3 5.6
      vertex 114.9 12.8284 22.552
      vertex 114.9 12.6576 23.1147
    endloop
  endfacet
  facet normal 1 0 0
    outer loop
      vertex 114.9 1 5.6
      vertex 114.9 12.6576 23.1147
      vertex 114.9 12.6 23.7
    endloop
  endfacet
  facet normal 1 0 0
    outer loop
      vertex 114.9 12.3 4.79999
      vertex 114.9 12.3 5.72205e-07
      vertex 114.9 13.8 5.72205e-07
    endloop
  endfacet
  facet normal 0 0 0
    outer loop
      vertex 114.9 12.3 5.72205e-07
      vertex 114.9 12.3 4.79999
      vertex 114.9 12.3 5.6
    endloop
  endfacet
  facet normal 1 -0 0
    outer loop
      vertex 114.9 1 44.4
      vertex 114.9 33.2 43.4
      vertex 114.9 33.2 44.4
    endloop
  endfacet
  facet normal 1 0 0
    outer loop
      vertex 114.9 33.2 43.4
      vertex 114.9 1 44.4
      vertex 114.9 1 43.4
    endloop
  endfacet
  facet normal -1 0 0
    outer loop
      vertex 54.7 13.8 5.72205e-07
      vertex 54.7 12.3 5.72205e-07
      vertex 54.7 12.3 4.79999
    endloop
  endfacet
  facet normal -1 0 0
    outer loop
      vertex 54.7 33.2 5.6
      vertex 54.7 21.5424 23.1147
      vertex 54.7 21.6 23.7
    endloop
  endfacet
  facet normal -1 0 0
    outer loop
      vertex 54.7 21.9 5.6
      vertex 54.7 21.3716 22.552
      vertex 54.7 21.5424 23.1147
    endloop
  endfacet
  facet normal -1 0 0
    outer loop
      vertex 54.7 21.9 5.6
      vertex 54.7 21.0944 22.0333
      vertex 54.7 21.3716 22.552
    endloop
  endfacet
  facet normal -1 0 0
    outer loop
      vertex 54.7 21.9 5.6
      vertex 54.7 20.7213 21.5787
      vertex 54.7 21.0944 22.0333
    endloop
  endfacet
  facet normal -1 0 0
    outer loop
      vertex 54.7 21.9 5.6
      vertex 54.7 20.2667 21.2056
      vertex 54.7 20.7213 21.5787
    endloop
  endfacet
  facet normal -1 0 0
    outer loop
      vertex 54.7 21.9 5.6
      vertex 54.7 19.748 20.9284
      vertex 54.7 20.2667 21.2056
    endloop
  endfacet
  facet normal -1 0 0
    outer loop
      vertex 54.7 21.9 5.6
      vertex 54.7 19.1853 20.7576
      vertex 54.7 19.748 20.9284
    endloop
  endfacet
  facet normal -1 0 0
    outer loop
      vertex 54.7 21.9 5.6
      vertex 54.7 18.6 20.7
      vertex 54.7 19.1853 20.7576
    endloop
  endfacet
  facet normal -1 0 0
    outer loop
      vertex 54.7 21.9 5.6
      vertex 54.7 12.3 5.6
      vertex 54.7 18.6 20.7
    endloop
  endfacet
  facet normal -1 -0 0
    outer loop
      vertex 54.7 18.6 20.7
      vertex 54.7 12.3 5.6
      vertex 54.7 15.6 20.7
    endloop
  endfacet
  facet normal -1 -0 0
    outer loop
      vertex 54.7 15.6 20.7
      vertex 54.7 12.3 5.6
      vertex 54.7 15.0147 20.7576
    endloop
  endfacet
  facet normal -1 -0 0
    outer loop
      vertex 54.7 15.0147 20.7576
      vertex 54.7 12.3 5.6
      vertex 54.7 14.452 20.9284
    endloop
  endfacet
  facet normal -1 -0 0
    outer loop
      vertex 54.7 14.452 20.9284
      vertex 54.7 12.3 5.6
      vertex 54.7 13.9333 21.2056
    endloop
  endfacet
  facet normal -1 -0 0
    outer loop
      vertex 54.7 13.9333 21.2056
      vertex 54.7 12.3 5.6
      vertex 54.7 13.4787 21.5787
    endloop
  endfacet
  facet normal -1 0 0
    outer loop
      vertex 54.7 1 5.6
      vertex 54.7 13.4787 21.5787
      vertex 54.7 12.3 5.6
    endloop
  endfacet
  facet normal -1 -0 0
    outer loop
      vertex 54.7 13.1056 22.0333
      vertex 54.7 1 5.6
      vertex 54.7 12.8284 22.552
    endloop
  endfacet
  facet normal -1 -0 0
    outer loop
      vertex 54.7 13.4787 21.5787
      vertex 54.7 1 5.6
      vertex 54.7 13.1056 22.0333
    endloop
  endfacet
  facet normal -1 0 0
    outer loop
      vertex 54.7 12.3 5.6
      vertex 54.7 21.9 4.79999
      vertex 54.7 12.3 4.79999
    endloop
  endfacet
  facet normal 0 0 0
    outer loop
      vertex 54.7 21.9 5.72205e-07
      vertex 54.7 21.9 4.79999
      vertex 54.7 21.9 5.6
    endloop
  endfacet
  facet normal -1 0 -0
    outer loop
      vertex 54.7 21.9 4.79999
      vertex 54.7 21.9 5.72205e-07
      vertex 54.7 20.4 5.72205e-07
    endloop
  endfacet
  facet normal -1 0 0
    outer loop
      vertex 54.7 21.5424 23.1147
      vertex 54.7 33.2 5.6
      vertex 54.7 21.9 5.6
    endloop
  endfacet
  facet normal -1 0 0
    outer loop
      vertex 54.7 12.3 5.6
      vertex 54.7 21.9 5.6
      vertex 54.7 21.9 4.79999
    endloop
  endfacet
  facet normal -1 0 0
    outer loop
      vertex 54.7 33.2 5.6
      vertex 54.7 21.6 23.7
      vertex 54.7 33.2 44.4
    endloop
  endfacet
  facet normal -1 0 0
    outer loop
      vertex 54.7 21.5424 24.2853
      vertex 54.7 33.2 44.4
      vertex 54.7 21.6 23.7
    endloop
  endfacet
  facet normal -1 0 0
    outer loop
      vertex 54.7 21.3716 24.848
      vertex 54.7 33.2 44.4
      vertex 54.7 21.5424 24.2853
    endloop
  endfacet
  facet normal -1 0 0
    outer loop
      vertex 54.7 21.0944 25.3667
      vertex 54.7 33.2 44.4
      vertex 54.7 21.3716 24.848
    endloop
  endfacet
  facet normal -1 0 0
    outer loop
      vertex 54.7 20.7213 25.8213
      vertex 54.7 33.2 44.4
      vertex 54.7 21.0944 25.3667
    endloop
  endfacet
  facet normal -1 0 0
    outer loop
      vertex 54.7 20.2667 26.1944
      vertex 54.7 33.2 44.4
      vertex 54.7 20.7213 25.8213
    endloop
  endfacet
  facet normal -1 0 0
    outer loop
      vertex 54.7 19.748 26.4716
      vertex 54.7 33.2 44.4
      vertex 54.7 20.2667 26.1944
    endloop
  endfacet
  facet normal -1 0 0
    outer loop
      vertex 54.7 19.1853 26.6424
      vertex 54.7 33.2 44.4
      vertex 54.7 19.748 26.4716
    endloop
  endfacet
  facet normal -1 0 0
    outer loop
      vertex 54.7 18.6 26.7
      vertex 54.7 33.2 44.4
      vertex 54.7 19.1853 26.6424
    endloop
  endfacet
  facet normal -1 0 0
    outer loop
      vertex 54.7 15.6 26.7
      vertex 54.7 33.2 44.4
      vertex 54.7 18.6 26.7
    endloop
  endfacet
  facet normal -1 0 0
    outer loop
      vertex 54.7 1 44.4
      vertex 54.7 15.6 26.7
      vertex 54.7 15.0147 26.6424
    endloop
  endfacet
  facet normal -1 0 0
    outer loop
      vertex 54.7 1 44.4
      vertex 54.7 15.0147 26.6424
      vertex 54.7 14.452 26.4716
    endloop
  endfacet
  facet normal -1 0 0
    outer loop
      vertex 54.7 1 44.4
      vertex 54.7 14.452 26.4716
      vertex 54.7 13.9333 26.1944
    endloop
  endfacet
  facet normal -1 0 0
    outer loop
      vertex 54.7 1 44.4
      vertex 54.7 13.9333 26.1944
      vertex 54.7 13.4787 25.8213
    endloop
  endfacet
  facet normal 0 0 0
    outer loop
      vertex 54.7 12.3 5.6
      vertex 54.7 12.3 4.79999
      vertex 54.7 12.3 5.72205e-07
    endloop
  endfacet
  facet normal -1 -0 0
    outer loop
      vertex 54.7 12.8284 22.552
      vertex 54.7 1 5.6
      vertex 54.7 12.6576 23.1147
    endloop
  endfacet
  facet normal -1 -0 0
    outer loop
      vertex 54.7 12.6576 23.1147
      vertex 54.7 1 5.6
      vertex 54.7 12.6 23.7
    endloop
  endfacet
  facet normal -1 0 0
    outer loop
      vertex 54.7 1 44.4
      vertex 54.7 12.6 23.7
      vertex 54.7 1 5.6
    endloop
  endfacet
  facet normal -1 0 0
    outer loop
      vertex 54.7 12.6 23.7
      vertex 54.7 1 44.4
      vertex 54.7 12.6576 24.2853
    endloop
  endfacet
  facet normal -1 0 0
    outer loop
      vertex 54.7 12.6576 24.2853
      vertex 54.7 1 44.4
      vertex 54.7 12.8284 24.848
    endloop
  endfacet
  facet normal -1 0 0
    outer loop
      vertex 54.7 15.6 26.7
      vertex 54.7 1 44.4
      vertex 54.7 33.2 44.4
    endloop
  endfacet
  facet normal -1 0 0
    outer loop
      vertex 54.7 13.1056 25.3667
      vertex 54.7 1 44.4
      vertex 54.7 13.4787 25.8213
    endloop
  endfacet
  facet normal -1 0 0
    outer loop
      vertex 54.7 12.8284 24.848
      vertex 54.7 1 44.4
      vertex 54.7 13.1056 25.3667
    endloop
  endfacet
  facet normal -0.0657577 0.997836 0
    outer loop
      vertex 55.7 34.2 5.6
      vertex 55.5695 34.1914 44.4
      vertex 55.7 34.2 44.4
    endloop
  endfacet
  facet normal -0.0657577 0.997836 0
    outer loop
      vertex 55.5695 34.1914 44.4
      vertex 55.7 34.2 5.6
      vertex 55.5695 34.1914 5.6
    endloop
  endfacet
  facet normal 0.320807 0.947145 -0
    outer loop
      vertex 114.283 34.1239 5.6
      vertex 114.159 34.1659 44.4
      vertex 114.283 34.1239 44.4
    endloop
  endfacet
  facet normal 0.320807 0.947145 0
    outer loop
      vertex 114.159 34.1659 44.4
      vertex 114.283 34.1239 5.6
      vertex 114.159 34.1659 5.6
    endloop
  endfacet
  facet normal -0.659498 -0.751706 0
    outer loop
      vertex 54.9929 0.292892 5.6
      vertex 55.0912 0.20665 44.4
      vertex 54.9929 0.292892 44.4
    endloop
  endfacet
  facet normal -0.659498 -0.751706 -0
    outer loop
      vertex 55.0912 0.20665 44.4
      vertex 54.9929 0.292892 5.6
      vertex 55.0912 0.20665 5.6
    endloop
  endfacet
  facet normal -0.947066 0.321039 0
    outer loop
      vertex 54.7341 33.4588 5.6
      vertex 54.7761 33.5827 44.4
      vertex 54.7761 33.5827 5.6
    endloop
  endfacet
  facet normal -0.947066 0.321039 0
    outer loop
      vertex 54.7761 33.5827 44.4
      vertex 54.7341 33.4588 5.6
      vertex 54.7341 33.4588 44.4
    endloop
  endfacet
  facet normal -0.195033 -0.980797 0
    outer loop
      vertex 55.4412 0.0340729 5.6
      vertex 55.5695 0.00856018 44.4
      vertex 55.4412 0.0340729 44.4
    endloop
  endfacet
  facet normal -0.195033 -0.980797 -0
    outer loop
      vertex 55.5695 0.00856018 44.4
      vertex 55.4412 0.0340729 5.6
      vertex 55.5695 0.00856018 5.6
    endloop
  endfacet
  facet normal -0.751866 0.659316 0
    outer loop
      vertex 54.9067 33.8088 5.6
      vertex 54.9929 33.9071 44.4
      vertex 54.9929 33.9071 5.6
    endloop
  endfacet
  facet normal -0.751866 0.659316 0
    outer loop
      vertex 54.9929 33.9071 44.4
      vertex 54.9067 33.8088 5.6
      vertex 54.9067 33.8088 44.4
    endloop
  endfacet
  facet normal 0.981539 -0.191264 0
    outer loop
      vertex 114.866 0.74118 44.4
      vertex 114.891 0.869476 43.4
      vertex 114.891 0.869476 44.4
    endloop
  endfacet
  facet normal 0.981539 -0.191264 0
    outer loop
      vertex 114.891 0.869476 43.4
      vertex 114.866 0.74118 44.4
      vertex 114.866 0.74118 43.4
    endloop
  endfacet
  facet normal 0.981539 -0.191264 0
    outer loop
      vertex 114.866 0.74118 40.2
      vertex 114.891 0.869476 5.6
      vertex 114.891 0.869476 40.2
    endloop
  endfacet
  facet normal 0.981539 -0.191264 0
    outer loop
      vertex 114.891 0.869476 5.6
      vertex 114.866 0.74118 40.2
      vertex 114.866 0.74118 5.6
    endloop
  endfacet
  facet normal -0.442288 -0.896873 0
    outer loop
      vertex 55.2 0.133972 5.6
      vertex 55.3173 0.0761261 44.4
      vertex 55.2 0.133972 44.4
    endloop
  endfacet
  facet normal -0.442288 -0.896873 -0
    outer loop
      vertex 55.3173 0.0761261 44.4
      vertex 55.2 0.133972 5.6
      vertex 55.3173 0.0761261 5.6
    endloop
  endfacet
  facet normal 0 1 -0
    outer loop
      vertex 113.9 34.2 5.6
      vertex 55.7 34.2 44.4
      vertex 113.9 34.2 44.4
    endloop
  endfacet
  facet normal 0 1 0
    outer loop
      vertex 55.7 34.2 44.4
      vertex 113.9 34.2 5.6
      vertex 55.7 34.2 5.6
    endloop
  endfacet
  facet normal 0.830403 0.557164 0
    outer loop
      vertex 114.766 33.7 44.4
      vertex 114.693 33.8088 5.6
      vertex 114.693 33.8088 44.4
    endloop
  endfacet
  facet normal 0.830403 0.557164 0
    outer loop
      vertex 114.693 33.8088 5.6
      vertex 114.766 33.7 44.4
      vertex 114.766 33.7 5.6
    endloop
  endfacet
  facet normal -0.321039 0.947066 0
    outer loop
      vertex 55.4412 34.1659 5.6
      vertex 55.3173 34.1239 44.4
      vertex 55.4412 34.1659 44.4
    endloop
  endfacet
  facet normal -0.321039 0.947066 0
    outer loop
      vertex 55.3173 34.1239 44.4
      vertex 55.4412 34.1659 5.6
      vertex 55.3173 34.1239 5.6
    endloop
  endfacet
  facet normal -0.831462 0.555582 0
    outer loop
      vertex 54.834 33.7 5.6
      vertex 54.9067 33.8088 44.4
      vertex 54.9067 33.8088 5.6
    endloop
  endfacet
  facet normal -0.831462 0.555582 0
    outer loop
      vertex 54.9067 33.8088 44.4
      vertex 54.834 33.7 5.6
      vertex 54.834 33.7 44.4
    endloop
  endfacet
  facet normal -0.997836 0.0657577 0
    outer loop
      vertex 54.7 33.2 5.6
      vertex 54.7086 33.3305 44.4
      vertex 54.7086 33.3305 5.6
    endloop
  endfacet
  facet normal -0.997836 0.0657577 0
    outer loop
      vertex 54.7086 33.3305 44.4
      vertex 54.7 33.2 5.6
      vertex 54.7 33.2 44.4
    endloop
  endfacet
  facet normal -0.555465 -0.83154 0
    outer loop
      vertex 55.0912 0.20665 5.6
      vertex 55.2 0.133972 44.4
      vertex 55.0912 0.20665 44.4
    endloop
  endfacet
  facet normal -0.555465 -0.83154 -0
    outer loop
      vertex 55.2 0.133972 44.4
      vertex 55.0912 0.20665 5.6
      vertex 55.2 0.133972 5.6
    endloop
  endfacet
  facet normal -0.19494 0.980815 0
    outer loop
      vertex 55.5695 34.1914 5.6
      vertex 55.4412 34.1659 44.4
      vertex 55.5695 34.1914 44.4
    endloop
  endfacet
  facet normal -0.19494 0.980815 0
    outer loop
      vertex 55.4412 34.1659 44.4
      vertex 55.5695 34.1914 5.6
      vertex 55.4412 34.1659 5.6
    endloop
  endfacet
  facet normal 0.887253 -0.461283 0
    outer loop
      vertex 114.824 0.61731 44.4
      vertex 114.815 0.599999 43.4
      vertex 114.824 0.61731 43.4
    endloop
  endfacet
  facet normal 0.897989 -0.440019 0
    outer loop
      vertex 114.815 0.599999 43.4
      vertex 114.766 0.5 44.4
      vertex 114.815 0.599999 40.2
    endloop
  endfacet
  facet normal 0.89642 -0.443205 -0.000395461
    outer loop
      vertex 114.766 0.5 44.4
      vertex 114.815 0.599999 43.4
      vertex 114.824 0.61731 44.4
    endloop
  endfacet
  facet normal 0.887253 -0.461283 0
    outer loop
      vertex 114.815 0.599999 40.2
      vertex 114.824 0.61731 5.6
      vertex 114.824 0.61731 40.2
    endloop
  endfacet
  facet normal 0.897989 -0.440019 0
    outer loop
      vertex 114.766 0.5 5.6
      vertex 114.815 0.599999 40.2
      vertex 114.766 0.5 44.4
    endloop
  endfacet
  facet normal 0.89642 -0.443205 1.14295e-05
    outer loop
      vertex 114.815 0.599999 40.2
      vertex 114.766 0.5 5.6
      vertex 114.824 0.61731 5.6
    endloop
  endfacet
  facet normal 0.660637 -0.750706 0
    outer loop
      vertex 114.509 0.20665 5.6
      vertex 114.607 0.292892 44.4
      vertex 114.509 0.20665 44.4
    endloop
  endfacet
  facet normal 0.660637 -0.750706 0
    outer loop
      vertex 114.607 0.292892 44.4
      vertex 114.509 0.20665 5.6
      vertex 114.607 0.292892 5.6
    endloop
  endfacet
  facet normal 0.554876 0.831933 -0
    outer loop
      vertex 114.509 33.9933 5.6
      vertex 114.4 34.066 44.4
      vertex 114.509 33.9933 44.4
    endloop
  endfacet
  facet normal 0.554876 0.831933 0
    outer loop
      vertex 114.4 34.066 44.4
      vertex 114.509 33.9933 5.6
      vertex 114.4 34.066 5.6
    endloop
  endfacet
  facet normal 0.443533 0.896258 -0
    outer loop
      vertex 114.4 34.066 5.6
      vertex 114.283 34.1239 44.4
      vertex 114.4 34.066 44.4
    endloop
  endfacet
  facet normal 0.443533 0.896258 0
    outer loop
      vertex 114.283 34.1239 44.4
      vertex 114.4 34.066 5.6
      vertex 114.283 34.1239 5.6
    endloop
  endfacet
  facet normal 0.947066 0.321039 0
    outer loop
      vertex 114.866 33.4588 44.4
      vertex 114.824 33.5827 43.4
      vertex 114.824 33.5827 44.4
    endloop
  endfacet
  facet normal 0.947066 0.321039 0
    outer loop
      vertex 114.824 33.5827 43.4
      vertex 114.866 33.4588 44.4
      vertex 114.866 33.4588 43.4
    endloop
  endfacet
  facet normal 0.947066 0.321039 0
    outer loop
      vertex 114.866 33.4588 40.2
      vertex 114.824 33.5827 5.6
      vertex 114.824 33.5827 40.2
    endloop
  endfacet
  facet normal 0.947066 0.321039 0
    outer loop
      vertex 114.824 33.5827 5.6
      vertex 114.866 33.4588 40.2
      vertex 114.866 33.4588 5.6
    endloop
  endfacet
  facet normal 0.195379 0.980728 -0
    outer loop
      vertex 114.159 34.1659 5.6
      vertex 114.031 34.1914 44.4
      vertex 114.159 34.1659 44.4
    endloop
  endfacet
  facet normal 0.195379 0.980728 0
    outer loop
      vertex 114.031 34.1914 44.4
      vertex 114.159 34.1659 5.6
      vertex 114.031 34.1914 5.6
    endloop
  endfacet
  facet normal 0.99763 0.0688021 0
    outer loop
      vertex 114.9 33.2 40.2
      vertex 114.891 33.3305 5.6
      vertex 114.891 33.3305 40.2
    endloop
  endfacet
  facet normal 0.99763 0.0688021 0
    outer loop
      vertex 114.891 33.3305 5.6
      vertex 114.9 33.2 40.2
      vertex 114.9 33.2 5.6
    endloop
  endfacet
  facet normal 0.99763 0.0688021 0
    outer loop
      vertex 114.9 33.2 44.4
      vertex 114.891 33.3305 43.4
      vertex 114.891 33.3305 44.4
    endloop
  endfacet
  facet normal 0.99763 0.0688021 0
    outer loop
      vertex 114.891 33.3305 43.4
      vertex 114.9 33.2 44.4
      vertex 114.9 33.2 43.4
    endloop
  endfacet
  facet normal -0.555582 0.831462 0
    outer loop
      vertex 55.2 34.066 5.6
      vertex 55.0912 33.9933 44.4
      vertex 55.2 34.066 44.4
    endloop
  endfacet
  facet normal -0.555582 0.831462 0
    outer loop
      vertex 55.0912 33.9933 44.4
      vertex 55.2 34.066 5.6
      vertex 55.0912 33.9933 5.6
    endloop
  endfacet
  facet normal 0.83032 -0.557287 0
    outer loop
      vertex 114.693 0.391235 44.4
      vertex 114.766 0.5 5.6
      vertex 114.766 0.5 44.4
    endloop
  endfacet
  facet normal 0.83032 -0.557287 0
    outer loop
      vertex 114.766 0.5 5.6
      vertex 114.693 0.391235 44.4
      vertex 114.693 0.391235 5.6
    endloop
  endfacet
  facet normal 0.752767 -0.658287 0
    outer loop
      vertex 114.607 0.292892 44.4
      vertex 114.693 0.391235 5.6
      vertex 114.693 0.391235 44.4
    endloop
  endfacet
  facet normal 0.752767 -0.658287 0
    outer loop
      vertex 114.693 0.391235 5.6
      vertex 114.607 0.292892 44.4
      vertex 114.607 0.292892 5.6
    endloop
  endfacet
  facet normal -0.997836 -0.0657457 0
    outer loop
      vertex 54.7086 0.869476 5.6
      vertex 54.7 1 44.4
      vertex 54.7 1 5.6
    endloop
  endfacet
  facet normal -0.997836 -0.0657457 0
    outer loop
      vertex 54.7 1 44.4
      vertex 54.7086 0.869476 5.6
      vertex 54.7086 0.869476 44.4
    endloop
  endfacet
  facet normal -0.980815 0.19494 0
    outer loop
      vertex 54.7086 33.3305 5.6
      vertex 54.7341 33.4588 44.4
      vertex 54.7341 33.4588 5.6
    endloop
  endfacet
  facet normal -0.980815 0.19494 0
    outer loop
      vertex 54.7341 33.4588 44.4
      vertex 54.7086 33.3305 5.6
      vertex 54.7086 33.3305 44.4
    endloop
  endfacet
  facet normal 0.947042 -0.321109 0
    outer loop
      vertex 114.824 0.61731 44.4
      vertex 114.866 0.74118 43.4
      vertex 114.866 0.74118 44.4
    endloop
  endfacet
  facet normal 0.947042 -0.321109 0
    outer loop
      vertex 114.866 0.74118 43.4
      vertex 114.824 0.61731 44.4
      vertex 114.824 0.61731 43.4
    endloop
  endfacet
  facet normal 0.947042 -0.321109 0
    outer loop
      vertex 114.824 0.61731 40.2
      vertex 114.866 0.74118 5.6
      vertex 114.866 0.74118 40.2
    endloop
  endfacet
  facet normal 0.947042 -0.321109 0
    outer loop
      vertex 114.866 0.74118 5.6
      vertex 114.824 0.61731 40.2
      vertex 114.824 0.61731 5.6
    endloop
  endfacet
  facet normal 0.660455 0.750865 -0
    outer loop
      vertex 114.607 33.9071 5.6
      vertex 114.509 33.9933 44.4
      vertex 114.607 33.9071 44.4
    endloop
  endfacet
  facet normal 0.660455 0.750865 0
    outer loop
      vertex 114.509 33.9933 44.4
      vertex 114.607 33.9071 5.6
      vertex 114.509 33.9933 5.6
    endloop
  endfacet
  facet normal 0.89799 0.440015 -0
    outer loop
      vertex 114.815 33.6 40.2
      vertex 114.766 33.7 44.4
      vertex 114.815 33.6 43.4
    endloop
  endfacet
  facet normal 0.896405 0.443235 -0.000399676
    outer loop
      vertex 114.824 33.5827 44.4
      vertex 114.815 33.6 43.4
      vertex 114.766 33.7 44.4
    endloop
  endfacet
  facet normal 0.887133 0.461514 0
    outer loop
      vertex 114.815 33.6 43.4
      vertex 114.824 33.5827 44.4
      vertex 114.824 33.5827 43.4
    endloop
  endfacet
  facet normal 0.89799 0.440015 0
    outer loop
      vertex 114.766 33.7 44.4
      vertex 114.815 33.6 40.2
      vertex 114.766 33.7 5.6
    endloop
  endfacet
  facet normal 0.887133 0.461514 7.75119e-05
    outer loop
      vertex 114.824 33.5827 40.2
      vertex 114.766 33.7 5.6
      vertex 114.815 33.6 40.2
    endloop
  endfacet
  facet normal 0.896405 0.443235 0
    outer loop
      vertex 114.766 33.7 5.6
      vertex 114.824 33.5827 40.2
      vertex 114.824 33.5827 5.6
    endloop
  endfacet
  facet normal 0.98154 0.191259 0
    outer loop
      vertex 114.891 33.3305 44.4
      vertex 114.866 33.4588 43.4
      vertex 114.866 33.4588 44.4
    endloop
  endfacet
  facet normal 0.98154 0.191259 0
    outer loop
      vertex 114.866 33.4588 43.4
      vertex 114.891 33.3305 44.4
      vertex 114.891 33.3305 43.4
    endloop
  endfacet
  facet normal 0.98154 0.191259 0
    outer loop
      vertex 114.891 33.3305 40.2
      vertex 114.866 33.4588 5.6
      vertex 114.866 33.4588 40.2
    endloop
  endfacet
  facet normal 0.98154 0.191259 0
    outer loop
      vertex 114.866 33.4588 5.6
      vertex 114.891 33.3305 40.2
      vertex 114.891 33.3305 5.6
    endloop
  endfacet
  facet normal -0.980814 -0.194946 0
    outer loop
      vertex 54.7341 0.74118 5.6
      vertex 54.7086 0.869476 44.4
      vertex 54.7086 0.869476 5.6
    endloop
  endfacet
  facet normal -0.980814 -0.194946 0
    outer loop
      vertex 54.7086 0.869476 44.4
      vertex 54.7341 0.74118 5.6
      vertex 54.7341 0.74118 44.4
    endloop
  endfacet
  facet normal -0.947042 -0.321109 0
    outer loop
      vertex 54.7761 0.61731 5.6
      vertex 54.7341 0.74118 44.4
      vertex 54.7341 0.74118 5.6
    endloop
  endfacet
  facet normal -0.947042 -0.321109 0
    outer loop
      vertex 54.7341 0.74118 44.4
      vertex 54.7761 0.61731 5.6
      vertex 54.7761 0.61731 44.4
    endloop
  endfacet
  facet normal -0.831379 -0.555705 0
    outer loop
      vertex 54.9067 0.391235 5.6
      vertex 54.834 0.5 44.4
      vertex 54.834 0.5 5.6
    endloop
  endfacet
  facet normal -0.831379 -0.555705 0
    outer loop
      vertex 54.834 0.5 44.4
      vertex 54.9067 0.391235 5.6
      vertex 54.9067 0.391235 44.4
    endloop
  endfacet
  facet normal -0.752008 -0.659153 0
    outer loop
      vertex 54.9929 0.292892 5.6
      vertex 54.9067 0.391235 44.4
      vertex 54.9067 0.391235 5.6
    endloop
  endfacet
  facet normal -0.752008 -0.659153 0
    outer loop
      vertex 54.9067 0.391235 44.4
      vertex 54.9929 0.292892 5.6
      vertex 54.9929 0.292892 44.4
    endloop
  endfacet
  facet normal 0 0 -1
    outer loop
      vertex 114.9 1 5.6
      vertex 114.893 12.1956 5.6
      vertex 114.9 12.3 5.6
    endloop
  endfacet
  facet normal 0 0 -1
    outer loop
      vertex 113.9 0 5.6
      vertex 114.9 1 5.6
      vertex 114.891 0.869476 5.6
    endloop
  endfacet
  facet normal 0 0 -1
    outer loop
      vertex 114.9 1 5.6
      vertex 114.873 12.0929 5.6
      vertex 114.893 12.1956 5.6
    endloop
  endfacet
  facet normal 0 0 -1
    outer loop
      vertex 113.9 0 5.6
      vertex 114.891 0.869476 5.6
      vertex 114.866 0.74118 5.6
    endloop
  endfacet
  facet normal 0 0 -1
    outer loop
      vertex 114.9 1 5.6
      vertex 114.839 11.9939 5.6
      vertex 114.873 12.0929 5.6
    endloop
  endfacet
  facet normal 0 0 -1
    outer loop
      vertex 113.9 0 5.6
      vertex 114.866 0.74118 5.6
      vertex 114.824 0.61731 5.6
    endloop
  endfacet
  facet normal 0 0 -1
    outer loop
      vertex 114.9 1 5.6
      vertex 114.793 11.9 5.6
      vertex 114.839 11.9939 5.6
    endloop
  endfacet
  facet normal 0 0 -1
    outer loop
      vertex 113.9 0 5.6
      vertex 114.824 0.61731 5.6
      vertex 114.766 0.5 5.6
    endloop
  endfacet
  facet normal 0 0 -1
    outer loop
      vertex 114.9 1 5.6
      vertex 114.735 11.813 5.6
      vertex 114.793 11.9 5.6
    endloop
  endfacet
  facet normal 0 0 -1
    outer loop
      vertex 113.9 0 5.6
      vertex 114.766 0.5 5.6
      vertex 114.693 0.391235 5.6
    endloop
  endfacet
  facet normal 0 0 -1
    outer loop
      vertex 114.9 1 5.6
      vertex 114.666 11.7343 5.6
      vertex 114.735 11.813 5.6
    endloop
  endfacet
  facet normal 0 0 -1
    outer loop
      vertex 113.9 0 5.6
      vertex 114.693 0.391235 5.6
      vertex 114.607 0.292892 5.6
    endloop
  endfacet
  facet normal 0 0 -1
    outer loop
      vertex 114.9 1 5.6
      vertex 114.587 11.6653 5.6
      vertex 114.666 11.7343 5.6
    endloop
  endfacet
  facet normal 0 0 -1
    outer loop
      vertex 113.9 0 5.6
      vertex 114.607 0.292892 5.6
      vertex 114.509 0.20665 5.6
    endloop
  endfacet
  facet normal 0 0 -1
    outer loop
      vertex 114.9 1 5.6
      vertex 114.5 11.6072 5.6
      vertex 114.587 11.6653 5.6
    endloop
  endfacet
  facet normal 0 0 -1
    outer loop
      vertex 114.9 1 5.6
      vertex 114.406 11.5609 5.6
      vertex 114.5 11.6072 5.6
    endloop
  endfacet
  facet normal 0 0 -1
    outer loop
      vertex 113.9 0 5.6
      vertex 114.509 0.20665 5.6
      vertex 114.4 0.133972 5.6
    endloop
  endfacet
  facet normal 0 0 -1
    outer loop
      vertex 114.9 1 5.6
      vertex 114.307 11.5273 5.6
      vertex 114.406 11.5609 5.6
    endloop
  endfacet
  facet normal 0 0 -1
    outer loop
      vertex 113.9 0 5.6
      vertex 114.4 0.133972 5.6
      vertex 114.283 0.0761261 5.6
    endloop
  endfacet
  facet normal 0 0 -1
    outer loop
      vertex 114.9 1 5.6
      vertex 114.204 11.5069 5.6
      vertex 114.307 11.5273 5.6
    endloop
  endfacet
  facet normal 0 0 -1
    outer loop
      vertex 113.9 0 5.6
      vertex 114.283 0.0761261 5.6
      vertex 114.159 0.0340729 5.6
    endloop
  endfacet
  facet normal 0 0 -1
    outer loop
      vertex 114.9 1 5.6
      vertex 114.1 11.5 5.6
      vertex 114.204 11.5069 5.6
    endloop
  endfacet
  facet normal 0 0 -1
    outer loop
      vertex 113.9 0 5.6
      vertex 114.159 0.0340729 5.6
      vertex 114.031 0.00856018 5.6
    endloop
  endfacet
  facet normal -0 0 -1
    outer loop
      vertex 114.9 1 5.6
      vertex 113.9 0 5.6
      vertex 114.1 11.5 5.6
    endloop
  endfacet
  facet normal 0 0 -1
    outer loop
      vertex 55.7 0 5.6
      vertex 114.1 11.5 5.6
      vertex 113.9 0 5.6
    endloop
  endfacet
  facet normal 0 0 -1
    outer loop
      vertex 54.7 1 5.6
      vertex 55.7 0 5.6
      vertex 55.5695 0.00856018 5.6
    endloop
  endfacet
  facet normal 0 0 -1
    outer loop
      vertex 55.7 0 5.6
      vertex 55.5 11.5 5.6
      vertex 114.1 11.5 5.6
    endloop
  endfacet
  facet normal 0 0 -1
    outer loop
      vertex 54.7 1 5.6
      vertex 55.5695 0.00856018 5.6
      vertex 55.4412 0.0340729 5.6
    endloop
  endfacet
  facet normal 0 0 -1
    outer loop
      vertex 55.7 0 5.6
      vertex 54.7 1 5.6
      vertex 55.5 11.5 5.6
    endloop
  endfacet
  facet normal 0 0 -1
    outer loop
      vertex 54.7 1 5.6
      vertex 55.4412 0.0340729 5.6
      vertex 55.3173 0.0761261 5.6
    endloop
  endfacet
  facet normal -0 0 -1
    outer loop
      vertex 55.5 11.5 5.6
      vertex 54.7 1 5.6
      vertex 55.3956 11.5069 5.6
    endloop
  endfacet
  facet normal 0 0 -1
    outer loop
      vertex 54.7 1 5.6
      vertex 55.3173 0.0761261 5.6
      vertex 55.2 0.133972 5.6
    endloop
  endfacet
  facet normal -0 0 -1
    outer loop
      vertex 55.3956 11.5069 5.6
      vertex 54.7 1 5.6
      vertex 55.2929 11.5273 5.6
    endloop
  endfacet
  facet normal -0 0 -1
    outer loop
      vertex 55.2929 11.5273 5.6
      vertex 54.7 1 5.6
      vertex 55.1939 11.5609 5.6
    endloop
  endfacet
  facet normal 0 0 -1
    outer loop
      vertex 54.7 1 5.6
      vertex 55.2 0.133972 5.6
      vertex 55.0912 0.20665 5.6
    endloop
  endfacet
  facet normal -0 0 -1
    outer loop
      vertex 55.1939 11.5609 5.6
      vertex 54.7 1 5.6
      vertex 55.1 11.6072 5.6
    endloop
  endfacet
  facet normal 0 0 -1
    outer loop
      vertex 54.7 1 5.6
      vertex 55.0912 0.20665 5.6
      vertex 54.9929 0.292892 5.6
    endloop
  endfacet
  facet normal -0 0 -1
    outer loop
      vertex 55.1 11.6072 5.6
      vertex 54.7 1 5.6
      vertex 55.013 11.6653 5.6
    endloop
  endfacet
  facet normal 0 0 -1
    outer loop
      vertex 54.7 1 5.6
      vertex 54.9929 0.292892 5.6
      vertex 54.9067 0.391235 5.6
    endloop
  endfacet
  facet normal -0 0 -1
    outer loop
      vertex 55.013 11.6653 5.6
      vertex 54.7 1 5.6
      vertex 54.9343 11.7343 5.6
    endloop
  endfacet
  facet normal 0 0 -1
    outer loop
      vertex 54.7 1 5.6
      vertex 54.9067 0.391235 5.6
      vertex 54.834 0.5 5.6
    endloop
  endfacet
  facet normal -0 0 -1
    outer loop
      vertex 54.9343 11.7343 5.6
      vertex 54.7 1 5.6
      vertex 54.8653 11.813 5.6
    endloop
  endfacet
  facet normal 0 0 -1
    outer loop
      vertex 54.7 1 5.6
      vertex 54.834 0.5 5.6
      vertex 54.7761 0.61731 5.6
    endloop
  endfacet
  facet normal -0 0 -1
    outer loop
      vertex 54.8653 11.813 5.6
      vertex 54.7 1 5.6
      vertex 54.8072 11.9 5.6
    endloop
  endfacet
  facet normal 0 0 -1
    outer loop
      vertex 54.7 1 5.6
      vertex 54.7761 0.61731 5.6
      vertex 54.7341 0.74118 5.6
    endloop
  endfacet
  facet normal -0 0 -1
    outer loop
      vertex 54.8072 11.9 5.6
      vertex 54.7 1 5.6
      vertex 54.7609 11.9939 5.6
    endloop
  endfacet
  facet normal 0 0 -1
    outer loop
      vertex 54.7 1 5.6
      vertex 54.7341 0.74118 5.6
      vertex 54.7086 0.869476 5.6
    endloop
  endfacet
  facet normal -0 0 -1
    outer loop
      vertex 54.7609 11.9939 5.6
      vertex 54.7 1 5.6
      vertex 54.7273 12.0929 5.6
    endloop
  endfacet
  facet normal -0 0 -1
    outer loop
      vertex 54.7273 12.0929 5.6
      vertex 54.7 1 5.6
      vertex 54.7069 12.1956 5.6
    endloop
  endfacet
  facet normal -0 0 -1
    outer loop
      vertex 54.7069 12.1956 5.6
      vertex 54.7 1 5.6
      vertex 54.7 12.3 5.6
    endloop
  endfacet
  facet normal 0 0 -1
    outer loop
      vertex 114.893 22.0044 5.6
      vertex 114.9 33.2 5.6
      vertex 114.9 21.9 5.6
    endloop
  endfacet
  facet normal 0 0 -1
    outer loop
      vertex 114.873 22.1071 5.6
      vertex 114.9 33.2 5.6
      vertex 114.893 22.0044 5.6
    endloop
  endfacet
  facet normal 0 0 -1
    outer loop
      vertex 114.839 22.2061 5.6
      vertex 114.9 33.2 5.6
      vertex 114.873 22.1071 5.6
    endloop
  endfacet
  facet normal 0 0 -1
    outer loop
      vertex 114.793 22.3 5.6
      vertex 114.9 33.2 5.6
      vertex 114.839 22.2061 5.6
    endloop
  endfacet
  facet normal 0 0 -1
    outer loop
      vertex 114.735 22.387 5.6
      vertex 114.9 33.2 5.6
      vertex 114.793 22.3 5.6
    endloop
  endfacet
  facet normal 0 0 -1
    outer loop
      vertex 114.666 22.4657 5.6
      vertex 114.9 33.2 5.6
      vertex 114.735 22.387 5.6
    endloop
  endfacet
  facet normal 0 0 -1
    outer loop
      vertex 114.587 22.5347 5.6
      vertex 114.9 33.2 5.6
      vertex 114.666 22.4657 5.6
    endloop
  endfacet
  facet normal 0 0 -1
    outer loop
      vertex 114.5 22.5928 5.6
      vertex 114.9 33.2 5.6
      vertex 114.587 22.5347 5.6
    endloop
  endfacet
  facet normal 0 0 -1
    outer loop
      vertex 114.406 22.6391 5.6
      vertex 114.9 33.2 5.6
      vertex 114.5 22.5928 5.6
    endloop
  endfacet
  facet normal 0 0 -1
    outer loop
      vertex 114.307 22.6727 5.6
      vertex 114.9 33.2 5.6
      vertex 114.406 22.6391 5.6
    endloop
  endfacet
  facet normal 0 0 -1
    outer loop
      vertex 114.204 22.6931 5.6
      vertex 114.9 33.2 5.6
      vertex 114.307 22.6727 5.6
    endloop
  endfacet
  facet normal 0 0 -1
    outer loop
      vertex 114.1 22.7 5.6
      vertex 114.9 33.2 5.6
      vertex 114.204 22.6931 5.6
    endloop
  endfacet
  facet normal 0 0 -1
    outer loop
      vertex 113.9 34.2 5.6
      vertex 114.9 33.2 5.6
      vertex 114.1 22.7 5.6
    endloop
  endfacet
  facet normal 0 0 -1
    outer loop
      vertex 114.9 33.2 5.6
      vertex 113.9 34.2 5.6
      vertex 114.891 33.3305 5.6
    endloop
  endfacet
  facet normal 0 0 -1
    outer loop
      vertex 114.891 33.3305 5.6
      vertex 113.9 34.2 5.6
      vertex 114.866 33.4588 5.6
    endloop
  endfacet
  facet normal 0 0 -1
    outer loop
      vertex 114.866 33.4588 5.6
      vertex 113.9 34.2 5.6
      vertex 114.824 33.5827 5.6
    endloop
  endfacet
  facet normal 0 0 -1
    outer loop
      vertex 114.824 33.5827 5.6
      vertex 113.9 34.2 5.6
      vertex 114.766 33.7 5.6
    endloop
  endfacet
  facet normal 0 0 -1
    outer loop
      vertex 114.766 33.7 5.6
      vertex 113.9 34.2 5.6
      vertex 114.693 33.8088 5.6
    endloop
  endfacet
  facet normal 0 0 -1
    outer loop
      vertex 114.693 33.8088 5.6
      vertex 113.9 34.2 5.6
      vertex 114.607 33.9071 5.6
    endloop
  endfacet
  facet normal 0 0 -1
    outer loop
      vertex 114.607 33.9071 5.6
      vertex 113.9 34.2 5.6
      vertex 114.509 33.9933 5.6
    endloop
  endfacet
  facet normal 0 0 -1
    outer loop
      vertex 114.509 33.9933 5.6
      vertex 113.9 34.2 5.6
      vertex 114.4 34.066 5.6
    endloop
  endfacet
  facet normal 0 0 -1
    outer loop
      vertex 114.4 34.066 5.6
      vertex 113.9 34.2 5.6
      vertex 114.283 34.1239 5.6
    endloop
  endfacet
  facet normal 0 0 -1
    outer loop
      vertex 114.283 34.1239 5.6
      vertex 113.9 34.2 5.6
      vertex 114.159 34.1659 5.6
    endloop
  endfacet
  facet normal 0 0 -1
    outer loop
      vertex 114.159 34.1659 5.6
      vertex 113.9 34.2 5.6
      vertex 114.031 34.1914 5.6
    endloop
  endfacet
  facet normal 0 0 -1
    outer loop
      vertex 114.1 22.7 5.6
      vertex 55.7 34.2 5.6
      vertex 113.9 34.2 5.6
    endloop
  endfacet
  facet normal 0 0 -1
    outer loop
      vertex 55.5 22.7 5.6
      vertex 55.7 34.2 5.6
      vertex 114.1 22.7 5.6
    endloop
  endfacet
  facet normal 0 0 -1
    outer loop
      vertex 54.7 33.2 5.6
      vertex 55.7 34.2 5.6
      vertex 55.5 22.7 5.6
    endloop
  endfacet
  facet normal 0 0 -1
    outer loop
      vertex 55.7 34.2 5.6
      vertex 54.7 33.2 5.6
      vertex 55.5695 34.1914 5.6
    endloop
  endfacet
  facet normal 0 0 -1
    outer loop
      vertex 54.7 33.2 5.6
      vertex 55.5 22.7 5.6
      vertex 55.3956 22.6931 5.6
    endloop
  endfacet
  facet normal 0 0 -1
    outer loop
      vertex 55.5695 34.1914 5.6
      vertex 54.7 33.2 5.6
      vertex 55.4412 34.1659 5.6
    endloop
  endfacet
  facet normal 0 0 -1
    outer loop
      vertex 54.7 33.2 5.6
      vertex 55.3956 22.6931 5.6
      vertex 55.2929 22.6727 5.6
    endloop
  endfacet
  facet normal 0 0 -1
    outer loop
      vertex 55.4412 34.1659 5.6
      vertex 54.7 33.2 5.6
      vertex 55.3173 34.1239 5.6
    endloop
  endfacet
  facet normal 0 0 -1
    outer loop
      vertex 54.7 33.2 5.6
      vertex 55.2929 22.6727 5.6
      vertex 55.1939 22.6391 5.6
    endloop
  endfacet
  facet normal 0 0 -1
    outer loop
      vertex 54.7 33.2 5.6
      vertex 55.1939 22.6391 5.6
      vertex 55.1 22.5928 5.6
    endloop
  endfacet
  facet normal 0 0 -1
    outer loop
      vertex 55.3173 34.1239 5.6
      vertex 54.7 33.2 5.6
      vertex 55.2 34.066 5.6
    endloop
  endfacet
  facet normal 0 0 -1
    outer loop
      vertex 54.7 33.2 5.6
      vertex 55.1 22.5928 5.6
      vertex 55.013 22.5347 5.6
    endloop
  endfacet
  facet normal 0 0 -1
    outer loop
      vertex 55.2 34.066 5.6
      vertex 54.7 33.2 5.6
      vertex 55.0912 33.9933 5.6
    endloop
  endfacet
  facet normal 0 0 -1
    outer loop
      vertex 54.7 33.2 5.6
      vertex 55.013 22.5347 5.6
      vertex 54.9343 22.4657 5.6
    endloop
  endfacet
  facet normal 0 0 -1
    outer loop
      vertex 55.0912 33.9933 5.6
      vertex 54.7 33.2 5.6
      vertex 54.9929 33.9071 5.6
    endloop
  endfacet
  facet normal 0 0 -1
    outer loop
      vertex 54.7 33.2 5.6
      vertex 54.9343 22.4657 5.6
      vertex 54.8653 22.387 5.6
    endloop
  endfacet
  facet normal 0 0 -1
    outer loop
      vertex 54.9929 33.9071 5.6
      vertex 54.7 33.2 5.6
      vertex 54.9067 33.8088 5.6
    endloop
  endfacet
  facet normal 0 0 -1
    outer loop
      vertex 54.7 33.2 5.6
      vertex 54.8653 22.387 5.6
      vertex 54.8072 22.3 5.6
    endloop
  endfacet
  facet normal 0 0 -1
    outer loop
      vertex 54.9067 33.8088 5.6
      vertex 54.7 33.2 5.6
      vertex 54.834 33.7 5.6
    endloop
  endfacet
  facet normal 0 0 -1
    outer loop
      vertex 54.7 33.2 5.6
      vertex 54.8072 22.3 5.6
      vertex 54.7609 22.2061 5.6
    endloop
  endfacet
  facet normal 0 0 -1
    outer loop
      vertex 54.834 33.7 5.6
      vertex 54.7 33.2 5.6
      vertex 54.7761 33.5827 5.6
    endloop
  endfacet
  facet normal 0 0 -1
    outer loop
      vertex 54.7 33.2 5.6
      vertex 54.7609 22.2061 5.6
      vertex 54.7273 22.1071 5.6
    endloop
  endfacet
  facet normal 0 0 -1
    outer loop
      vertex 54.7761 33.5827 5.6
      vertex 54.7 33.2 5.6
      vertex 54.7341 33.4588 5.6
    endloop
  endfacet
  facet normal 0 0 -1
    outer loop
      vertex 54.7 33.2 5.6
      vertex 54.7273 22.1071 5.6
      vertex 54.7069 22.0044 5.6
    endloop
  endfacet
  facet normal 0 0 -1
    outer loop
      vertex 54.7 33.2 5.6
      vertex 54.7069 22.0044 5.6
      vertex 54.7 21.9 5.6
    endloop
  endfacet
  facet normal 0 0 -1
    outer loop
      vertex 54.7341 33.4588 5.6
      vertex 54.7 33.2 5.6
      vertex 54.7086 33.3305 5.6
    endloop
  endfacet
  facet normal 0.997631 -0.0687895 0
    outer loop
      vertex 114.891 0.869476 44.4
      vertex 114.9 1 43.4
      vertex 114.9 1 44.4
    endloop
  endfacet
  facet normal 0.997631 -0.0687895 0
    outer loop
      vertex 114.9 1 43.4
      vertex 114.891 0.869476 44.4
      vertex 114.891 0.869476 43.4
    endloop
  endfacet
  facet normal 0.997631 -0.0687895 0
    outer loop
      vertex 114.891 0.869476 40.2
      vertex 114.9 1 5.6
      vertex 114.9 1 40.2
    endloop
  endfacet
  facet normal 0.997631 -0.0687895 0
    outer loop
      vertex 114.9 1 5.6
      vertex 114.891 0.869476 40.2
      vertex 114.891 0.869476 5.6
    endloop
  endfacet
  facet normal 0 0 1
    outer loop
      vertex 113.3 32.6 44.4
      vertex 114.9 33.2 44.4
      vertex 114.891 33.3305 44.4
    endloop
  endfacet
  facet normal 0 0 1
    outer loop
      vertex 114.9 33.2 44.4
      vertex 113.3 32.6 44.4
      vertex 114.9 1 44.4
    endloop
  endfacet
  facet normal 0 0 1
    outer loop
      vertex 113.3 32.6 44.4
      vertex 114.891 33.3305 44.4
      vertex 114.866 33.4588 44.4
    endloop
  endfacet
  facet normal -0 0 1
    outer loop
      vertex 113.3 1.6 44.4
      vertex 114.9 1 44.4
      vertex 113.3 32.6 44.4
    endloop
  endfacet
  facet normal 0 0 1
    outer loop
      vertex 113.3 32.6 44.4
      vertex 114.866 33.4588 44.4
      vertex 114.824 33.5827 44.4
    endloop
  endfacet
  facet normal 0 0 1
    outer loop
      vertex 114.9 1 44.4
      vertex 113.3 1.6 44.4
      vertex 114.891 0.869476 44.4
    endloop
  endfacet
  facet normal 0 0 1
    outer loop
      vertex 113.3 32.6 44.4
      vertex 114.824 33.5827 44.4
      vertex 114.766 33.7 44.4
    endloop
  endfacet
  facet normal 0 0 1
    outer loop
      vertex 114.891 0.869476 44.4
      vertex 113.3 1.6 44.4
      vertex 114.866 0.74118 44.4
    endloop
  endfacet
  facet normal 0 0 1
    outer loop
      vertex 113.3 32.6 44.4
      vertex 114.766 33.7 44.4
      vertex 114.693 33.8088 44.4
    endloop
  endfacet
  facet normal 0 0 1
    outer loop
      vertex 114.866 0.74118 44.4
      vertex 113.3 1.6 44.4
      vertex 114.824 0.61731 44.4
    endloop
  endfacet
  facet normal 0 0 1
    outer loop
      vertex 113.3 32.6 44.4
      vertex 114.693 33.8088 44.4
      vertex 114.607 33.9071 44.4
    endloop
  endfacet
  facet normal 0 0 1
    outer loop
      vertex 114.824 0.61731 44.4
      vertex 113.3 1.6 44.4
      vertex 114.766 0.5 44.4
    endloop
  endfacet
  facet normal 0 0 1
    outer loop
      vertex 113.3 32.6 44.4
      vertex 114.607 33.9071 44.4
      vertex 114.509 33.9933 44.4
    endloop
  endfacet
  facet normal 0 0 1
    outer loop
      vertex 114.766 0.5 44.4
      vertex 113.3 1.6 44.4
      vertex 114.693 0.391235 44.4
    endloop
  endfacet
  facet normal 0 0 1
    outer loop
      vertex 113.3 32.6 44.4
      vertex 114.509 33.9933 44.4
      vertex 114.4 34.066 44.4
    endloop
  endfacet
  facet normal 0 0 1
    outer loop
      vertex 114.693 0.391235 44.4
      vertex 113.3 1.6 44.4
      vertex 114.607 0.292892 44.4
    endloop
  endfacet
  facet normal 0 0 1
    outer loop
      vertex 113.3 32.6 44.4
      vertex 114.4 34.066 44.4
      vertex 114.283 34.1239 44.4
    endloop
  endfacet
  facet normal 0 0 1
    outer loop
      vertex 114.607 0.292892 44.4
      vertex 113.3 1.6 44.4
      vertex 114.509 0.20665 44.4
    endloop
  endfacet
  facet normal 0 0 1
    outer loop
      vertex 113.3 32.6 44.4
      vertex 114.283 34.1239 44.4
      vertex 114.159 34.1659 44.4
    endloop
  endfacet
  facet normal 0 0 1
    outer loop
      vertex 114.509 0.20665 44.4
      vertex 113.3 1.6 44.4
      vertex 114.4 0.133972 44.4
    endloop
  endfacet
  facet normal 0 0 1
    outer loop
      vertex 113.3 32.6 44.4
      vertex 114.159 34.1659 44.4
      vertex 114.031 34.1914 44.4
    endloop
  endfacet
  facet normal 0 0 1
    outer loop
      vertex 114.4 0.133972 44.4
      vertex 113.3 1.6 44.4
      vertex 114.283 0.0761261 44.4
    endloop
  endfacet
  facet normal 0 0 1
    outer loop
      vertex 113.3 32.6 44.4
      vertex 114.031 34.1914 44.4
      vertex 113.9 34.2 44.4
    endloop
  endfacet
  facet normal 0 0 1
    outer loop
      vertex 114.283 0.0761261 44.4
      vertex 113.3 1.6 44.4
      vertex 114.159 0.0340729 44.4
    endloop
  endfacet
  facet normal 0 0 1
    outer loop
      vertex 114.159 0.0340729 44.4
      vertex 113.3 1.6 44.4
      vertex 114.031 0.00856018 44.4
    endloop
  endfacet
  facet normal 0 0 1
    outer loop
      vertex 113.9 34.2 44.4
      vertex 56.3 32.6 44.4
      vertex 113.3 32.6 44.4
    endloop
  endfacet
  facet normal -0 0 1
    outer loop
      vertex 55.5695 34.1914 44.4
      vertex 56.3 32.6 44.4
      vertex 55.7 34.2 44.4
    endloop
  endfacet
  facet normal -0 0 1
    outer loop
      vertex 55.7 34.2 44.4
      vertex 56.3 32.6 44.4
      vertex 113.9 34.2 44.4
    endloop
  endfacet
  facet normal 0 0 1
    outer loop
      vertex 114.031 0.00856018 44.4
      vertex 113.3 1.6 44.4
      vertex 113.9 0 44.4
    endloop
  endfacet
  facet normal -0 0 1
    outer loop
      vertex 56.3 1.6 44.4
      vertex 113.9 0 44.4
      vertex 113.3 1.6 44.4
    endloop
  endfacet
  facet normal 0 0 1
    outer loop
      vertex 56.3 1.6 44.4
      vertex 55.7 0 44.4
      vertex 113.9 0 44.4
    endloop
  endfacet
  facet normal 0 0 1
    outer loop
      vertex 56.3 32.6 44.4
      vertex 54.7 33.2 44.4
      vertex 56.3 1.6 44.4
    endloop
  endfacet
  facet normal -0 0 1
    outer loop
      vertex 55.4412 34.1659 44.4
      vertex 56.3 32.6 44.4
      vertex 55.5695 34.1914 44.4
    endloop
  endfacet
  facet normal 0 0 1
    outer loop
      vertex 54.7 1 44.4
      vertex 56.3 1.6 44.4
      vertex 54.7 33.2 44.4
    endloop
  endfacet
  facet normal -0 0 1
    outer loop
      vertex 55.3173 34.1239 44.4
      vertex 56.3 32.6 44.4
      vertex 55.4412 34.1659 44.4
    endloop
  endfacet
  facet normal 0 -0 1
    outer loop
      vertex 54.7086 0.869476 44.4
      vertex 56.3 1.6 44.4
      vertex 54.7 1 44.4
    endloop
  endfacet
  facet normal -0 0 1
    outer loop
      vertex 55.2 34.066 44.4
      vertex 56.3 32.6 44.4
      vertex 55.3173 34.1239 44.4
    endloop
  endfacet
  facet normal 0 0 1
    outer loop
      vertex 56.3 1.6 44.4
      vertex 55.5695 0.00856018 44.4
      vertex 55.7 0 44.4
    endloop
  endfacet
  facet normal -0 0 1
    outer loop
      vertex 55.0912 33.9933 44.4
      vertex 56.3 32.6 44.4
      vertex 55.2 34.066 44.4
    endloop
  endfacet
  facet normal 0 0 1
    outer loop
      vertex 56.3 1.6 44.4
      vertex 55.4412 0.0340729 44.4
      vertex 55.5695 0.00856018 44.4
    endloop
  endfacet
  facet normal -0 0 1
    outer loop
      vertex 54.9929 33.9071 44.4
      vertex 56.3 32.6 44.4
      vertex 55.0912 33.9933 44.4
    endloop
  endfacet
  facet normal 0 0 1
    outer loop
      vertex 56.3 1.6 44.4
      vertex 55.3173 0.0761261 44.4
      vertex 55.4412 0.0340729 44.4
    endloop
  endfacet
  facet normal -0 0 1
    outer loop
      vertex 54.9067 33.8088 44.4
      vertex 56.3 32.6 44.4
      vertex 54.9929 33.9071 44.4
    endloop
  endfacet
  facet normal 0 0 1
    outer loop
      vertex 56.3 1.6 44.4
      vertex 55.2 0.133972 44.4
      vertex 55.3173 0.0761261 44.4
    endloop
  endfacet
  facet normal -0 0 1
    outer loop
      vertex 54.834 33.7 44.4
      vertex 56.3 32.6 44.4
      vertex 54.9067 33.8088 44.4
    endloop
  endfacet
  facet normal 0 0 1
    outer loop
      vertex 56.3 1.6 44.4
      vertex 55.0912 0.20665 44.4
      vertex 55.2 0.133972 44.4
    endloop
  endfacet
  facet normal -0 0 1
    outer loop
      vertex 54.7761 33.5827 44.4
      vertex 56.3 32.6 44.4
      vertex 54.834 33.7 44.4
    endloop
  endfacet
  facet normal 0 0 1
    outer loop
      vertex 56.3 1.6 44.4
      vertex 54.9929 0.292892 44.4
      vertex 55.0912 0.20665 44.4
    endloop
  endfacet
  facet normal -0 0 1
    outer loop
      vertex 54.7341 33.4588 44.4
      vertex 56.3 32.6 44.4
      vertex 54.7761 33.5827 44.4
    endloop
  endfacet
  facet normal 0 0 1
    outer loop
      vertex 56.3 1.6 44.4
      vertex 54.9067 0.391235 44.4
      vertex 54.9929 0.292892 44.4
    endloop
  endfacet
  facet normal -0 0 1
    outer loop
      vertex 54.7086 33.3305 44.4
      vertex 56.3 32.6 44.4
      vertex 54.7341 33.4588 44.4
    endloop
  endfacet
  facet normal 0 0 1
    outer loop
      vertex 56.3 1.6 44.4
      vertex 54.834 0.5 44.4
      vertex 54.9067 0.391235 44.4
    endloop
  endfacet
  facet normal 0 0 1
    outer loop
      vertex 56.3 32.6 44.4
      vertex 54.7086 33.3305 44.4
      vertex 54.7 33.2 44.4
    endloop
  endfacet
  facet normal 0 0 1
    outer loop
      vertex 56.3 1.6 44.4
      vertex 54.7761 0.61731 44.4
      vertex 54.834 0.5 44.4
    endloop
  endfacet
  facet normal 0 0 1
    outer loop
      vertex 56.3 1.6 44.4
      vertex 54.7341 0.74118 44.4
      vertex 54.7761 0.61731 44.4
    endloop
  endfacet
  facet normal 0 0 1
    outer loop
      vertex 56.3 1.6 44.4
      vertex 54.7086 0.869476 44.4
      vertex 54.7341 0.74118 44.4
    endloop
  endfacet
  facet normal 0.4432 -0.896423 0
    outer loop
      vertex 114.283 0.0761261 5.6
      vertex 114.4 0.133972 44.4
      vertex 114.283 0.0761261 44.4
    endloop
  endfacet
  facet normal 0.4432 -0.896423 0
    outer loop
      vertex 114.4 0.133972 44.4
      vertex 114.283 0.0761261 5.6
      vertex 114.4 0.133972 5.6
    endloop
  endfacet
  facet normal 0.55476 -0.83201 0
    outer loop
      vertex 114.4 0.133972 5.6
      vertex 114.509 0.20665 44.4
      vertex 114.4 0.133972 44.4
    endloop
  endfacet
  facet normal 0.55476 -0.83201 0
    outer loop
      vertex 114.509 0.20665 44.4
      vertex 114.4 0.133972 5.6
      vertex 114.509 0.20665 5.6
    endloop
  endfacet
  facet normal -0.0659481 -0.997823 0
    outer loop
      vertex 55.3956 11.5069 5.72205e-07
      vertex 55.5 11.5 5.6
      vertex 55.3956 11.5069 5.6
    endloop
  endfacet
  facet normal -0.0659481 -0.997823 -0
    outer loop
      vertex 55.5 11.5 5.6
      vertex 55.3956 11.5069 5.72205e-07
      vertex 55.5 11.5 5.72205e-07
    endloop
  endfacet
  facet normal 0.321388 -0.946948 0
    outer loop
      vertex 114.307 11.5273 5.72205e-07
      vertex 114.406 11.5609 5.6
      vertex 114.307 11.5273 5.6
    endloop
  endfacet
  facet normal 0.321388 -0.946948 0
    outer loop
      vertex 114.406 11.5609 5.6
      vertex 114.307 11.5273 5.72205e-07
      vertex 114.406 11.5609 5.72205e-07
    endloop
  endfacet
  facet normal 0 -1 0
    outer loop
      vertex 55.5 11.5 5.72205e-07
      vertex 114.1 11.5 5.6
      vertex 55.5 11.5 5.6
    endloop
  endfacet
  facet normal 0 -1 -0
    outer loop
      vertex 114.1 11.5 5.6
      vertex 55.5 11.5 5.72205e-07
      vertex 114.1 11.5 5.72205e-07
    endloop
  endfacet
  facet normal -0.946948 -0.321388 0
    outer loop
      vertex 54.7609 11.9939 5.72205e-07
      vertex 54.7273 12.0929 5.6
      vertex 54.7273 12.0929 5.72205e-07
    endloop
  endfacet
  facet normal -0.946948 -0.321388 0
    outer loop
      vertex 54.7273 12.0929 5.6
      vertex 54.7609 11.9939 5.72205e-07
      vertex 54.7609 11.9939 5.6
    endloop
  endfacet
  facet normal -0.321388 0.946948 0
    outer loop
      vertex 55.2929 22.6727 5.72205e-07
      vertex 55.1939 22.6391 5.6
      vertex 55.2929 22.6727 5.6
    endloop
  endfacet
  facet normal -0.321388 0.946948 0
    outer loop
      vertex 55.1939 22.6391 5.6
      vertex 55.2929 22.6727 5.72205e-07
      vertex 55.1939 22.6391 5.72205e-07
    endloop
  endfacet
  facet normal -0.751925 0.659248 0
    outer loop
      vertex 54.8653 22.387 5.72205e-07
      vertex 54.9343 22.4657 5.6
      vertex 54.9343 22.4657 5.72205e-07
    endloop
  endfacet
  facet normal -0.751925 0.659248 0
    outer loop
      vertex 54.9343 22.4657 5.6
      vertex 54.8653 22.387 5.72205e-07
      vertex 54.8653 22.387 5.6
    endloop
  endfacet
  facet normal 0.99776 -0.0668996 0
    outer loop
      vertex 114.893 12.1956 5.6
      vertex 114.9 12.3 5.72205e-07
      vertex 114.9 12.3 5.6
    endloop
  endfacet
  facet normal 0.99776 -0.0668996 0
    outer loop
      vertex 114.9 12.3 5.72205e-07
      vertex 114.893 12.1956 5.6
      vertex 114.893 12.1956 5.72205e-07
    endloop
  endfacet
  facet normal 0.555362 0.831609 -0
    outer loop
      vertex 114.587 22.5347 5.72205e-07
      vertex 114.5 22.5928 5.6
      vertex 114.587 22.5347 5.6
    endloop
  endfacet
  facet normal 0.555362 0.831609 0
    outer loop
      vertex 114.5 22.5928 5.6
      vertex 114.587 22.5347 5.72205e-07
      vertex 114.5 22.5928 5.72205e-07
    endloop
  endfacet
  facet normal 0.555362 -0.831609 0
    outer loop
      vertex 114.5 11.6072 5.72205e-07
      vertex 114.587 11.6653 5.6
      vertex 114.5 11.6072 5.6
    endloop
  endfacet
  facet normal 0.555362 -0.831609 0
    outer loop
      vertex 114.587 11.6653 5.6
      vertex 114.5 11.6072 5.72205e-07
      vertex 114.587 11.6653 5.72205e-07
    endloop
  endfacet
  facet normal -0.44224 -0.896897 0
    outer loop
      vertex 55.1 11.6072 5.72205e-07
      vertex 55.1939 11.5609 5.6
      vertex 55.1 11.6072 5.6
    endloop
  endfacet
  facet normal -0.44224 -0.896897 -0
    outer loop
      vertex 55.1939 11.5609 5.6
      vertex 55.1 11.6072 5.72205e-07
      vertex 55.1939 11.5609 5.72205e-07
    endloop
  endfacet
  facet normal 0.945778 0.324813 0
    outer loop
      vertex 114.873 22.1071 5.6
      vertex 114.839 22.2061 5.72205e-07
      vertex 114.839 22.2061 5.6
    endloop
  endfacet
  facet normal 0.945778 0.324813 0
    outer loop
      vertex 114.839 22.2061 5.72205e-07
      vertex 114.873 22.1071 5.6
      vertex 114.873 22.1071 5.72205e-07
    endloop
  endfacet
  facet normal 0 1 -0
    outer loop
      vertex 114.1 22.7 5.72205e-07
      vertex 55.5 22.7 5.6
      vertex 114.1 22.7 5.6
    endloop
  endfacet
  facet normal 0 1 0
    outer loop
      vertex 55.5 22.7 5.6
      vertex 114.1 22.7 5.72205e-07
      vertex 55.5 22.7 5.72205e-07
    endloop
  endfacet
  facet normal -0.751925 -0.659248 0
    outer loop
      vertex 54.9343 11.7343 5.72205e-07
      vertex 54.8653 11.813 5.6
      vertex 54.8653 11.813 5.72205e-07
    endloop
  endfacet
  facet normal -0.751925 -0.659248 0
    outer loop
      vertex 54.8653 11.813 5.6
      vertex 54.9343 11.7343 5.72205e-07
      vertex 54.9343 11.7343 5.6
    endloop
  endfacet
  facet normal -0.997823 0.0659481 0
    outer loop
      vertex 54.7 21.9 5.72205e-07
      vertex 54.7069 22.0044 5.6
      vertex 54.7069 22.0044 5.72205e-07
    endloop
  endfacet
  facet normal -0.997823 0.0659481 0
    outer loop
      vertex 54.7069 22.0044 5.6
      vertex 54.7 21.9 5.72205e-07
      vertex 54.7 21.9 5.6
    endloop
  endfacet
  facet normal -0.831609 -0.555362 0
    outer loop
      vertex 54.8653 11.813 5.72205e-07
      vertex 54.8072 11.9 5.6
      vertex 54.8072 11.9 5.72205e-07
    endloop
  endfacet
  facet normal -0.831609 -0.555362 0
    outer loop
      vertex 54.8072 11.9 5.6
      vertex 54.8653 11.813 5.72205e-07
      vertex 54.8653 11.813 5.6
    endloop
  endfacet
  facet normal 0.0662006 -0.997806 0
    outer loop
      vertex 114.1 11.5 5.72205e-07
      vertex 114.204 11.5069 5.6
      vertex 114.1 11.5 5.6
    endloop
  endfacet
  facet normal 0.0662006 -0.997806 0
    outer loop
      vertex 114.204 11.5069 5.6
      vertex 114.1 11.5 5.72205e-07
      vertex 114.204 11.5069 5.72205e-07
    endloop
  endfacet
  facet normal 0.194284 -0.980945 0
    outer loop
      vertex 114.204 11.5069 5.72205e-07
      vertex 114.307 11.5273 5.6
      vertex 114.204 11.5069 5.6
    endloop
  endfacet
  facet normal 0.194284 -0.980945 0
    outer loop
      vertex 114.307 11.5273 5.6
      vertex 114.204 11.5069 5.72205e-07
      vertex 114.307 11.5273 5.72205e-07
    endloop
  endfacet
  facet normal -0.0659481 0.997823 0
    outer loop
      vertex 55.5 22.7 5.72205e-07
      vertex 55.3956 22.6931 5.6
      vertex 55.5 22.7 5.6
    endloop
  endfacet
  facet normal -0.0659481 0.997823 0
    outer loop
      vertex 55.3956 22.6931 5.6
      vertex 55.5 22.7 5.72205e-07
      vertex 55.3956 22.6931 5.72205e-07
    endloop
  endfacet
  facet normal -0.19483 0.980837 0
    outer loop
      vertex 55.3956 22.6931 5.72205e-07
      vertex 55.2929 22.6727 5.6
      vertex 55.3956 22.6931 5.6
    endloop
  endfacet
  facet normal -0.19483 0.980837 0
    outer loop
      vertex 55.2929 22.6727 5.6
      vertex 55.3956 22.6931 5.72205e-07
      vertex 55.2929 22.6727 5.72205e-07
    endloop
  endfacet
  facet normal -0.321388 -0.946948 0
    outer loop
      vertex 55.1939 11.5609 5.72205e-07
      vertex 55.2929 11.5273 5.6
      vertex 55.1939 11.5609 5.6
    endloop
  endfacet
  facet normal -0.321388 -0.946948 -0
    outer loop
      vertex 55.2929 11.5273 5.6
      vertex 55.1939 11.5609 5.72205e-07
      vertex 55.2929 11.5273 5.72205e-07
    endloop
  endfacet
  facet normal 0.0662006 0.997806 -0
    outer loop
      vertex 114.204 22.6931 5.72205e-07
      vertex 114.1 22.7 5.6
      vertex 114.204 22.6931 5.6
    endloop
  endfacet
  facet normal 0.0662006 0.997806 0
    outer loop
      vertex 114.1 22.7 5.6
      vertex 114.204 22.6931 5.72205e-07
      vertex 114.1 22.7 5.72205e-07
    endloop
  endfacet
  facet normal 0.441861 0.897083 -0
    outer loop
      vertex 114.5 22.5928 5.72205e-07
      vertex 114.406 22.6391 5.6
      vertex 114.5 22.5928 5.6
    endloop
  endfacet
  facet normal 0.441861 0.897083 0
    outer loop
      vertex 114.406 22.6391 5.6
      vertex 114.5 22.5928 5.72205e-07
      vertex 114.406 22.6391 5.72205e-07
    endloop
  endfacet
  facet normal 0.981561 -0.191151 0
    outer loop
      vertex 114.873 12.0929 5.6
      vertex 114.893 12.1956 5.72205e-07
      vertex 114.893 12.1956 5.6
    endloop
  endfacet
  facet normal 0.981561 -0.191151 0
    outer loop
      vertex 114.893 12.1956 5.72205e-07
      vertex 114.873 12.0929 5.6
      vertex 114.873 12.0929 5.72205e-07
    endloop
  endfacet
  facet normal 0.83205 -0.5547 0
    outer loop
      vertex 114.735 11.813 5.6
      vertex 114.793 11.9 5.72205e-07
      vertex 114.793 11.9 5.6
    endloop
  endfacet
  facet normal 0.83205 -0.5547 0
    outer loop
      vertex 114.793 11.9 5.72205e-07
      vertex 114.735 11.813 5.6
      vertex 114.735 11.813 5.72205e-07
    endloop
  endfacet
  facet normal -0.659248 -0.751925 0
    outer loop
      vertex 54.9343 11.7343 5.72205e-07
      vertex 55.013 11.6653 5.6
      vertex 54.9343 11.7343 5.6
    endloop
  endfacet
  facet normal -0.659248 -0.751925 -0
    outer loop
      vertex 55.013 11.6653 5.6
      vertex 54.9343 11.7343 5.72205e-07
      vertex 55.013 11.6653 5.72205e-07
    endloop
  endfacet
  facet normal 0 0 -1
    outer loop
      vertex 114.1 11.5 5.72205e-07
      vertex 114.9 12.3 5.72205e-07
      vertex 114.893 12.1956 5.72205e-07
    endloop
  endfacet
  facet normal 0 0 -1
    outer loop
      vertex 114.1 11.5 5.72205e-07
      vertex 114.893 12.1956 5.72205e-07
      vertex 114.873 12.0929 5.72205e-07
    endloop
  endfacet
  facet normal 0 0 -1
    outer loop
      vertex 114.1 11.5 5.72205e-07
      vertex 114.873 12.0929 5.72205e-07
      vertex 114.839 11.9939 5.72205e-07
    endloop
  endfacet
  facet normal 0 0 -1
    outer loop
      vertex 114.1 11.5 5.72205e-07
      vertex 114.839 11.9939 5.72205e-07
      vertex 114.793 11.9 5.72205e-07
    endloop
  endfacet
  facet normal 0 0 -1
    outer loop
      vertex 114.1 11.5 5.72205e-07
      vertex 114.793 11.9 5.72205e-07
      vertex 114.735 11.813 5.72205e-07
    endloop
  endfacet
  facet normal 0 0 -1
    outer loop
      vertex 114.1 11.5 5.72205e-07
      vertex 114.735 11.813 5.72205e-07
      vertex 114.666 11.7343 5.72205e-07
    endloop
  endfacet
  facet normal 0 0 -1
    outer loop
      vertex 114.1 11.5 5.72205e-07
      vertex 114.666 11.7343 5.72205e-07
      vertex 114.587 11.6653 5.72205e-07
    endloop
  endfacet
  facet normal 0 0 -1
    outer loop
      vertex 114.1 11.5 5.72205e-07
      vertex 114.587 11.6653 5.72205e-07
      vertex 114.5 11.6072 5.72205e-07
    endloop
  endfacet
  facet normal 0 0 -1
    outer loop
      vertex 114.1 11.5 5.72205e-07
      vertex 114.5 11.6072 5.72205e-07
      vertex 114.406 11.5609 5.72205e-07
    endloop
  endfacet
  facet normal 0 0 -1
    outer loop
      vertex 114.1 11.5 5.72205e-07
      vertex 114.406 11.5609 5.72205e-07
      vertex 114.307 11.5273 5.72205e-07
    endloop
  endfacet
  facet normal 0 0 -1
    outer loop
      vertex 114.1 11.5 5.72205e-07
      vertex 114.307 11.5273 5.72205e-07
      vertex 114.204 11.5069 5.72205e-07
    endloop
  endfacet
  facet normal -0 0 -1
    outer loop
      vertex 114.9 12.3 5.72205e-07
      vertex 114.1 11.5 5.72205e-07
      vertex 114.9 13.8 5.72205e-07
    endloop
  endfacet
  facet normal 0 0 -1
    outer loop
      vertex 55.5 11.5 5.72205e-07
      vertex 114.9 13.8 5.72205e-07
      vertex 114.1 11.5 5.72205e-07
    endloop
  endfacet
  facet normal 0 0 -1
    outer loop
      vertex 54.7 12.3 5.72205e-07
      vertex 55.5 11.5 5.72205e-07
      vertex 55.3956 11.5069 5.72205e-07
    endloop
  endfacet
  facet normal 0 0 -1
    outer loop
      vertex 54.7 12.3 5.72205e-07
      vertex 55.3956 11.5069 5.72205e-07
      vertex 55.2929 11.5273 5.72205e-07
    endloop
  endfacet
  facet normal 0 0 -1
    outer loop
      vertex 54.7 12.3 5.72205e-07
      vertex 55.2929 11.5273 5.72205e-07
      vertex 55.1939 11.5609 5.72205e-07
    endloop
  endfacet
  facet normal 0 0 -1
    outer loop
      vertex 54.7 12.3 5.72205e-07
      vertex 55.1939 11.5609 5.72205e-07
      vertex 55.1 11.6072 5.72205e-07
    endloop
  endfacet
  facet normal 0 0 -1
    outer loop
      vertex 54.7 12.3 5.72205e-07
      vertex 55.1 11.6072 5.72205e-07
      vertex 55.013 11.6653 5.72205e-07
    endloop
  endfacet
  facet normal 0 0 -1
    outer loop
      vertex 54.7 12.3 5.72205e-07
      vertex 55.013 11.6653 5.72205e-07
      vertex 54.9343 11.7343 5.72205e-07
    endloop
  endfacet
  facet normal 0 0 -1
    outer loop
      vertex 54.7 12.3 5.72205e-07
      vertex 54.9343 11.7343 5.72205e-07
      vertex 54.8653 11.813 5.72205e-07
    endloop
  endfacet
  facet normal 0 0 -1
    outer loop
      vertex 54.7 12.3 5.72205e-07
      vertex 54.8653 11.813 5.72205e-07
      vertex 54.8072 11.9 5.72205e-07
    endloop
  endfacet
  facet normal 0 0 -1
    outer loop
      vertex 54.7 12.3 5.72205e-07
      vertex 54.8072 11.9 5.72205e-07
      vertex 54.7609 11.9939 5.72205e-07
    endloop
  endfacet
  facet normal 0 0 -1
    outer loop
      vertex 54.7 12.3 5.72205e-07
      vertex 54.7609 11.9939 5.72205e-07
      vertex 54.7273 12.0929 5.72205e-07
    endloop
  endfacet
  facet normal 0 0 -1
    outer loop
      vertex 54.7 12.3 5.72205e-07
      vertex 54.7273 12.0929 5.72205e-07
      vertex 54.7069 12.1956 5.72205e-07
    endloop
  endfacet
  facet normal 0 0 -1
    outer loop
      vertex 55.5 11.5 5.72205e-07
      vertex 54.7 12.3 5.72205e-07
      vertex 54.7 13.8 5.72205e-07
    endloop
  endfacet
  facet normal 0 0 -1
    outer loop
      vertex 55.5 11.5 5.72205e-07
      vertex 54.7 13.8 5.72205e-07
      vertex 114.9 13.8 5.72205e-07
    endloop
  endfacet
  facet normal 0 0 -1
    outer loop
      vertex 114.1 22.7 5.72205e-07
      vertex 114.9 21.9 5.72205e-07
      vertex 114.9 20.4 5.72205e-07
    endloop
  endfacet
  facet normal 0 0 -1
    outer loop
      vertex 114.9 21.9 5.72205e-07
      vertex 114.1 22.7 5.72205e-07
      vertex 114.893 22.0044 5.72205e-07
    endloop
  endfacet
  facet normal 0 0 -1
    outer loop
      vertex 114.893 22.0044 5.72205e-07
      vertex 114.1 22.7 5.72205e-07
      vertex 114.873 22.1071 5.72205e-07
    endloop
  endfacet
  facet normal 0 0 -1
    outer loop
      vertex 114.873 22.1071 5.72205e-07
      vertex 114.1 22.7 5.72205e-07
      vertex 114.839 22.2061 5.72205e-07
    endloop
  endfacet
  facet normal 0 0 -1
    outer loop
      vertex 114.839 22.2061 5.72205e-07
      vertex 114.1 22.7 5.72205e-07
      vertex 114.793 22.3 5.72205e-07
    endloop
  endfacet
  facet normal 0 0 -1
    outer loop
      vertex 114.793 22.3 5.72205e-07
      vertex 114.1 22.7 5.72205e-07
      vertex 114.735 22.387 5.72205e-07
    endloop
  endfacet
  facet normal 0 0 -1
    outer loop
      vertex 114.735 22.387 5.72205e-07
      vertex 114.1 22.7 5.72205e-07
      vertex 114.666 22.4657 5.72205e-07
    endloop
  endfacet
  facet normal 0 0 -1
    outer loop
      vertex 114.666 22.4657 5.72205e-07
      vertex 114.1 22.7 5.72205e-07
      vertex 114.587 22.5347 5.72205e-07
    endloop
  endfacet
  facet normal 0 0 -1
    outer loop
      vertex 114.587 22.5347 5.72205e-07
      vertex 114.1 22.7 5.72205e-07
      vertex 114.5 22.5928 5.72205e-07
    endloop
  endfacet
  facet normal 0 0 -1
    outer loop
      vertex 114.5 22.5928 5.72205e-07
      vertex 114.1 22.7 5.72205e-07
      vertex 114.406 22.6391 5.72205e-07
    endloop
  endfacet
  facet normal 0 0 -1
    outer loop
      vertex 114.406 22.6391 5.72205e-07
      vertex 114.1 22.7 5.72205e-07
      vertex 114.307 22.6727 5.72205e-07
    endloop
  endfacet
  facet normal 0 0 -1
    outer loop
      vertex 114.307 22.6727 5.72205e-07
      vertex 114.1 22.7 5.72205e-07
      vertex 114.204 22.6931 5.72205e-07
    endloop
  endfacet
  facet normal 0 0 -1
    outer loop
      vertex 114.9 20.4 5.72205e-07
      vertex 55.5 22.7 5.72205e-07
      vertex 114.1 22.7 5.72205e-07
    endloop
  endfacet
  facet normal 0 0 -1
    outer loop
      vertex 54.7 20.4 5.72205e-07
      vertex 55.5 22.7 5.72205e-07
      vertex 114.9 20.4 5.72205e-07
    endloop
  endfacet
  facet normal 0 0 -1
    outer loop
      vertex 54.7 21.9 5.72205e-07
      vertex 55.5 22.7 5.72205e-07
      vertex 54.7 20.4 5.72205e-07
    endloop
  endfacet
  facet normal 0 0 -1
    outer loop
      vertex 55.5 22.7 5.72205e-07
      vertex 54.7 21.9 5.72205e-07
      vertex 55.3956 22.6931 5.72205e-07
    endloop
  endfacet
  facet normal 0 0 -1
    outer loop
      vertex 55.3956 22.6931 5.72205e-07
      vertex 54.7 21.9 5.72205e-07
      vertex 55.2929 22.6727 5.72205e-07
    endloop
  endfacet
  facet normal 0 0 -1
    outer loop
      vertex 55.2929 22.6727 5.72205e-07
      vertex 54.7 21.9 5.72205e-07
      vertex 55.1939 22.6391 5.72205e-07
    endloop
  endfacet
  facet normal 0 0 -1
    outer loop
      vertex 55.1939 22.6391 5.72205e-07
      vertex 54.7 21.9 5.72205e-07
      vertex 55.1 22.5928 5.72205e-07
    endloop
  endfacet
  facet normal 0 0 -1
    outer loop
      vertex 55.1 22.5928 5.72205e-07
      vertex 54.7 21.9 5.72205e-07
      vertex 55.013 22.5347 5.72205e-07
    endloop
  endfacet
  facet normal 0 0 -1
    outer loop
      vertex 55.013 22.5347 5.72205e-07
      vertex 54.7 21.9 5.72205e-07
      vertex 54.9343 22.4657 5.72205e-07
    endloop
  endfacet
  facet normal 0 0 -1
    outer loop
      vertex 54.9343 22.4657 5.72205e-07
      vertex 54.7 21.9 5.72205e-07
      vertex 54.8653 22.387 5.72205e-07
    endloop
  endfacet
  facet normal 0 0 -1
    outer loop
      vertex 54.8653 22.387 5.72205e-07
      vertex 54.7 21.9 5.72205e-07
      vertex 54.8072 22.3 5.72205e-07
    endloop
  endfacet
  facet normal 0 0 -1
    outer loop
      vertex 54.8072 22.3 5.72205e-07
      vertex 54.7 21.9 5.72205e-07
      vertex 54.7609 22.2061 5.72205e-07
    endloop
  endfacet
  facet normal 0 0 -1
    outer loop
      vertex 54.7609 22.2061 5.72205e-07
      vertex 54.7 21.9 5.72205e-07
      vertex 54.7273 22.1071 5.72205e-07
    endloop
  endfacet
  facet normal 0 0 -1
    outer loop
      vertex 54.7273 22.1071 5.72205e-07
      vertex 54.7 21.9 5.72205e-07
      vertex 54.7069 22.0044 5.72205e-07
    endloop
  endfacet
  facet normal 0.441861 -0.897083 0
    outer loop
      vertex 114.406 11.5609 5.72205e-07
      vertex 114.5 11.6072 5.6
      vertex 114.406 11.5609 5.6
    endloop
  endfacet
  facet normal 0.441861 -0.897083 0
    outer loop
      vertex 114.5 11.6072 5.6
      vertex 114.406 11.5609 5.72205e-07
      vertex 114.5 11.6072 5.72205e-07
    endloop
  endfacet
  facet normal 0.751925 0.659248 0
    outer loop
      vertex 114.735 22.387 5.6
      vertex 114.666 22.4657 5.72205e-07
      vertex 114.666 22.4657 5.6
    endloop
  endfacet
  facet normal 0.751925 0.659248 0
    outer loop
      vertex 114.666 22.4657 5.72205e-07
      vertex 114.735 22.387 5.6
      vertex 114.735 22.387 5.72205e-07
    endloop
  endfacet
  facet normal 0.321388 0.946948 -0
    outer loop
      vertex 114.406 22.6391 5.72205e-07
      vertex 114.307 22.6727 5.6
      vertex 114.406 22.6391 5.6
    endloop
  endfacet
  facet normal 0.321388 0.946948 0
    outer loop
      vertex 114.307 22.6727 5.6
      vertex 114.406 22.6391 5.72205e-07
      vertex 114.307 22.6727 5.72205e-07
    endloop
  endfacet
  facet normal 0.83205 0.5547 0
    outer loop
      vertex 114.793 22.3 5.6
      vertex 114.735 22.387 5.72205e-07
      vertex 114.735 22.387 5.6
    endloop
  endfacet
  facet normal 0.83205 0.5547 0
    outer loop
      vertex 114.735 22.387 5.72205e-07
      vertex 114.793 22.3 5.6
      vertex 114.793 22.3 5.72205e-07
    endloop
  endfacet
  facet normal 0.898032 -0.43993 0
    outer loop
      vertex 114.793 11.9 5.6
      vertex 114.839 11.9939 5.72205e-07
      vertex 114.839 11.9939 5.6
    endloop
  endfacet
  facet normal 0.898032 -0.43993 0
    outer loop
      vertex 114.839 11.9939 5.72205e-07
      vertex 114.793 11.9 5.6
      vertex 114.793 11.9 5.72205e-07
    endloop
  endfacet
  facet normal 0.657829 0.753167 -0
    outer loop
      vertex 114.666 22.4657 5.72205e-07
      vertex 114.587 22.5347 5.6
      vertex 114.666 22.4657 5.6
    endloop
  endfacet
  facet normal 0.657829 0.753167 0
    outer loop
      vertex 114.587 22.5347 5.6
      vertex 114.666 22.4657 5.72205e-07
      vertex 114.587 22.5347 5.72205e-07
    endloop
  endfacet
  facet normal -0.980837 -0.19483 0
    outer loop
      vertex 54.7273 12.0929 5.72205e-07
      vertex 54.7069 12.1956 5.6
      vertex 54.7069 12.1956 5.72205e-07
    endloop
  endfacet
  facet normal -0.980837 -0.19483 0
    outer loop
      vertex 54.7069 12.1956 5.6
      vertex 54.7273 12.0929 5.72205e-07
      vertex 54.7273 12.0929 5.6
    endloop
  endfacet
  facet normal -0.555362 -0.831609 0
    outer loop
      vertex 55.013 11.6653 5.72205e-07
      vertex 55.1 11.6072 5.6
      vertex 55.013 11.6653 5.6
    endloop
  endfacet
  facet normal -0.555362 -0.831609 -0
    outer loop
      vertex 55.1 11.6072 5.6
      vertex 55.013 11.6653 5.72205e-07
      vertex 55.1 11.6072 5.72205e-07
    endloop
  endfacet
  facet normal -0.980837 0.19483 0
    outer loop
      vertex 54.7069 22.0044 5.72205e-07
      vertex 54.7273 22.1071 5.6
      vertex 54.7273 22.1071 5.72205e-07
    endloop
  endfacet
  facet normal -0.980837 0.19483 0
    outer loop
      vertex 54.7273 22.1071 5.6
      vertex 54.7069 22.0044 5.72205e-07
      vertex 54.7069 22.0044 5.6
    endloop
  endfacet
  facet normal -0.19483 -0.980837 0
    outer loop
      vertex 55.2929 11.5273 5.72205e-07
      vertex 55.3956 11.5069 5.6
      vertex 55.2929 11.5273 5.6
    endloop
  endfacet
  facet normal -0.19483 -0.980837 -0
    outer loop
      vertex 55.3956 11.5069 5.6
      vertex 55.2929 11.5273 5.72205e-07
      vertex 55.3956 11.5069 5.72205e-07
    endloop
  endfacet
  facet normal 0.194284 0.980945 -0
    outer loop
      vertex 114.307 22.6727 5.72205e-07
      vertex 114.204 22.6931 5.6
      vertex 114.307 22.6727 5.6
    endloop
  endfacet
  facet normal 0.194284 0.980945 0
    outer loop
      vertex 114.204 22.6931 5.6
      vertex 114.307 22.6727 5.72205e-07
      vertex 114.204 22.6931 5.72205e-07
    endloop
  endfacet
  facet normal 0.657829 -0.753167 0
    outer loop
      vertex 114.587 11.6653 5.72205e-07
      vertex 114.666 11.7343 5.6
      vertex 114.587 11.6653 5.6
    endloop
  endfacet
  facet normal 0.657829 -0.753167 0
    outer loop
      vertex 114.666 11.7343 5.6
      vertex 114.587 11.6653 5.72205e-07
      vertex 114.666 11.7343 5.72205e-07
    endloop
  endfacet
  facet normal -0.896897 -0.44224 0
    outer loop
      vertex 54.8072 11.9 5.72205e-07
      vertex 54.7609 11.9939 5.6
      vertex 54.7609 11.9939 5.72205e-07
    endloop
  endfacet
  facet normal -0.896897 -0.44224 0
    outer loop
      vertex 54.7609 11.9939 5.6
      vertex 54.8072 11.9 5.72205e-07
      vertex 54.8072 11.9 5.6
    endloop
  endfacet
  facet normal -0.44224 0.896897 0
    outer loop
      vertex 55.1939 22.6391 5.72205e-07
      vertex 55.1 22.5928 5.6
      vertex 55.1939 22.6391 5.6
    endloop
  endfacet
  facet normal -0.44224 0.896897 0
    outer loop
      vertex 55.1 22.5928 5.6
      vertex 55.1939 22.6391 5.72205e-07
      vertex 55.1 22.5928 5.72205e-07
    endloop
  endfacet
  facet normal -0.997823 -0.0659481 0
    outer loop
      vertex 54.7069 12.1956 5.72205e-07
      vertex 54.7 12.3 5.6
      vertex 54.7 12.3 5.72205e-07
    endloop
  endfacet
  facet normal -0.997823 -0.0659481 0
    outer loop
      vertex 54.7 12.3 5.6
      vertex 54.7069 12.1956 5.72205e-07
      vertex 54.7069 12.1956 5.6
    endloop
  endfacet
  facet normal 0.99776 0.0668996 0
    outer loop
      vertex 114.9 21.9 5.6
      vertex 114.893 22.0044 5.72205e-07
      vertex 114.893 22.0044 5.6
    endloop
  endfacet
  facet normal 0.99776 0.0668996 0
    outer loop
      vertex 114.893 22.0044 5.72205e-07
      vertex 114.9 21.9 5.6
      vertex 114.9 21.9 5.72205e-07
    endloop
  endfacet
  facet normal 0.751925 -0.659248 0
    outer loop
      vertex 114.666 11.7343 5.6
      vertex 114.735 11.813 5.72205e-07
      vertex 114.735 11.813 5.6
    endloop
  endfacet
  facet normal 0.751925 -0.659248 0
    outer loop
      vertex 114.735 11.813 5.72205e-07
      vertex 114.666 11.7343 5.6
      vertex 114.666 11.7343 5.72205e-07
    endloop
  endfacet
  facet normal 0.898032 0.43993 0
    outer loop
      vertex 114.839 22.2061 5.6
      vertex 114.793 22.3 5.72205e-07
      vertex 114.793 22.3 5.6
    endloop
  endfacet
  facet normal 0.898032 0.43993 0
    outer loop
      vertex 114.793 22.3 5.72205e-07
      vertex 114.839 22.2061 5.6
      vertex 114.839 22.2061 5.72205e-07
    endloop
  endfacet
  facet normal -0.946948 0.321388 0
    outer loop
      vertex 54.7273 22.1071 5.72205e-07
      vertex 54.7609 22.2061 5.6
      vertex 54.7609 22.2061 5.72205e-07
    endloop
  endfacet
  facet normal -0.946948 0.321388 0
    outer loop
      vertex 54.7609 22.2061 5.6
      vertex 54.7273 22.1071 5.72205e-07
      vertex 54.7273 22.1071 5.6
    endloop
  endfacet
  facet normal -0.659248 0.751925 0
    outer loop
      vertex 55.013 22.5347 5.72205e-07
      vertex 54.9343 22.4657 5.6
      vertex 55.013 22.5347 5.6
    endloop
  endfacet
  facet normal -0.659248 0.751925 0
    outer loop
      vertex 54.9343 22.4657 5.6
      vertex 55.013 22.5347 5.72205e-07
      vertex 54.9343 22.4657 5.72205e-07
    endloop
  endfacet
  facet normal 0.945778 -0.324813 0
    outer loop
      vertex 114.839 11.9939 5.6
      vertex 114.873 12.0929 5.72205e-07
      vertex 114.873 12.0929 5.6
    endloop
  endfacet
  facet normal 0.945778 -0.324813 0
    outer loop
      vertex 114.873 12.0929 5.72205e-07
      vertex 114.839 11.9939 5.6
      vertex 114.839 11.9939 5.72205e-07
    endloop
  endfacet
  facet normal -0.555362 0.831609 0
    outer loop
      vertex 55.1 22.5928 5.72205e-07
      vertex 55.013 22.5347 5.6
      vertex 55.1 22.5928 5.6
    endloop
  endfacet
  facet normal -0.555362 0.831609 0
    outer loop
      vertex 55.013 22.5347 5.6
      vertex 55.1 22.5928 5.72205e-07
      vertex 55.013 22.5347 5.72205e-07
    endloop
  endfacet
  facet normal -0.831609 0.555362 0
    outer loop
      vertex 54.8072 22.3 5.72205e-07
      vertex 54.8653 22.387 5.6
      vertex 54.8653 22.387 5.72205e-07
    endloop
  endfacet
  facet normal -0.831609 0.555362 0
    outer loop
      vertex 54.8653 22.387 5.6
      vertex 54.8072 22.3 5.72205e-07
      vertex 54.8072 22.3 5.6
    endloop
  endfacet
  facet normal -0.896897 0.44224 0
    outer loop
      vertex 54.7609 22.2061 5.72205e-07
      vertex 54.8072 22.3 5.6
      vertex 54.8072 22.3 5.72205e-07
    endloop
  endfacet
  facet normal -0.896897 0.44224 0
    outer loop
      vertex 54.8072 22.3 5.6
      vertex 54.7609 22.2061 5.72205e-07
      vertex 54.7609 22.2061 5.6
    endloop
  endfacet
  facet normal 0.981561 0.191151 0
    outer loop
      vertex 114.893 22.0044 5.6
      vertex 114.873 22.1071 5.72205e-07
      vertex 114.873 22.1071 5.6
    endloop
  endfacet
  facet normal 0.981561 0.191151 0
    outer loop
      vertex 114.873 22.1071 5.72205e-07
      vertex 114.893 22.0044 5.6
      vertex 114.893 22.0044 5.72205e-07
    endloop
  endfacet
  facet normal -0 0.290451 0.95689
    outer loop
      vertex 54.7 15.0147 20.7576
      vertex 56.3 14.452 20.9284
      vertex 56.3 15.0147 20.7576
    endloop
  endfacet
  facet normal 0 0.290451 0.95689
    outer loop
      vertex 56.3 14.452 20.9284
      vertex 54.7 15.0147 20.7576
      vertex 54.7 14.452 20.9284
    endloop
  endfacet
  facet normal 0 -0.634413 0.772994
    outer loop
      vertex 54.7 20.7213 21.5787
      vertex 56.3 20.2667 21.2056
      vertex 56.3 20.7213 21.5787
    endloop
  endfacet
  facet normal 0 -0.634413 0.772994
    outer loop
      vertex 56.3 20.2667 21.2056
      vertex 54.7 20.7213 21.5787
      vertex 54.7 20.2667 21.2056
    endloop
  endfacet
  facet normal 0 -0.471329 -0.881957
    outer loop
      vertex 54.7 19.748 26.4716
      vertex 56.3 20.2667 26.1944
      vertex 56.3 19.748 26.4716
    endloop
  endfacet
  facet normal -0 -0.471329 -0.881957
    outer loop
      vertex 56.3 20.2667 26.1944
      vertex 54.7 19.748 26.4716
      vertex 54.7 20.2667 26.1944
    endloop
  endfacet
  facet normal -0 0.634413 0.772994
    outer loop
      vertex 54.7 13.9333 21.2056
      vertex 56.3 13.4787 21.5787
      vertex 56.3 13.9333 21.2056
    endloop
  endfacet
  facet normal 0 0.634413 0.772994
    outer loop
      vertex 56.3 13.4787 21.5787
      vertex 54.7 13.9333 21.2056
      vertex 54.7 13.4787 21.5787
    endloop
  endfacet
  facet normal 0 -0.881957 -0.471329
    outer loop
      vertex 54.7 21.3716 24.848
      vertex 56.3 21.0944 25.3667
      vertex 54.7 21.0944 25.3667
    endloop
  endfacet
  facet normal 0 -0.881957 -0.471329
    outer loop
      vertex 56.3 21.0944 25.3667
      vertex 54.7 21.3716 24.848
      vertex 56.3 21.3716 24.848
    endloop
  endfacet
  facet normal 0 -0.995193 -0.097938
    outer loop
      vertex 54.7 21.6 23.7
      vertex 56.3 21.5424 24.2853
      vertex 54.7 21.5424 24.2853
    endloop
  endfacet
  facet normal 0 -0.995193 -0.097938
    outer loop
      vertex 56.3 21.5424 24.2853
      vertex 54.7 21.6 23.7
      vertex 56.3 21.6 23.7
    endloop
  endfacet
  facet normal 0 0.772994 0.634413
    outer loop
      vertex 56.3 13.4787 21.5787
      vertex 54.7 13.1056 22.0333
      vertex 56.3 13.1056 22.0333
    endloop
  endfacet
  facet normal 0 0.772994 0.634413
    outer loop
      vertex 54.7 13.1056 22.0333
      vertex 56.3 13.4787 21.5787
      vertex 54.7 13.4787 21.5787
    endloop
  endfacet
  facet normal 0 0.097938 -0.995193
    outer loop
      vertex 54.7 15.0147 26.6424
      vertex 56.3 15.6 26.7
      vertex 56.3 15.0147 26.6424
    endloop
  endfacet
  facet normal 0 0.097938 -0.995193
    outer loop
      vertex 56.3 15.6 26.7
      vertex 54.7 15.0147 26.6424
      vertex 54.7 15.6 26.7
    endloop
  endfacet
  facet normal 0 0 -1
    outer loop
      vertex 54.7 15.6 26.7
      vertex 56.3 18.6 26.7
      vertex 56.3 15.6 26.7
    endloop
  endfacet
  facet normal -0 0 -1
    outer loop
      vertex 56.3 18.6 26.7
      vertex 54.7 15.6 26.7
      vertex 54.7 18.6 26.7
    endloop
  endfacet
  facet normal 0 -0.95689 -0.290451
    outer loop
      vertex 54.7 21.5424 24.2853
      vertex 56.3 21.3716 24.848
      vertex 54.7 21.3716 24.848
    endloop
  endfacet
  facet normal 0 -0.95689 -0.290451
    outer loop
      vertex 56.3 21.3716 24.848
      vertex 54.7 21.5424 24.2853
      vertex 56.3 21.5424 24.2853
    endloop
  endfacet
  facet normal 0 0.995193 -0.097938
    outer loop
      vertex 56.3 12.6 23.7
      vertex 54.7 12.6576 24.2853
      vertex 56.3 12.6576 24.2853
    endloop
  endfacet
  facet normal 0 0.995193 -0.097938
    outer loop
      vertex 54.7 12.6576 24.2853
      vertex 56.3 12.6 23.7
      vertex 54.7 12.6 23.7
    endloop
  endfacet
  facet normal 0 0.95689 -0.290451
    outer loop
      vertex 56.3 12.6576 24.2853
      vertex 54.7 12.8284 24.848
      vertex 56.3 12.8284 24.848
    endloop
  endfacet
  facet normal 0 0.95689 -0.290451
    outer loop
      vertex 54.7 12.8284 24.848
      vertex 56.3 12.6576 24.2853
      vertex 54.7 12.6576 24.2853
    endloop
  endfacet
  facet normal 0 0.772994 -0.634413
    outer loop
      vertex 56.3 13.1056 25.3667
      vertex 54.7 13.4787 25.8213
      vertex 56.3 13.4787 25.8213
    endloop
  endfacet
  facet normal 0 0.772994 -0.634413
    outer loop
      vertex 54.7 13.4787 25.8213
      vertex 56.3 13.1056 25.3667
      vertex 54.7 13.1056 25.3667
    endloop
  endfacet
  facet normal 0 -0.634413 -0.772994
    outer loop
      vertex 54.7 20.2667 26.1944
      vertex 56.3 20.7213 25.8213
      vertex 56.3 20.2667 26.1944
    endloop
  endfacet
  facet normal -0 -0.634413 -0.772994
    outer loop
      vertex 56.3 20.7213 25.8213
      vertex 54.7 20.2667 26.1944
      vertex 54.7 20.7213 25.8213
    endloop
  endfacet
  facet normal 0 -0.881957 0.471329
    outer loop
      vertex 54.7 21.0944 22.0333
      vertex 56.3 21.3716 22.552
      vertex 54.7 21.3716 22.552
    endloop
  endfacet
  facet normal 0 -0.881957 0.471329
    outer loop
      vertex 56.3 21.3716 22.552
      vertex 54.7 21.0944 22.0333
      vertex 56.3 21.0944 22.0333
    endloop
  endfacet
  facet normal 0 -0.772994 0.634413
    outer loop
      vertex 54.7 20.7213 21.5787
      vertex 56.3 21.0944 22.0333
      vertex 54.7 21.0944 22.0333
    endloop
  endfacet
  facet normal 0 -0.772994 0.634413
    outer loop
      vertex 56.3 21.0944 22.0333
      vertex 54.7 20.7213 21.5787
      vertex 56.3 20.7213 21.5787
    endloop
  endfacet
  facet normal -0 0.471329 0.881957
    outer loop
      vertex 54.7 14.452 20.9284
      vertex 56.3 13.9333 21.2056
      vertex 56.3 14.452 20.9284
    endloop
  endfacet
  facet normal 0 0.471329 0.881957
    outer loop
      vertex 56.3 13.9333 21.2056
      vertex 54.7 14.452 20.9284
      vertex 54.7 13.9333 21.2056
    endloop
  endfacet
  facet normal 0 -0.290451 0.95689
    outer loop
      vertex 54.7 19.748 20.9284
      vertex 56.3 19.1853 20.7576
      vertex 56.3 19.748 20.9284
    endloop
  endfacet
  facet normal 0 -0.290451 0.95689
    outer loop
      vertex 56.3 19.1853 20.7576
      vertex 54.7 19.748 20.9284
      vertex 54.7 19.1853 20.7576
    endloop
  endfacet
  facet normal 0 -0.995193 0.097938
    outer loop
      vertex 54.7 21.5424 23.1147
      vertex 56.3 21.6 23.7
      vertex 54.7 21.6 23.7
    endloop
  endfacet
  facet normal 0 -0.995193 0.097938
    outer loop
      vertex 56.3 21.6 23.7
      vertex 54.7 21.5424 23.1147
      vertex 56.3 21.5424 23.1147
    endloop
  endfacet
  facet normal 0 -0.772994 -0.634413
    outer loop
      vertex 54.7 21.0944 25.3667
      vertex 56.3 20.7213 25.8213
      vertex 54.7 20.7213 25.8213
    endloop
  endfacet
  facet normal 0 -0.772994 -0.634413
    outer loop
      vertex 56.3 20.7213 25.8213
      vertex 54.7 21.0944 25.3667
      vertex 56.3 21.0944 25.3667
    endloop
  endfacet
  facet normal -0 0 1
    outer loop
      vertex 54.7 18.6 20.7
      vertex 56.3 15.6 20.7
      vertex 56.3 18.6 20.7
    endloop
  endfacet
  facet normal 0 0 1
    outer loop
      vertex 56.3 15.6 20.7
      vertex 54.7 18.6 20.7
      vertex 54.7 15.6 20.7
    endloop
  endfacet
  facet normal 0 -0.95689 0.290451
    outer loop
      vertex 54.7 21.3716 22.552
      vertex 56.3 21.5424 23.1147
      vertex 54.7 21.5424 23.1147
    endloop
  endfacet
  facet normal 0 -0.95689 0.290451
    outer loop
      vertex 56.3 21.5424 23.1147
      vertex 54.7 21.3716 22.552
      vertex 56.3 21.3716 22.552
    endloop
  endfacet
  facet normal 0 0.881957 0.471329
    outer loop
      vertex 56.3 13.1056 22.0333
      vertex 54.7 12.8284 22.552
      vertex 56.3 12.8284 22.552
    endloop
  endfacet
  facet normal 0 0.881957 0.471329
    outer loop
      vertex 54.7 12.8284 22.552
      vertex 56.3 13.1056 22.0333
      vertex 54.7 13.1056 22.0333
    endloop
  endfacet
  facet normal 0 -0.097938 -0.995193
    outer loop
      vertex 54.7 18.6 26.7
      vertex 56.3 19.1853 26.6424
      vertex 56.3 18.6 26.7
    endloop
  endfacet
  facet normal -0 -0.097938 -0.995193
    outer loop
      vertex 56.3 19.1853 26.6424
      vertex 54.7 18.6 26.7
      vertex 54.7 19.1853 26.6424
    endloop
  endfacet
  facet normal 0 -0.471329 0.881957
    outer loop
      vertex 54.7 20.2667 21.2056
      vertex 56.3 19.748 20.9284
      vertex 56.3 20.2667 21.2056
    endloop
  endfacet
  facet normal 0 -0.471329 0.881957
    outer loop
      vertex 56.3 19.748 20.9284
      vertex 54.7 20.2667 21.2056
      vertex 54.7 19.748 20.9284
    endloop
  endfacet
  facet normal 0 -0.290451 -0.95689
    outer loop
      vertex 54.7 19.1853 26.6424
      vertex 56.3 19.748 26.4716
      vertex 56.3 19.1853 26.6424
    endloop
  endfacet
  facet normal -0 -0.290451 -0.95689
    outer loop
      vertex 56.3 19.748 26.4716
      vertex 54.7 19.1853 26.6424
      vertex 54.7 19.748 26.4716
    endloop
  endfacet
  facet normal -0 0.097938 0.995193
    outer loop
      vertex 54.7 15.6 20.7
      vertex 56.3 15.0147 20.7576
      vertex 56.3 15.6 20.7
    endloop
  endfacet
  facet normal 0 0.097938 0.995193
    outer loop
      vertex 56.3 15.0147 20.7576
      vertex 54.7 15.6 20.7
      vertex 54.7 15.0147 20.7576
    endloop
  endfacet
  facet normal 0 0.634413 -0.772994
    outer loop
      vertex 54.7 13.4787 25.8213
      vertex 56.3 13.9333 26.1944
      vertex 56.3 13.4787 25.8213
    endloop
  endfacet
  facet normal 0 0.634413 -0.772994
    outer loop
      vertex 56.3 13.9333 26.1944
      vertex 54.7 13.4787 25.8213
      vertex 54.7 13.9333 26.1944
    endloop
  endfacet
  facet normal 0 0.881957 -0.471329
    outer loop
      vertex 56.3 12.8284 24.848
      vertex 54.7 13.1056 25.3667
      vertex 56.3 13.1056 25.3667
    endloop
  endfacet
  facet normal 0 0.881957 -0.471329
    outer loop
      vertex 54.7 13.1056 25.3667
      vertex 56.3 12.8284 24.848
      vertex 54.7 12.8284 24.848
    endloop
  endfacet
  facet normal 0 0.95689 0.290451
    outer loop
      vertex 56.3 12.8284 22.552
      vertex 54.7 12.6576 23.1147
      vertex 56.3 12.6576 23.1147
    endloop
  endfacet
  facet normal 0 0.95689 0.290451
    outer loop
      vertex 54.7 12.6576 23.1147
      vertex 56.3 12.8284 22.552
      vertex 54.7 12.8284 22.552
    endloop
  endfacet
  facet normal 0 0.995193 0.097938
    outer loop
      vertex 56.3 12.6576 23.1147
      vertex 54.7 12.6 23.7
      vertex 56.3 12.6 23.7
    endloop
  endfacet
  facet normal 0 0.995193 0.097938
    outer loop
      vertex 54.7 12.6 23.7
      vertex 56.3 12.6576 23.1147
      vertex 54.7 12.6576 23.1147
    endloop
  endfacet
  facet normal 0 -0.097938 0.995193
    outer loop
      vertex 54.7 19.1853 20.7576
      vertex 56.3 18.6 20.7
      vertex 56.3 19.1853 20.7576
    endloop
  endfacet
  facet normal 0 -0.097938 0.995193
    outer loop
      vertex 56.3 18.6 20.7
      vertex 54.7 19.1853 20.7576
      vertex 54.7 18.6 20.7
    endloop
  endfacet
  facet normal 0 0.471329 -0.881957
    outer loop
      vertex 54.7 13.9333 26.1944
      vertex 56.3 14.452 26.4716
      vertex 56.3 13.9333 26.1944
    endloop
  endfacet
  facet normal 0 0.471329 -0.881957
    outer loop
      vertex 56.3 14.452 26.4716
      vertex 54.7 13.9333 26.1944
      vertex 54.7 14.452 26.4716
    endloop
  endfacet
  facet normal 0 0.290451 -0.95689
    outer loop
      vertex 54.7 14.452 26.4716
      vertex 56.3 15.0147 26.6424
      vertex 56.3 14.452 26.4716
    endloop
  endfacet
  facet normal 0 0.290451 -0.95689
    outer loop
      vertex 56.3 15.0147 26.6424
      vertex 54.7 14.452 26.4716
      vertex 54.7 15.0147 26.6424
    endloop
  endfacet
  facet normal -0 0.290451 0.95689
    outer loop
      vertex 113.3 15.0147 20.7576
      vertex 114.9 14.452 20.9284
      vertex 114.9 15.0147 20.7576
    endloop
  endfacet
  facet normal 0 0.290451 0.95689
    outer loop
      vertex 114.9 14.452 20.9284
      vertex 113.3 15.0147 20.7576
      vertex 113.3 14.452 20.9284
    endloop
  endfacet
  facet normal 0 -0.634413 0.772994
    outer loop
      vertex 113.3 20.7213 21.5787
      vertex 114.9 20.2667 21.2056
      vertex 114.9 20.7213 21.5787
    endloop
  endfacet
  facet normal 0 -0.634413 0.772994
    outer loop
      vertex 114.9 20.2667 21.2056
      vertex 113.3 20.7213 21.5787
      vertex 113.3 20.2667 21.2056
    endloop
  endfacet
  facet normal 0 -0.471329 -0.881957
    outer loop
      vertex 113.3 19.748 26.4716
      vertex 114.9 20.2667 26.1944
      vertex 114.9 19.748 26.4716
    endloop
  endfacet
  facet normal -0 -0.471329 -0.881957
    outer loop
      vertex 114.9 20.2667 26.1944
      vertex 113.3 19.748 26.4716
      vertex 113.3 20.2667 26.1944
    endloop
  endfacet
  facet normal -0 0.634413 0.772994
    outer loop
      vertex 113.3 13.9333 21.2056
      vertex 114.9 13.4787 21.5787
      vertex 114.9 13.9333 21.2056
    endloop
  endfacet
  facet normal 0 0.634413 0.772994
    outer loop
      vertex 114.9 13.4787 21.5787
      vertex 113.3 13.9333 21.2056
      vertex 113.3 13.4787 21.5787
    endloop
  endfacet
  facet normal 0 -0.881957 -0.471329
    outer loop
      vertex 113.3 21.3716 24.848
      vertex 114.9 21.0944 25.3667
      vertex 113.3 21.0944 25.3667
    endloop
  endfacet
  facet normal 0 -0.881957 -0.471329
    outer loop
      vertex 114.9 21.0944 25.3667
      vertex 113.3 21.3716 24.848
      vertex 114.9 21.3716 24.848
    endloop
  endfacet
  facet normal 0 -0.097938 -0.995193
    outer loop
      vertex 113.3 18.6 26.7
      vertex 114.9 19.1853 26.6424
      vertex 114.9 18.6 26.7
    endloop
  endfacet
  facet normal -0 -0.097938 -0.995193
    outer loop
      vertex 114.9 19.1853 26.6424
      vertex 113.3 18.6 26.7
      vertex 113.3 19.1853 26.6424
    endloop
  endfacet
  facet normal 0 -0.995193 -0.097938
    outer loop
      vertex 113.3 21.6 23.7
      vertex 114.9 21.5424 24.2853
      vertex 113.3 21.5424 24.2853
    endloop
  endfacet
  facet normal 0 -0.995193 -0.097938
    outer loop
      vertex 114.9 21.5424 24.2853
      vertex 113.3 21.6 23.7
      vertex 114.9 21.6 23.7
    endloop
  endfacet
  facet normal 0 0.772994 0.634413
    outer loop
      vertex 114.9 13.4787 21.5787
      vertex 113.3 13.1056 22.0333
      vertex 114.9 13.1056 22.0333
    endloop
  endfacet
  facet normal 0 0.772994 0.634413
    outer loop
      vertex 113.3 13.1056 22.0333
      vertex 114.9 13.4787 21.5787
      vertex 113.3 13.4787 21.5787
    endloop
  endfacet
  facet normal 0 0.097938 -0.995193
    outer loop
      vertex 113.3 15.0147 26.6424
      vertex 114.9 15.6 26.7
      vertex 114.9 15.0147 26.6424
    endloop
  endfacet
  facet normal 0 0.097938 -0.995193
    outer loop
      vertex 114.9 15.6 26.7
      vertex 113.3 15.0147 26.6424
      vertex 113.3 15.6 26.7
    endloop
  endfacet
  facet normal 0 0 -1
    outer loop
      vertex 113.3 15.6 26.7
      vertex 114.9 18.6 26.7
      vertex 114.9 15.6 26.7
    endloop
  endfacet
  facet normal -0 0 -1
    outer loop
      vertex 114.9 18.6 26.7
      vertex 113.3 15.6 26.7
      vertex 113.3 18.6 26.7
    endloop
  endfacet
  facet normal 0 -0.95689 -0.290451
    outer loop
      vertex 113.3 21.5424 24.2853
      vertex 114.9 21.3716 24.848
      vertex 113.3 21.3716 24.848
    endloop
  endfacet
  facet normal 0 -0.95689 -0.290451
    outer loop
      vertex 114.9 21.3716 24.848
      vertex 113.3 21.5424 24.2853
      vertex 114.9 21.5424 24.2853
    endloop
  endfacet
  facet normal 0 0.995193 -0.097938
    outer loop
      vertex 114.9 12.6 23.7
      vertex 113.3 12.6576 24.2853
      vertex 114.9 12.6576 24.2853
    endloop
  endfacet
  facet normal 0 0.995193 -0.097938
    outer loop
      vertex 113.3 12.6576 24.2853
      vertex 114.9 12.6 23.7
      vertex 113.3 12.6 23.7
    endloop
  endfacet
  facet normal 0 0.95689 -0.290451
    outer loop
      vertex 114.9 12.6576 24.2853
      vertex 113.3 12.8284 24.848
      vertex 114.9 12.8284 24.848
    endloop
  endfacet
  facet normal 0 0.95689 -0.290451
    outer loop
      vertex 113.3 12.8284 24.848
      vertex 114.9 12.6576 24.2853
      vertex 113.3 12.6576 24.2853
    endloop
  endfacet
  facet normal 0 0.772994 -0.634413
    outer loop
      vertex 114.9 13.1056 25.3667
      vertex 113.3 13.4787 25.8213
      vertex 114.9 13.4787 25.8213
    endloop
  endfacet
  facet normal 0 0.772994 -0.634413
    outer loop
      vertex 113.3 13.4787 25.8213
      vertex 114.9 13.1056 25.3667
      vertex 113.3 13.1056 25.3667
    endloop
  endfacet
  facet normal 0 -0.634413 -0.772994
    outer loop
      vertex 113.3 20.2667 26.1944
      vertex 114.9 20.7213 25.8213
      vertex 114.9 20.2667 26.1944
    endloop
  endfacet
  facet normal -0 -0.634413 -0.772994
    outer loop
      vertex 114.9 20.7213 25.8213
      vertex 113.3 20.2667 26.1944
      vertex 113.3 20.7213 25.8213
    endloop
  endfacet
  facet normal 0 -0.881957 0.471329
    outer loop
      vertex 113.3 21.0944 22.0333
      vertex 114.9 21.3716 22.552
      vertex 113.3 21.3716 22.552
    endloop
  endfacet
  facet normal 0 -0.881957 0.471329
    outer loop
      vertex 114.9 21.3716 22.552
      vertex 113.3 21.0944 22.0333
      vertex 114.9 21.0944 22.0333
    endloop
  endfacet
  facet normal 0 -0.772994 0.634413
    outer loop
      vertex 113.3 20.7213 21.5787
      vertex 114.9 21.0944 22.0333
      vertex 113.3 21.0944 22.0333
    endloop
  endfacet
  facet normal 0 -0.772994 0.634413
    outer loop
      vertex 114.9 21.0944 22.0333
      vertex 113.3 20.7213 21.5787
      vertex 114.9 20.7213 21.5787
    endloop
  endfacet
  facet normal -0 0.471329 0.881957
    outer loop
      vertex 113.3 14.452 20.9284
      vertex 114.9 13.9333 21.2056
      vertex 114.9 14.452 20.9284
    endloop
  endfacet
  facet normal 0 0.471329 0.881957
    outer loop
      vertex 114.9 13.9333 21.2056
      vertex 113.3 14.452 20.9284
      vertex 113.3 13.9333 21.2056
    endloop
  endfacet
  facet normal 0 -0.290451 0.95689
    outer loop
      vertex 113.3 19.748 20.9284
      vertex 114.9 19.1853 20.7576
      vertex 114.9 19.748 20.9284
    endloop
  endfacet
  facet normal 0 -0.290451 0.95689
    outer loop
      vertex 114.9 19.1853 20.7576
      vertex 113.3 19.748 20.9284
      vertex 113.3 19.1853 20.7576
    endloop
  endfacet
  facet normal 0 -0.995193 0.097938
    outer loop
      vertex 113.3 21.5424 23.1147
      vertex 114.9 21.6 23.7
      vertex 113.3 21.6 23.7
    endloop
  endfacet
  facet normal 0 -0.995193 0.097938
    outer loop
      vertex 114.9 21.6 23.7
      vertex 113.3 21.5424 23.1147
      vertex 114.9 21.5424 23.1147
    endloop
  endfacet
  facet normal 0 -0.772994 -0.634413
    outer loop
      vertex 113.3 21.0944 25.3667
      vertex 114.9 20.7213 25.8213
      vertex 113.3 20.7213 25.8213
    endloop
  endfacet
  facet normal 0 -0.772994 -0.634413
    outer loop
      vertex 114.9 20.7213 25.8213
      vertex 113.3 21.0944 25.3667
      vertex 114.9 21.0944 25.3667
    endloop
  endfacet
  facet normal -0 0 1
    outer loop
      vertex 113.3 18.6 20.7
      vertex 114.9 15.6 20.7
      vertex 114.9 18.6 20.7
    endloop
  endfacet
  facet normal 0 0 1
    outer loop
      vertex 114.9 15.6 20.7
      vertex 113.3 18.6 20.7
      vertex 113.3 15.6 20.7
    endloop
  endfacet
  facet normal 0 -0.95689 0.290451
    outer loop
      vertex 113.3 21.3716 22.552
      vertex 114.9 21.5424 23.1147
      vertex 113.3 21.5424 23.1147
    endloop
  endfacet
  facet normal 0 -0.95689 0.290451
    outer loop
      vertex 114.9 21.5424 23.1147
      vertex 113.3 21.3716 22.552
      vertex 114.9 21.3716 22.552
    endloop
  endfacet
  facet normal 0 0.881957 0.471329
    outer loop
      vertex 114.9 13.1056 22.0333
      vertex 113.3 12.8284 22.552
      vertex 114.9 12.8284 22.552
    endloop
  endfacet
  facet normal 0 0.881957 0.471329
    outer loop
      vertex 113.3 12.8284 22.552
      vertex 114.9 13.1056 22.0333
      vertex 113.3 13.1056 22.0333
    endloop
  endfacet
  facet normal 0 -0.471329 0.881957
    outer loop
      vertex 113.3 20.2667 21.2056
      vertex 114.9 19.748 20.9284
      vertex 114.9 20.2667 21.2056
    endloop
  endfacet
  facet normal 0 -0.471329 0.881957
    outer loop
      vertex 114.9 19.748 20.9284
      vertex 113.3 20.2667 21.2056
      vertex 113.3 19.748 20.9284
    endloop
  endfacet
  facet normal 0 -0.290451 -0.95689
    outer loop
      vertex 113.3 19.1853 26.6424
      vertex 114.9 19.748 26.4716
      vertex 114.9 19.1853 26.6424
    endloop
  endfacet
  facet normal -0 -0.290451 -0.95689
    outer loop
      vertex 114.9 19.748 26.4716
      vertex 113.3 19.1853 26.6424
      vertex 113.3 19.748 26.4716
    endloop
  endfacet
  facet normal -0 0.097938 0.995193
    outer loop
      vertex 113.3 15.6 20.7
      vertex 114.9 15.0147 20.7576
      vertex 114.9 15.6 20.7
    endloop
  endfacet
  facet normal 0 0.097938 0.995193
    outer loop
      vertex 114.9 15.0147 20.7576
      vertex 113.3 15.6 20.7
      vertex 113.3 15.0147 20.7576
    endloop
  endfacet
  facet normal 0 0.634413 -0.772994
    outer loop
      vertex 113.3 13.4787 25.8213
      vertex 114.9 13.9333 26.1944
      vertex 114.9 13.4787 25.8213
    endloop
  endfacet
  facet normal 0 0.634413 -0.772994
    outer loop
      vertex 114.9 13.9333 26.1944
      vertex 113.3 13.4787 25.8213
      vertex 113.3 13.9333 26.1944
    endloop
  endfacet
  facet normal 0 0.881957 -0.471329
    outer loop
      vertex 114.9 12.8284 24.848
      vertex 113.3 13.1056 25.3667
      vertex 114.9 13.1056 25.3667
    endloop
  endfacet
  facet normal 0 0.881957 -0.471329
    outer loop
      vertex 113.3 13.1056 25.3667
      vertex 114.9 12.8284 24.848
      vertex 113.3 12.8284 24.848
    endloop
  endfacet
  facet normal 0 0.95689 0.290451
    outer loop
      vertex 114.9 12.8284 22.552
      vertex 113.3 12.6576 23.1147
      vertex 114.9 12.6576 23.1147
    endloop
  endfacet
  facet normal 0 0.95689 0.290451
    outer loop
      vertex 113.3 12.6576 23.1147
      vertex 114.9 12.8284 22.552
      vertex 113.3 12.8284 22.552
    endloop
  endfacet
  facet normal 0 0.995193 0.097938
    outer loop
      vertex 114.9 12.6576 23.1147
      vertex 113.3 12.6 23.7
      vertex 114.9 12.6 23.7
    endloop
  endfacet
  facet normal 0 0.995193 0.097938
    outer loop
      vertex 113.3 12.6 23.7
      vertex 114.9 12.6576 23.1147
      vertex 113.3 12.6576 23.1147
    endloop
  endfacet
  facet normal 0 -0.097938 0.995193
    outer loop
      vertex 113.3 19.1853 20.7576
      vertex 114.9 18.6 20.7
      vertex 114.9 19.1853 20.7576
    endloop
  endfacet
  facet normal 0 -0.097938 0.995193
    outer loop
      vertex 114.9 18.6 20.7
      vertex 113.3 19.1853 20.7576
      vertex 113.3 18.6 20.7
    endloop
  endfacet
  facet normal 0 0.471329 -0.881957
    outer loop
      vertex 113.3 13.9333 26.1944
      vertex 114.9 14.452 26.4716
      vertex 114.9 13.9333 26.1944
    endloop
  endfacet
  facet normal 0 0.471329 -0.881957
    outer loop
      vertex 114.9 14.452 26.4716
      vertex 113.3 13.9333 26.1944
      vertex 113.3 14.452 26.4716
    endloop
  endfacet
  facet normal 0 0.290451 -0.95689
    outer loop
      vertex 113.3 14.452 26.4716
      vertex 114.9 15.0147 26.6424
      vertex 114.9 14.452 26.4716
    endloop
  endfacet
  facet normal 0 0.290451 -0.95689
    outer loop
      vertex 114.9 15.0147 26.6424
      vertex 113.3 14.452 26.4716
      vertex 113.3 15.0147 26.6424
    endloop
  endfacet
  facet normal -1 0 0
    outer loop
      vertex 113.3 32.6 7.2
      vertex 113.3 21.6 23.7
      vertex 113.3 32.6 40.2
    endloop
  endfacet
  facet normal -1 0 0
    outer loop
      vertex 113.3 32.6 7.2
      vertex 113.3 21.5424 23.1147
      vertex 113.3 21.6 23.7
    endloop
  endfacet
  facet normal -1 0 0
    outer loop
      vertex 113.3 32.6 7.2
      vertex 113.3 21.3716 22.552
      vertex 113.3 21.5424 23.1147
    endloop
  endfacet
  facet normal -1 0 0
    outer loop
      vertex 113.3 32.6 7.2
      vertex 113.3 21.0944 22.0333
      vertex 113.3 21.3716 22.552
    endloop
  endfacet
  facet normal -1 0 0
    outer loop
      vertex 113.3 32.6 7.2
      vertex 113.3 20.7213 21.5787
      vertex 113.3 21.0944 22.0333
    endloop
  endfacet
  facet normal -1 0 0
    outer loop
      vertex 113.3 32.6 7.2
      vertex 113.3 20.2667 21.2056
      vertex 113.3 20.7213 21.5787
    endloop
  endfacet
  facet normal -1 0 0
    outer loop
      vertex 113.3 32.6 7.2
      vertex 113.3 19.748 20.9284
      vertex 113.3 20.2667 21.2056
    endloop
  endfacet
  facet normal -1 0 0
    outer loop
      vertex 113.3 32.6 7.2
      vertex 113.3 19.1853 20.7576
      vertex 113.3 19.748 20.9284
    endloop
  endfacet
  facet normal -1 0 0
    outer loop
      vertex 113.3 32.6 7.2
      vertex 113.3 18.6 20.7
      vertex 113.3 19.1853 20.7576
    endloop
  endfacet
  facet normal -1 0 0
    outer loop
      vertex 113.3 32.6 7.2
      vertex 113.3 15.6 20.7
      vertex 113.3 18.6 20.7
    endloop
  endfacet
  facet normal -1 0 0
    outer loop
      vertex 113.3 1.6 7.2
      vertex 113.3 15.6 20.7
      vertex 113.3 32.6 7.2
    endloop
  endfacet
  facet normal -1 -0 0
    outer loop
      vertex 113.3 15.6 20.7
      vertex 113.3 1.6 7.2
      vertex 113.3 15.0147 20.7576
    endloop
  endfacet
  facet normal -1 -0 0
    outer loop
      vertex 113.3 15.0147 20.7576
      vertex 113.3 1.6 7.2
      vertex 113.3 14.452 20.9284
    endloop
  endfacet
  facet normal -1 -0 0
    outer loop
      vertex 113.3 12.6576 23.1147
      vertex 113.3 1.6 7.2
      vertex 113.3 12.6 23.7
    endloop
  endfacet
  facet normal -1 -0 0
    outer loop
      vertex 113.3 12.8284 22.552
      vertex 113.3 1.6 7.2
      vertex 113.3 12.6576 23.1147
    endloop
  endfacet
  facet normal -1 -0 0
    outer loop
      vertex 113.3 13.1056 22.0333
      vertex 113.3 1.6 7.2
      vertex 113.3 12.8284 22.552
    endloop
  endfacet
  facet normal -1 -0 0
    outer loop
      vertex 113.3 13.4787 21.5787
      vertex 113.3 1.6 7.2
      vertex 113.3 13.1056 22.0333
    endloop
  endfacet
  facet normal -1 -0 0
    outer loop
      vertex 113.3 13.9333 21.2056
      vertex 113.3 1.6 7.2
      vertex 113.3 13.4787 21.5787
    endloop
  endfacet
  facet normal -1 -0 0
    outer loop
      vertex 113.3 14.452 20.9284
      vertex 113.3 1.6 7.2
      vertex 113.3 13.9333 21.2056
    endloop
  endfacet
  facet normal -1 0 0
    outer loop
      vertex 113.3 21.5424 24.2853
      vertex 113.3 32.6 40.2
      vertex 113.3 21.6 23.7
    endloop
  endfacet
  facet normal -1 0 0
    outer loop
      vertex 113.3 21.3716 24.848
      vertex 113.3 32.6 40.2
      vertex 113.3 21.5424 24.2853
    endloop
  endfacet
  facet normal -1 0 0
    outer loop
      vertex 113.3 21.0944 25.3667
      vertex 113.3 32.6 40.2
      vertex 113.3 21.3716 24.848
    endloop
  endfacet
  facet normal -1 0 0
    outer loop
      vertex 113.3 20.7213 25.8213
      vertex 113.3 32.6 40.2
      vertex 113.3 21.0944 25.3667
    endloop
  endfacet
  facet normal -1 0 0
    outer loop
      vertex 113.3 20.2667 26.1944
      vertex 113.3 32.6 40.2
      vertex 113.3 20.7213 25.8213
    endloop
  endfacet
  facet normal -1 0 0
    outer loop
      vertex 113.3 19.748 26.4716
      vertex 113.3 32.6 40.2
      vertex 113.3 20.2667 26.1944
    endloop
  endfacet
  facet normal -1 0 0
    outer loop
      vertex 113.3 19.1853 26.6424
      vertex 113.3 32.6 40.2
      vertex 113.3 19.748 26.4716
    endloop
  endfacet
  facet normal -1 0 0
    outer loop
      vertex 113.3 18.6 26.7
      vertex 113.3 32.6 40.2
      vertex 113.3 19.1853 26.6424
    endloop
  endfacet
  facet normal -1 0 0
    outer loop
      vertex 113.3 15.6 26.7
      vertex 113.3 32.6 40.2
      vertex 113.3 18.6 26.7
    endloop
  endfacet
  facet normal -1 0 0
    outer loop
      vertex 113.3 1.6 40.2
      vertex 113.3 15.6 26.7
      vertex 113.3 15.0147 26.6424
    endloop
  endfacet
  facet normal -1 0 0
    outer loop
      vertex 113.3 1.6 40.2
      vertex 113.3 15.0147 26.6424
      vertex 113.3 14.452 26.4716
    endloop
  endfacet
  facet normal -1 0 0
    outer loop
      vertex 113.3 1.6 40.2
      vertex 113.3 14.452 26.4716
      vertex 113.3 13.9333 26.1944
    endloop
  endfacet
  facet normal -1 0 0
    outer loop
      vertex 113.3 1.6 40.2
      vertex 113.3 12.6 23.7
      vertex 113.3 1.6 7.2
    endloop
  endfacet
  facet normal -1 0 0
    outer loop
      vertex 113.3 12.6 23.7
      vertex 113.3 1.6 40.2
      vertex 113.3 12.6576 24.2853
    endloop
  endfacet
  facet normal -1 0 0
    outer loop
      vertex 113.3 12.6576 24.2853
      vertex 113.3 1.6 40.2
      vertex 113.3 12.8284 24.848
    endloop
  endfacet
  facet normal -1 0 0
    outer loop
      vertex 113.3 15.6 26.7
      vertex 113.3 1.6 40.2
      vertex 113.3 32.6 40.2
    endloop
  endfacet
  facet normal -1 0 0
    outer loop
      vertex 113.3 13.4787 25.8213
      vertex 113.3 1.6 40.2
      vertex 113.3 13.9333 26.1944
    endloop
  endfacet
  facet normal -1 0 0
    outer loop
      vertex 113.3 13.1056 25.3667
      vertex 113.3 1.6 40.2
      vertex 113.3 13.4787 25.8213
    endloop
  endfacet
  facet normal -1 0 0
    outer loop
      vertex 113.3 12.8284 24.848
      vertex 113.3 1.6 40.2
      vertex 113.3 13.1056 25.3667
    endloop
  endfacet
  facet normal -1 0 0
    outer loop
      vertex 113.3 1.6 43.4
      vertex 113.3 32.6 44.4
      vertex 113.3 32.6 43.4
    endloop
  endfacet
  facet normal -1 -0 0
    outer loop
      vertex 113.3 32.6 44.4
      vertex 113.3 1.6 43.4
      vertex 113.3 1.6 44.4
    endloop
  endfacet
  facet normal -0 0 1
    outer loop
      vertex 56.3 32.6 7.2
      vertex 113.3 1.6 7.2
      vertex 113.3 32.6 7.2
    endloop
  endfacet
  facet normal 0 0 1
    outer loop
      vertex 113.3 1.6 7.2
      vertex 56.3 32.6 7.2
      vertex 56.3 1.6 7.2
    endloop
  endfacet
  facet normal 1 -0 0
    outer loop
      vertex 56.3 0.599999 43.4
      vertex 56.3 1.6 40.2
      vertex 56.3 1.6 43.4
    endloop
  endfacet
  facet normal 1 0 0
    outer loop
      vertex 56.3 1.6 40.2
      vertex 56.3 0.599999 43.4
      vertex 56.3 0.599999 40.2
    endloop
  endfacet
  facet normal 1 0 0
    outer loop
      vertex 56.3 1.6 43.4
      vertex 56.3 32.6 43.4
      vertex 56.3 32.6 44.4
    endloop
  endfacet
  facet normal 1 0 0
    outer loop
      vertex 56.3 32.6 43.4
      vertex 56.3 18.6 26.7
      vertex 56.3 32.6 40.2
    endloop
  endfacet
  facet normal 1 0 0
    outer loop
      vertex 56.3 32.6 40.2
      vertex 56.3 21.6 23.7
      vertex 56.3 32.6 7.2
    endloop
  endfacet
  facet normal 1 0 0
    outer loop
      vertex 56.3 32.6 40.2
      vertex 56.3 21.5424 24.2853
      vertex 56.3 21.6 23.7
    endloop
  endfacet
  facet normal 1 0 0
    outer loop
      vertex 56.3 32.6 40.2
      vertex 56.3 21.3716 24.848
      vertex 56.3 21.5424 24.2853
    endloop
  endfacet
  facet normal 1 0 0
    outer loop
      vertex 56.3 32.6 40.2
      vertex 56.3 21.0944 25.3667
      vertex 56.3 21.3716 24.848
    endloop
  endfacet
  facet normal 1 0 0
    outer loop
      vertex 56.3 32.6 40.2
      vertex 56.3 20.7213 25.8213
      vertex 56.3 21.0944 25.3667
    endloop
  endfacet
  facet normal 1 0 0
    outer loop
      vertex 56.3 32.6 40.2
      vertex 56.3 20.2667 26.1944
      vertex 56.3 20.7213 25.8213
    endloop
  endfacet
  facet normal 1 0 0
    outer loop
      vertex 56.3 32.6 40.2
      vertex 56.3 19.748 26.4716
      vertex 56.3 20.2667 26.1944
    endloop
  endfacet
  facet normal 1 0 0
    outer loop
      vertex 56.3 32.6 40.2
      vertex 56.3 19.1853 26.6424
      vertex 56.3 19.748 26.4716
    endloop
  endfacet
  facet normal 1 0 0
    outer loop
      vertex 56.3 32.6 40.2
      vertex 56.3 18.6 26.7
      vertex 56.3 19.1853 26.6424
    endloop
  endfacet
  facet normal 1 0 0
    outer loop
      vertex 56.3 32.6 43.4
      vertex 56.3 15.6 26.7
      vertex 56.3 18.6 26.7
    endloop
  endfacet
  facet normal 1 0 0
    outer loop
      vertex 56.3 32.6 43.4
      vertex 56.3 1.6 43.4
      vertex 56.3 15.6 26.7
    endloop
  endfacet
  facet normal 1 -0 0
    outer loop
      vertex 56.3 1.6 40.2
      vertex 56.3 15.6 26.7
      vertex 56.3 1.6 43.4
    endloop
  endfacet
  facet normal 1 0 0
    outer loop
      vertex 56.3 15.0147 26.6424
      vertex 56.3 1.6 40.2
      vertex 56.3 14.452 26.4716
    endloop
  endfacet
  facet normal 1 0 0
    outer loop
      vertex 56.3 14.452 26.4716
      vertex 56.3 1.6 40.2
      vertex 56.3 13.9333 26.1944
    endloop
  endfacet
  facet normal 1 0 0
    outer loop
      vertex 56.3 13.1056 25.3667
      vertex 56.3 1.6 40.2
      vertex 56.3 12.8284 24.848
    endloop
  endfacet
  facet normal 1 0 0
    outer loop
      vertex 56.3 13.4787 25.8213
      vertex 56.3 1.6 40.2
      vertex 56.3 13.1056 25.3667
    endloop
  endfacet
  facet normal 1 0 0
    outer loop
      vertex 56.3 13.9333 26.1944
      vertex 56.3 1.6 40.2
      vertex 56.3 13.4787 25.8213
    endloop
  endfacet
  facet normal 1 0 0
    outer loop
      vertex 56.3 15.6 26.7
      vertex 56.3 1.6 40.2
      vertex 56.3 15.0147 26.6424
    endloop
  endfacet
  facet normal 1 0 0
    outer loop
      vertex 56.3 1.6 43.4
      vertex 56.3 32.6 44.4
      vertex 56.3 1.6 44.4
    endloop
  endfacet
  facet normal 1 -0 0
    outer loop
      vertex 56.3 32.6 43.4
      vertex 56.3 33.6 40.2
      vertex 56.3 33.6 43.4
    endloop
  endfacet
  facet normal 1 0 0
    outer loop
      vertex 56.3 33.6 40.2
      vertex 56.3 32.6 43.4
      vertex 56.3 32.6 40.2
    endloop
  endfacet
  facet normal 1 -0 0
    outer loop
      vertex 56.3 21.5424 23.1147
      vertex 56.3 32.6 7.2
      vertex 56.3 21.6 23.7
    endloop
  endfacet
  facet normal 1 -0 0
    outer loop
      vertex 56.3 21.3716 22.552
      vertex 56.3 32.6 7.2
      vertex 56.3 21.5424 23.1147
    endloop
  endfacet
  facet normal 1 -0 0
    outer loop
      vertex 56.3 21.0944 22.0333
      vertex 56.3 32.6 7.2
      vertex 56.3 21.3716 22.552
    endloop
  endfacet
  facet normal 1 -0 0
    outer loop
      vertex 56.3 20.7213 21.5787
      vertex 56.3 32.6 7.2
      vertex 56.3 21.0944 22.0333
    endloop
  endfacet
  facet normal 1 -0 0
    outer loop
      vertex 56.3 20.2667 21.2056
      vertex 56.3 32.6 7.2
      vertex 56.3 20.7213 21.5787
    endloop
  endfacet
  facet normal 1 -0 0
    outer loop
      vertex 56.3 19.748 20.9284
      vertex 56.3 32.6 7.2
      vertex 56.3 20.2667 21.2056
    endloop
  endfacet
  facet normal 1 -0 0
    outer loop
      vertex 56.3 19.1853 20.7576
      vertex 56.3 32.6 7.2
      vertex 56.3 19.748 20.9284
    endloop
  endfacet
  facet normal 1 -0 0
    outer loop
      vertex 56.3 18.6 20.7
      vertex 56.3 32.6 7.2
      vertex 56.3 19.1853 20.7576
    endloop
  endfacet
  facet normal 1 -0 0
    outer loop
      vertex 56.3 15.6 20.7
      vertex 56.3 32.6 7.2
      vertex 56.3 18.6 20.7
    endloop
  endfacet
  facet normal 1 0 0
    outer loop
      vertex 56.3 1.6 7.2
      vertex 56.3 15.6 20.7
      vertex 56.3 15.0147 20.7576
    endloop
  endfacet
  facet normal 1 0 0
    outer loop
      vertex 56.3 1.6 7.2
      vertex 56.3 15.0147 20.7576
      vertex 56.3 14.452 20.9284
    endloop
  endfacet
  facet normal 1 0 0
    outer loop
      vertex 56.3 1.6 7.2
      vertex 56.3 14.452 20.9284
      vertex 56.3 13.9333 21.2056
    endloop
  endfacet
  facet normal 1 0 0
    outer loop
      vertex 56.3 12.8284 24.848
      vertex 56.3 1.6 40.2
      vertex 56.3 12.6576 24.2853
    endloop
  endfacet
  facet normal 1 0 0
    outer loop
      vertex 56.3 12.6576 24.2853
      vertex 56.3 1.6 40.2
      vertex 56.3 12.6 23.7
    endloop
  endfacet
  facet normal 1 0 0
    outer loop
      vertex 56.3 1.6 7.2
      vertex 56.3 12.6 23.7
      vertex 56.3 1.6 40.2
    endloop
  endfacet
  facet normal 1 0 0
    outer loop
      vertex 56.3 12.6 23.7
      vertex 56.3 1.6 7.2
      vertex 56.3 12.6576 23.1147
    endloop
  endfacet
  facet normal 1 0 0
    outer loop
      vertex 56.3 12.6576 23.1147
      vertex 56.3 1.6 7.2
      vertex 56.3 12.8284 22.552
    endloop
  endfacet
  facet normal 1 0 0
    outer loop
      vertex 56.3 15.6 20.7
      vertex 56.3 1.6 7.2
      vertex 56.3 32.6 7.2
    endloop
  endfacet
  facet normal 1 0 0
    outer loop
      vertex 56.3 13.4787 21.5787
      vertex 56.3 1.6 7.2
      vertex 56.3 13.9333 21.2056
    endloop
  endfacet
  facet normal 1 0 0
    outer loop
      vertex 56.3 13.1056 22.0333
      vertex 56.3 1.6 7.2
      vertex 56.3 13.4787 21.5787
    endloop
  endfacet
  facet normal 1 0 0
    outer loop
      vertex 56.3 12.8284 22.552
      vertex 56.3 1.6 7.2
      vertex 56.3 13.1056 22.0333
    endloop
  endfacet
  facet normal 0 0 -1
    outer loop
      vertex 113.3 1.6 43.4
      vertex 114.9 1 43.4
      vertex 114.891 0.869476 43.4
    endloop
  endfacet
  facet normal 0 0 -1
    outer loop
      vertex 114.9 1 43.4
      vertex 113.3 1.6 43.4
      vertex 114.9 33.2 43.4
    endloop
  endfacet
  facet normal 0 0 -1
    outer loop
      vertex 113.3 1.6 43.4
      vertex 114.891 0.869476 43.4
      vertex 114.866 0.74118 43.4
    endloop
  endfacet
  facet normal 0 0 -1
    outer loop
      vertex 113.3 32.6 43.4
      vertex 114.9 33.2 43.4
      vertex 113.3 1.6 43.4
    endloop
  endfacet
  facet normal 0 0 -1
    outer loop
      vertex 114.815 0.599999 43.4
      vertex 114.866 0.74118 43.4
      vertex 114.824 0.61731 43.4
    endloop
  endfacet
  facet normal -0 0 -1
    outer loop
      vertex 114.9 33.2 43.4
      vertex 113.3 32.6 43.4
      vertex 114.891 33.3305 43.4
    endloop
  endfacet
  facet normal -0 0 -1
    outer loop
      vertex 114.866 0.74118 43.4
      vertex 114.815 0.599999 43.4
      vertex 113.3 1.6 43.4
    endloop
  endfacet
  facet normal -0 0 -1
    outer loop
      vertex 114.891 33.3305 43.4
      vertex 113.3 32.6 43.4
      vertex 114.866 33.4588 43.4
    endloop
  endfacet
  facet normal 0 -0 -1
    outer loop
      vertex 114.815 33.6 43.4
      vertex 114.866 33.4588 43.4
      vertex 113.3 32.6 43.4
    endloop
  endfacet
  facet normal 0 0 -1
    outer loop
      vertex 56.3 0.599999 43.4
      vertex 113.3 1.6 43.4
      vertex 114.815 0.599999 43.4
    endloop
  endfacet
  facet normal -0 0 -1
    outer loop
      vertex 113.3 1.6 43.4
      vertex 56.3 0.599999 43.4
      vertex 56.3 1.6 43.4
    endloop
  endfacet
  facet normal 0 0 -1
    outer loop
      vertex 114.866 33.4588 43.4
      vertex 114.815 33.6 43.4
      vertex 114.824 33.5827 43.4
    endloop
  endfacet
  facet normal 0 0 -1
    outer loop
      vertex 56.3 33.6 43.4
      vertex 113.3 32.6 43.4
      vertex 56.3 32.6 43.4
    endloop
  endfacet
  facet normal 0 0 -1
    outer loop
      vertex 113.3 32.6 43.4
      vertex 56.3 33.6 43.4
      vertex 114.815 33.6 43.4
    endloop
  endfacet
  facet normal -0 0 1
    outer loop
      vertex 56.3 1.6 40.2
      vertex 107.6 0.599999 40.2
      vertex 107.6 1.6 40.2
    endloop
  endfacet
  facet normal 0 0 1
    outer loop
      vertex 107.6 0.599999 40.2
      vertex 56.3 1.6 40.2
      vertex 56.3 0.599999 40.2
    endloop
  endfacet
  facet normal -0 0 1
    outer loop
      vertex 108.2 33.6 40.2
      vertex 113.3 32.6 40.2
      vertex 114.815 33.6 40.2
    endloop
  endfacet
  facet normal 0 0 1
    outer loop
      vertex 113.3 32.6 40.2
      vertex 108.2 33.6 40.2
      vertex 108.2 32.6 40.2
    endloop
  endfacet
  facet normal 0 0 1
    outer loop
      vertex 113.3 32.6 40.2
      vertex 114.9 33.2 40.2
      vertex 114.891 33.3305 40.2
    endloop
  endfacet
  facet normal 0 0 1
    outer loop
      vertex 114.9 33.2 40.2
      vertex 113.3 32.6 40.2
      vertex 114.9 1 40.2
    endloop
  endfacet
  facet normal 0 0 1
    outer loop
      vertex 113.3 32.6 40.2
      vertex 114.891 33.3305 40.2
      vertex 114.866 33.4588 40.2
    endloop
  endfacet
  facet normal -0 0 1
    outer loop
      vertex 113.3 1.6 40.2
      vertex 114.9 1 40.2
      vertex 113.3 32.6 40.2
    endloop
  endfacet
  facet normal 0 0 1
    outer loop
      vertex 114.815 33.6 40.2
      vertex 114.866 33.4588 40.2
      vertex 114.824 33.5827 40.2
    endloop
  endfacet
  facet normal 0 0 1
    outer loop
      vertex 114.9 1 40.2
      vertex 113.3 1.6 40.2
      vertex 114.891 0.869476 40.2
    endloop
  endfacet
  facet normal 0 -0 1
    outer loop
      vertex 114.815 0.599999 40.2
      vertex 114.866 0.74118 40.2
      vertex 113.3 1.6 40.2
    endloop
  endfacet
  facet normal 0 0 1
    outer loop
      vertex 114.866 33.4588 40.2
      vertex 114.815 33.6 40.2
      vertex 113.3 32.6 40.2
    endloop
  endfacet
  facet normal 0 0 1
    outer loop
      vertex 114.891 0.869476 40.2
      vertex 113.3 1.6 40.2
      vertex 114.866 0.74118 40.2
    endloop
  endfacet
  facet normal 0 0 1
    outer loop
      vertex 114.866 0.74118 40.2
      vertex 114.815 0.599999 40.2
      vertex 114.824 0.61731 40.2
    endloop
  endfacet
  facet normal 0 0 1
    outer loop
      vertex 108.2 0.599999 40.2
      vertex 113.3 1.6 40.2
      vertex 108.2 1.6 40.2
    endloop
  endfacet
  facet normal 0 0 1
    outer loop
      vertex 113.3 1.6 40.2
      vertex 108.2 0.599999 40.2
      vertex 114.815 0.599999 40.2
    endloop
  endfacet
  facet normal -0 0 1
    outer loop
      vertex 56.3 33.6 40.2
      vertex 107.6 32.6 40.2
      vertex 107.6 33.6 40.2
    endloop
  endfacet
  facet normal 0 0 1
    outer loop
      vertex 107.6 32.6 40.2
      vertex 56.3 33.6 40.2
      vertex 56.3 32.6 40.2
    endloop
  endfacet
  facet normal 0 -0.95448 0.298276
    outer loop
      vertex 54.7 20.4 5.72205e-07
      vertex 114.9 21.9 4.79999
      vertex 54.7 21.9 4.79999
    endloop
  endfacet
  facet normal 0 -0.95448 0.298276
    outer loop
      vertex 114.9 21.9 4.79999
      vertex 54.7 20.4 5.72205e-07
      vertex 114.9 20.4 5.72205e-07
    endloop
  endfacet
  facet normal 0 0 -1
    outer loop
      vertex 54.7 12.3 4.79999
      vertex 114.9 21.9 4.79999
      vertex 114.9 12.3 4.79999
    endloop
  endfacet
  facet normal -0 0 -1
    outer loop
      vertex 114.9 21.9 4.79999
      vertex 54.7 12.3 4.79999
      vertex 54.7 21.9 4.79999
    endloop
  endfacet
  facet normal 0 0.95448 0.298276
    outer loop
      vertex 114.9 13.8 5.72205e-07
      vertex 54.7 12.3 4.79999
      vertex 114.9 12.3 4.79999
    endloop
  endfacet
  facet normal 0 0.95448 0.298276
    outer loop
      vertex 54.7 12.3 4.79999
      vertex 114.9 13.8 5.72205e-07
      vertex 54.7 13.8 5.72205e-07
    endloop
  endfacet
  facet normal -0.923889 0.382661 0
    outer loop
      vertex 39.2696 57.8671 0.599999
      vertex 40.1403 59.9693 3.2
      vertex 40.1403 59.9693 0.599999
    endloop
  endfacet
  facet normal -0.923889 0.382661 0
    outer loop
      vertex 40.1403 59.9693 3.2
      vertex 39.2696 57.8671 0.599999
      vertex 39.2696 57.8671 3.2
    endloop
  endfacet
  facet normal -0.852627 -0.52252 0
    outer loop
      vertex 39.2696 71.0329 0.599999
      vertex 38.0807 72.9729 3.2
      vertex 38.0807 72.9729 0.599999
    endloop
  endfacet
  facet normal -0.852627 -0.52252 0
    outer loop
      vertex 38.0807 72.9729 3.2
      vertex 39.2696 71.0329 0.599999
      vertex 39.2696 71.0329 3.2
    endloop
  endfacet
  facet normal 0.233466 0.972365 -0
    outer loop
      vertex 24.0817 50.1285 0.599999
      vertex 21.8693 50.6597 3.2
      vertex 24.0817 50.1285 3.2
    endloop
  endfacet
  facet normal 0.233466 0.972365 0
    outer loop
      vertex 21.8693 50.6597 3.2
      vertex 24.0817 50.1285 0.599999
      vertex 21.8693 50.6597 0.599999
    endloop
  endfacet
  facet normal -0.649462 -0.760394 0
    outer loop
      vertex 34.8729 76.1807 0.599999
      vertex 36.603 74.703 3.2
      vertex 34.8729 76.1807 3.2
    endloop
  endfacet
  facet normal -0.649462 -0.760394 -0
    outer loop
      vertex 36.603 74.703 3.2
      vertex 34.8729 76.1807 0.599999
      vertex 36.603 74.703 0.599999
    endloop
  endfacet
  facet normal -0.972365 -0.233466 0
    outer loop
      vertex 40.6715 66.7183 0.599999
      vertex 40.1403 68.9307 3.2
      vertex 40.1403 68.9307 0.599999
    endloop
  endfacet
  facet normal -0.972365 -0.233466 0
    outer loop
      vertex 40.1403 68.9307 3.2
      vertex 40.6715 66.7183 0.599999
      vertex 40.6715 66.7183 3.2
    endloop
  endfacet
  facet normal -0.972365 0.233466 0
    outer loop
      vertex 40.1403 59.9693 0.599999
      vertex 40.6715 62.1817 3.2
      vertex 40.6715 62.1817 0.599999
    endloop
  endfacet
  facet normal -0.972365 0.233466 0
    outer loop
      vertex 40.6715 62.1817 3.2
      vertex 40.1403 59.9693 0.599999
      vertex 40.1403 59.9693 3.2
    endloop
  endfacet
  facet normal -0.0784508 0.996918 0
    outer loop
      vertex 28.6183 50.1285 0.599999
      vertex 26.35 49.95 3.2
      vertex 28.6183 50.1285 3.2
    endloop
  endfacet
  facet normal -0.0784508 0.996918 0
    outer loop
      vertex 26.35 49.95 3.2
      vertex 28.6183 50.1285 0.599999
      vertex 26.35 49.95 0.599999
    endloop
  endfacet
  facet normal -0.996918 -0.0784508 0
    outer loop
      vertex 40.85 64.45 0.599999
      vertex 40.6715 66.7183 3.2
      vertex 40.6715 66.7183 0.599999
    endloop
  endfacet
  facet normal -0.996918 -0.0784508 0
    outer loop
      vertex 40.6715 66.7183 3.2
      vertex 40.85 64.45 0.599999
      vertex 40.85 64.45 3.2
    endloop
  endfacet
  facet normal 0.972365 -0.233466 0
    outer loop
      vertex 12.0285 66.7183 3.2
      vertex 12.5597 68.9307 0.599999
      vertex 12.5597 68.9307 3.2
    endloop
  endfacet
  facet normal 0.972365 -0.233466 0
    outer loop
      vertex 12.5597 68.9307 0.599999
      vertex 12.0285 66.7183 3.2
      vertex 12.0285 66.7183 0.599999
    endloop
  endfacet
  facet normal -0.852627 0.52252 0
    outer loop
      vertex 38.0807 55.9271 0.599999
      vertex 39.2696 57.8671 3.2
      vertex 39.2696 57.8671 0.599999
    endloop
  endfacet
  facet normal -0.852627 0.52252 0
    outer loop
      vertex 39.2696 57.8671 3.2
      vertex 38.0807 55.9271 0.599999
      vertex 38.0807 55.9271 3.2
    endloop
  endfacet
  facet normal 0.972365 0.233466 0
    outer loop
      vertex 12.5597 59.9693 3.2
      vertex 12.0285 62.1817 0.599999
      vertex 12.0285 62.1817 3.2
    endloop
  endfacet
  facet normal 0.972365 0.233466 0
    outer loop
      vertex 12.0285 62.1817 0.599999
      vertex 12.5597 59.9693 3.2
      vertex 12.5597 59.9693 0.599999
    endloop
  endfacet
  facet normal -0.52252 0.852627 0
    outer loop
      vertex 34.8729 52.7193 0.599999
      vertex 32.9329 51.5304 3.2
      vertex 34.8729 52.7193 3.2
    endloop
  endfacet
  facet normal -0.52252 0.852627 0
    outer loop
      vertex 32.9329 51.5304 3.2
      vertex 34.8729 52.7193 0.599999
      vertex 32.9329 51.5304 0.599999
    endloop
  endfacet
  facet normal -0.923889 -0.382661 0
    outer loop
      vertex 40.1403 68.9307 0.599999
      vertex 39.2696 71.0329 3.2
      vertex 39.2696 71.0329 0.599999
    endloop
  endfacet
  facet normal -0.923889 -0.382661 0
    outer loop
      vertex 39.2696 71.0329 3.2
      vertex 40.1403 68.9307 0.599999
      vertex 40.1403 68.9307 3.2
    endloop
  endfacet
  facet normal 0.996918 0.0784508 0
    outer loop
      vertex 12.0285 62.1817 3.2
      vertex 11.85 64.45 0.599999
      vertex 11.85 64.45 3.2
    endloop
  endfacet
  facet normal 0.996918 0.0784508 0
    outer loop
      vertex 11.85 64.45 0.599999
      vertex 12.0285 62.1817 3.2
      vertex 12.0285 62.1817 0.599999
    endloop
  endfacet
  facet normal -0.0784508 -0.996918 0
    outer loop
      vertex 26.35 78.95 0.599999
      vertex 28.6183 78.7715 3.2
      vertex 26.35 78.95 3.2
    endloop
  endfacet
  facet normal -0.0784508 -0.996918 -0
    outer loop
      vertex 28.6183 78.7715 3.2
      vertex 26.35 78.95 0.599999
      vertex 28.6183 78.7715 0.599999
    endloop
  endfacet
  facet normal -0.382661 -0.923889 0
    outer loop
      vertex 30.8307 78.2403 0.599999
      vertex 32.9329 77.3696 3.2
      vertex 30.8307 78.2403 3.2
    endloop
  endfacet
  facet normal -0.382661 -0.923889 -0
    outer loop
      vertex 32.9329 77.3696 3.2
      vertex 30.8307 78.2403 0.599999
      vertex 32.9329 77.3696 0.599999
    endloop
  endfacet
  facet normal -0.52252 -0.852627 0
    outer loop
      vertex 32.9329 77.3696 0.599999
      vertex 34.8729 76.1807 3.2
      vertex 32.9329 77.3696 3.2
    endloop
  endfacet
  facet normal -0.52252 -0.852627 -0
    outer loop
      vertex 34.8729 76.1807 3.2
      vertex 32.9329 77.3696 0.599999
      vertex 34.8729 76.1807 0.599999
    endloop
  endfacet
  facet normal 0.923889 -0.382661 0
    outer loop
      vertex 12.5597 68.9307 3.2
      vertex 13.4304 71.0329 0.599999
      vertex 13.4304 71.0329 3.2
    endloop
  endfacet
  facet normal 0.923889 -0.382661 0
    outer loop
      vertex 13.4304 71.0329 0.599999
      vertex 12.5597 68.9307 3.2
      vertex 12.5597 68.9307 0.599999
    endloop
  endfacet
  facet normal 0.0784508 -0.996918 0
    outer loop
      vertex 24.0817 78.7715 0.599999
      vertex 26.35 78.95 3.2
      vertex 24.0817 78.7715 3.2
    endloop
  endfacet
  facet normal 0.0784508 -0.996918 0
    outer loop
      vertex 26.35 78.95 3.2
      vertex 24.0817 78.7715 0.599999
      vertex 26.35 78.95 0.599999
    endloop
  endfacet
  facet normal 0.852627 0.52252 0
    outer loop
      vertex 14.6193 55.9271 3.2
      vertex 13.4304 57.8671 0.599999
      vertex 13.4304 57.8671 3.2
    endloop
  endfacet
  facet normal 0.852627 0.52252 0
    outer loop
      vertex 13.4304 57.8671 0.599999
      vertex 14.6193 55.9271 3.2
      vertex 14.6193 55.9271 0.599999
    endloop
  endfacet
  facet normal -0.760394 -0.649462 0
    outer loop
      vertex 38.0807 72.9729 0.599999
      vertex 36.603 74.703 3.2
      vertex 36.603 74.703 0.599999
    endloop
  endfacet
  facet normal -0.760394 -0.649462 0
    outer loop
      vertex 36.603 74.703 3.2
      vertex 38.0807 72.9729 0.599999
      vertex 38.0807 72.9729 3.2
    endloop
  endfacet
  facet normal 0.852627 -0.52252 0
    outer loop
      vertex 13.4304 71.0329 3.2
      vertex 14.6193 72.9729 0.599999
      vertex 14.6193 72.9729 3.2
    endloop
  endfacet
  facet normal 0.852627 -0.52252 0
    outer loop
      vertex 14.6193 72.9729 0.599999
      vertex 13.4304 71.0329 3.2
      vertex 13.4304 71.0329 0.599999
    endloop
  endfacet
  facet normal 0.382661 -0.923889 0
    outer loop
      vertex 19.7671 77.3696 0.599999
      vertex 21.8693 78.2403 3.2
      vertex 19.7671 77.3696 3.2
    endloop
  endfacet
  facet normal 0.382661 -0.923889 0
    outer loop
      vertex 21.8693 78.2403 3.2
      vertex 19.7671 77.3696 0.599999
      vertex 21.8693 78.2403 0.599999
    endloop
  endfacet
  facet normal 0.233466 -0.972365 0
    outer loop
      vertex 21.8693 78.2403 0.599999
      vertex 24.0817 78.7715 3.2
      vertex 21.8693 78.2403 3.2
    endloop
  endfacet
  facet normal 0.233466 -0.972365 0
    outer loop
      vertex 24.0817 78.7715 3.2
      vertex 21.8693 78.2403 0.599999
      vertex 24.0817 78.7715 0.599999
    endloop
  endfacet
  facet normal -0.760394 0.649462 0
    outer loop
      vertex 36.603 54.197 0.599999
      vertex 38.0807 55.9271 3.2
      vertex 38.0807 55.9271 0.599999
    endloop
  endfacet
  facet normal -0.760394 0.649462 0
    outer loop
      vertex 38.0807 55.9271 3.2
      vertex 36.603 54.197 0.599999
      vertex 36.603 54.197 3.2
    endloop
  endfacet
  facet normal 0.0784508 0.996918 -0
    outer loop
      vertex 26.35 49.95 0.599999
      vertex 24.0817 50.1285 3.2
      vertex 26.35 49.95 3.2
    endloop
  endfacet
  facet normal 0.0784508 0.996918 0
    outer loop
      vertex 24.0817 50.1285 3.2
      vertex 26.35 49.95 0.599999
      vertex 24.0817 50.1285 0.599999
    endloop
  endfacet
  facet normal -0.996918 0.0784508 0
    outer loop
      vertex 40.6715 62.1817 0.599999
      vertex 40.85 64.45 3.2
      vertex 40.85 64.45 0.599999
    endloop
  endfacet
  facet normal -0.996918 0.0784508 0
    outer loop
      vertex 40.85 64.45 3.2
      vertex 40.6715 62.1817 0.599999
      vertex 40.6715 62.1817 3.2
    endloop
  endfacet
  facet normal 0.52252 0.852627 -0
    outer loop
      vertex 19.7671 51.5304 0.599999
      vertex 17.8271 52.7193 3.2
      vertex 19.7671 51.5304 3.2
    endloop
  endfacet
  facet normal 0.52252 0.852627 0
    outer loop
      vertex 17.8271 52.7193 3.2
      vertex 19.7671 51.5304 0.599999
      vertex 17.8271 52.7193 0.599999
    endloop
  endfacet
  facet normal -0.233466 0.972365 0
    outer loop
      vertex 30.8307 50.6597 0.599999
      vertex 28.6183 50.1285 3.2
      vertex 30.8307 50.6597 3.2
    endloop
  endfacet
  facet normal -0.233466 0.972365 0
    outer loop
      vertex 28.6183 50.1285 3.2
      vertex 30.8307 50.6597 0.599999
      vertex 28.6183 50.1285 0.599999
    endloop
  endfacet
  facet normal 0.923889 0.382661 0
    outer loop
      vertex 13.4304 57.8671 3.2
      vertex 12.5597 59.9693 0.599999
      vertex 12.5597 59.9693 3.2
    endloop
  endfacet
  facet normal 0.923889 0.382661 0
    outer loop
      vertex 12.5597 59.9693 0.599999
      vertex 13.4304 57.8671 3.2
      vertex 13.4304 57.8671 0.599999
    endloop
  endfacet
  facet normal -0.649462 0.760394 0
    outer loop
      vertex 36.603 54.197 0.599999
      vertex 34.8729 52.7193 3.2
      vertex 36.603 54.197 3.2
    endloop
  endfacet
  facet normal -0.649462 0.760394 0
    outer loop
      vertex 34.8729 52.7193 3.2
      vertex 36.603 54.197 0.599999
      vertex 34.8729 52.7193 0.599999
    endloop
  endfacet
  facet normal 0.760394 0.649462 0
    outer loop
      vertex 16.097 54.197 3.2
      vertex 14.6193 55.9271 0.599999
      vertex 14.6193 55.9271 3.2
    endloop
  endfacet
  facet normal 0.760394 0.649462 0
    outer loop
      vertex 14.6193 55.9271 0.599999
      vertex 16.097 54.197 3.2
      vertex 16.097 54.197 0.599999
    endloop
  endfacet
  facet normal 0.996918 -0.0784508 0
    outer loop
      vertex 11.85 64.45 3.2
      vertex 12.0285 66.7183 0.599999
      vertex 12.0285 66.7183 3.2
    endloop
  endfacet
  facet normal 0.996918 -0.0784508 0
    outer loop
      vertex 12.0285 66.7183 0.599999
      vertex 11.85 64.45 3.2
      vertex 11.85 64.45 0.599999
    endloop
  endfacet
  facet normal 0.52252 -0.852627 0
    outer loop
      vertex 17.8271 76.1807 0.599999
      vertex 19.7671 77.3696 3.2
      vertex 17.8271 76.1807 3.2
    endloop
  endfacet
  facet normal 0.52252 -0.852627 0
    outer loop
      vertex 19.7671 77.3696 3.2
      vertex 17.8271 76.1807 0.599999
      vertex 19.7671 77.3696 0.599999
    endloop
  endfacet
  facet normal 0.382661 0.923889 -0
    outer loop
      vertex 21.8693 50.6597 0.599999
      vertex 19.7671 51.5304 3.2
      vertex 21.8693 50.6597 3.2
    endloop
  endfacet
  facet normal 0.382661 0.923889 0
    outer loop
      vertex 19.7671 51.5304 3.2
      vertex 21.8693 50.6597 0.599999
      vertex 19.7671 51.5304 0.599999
    endloop
  endfacet
  facet normal 0.649462 0.760394 -0
    outer loop
      vertex 17.8271 52.7193 0.599999
      vertex 16.097 54.197 3.2
      vertex 17.8271 52.7193 3.2
    endloop
  endfacet
  facet normal 0.649462 0.760394 0
    outer loop
      vertex 16.097 54.197 3.2
      vertex 17.8271 52.7193 0.599999
      vertex 16.097 54.197 0.599999
    endloop
  endfacet
  facet normal 0 0 1
    outer loop
      vertex 27.45 64.45 0.599999
      vertex 40.85 64.45 0.599999
      vertex 40.6715 66.7183 0.599999
    endloop
  endfacet
  facet normal 0 0 1
    outer loop
      vertex 27.4125 64.7347 0.599999
      vertex 40.6715 66.7183 0.599999
      vertex 40.1403 68.9307 0.599999
    endloop
  endfacet
  facet normal 0 0 1
    outer loop
      vertex 40.85 64.45 0.599999
      vertex 27.45 64.45 0.599999
      vertex 40.6715 62.1817 0.599999
    endloop
  endfacet
  facet normal 0 0 1
    outer loop
      vertex 27.4125 64.7347 0.599999
      vertex 40.1403 68.9307 0.599999
      vertex 39.2696 71.0329 0.599999
    endloop
  endfacet
  facet normal -0 0 1
    outer loop
      vertex 27.4125 64.1653 0.599999
      vertex 40.6715 62.1817 0.599999
      vertex 27.45 64.45 0.599999
    endloop
  endfacet
  facet normal 0 0 1
    outer loop
      vertex 27.3026 65 0.599999
      vertex 39.2696 71.0329 0.599999
      vertex 38.0807 72.9729 0.599999
    endloop
  endfacet
  facet normal 0 0 1
    outer loop
      vertex 40.6715 62.1817 0.599999
      vertex 27.4125 64.1653 0.599999
      vertex 40.1403 59.9693 0.599999
    endloop
  endfacet
  facet normal 0 0 1
    outer loop
      vertex 27.1278 65.2278 0.599999
      vertex 38.0807 72.9729 0.599999
      vertex 36.603 74.703 0.599999
    endloop
  endfacet
  facet normal 0 0 1
    outer loop
      vertex 40.1403 59.9693 0.599999
      vertex 27.4125 64.1653 0.599999
      vertex 39.2696 57.8671 0.599999
    endloop
  endfacet
  facet normal 0 0 1
    outer loop
      vertex 27.1278 65.2278 0.599999
      vertex 36.603 74.703 0.599999
      vertex 34.8729 76.1807 0.599999
    endloop
  endfacet
  facet normal -0 0 1
    outer loop
      vertex 27.3026 63.9 0.599999
      vertex 39.2696 57.8671 0.599999
      vertex 27.4125 64.1653 0.599999
    endloop
  endfacet
  facet normal 0 0 1
    outer loop
      vertex 26.9 65.4026 0.599999
      vertex 34.8729 76.1807 0.599999
      vertex 32.9329 77.3696 0.599999
    endloop
  endfacet
  facet normal 0 0 1
    outer loop
      vertex 39.2696 57.8671 0.599999
      vertex 27.3026 63.9 0.599999
      vertex 38.0807 55.9271 0.599999
    endloop
  endfacet
  facet normal 0 0 1
    outer loop
      vertex 26.9 65.4026 0.599999
      vertex 32.9329 77.3696 0.599999
      vertex 30.8307 78.2403 0.599999
    endloop
  endfacet
  facet normal -0 0 1
    outer loop
      vertex 27.1278 63.6722 0.599999
      vertex 38.0807 55.9271 0.599999
      vertex 27.3026 63.9 0.599999
    endloop
  endfacet
  facet normal 0 0 1
    outer loop
      vertex 26.6347 65.5125 0.599999
      vertex 30.8307 78.2403 0.599999
      vertex 28.6183 78.7715 0.599999
    endloop
  endfacet
  facet normal 0 0 1
    outer loop
      vertex 38.0807 55.9271 0.599999
      vertex 27.1278 63.6722 0.599999
      vertex 36.603 54.197 0.599999
    endloop
  endfacet
  facet normal 0 0 1
    outer loop
      vertex 36.603 54.197 0.599999
      vertex 27.1278 63.6722 0.599999
      vertex 34.8729 52.7193 0.599999
    endloop
  endfacet
  facet normal 0 0 1
    outer loop
      vertex 40.6715 66.7183 0.599999
      vertex 27.4125 64.7347 0.599999
      vertex 27.45 64.45 0.599999
    endloop
  endfacet
  facet normal 0 0 1
    outer loop
      vertex 39.2696 71.0329 0.599999
      vertex 27.3026 65 0.599999
      vertex 27.4125 64.7347 0.599999
    endloop
  endfacet
  facet normal 0 0 1
    outer loop
      vertex 38.0807 72.9729 0.599999
      vertex 27.1278 65.2278 0.599999
      vertex 27.3026 65 0.599999
    endloop
  endfacet
  facet normal 0 0 1
    outer loop
      vertex 34.8729 76.1807 0.599999
      vertex 26.9 65.4026 0.599999
      vertex 27.1278 65.2278 0.599999
    endloop
  endfacet
  facet normal 0 0 1
    outer loop
      vertex 30.8307 78.2403 0.599999
      vertex 26.6347 65.5125 0.599999
      vertex 26.9 65.4026 0.599999
    endloop
  endfacet
  facet normal 0 0 1
    outer loop
      vertex 26.35 65.55 0.599999
      vertex 28.6183 78.7715 0.599999
      vertex 26.35 78.95 0.599999
    endloop
  endfacet
  facet normal 0 0 1
    outer loop
      vertex 28.6183 78.7715 0.599999
      vertex 26.35 65.55 0.599999
      vertex 26.6347 65.5125 0.599999
    endloop
  endfacet
  facet normal -0 0 1
    outer loop
      vertex 24.0817 78.7715 0.599999
      vertex 26.35 65.55 0.599999
      vertex 26.35 78.95 0.599999
    endloop
  endfacet
  facet normal 0 0 1
    outer loop
      vertex 26.35 65.55 0.599999
      vertex 24.0817 78.7715 0.599999
      vertex 26.0653 65.5125 0.599999
    endloop
  endfacet
  facet normal -0 0 1
    outer loop
      vertex 21.8693 78.2403 0.599999
      vertex 26.0653 65.5125 0.599999
      vertex 24.0817 78.7715 0.599999
    endloop
  endfacet
  facet normal 0 0 1
    outer loop
      vertex 26.0653 65.5125 0.599999
      vertex 21.8693 78.2403 0.599999
      vertex 25.8 65.4026 0.599999
    endloop
  endfacet
  facet normal -0 0 1
    outer loop
      vertex 19.7671 77.3696 0.599999
      vertex 25.8 65.4026 0.599999
      vertex 21.8693 78.2403 0.599999
    endloop
  endfacet
  facet normal -0 0 1
    outer loop
      vertex 17.8271 76.1807 0.599999
      vertex 25.8 65.4026 0.599999
      vertex 19.7671 77.3696 0.599999
    endloop
  endfacet
  facet normal 0 0 1
    outer loop
      vertex 25.8 65.4026 0.599999
      vertex 17.8271 76.1807 0.599999
      vertex 25.5722 65.2278 0.599999
    endloop
  endfacet
  facet normal -0 0 1
    outer loop
      vertex 26.9 63.4974 0.599999
      vertex 34.8729 52.7193 0.599999
      vertex 27.1278 63.6722 0.599999
    endloop
  endfacet
  facet normal 0 0 1
    outer loop
      vertex 34.8729 52.7193 0.599999
      vertex 26.9 63.4974 0.599999
      vertex 32.9329 51.5304 0.599999
    endloop
  endfacet
  facet normal 0 0 1
    outer loop
      vertex 32.9329 51.5304 0.599999
      vertex 26.9 63.4974 0.599999
      vertex 30.8307 50.6597 0.599999
    endloop
  endfacet
  facet normal -0 0 1
    outer loop
      vertex 26.6347 63.3875 0.599999
      vertex 30.8307 50.6597 0.599999
      vertex 26.9 63.4974 0.599999
    endloop
  endfacet
  facet normal 0 0 1
    outer loop
      vertex 30.8307 50.6597 0.599999
      vertex 26.6347 63.3875 0.599999
      vertex 28.6183 50.1285 0.599999
    endloop
  endfacet
  facet normal -0 0 1
    outer loop
      vertex 26.35 63.35 0.599999
      vertex 28.6183 50.1285 0.599999
      vertex 26.6347 63.3875 0.599999
    endloop
  endfacet
  facet normal 0 0 1
    outer loop
      vertex 26.35 63.35 0.599999
      vertex 26.35 49.95 0.599999
      vertex 28.6183 50.1285 0.599999
    endloop
  endfacet
  facet normal 0 0 1
    outer loop
      vertex 24.0817 50.1285 0.599999
      vertex 26.35 63.35 0.599999
      vertex 26.0653 63.3875 0.599999
    endloop
  endfacet
  facet normal 0 0 1
    outer loop
      vertex 21.8693 50.6597 0.599999
      vertex 26.0653 63.3875 0.599999
      vertex 25.8 63.4974 0.599999
    endloop
  endfacet
  facet normal 0 0 1
    outer loop
      vertex 17.8271 52.7193 0.599999
      vertex 25.8 63.4974 0.599999
      vertex 25.5722 63.6722 0.599999
    endloop
  endfacet
  facet normal 0 0 1
    outer loop
      vertex 14.6193 55.9271 0.599999
      vertex 25.5722 63.6722 0.599999
      vertex 25.3974 63.9 0.599999
    endloop
  endfacet
  facet normal 0 0 1
    outer loop
      vertex 13.4304 57.8671 0.599999
      vertex 25.3974 63.9 0.599999
      vertex 25.2875 64.1653 0.599999
    endloop
  endfacet
  facet normal 0 0 1
    outer loop
      vertex 12.0285 62.1817 0.599999
      vertex 25.2875 64.1653 0.599999
      vertex 25.25 64.45 0.599999
    endloop
  endfacet
  facet normal -0 0 1
    outer loop
      vertex 16.097 74.703 0.599999
      vertex 25.5722 65.2278 0.599999
      vertex 17.8271 76.1807 0.599999
    endloop
  endfacet
  facet normal 0 0 1
    outer loop
      vertex 26.35 63.35 0.599999
      vertex 24.0817 50.1285 0.599999
      vertex 26.35 49.95 0.599999
    endloop
  endfacet
  facet normal -0 0 1
    outer loop
      vertex 14.6193 72.9729 0.599999
      vertex 25.5722 65.2278 0.599999
      vertex 16.097 74.703 0.599999
    endloop
  endfacet
  facet normal 0 0 1
    outer loop
      vertex 26.0653 63.3875 0.599999
      vertex 21.8693 50.6597 0.599999
      vertex 24.0817 50.1285 0.599999
    endloop
  endfacet
  facet normal 0 0 1
    outer loop
      vertex 25.5722 65.2278 0.599999
      vertex 14.6193 72.9729 0.599999
      vertex 25.3974 65 0.599999
    endloop
  endfacet
  facet normal 0 0 1
    outer loop
      vertex 25.8 63.4974 0.599999
      vertex 19.7671 51.5304 0.599999
      vertex 21.8693 50.6597 0.599999
    endloop
  endfacet
  facet normal -0 0 1
    outer loop
      vertex 13.4304 71.0329 0.599999
      vertex 25.3974 65 0.599999
      vertex 14.6193 72.9729 0.599999
    endloop
  endfacet
  facet normal 0 0 1
    outer loop
      vertex 25.8 63.4974 0.599999
      vertex 17.8271 52.7193 0.599999
      vertex 19.7671 51.5304 0.599999
    endloop
  endfacet
  facet normal 0 0 1
    outer loop
      vertex 25.3974 65 0.599999
      vertex 13.4304 71.0329 0.599999
      vertex 25.2875 64.7347 0.599999
    endloop
  endfacet
  facet normal 0 0 1
    outer loop
      vertex 25.5722 63.6722 0.599999
      vertex 16.097 54.197 0.599999
      vertex 17.8271 52.7193 0.599999
    endloop
  endfacet
  facet normal -0 0 1
    outer loop
      vertex 12.5597 68.9307 0.599999
      vertex 25.2875 64.7347 0.599999
      vertex 13.4304 71.0329 0.599999
    endloop
  endfacet
  facet normal 0 0 1
    outer loop
      vertex 25.5722 63.6722 0.599999
      vertex 14.6193 55.9271 0.599999
      vertex 16.097 54.197 0.599999
    endloop
  endfacet
  facet normal -0 0 1
    outer loop
      vertex 12.0285 66.7183 0.599999
      vertex 25.2875 64.7347 0.599999
      vertex 12.5597 68.9307 0.599999
    endloop
  endfacet
  facet normal 0 0 1
    outer loop
      vertex 25.3974 63.9 0.599999
      vertex 13.4304 57.8671 0.599999
      vertex 14.6193 55.9271 0.599999
    endloop
  endfacet
  facet normal 0 0 1
    outer loop
      vertex 25.2875 64.7347 0.599999
      vertex 12.0285 66.7183 0.599999
      vertex 25.25 64.45 0.599999
    endloop
  endfacet
  facet normal 0 0 1
    outer loop
      vertex 25.2875 64.1653 0.599999
      vertex 12.5597 59.9693 0.599999
      vertex 13.4304 57.8671 0.599999
    endloop
  endfacet
  facet normal 0 0 1
    outer loop
      vertex 11.85 64.45 0.599999
      vertex 25.25 64.45 0.599999
      vertex 12.0285 66.7183 0.599999
    endloop
  endfacet
  facet normal 0 0 1
    outer loop
      vertex 25.2875 64.1653 0.599999
      vertex 12.0285 62.1817 0.599999
      vertex 12.5597 59.9693 0.599999
    endloop
  endfacet
  facet normal 0 0 1
    outer loop
      vertex 25.25 64.45 0.599999
      vertex 11.85 64.45 0.599999
      vertex 12.0285 62.1817 0.599999
    endloop
  endfacet
  facet normal -0.382661 0.923889 0
    outer loop
      vertex 32.9329 51.5304 0.599999
      vertex 30.8307 50.6597 3.2
      vertex 32.9329 51.5304 3.2
    endloop
  endfacet
  facet normal -0.382661 0.923889 0
    outer loop
      vertex 30.8307 50.6597 3.2
      vertex 32.9329 51.5304 0.599999
      vertex 30.8307 50.6597 0.599999
    endloop
  endfacet
  facet normal 0.649462 -0.760394 0
    outer loop
      vertex 16.097 74.703 0.599999
      vertex 17.8271 76.1807 3.2
      vertex 16.097 74.703 3.2
    endloop
  endfacet
  facet normal 0.649462 -0.760394 0
    outer loop
      vertex 17.8271 76.1807 3.2
      vertex 16.097 74.703 0.599999
      vertex 17.8271 76.1807 0.599999
    endloop
  endfacet
  facet normal 0.760394 -0.649462 0
    outer loop
      vertex 14.6193 72.9729 3.2
      vertex 16.097 74.703 0.599999
      vertex 16.097 74.703 3.2
    endloop
  endfacet
  facet normal 0.760394 -0.649462 0
    outer loop
      vertex 16.097 74.703 0.599999
      vertex 14.6193 72.9729 3.2
      vertex 14.6193 72.9729 0.599999
    endloop
  endfacet
  facet normal -0.233466 -0.972365 0
    outer loop
      vertex 28.6183 78.7715 0.599999
      vertex 30.8307 78.2403 3.2
      vertex 28.6183 78.7715 3.2
    endloop
  endfacet
  facet normal -0.233466 -0.972365 -0
    outer loop
      vertex 30.8307 78.2403 3.2
      vertex 28.6183 78.7715 0.599999
      vertex 30.8307 78.2403 0.599999
    endloop
  endfacet
  facet normal 0.608768 0.793348 -0
    outer loop
      vertex 25.8 63.4974 0
      vertex 25.5722 63.6722 0.599999
      vertex 25.8 63.4974 0.599999
    endloop
  endfacet
  facet normal 0.608768 0.793348 0
    outer loop
      vertex 25.5722 63.6722 0.599999
      vertex 25.8 63.4974 0
      vertex 25.5722 63.6722 0
    endloop
  endfacet
  facet normal -0.923868 -0.382711 0
    outer loop
      vertex 27.4125 64.7347 0
      vertex 27.3026 65 0.599999
      vertex 27.3026 65 0
    endloop
  endfacet
  facet normal -0.923868 -0.382711 0
    outer loop
      vertex 27.3026 65 0.599999
      vertex 27.4125 64.7347 0
      vertex 27.4125 64.7347 0.599999
    endloop
  endfacet
  facet normal -0.991437 -0.13059 0
    outer loop
      vertex 27.45 64.45 0
      vertex 27.4125 64.7347 0.599999
      vertex 27.4125 64.7347 0
    endloop
  endfacet
  facet normal -0.991437 -0.13059 0
    outer loop
      vertex 27.4125 64.7347 0.599999
      vertex 27.45 64.45 0
      vertex 27.45 64.45 0.599999
    endloop
  endfacet
  facet normal -0.793348 -0.608768 0
    outer loop
      vertex 27.3026 65 0
      vertex 27.1278 65.2278 0.599999
      vertex 27.1278 65.2278 0
    endloop
  endfacet
  facet normal -0.793348 -0.608768 0
    outer loop
      vertex 27.1278 65.2278 0.599999
      vertex 27.3026 65 0
      vertex 27.3026 65 0.599999
    endloop
  endfacet
  facet normal -0.608768 -0.793348 0
    outer loop
      vertex 26.9 65.4026 0
      vertex 27.1278 65.2278 0.599999
      vertex 26.9 65.4026 0.599999
    endloop
  endfacet
  facet normal -0.608768 -0.793348 -0
    outer loop
      vertex 27.1278 65.2278 0.599999
      vertex 26.9 65.4026 0
      vertex 27.1278 65.2278 0
    endloop
  endfacet
  facet normal -0.991437 0.13059 0
    outer loop
      vertex 27.4125 64.1653 0
      vertex 27.45 64.45 0.599999
      vertex 27.45 64.45 0
    endloop
  endfacet
  facet normal -0.991437 0.13059 0
    outer loop
      vertex 27.45 64.45 0.599999
      vertex 27.4125 64.1653 0
      vertex 27.4125 64.1653 0.599999
    endloop
  endfacet
  facet normal 0.793348 -0.608768 0
    outer loop
      vertex 25.3974 65 0.599999
      vertex 25.5722 65.2278 0
      vertex 25.5722 65.2278 0.599999
    endloop
  endfacet
  facet normal 0.793348 -0.608768 0
    outer loop
      vertex 25.5722 65.2278 0
      vertex 25.3974 65 0.599999
      vertex 25.3974 65 0
    endloop
  endfacet
  facet normal 0.991437 0.13059 0
    outer loop
      vertex 25.2875 64.1653 0.599999
      vertex 25.25 64.45 0
      vertex 25.25 64.45 0.599999
    endloop
  endfacet
  facet normal 0.991437 0.13059 0
    outer loop
      vertex 25.25 64.45 0
      vertex 25.2875 64.1653 0.599999
      vertex 25.2875 64.1653 0
    endloop
  endfacet
  facet normal 0.382711 -0.923868 0
    outer loop
      vertex 25.8 65.4026 0
      vertex 26.0653 65.5125 0.599999
      vertex 25.8 65.4026 0.599999
    endloop
  endfacet
  facet normal 0.382711 -0.923868 0
    outer loop
      vertex 26.0653 65.5125 0.599999
      vertex 25.8 65.4026 0
      vertex 26.0653 65.5125 0
    endloop
  endfacet
  facet normal -0.13059 -0.991437 0
    outer loop
      vertex 26.35 65.55 0
      vertex 26.6347 65.5125 0.599999
      vertex 26.35 65.55 0.599999
    endloop
  endfacet
  facet normal -0.13059 -0.991437 -0
    outer loop
      vertex 26.6347 65.5125 0.599999
      vertex 26.35 65.55 0
      vertex 26.6347 65.5125 0
    endloop
  endfacet
  facet normal 0.382711 0.923868 -0
    outer loop
      vertex 26.0653 63.3875 0
      vertex 25.8 63.4974 0.599999
      vertex 26.0653 63.3875 0.599999
    endloop
  endfacet
  facet normal 0.382711 0.923868 0
    outer loop
      vertex 25.8 63.4974 0.599999
      vertex 26.0653 63.3875 0
      vertex 25.8 63.4974 0
    endloop
  endfacet
  facet normal -0.793348 0.608768 0
    outer loop
      vertex 27.1278 63.6722 0
      vertex 27.3026 63.9 0.599999
      vertex 27.3026 63.9 0
    endloop
  endfacet
  facet normal -0.793348 0.608768 0
    outer loop
      vertex 27.3026 63.9 0.599999
      vertex 27.1278 63.6722 0
      vertex 27.1278 63.6722 0.599999
    endloop
  endfacet
  facet normal 0.13059 0.991437 -0
    outer loop
      vertex 26.35 63.35 0
      vertex 26.0653 63.3875 0.599999
      vertex 26.35 63.35 0.599999
    endloop
  endfacet
  facet normal 0.13059 0.991437 0
    outer loop
      vertex 26.0653 63.3875 0.599999
      vertex 26.35 63.35 0
      vertex 26.0653 63.3875 0
    endloop
  endfacet
  facet normal 0.13059 -0.991437 0
    outer loop
      vertex 26.0653 65.5125 0
      vertex 26.35 65.55 0.599999
      vertex 26.0653 65.5125 0.599999
    endloop
  endfacet
  facet normal 0.13059 -0.991437 0
    outer loop
      vertex 26.35 65.55 0.599999
      vertex 26.0653 65.5125 0
      vertex 26.35 65.55 0
    endloop
  endfacet
  facet normal -0.608768 0.793348 0
    outer loop
      vertex 27.1278 63.6722 0
      vertex 26.9 63.4974 0.599999
      vertex 27.1278 63.6722 0.599999
    endloop
  endfacet
  facet normal -0.608768 0.793348 0
    outer loop
      vertex 26.9 63.4974 0.599999
      vertex 27.1278 63.6722 0
      vertex 26.9 63.4974 0
    endloop
  endfacet
  facet normal 0.923868 -0.382711 0
    outer loop
      vertex 25.2875 64.7347 0.599999
      vertex 25.3974 65 0
      vertex 25.3974 65 0.599999
    endloop
  endfacet
  facet normal 0.923868 -0.382711 0
    outer loop
      vertex 25.3974 65 0
      vertex 25.2875 64.7347 0.599999
      vertex 25.2875 64.7347 0
    endloop
  endfacet
  facet normal -0.382711 -0.923868 0
    outer loop
      vertex 26.6347 65.5125 0
      vertex 26.9 65.4026 0.599999
      vertex 26.6347 65.5125 0.599999
    endloop
  endfacet
  facet normal -0.382711 -0.923868 -0
    outer loop
      vertex 26.9 65.4026 0.599999
      vertex 26.6347 65.5125 0
      vertex 26.9 65.4026 0
    endloop
  endfacet
  facet normal -0.382711 0.923868 0
    outer loop
      vertex 26.9 63.4974 0
      vertex 26.6347 63.3875 0.599999
      vertex 26.9 63.4974 0.599999
    endloop
  endfacet
  facet normal -0.382711 0.923868 0
    outer loop
      vertex 26.6347 63.3875 0.599999
      vertex 26.9 63.4974 0
      vertex 26.6347 63.3875 0
    endloop
  endfacet
  facet normal 0.793348 0.608768 0
    outer loop
      vertex 25.5722 63.6722 0.599999
      vertex 25.3974 63.9 0
      vertex 25.3974 63.9 0.599999
    endloop
  endfacet
  facet normal 0.793348 0.608768 0
    outer loop
      vertex 25.3974 63.9 0
      vertex 25.5722 63.6722 0.599999
      vertex 25.5722 63.6722 0
    endloop
  endfacet
  facet normal 0.923868 0.382711 0
    outer loop
      vertex 25.3974 63.9 0.599999
      vertex 25.2875 64.1653 0
      vertex 25.2875 64.1653 0.599999
    endloop
  endfacet
  facet normal 0.923868 0.382711 0
    outer loop
      vertex 25.2875 64.1653 0
      vertex 25.3974 63.9 0.599999
      vertex 25.3974 63.9 0
    endloop
  endfacet
  facet normal 0.991437 -0.13059 0
    outer loop
      vertex 25.25 64.45 0.599999
      vertex 25.2875 64.7347 0
      vertex 25.2875 64.7347 0.599999
    endloop
  endfacet
  facet normal 0.991437 -0.13059 0
    outer loop
      vertex 25.2875 64.7347 0
      vertex 25.25 64.45 0.599999
      vertex 25.25 64.45 0
    endloop
  endfacet
  facet normal 0.608768 -0.793348 0
    outer loop
      vertex 25.5722 65.2278 0
      vertex 25.8 65.4026 0.599999
      vertex 25.5722 65.2278 0.599999
    endloop
  endfacet
  facet normal 0.608768 -0.793348 0
    outer loop
      vertex 25.8 65.4026 0.599999
      vertex 25.5722 65.2278 0
      vertex 25.8 65.4026 0
    endloop
  endfacet
  facet normal -0.923868 0.382711 0
    outer loop
      vertex 27.3026 63.9 0
      vertex 27.4125 64.1653 0.599999
      vertex 27.4125 64.1653 0
    endloop
  endfacet
  facet normal -0.923868 0.382711 0
    outer loop
      vertex 27.4125 64.1653 0.599999
      vertex 27.3026 63.9 0
      vertex 27.3026 63.9 0.599999
    endloop
  endfacet
  facet normal -0.13059 0.991437 0
    outer loop
      vertex 26.6347 63.3875 0
      vertex 26.35 63.35 0.599999
      vertex 26.6347 63.3875 0.599999
    endloop
  endfacet
  facet normal -0.13059 0.991437 0
    outer loop
      vertex 26.35 63.35 0.599999
      vertex 26.6347 63.3875 0
      vertex 26.35 63.35 0
    endloop
  endfacet
  facet normal 0.321097 -0.947046 0
    outer loop
      vertex 44.257 48.2273 0
      vertex 44.3561 48.2609 3.2
      vertex 44.257 48.2273 3.2
    endloop
  endfacet
  facet normal 0.321097 -0.947046 0
    outer loop
      vertex 44.3561 48.2609 3.2
      vertex 44.257 48.2273 0
      vertex 44.3561 48.2609 0
    endloop
  endfacet
  facet normal -0.194929 0.980817 0
    outer loop
      vertex 0.695587 80.6931 0
      vertex 0.592941 80.6727 3.2
      vertex 0.695587 80.6931 3.2
    endloop
  endfacet
  facet normal -0.194929 0.980817 0
    outer loop
      vertex 0.592941 80.6727 3.2
      vertex 0.695587 80.6931 0
      vertex 0.592941 80.6727 0
    endloop
  endfacet
  facet normal -0.946859 -0.321648 0
    outer loop
      vertex 0.0608978 48.6939 0
      vertex 0.0272675 48.7929 3.2
      vertex 0.0272675 48.7929 0
    endloop
  endfacet
  facet normal -0.946859 -0.321648 0
    outer loop
      vertex 0.0272675 48.7929 3.2
      vertex 0.0608978 48.6939 0
      vertex 0.0608978 48.6939 3.2
    endloop
  endfacet
  facet normal 0.321097 0.947046 -0
    outer loop
      vertex 44.3561 80.6391 0
      vertex 44.257 80.6727 3.2
      vertex 44.3561 80.6391 3.2
    endloop
  endfacet
  facet normal 0.321097 0.947046 0
    outer loop
      vertex 44.257 80.6727 3.2
      vertex 44.3561 80.6391 0
      vertex 44.257 80.6727 0
    endloop
  endfacet
  facet normal -0.321126 0.947036 0
    outer loop
      vertex 0.592941 80.6727 0
      vertex 0.493851 80.6391 3.2
      vertex 0.592941 80.6727 3.2
    endloop
  endfacet
  facet normal -0.321126 0.947036 0
    outer loop
      vertex 0.493851 80.6391 3.2
      vertex 0.592941 80.6727 0
      vertex 0.493851 80.6391 0
    endloop
  endfacet
  facet normal 0.195013 0.980801 -0
    outer loop
      vertex 44.257 80.6727 0
      vertex 44.1544 80.6931 3.2
      vertex 44.257 80.6727 3.2
    endloop
  endfacet
  facet normal 0.195013 0.980801 0
    outer loop
      vertex 44.1544 80.6931 3.2
      vertex 44.257 80.6727 0
      vertex 44.1544 80.6931 0
    endloop
  endfacet
  facet normal -0.555269 -0.831671 0
    outer loop
      vertex 0.312988 48.3653 0
      vertex 0.400009 48.3072 3.2
      vertex 0.312988 48.3653 3.2
    endloop
  endfacet
  facet normal -0.555269 -0.831671 -0
    outer loop
      vertex 0.400009 48.3072 3.2
      vertex 0.312988 48.3653 0
      vertex 0.400009 48.3072 0
    endloop
  endfacet
  facet normal 0.751925 0.659248 0
    outer loop
      vertex 44.6847 80.387 3.2
      vertex 44.6157 80.4657 0
      vertex 44.6157 80.4657 3.2
    endloop
  endfacet
  facet normal 0.751925 0.659248 0
    outer loop
      vertex 44.6157 80.4657 0
      vertex 44.6847 80.387 3.2
      vertex 44.6847 80.387 0
    endloop
  endfacet
  facet normal 0 0 -1
    outer loop
      vertex 44.05 48.2 0
      vertex 44.85 49 0
      vertex 44.8431 48.8956 0
    endloop
  endfacet
  facet normal 0 0 -1
    outer loop
      vertex 44.85 49 0
      vertex 27.45 64.45 0
      vertex 44.85 79.9 0
    endloop
  endfacet
  facet normal 0 0 -1
    outer loop
      vertex 44.05 48.2 0
      vertex 44.8431 48.8956 0
      vertex 44.8227 48.7929 0
    endloop
  endfacet
  facet normal 0 0 -1
    outer loop
      vertex 27.4125 64.7347 0
      vertex 44.85 79.9 0
      vertex 27.45 64.45 0
    endloop
  endfacet
  facet normal 0 0 -1
    outer loop
      vertex 44.05 48.2 0
      vertex 44.8227 48.7929 0
      vertex 44.7891 48.6939 0
    endloop
  endfacet
  facet normal 0 0 -1
    outer loop
      vertex 27.3026 65 0
      vertex 44.85 79.9 0
      vertex 27.4125 64.7347 0
    endloop
  endfacet
  facet normal 0 0 -1
    outer loop
      vertex 44.05 48.2 0
      vertex 44.7891 48.6939 0
      vertex 44.7428 48.6 0
    endloop
  endfacet
  facet normal 0 -0 -1
    outer loop
      vertex 44.05 80.7 0
      vertex 44.85 79.9 0
      vertex 27.3026 65 0
    endloop
  endfacet
  facet normal 0 0 -1
    outer loop
      vertex 44.05 48.2 0
      vertex 44.7428 48.6 0
      vertex 44.6847 48.513 0
    endloop
  endfacet
  facet normal 0 0 -1
    outer loop
      vertex 44.85 79.9 0
      vertex 44.05 80.7 0
      vertex 44.8431 80.0044 0
    endloop
  endfacet
  facet normal 0 0 -1
    outer loop
      vertex 44.05 48.2 0
      vertex 44.6847 48.513 0
      vertex 44.6157 48.4343 0
    endloop
  endfacet
  facet normal 0 0 -1
    outer loop
      vertex 44.8431 80.0044 0
      vertex 44.05 80.7 0
      vertex 44.8227 80.1071 0
    endloop
  endfacet
  facet normal 0 0 -1
    outer loop
      vertex 44.05 48.2 0
      vertex 44.6157 48.4343 0
      vertex 44.537 48.3653 0
    endloop
  endfacet
  facet normal 0 0 -1
    outer loop
      vertex 44.8227 80.1071 0
      vertex 44.05 80.7 0
      vertex 44.7891 80.2061 0
    endloop
  endfacet
  facet normal 0 0 -1
    outer loop
      vertex 44.05 48.2 0
      vertex 44.537 48.3653 0
      vertex 44.45 48.3072 0
    endloop
  endfacet
  facet normal 0 0 -1
    outer loop
      vertex 44.7428 80.3 0
      vertex 44.05 80.7 0
      vertex 44.6847 80.387 0
    endloop
  endfacet
  facet normal 0 0 -1
    outer loop
      vertex 44.05 48.2 0
      vertex 44.45 48.3072 0
      vertex 44.3561 48.2609 0
    endloop
  endfacet
  facet normal 0 0 -1
    outer loop
      vertex 44.6847 80.387 0
      vertex 44.05 80.7 0
      vertex 44.6157 80.4657 0
    endloop
  endfacet
  facet normal 0 0 -1
    outer loop
      vertex 44.05 48.2 0
      vertex 44.3561 48.2609 0
      vertex 44.257 48.2273 0
    endloop
  endfacet
  facet normal 0 0 -1
    outer loop
      vertex 44.6157 80.4657 0
      vertex 44.05 80.7 0
      vertex 44.537 80.5347 0
    endloop
  endfacet
  facet normal 0 0 -1
    outer loop
      vertex 44.05 48.2 0
      vertex 44.257 48.2273 0
      vertex 44.1544 48.2069 0
    endloop
  endfacet
  facet normal 0 0 -1
    outer loop
      vertex 44.537 80.5347 0
      vertex 44.05 80.7 0
      vertex 44.45 80.5928 0
    endloop
  endfacet
  facet normal -0 0 -1
    outer loop
      vertex 44.85 49 0
      vertex 44.05 48.2 0
      vertex 27.3026 63.9 0
    endloop
  endfacet
  facet normal 0 0 -1
    outer loop
      vertex 44.3561 80.6391 0
      vertex 44.05 80.7 0
      vertex 44.257 80.6727 0
    endloop
  endfacet
  facet normal 0 0 -1
    outer loop
      vertex 44.257 80.6727 0
      vertex 44.05 80.7 0
      vertex 44.1544 80.6931 0
    endloop
  endfacet
  facet normal 0 0 -1
    outer loop
      vertex 44.85 49 0
      vertex 27.4125 64.1653 0
      vertex 27.45 64.45 0
    endloop
  endfacet
  facet normal 0 0 -1
    outer loop
      vertex 44.85 49 0
      vertex 27.3026 63.9 0
      vertex 27.4125 64.1653 0
    endloop
  endfacet
  facet normal 0 0 -1
    outer loop
      vertex 44.05 48.2 0
      vertex 27.1278 63.6722 0
      vertex 27.3026 63.9 0
    endloop
  endfacet
  facet normal 0 0 -1
    outer loop
      vertex 44.05 48.2 0
      vertex 26.9 63.4974 0
      vertex 27.1278 63.6722 0
    endloop
  endfacet
  facet normal 0 0 -1
    outer loop
      vertex 44.05 48.2 0
      vertex 26.6347 63.3875 0
      vertex 26.9 63.4974 0
    endloop
  endfacet
  facet normal 0 0 -1
    outer loop
      vertex 44.05 48.2 0
      vertex 26.35 63.35 0
      vertex 26.6347 63.3875 0
    endloop
  endfacet
  facet normal 0 0 -1
    outer loop
      vertex 44.05 48.2 0
      vertex 26.0653 63.3875 0
      vertex 26.35 63.35 0
    endloop
  endfacet
  facet normal 0 0 -1
    outer loop
      vertex 0.800003 48.2 0
      vertex 26.0653 63.3875 0
      vertex 44.05 48.2 0
    endloop
  endfacet
  facet normal -0 0 -1
    outer loop
      vertex 26.0653 63.3875 0
      vertex 0.800003 48.2 0
      vertex 25.8 63.4974 0
    endloop
  endfacet
  facet normal 0 0 -1
    outer loop
      vertex 0 49 0
      vertex 25.2875 64.1653 0
      vertex 0.800003 48.2 0
    endloop
  endfacet
  facet normal -0 0 -1
    outer loop
      vertex 25.3974 63.9 0
      vertex 0.800003 48.2 0
      vertex 25.2875 64.1653 0
    endloop
  endfacet
  facet normal -0 0 -1
    outer loop
      vertex 25.5722 63.6722 0
      vertex 0.800003 48.2 0
      vertex 25.3974 63.9 0
    endloop
  endfacet
  facet normal -0 0 -1
    outer loop
      vertex 25.8 63.4974 0
      vertex 0.800003 48.2 0
      vertex 25.5722 63.6722 0
    endloop
  endfacet
  facet normal 0 0 -1
    outer loop
      vertex 44.45 80.5928 0
      vertex 44.05 80.7 0
      vertex 44.3561 80.6391 0
    endloop
  endfacet
  facet normal 0 0 -1
    outer loop
      vertex 44.7891 80.2061 0
      vertex 44.05 80.7 0
      vertex 44.7428 80.3 0
    endloop
  endfacet
  facet normal 0 0 -1
    outer loop
      vertex 27.1278 65.2278 0
      vertex 44.05 80.7 0
      vertex 27.3026 65 0
    endloop
  endfacet
  facet normal 0 0 -1
    outer loop
      vertex 26.9 65.4026 0
      vertex 44.05 80.7 0
      vertex 27.1278 65.2278 0
    endloop
  endfacet
  facet normal 0 0 -1
    outer loop
      vertex 26.6347 65.5125 0
      vertex 44.05 80.7 0
      vertex 26.9 65.4026 0
    endloop
  endfacet
  facet normal 0 0 -1
    outer loop
      vertex 26.35 65.55 0
      vertex 44.05 80.7 0
      vertex 26.6347 65.5125 0
    endloop
  endfacet
  facet normal 0 0 -1
    outer loop
      vertex 26.0653 65.5125 0
      vertex 44.05 80.7 0
      vertex 26.35 65.55 0
    endloop
  endfacet
  facet normal 0 0 -1
    outer loop
      vertex 0.800003 80.7 0
      vertex 26.0653 65.5125 0
      vertex 25.8 65.4026 0
    endloop
  endfacet
  facet normal 0 0 -1
    outer loop
      vertex 0.800003 80.7 0
      vertex 25.8 65.4026 0
      vertex 25.5722 65.2278 0
    endloop
  endfacet
  facet normal -0 0 -1
    outer loop
      vertex 25.2875 64.1653 0
      vertex 0 49 0
      vertex 25.25 64.45 0
    endloop
  endfacet
  facet normal 0 0 -1
    outer loop
      vertex 0 79.9 0
      vertex 25.25 64.45 0
      vertex 0 49 0
    endloop
  endfacet
  facet normal 0 0 -1
    outer loop
      vertex 25.25 64.45 0
      vertex 0 79.9 0
      vertex 25.2875 64.7347 0
    endloop
  endfacet
  facet normal 0 -0 -1
    outer loop
      vertex 0.800003 80.7 0
      vertex 25.2875 64.7347 0
      vertex 0 79.9 0
    endloop
  endfacet
  facet normal 0 0 -1
    outer loop
      vertex 26.0653 65.5125 0
      vertex 0.800003 80.7 0
      vertex 44.05 80.7 0
    endloop
  endfacet
  facet normal 0 0 -1
    outer loop
      vertex 0 49 0
      vertex 0.800003 48.2 0
      vertex 0.695587 48.2069 0
    endloop
  endfacet
  facet normal 0 0 -1
    outer loop
      vertex 25.2875 64.7347 0
      vertex 0.800003 80.7 0
      vertex 25.3974 65 0
    endloop
  endfacet
  facet normal 0 0 -1
    outer loop
      vertex 0 49 0
      vertex 0.695587 48.2069 0
      vertex 0.592941 48.2273 0
    endloop
  endfacet
  facet normal 0 0 -1
    outer loop
      vertex 25.3974 65 0
      vertex 0.800003 80.7 0
      vertex 25.5722 65.2278 0
    endloop
  endfacet
  facet normal 0 0 -1
    outer loop
      vertex 0 49 0
      vertex 0.592941 48.2273 0
      vertex 0.493851 48.2609 0
    endloop
  endfacet
  facet normal 0 0 -1
    outer loop
      vertex 0.800003 80.7 0
      vertex 0 79.9 0
      vertex 0.695587 80.6931 0
    endloop
  endfacet
  facet normal 0 0 -1
    outer loop
      vertex 0 49 0
      vertex 0.493851 48.2609 0
      vertex 0.400009 48.3072 0
    endloop
  endfacet
  facet normal 0 0 -1
    outer loop
      vertex 0.695587 80.6931 0
      vertex 0 79.9 0
      vertex 0.592941 80.6727 0
    endloop
  endfacet
  facet normal 0 0 -1
    outer loop
      vertex 0 49 0
      vertex 0.400009 48.3072 0
      vertex 0.312988 48.3653 0
    endloop
  endfacet
  facet normal 0 0 -1
    outer loop
      vertex 0.592941 80.6727 0
      vertex 0 79.9 0
      vertex 0.493851 80.6391 0
    endloop
  endfacet
  facet normal 0 0 -1
    outer loop
      vertex 0 49 0
      vertex 0.312988 48.3653 0
      vertex 0.234314 48.4343 0
    endloop
  endfacet
  facet normal 0 0 -1
    outer loop
      vertex 0.493851 80.6391 0
      vertex 0 79.9 0
      vertex 0.400009 80.5928 0
    endloop
  endfacet
  facet normal 0 0 -1
    outer loop
      vertex 0 49 0
      vertex 0.234314 48.4343 0
      vertex 0.165314 48.513 0
    endloop
  endfacet
  facet normal 0 0 -1
    outer loop
      vertex 0.400009 80.5928 0
      vertex 0 79.9 0
      vertex 0.312988 80.5347 0
    endloop
  endfacet
  facet normal 0 0 -1
    outer loop
      vertex 0 49 0
      vertex 0.165314 48.513 0
      vertex 0.107178 48.6 0
    endloop
  endfacet
  facet normal 0 0 -1
    outer loop
      vertex 0.312988 80.5347 0
      vertex 0 79.9 0
      vertex 0.234314 80.4657 0
    endloop
  endfacet
  facet normal 0 0 -1
    outer loop
      vertex 0 49 0
      vertex 0.107178 48.6 0
      vertex 0.0608978 48.6939 0
    endloop
  endfacet
  facet normal 0 0 -1
    outer loop
      vertex 0.234314 80.4657 0
      vertex 0 79.9 0
      vertex 0.165314 80.387 0
    endloop
  endfacet
  facet normal 0 0 -1
    outer loop
      vertex 0 49 0
      vertex 0.0608978 48.6939 0
      vertex 0.0272675 48.7929 0
    endloop
  endfacet
  facet normal 0 0 -1
    outer loop
      vertex 0.165314 80.387 0
      vertex 0 79.9 0
      vertex 0.107178 80.3 0
    endloop
  endfacet
  facet normal 0 0 -1
    outer loop
      vertex 0 49 0
      vertex 0.0272675 48.7929 0
      vertex 0.0068512 48.8956 0
    endloop
  endfacet
  facet normal 0 0 -1
    outer loop
      vertex 0.107178 80.3 0
      vertex 0 79.9 0
      vertex 0.0608978 80.2061 0
    endloop
  endfacet
  facet normal 0 0 -1
    outer loop
      vertex 0.0608978 80.2061 0
      vertex 0 79.9 0
      vertex 0.0272675 80.1071 0
    endloop
  endfacet
  facet normal 0 0 -1
    outer loop
      vertex 0.0272675 80.1071 0
      vertex 0 79.9 0
      vertex 0.0068512 80.0044 0
    endloop
  endfacet
  facet normal -0.83145 0.5556 0
    outer loop
      vertex 0.107178 80.3 0
      vertex 0.165314 80.387 3.2
      vertex 0.165314 80.387 0
    endloop
  endfacet
  facet normal -0.83145 0.5556 0
    outer loop
      vertex 0.165314 80.387 3.2
      vertex 0.107178 80.3 0
      vertex 0.107178 80.3 3.2
    endloop
  endfacet
  facet normal 0.980837 -0.19483 0
    outer loop
      vertex 44.8227 48.7929 3.2
      vertex 44.8431 48.8956 0
      vertex 44.8431 48.8956 3.2
    endloop
  endfacet
  facet normal 0.980837 -0.19483 0
    outer loop
      vertex 44.8431 48.8956 0
      vertex 44.8227 48.7929 3.2
      vertex 44.8227 48.7929 0
    endloop
  endfacet
  facet normal -0.065938 0.997824 0
    outer loop
      vertex 0.800003 80.7 0
      vertex 0.695587 80.6931 3.2
      vertex 0.800003 80.7 3.2
    endloop
  endfacet
  facet normal -0.065938 0.997824 0
    outer loop
      vertex 0.695587 80.6931 3.2
      vertex 0.800003 80.7 0
      vertex 0.695587 80.6931 0
    endloop
  endfacet
  facet normal 0 -1 0
    outer loop
      vertex 0.800003 48.2 0
      vertex 44.05 48.2 3.2
      vertex 0.800003 48.2 3.2
    endloop
  endfacet
  facet normal 0 -1 -0
    outer loop
      vertex 44.05 48.2 3.2
      vertex 0.800003 48.2 0
      vertex 44.05 48.2 0
    endloop
  endfacet
  facet normal 0.659248 0.751925 -0
    outer loop
      vertex 44.6157 80.4657 0
      vertex 44.537 80.5347 3.2
      vertex 44.6157 80.4657 3.2
    endloop
  endfacet
  facet normal 0.659248 0.751925 0
    outer loop
      vertex 44.537 80.5347 3.2
      vertex 44.6157 80.4657 0
      vertex 44.537 80.5347 0
    endloop
  endfacet
  facet normal 0.659248 -0.751925 0
    outer loop
      vertex 44.537 48.3653 0
      vertex 44.6157 48.4343 3.2
      vertex 44.537 48.3653 3.2
    endloop
  endfacet
  facet normal 0.659248 -0.751925 0
    outer loop
      vertex 44.6157 48.4343 3.2
      vertex 44.537 48.3653 0
      vertex 44.6157 48.4343 0
    endloop
  endfacet
  facet normal -0.83145 -0.5556 0
    outer loop
      vertex 0.165314 48.513 0
      vertex 0.107178 48.6 3.2
      vertex 0.107178 48.6 0
    endloop
  endfacet
  facet normal -0.83145 -0.5556 0
    outer loop
      vertex 0.107178 48.6 3.2
      vertex 0.165314 48.513 0
      vertex 0.165314 48.513 3.2
    endloop
  endfacet
  facet normal 0.997823 -0.0659481 0
    outer loop
      vertex 44.8431 48.8956 3.2
      vertex 44.85 49 0
      vertex 44.85 49 3.2
    endloop
  endfacet
  facet normal 0.997823 -0.0659481 0
    outer loop
      vertex 44.85 49 0
      vertex 44.8431 48.8956 3.2
      vertex 44.8431 48.8956 0
    endloop
  endfacet
  facet normal 0.0659481 -0.997823 0
    outer loop
      vertex 44.05 48.2 0
      vertex 44.1544 48.2069 3.2
      vertex 44.05 48.2 3.2
    endloop
  endfacet
  facet normal 0.0659481 -0.997823 0
    outer loop
      vertex 44.1544 48.2069 3.2
      vertex 44.05 48.2 0
      vertex 44.1544 48.2069 0
    endloop
  endfacet
  facet normal 0.896897 -0.44224 0
    outer loop
      vertex 44.7428 48.6 3.2
      vertex 44.7891 48.6939 0
      vertex 44.7891 48.6939 3.2
    endloop
  endfacet
  facet normal 0.896897 -0.44224 0
    outer loop
      vertex 44.7891 48.6939 0
      vertex 44.7428 48.6 3.2
      vertex 44.7428 48.6 0
    endloop
  endfacet
  facet normal 1 -0 0
    outer loop
      vertex 44.85 49 3.2
      vertex 44.85 79.9 0
      vertex 44.85 79.9 3.2
    endloop
  endfacet
  facet normal 1 0 0
    outer loop
      vertex 44.85 79.9 0
      vertex 44.85 49 3.2
      vertex 44.85 49 0
    endloop
  endfacet
  facet normal 0 1 -0
    outer loop
      vertex 44.05 80.7 0
      vertex 0.800003 80.7 3.2
      vertex 44.05 80.7 3.2
    endloop
  endfacet
  facet normal 0 1 0
    outer loop
      vertex 0.800003 80.7 3.2
      vertex 44.05 80.7 0
      vertex 0.800003 80.7 0
    endloop
  endfacet
  facet normal -1 0 0
    outer loop
      vertex 0 49 0
      vertex 0 79.9 3.2
      vertex 0 79.9 0
    endloop
  endfacet
  facet normal -1 -0 0
    outer loop
      vertex 0 79.9 3.2
      vertex 0 49 0
      vertex 0 49 3.2
    endloop
  endfacet
  facet normal -0.896972 -0.442088 0
    outer loop
      vertex 0.107178 48.6 0
      vertex 0.0608978 48.6939 3.2
      vertex 0.0608978 48.6939 0
    endloop
  endfacet
  facet normal -0.896972 -0.442088 0
    outer loop
      vertex 0.0608978 48.6939 3.2
      vertex 0.107178 48.6 0
      vertex 0.107178 48.6 3.2
    endloop
  endfacet
  facet normal 0.44224 -0.896897 0
    outer loop
      vertex 44.3561 48.2609 0
      vertex 44.45 48.3072 3.2
      vertex 44.3561 48.2609 3.2
    endloop
  endfacet
  facet normal 0.44224 -0.896897 0
    outer loop
      vertex 44.45 48.3072 3.2
      vertex 44.3561 48.2609 0
      vertex 44.45 48.3072 0
    endloop
  endfacet
  facet normal -0.896972 0.442088 0
    outer loop
      vertex 0.0608978 80.2061 0
      vertex 0.107178 80.3 3.2
      vertex 0.107178 80.3 0
    endloop
  endfacet
  facet normal -0.896972 0.442088 0
    outer loop
      vertex 0.107178 80.3 3.2
      vertex 0.0608978 80.2061 0
      vertex 0.0608978 80.2061 3.2
    endloop
  endfacet
  facet normal 0.751925 -0.659248 0
    outer loop
      vertex 44.6157 48.4343 3.2
      vertex 44.6847 48.513 0
      vertex 44.6847 48.513 3.2
    endloop
  endfacet
  facet normal 0.751925 -0.659248 0
    outer loop
      vertex 44.6847 48.513 0
      vertex 44.6157 48.4343 3.2
      vertex 44.6157 48.4343 0
    endloop
  endfacet
  facet normal -0.751925 -0.659248 0
    outer loop
      vertex 0.234314 48.4343 0
      vertex 0.165314 48.513 3.2
      vertex 0.165314 48.513 0
    endloop
  endfacet
  facet normal -0.751925 -0.659248 0
    outer loop
      vertex 0.165314 48.513 3.2
      vertex 0.234314 48.4343 0
      vertex 0.234314 48.4343 3.2
    endloop
  endfacet
  facet normal -0.997854 -0.0654837 0
    outer loop
      vertex 0.0068512 48.8956 0
      vertex 0 49 3.2
      vertex 0 49 0
    endloop
  endfacet
  facet normal -0.997854 -0.0654837 0
    outer loop
      vertex 0 49 3.2
      vertex 0.0068512 48.8956 0
      vertex 0.0068512 48.8956 3.2
    endloop
  endfacet
  facet normal -0.997854 0.0654837 0
    outer loop
      vertex 0 79.9 0
      vertex 0.0068512 80.0044 3.2
      vertex 0.0068512 80.0044 0
    endloop
  endfacet
  facet normal -0.997854 0.0654837 0
    outer loop
      vertex 0.0068512 80.0044 3.2
      vertex 0 79.9 0
      vertex 0 79.9 3.2
    endloop
  endfacet
  facet normal -0.321126 -0.947036 0
    outer loop
      vertex 0.493851 48.2609 0
      vertex 0.592941 48.2273 3.2
      vertex 0.493851 48.2609 3.2
    endloop
  endfacet
  facet normal -0.321126 -0.947036 -0
    outer loop
      vertex 0.592941 48.2273 3.2
      vertex 0.493851 48.2609 0
      vertex 0.592941 48.2273 0
    endloop
  endfacet
  facet normal 0 0 1
    outer loop
      vertex 44.05 80.7 3.2
      vertex 44.85 79.9 3.2
      vertex 44.8431 80.0044 3.2
    endloop
  endfacet
  facet normal 0 0 1
    outer loop
      vertex 44.85 79.9 3.2
      vertex 40.85 64.45 3.2
      vertex 44.85 49 3.2
    endloop
  endfacet
  facet normal 0 0 1
    outer loop
      vertex 44.05 80.7 3.2
      vertex 44.8431 80.0044 3.2
      vertex 44.8227 80.1071 3.2
    endloop
  endfacet
  facet normal -0 0 1
    outer loop
      vertex 40.6715 62.1817 3.2
      vertex 44.85 49 3.2
      vertex 40.85 64.45 3.2
    endloop
  endfacet
  facet normal 0 0 1
    outer loop
      vertex 44.05 80.7 3.2
      vertex 44.8227 80.1071 3.2
      vertex 44.7891 80.2061 3.2
    endloop
  endfacet
  facet normal -0 0 1
    outer loop
      vertex 40.1403 59.9693 3.2
      vertex 44.85 49 3.2
      vertex 40.6715 62.1817 3.2
    endloop
  endfacet
  facet normal 0 0 1
    outer loop
      vertex 44.05 80.7 3.2
      vertex 44.7891 80.2061 3.2
      vertex 44.7428 80.3 3.2
    endloop
  endfacet
  facet normal -0 0 1
    outer loop
      vertex 39.2696 57.8671 3.2
      vertex 44.85 49 3.2
      vertex 40.1403 59.9693 3.2
    endloop
  endfacet
  facet normal 0 0 1
    outer loop
      vertex 44.05 80.7 3.2
      vertex 44.7428 80.3 3.2
      vertex 44.6847 80.387 3.2
    endloop
  endfacet
  facet normal -0 0 1
    outer loop
      vertex 38.0807 55.9271 3.2
      vertex 44.85 49 3.2
      vertex 39.2696 57.8671 3.2
    endloop
  endfacet
  facet normal 0 0 1
    outer loop
      vertex 44.05 80.7 3.2
      vertex 44.6847 80.387 3.2
      vertex 44.6157 80.4657 3.2
    endloop
  endfacet
  facet normal 0 -0 1
    outer loop
      vertex 44.05 48.2 3.2
      vertex 44.85 49 3.2
      vertex 38.0807 55.9271 3.2
    endloop
  endfacet
  facet normal 0 0 1
    outer loop
      vertex 44.05 80.7 3.2
      vertex 44.6157 80.4657 3.2
      vertex 44.537 80.5347 3.2
    endloop
  endfacet
  facet normal 0 0 1
    outer loop
      vertex 44.85 49 3.2
      vertex 44.05 48.2 3.2
      vertex 44.8431 48.8956 3.2
    endloop
  endfacet
  facet normal 0 0 1
    outer loop
      vertex 44.05 80.7 3.2
      vertex 44.537 80.5347 3.2
      vertex 44.45 80.5928 3.2
    endloop
  endfacet
  facet normal 0 0 1
    outer loop
      vertex 44.8431 48.8956 3.2
      vertex 44.05 48.2 3.2
      vertex 44.8227 48.7929 3.2
    endloop
  endfacet
  facet normal 0 0 1
    outer loop
      vertex 44.05 80.7 3.2
      vertex 44.45 80.5928 3.2
      vertex 44.3561 80.6391 3.2
    endloop
  endfacet
  facet normal 0 0 1
    outer loop
      vertex 44.8227 48.7929 3.2
      vertex 44.05 48.2 3.2
      vertex 44.7891 48.6939 3.2
    endloop
  endfacet
  facet normal 0 0 1
    outer loop
      vertex 44.05 80.7 3.2
      vertex 44.3561 80.6391 3.2
      vertex 44.257 80.6727 3.2
    endloop
  endfacet
  facet normal 0 0 1
    outer loop
      vertex 44.7891 48.6939 3.2
      vertex 44.05 48.2 3.2
      vertex 44.7428 48.6 3.2
    endloop
  endfacet
  facet normal 0 0 1
    outer loop
      vertex 44.05 80.7 3.2
      vertex 44.257 80.6727 3.2
      vertex 44.1544 80.6931 3.2
    endloop
  endfacet
  facet normal 0 0 1
    outer loop
      vertex 44.7428 48.6 3.2
      vertex 44.05 48.2 3.2
      vertex 44.6847 48.513 3.2
    endloop
  endfacet
  facet normal 0 0 1
    outer loop
      vertex 44.85 79.9 3.2
      vertex 44.05 80.7 3.2
      vertex 38.0807 72.9729 3.2
    endloop
  endfacet
  facet normal 0 0 1
    outer loop
      vertex 44.6847 48.513 3.2
      vertex 44.05 48.2 3.2
      vertex 44.6157 48.4343 3.2
    endloop
  endfacet
  facet normal 0 0 1
    outer loop
      vertex 44.6157 48.4343 3.2
      vertex 44.05 48.2 3.2
      vertex 44.537 48.3653 3.2
    endloop
  endfacet
  facet normal 0 0 1
    outer loop
      vertex 44.85 79.9 3.2
      vertex 40.6715 66.7183 3.2
      vertex 40.85 64.45 3.2
    endloop
  endfacet
  facet normal 0 0 1
    outer loop
      vertex 44.85 79.9 3.2
      vertex 40.1403 68.9307 3.2
      vertex 40.6715 66.7183 3.2
    endloop
  endfacet
  facet normal 0 0 1
    outer loop
      vertex 44.85 79.9 3.2
      vertex 39.2696 71.0329 3.2
      vertex 40.1403 68.9307 3.2
    endloop
  endfacet
  facet normal 0 0 1
    outer loop
      vertex 44.85 79.9 3.2
      vertex 38.0807 72.9729 3.2
      vertex 39.2696 71.0329 3.2
    endloop
  endfacet
  facet normal 0 0 1
    outer loop
      vertex 44.05 80.7 3.2
      vertex 36.603 74.703 3.2
      vertex 38.0807 72.9729 3.2
    endloop
  endfacet
  facet normal 0 0 1
    outer loop
      vertex 44.05 80.7 3.2
      vertex 34.8729 76.1807 3.2
      vertex 36.603 74.703 3.2
    endloop
  endfacet
  facet normal 0 0 1
    outer loop
      vertex 44.05 80.7 3.2
      vertex 32.9329 77.3696 3.2
      vertex 34.8729 76.1807 3.2
    endloop
  endfacet
  facet normal 0 0 1
    outer loop
      vertex 44.05 80.7 3.2
      vertex 30.8307 78.2403 3.2
      vertex 32.9329 77.3696 3.2
    endloop
  endfacet
  facet normal 0 0 1
    outer loop
      vertex 44.05 80.7 3.2
      vertex 28.6183 78.7715 3.2
      vertex 30.8307 78.2403 3.2
    endloop
  endfacet
  facet normal 0 0 1
    outer loop
      vertex 44.05 80.7 3.2
      vertex 26.35 78.95 3.2
      vertex 28.6183 78.7715 3.2
    endloop
  endfacet
  facet normal -0 0 1
    outer loop
      vertex 0.800003 80.7 3.2
      vertex 26.35 78.95 3.2
      vertex 44.05 80.7 3.2
    endloop
  endfacet
  facet normal 0 0 1
    outer loop
      vertex 12.5597 68.9307 3.2
      vertex 0 79.9 3.2
      vertex 12.0285 66.7183 3.2
    endloop
  endfacet
  facet normal 0 0 1
    outer loop
      vertex 13.4304 71.0329 3.2
      vertex 0 79.9 3.2
      vertex 12.5597 68.9307 3.2
    endloop
  endfacet
  facet normal -0 0 1
    outer loop
      vertex 0 79.9 3.2
      vertex 13.4304 71.0329 3.2
      vertex 0.800003 80.7 3.2
    endloop
  endfacet
  facet normal 0 0 1
    outer loop
      vertex 14.6193 72.9729 3.2
      vertex 0.800003 80.7 3.2
      vertex 13.4304 71.0329 3.2
    endloop
  endfacet
  facet normal 0 0 1
    outer loop
      vertex 16.097 74.703 3.2
      vertex 0.800003 80.7 3.2
      vertex 14.6193 72.9729 3.2
    endloop
  endfacet
  facet normal 0 0 1
    outer loop
      vertex 17.8271 76.1807 3.2
      vertex 0.800003 80.7 3.2
      vertex 16.097 74.703 3.2
    endloop
  endfacet
  facet normal 0 0 1
    outer loop
      vertex 19.7671 77.3696 3.2
      vertex 0.800003 80.7 3.2
      vertex 17.8271 76.1807 3.2
    endloop
  endfacet
  facet normal 0 0 1
    outer loop
      vertex 21.8693 78.2403 3.2
      vertex 0.800003 80.7 3.2
      vertex 19.7671 77.3696 3.2
    endloop
  endfacet
  facet normal 0 0 1
    outer loop
      vertex 24.0817 78.7715 3.2
      vertex 0.800003 80.7 3.2
      vertex 21.8693 78.2403 3.2
    endloop
  endfacet
  facet normal 0 0 1
    outer loop
      vertex 26.35 78.95 3.2
      vertex 0.800003 80.7 3.2
      vertex 24.0817 78.7715 3.2
    endloop
  endfacet
  facet normal 0 0 1
    outer loop
      vertex 44.537 48.3653 3.2
      vertex 44.05 48.2 3.2
      vertex 44.45 48.3072 3.2
    endloop
  endfacet
  facet normal 0 0 1
    outer loop
      vertex 44.45 48.3072 3.2
      vertex 44.05 48.2 3.2
      vertex 44.3561 48.2609 3.2
    endloop
  endfacet
  facet normal 0 0 1
    outer loop
      vertex 44.257 48.2273 3.2
      vertex 44.05 48.2 3.2
      vertex 44.1544 48.2069 3.2
    endloop
  endfacet
  facet normal 0 0 1
    outer loop
      vertex 44.3561 48.2609 3.2
      vertex 44.05 48.2 3.2
      vertex 44.257 48.2273 3.2
    endloop
  endfacet
  facet normal -0 0 1
    outer loop
      vertex 36.603 54.197 3.2
      vertex 44.05 48.2 3.2
      vertex 38.0807 55.9271 3.2
    endloop
  endfacet
  facet normal -0 0 1
    outer loop
      vertex 34.8729 52.7193 3.2
      vertex 44.05 48.2 3.2
      vertex 36.603 54.197 3.2
    endloop
  endfacet
  facet normal -0 0 1
    outer loop
      vertex 32.9329 51.5304 3.2
      vertex 44.05 48.2 3.2
      vertex 34.8729 52.7193 3.2
    endloop
  endfacet
  facet normal -0 0 1
    outer loop
      vertex 30.8307 50.6597 3.2
      vertex 44.05 48.2 3.2
      vertex 32.9329 51.5304 3.2
    endloop
  endfacet
  facet normal -0 0 1
    outer loop
      vertex 28.6183 50.1285 3.2
      vertex 44.05 48.2 3.2
      vertex 30.8307 50.6597 3.2
    endloop
  endfacet
  facet normal -0 0 1
    outer loop
      vertex 26.35 49.95 3.2
      vertex 44.05 48.2 3.2
      vertex 28.6183 50.1285 3.2
    endloop
  endfacet
  facet normal 0 0 1
    outer loop
      vertex 0.800003 48.2 3.2
      vertex 26.35 49.95 3.2
      vertex 24.0817 50.1285 3.2
    endloop
  endfacet
  facet normal 0 0 1
    outer loop
      vertex 12.0285 66.7183 3.2
      vertex 0 79.9 3.2
      vertex 11.85 64.45 3.2
    endloop
  endfacet
  facet normal 0 0 1
    outer loop
      vertex 0 49 3.2
      vertex 11.85 64.45 3.2
      vertex 0 79.9 3.2
    endloop
  endfacet
  facet normal 0 0 1
    outer loop
      vertex 11.85 64.45 3.2
      vertex 0 49 3.2
      vertex 12.0285 62.1817 3.2
    endloop
  endfacet
  facet normal 0 0 1
    outer loop
      vertex 26.35 49.95 3.2
      vertex 0.800003 48.2 3.2
      vertex 44.05 48.2 3.2
    endloop
  endfacet
  facet normal 0 0 1
    outer loop
      vertex 21.8693 50.6597 3.2
      vertex 0.800003 48.2 3.2
      vertex 24.0817 50.1285 3.2
    endloop
  endfacet
  facet normal 0 0 1
    outer loop
      vertex 19.7671 51.5304 3.2
      vertex 0.800003 48.2 3.2
      vertex 21.8693 50.6597 3.2
    endloop
  endfacet
  facet normal 0 0 1
    outer loop
      vertex 17.8271 52.7193 3.2
      vertex 0.800003 48.2 3.2
      vertex 19.7671 51.5304 3.2
    endloop
  endfacet
  facet normal 0 0 1
    outer loop
      vertex 16.097 54.197 3.2
      vertex 0.800003 48.2 3.2
      vertex 17.8271 52.7193 3.2
    endloop
  endfacet
  facet normal 0 0 1
    outer loop
      vertex 14.6193 55.9271 3.2
      vertex 0.800003 48.2 3.2
      vertex 16.097 54.197 3.2
    endloop
  endfacet
  facet normal 0 0 1
    outer loop
      vertex 13.4304 57.8671 3.2
      vertex 0.800003 48.2 3.2
      vertex 14.6193 55.9271 3.2
    endloop
  endfacet
  facet normal 0 0 1
    outer loop
      vertex 12.0285 62.1817 3.2
      vertex 0 49 3.2
      vertex 12.5597 59.9693 3.2
    endloop
  endfacet
  facet normal 0 0 1
    outer loop
      vertex 0 79.9 3.2
      vertex 0.800003 80.7 3.2
      vertex 0.695587 80.6931 3.2
    endloop
  endfacet
  facet normal 0 0 1
    outer loop
      vertex 12.5597 59.9693 3.2
      vertex 0 49 3.2
      vertex 13.4304 57.8671 3.2
    endloop
  endfacet
  facet normal 0 0 1
    outer loop
      vertex 0 79.9 3.2
      vertex 0.695587 80.6931 3.2
      vertex 0.592941 80.6727 3.2
    endloop
  endfacet
  facet normal 0 0 1
    outer loop
      vertex 13.4304 57.8671 3.2
      vertex 0 49 3.2
      vertex 0.800003 48.2 3.2
    endloop
  endfacet
  facet normal 0 0 1
    outer loop
      vertex 0 79.9 3.2
      vertex 0.592941 80.6727 3.2
      vertex 0.493851 80.6391 3.2
    endloop
  endfacet
  facet normal 0 0 1
    outer loop
      vertex 0.800003 48.2 3.2
      vertex 0 49 3.2
      vertex 0.695587 48.2069 3.2
    endloop
  endfacet
  facet normal 0 0 1
    outer loop
      vertex 0 79.9 3.2
      vertex 0.493851 80.6391 3.2
      vertex 0.400009 80.5928 3.2
    endloop
  endfacet
  facet normal 0 0 1
    outer loop
      vertex 0.695587 48.2069 3.2
      vertex 0 49 3.2
      vertex 0.592941 48.2273 3.2
    endloop
  endfacet
  facet normal 0 0 1
    outer loop
      vertex 0 79.9 3.2
      vertex 0.400009 80.5928 3.2
      vertex 0.312988 80.5347 3.2
    endloop
  endfacet
  facet normal 0 0 1
    outer loop
      vertex 0.592941 48.2273 3.2
      vertex 0 49 3.2
      vertex 0.493851 48.2609 3.2
    endloop
  endfacet
  facet normal 0 0 1
    outer loop
      vertex 0 79.9 3.2
      vertex 0.312988 80.5347 3.2
      vertex 0.234314 80.4657 3.2
    endloop
  endfacet
  facet normal 0 0 1
    outer loop
      vertex 0.493851 48.2609 3.2
      vertex 0 49 3.2
      vertex 0.400009 48.3072 3.2
    endloop
  endfacet
  facet normal 0 0 1
    outer loop
      vertex 0 79.9 3.2
      vertex 0.234314 80.4657 3.2
      vertex 0.165314 80.387 3.2
    endloop
  endfacet
  facet normal 0 0 1
    outer loop
      vertex 0.400009 48.3072 3.2
      vertex 0 49 3.2
      vertex 0.312988 48.3653 3.2
    endloop
  endfacet
  facet normal 0 0 1
    outer loop
      vertex 0 79.9 3.2
      vertex 0.165314 80.387 3.2
      vertex 0.107178 80.3 3.2
    endloop
  endfacet
  facet normal 0 0 1
    outer loop
      vertex 0.312988 48.3653 3.2
      vertex 0 49 3.2
      vertex 0.234314 48.4343 3.2
    endloop
  endfacet
  facet normal 0 0 1
    outer loop
      vertex 0 79.9 3.2
      vertex 0.107178 80.3 3.2
      vertex 0.0608978 80.2061 3.2
    endloop
  endfacet
  facet normal 0 0 1
    outer loop
      vertex 0.234314 48.4343 3.2
      vertex 0 49 3.2
      vertex 0.165314 48.513 3.2
    endloop
  endfacet
  facet normal 0 0 1
    outer loop
      vertex 0 79.9 3.2
      vertex 0.0608978 80.2061 3.2
      vertex 0.0272675 80.1071 3.2
    endloop
  endfacet
  facet normal 0 0 1
    outer loop
      vertex 0.165314 48.513 3.2
      vertex 0 49 3.2
      vertex 0.107178 48.6 3.2
    endloop
  endfacet
  facet normal 0 0 1
    outer loop
      vertex 0 79.9 3.2
      vertex 0.0272675 80.1071 3.2
      vertex 0.0068512 80.0044 3.2
    endloop
  endfacet
  facet normal 0 0 1
    outer loop
      vertex 0.107178 48.6 3.2
      vertex 0 49 3.2
      vertex 0.0608978 48.6939 3.2
    endloop
  endfacet
  facet normal 0 0 1
    outer loop
      vertex 0.0608978 48.6939 3.2
      vertex 0 49 3.2
      vertex 0.0272675 48.7929 3.2
    endloop
  endfacet
  facet normal 0 0 1
    outer loop
      vertex 0.0272675 48.7929 3.2
      vertex 0 49 3.2
      vertex 0.0068512 48.8956 3.2
    endloop
  endfacet
  facet normal 0.195013 -0.980801 0
    outer loop
      vertex 44.1544 48.2069 0
      vertex 44.257 48.2273 3.2
      vertex 44.1544 48.2069 3.2
    endloop
  endfacet
  facet normal 0.195013 -0.980801 0
    outer loop
      vertex 44.257 48.2273 3.2
      vertex 44.1544 48.2069 0
      vertex 44.257 48.2273 0
    endloop
  endfacet
  facet normal 0.44224 0.896897 -0
    outer loop
      vertex 44.45 80.5928 0
      vertex 44.3561 80.6391 3.2
      vertex 44.45 80.5928 3.2
    endloop
  endfacet
  facet normal 0.44224 0.896897 0
    outer loop
      vertex 44.3561 80.6391 3.2
      vertex 44.45 80.5928 0
      vertex 44.3561 80.6391 0
    endloop
  endfacet
  facet normal -0.980807 0.19498 0
    outer loop
      vertex 0.0068512 80.0044 0
      vertex 0.0272675 80.1071 3.2
      vertex 0.0272675 80.1071 0
    endloop
  endfacet
  facet normal -0.980807 0.19498 0
    outer loop
      vertex 0.0272675 80.1071 3.2
      vertex 0.0068512 80.0044 0
      vertex 0.0068512 80.0044 3.2
    endloop
  endfacet
  facet normal 0.946948 -0.321388 0
    outer loop
      vertex 44.7891 48.6939 3.2
      vertex 44.8227 48.7929 0
      vertex 44.8227 48.7929 3.2
    endloop
  endfacet
  facet normal 0.946948 -0.321388 0
    outer loop
      vertex 44.8227 48.7929 0
      vertex 44.7891 48.6939 3.2
      vertex 44.7891 48.6939 0
    endloop
  endfacet
  facet normal -0.194929 -0.980817 0
    outer loop
      vertex 0.592941 48.2273 0
      vertex 0.695587 48.2069 3.2
      vertex 0.592941 48.2273 3.2
    endloop
  endfacet
  facet normal -0.194929 -0.980817 -0
    outer loop
      vertex 0.695587 48.2069 3.2
      vertex 0.592941 48.2273 0
      vertex 0.695587 48.2069 0
    endloop
  endfacet
  facet normal 0.980837 0.19483 0
    outer loop
      vertex 44.8431 80.0044 3.2
      vertex 44.8227 80.1071 0
      vertex 44.8227 80.1071 3.2
    endloop
  endfacet
  facet normal 0.980837 0.19483 0
    outer loop
      vertex 44.8227 80.1071 0
      vertex 44.8431 80.0044 3.2
      vertex 44.8431 80.0044 0
    endloop
  endfacet
  facet normal -0.555269 0.831671 0
    outer loop
      vertex 0.400009 80.5928 0
      vertex 0.312988 80.5347 3.2
      vertex 0.400009 80.5928 3.2
    endloop
  endfacet
  facet normal -0.555269 0.831671 0
    outer loop
      vertex 0.312988 80.5347 3.2
      vertex 0.400009 80.5928 0
      vertex 0.312988 80.5347 0
    endloop
  endfacet
  facet normal 0.831609 -0.555362 0
    outer loop
      vertex 44.6847 48.513 3.2
      vertex 44.7428 48.6 0
      vertex 44.7428 48.6 3.2
    endloop
  endfacet
  facet normal 0.831609 -0.555362 0
    outer loop
      vertex 44.7428 48.6 0
      vertex 44.6847 48.513 3.2
      vertex 44.6847 48.513 0
    endloop
  endfacet
  facet normal -0.065938 -0.997824 0
    outer loop
      vertex 0.695587 48.2069 0
      vertex 0.800003 48.2 3.2
      vertex 0.695587 48.2069 3.2
    endloop
  endfacet
  facet normal -0.065938 -0.997824 -0
    outer loop
      vertex 0.800003 48.2 3.2
      vertex 0.695587 48.2069 0
      vertex 0.800003 48.2 0
    endloop
  endfacet
  facet normal -0.44246 -0.896788 0
    outer loop
      vertex 0.400009 48.3072 0
      vertex 0.493851 48.2609 3.2
      vertex 0.400009 48.3072 3.2
    endloop
  endfacet
  facet normal -0.44246 -0.896788 -0
    outer loop
      vertex 0.493851 48.2609 3.2
      vertex 0.400009 48.3072 0
      vertex 0.493851 48.2609 0
    endloop
  endfacet
  facet normal -0.751925 0.659248 0
    outer loop
      vertex 0.165314 80.387 0
      vertex 0.234314 80.4657 3.2
      vertex 0.234314 80.4657 0
    endloop
  endfacet
  facet normal -0.751925 0.659248 0
    outer loop
      vertex 0.234314 80.4657 3.2
      vertex 0.165314 80.387 0
      vertex 0.165314 80.387 3.2
    endloop
  endfacet
  facet normal -0.946859 0.321648 0
    outer loop
      vertex 0.0272675 80.1071 0
      vertex 0.0608978 80.2061 3.2
      vertex 0.0608978 80.2061 0
    endloop
  endfacet
  facet normal -0.946859 0.321648 0
    outer loop
      vertex 0.0608978 80.2061 3.2
      vertex 0.0272675 80.1071 0
      vertex 0.0272675 80.1071 3.2
    endloop
  endfacet
  facet normal 0.555362 0.831609 -0
    outer loop
      vertex 44.537 80.5347 0
      vertex 44.45 80.5928 3.2
      vertex 44.537 80.5347 3.2
    endloop
  endfacet
  facet normal 0.555362 0.831609 0
    outer loop
      vertex 44.45 80.5928 3.2
      vertex 44.537 80.5347 0
      vertex 44.45 80.5928 0
    endloop
  endfacet
  facet normal 0.0659481 0.997823 -0
    outer loop
      vertex 44.1544 80.6931 0
      vertex 44.05 80.7 3.2
      vertex 44.1544 80.6931 3.2
    endloop
  endfacet
  facet normal 0.0659481 0.997823 0
    outer loop
      vertex 44.05 80.7 3.2
      vertex 44.1544 80.6931 0
      vertex 44.05 80.7 0
    endloop
  endfacet
  facet normal -0.659371 -0.751817 0
    outer loop
      vertex 0.234314 48.4343 0
      vertex 0.312988 48.3653 3.2
      vertex 0.234314 48.4343 3.2
    endloop
  endfacet
  facet normal -0.659371 -0.751817 -0
    outer loop
      vertex 0.312988 48.3653 3.2
      vertex 0.234314 48.4343 0
      vertex 0.312988 48.3653 0
    endloop
  endfacet
  facet normal -0.980807 -0.19498 0
    outer loop
      vertex 0.0272675 48.7929 0
      vertex 0.0068512 48.8956 3.2
      vertex 0.0068512 48.8956 0
    endloop
  endfacet
  facet normal -0.980807 -0.19498 0
    outer loop
      vertex 0.0068512 48.8956 3.2
      vertex 0.0272675 48.7929 0
      vertex 0.0272675 48.7929 3.2
    endloop
  endfacet
  facet normal -0.659371 0.751817 0
    outer loop
      vertex 0.312988 80.5347 0
      vertex 0.234314 80.4657 3.2
      vertex 0.312988 80.5347 3.2
    endloop
  endfacet
  facet normal -0.659371 0.751817 0
    outer loop
      vertex 0.234314 80.4657 3.2
      vertex 0.312988 80.5347 0
      vertex 0.234314 80.4657 0
    endloop
  endfacet
  facet normal 0.997823 0.0659481 0
    outer loop
      vertex 44.85 79.9 3.2
      vertex 44.8431 80.0044 0
      vertex 44.8431 80.0044 3.2
    endloop
  endfacet
  facet normal 0.997823 0.0659481 0
    outer loop
      vertex 44.8431 80.0044 0
      vertex 44.85 79.9 3.2
      vertex 44.85 79.9 0
    endloop
  endfacet
  facet normal -0.44246 0.896788 0
    outer loop
      vertex 0.493851 80.6391 0
      vertex 0.400009 80.5928 3.2
      vertex 0.493851 80.6391 3.2
    endloop
  endfacet
  facet normal -0.44246 0.896788 0
    outer loop
      vertex 0.400009 80.5928 3.2
      vertex 0.493851 80.6391 0
      vertex 0.400009 80.5928 0
    endloop
  endfacet
  facet normal 0.896897 0.44224 0
    outer loop
      vertex 44.7891 80.2061 3.2
      vertex 44.7428 80.3 0
      vertex 44.7428 80.3 3.2
    endloop
  endfacet
  facet normal 0.896897 0.44224 0
    outer loop
      vertex 44.7428 80.3 0
      vertex 44.7891 80.2061 3.2
      vertex 44.7891 80.2061 0
    endloop
  endfacet
  facet normal 0.946948 0.321388 0
    outer loop
      vertex 44.8227 80.1071 3.2
      vertex 44.7891 80.2061 0
      vertex 44.7891 80.2061 3.2
    endloop
  endfacet
  facet normal 0.946948 0.321388 0
    outer loop
      vertex 44.7891 80.2061 0
      vertex 44.8227 80.1071 3.2
      vertex 44.8227 80.1071 0
    endloop
  endfacet
  facet normal 0.831609 0.555362 0
    outer loop
      vertex 44.7428 80.3 3.2
      vertex 44.6847 80.387 0
      vertex 44.6847 80.387 3.2
    endloop
  endfacet
  facet normal 0.831609 0.555362 0
    outer loop
      vertex 44.6847 80.387 0
      vertex 44.7428 80.3 3.2
      vertex 44.7428 80.3 0
    endloop
  endfacet
  facet normal 0.555362 -0.831609 0
    outer loop
      vertex 44.45 48.3072 0
      vertex 44.537 48.3653 3.2
      vertex 44.45 48.3072 3.2
    endloop
  endfacet
  facet normal 0.555362 -0.831609 0
    outer loop
      vertex 44.537 48.3653 3.2
      vertex 44.45 48.3072 0
      vertex 44.537 48.3653 0
    endloop
  endfacet
  facet normal 0.195294 0.980745 -0
    outer loop
      vertex 101.65 63.55 0
      vertex 101.306 63.6185 3.2
      vertex 101.65 63.55 3.2
    endloop
  endfacet
  facet normal 0.195294 0.980745 0
    outer loop
      vertex 101.306 63.6185 3.2
      vertex 101.65 63.55 0
      vertex 101.306 63.6185 0
    endloop
  endfacet
  facet normal -0.831612 -0.555357 0
    outer loop
      vertex 102.481 64.7944 0
      vertex 102.286 65.0864 3.2
      vertex 102.286 65.0864 0
    endloop
  endfacet
  facet normal -0.831612 -0.555357 0
    outer loop
      vertex 102.286 65.0864 3.2
      vertex 102.481 64.7944 0
      vertex 102.481 64.7944 3.2
    endloop
  endfacet
  facet normal -0.980515 -0.196445 0
    outer loop
      vertex 102.55 64.45 0
      vertex 102.481 64.7944 3.2
      vertex 102.481 64.7944 0
    endloop
  endfacet
  facet normal -0.980515 -0.196445 0
    outer loop
      vertex 102.481 64.7944 3.2
      vertex 102.55 64.45 0
      vertex 102.55 64.45 3.2
    endloop
  endfacet
  facet normal -0.555554 -0.83148 0
    outer loop
      vertex 101.994 65.2815 0
      vertex 102.286 65.0864 3.2
      vertex 101.994 65.2815 3.2
    endloop
  endfacet
  facet normal -0.555554 -0.83148 -0
    outer loop
      vertex 102.286 65.0864 3.2
      vertex 101.994 65.2815 0
      vertex 102.286 65.0864 0
    endloop
  endfacet
  facet normal -0.831612 0.555357 0
    outer loop
      vertex 102.286 63.8136 0
      vertex 102.481 64.1056 3.2
      vertex 102.481 64.1056 0
    endloop
  endfacet
  facet normal -0.831612 0.555357 0
    outer loop
      vertex 102.481 64.1056 3.2
      vertex 102.286 63.8136 0
      vertex 102.286 63.8136 3.2
    endloop
  endfacet
  facet normal -0.555554 0.83148 0
    outer loop
      vertex 102.286 63.8136 0
      vertex 101.994 63.6185 3.2
      vertex 102.286 63.8136 3.2
    endloop
  endfacet
  facet normal -0.555554 0.83148 0
    outer loop
      vertex 101.994 63.6185 3.2
      vertex 102.286 63.8136 0
      vertex 101.994 63.6185 0
    endloop
  endfacet
  facet normal 0.980515 0.196445 0
    outer loop
      vertex 100.819 64.1056 3.2
      vertex 100.75 64.45 0
      vertex 100.75 64.45 3.2
    endloop
  endfacet
  facet normal 0.980515 0.196445 0
    outer loop
      vertex 100.75 64.45 0
      vertex 100.819 64.1056 3.2
      vertex 100.819 64.1056 0
    endloop
  endfacet
  facet normal 0.555554 -0.83148 0
    outer loop
      vertex 101.014 65.0864 0
      vertex 101.306 65.2815 3.2
      vertex 101.014 65.0864 3.2
    endloop
  endfacet
  facet normal 0.555554 -0.83148 0
    outer loop
      vertex 101.306 65.2815 3.2
      vertex 101.014 65.0864 0
      vertex 101.306 65.2815 0
    endloop
  endfacet
  facet normal 0.831612 -0.555357 0
    outer loop
      vertex 100.819 64.7944 3.2
      vertex 101.014 65.0864 0
      vertex 101.014 65.0864 3.2
    endloop
  endfacet
  facet normal 0.831612 -0.555357 0
    outer loop
      vertex 101.014 65.0864 0
      vertex 100.819 64.7944 3.2
      vertex 100.819 64.7944 0
    endloop
  endfacet
  facet normal 0.195294 -0.980745 0
    outer loop
      vertex 101.306 65.2815 0
      vertex 101.65 65.35 3.2
      vertex 101.306 65.2815 3.2
    endloop
  endfacet
  facet normal 0.195294 -0.980745 0
    outer loop
      vertex 101.65 65.35 3.2
      vertex 101.306 65.2815 0
      vertex 101.65 65.35 0
    endloop
  endfacet
  facet normal -0.195294 -0.980745 0
    outer loop
      vertex 101.65 65.35 0
      vertex 101.994 65.2815 3.2
      vertex 101.65 65.35 3.2
    endloop
  endfacet
  facet normal -0.195294 -0.980745 -0
    outer loop
      vertex 101.994 65.2815 3.2
      vertex 101.65 65.35 0
      vertex 101.994 65.2815 0
    endloop
  endfacet
  facet normal -0.980515 0.196445 0
    outer loop
      vertex 102.481 64.1056 0
      vertex 102.55 64.45 3.2
      vertex 102.55 64.45 0
    endloop
  endfacet
  facet normal -0.980515 0.196445 0
    outer loop
      vertex 102.55 64.45 3.2
      vertex 102.481 64.1056 0
      vertex 102.481 64.1056 3.2
    endloop
  endfacet
  facet normal -0.195294 0.980745 0
    outer loop
      vertex 101.994 63.6185 0
      vertex 101.65 63.55 3.2
      vertex 101.994 63.6185 3.2
    endloop
  endfacet
  facet normal -0.195294 0.980745 0
    outer loop
      vertex 101.65 63.55 3.2
      vertex 101.994 63.6185 0
      vertex 101.65 63.55 0
    endloop
  endfacet
  facet normal 0.980515 -0.196445 0
    outer loop
      vertex 100.75 64.45 3.2
      vertex 100.819 64.7944 0
      vertex 100.819 64.7944 3.2
    endloop
  endfacet
  facet normal 0.980515 -0.196445 0
    outer loop
      vertex 100.819 64.7944 0
      vertex 100.75 64.45 3.2
      vertex 100.75 64.45 0
    endloop
  endfacet
  facet normal 0.555554 0.83148 -0
    outer loop
      vertex 101.306 63.6185 0
      vertex 101.014 63.8136 3.2
      vertex 101.306 63.6185 3.2
    endloop
  endfacet
  facet normal 0.555554 0.83148 0
    outer loop
      vertex 101.014 63.8136 3.2
      vertex 101.306 63.6185 0
      vertex 101.014 63.8136 0
    endloop
  endfacet
  facet normal 0.831612 0.555357 0
    outer loop
      vertex 101.014 63.8136 3.2
      vertex 100.819 64.1056 0
      vertex 100.819 64.1056 3.2
    endloop
  endfacet
  facet normal 0.831612 0.555357 0
    outer loop
      vertex 100.819 64.1056 0
      vertex 101.014 63.8136 3.2
      vertex 101.014 63.8136 0
    endloop
  endfacet
  facet normal -0.831612 -0.555357 0
    outer loop
      vertex 105.081 64.7944 0
      vertex 104.886 65.0864 3.2
      vertex 104.886 65.0864 0
    endloop
  endfacet
  facet normal -0.831612 -0.555357 0
    outer loop
      vertex 104.886 65.0864 3.2
      vertex 105.081 64.7944 0
      vertex 105.081 64.7944 3.2
    endloop
  endfacet
  facet normal -0.980515 -0.196445 0
    outer loop
      vertex 105.15 64.45 0
      vertex 105.081 64.7944 3.2
      vertex 105.081 64.7944 0
    endloop
  endfacet
  facet normal -0.980515 -0.196445 0
    outer loop
      vertex 105.081 64.7944 3.2
      vertex 105.15 64.45 0
      vertex 105.15 64.45 3.2
    endloop
  endfacet
  facet normal -0.555554 -0.83148 0
    outer loop
      vertex 104.594 65.2815 0
      vertex 104.886 65.0864 3.2
      vertex 104.594 65.2815 3.2
    endloop
  endfacet
  facet normal -0.555554 -0.83148 -0
    outer loop
      vertex 104.886 65.0864 3.2
      vertex 104.594 65.2815 0
      vertex 104.886 65.0864 0
    endloop
  endfacet
  facet normal 0.980515 0.196445 0
    outer loop
      vertex 103.419 64.1056 3.2
      vertex 103.35 64.45 0
      vertex 103.35 64.45 3.2
    endloop
  endfacet
  facet normal 0.980515 0.196445 0
    outer loop
      vertex 103.35 64.45 0
      vertex 103.419 64.1056 3.2
      vertex 103.419 64.1056 0
    endloop
  endfacet
  facet normal -0.555554 0.83148 0
    outer loop
      vertex 104.886 63.8136 0
      vertex 104.594 63.6185 3.2
      vertex 104.886 63.8136 3.2
    endloop
  endfacet
  facet normal -0.555554 0.83148 0
    outer loop
      vertex 104.594 63.6185 3.2
      vertex 104.886 63.8136 0
      vertex 104.594 63.6185 0
    endloop
  endfacet
  facet normal 0.831612 -0.555357 0
    outer loop
      vertex 103.419 64.7944 3.2
      vertex 103.614 65.0864 0
      vertex 103.614 65.0864 3.2
    endloop
  endfacet
  facet normal 0.831612 -0.555357 0
    outer loop
      vertex 103.614 65.0864 0
      vertex 103.419 64.7944 3.2
      vertex 103.419 64.7944 0
    endloop
  endfacet
  facet normal 0.195294 0.980745 -0
    outer loop
      vertex 104.25 63.55 0
      vertex 103.906 63.6185 3.2
      vertex 104.25 63.55 3.2
    endloop
  endfacet
  facet normal 0.195294 0.980745 0
    outer loop
      vertex 103.906 63.6185 3.2
      vertex 104.25 63.55 0
      vertex 103.906 63.6185 0
    endloop
  endfacet
  facet normal -0.195294 -0.980745 0
    outer loop
      vertex 104.25 65.35 0
      vertex 104.594 65.2815 3.2
      vertex 104.25 65.35 3.2
    endloop
  endfacet
  facet normal -0.195294 -0.980745 -0
    outer loop
      vertex 104.594 65.2815 3.2
      vertex 104.25 65.35 0
      vertex 104.594 65.2815 0
    endloop
  endfacet
  facet normal 0.195294 -0.980745 0
    outer loop
      vertex 103.906 65.2815 0
      vertex 104.25 65.35 3.2
      vertex 103.906 65.2815 3.2
    endloop
  endfacet
  facet normal 0.195294 -0.980745 0
    outer loop
      vertex 104.25 65.35 3.2
      vertex 103.906 65.2815 0
      vertex 104.25 65.35 0
    endloop
  endfacet
  facet normal -0.831612 0.555357 0
    outer loop
      vertex 104.886 63.8136 0
      vertex 105.081 64.1056 3.2
      vertex 105.081 64.1056 0
    endloop
  endfacet
  facet normal -0.831612 0.555357 0
    outer loop
      vertex 105.081 64.1056 3.2
      vertex 104.886 63.8136 0
      vertex 104.886 63.8136 3.2
    endloop
  endfacet
  facet normal -0.980515 0.196445 0
    outer loop
      vertex 105.081 64.1056 0
      vertex 105.15 64.45 3.2
      vertex 105.15 64.45 0
    endloop
  endfacet
  facet normal -0.980515 0.196445 0
    outer loop
      vertex 105.15 64.45 3.2
      vertex 105.081 64.1056 0
      vertex 105.081 64.1056 3.2
    endloop
  endfacet
  facet normal 0.831612 0.555357 0
    outer loop
      vertex 103.614 63.8136 3.2
      vertex 103.419 64.1056 0
      vertex 103.419 64.1056 3.2
    endloop
  endfacet
  facet normal 0.831612 0.555357 0
    outer loop
      vertex 103.419 64.1056 0
      vertex 103.614 63.8136 3.2
      vertex 103.614 63.8136 0
    endloop
  endfacet
  facet normal -0.195294 0.980745 0
    outer loop
      vertex 104.594 63.6185 0
      vertex 104.25 63.55 3.2
      vertex 104.594 63.6185 3.2
    endloop
  endfacet
  facet normal -0.195294 0.980745 0
    outer loop
      vertex 104.25 63.55 3.2
      vertex 104.594 63.6185 0
      vertex 104.25 63.55 0
    endloop
  endfacet
  facet normal 0.980515 -0.196445 0
    outer loop
      vertex 103.35 64.45 3.2
      vertex 103.419 64.7944 0
      vertex 103.419 64.7944 3.2
    endloop
  endfacet
  facet normal 0.980515 -0.196445 0
    outer loop
      vertex 103.419 64.7944 0
      vertex 103.35 64.45 3.2
      vertex 103.35 64.45 0
    endloop
  endfacet
  facet normal 0.555554 -0.83148 0
    outer loop
      vertex 103.614 65.0864 0
      vertex 103.906 65.2815 3.2
      vertex 103.614 65.0864 3.2
    endloop
  endfacet
  facet normal 0.555554 -0.83148 0
    outer loop
      vertex 103.906 65.2815 3.2
      vertex 103.614 65.0864 0
      vertex 103.906 65.2815 0
    endloop
  endfacet
  facet normal 0.555554 0.83148 -0
    outer loop
      vertex 103.906 63.6185 0
      vertex 103.614 63.8136 3.2
      vertex 103.906 63.6185 3.2
    endloop
  endfacet
  facet normal 0.555554 0.83148 0
    outer loop
      vertex 103.614 63.8136 3.2
      vertex 103.906 63.6185 0
      vertex 103.614 63.8136 0
    endloop
  endfacet
  facet normal 0.980788 -0.195075 0
    outer loop
      vertex 99.45 66.7017 3.2
      vertex 99.5185 67.0461 0
      vertex 99.5185 67.0461 3.2
    endloop
  endfacet
  facet normal 0.980788 -0.195075 0
    outer loop
      vertex 99.5185 67.0461 0
      vertex 99.45 66.7017 3.2
      vertex 99.45 66.7017 0
    endloop
  endfacet
  facet normal -0.831612 -0.555357 0
    outer loop
      vertex 101.181 67.0461 0
      vertex 100.986 67.3381 3.2
      vertex 100.986 67.3381 0
    endloop
  endfacet
  facet normal -0.831612 -0.555357 0
    outer loop
      vertex 100.986 67.3381 3.2
      vertex 101.181 67.0461 0
      vertex 101.181 67.0461 3.2
    endloop
  endfacet
  facet normal -0.980515 -0.196445 0
    outer loop
      vertex 101.25 66.7017 0
      vertex 101.181 67.0461 3.2
      vertex 101.181 67.0461 0
    endloop
  endfacet
  facet normal -0.980515 -0.196445 0
    outer loop
      vertex 101.181 67.0461 3.2
      vertex 101.25 66.7017 0
      vertex 101.25 66.7017 3.2
    endloop
  endfacet
  facet normal -0.555554 -0.83148 0
    outer loop
      vertex 100.694 67.5332 0
      vertex 100.986 67.3381 3.2
      vertex 100.694 67.5332 3.2
    endloop
  endfacet
  facet normal -0.555554 -0.83148 -0
    outer loop
      vertex 100.986 67.3381 3.2
      vertex 100.694 67.5332 0
      vertex 100.986 67.3381 0
    endloop
  endfacet
  facet normal -0.831612 0.555357 0
    outer loop
      vertex 100.986 66.0653 0
      vertex 101.181 66.3573 3.2
      vertex 101.181 66.3573 0
    endloop
  endfacet
  facet normal -0.831612 0.555357 0
    outer loop
      vertex 101.181 66.3573 3.2
      vertex 100.986 66.0653 0
      vertex 100.986 66.0653 3.2
    endloop
  endfacet
  facet normal -0.555554 0.83148 0
    outer loop
      vertex 100.986 66.0653 0
      vertex 100.694 65.8702 3.2
      vertex 100.986 66.0653 3.2
    endloop
  endfacet
  facet normal -0.555554 0.83148 0
    outer loop
      vertex 100.694 65.8702 3.2
      vertex 100.986 66.0653 0
      vertex 100.694 65.8702 0
    endloop
  endfacet
  facet normal 0.555028 -0.831831 0
    outer loop
      vertex 99.7136 67.3381 0
      vertex 100.006 67.5332 3.2
      vertex 99.7136 67.3381 3.2
    endloop
  endfacet
  facet normal 0.555028 -0.831831 0
    outer loop
      vertex 100.006 67.5332 3.2
      vertex 99.7136 67.3381 0
      vertex 100.006 67.5332 0
    endloop
  endfacet
  facet normal 0.195294 0.980745 -0
    outer loop
      vertex 100.35 65.8017 0
      vertex 100.006 65.8702 3.2
      vertex 100.35 65.8017 3.2
    endloop
  endfacet
  facet normal 0.195294 0.980745 0
    outer loop
      vertex 100.006 65.8702 3.2
      vertex 100.35 65.8017 0
      vertex 100.006 65.8702 0
    endloop
  endfacet
  facet normal -0.195294 0.980745 0
    outer loop
      vertex 100.694 65.8702 0
      vertex 100.35 65.8017 3.2
      vertex 100.694 65.8702 3.2
    endloop
  endfacet
  facet normal -0.195294 0.980745 0
    outer loop
      vertex 100.35 65.8017 3.2
      vertex 100.694 65.8702 0
      vertex 100.35 65.8017 0
    endloop
  endfacet
  facet normal 0.195294 -0.980745 0
    outer loop
      vertex 100.006 67.5332 0
      vertex 100.35 67.6017 3.2
      vertex 100.006 67.5332 3.2
    endloop
  endfacet
  facet normal 0.195294 -0.980745 0
    outer loop
      vertex 100.35 67.6017 3.2
      vertex 100.006 67.5332 0
      vertex 100.35 67.6017 0
    endloop
  endfacet
  facet normal -0.195294 -0.980745 0
    outer loop
      vertex 100.35 67.6017 0
      vertex 100.694 67.5332 3.2
      vertex 100.35 67.6017 3.2
    endloop
  endfacet
  facet normal -0.195294 -0.980745 -0
    outer loop
      vertex 100.694 67.5332 3.2
      vertex 100.35 67.6017 0
      vertex 100.694 67.5332 0
    endloop
  endfacet
  facet normal -0.980515 0.196445 0
    outer loop
      vertex 101.181 66.3573 0
      vertex 101.25 66.7017 3.2
      vertex 101.25 66.7017 0
    endloop
  endfacet
  facet normal -0.980515 0.196445 0
    outer loop
      vertex 101.25 66.7017 3.2
      vertex 101.181 66.3573 0
      vertex 101.181 66.3573 3.2
    endloop
  endfacet
  facet normal 0.83148 -0.555554 0
    outer loop
      vertex 99.5185 67.0461 3.2
      vertex 99.7136 67.3381 0
      vertex 99.7136 67.3381 3.2
    endloop
  endfacet
  facet normal 0.83148 -0.555554 0
    outer loop
      vertex 99.7136 67.3381 0
      vertex 99.5185 67.0461 3.2
      vertex 99.5185 67.0461 0
    endloop
  endfacet
  facet normal 0.83148 0.555554 0
    outer loop
      vertex 99.7136 66.0653 3.2
      vertex 99.5185 66.3573 0
      vertex 99.5185 66.3573 3.2
    endloop
  endfacet
  facet normal 0.83148 0.555554 0
    outer loop
      vertex 99.5185 66.3573 0
      vertex 99.7136 66.0653 3.2
      vertex 99.7136 66.0653 0
    endloop
  endfacet
  facet normal 0.980788 0.195075 0
    outer loop
      vertex 99.5185 66.3573 3.2
      vertex 99.45 66.7017 0
      vertex 99.45 66.7017 3.2
    endloop
  endfacet
  facet normal 0.980788 0.195075 0
    outer loop
      vertex 99.45 66.7017 0
      vertex 99.5185 66.3573 3.2
      vertex 99.5185 66.3573 0
    endloop
  endfacet
  facet normal 0.555028 0.831831 -0
    outer loop
      vertex 100.006 65.8702 0
      vertex 99.7136 66.0653 3.2
      vertex 100.006 65.8702 3.2
    endloop
  endfacet
  facet normal 0.555028 0.831831 0
    outer loop
      vertex 99.7136 66.0653 3.2
      vertex 100.006 65.8702 0
      vertex 99.7136 66.0653 0
    endloop
  endfacet
  facet normal 0.195294 0.980745 -0
    outer loop
      vertex 101.65 68.0533 0
      vertex 101.306 68.1218 3.2
      vertex 101.65 68.0533 3.2
    endloop
  endfacet
  facet normal 0.195294 0.980745 0
    outer loop
      vertex 101.306 68.1218 3.2
      vertex 101.65 68.0533 0
      vertex 101.306 68.1218 0
    endloop
  endfacet
  facet normal -0.831612 -0.555357 0
    outer loop
      vertex 102.481 69.2977 0
      vertex 102.286 69.5897 3.2
      vertex 102.286 69.5897 0
    endloop
  endfacet
  facet normal -0.831612 -0.555357 0
    outer loop
      vertex 102.286 69.5897 3.2
      vertex 102.481 69.2977 0
      vertex 102.481 69.2977 3.2
    endloop
  endfacet
  facet normal -0.980515 -0.196445 0
    outer loop
      vertex 102.55 68.9533 0
      vertex 102.481 69.2977 3.2
      vertex 102.481 69.2977 0
    endloop
  endfacet
  facet normal -0.980515 -0.196445 0
    outer loop
      vertex 102.481 69.2977 3.2
      vertex 102.55 68.9533 0
      vertex 102.55 68.9533 3.2
    endloop
  endfacet
  facet normal -0.555554 -0.83148 0
    outer loop
      vertex 101.994 69.7848 0
      vertex 102.286 69.5897 3.2
      vertex 101.994 69.7848 3.2
    endloop
  endfacet
  facet normal -0.555554 -0.83148 -0
    outer loop
      vertex 102.286 69.5897 3.2
      vertex 101.994 69.7848 0
      vertex 102.286 69.5897 0
    endloop
  endfacet
  facet normal -0.831612 0.555357 0
    outer loop
      vertex 102.286 68.3169 0
      vertex 102.481 68.6089 3.2
      vertex 102.481 68.6089 0
    endloop
  endfacet
  facet normal -0.831612 0.555357 0
    outer loop
      vertex 102.481 68.6089 3.2
      vertex 102.286 68.3169 0
      vertex 102.286 68.3169 3.2
    endloop
  endfacet
  facet normal -0.555554 0.83148 0
    outer loop
      vertex 102.286 68.3169 0
      vertex 101.994 68.1218 3.2
      vertex 102.286 68.3169 3.2
    endloop
  endfacet
  facet normal -0.555554 0.83148 0
    outer loop
      vertex 101.994 68.1218 3.2
      vertex 102.286 68.3169 0
      vertex 101.994 68.1218 0
    endloop
  endfacet
  facet normal 0.980515 0.196445 0
    outer loop
      vertex 100.819 68.6089 3.2
      vertex 100.75 68.9533 0
      vertex 100.75 68.9533 3.2
    endloop
  endfacet
  facet normal 0.980515 0.196445 0
    outer loop
      vertex 100.75 68.9533 0
      vertex 100.819 68.6089 3.2
      vertex 100.819 68.6089 0
    endloop
  endfacet
  facet normal 0.555554 -0.83148 0
    outer loop
      vertex 101.014 69.5897 0
      vertex 101.306 69.7848 3.2
      vertex 101.014 69.5897 3.2
    endloop
  endfacet
  facet normal 0.555554 -0.83148 0
    outer loop
      vertex 101.306 69.7848 3.2
      vertex 101.014 69.5897 0
      vertex 101.306 69.7848 0
    endloop
  endfacet
  facet normal 0.831612 -0.555357 0
    outer loop
      vertex 100.819 69.2977 3.2
      vertex 101.014 69.5897 0
      vertex 101.014 69.5897 3.2
    endloop
  endfacet
  facet normal 0.831612 -0.555357 0
    outer loop
      vertex 101.014 69.5897 0
      vertex 100.819 69.2977 3.2
      vertex 100.819 69.2977 0
    endloop
  endfacet
  facet normal 0.195294 -0.980745 0
    outer loop
      vertex 101.306 69.7848 0
      vertex 101.65 69.8533 3.2
      vertex 101.306 69.7848 3.2
    endloop
  endfacet
  facet normal 0.195294 -0.980745 0
    outer loop
      vertex 101.65 69.8533 3.2
      vertex 101.306 69.7848 0
      vertex 101.65 69.8533 0
    endloop
  endfacet
  facet normal -0.195294 -0.980745 0
    outer loop
      vertex 101.65 69.8533 0
      vertex 101.994 69.7848 3.2
      vertex 101.65 69.8533 3.2
    endloop
  endfacet
  facet normal -0.195294 -0.980745 -0
    outer loop
      vertex 101.994 69.7848 3.2
      vertex 101.65 69.8533 0
      vertex 101.994 69.7848 0
    endloop
  endfacet
  facet normal -0.980515 0.196445 0
    outer loop
      vertex 102.481 68.6089 0
      vertex 102.55 68.9533 3.2
      vertex 102.55 68.9533 0
    endloop
  endfacet
  facet normal -0.980515 0.196445 0
    outer loop
      vertex 102.55 68.9533 3.2
      vertex 102.481 68.6089 0
      vertex 102.481 68.6089 3.2
    endloop
  endfacet
  facet normal -0.195294 0.980745 0
    outer loop
      vertex 101.994 68.1218 0
      vertex 101.65 68.0533 3.2
      vertex 101.994 68.1218 3.2
    endloop
  endfacet
  facet normal -0.195294 0.980745 0
    outer loop
      vertex 101.65 68.0533 3.2
      vertex 101.994 68.1218 0
      vertex 101.65 68.0533 0
    endloop
  endfacet
  facet normal 0.980515 -0.196445 0
    outer loop
      vertex 100.75 68.9533 3.2
      vertex 100.819 69.2977 0
      vertex 100.819 69.2977 3.2
    endloop
  endfacet
  facet normal 0.980515 -0.196445 0
    outer loop
      vertex 100.819 69.2977 0
      vertex 100.75 68.9533 3.2
      vertex 100.75 68.9533 0
    endloop
  endfacet
  facet normal 0.555554 0.83148 -0
    outer loop
      vertex 101.306 68.1218 0
      vertex 101.014 68.3169 3.2
      vertex 101.306 68.1218 3.2
    endloop
  endfacet
  facet normal 0.555554 0.83148 0
    outer loop
      vertex 101.014 68.3169 3.2
      vertex 101.306 68.1218 0
      vertex 101.014 68.3169 0
    endloop
  endfacet
  facet normal 0.831612 0.555357 0
    outer loop
      vertex 101.014 68.3169 3.2
      vertex 100.819 68.6089 0
      vertex 100.819 68.6089 3.2
    endloop
  endfacet
  facet normal 0.831612 0.555357 0
    outer loop
      vertex 100.819 68.6089 0
      vertex 101.014 68.3169 3.2
      vertex 101.014 68.3169 0
    endloop
  endfacet
  facet normal -0.83148 -0.555554 0
    outer loop
      vertex 98.5815 67.0461 0
      vertex 98.3864 67.3381 3.2
      vertex 98.3864 67.3381 0
    endloop
  endfacet
  facet normal -0.83148 -0.555554 0
    outer loop
      vertex 98.3864 67.3381 3.2
      vertex 98.5815 67.0461 0
      vertex 98.5815 67.0461 3.2
    endloop
  endfacet
  facet normal -0.980788 -0.195075 0
    outer loop
      vertex 98.65 66.7017 0
      vertex 98.5815 67.0461 3.2
      vertex 98.5815 67.0461 0
    endloop
  endfacet
  facet normal -0.980788 -0.195075 0
    outer loop
      vertex 98.5815 67.0461 3.2
      vertex 98.65 66.7017 0
      vertex 98.65 66.7017 3.2
    endloop
  endfacet
  facet normal -0.555554 -0.83148 0
    outer loop
      vertex 98.0944 67.5332 0
      vertex 98.3864 67.3381 3.2
      vertex 98.0944 67.5332 3.2
    endloop
  endfacet
  facet normal -0.555554 -0.83148 -0
    outer loop
      vertex 98.3864 67.3381 3.2
      vertex 98.0944 67.5332 0
      vertex 98.3864 67.3381 0
    endloop
  endfacet
  facet normal 0.980788 0.195075 0
    outer loop
      vertex 96.9185 66.3573 3.2
      vertex 96.85 66.7017 0
      vertex 96.85 66.7017 3.2
    endloop
  endfacet
  facet normal 0.980788 0.195075 0
    outer loop
      vertex 96.85 66.7017 0
      vertex 96.9185 66.3573 3.2
      vertex 96.9185 66.3573 0
    endloop
  endfacet
  facet normal -0.555554 0.83148 0
    outer loop
      vertex 98.3864 66.0653 0
      vertex 98.0944 65.8702 3.2
      vertex 98.3864 66.0653 3.2
    endloop
  endfacet
  facet normal -0.555554 0.83148 0
    outer loop
      vertex 98.0944 65.8702 3.2
      vertex 98.3864 66.0653 0
      vertex 98.0944 65.8702 0
    endloop
  endfacet
  facet normal 0.83148 -0.555554 0
    outer loop
      vertex 96.9185 67.0461 3.2
      vertex 97.1136 67.3381 0
      vertex 97.1136 67.3381 3.2
    endloop
  endfacet
  facet normal 0.83148 -0.555554 0
    outer loop
      vertex 97.1136 67.3381 0
      vertex 96.9185 67.0461 3.2
      vertex 96.9185 67.0461 0
    endloop
  endfacet
  facet normal 0.195075 0.980788 -0
    outer loop
      vertex 97.75 65.8017 0
      vertex 97.4056 65.8702 3.2
      vertex 97.75 65.8017 3.2
    endloop
  endfacet
  facet normal 0.195075 0.980788 0
    outer loop
      vertex 97.4056 65.8702 3.2
      vertex 97.75 65.8017 0
      vertex 97.4056 65.8702 0
    endloop
  endfacet
  facet normal -0.195075 -0.980788 0
    outer loop
      vertex 97.75 67.6017 0
      vertex 98.0944 67.5332 3.2
      vertex 97.75 67.6017 3.2
    endloop
  endfacet
  facet normal -0.195075 -0.980788 -0
    outer loop
      vertex 98.0944 67.5332 3.2
      vertex 97.75 67.6017 0
      vertex 98.0944 67.5332 0
    endloop
  endfacet
  facet normal 0.195075 -0.980788 0
    outer loop
      vertex 97.4056 67.5332 0
      vertex 97.75 67.6017 3.2
      vertex 97.4056 67.5332 3.2
    endloop
  endfacet
  facet normal 0.195075 -0.980788 0
    outer loop
      vertex 97.75 67.6017 3.2
      vertex 97.4056 67.5332 0
      vertex 97.75 67.6017 0
    endloop
  endfacet
  facet normal -0.83148 0.555554 0
    outer loop
      vertex 98.3864 66.0653 0
      vertex 98.5815 66.3573 3.2
      vertex 98.5815 66.3573 0
    endloop
  endfacet
  facet normal -0.83148 0.555554 0
    outer loop
      vertex 98.5815 66.3573 3.2
      vertex 98.3864 66.0653 0
      vertex 98.3864 66.0653 3.2
    endloop
  endfacet
  facet normal -0.980788 0.195075 0
    outer loop
      vertex 98.5815 66.3573 0
      vertex 98.65 66.7017 3.2
      vertex 98.65 66.7017 0
    endloop
  endfacet
  facet normal -0.980788 0.195075 0
    outer loop
      vertex 98.65 66.7017 3.2
      vertex 98.5815 66.3573 0
      vertex 98.5815 66.3573 3.2
    endloop
  endfacet
  facet normal 0.83148 0.555554 0
    outer loop
      vertex 97.1136 66.0653 3.2
      vertex 96.9185 66.3573 0
      vertex 96.9185 66.3573 3.2
    endloop
  endfacet
  facet normal 0.83148 0.555554 0
    outer loop
      vertex 96.9185 66.3573 0
      vertex 97.1136 66.0653 3.2
      vertex 97.1136 66.0653 0
    endloop
  endfacet
  facet normal -0.195075 0.980788 0
    outer loop
      vertex 98.0944 65.8702 0
      vertex 97.75 65.8017 3.2
      vertex 98.0944 65.8702 3.2
    endloop
  endfacet
  facet normal -0.195075 0.980788 0
    outer loop
      vertex 97.75 65.8017 3.2
      vertex 98.0944 65.8702 0
      vertex 97.75 65.8017 0
    endloop
  endfacet
  facet normal 0.980788 -0.195075 0
    outer loop
      vertex 96.85 66.7017 3.2
      vertex 96.9185 67.0461 0
      vertex 96.9185 67.0461 3.2
    endloop
  endfacet
  facet normal 0.980788 -0.195075 0
    outer loop
      vertex 96.9185 67.0461 0
      vertex 96.85 66.7017 3.2
      vertex 96.85 66.7017 0
    endloop
  endfacet
  facet normal 0.555554 -0.83148 0
    outer loop
      vertex 97.1136 67.3381 0
      vertex 97.4056 67.5332 3.2
      vertex 97.1136 67.3381 3.2
    endloop
  endfacet
  facet normal 0.555554 -0.83148 0
    outer loop
      vertex 97.4056 67.5332 3.2
      vertex 97.1136 67.3381 0
      vertex 97.4056 67.5332 0
    endloop
  endfacet
  facet normal 0.555554 0.83148 -0
    outer loop
      vertex 97.4056 65.8702 0
      vertex 97.1136 66.0653 3.2
      vertex 97.4056 65.8702 3.2
    endloop
  endfacet
  facet normal 0.555554 0.83148 0
    outer loop
      vertex 97.1136 66.0653 3.2
      vertex 97.4056 65.8702 0
      vertex 97.1136 66.0653 0
    endloop
  endfacet
  facet normal 0.195075 0.980788 -0
    outer loop
      vertex 96.45 68.0533 0
      vertex 96.1056 68.1218 3.2
      vertex 96.45 68.0533 3.2
    endloop
  endfacet
  facet normal 0.195075 0.980788 0
    outer loop
      vertex 96.1056 68.1218 3.2
      vertex 96.45 68.0533 0
      vertex 96.1056 68.1218 0
    endloop
  endfacet
  facet normal -0.83148 -0.555554 0
    outer loop
      vertex 97.2815 69.2977 0
      vertex 97.0864 69.5897 3.2
      vertex 97.0864 69.5897 0
    endloop
  endfacet
  facet normal -0.83148 -0.555554 0
    outer loop
      vertex 97.0864 69.5897 3.2
      vertex 97.2815 69.2977 0
      vertex 97.2815 69.2977 3.2
    endloop
  endfacet
  facet normal -0.980788 -0.195075 0
    outer loop
      vertex 97.35 68.9533 0
      vertex 97.2815 69.2977 3.2
      vertex 97.2815 69.2977 0
    endloop
  endfacet
  facet normal -0.980788 -0.195075 0
    outer loop
      vertex 97.2815 69.2977 3.2
      vertex 97.35 68.9533 0
      vertex 97.35 68.9533 3.2
    endloop
  endfacet
  facet normal -0.555554 -0.83148 0
    outer loop
      vertex 96.7944 69.7848 0
      vertex 97.0864 69.5897 3.2
      vertex 96.7944 69.7848 3.2
    endloop
  endfacet
  facet normal -0.555554 -0.83148 -0
    outer loop
      vertex 97.0864 69.5897 3.2
      vertex 96.7944 69.7848 0
      vertex 97.0864 69.5897 0
    endloop
  endfacet
  facet normal -0.83148 0.555554 0
    outer loop
      vertex 97.0864 68.3169 0
      vertex 97.2815 68.6089 3.2
      vertex 97.2815 68.6089 0
    endloop
  endfacet
  facet normal -0.83148 0.555554 0
    outer loop
      vertex 97.2815 68.6089 3.2
      vertex 97.0864 68.3169 0
      vertex 97.0864 68.3169 3.2
    endloop
  endfacet
  facet normal -0.555554 0.83148 0
    outer loop
      vertex 97.0864 68.3169 0
      vertex 96.7944 68.1218 3.2
      vertex 97.0864 68.3169 3.2
    endloop
  endfacet
  facet normal -0.555554 0.83148 0
    outer loop
      vertex 96.7944 68.1218 3.2
      vertex 97.0864 68.3169 0
      vertex 96.7944 68.1218 0
    endloop
  endfacet
  facet normal 0.980788 -0.195075 0
    outer loop
      vertex 95.55 68.9533 3.2
      vertex 95.6185 69.2977 0
      vertex 95.6185 69.2977 3.2
    endloop
  endfacet
  facet normal 0.980788 -0.195075 0
    outer loop
      vertex 95.6185 69.2977 0
      vertex 95.55 68.9533 3.2
      vertex 95.55 68.9533 0
    endloop
  endfacet
  facet normal -0.195075 0.980788 0
    outer loop
      vertex 96.7944 68.1218 0
      vertex 96.45 68.0533 3.2
      vertex 96.7944 68.1218 3.2
    endloop
  endfacet
  facet normal -0.195075 0.980788 0
    outer loop
      vertex 96.45 68.0533 3.2
      vertex 96.7944 68.1218 0
      vertex 96.45 68.0533 0
    endloop
  endfacet
  facet normal 0.555554 -0.83148 0
    outer loop
      vertex 95.8136 69.5897 0
      vertex 96.1056 69.7848 3.2
      vertex 95.8136 69.5897 3.2
    endloop
  endfacet
  facet normal 0.555554 -0.83148 0
    outer loop
      vertex 96.1056 69.7848 3.2
      vertex 95.8136 69.5897 0
      vertex 96.1056 69.7848 0
    endloop
  endfacet
  facet normal -0.980788 0.195075 0
    outer loop
      vertex 97.2815 68.6089 0
      vertex 97.35 68.9533 3.2
      vertex 97.35 68.9533 0
    endloop
  endfacet
  facet normal -0.980788 0.195075 0
    outer loop
      vertex 97.35 68.9533 3.2
      vertex 97.2815 68.6089 0
      vertex 97.2815 68.6089 3.2
    endloop
  endfacet
  facet normal 0.980788 0.195075 0
    outer loop
      vertex 95.6185 68.6089 3.2
      vertex 95.55 68.9533 0
      vertex 95.55 68.9533 3.2
    endloop
  endfacet
  facet normal 0.980788 0.195075 0
    outer loop
      vertex 95.55 68.9533 0
      vertex 95.6185 68.6089 3.2
      vertex 95.6185 68.6089 0
    endloop
  endfacet
  facet normal 0.195075 -0.980788 0
    outer loop
      vertex 96.1056 69.7848 0
      vertex 96.45 69.8533 3.2
      vertex 96.1056 69.7848 3.2
    endloop
  endfacet
  facet normal 0.195075 -0.980788 0
    outer loop
      vertex 96.45 69.8533 3.2
      vertex 96.1056 69.7848 0
      vertex 96.45 69.8533 0
    endloop
  endfacet
  facet normal -0.195075 -0.980788 0
    outer loop
      vertex 96.45 69.8533 0
      vertex 96.7944 69.7848 3.2
      vertex 96.45 69.8533 3.2
    endloop
  endfacet
  facet normal -0.195075 -0.980788 -0
    outer loop
      vertex 96.7944 69.7848 3.2
      vertex 96.45 69.8533 0
      vertex 96.7944 69.7848 0
    endloop
  endfacet
  facet normal 0.83148 0.555554 0
    outer loop
      vertex 95.8136 68.3169 3.2
      vertex 95.6185 68.6089 0
      vertex 95.6185 68.6089 3.2
    endloop
  endfacet
  facet normal 0.83148 0.555554 0
    outer loop
      vertex 95.6185 68.6089 0
      vertex 95.8136 68.3169 3.2
      vertex 95.8136 68.3169 0
    endloop
  endfacet
  facet normal 0.83148 -0.555554 0
    outer loop
      vertex 95.6185 69.2977 3.2
      vertex 95.8136 69.5897 0
      vertex 95.8136 69.5897 3.2
    endloop
  endfacet
  facet normal 0.83148 -0.555554 0
    outer loop
      vertex 95.8136 69.5897 0
      vertex 95.6185 69.2977 3.2
      vertex 95.6185 69.2977 0
    endloop
  endfacet
  facet normal 0.555554 0.83148 -0
    outer loop
      vertex 96.1056 68.1218 0
      vertex 95.8136 68.3169 3.2
      vertex 96.1056 68.1218 3.2
    endloop
  endfacet
  facet normal 0.555554 0.83148 0
    outer loop
      vertex 95.8136 68.3169 3.2
      vertex 96.1056 68.1218 0
      vertex 95.8136 68.3169 0
    endloop
  endfacet
  facet normal -0.83148 -0.555554 0
    outer loop
      vertex 97.2815 64.7944 0
      vertex 97.0864 65.0864 3.2
      vertex 97.0864 65.0864 0
    endloop
  endfacet
  facet normal -0.83148 -0.555554 0
    outer loop
      vertex 97.0864 65.0864 3.2
      vertex 97.2815 64.7944 0
      vertex 97.2815 64.7944 3.2
    endloop
  endfacet
  facet normal -0.980788 -0.195075 0
    outer loop
      vertex 97.35 64.45 0
      vertex 97.2815 64.7944 3.2
      vertex 97.2815 64.7944 0
    endloop
  endfacet
  facet normal -0.980788 -0.195075 0
    outer loop
      vertex 97.2815 64.7944 3.2
      vertex 97.35 64.45 0
      vertex 97.35 64.45 3.2
    endloop
  endfacet
  facet normal -0.555554 -0.83148 0
    outer loop
      vertex 96.7944 65.2815 0
      vertex 97.0864 65.0864 3.2
      vertex 96.7944 65.2815 3.2
    endloop
  endfacet
  facet normal -0.555554 -0.83148 -0
    outer loop
      vertex 97.0864 65.0864 3.2
      vertex 96.7944 65.2815 0
      vertex 97.0864 65.0864 0
    endloop
  endfacet
  facet normal 0.980788 0.195075 0
    outer loop
      vertex 95.6185 64.1056 3.2
      vertex 95.55 64.45 0
      vertex 95.55 64.45 3.2
    endloop
  endfacet
  facet normal 0.980788 0.195075 0
    outer loop
      vertex 95.55 64.45 0
      vertex 95.6185 64.1056 3.2
      vertex 95.6185 64.1056 0
    endloop
  endfacet
  facet normal -0.555554 0.83148 0
    outer loop
      vertex 97.0864 63.8136 0
      vertex 96.7944 63.6185 3.2
      vertex 97.0864 63.8136 3.2
    endloop
  endfacet
  facet normal -0.555554 0.83148 0
    outer loop
      vertex 96.7944 63.6185 3.2
      vertex 97.0864 63.8136 0
      vertex 96.7944 63.6185 0
    endloop
  endfacet
  facet normal 0.83148 -0.555554 0
    outer loop
      vertex 95.6185 64.7944 3.2
      vertex 95.8136 65.0864 0
      vertex 95.8136 65.0864 3.2
    endloop
  endfacet
  facet normal 0.83148 -0.555554 0
    outer loop
      vertex 95.8136 65.0864 0
      vertex 95.6185 64.7944 3.2
      vertex 95.6185 64.7944 0
    endloop
  endfacet
  facet normal 0.195075 0.980788 -0
    outer loop
      vertex 96.45 63.55 0
      vertex 96.1056 63.6185 3.2
      vertex 96.45 63.55 3.2
    endloop
  endfacet
  facet normal 0.195075 0.980788 0
    outer loop
      vertex 96.1056 63.6185 3.2
      vertex 96.45 63.55 0
      vertex 96.1056 63.6185 0
    endloop
  endfacet
  facet normal -0.195075 -0.980788 0
    outer loop
      vertex 96.45 65.35 0
      vertex 96.7944 65.2815 3.2
      vertex 96.45 65.35 3.2
    endloop
  endfacet
  facet normal -0.195075 -0.980788 -0
    outer loop
      vertex 96.7944 65.2815 3.2
      vertex 96.45 65.35 0
      vertex 96.7944 65.2815 0
    endloop
  endfacet
  facet normal 0.195075 -0.980788 0
    outer loop
      vertex 96.1056 65.2815 0
      vertex 96.45 65.35 3.2
      vertex 96.1056 65.2815 3.2
    endloop
  endfacet
  facet normal 0.195075 -0.980788 0
    outer loop
      vertex 96.45 65.35 3.2
      vertex 96.1056 65.2815 0
      vertex 96.45 65.35 0
    endloop
  endfacet
  facet normal -0.83148 0.555554 0
    outer loop
      vertex 97.0864 63.8136 0
      vertex 97.2815 64.1056 3.2
      vertex 97.2815 64.1056 0
    endloop
  endfacet
  facet normal -0.83148 0.555554 0
    outer loop
      vertex 97.2815 64.1056 3.2
      vertex 97.0864 63.8136 0
      vertex 97.0864 63.8136 3.2
    endloop
  endfacet
  facet normal -0.980788 0.195075 0
    outer loop
      vertex 97.2815 64.1056 0
      vertex 97.35 64.45 3.2
      vertex 97.35 64.45 0
    endloop
  endfacet
  facet normal -0.980788 0.195075 0
    outer loop
      vertex 97.35 64.45 3.2
      vertex 97.2815 64.1056 0
      vertex 97.2815 64.1056 3.2
    endloop
  endfacet
  facet normal 0.83148 0.555554 0
    outer loop
      vertex 95.8136 63.8136 3.2
      vertex 95.6185 64.1056 0
      vertex 95.6185 64.1056 3.2
    endloop
  endfacet
  facet normal 0.83148 0.555554 0
    outer loop
      vertex 95.6185 64.1056 0
      vertex 95.8136 63.8136 3.2
      vertex 95.8136 63.8136 0
    endloop
  endfacet
  facet normal -0.195075 0.980788 0
    outer loop
      vertex 96.7944 63.6185 0
      vertex 96.45 63.55 3.2
      vertex 96.7944 63.6185 3.2
    endloop
  endfacet
  facet normal -0.195075 0.980788 0
    outer loop
      vertex 96.45 63.55 3.2
      vertex 96.7944 63.6185 0
      vertex 96.45 63.55 0
    endloop
  endfacet
  facet normal 0.980788 -0.195075 0
    outer loop
      vertex 95.55 64.45 3.2
      vertex 95.6185 64.7944 0
      vertex 95.6185 64.7944 3.2
    endloop
  endfacet
  facet normal 0.980788 -0.195075 0
    outer loop
      vertex 95.6185 64.7944 0
      vertex 95.55 64.45 3.2
      vertex 95.55 64.45 0
    endloop
  endfacet
  facet normal 0.555554 -0.83148 0
    outer loop
      vertex 95.8136 65.0864 0
      vertex 96.1056 65.2815 3.2
      vertex 95.8136 65.0864 3.2
    endloop
  endfacet
  facet normal 0.555554 -0.83148 0
    outer loop
      vertex 96.1056 65.2815 3.2
      vertex 95.8136 65.0864 0
      vertex 96.1056 65.2815 0
    endloop
  endfacet
  facet normal 0.555554 0.83148 -0
    outer loop
      vertex 96.1056 63.6185 0
      vertex 95.8136 63.8136 3.2
      vertex 96.1056 63.6185 3.2
    endloop
  endfacet
  facet normal 0.555554 0.83148 0
    outer loop
      vertex 95.8136 63.8136 3.2
      vertex 96.1056 63.6185 0
      vertex 95.8136 63.8136 0
    endloop
  endfacet
  facet normal -0.83148 -0.555554 0
    outer loop
      vertex 94.6815 64.7944 0
      vertex 94.4864 65.0864 3.2
      vertex 94.4864 65.0864 0
    endloop
  endfacet
  facet normal -0.83148 -0.555554 0
    outer loop
      vertex 94.4864 65.0864 3.2
      vertex 94.6815 64.7944 0
      vertex 94.6815 64.7944 3.2
    endloop
  endfacet
  facet normal -0.980788 -0.195075 0
    outer loop
      vertex 94.75 64.45 0
      vertex 94.6815 64.7944 3.2
      vertex 94.6815 64.7944 0
    endloop
  endfacet
  facet normal -0.980788 -0.195075 0
    outer loop
      vertex 94.6815 64.7944 3.2
      vertex 94.75 64.45 0
      vertex 94.75 64.45 3.2
    endloop
  endfacet
  facet normal -0.555554 -0.83148 0
    outer loop
      vertex 94.1944 65.2815 0
      vertex 94.4864 65.0864 3.2
      vertex 94.1944 65.2815 3.2
    endloop
  endfacet
  facet normal -0.555554 -0.83148 -0
    outer loop
      vertex 94.4864 65.0864 3.2
      vertex 94.1944 65.2815 0
      vertex 94.4864 65.0864 0
    endloop
  endfacet
  facet normal -0.83148 0.555554 0
    outer loop
      vertex 94.4864 63.8136 0
      vertex 94.6815 64.1056 3.2
      vertex 94.6815 64.1056 0
    endloop
  endfacet
  facet normal -0.83148 0.555554 0
    outer loop
      vertex 94.6815 64.1056 3.2
      vertex 94.4864 63.8136 0
      vertex 94.4864 63.8136 3.2
    endloop
  endfacet
  facet normal 0.195075 -0.980788 0
    outer loop
      vertex 93.5056 65.2815 0
      vertex 93.85 65.35 3.2
      vertex 93.5056 65.2815 3.2
    endloop
  endfacet
  facet normal 0.195075 -0.980788 0
    outer loop
      vertex 93.85 65.35 3.2
      vertex 93.5056 65.2815 0
      vertex 93.85 65.35 0
    endloop
  endfacet
  facet normal 0.83148 -0.555554 0
    outer loop
      vertex 93.0185 64.7944 3.2
      vertex 93.2136 65.0864 0
      vertex 93.2136 65.0864 3.2
    endloop
  endfacet
  facet normal 0.83148 -0.555554 0
    outer loop
      vertex 93.2136 65.0864 0
      vertex 93.0185 64.7944 3.2
      vertex 93.0185 64.7944 0
    endloop
  endfacet
  facet normal 0.980788 -0.195075 0
    outer loop
      vertex 92.95 64.45 3.2
      vertex 93.0185 64.7944 0
      vertex 93.0185 64.7944 3.2
    endloop
  endfacet
  facet normal 0.980788 -0.195075 0
    outer loop
      vertex 93.0185 64.7944 0
      vertex 92.95 64.45 3.2
      vertex 92.95 64.45 0
    endloop
  endfacet
  facet normal -0.195075 0.980788 0
    outer loop
      vertex 94.1944 63.6185 0
      vertex 93.85 63.55 3.2
      vertex 94.1944 63.6185 3.2
    endloop
  endfacet
  facet normal -0.195075 0.980788 0
    outer loop
      vertex 93.85 63.55 3.2
      vertex 94.1944 63.6185 0
      vertex 93.85 63.55 0
    endloop
  endfacet
  facet normal 0.195075 0.980788 -0
    outer loop
      vertex 93.85 63.55 0
      vertex 93.5056 63.6185 3.2
      vertex 93.85 63.55 3.2
    endloop
  endfacet
  facet normal 0.195075 0.980788 0
    outer loop
      vertex 93.5056 63.6185 3.2
      vertex 93.85 63.55 0
      vertex 93.5056 63.6185 0
    endloop
  endfacet
  facet normal 0.980788 0.195075 0
    outer loop
      vertex 93.0185 64.1056 3.2
      vertex 92.95 64.45 0
      vertex 92.95 64.45 3.2
    endloop
  endfacet
  facet normal 0.980788 0.195075 0
    outer loop
      vertex 92.95 64.45 0
      vertex 93.0185 64.1056 3.2
      vertex 93.0185 64.1056 0
    endloop
  endfacet
  facet normal -0.195075 -0.980788 0
    outer loop
      vertex 93.85 65.35 0
      vertex 94.1944 65.2815 3.2
      vertex 93.85 65.35 3.2
    endloop
  endfacet
  facet normal -0.195075 -0.980788 -0
    outer loop
      vertex 94.1944 65.2815 3.2
      vertex 93.85 65.35 0
      vertex 94.1944 65.2815 0
    endloop
  endfacet
  facet normal -0.980788 0.195075 0
    outer loop
      vertex 94.6815 64.1056 0
      vertex 94.75 64.45 3.2
      vertex 94.75 64.45 0
    endloop
  endfacet
  facet normal -0.980788 0.195075 0
    outer loop
      vertex 94.75 64.45 3.2
      vertex 94.6815 64.1056 0
      vertex 94.6815 64.1056 3.2
    endloop
  endfacet
  facet normal -0.555554 0.83148 0
    outer loop
      vertex 94.4864 63.8136 0
      vertex 94.1944 63.6185 3.2
      vertex 94.4864 63.8136 3.2
    endloop
  endfacet
  facet normal -0.555554 0.83148 0
    outer loop
      vertex 94.1944 63.6185 3.2
      vertex 94.4864 63.8136 0
      vertex 94.1944 63.6185 0
    endloop
  endfacet
  facet normal 0.83148 0.555554 0
    outer loop
      vertex 93.2136 63.8136 3.2
      vertex 93.0185 64.1056 0
      vertex 93.0185 64.1056 3.2
    endloop
  endfacet
  facet normal 0.83148 0.555554 0
    outer loop
      vertex 93.0185 64.1056 0
      vertex 93.2136 63.8136 3.2
      vertex 93.2136 63.8136 0
    endloop
  endfacet
  facet normal 0.555554 -0.83148 0
    outer loop
      vertex 93.2136 65.0864 0
      vertex 93.5056 65.2815 3.2
      vertex 93.2136 65.0864 3.2
    endloop
  endfacet
  facet normal 0.555554 -0.83148 0
    outer loop
      vertex 93.5056 65.2815 3.2
      vertex 93.2136 65.0864 0
      vertex 93.5056 65.2815 0
    endloop
  endfacet
  facet normal 0.555554 0.83148 -0
    outer loop
      vertex 93.5056 63.6185 0
      vertex 93.2136 63.8136 3.2
      vertex 93.5056 63.6185 3.2
    endloop
  endfacet
  facet normal 0.555554 0.83148 0
    outer loop
      vertex 93.2136 63.8136 3.2
      vertex 93.5056 63.6185 0
      vertex 93.2136 63.8136 0
    endloop
  endfacet
  facet normal -0.83148 -0.555554 0
    outer loop
      vertex 98.5815 62.5427 0
      vertex 98.3864 62.8347 3.2
      vertex 98.3864 62.8347 0
    endloop
  endfacet
  facet normal -0.83148 -0.555554 0
    outer loop
      vertex 98.3864 62.8347 3.2
      vertex 98.5815 62.5427 0
      vertex 98.5815 62.5427 3.2
    endloop
  endfacet
  facet normal -0.980788 -0.195075 0
    outer loop
      vertex 98.65 62.1983 0
      vertex 98.5815 62.5427 3.2
      vertex 98.5815 62.5427 0
    endloop
  endfacet
  facet normal -0.980788 -0.195075 0
    outer loop
      vertex 98.5815 62.5427 3.2
      vertex 98.65 62.1983 0
      vertex 98.65 62.1983 3.2
    endloop
  endfacet
  facet normal -0.555554 -0.83148 0
    outer loop
      vertex 98.0944 63.0298 0
      vertex 98.3864 62.8347 3.2
      vertex 98.0944 63.0298 3.2
    endloop
  endfacet
  facet normal -0.555554 -0.83148 -0
    outer loop
      vertex 98.3864 62.8347 3.2
      vertex 98.0944 63.0298 0
      vertex 98.3864 62.8347 0
    endloop
  endfacet
  facet normal 0.980788 0.195075 0
    outer loop
      vertex 96.9185 61.8539 3.2
      vertex 96.85 62.1983 0
      vertex 96.85 62.1983 3.2
    endloop
  endfacet
  facet normal 0.980788 0.195075 0
    outer loop
      vertex 96.85 62.1983 0
      vertex 96.9185 61.8539 3.2
      vertex 96.9185 61.8539 0
    endloop
  endfacet
  facet normal -0.555554 0.83148 0
    outer loop
      vertex 98.3864 61.5619 0
      vertex 98.0944 61.3668 3.2
      vertex 98.3864 61.5619 3.2
    endloop
  endfacet
  facet normal -0.555554 0.83148 0
    outer loop
      vertex 98.0944 61.3668 3.2
      vertex 98.3864 61.5619 0
      vertex 98.0944 61.3668 0
    endloop
  endfacet
  facet normal 0.83148 -0.555554 0
    outer loop
      vertex 96.9185 62.5427 3.2
      vertex 97.1136 62.8347 0
      vertex 97.1136 62.8347 3.2
    endloop
  endfacet
  facet normal 0.83148 -0.555554 0
    outer loop
      vertex 97.1136 62.8347 0
      vertex 96.9185 62.5427 3.2
      vertex 96.9185 62.5427 0
    endloop
  endfacet
  facet normal 0.195075 0.980788 -0
    outer loop
      vertex 97.75 61.2983 0
      vertex 97.4056 61.3668 3.2
      vertex 97.75 61.2983 3.2
    endloop
  endfacet
  facet normal 0.195075 0.980788 0
    outer loop
      vertex 97.4056 61.3668 3.2
      vertex 97.75 61.2983 0
      vertex 97.4056 61.3668 0
    endloop
  endfacet
  facet normal -0.195075 -0.980788 0
    outer loop
      vertex 97.75 63.0983 0
      vertex 98.0944 63.0298 3.2
      vertex 97.75 63.0983 3.2
    endloop
  endfacet
  facet normal -0.195075 -0.980788 -0
    outer loop
      vertex 98.0944 63.0298 3.2
      vertex 97.75 63.0983 0
      vertex 98.0944 63.0298 0
    endloop
  endfacet
  facet normal 0.195075 -0.980788 0
    outer loop
      vertex 97.4056 63.0298 0
      vertex 97.75 63.0983 3.2
      vertex 97.4056 63.0298 3.2
    endloop
  endfacet
  facet normal 0.195075 -0.980788 0
    outer loop
      vertex 97.75 63.0983 3.2
      vertex 97.4056 63.0298 0
      vertex 97.75 63.0983 0
    endloop
  endfacet
  facet normal 0.555554 -0.83148 0
    outer loop
      vertex 97.1136 62.8347 0
      vertex 97.4056 63.0298 3.2
      vertex 97.1136 62.8347 3.2
    endloop
  endfacet
  facet normal 0.555554 -0.83148 0
    outer loop
      vertex 97.4056 63.0298 3.2
      vertex 97.1136 62.8347 0
      vertex 97.4056 63.0298 0
    endloop
  endfacet
  facet normal -0.83148 0.555554 0
    outer loop
      vertex 98.3864 61.5619 0
      vertex 98.5815 61.8539 3.2
      vertex 98.5815 61.8539 0
    endloop
  endfacet
  facet normal -0.83148 0.555554 0
    outer loop
      vertex 98.5815 61.8539 3.2
      vertex 98.3864 61.5619 0
      vertex 98.3864 61.5619 3.2
    endloop
  endfacet
  facet normal -0.980788 0.195075 0
    outer loop
      vertex 98.5815 61.8539 0
      vertex 98.65 62.1983 3.2
      vertex 98.65 62.1983 0
    endloop
  endfacet
  facet normal -0.980788 0.195075 0
    outer loop
      vertex 98.65 62.1983 3.2
      vertex 98.5815 61.8539 0
      vertex 98.5815 61.8539 3.2
    endloop
  endfacet
  facet normal 0.83148 0.555554 0
    outer loop
      vertex 97.1136 61.5619 3.2
      vertex 96.9185 61.8539 0
      vertex 96.9185 61.8539 3.2
    endloop
  endfacet
  facet normal 0.83148 0.555554 0
    outer loop
      vertex 96.9185 61.8539 0
      vertex 97.1136 61.5619 3.2
      vertex 97.1136 61.5619 0
    endloop
  endfacet
  facet normal -0.195075 0.980788 0
    outer loop
      vertex 98.0944 61.3668 0
      vertex 97.75 61.2983 3.2
      vertex 98.0944 61.3668 3.2
    endloop
  endfacet
  facet normal -0.195075 0.980788 0
    outer loop
      vertex 97.75 61.2983 3.2
      vertex 98.0944 61.3668 0
      vertex 97.75 61.2983 0
    endloop
  endfacet
  facet normal 0.980788 -0.195075 0
    outer loop
      vertex 96.85 62.1983 3.2
      vertex 96.9185 62.5427 0
      vertex 96.9185 62.5427 3.2
    endloop
  endfacet
  facet normal 0.980788 -0.195075 0
    outer loop
      vertex 96.9185 62.5427 0
      vertex 96.85 62.1983 3.2
      vertex 96.85 62.1983 0
    endloop
  endfacet
  facet normal 0.555554 0.83148 -0
    outer loop
      vertex 97.4056 61.3668 0
      vertex 97.1136 61.5619 3.2
      vertex 97.4056 61.3668 3.2
    endloop
  endfacet
  facet normal 0.555554 0.83148 0
    outer loop
      vertex 97.1136 61.5619 3.2
      vertex 97.4056 61.3668 0
      vertex 97.1136 61.5619 0
    endloop
  endfacet
  facet normal -0.83148 -0.555554 0
    outer loop
      vertex 97.2815 60.2911 0
      vertex 97.0864 60.5831 3.2
      vertex 97.0864 60.5831 0
    endloop
  endfacet
  facet normal -0.83148 -0.555554 0
    outer loop
      vertex 97.0864 60.5831 3.2
      vertex 97.2815 60.2911 0
      vertex 97.2815 60.2911 3.2
    endloop
  endfacet
  facet normal -0.980788 -0.195075 0
    outer loop
      vertex 97.35 59.9467 0
      vertex 97.2815 60.2911 3.2
      vertex 97.2815 60.2911 0
    endloop
  endfacet
  facet normal -0.980788 -0.195075 0
    outer loop
      vertex 97.2815 60.2911 3.2
      vertex 97.35 59.9467 0
      vertex 97.35 59.9467 3.2
    endloop
  endfacet
  facet normal -0.555554 -0.83148 0
    outer loop
      vertex 96.7944 60.7782 0
      vertex 97.0864 60.5831 3.2
      vertex 96.7944 60.7782 3.2
    endloop
  endfacet
  facet normal -0.555554 -0.83148 -0
    outer loop
      vertex 97.0864 60.5831 3.2
      vertex 96.7944 60.7782 0
      vertex 97.0864 60.5831 0
    endloop
  endfacet
  facet normal 0.980788 0.195075 0
    outer loop
      vertex 95.6185 59.6023 3.2
      vertex 95.55 59.9467 0
      vertex 95.55 59.9467 3.2
    endloop
  endfacet
  facet normal 0.980788 0.195075 0
    outer loop
      vertex 95.55 59.9467 0
      vertex 95.6185 59.6023 3.2
      vertex 95.6185 59.6023 0
    endloop
  endfacet
  facet normal -0.555554 0.83148 0
    outer loop
      vertex 97.0864 59.3103 0
      vertex 96.7944 59.1152 3.2
      vertex 97.0864 59.3103 3.2
    endloop
  endfacet
  facet normal -0.555554 0.83148 0
    outer loop
      vertex 96.7944 59.1152 3.2
      vertex 97.0864 59.3103 0
      vertex 96.7944 59.1152 0
    endloop
  endfacet
  facet normal 0.83148 -0.555554 0
    outer loop
      vertex 95.6185 60.2911 3.2
      vertex 95.8136 60.5831 0
      vertex 95.8136 60.5831 3.2
    endloop
  endfacet
  facet normal 0.83148 -0.555554 0
    outer loop
      vertex 95.8136 60.5831 0
      vertex 95.6185 60.2911 3.2
      vertex 95.6185 60.2911 0
    endloop
  endfacet
  facet normal -0.83148 0.555554 0
    outer loop
      vertex 97.0864 59.3103 0
      vertex 97.2815 59.6023 3.2
      vertex 97.2815 59.6023 0
    endloop
  endfacet
  facet normal -0.83148 0.555554 0
    outer loop
      vertex 97.2815 59.6023 3.2
      vertex 97.0864 59.3103 0
      vertex 97.0864 59.3103 3.2
    endloop
  endfacet
  facet normal 0.195075 0.980788 -0
    outer loop
      vertex 96.45 59.0467 0
      vertex 96.1056 59.1152 3.2
      vertex 96.45 59.0467 3.2
    endloop
  endfacet
  facet normal 0.195075 0.980788 0
    outer loop
      vertex 96.1056 59.1152 3.2
      vertex 96.45 59.0467 0
      vertex 96.1056 59.1152 0
    endloop
  endfacet
  facet normal -0.195075 -0.980788 0
    outer loop
      vertex 96.45 60.8467 0
      vertex 96.7944 60.7782 3.2
      vertex 96.45 60.8467 3.2
    endloop
  endfacet
  facet normal -0.195075 -0.980788 -0
    outer loop
      vertex 96.7944 60.7782 3.2
      vertex 96.45 60.8467 0
      vertex 96.7944 60.7782 0
    endloop
  endfacet
  facet normal 0.195075 -0.980788 0
    outer loop
      vertex 96.1056 60.7782 0
      vertex 96.45 60.8467 3.2
      vertex 96.1056 60.7782 3.2
    endloop
  endfacet
  facet normal 0.195075 -0.980788 0
    outer loop
      vertex 96.45 60.8467 3.2
      vertex 96.1056 60.7782 0
      vertex 96.45 60.8467 0
    endloop
  endfacet
  facet normal -0.980788 0.195075 0
    outer loop
      vertex 97.2815 59.6023 0
      vertex 97.35 59.9467 3.2
      vertex 97.35 59.9467 0
    endloop
  endfacet
  facet normal -0.980788 0.195075 0
    outer loop
      vertex 97.35 59.9467 3.2
      vertex 97.2815 59.6023 0
      vertex 97.2815 59.6023 3.2
    endloop
  endfacet
  facet normal 0.83148 0.555554 0
    outer loop
      vertex 95.8136 59.3103 3.2
      vertex 95.6185 59.6023 0
      vertex 95.6185 59.6023 3.2
    endloop
  endfacet
  facet normal 0.83148 0.555554 0
    outer loop
      vertex 95.6185 59.6023 0
      vertex 95.8136 59.3103 3.2
      vertex 95.8136 59.3103 0
    endloop
  endfacet
  facet normal -0.195075 0.980788 0
    outer loop
      vertex 96.7944 59.1152 0
      vertex 96.45 59.0467 3.2
      vertex 96.7944 59.1152 3.2
    endloop
  endfacet
  facet normal -0.195075 0.980788 0
    outer loop
      vertex 96.45 59.0467 3.2
      vertex 96.7944 59.1152 0
      vertex 96.45 59.0467 0
    endloop
  endfacet
  facet normal 0.980788 -0.195075 0
    outer loop
      vertex 95.55 59.9467 3.2
      vertex 95.6185 60.2911 0
      vertex 95.6185 60.2911 3.2
    endloop
  endfacet
  facet normal 0.980788 -0.195075 0
    outer loop
      vertex 95.6185 60.2911 0
      vertex 95.55 59.9467 3.2
      vertex 95.55 59.9467 0
    endloop
  endfacet
  facet normal 0.555554 -0.83148 0
    outer loop
      vertex 95.8136 60.5831 0
      vertex 96.1056 60.7782 3.2
      vertex 95.8136 60.5831 3.2
    endloop
  endfacet
  facet normal 0.555554 -0.83148 0
    outer loop
      vertex 96.1056 60.7782 3.2
      vertex 95.8136 60.5831 0
      vertex 96.1056 60.7782 0
    endloop
  endfacet
  facet normal 0.555554 0.83148 -0
    outer loop
      vertex 96.1056 59.1152 0
      vertex 95.8136 59.3103 3.2
      vertex 96.1056 59.1152 3.2
    endloop
  endfacet
  facet normal 0.555554 0.83148 0
    outer loop
      vertex 95.8136 59.3103 3.2
      vertex 96.1056 59.1152 0
      vertex 95.8136 59.3103 0
    endloop
  endfacet
  facet normal -0.831612 -0.555357 0
    outer loop
      vertex 101.181 62.5427 0
      vertex 100.986 62.8347 3.2
      vertex 100.986 62.8347 0
    endloop
  endfacet
  facet normal -0.831612 -0.555357 0
    outer loop
      vertex 100.986 62.8347 3.2
      vertex 101.181 62.5427 0
      vertex 101.181 62.5427 3.2
    endloop
  endfacet
  facet normal -0.980515 -0.196445 0
    outer loop
      vertex 101.25 62.1983 0
      vertex 101.181 62.5427 3.2
      vertex 101.181 62.5427 0
    endloop
  endfacet
  facet normal -0.980515 -0.196445 0
    outer loop
      vertex 101.181 62.5427 3.2
      vertex 101.25 62.1983 0
      vertex 101.25 62.1983 3.2
    endloop
  endfacet
  facet normal -0.555554 -0.83148 0
    outer loop
      vertex 100.694 63.0298 0
      vertex 100.986 62.8347 3.2
      vertex 100.694 63.0298 3.2
    endloop
  endfacet
  facet normal -0.555554 -0.83148 -0
    outer loop
      vertex 100.986 62.8347 3.2
      vertex 100.694 63.0298 0
      vertex 100.986 62.8347 0
    endloop
  endfacet
  facet normal -0.831612 0.555357 0
    outer loop
      vertex 100.986 61.5619 0
      vertex 101.181 61.8539 3.2
      vertex 101.181 61.8539 0
    endloop
  endfacet
  facet normal -0.831612 0.555357 0
    outer loop
      vertex 101.181 61.8539 3.2
      vertex 100.986 61.5619 0
      vertex 100.986 61.5619 3.2
    endloop
  endfacet
  facet normal 0.195294 -0.980745 0
    outer loop
      vertex 100.006 63.0298 0
      vertex 100.35 63.0983 3.2
      vertex 100.006 63.0298 3.2
    endloop
  endfacet
  facet normal 0.195294 -0.980745 0
    outer loop
      vertex 100.35 63.0983 3.2
      vertex 100.006 63.0298 0
      vertex 100.35 63.0983 0
    endloop
  endfacet
  facet normal 0.83148 -0.555554 0
    outer loop
      vertex 99.5185 62.5427 3.2
      vertex 99.7136 62.8347 0
      vertex 99.7136 62.8347 3.2
    endloop
  endfacet
  facet normal 0.83148 -0.555554 0
    outer loop
      vertex 99.7136 62.8347 0
      vertex 99.5185 62.5427 3.2
      vertex 99.5185 62.5427 0
    endloop
  endfacet
  facet normal 0.980788 -0.195075 0
    outer loop
      vertex 99.45 62.1983 3.2
      vertex 99.5185 62.5427 0
      vertex 99.5185 62.5427 3.2
    endloop
  endfacet
  facet normal 0.980788 -0.195075 0
    outer loop
      vertex 99.5185 62.5427 0
      vertex 99.45 62.1983 3.2
      vertex 99.45 62.1983 0
    endloop
  endfacet
  facet normal -0.195294 0.980745 0
    outer loop
      vertex 100.694 61.3668 0
      vertex 100.35 61.2983 3.2
      vertex 100.694 61.3668 3.2
    endloop
  endfacet
  facet normal -0.195294 0.980745 0
    outer loop
      vertex 100.35 61.2983 3.2
      vertex 100.694 61.3668 0
      vertex 100.35 61.2983 0
    endloop
  endfacet
  facet normal 0.195294 0.980745 -0
    outer loop
      vertex 100.35 61.2983 0
      vertex 100.006 61.3668 3.2
      vertex 100.35 61.2983 3.2
    endloop
  endfacet
  facet normal 0.195294 0.980745 0
    outer loop
      vertex 100.006 61.3668 3.2
      vertex 100.35 61.2983 0
      vertex 100.006 61.3668 0
    endloop
  endfacet
  facet normal 0.980788 0.195075 0
    outer loop
      vertex 99.5185 61.8539 3.2
      vertex 99.45 62.1983 0
      vertex 99.45 62.1983 3.2
    endloop
  endfacet
  facet normal 0.980788 0.195075 0
    outer loop
      vertex 99.45 62.1983 0
      vertex 99.5185 61.8539 3.2
      vertex 99.5185 61.8539 0
    endloop
  endfacet
  facet normal -0.195294 -0.980745 0
    outer loop
      vertex 100.35 63.0983 0
      vertex 100.694 63.0298 3.2
      vertex 100.35 63.0983 3.2
    endloop
  endfacet
  facet normal -0.195294 -0.980745 -0
    outer loop
      vertex 100.694 63.0298 3.2
      vertex 100.35 63.0983 0
      vertex 100.694 63.0298 0
    endloop
  endfacet
  facet normal -0.980515 0.196445 0
    outer loop
      vertex 101.181 61.8539 0
      vertex 101.25 62.1983 3.2
      vertex 101.25 62.1983 0
    endloop
  endfacet
  facet normal -0.980515 0.196445 0
    outer loop
      vertex 101.25 62.1983 3.2
      vertex 101.181 61.8539 0
      vertex 101.181 61.8539 3.2
    endloop
  endfacet
  facet normal -0.555554 0.83148 0
    outer loop
      vertex 100.986 61.5619 0
      vertex 100.694 61.3668 3.2
      vertex 100.986 61.5619 3.2
    endloop
  endfacet
  facet normal -0.555554 0.83148 0
    outer loop
      vertex 100.694 61.3668 3.2
      vertex 100.986 61.5619 0
      vertex 100.694 61.3668 0
    endloop
  endfacet
  facet normal 0.83148 0.555554 0
    outer loop
      vertex 99.7136 61.5619 3.2
      vertex 99.5185 61.8539 0
      vertex 99.5185 61.8539 3.2
    endloop
  endfacet
  facet normal 0.83148 0.555554 0
    outer loop
      vertex 99.5185 61.8539 0
      vertex 99.7136 61.5619 3.2
      vertex 99.7136 61.5619 0
    endloop
  endfacet
  facet normal 0.555028 -0.831831 0
    outer loop
      vertex 99.7136 62.8347 0
      vertex 100.006 63.0298 3.2
      vertex 99.7136 62.8347 3.2
    endloop
  endfacet
  facet normal 0.555028 -0.831831 0
    outer loop
      vertex 100.006 63.0298 3.2
      vertex 99.7136 62.8347 0
      vertex 100.006 63.0298 0
    endloop
  endfacet
  facet normal 0.555028 0.831831 -0
    outer loop
      vertex 100.006 61.3668 0
      vertex 99.7136 61.5619 3.2
      vertex 100.006 61.3668 3.2
    endloop
  endfacet
  facet normal 0.555028 0.831831 0
    outer loop
      vertex 99.7136 61.5619 3.2
      vertex 100.006 61.3668 0
      vertex 99.7136 61.5619 0
    endloop
  endfacet
  facet normal 0.195294 0.980745 -0
    outer loop
      vertex 101.65 59.0467 0
      vertex 101.306 59.1152 3.2
      vertex 101.65 59.0467 3.2
    endloop
  endfacet
  facet normal 0.195294 0.980745 0
    outer loop
      vertex 101.306 59.1152 3.2
      vertex 101.65 59.0467 0
      vertex 101.306 59.1152 0
    endloop
  endfacet
  facet normal -0.831612 -0.555357 0
    outer loop
      vertex 102.481 60.2911 0
      vertex 102.286 60.5831 3.2
      vertex 102.286 60.5831 0
    endloop
  endfacet
  facet normal -0.831612 -0.555357 0
    outer loop
      vertex 102.286 60.5831 3.2
      vertex 102.481 60.2911 0
      vertex 102.481 60.2911 3.2
    endloop
  endfacet
  facet normal -0.980515 -0.196445 0
    outer loop
      vertex 102.55 59.9467 0
      vertex 102.481 60.2911 3.2
      vertex 102.481 60.2911 0
    endloop
  endfacet
  facet normal -0.980515 -0.196445 0
    outer loop
      vertex 102.481 60.2911 3.2
      vertex 102.55 59.9467 0
      vertex 102.55 59.9467 3.2
    endloop
  endfacet
  facet normal -0.555554 -0.83148 0
    outer loop
      vertex 101.994 60.7782 0
      vertex 102.286 60.5831 3.2
      vertex 101.994 60.7782 3.2
    endloop
  endfacet
  facet normal -0.555554 -0.83148 -0
    outer loop
      vertex 102.286 60.5831 3.2
      vertex 101.994 60.7782 0
      vertex 102.286 60.5831 0
    endloop
  endfacet
  facet normal -0.831612 0.555357 0
    outer loop
      vertex 102.286 59.3103 0
      vertex 102.481 59.6023 3.2
      vertex 102.481 59.6023 0
    endloop
  endfacet
  facet normal -0.831612 0.555357 0
    outer loop
      vertex 102.481 59.6023 3.2
      vertex 102.286 59.3103 0
      vertex 102.286 59.3103 3.2
    endloop
  endfacet
  facet normal -0.555554 0.83148 0
    outer loop
      vertex 102.286 59.3103 0
      vertex 101.994 59.1152 3.2
      vertex 102.286 59.3103 3.2
    endloop
  endfacet
  facet normal -0.555554 0.83148 0
    outer loop
      vertex 101.994 59.1152 3.2
      vertex 102.286 59.3103 0
      vertex 101.994 59.1152 0
    endloop
  endfacet
  facet normal 0.980515 0.196445 0
    outer loop
      vertex 100.819 59.6023 3.2
      vertex 100.75 59.9467 0
      vertex 100.75 59.9467 3.2
    endloop
  endfacet
  facet normal 0.980515 0.196445 0
    outer loop
      vertex 100.75 59.9467 0
      vertex 100.819 59.6023 3.2
      vertex 100.819 59.6023 0
    endloop
  endfacet
  facet normal 0.555554 -0.83148 0
    outer loop
      vertex 101.014 60.5831 0
      vertex 101.306 60.7782 3.2
      vertex 101.014 60.5831 3.2
    endloop
  endfacet
  facet normal 0.555554 -0.83148 0
    outer loop
      vertex 101.306 60.7782 3.2
      vertex 101.014 60.5831 0
      vertex 101.306 60.7782 0
    endloop
  endfacet
  facet normal 0.831612 -0.555357 0
    outer loop
      vertex 100.819 60.2911 3.2
      vertex 101.014 60.5831 0
      vertex 101.014 60.5831 3.2
    endloop
  endfacet
  facet normal 0.831612 -0.555357 0
    outer loop
      vertex 101.014 60.5831 0
      vertex 100.819 60.2911 3.2
      vertex 100.819 60.2911 0
    endloop
  endfacet
  facet normal 0.195294 -0.980745 0
    outer loop
      vertex 101.306 60.7782 0
      vertex 101.65 60.8467 3.2
      vertex 101.306 60.7782 3.2
    endloop
  endfacet
  facet normal 0.195294 -0.980745 0
    outer loop
      vertex 101.65 60.8467 3.2
      vertex 101.306 60.7782 0
      vertex 101.65 60.8467 0
    endloop
  endfacet
  facet normal -0.195294 -0.980745 0
    outer loop
      vertex 101.65 60.8467 0
      vertex 101.994 60.7782 3.2
      vertex 101.65 60.8467 3.2
    endloop
  endfacet
  facet normal -0.195294 -0.980745 -0
    outer loop
      vertex 101.994 60.7782 3.2
      vertex 101.65 60.8467 0
      vertex 101.994 60.7782 0
    endloop
  endfacet
  facet normal -0.980515 0.196445 0
    outer loop
      vertex 102.481 59.6023 0
      vertex 102.55 59.9467 3.2
      vertex 102.55 59.9467 0
    endloop
  endfacet
  facet normal -0.980515 0.196445 0
    outer loop
      vertex 102.55 59.9467 3.2
      vertex 102.481 59.6023 0
      vertex 102.481 59.6023 3.2
    endloop
  endfacet
  facet normal -0.195294 0.980745 0
    outer loop
      vertex 101.994 59.1152 0
      vertex 101.65 59.0467 3.2
      vertex 101.994 59.1152 3.2
    endloop
  endfacet
  facet normal -0.195294 0.980745 0
    outer loop
      vertex 101.65 59.0467 3.2
      vertex 101.994 59.1152 0
      vertex 101.65 59.0467 0
    endloop
  endfacet
  facet normal 0.980515 -0.196445 0
    outer loop
      vertex 100.75 59.9467 3.2
      vertex 100.819 60.2911 0
      vertex 100.819 60.2911 3.2
    endloop
  endfacet
  facet normal 0.980515 -0.196445 0
    outer loop
      vertex 100.819 60.2911 0
      vertex 100.75 59.9467 3.2
      vertex 100.75 59.9467 0
    endloop
  endfacet
  facet normal 0.555554 0.83148 -0
    outer loop
      vertex 101.306 59.1152 0
      vertex 101.014 59.3103 3.2
      vertex 101.306 59.1152 3.2
    endloop
  endfacet
  facet normal 0.555554 0.83148 0
    outer loop
      vertex 101.014 59.3103 3.2
      vertex 101.306 59.1152 0
      vertex 101.014 59.3103 0
    endloop
  endfacet
  facet normal 0.831612 0.555357 0
    outer loop
      vertex 101.014 59.3103 3.2
      vertex 100.819 59.6023 0
      vertex 100.819 59.6023 3.2
    endloop
  endfacet
  facet normal 0.831612 0.555357 0
    outer loop
      vertex 100.819 59.6023 0
      vertex 101.014 59.3103 3.2
      vertex 101.014 59.3103 0
    endloop
  endfacet
  facet normal -0.896897 -0.44224 0
    outer loop
      vertex 54.8072 48.6 0
      vertex 54.7609 48.6939 3.2
      vertex 54.7609 48.6939 0
    endloop
  endfacet
  facet normal -0.896897 -0.44224 0
    outer loop
      vertex 54.7609 48.6939 3.2
      vertex 54.8072 48.6 0
      vertex 54.8072 48.6 3.2
    endloop
  endfacet
  facet normal 0.321388 -0.946948 0
    outer loop
      vertex 112.457 48.2273 0
      vertex 112.556 48.2609 3.2
      vertex 112.457 48.2273 3.2
    endloop
  endfacet
  facet normal 0.321388 -0.946948 0
    outer loop
      vertex 112.556 48.2609 3.2
      vertex 112.457 48.2273 0
      vertex 112.556 48.2609 0
    endloop
  endfacet
  facet normal -0.19483 0.980837 0
    outer loop
      vertex 55.3956 80.6931 0
      vertex 55.2929 80.6727 3.2
      vertex 55.3956 80.6931 3.2
    endloop
  endfacet
  facet normal -0.19483 0.980837 0
    outer loop
      vertex 55.2929 80.6727 3.2
      vertex 55.3956 80.6931 0
      vertex 55.2929 80.6727 0
    endloop
  endfacet
  facet normal -0.321388 0.946948 0
    outer loop
      vertex 55.2929 80.6727 0
      vertex 55.1939 80.6391 3.2
      vertex 55.2929 80.6727 3.2
    endloop
  endfacet
  facet normal -0.321388 0.946948 0
    outer loop
      vertex 55.1939 80.6391 3.2
      vertex 55.2929 80.6727 0
      vertex 55.1939 80.6391 0
    endloop
  endfacet
  facet normal -0.0659481 0.997823 0
    outer loop
      vertex 55.5 80.7 0
      vertex 55.3956 80.6931 3.2
      vertex 55.5 80.7 3.2
    endloop
  endfacet
  facet normal -0.0659481 0.997823 0
    outer loop
      vertex 55.3956 80.6931 3.2
      vertex 55.5 80.7 0
      vertex 55.3956 80.6931 0
    endloop
  endfacet
  facet normal 0.981561 -0.191151 0
    outer loop
      vertex 113.023 48.7929 3.2
      vertex 113.043 48.8956 0
      vertex 113.043 48.8956 3.2
    endloop
  endfacet
  facet normal 0.981561 -0.191151 0
    outer loop
      vertex 113.043 48.8956 0
      vertex 113.023 48.7929 3.2
      vertex 113.023 48.7929 0
    endloop
  endfacet
  facet normal 0.751925 0.659248 0
    outer loop
      vertex 112.885 80.387 3.2
      vertex 112.816 80.4657 0
      vertex 112.816 80.4657 3.2
    endloop
  endfacet
  facet normal 0.751925 0.659248 0
    outer loop
      vertex 112.816 80.4657 0
      vertex 112.885 80.387 3.2
      vertex 112.885 80.387 0
    endloop
  endfacet
  facet normal -0.0659481 -0.997823 0
    outer loop
      vertex 55.3956 48.2069 0
      vertex 55.5 48.2 3.2
      vertex 55.3956 48.2069 3.2
    endloop
  endfacet
  facet normal -0.0659481 -0.997823 -0
    outer loop
      vertex 55.5 48.2 3.2
      vertex 55.3956 48.2069 0
      vertex 55.5 48.2 0
    endloop
  endfacet
  facet normal -0.997823 0.0659481 0
    outer loop
      vertex 54.7 79.9 0
      vertex 54.7069 80.0044 3.2
      vertex 54.7069 80.0044 0
    endloop
  endfacet
  facet normal -0.997823 0.0659481 0
    outer loop
      vertex 54.7069 80.0044 3.2
      vertex 54.7 79.9 0
      vertex 54.7 79.9 3.2
    endloop
  endfacet
  facet normal -0.831609 -0.555362 0
    outer loop
      vertex 54.8653 48.513 0
      vertex 54.8072 48.6 3.2
      vertex 54.8072 48.6 0
    endloop
  endfacet
  facet normal -0.831609 -0.555362 0
    outer loop
      vertex 54.8072 48.6 3.2
      vertex 54.8653 48.513 0
      vertex 54.8653 48.513 3.2
    endloop
  endfacet
  facet normal 0.945778 -0.324813 0
    outer loop
      vertex 112.989 48.6939 3.2
      vertex 113.023 48.7929 0
      vertex 113.023 48.7929 3.2
    endloop
  endfacet
  facet normal 0.945778 -0.324813 0
    outer loop
      vertex 113.023 48.7929 0
      vertex 112.989 48.6939 3.2
      vertex 112.989 48.6939 0
    endloop
  endfacet
  facet normal -0.44224 -0.896897 0
    outer loop
      vertex 55.1 48.3072 0
      vertex 55.1939 48.2609 3.2
      vertex 55.1 48.3072 3.2
    endloop
  endfacet
  facet normal -0.44224 -0.896897 -0
    outer loop
      vertex 55.1939 48.2609 3.2
      vertex 55.1 48.3072 0
      vertex 55.1939 48.2609 0
    endloop
  endfacet
  facet normal -1 0 0
    outer loop
      vertex 54.7 49 0
      vertex 54.7 79.9 3.2
      vertex 54.7 79.9 0
    endloop
  endfacet
  facet normal -1 -0 0
    outer loop
      vertex 54.7 79.9 3.2
      vertex 54.7 49 0
      vertex 54.7 49 3.2
    endloop
  endfacet
  facet normal 0.657829 0.753167 -0
    outer loop
      vertex 112.816 80.4657 0
      vertex 112.737 80.5347 3.2
      vertex 112.816 80.4657 3.2
    endloop
  endfacet
  facet normal 0.657829 0.753167 0
    outer loop
      vertex 112.737 80.5347 3.2
      vertex 112.816 80.4657 0
      vertex 112.737 80.5347 0
    endloop
  endfacet
  facet normal 1 -0 0
    outer loop
      vertex 113.05 49 3.2
      vertex 113.05 79.9 0
      vertex 113.05 79.9 3.2
    endloop
  endfacet
  facet normal 1 0 0
    outer loop
      vertex 113.05 79.9 0
      vertex 113.05 49 3.2
      vertex 113.05 49 0
    endloop
  endfacet
  facet normal -0.751925 0.659248 0
    outer loop
      vertex 54.8653 80.387 0
      vertex 54.9343 80.4657 3.2
      vertex 54.9343 80.4657 0
    endloop
  endfacet
  facet normal -0.751925 0.659248 0
    outer loop
      vertex 54.9343 80.4657 3.2
      vertex 54.8653 80.387 0
      vertex 54.8653 80.387 3.2
    endloop
  endfacet
  facet normal 0 -1 0
    outer loop
      vertex 55.5 48.2 0
      vertex 112.25 48.2 3.2
      vertex 55.5 48.2 3.2
    endloop
  endfacet
  facet normal 0 -1 -0
    outer loop
      vertex 112.25 48.2 3.2
      vertex 55.5 48.2 0
      vertex 112.25 48.2 0
    endloop
  endfacet
  facet normal -0.44224 0.896897 0
    outer loop
      vertex 55.1939 80.6391 0
      vertex 55.1 80.5928 3.2
      vertex 55.1939 80.6391 3.2
    endloop
  endfacet
  facet normal -0.44224 0.896897 0
    outer loop
      vertex 55.1 80.5928 3.2
      vertex 55.1939 80.6391 0
      vertex 55.1 80.5928 0
    endloop
  endfacet
  facet normal 0.0662006 -0.997806 0
    outer loop
      vertex 112.25 48.2 0
      vertex 112.354 48.2069 3.2
      vertex 112.25 48.2 3.2
    endloop
  endfacet
  facet normal 0.0662006 -0.997806 0
    outer loop
      vertex 112.354 48.2069 3.2
      vertex 112.25 48.2 0
      vertex 112.354 48.2069 0
    endloop
  endfacet
  facet normal -0.659248 -0.751925 0
    outer loop
      vertex 54.9343 48.4343 0
      vertex 55.013 48.3653 3.2
      vertex 54.9343 48.4343 3.2
    endloop
  endfacet
  facet normal -0.659248 -0.751925 -0
    outer loop
      vertex 55.013 48.3653 3.2
      vertex 54.9343 48.4343 0
      vertex 55.013 48.3653 0
    endloop
  endfacet
  facet normal 0 1 -0
    outer loop
      vertex 112.25 80.7 0
      vertex 55.5 80.7 3.2
      vertex 112.25 80.7 3.2
    endloop
  endfacet
  facet normal 0 1 0
    outer loop
      vertex 55.5 80.7 3.2
      vertex 112.25 80.7 0
      vertex 55.5 80.7 0
    endloop
  endfacet
  facet normal 0.83205 0.5547 0
    outer loop
      vertex 112.943 80.3 3.2
      vertex 112.885 80.387 0
      vertex 112.885 80.387 3.2
    endloop
  endfacet
  facet normal 0.83205 0.5547 0
    outer loop
      vertex 112.885 80.387 0
      vertex 112.943 80.3 3.2
      vertex 112.943 80.3 0
    endloop
  endfacet
  facet normal 0.99776 -0.0668996 0
    outer loop
      vertex 113.043 48.8956 3.2
      vertex 113.05 49 0
      vertex 113.05 49 3.2
    endloop
  endfacet
  facet normal 0.99776 -0.0668996 0
    outer loop
      vertex 113.05 49 0
      vertex 113.043 48.8956 3.2
      vertex 113.043 48.8956 0
    endloop
  endfacet
  facet normal 0.555362 0.831609 -0
    outer loop
      vertex 112.737 80.5347 0
      vertex 112.65 80.5928 3.2
      vertex 112.737 80.5347 3.2
    endloop
  endfacet
  facet normal 0.555362 0.831609 0
    outer loop
      vertex 112.65 80.5928 3.2
      vertex 112.737 80.5347 0
      vertex 112.65 80.5928 0
    endloop
  endfacet
  facet normal 0.441861 -0.897083 0
    outer loop
      vertex 112.556 48.2609 0
      vertex 112.65 48.3072 3.2
      vertex 112.556 48.2609 3.2
    endloop
  endfacet
  facet normal 0.441861 -0.897083 0
    outer loop
      vertex 112.65 48.3072 3.2
      vertex 112.556 48.2609 0
      vertex 112.65 48.3072 0
    endloop
  endfacet
  facet normal 0.194284 0.980945 -0
    outer loop
      vertex 112.457 80.6727 0
      vertex 112.354 80.6931 3.2
      vertex 112.457 80.6727 3.2
    endloop
  endfacet
  facet normal 0.194284 0.980945 0
    outer loop
      vertex 112.354 80.6931 3.2
      vertex 112.457 80.6727 0
      vertex 112.354 80.6931 0
    endloop
  endfacet
  facet normal 0.657829 -0.753167 0
    outer loop
      vertex 112.737 48.3653 0
      vertex 112.816 48.4343 3.2
      vertex 112.737 48.3653 3.2
    endloop
  endfacet
  facet normal 0.657829 -0.753167 0
    outer loop
      vertex 112.816 48.4343 3.2
      vertex 112.737 48.3653 0
      vertex 112.816 48.4343 0
    endloop
  endfacet
  facet normal -0.555362 0.831609 0
    outer loop
      vertex 55.1 80.5928 0
      vertex 55.013 80.5347 3.2
      vertex 55.1 80.5928 3.2
    endloop
  endfacet
  facet normal -0.555362 0.831609 0
    outer loop
      vertex 55.013 80.5347 3.2
      vertex 55.1 80.5928 0
      vertex 55.013 80.5347 0
    endloop
  endfacet
  facet normal -0.19483 -0.980837 0
    outer loop
      vertex 55.2929 48.2273 0
      vertex 55.3956 48.2069 3.2
      vertex 55.2929 48.2273 3.2
    endloop
  endfacet
  facet normal -0.19483 -0.980837 -0
    outer loop
      vertex 55.3956 48.2069 3.2
      vertex 55.2929 48.2273 0
      vertex 55.3956 48.2069 0
    endloop
  endfacet
  facet normal 0 0 -1
    outer loop
      vertex 98.0944 67.5332 0
      vertex 97.2815 68.6089 0
      vertex 97.35 68.9533 0
    endloop
  endfacet
  facet normal 0 0 -1
    outer loop
      vertex 96.7944 68.1218 0
      vertex 97.4056 67.5332 0
      vertex 97.1136 67.3381 0
    endloop
  endfacet
  facet normal 0 0 -1
    outer loop
      vertex 97.75 67.6017 0
      vertex 97.0864 68.3169 0
      vertex 97.2815 68.6089 0
    endloop
  endfacet
  facet normal 0 0 -1
    outer loop
      vertex 96.45 68.0533 0
      vertex 97.1136 67.3381 0
      vertex 96.9185 67.0461 0
    endloop
  endfacet
  facet normal 0 0 -1
    outer loop
      vertex 96.1056 68.1218 0
      vertex 96.9185 67.0461 0
      vertex 96.85 66.7017 0
    endloop
  endfacet
  facet normal 0 0 -1
    outer loop
      vertex 97.4056 67.5332 0
      vertex 96.7944 68.1218 0
      vertex 97.0864 68.3169 0
    endloop
  endfacet
  facet normal 0 0 -1
    outer loop
      vertex 96.1056 65.2815 0
      vertex 96.9185 66.3573 0
      vertex 96.45 65.35 0
    endloop
  endfacet
  facet normal -0 0 -1
    outer loop
      vertex 96.9185 66.3573 0
      vertex 96.1056 65.2815 0
      vertex 96.85 66.7017 0
    endloop
  endfacet
  facet normal 0 0 -1
    outer loop
      vertex 97.1136 67.3381 0
      vertex 96.45 68.0533 0
      vertex 96.7944 68.1218 0
    endloop
  endfacet
  facet normal 0 0 -1
    outer loop
      vertex 94.1944 65.2815 0
      vertex 96.85 66.7017 0
      vertex 96.1056 65.2815 0
    endloop
  endfacet
  facet normal 0 0 -1
    outer loop
      vertex 96.9185 67.0461 0
      vertex 96.1056 68.1218 0
      vertex 96.45 68.0533 0
    endloop
  endfacet
  facet normal 0 0 -1
    outer loop
      vertex 94.1944 65.2815 0
      vertex 96.1056 65.2815 0
      vertex 95.8136 65.0864 0
    endloop
  endfacet
  facet normal -0 0 -1
    outer loop
      vertex 96.85 66.7017 0
      vertex 94.1944 65.2815 0
      vertex 96.1056 68.1218 0
    endloop
  endfacet
  facet normal 0 0 -1
    outer loop
      vertex 94.4864 65.0864 0
      vertex 95.8136 65.0864 0
      vertex 95.6185 64.7944 0
    endloop
  endfacet
  facet normal 0 0 -1
    outer loop
      vertex 94.1944 65.2815 0
      vertex 95.8136 65.0864 0
      vertex 94.4864 65.0864 0
    endloop
  endfacet
  facet normal 0 0 -1
    outer loop
      vertex 94.6815 64.7944 0
      vertex 95.6185 64.7944 0
      vertex 95.55 64.45 0
    endloop
  endfacet
  facet normal -0 0 -1
    outer loop
      vertex 96.1056 68.1218 0
      vertex 94.1944 65.2815 0
      vertex 95.8136 68.3169 0
    endloop
  endfacet
  facet normal 0 0 -1
    outer loop
      vertex 97.35 64.45 0
      vertex 100.75 64.45 0
      vertex 98.0944 63.0298 0
    endloop
  endfacet
  facet normal 0 0 -1
    outer loop
      vertex 99.7136 66.0653 0
      vertex 98.5815 66.3573 0
      vertex 98.65 66.7017 0
    endloop
  endfacet
  facet normal 0 0 -1
    outer loop
      vertex 100.75 64.45 0
      vertex 97.35 64.45 0
      vertex 100.006 65.8702 0
    endloop
  endfacet
  facet normal 0 0 -1
    outer loop
      vertex 99.7136 66.0653 0
      vertex 98.3864 66.0653 0
      vertex 98.5815 66.3573 0
    endloop
  endfacet
  facet normal 0 0 -1
    outer loop
      vertex 100.006 65.8702 0
      vertex 98.0944 65.8702 0
      vertex 99.7136 66.0653 0
    endloop
  endfacet
  facet normal -0 0 -1
    outer loop
      vertex 99.7136 66.0653 0
      vertex 98.0944 65.8702 0
      vertex 98.3864 66.0653 0
    endloop
  endfacet
  facet normal 0 0 -1
    outer loop
      vertex 97.2815 64.1056 0
      vertex 98.0944 63.0298 0
      vertex 97.75 63.0983 0
    endloop
  endfacet
  facet normal -0 0 -1
    outer loop
      vertex 100.006 65.8702 0
      vertex 97.35 64.45 0
      vertex 98.0944 65.8702 0
    endloop
  endfacet
  facet normal 0 0 -1
    outer loop
      vertex 97.0864 63.8136 0
      vertex 97.75 63.0983 0
      vertex 97.4056 63.0298 0
    endloop
  endfacet
  facet normal 0 0 -1
    outer loop
      vertex 97.2815 64.7944 0
      vertex 98.0944 65.8702 0
      vertex 97.35 64.45 0
    endloop
  endfacet
  facet normal 0 0 -1
    outer loop
      vertex 98.0944 65.8702 0
      vertex 97.2815 64.7944 0
      vertex 97.75 65.8017 0
    endloop
  endfacet
  facet normal 0 0 -1
    outer loop
      vertex 98.0944 63.0298 0
      vertex 97.2815 64.1056 0
      vertex 97.35 64.45 0
    endloop
  endfacet
  facet normal 0 0 -1
    outer loop
      vertex 96.7944 63.6185 0
      vertex 97.4056 63.0298 0
      vertex 97.1136 62.8347 0
    endloop
  endfacet
  facet normal 0 0 -1
    outer loop
      vertex 97.75 63.0983 0
      vertex 97.0864 63.8136 0
      vertex 97.2815 64.1056 0
    endloop
  endfacet
  facet normal 0 0 -1
    outer loop
      vertex 96.45 63.55 0
      vertex 97.1136 62.8347 0
      vertex 96.9185 62.5427 0
    endloop
  endfacet
  facet normal 0 0 -1
    outer loop
      vertex 96.1056 63.6185 0
      vertex 96.9185 62.5427 0
      vertex 96.85 62.1983 0
    endloop
  endfacet
  facet normal 0 0 -1
    outer loop
      vertex 97.4056 63.0298 0
      vertex 96.7944 63.6185 0
      vertex 97.0864 63.8136 0
    endloop
  endfacet
  facet normal 0 0 -1
    outer loop
      vertex 96.1056 60.7782 0
      vertex 96.9185 61.8539 0
      vertex 96.45 60.8467 0
    endloop
  endfacet
  facet normal -0 0 -1
    outer loop
      vertex 96.9185 61.8539 0
      vertex 96.1056 60.7782 0
      vertex 96.85 62.1983 0
    endloop
  endfacet
  facet normal 0 0 -1
    outer loop
      vertex 97.1136 62.8347 0
      vertex 96.45 63.55 0
      vertex 96.7944 63.6185 0
    endloop
  endfacet
  facet normal 0 0 -1
    outer loop
      vertex 94.1944 63.6185 0
      vertex 96.85 62.1983 0
      vertex 96.1056 60.7782 0
    endloop
  endfacet
  facet normal 0 0 -1
    outer loop
      vertex 96.9185 62.5427 0
      vertex 96.1056 63.6185 0
      vertex 96.45 63.55 0
    endloop
  endfacet
  facet normal 0 0 -1
    outer loop
      vertex 94.1944 63.6185 0
      vertex 96.1056 60.7782 0
      vertex 95.8136 60.5831 0
    endloop
  endfacet
  facet normal 0 0 -1
    outer loop
      vertex 96.85 62.1983 0
      vertex 94.1944 63.6185 0
      vertex 96.1056 63.6185 0
    endloop
  endfacet
  facet normal 0 0 -1
    outer loop
      vertex 93.85 63.55 0
      vertex 95.8136 60.5831 0
      vertex 95.6185 60.2911 0
    endloop
  endfacet
  facet normal 0 0 -1
    outer loop
      vertex 96.1056 63.6185 0
      vertex 94.1944 63.6185 0
      vertex 95.8136 63.8136 0
    endloop
  endfacet
  facet normal 0 0 -1
    outer loop
      vertex 93.5056 63.6185 0
      vertex 95.6185 60.2911 0
      vertex 95.55 59.9467 0
    endloop
  endfacet
  facet normal 0 0 -1
    outer loop
      vertex 95.8136 63.8136 0
      vertex 94.4864 63.8136 0
      vertex 95.6185 64.1056 0
    endloop
  endfacet
  facet normal 0 0 -1
    outer loop
      vertex 97.0864 60.5831 0
      vertex 97.75 61.2983 0
      vertex 97.2815 60.2911 0
    endloop
  endfacet
  facet normal -0 0 -1
    outer loop
      vertex 97.75 61.2983 0
      vertex 97.0864 60.5831 0
      vertex 97.4056 61.3668 0
    endloop
  endfacet
  facet normal 0 0 -1
    outer loop
      vertex 96.7944 60.7782 0
      vertex 97.4056 61.3668 0
      vertex 97.0864 60.5831 0
    endloop
  endfacet
  facet normal -0 0 -1
    outer loop
      vertex 97.4056 61.3668 0
      vertex 96.7944 60.7782 0
      vertex 97.1136 61.5619 0
    endloop
  endfacet
  facet normal 0 0 -1
    outer loop
      vertex 96.45 60.8467 0
      vertex 97.1136 61.5619 0
      vertex 96.7944 60.7782 0
    endloop
  endfacet
  facet normal -0 0 -1
    outer loop
      vertex 97.1136 61.5619 0
      vertex 96.45 60.8467 0
      vertex 96.9185 61.8539 0
    endloop
  endfacet
  facet normal 0 0 -1
    outer loop
      vertex 97.0864 65.0864 0
      vertex 97.75 65.8017 0
      vertex 97.2815 64.7944 0
    endloop
  endfacet
  facet normal -0 0 -1
    outer loop
      vertex 97.75 65.8017 0
      vertex 97.0864 65.0864 0
      vertex 97.4056 65.8702 0
    endloop
  endfacet
  facet normal 0 0 -1
    outer loop
      vertex 96.7944 65.2815 0
      vertex 97.4056 65.8702 0
      vertex 97.0864 65.0864 0
    endloop
  endfacet
  facet normal -0 0 -1
    outer loop
      vertex 97.4056 65.8702 0
      vertex 96.7944 65.2815 0
      vertex 97.1136 66.0653 0
    endloop
  endfacet
  facet normal 0 0 -1
    outer loop
      vertex 96.45 65.35 0
      vertex 97.1136 66.0653 0
      vertex 96.7944 65.2815 0
    endloop
  endfacet
  facet normal -0 0 -1
    outer loop
      vertex 97.1136 66.0653 0
      vertex 96.45 65.35 0
      vertex 96.9185 66.3573 0
    endloop
  endfacet
  facet normal 0 0 -1
    outer loop
      vertex 102.286 65.0864 0
      vertex 103.614 65.0864 0
      vertex 102.481 64.7944 0
    endloop
  endfacet
  facet normal 0 0 -1
    outer loop
      vertex 103.614 65.0864 0
      vertex 102.481 68.6089 0
      vertex 102.55 68.9533 0
    endloop
  endfacet
  facet normal 0 0 -1
    outer loop
      vertex 101.994 65.2815 0
      vertex 103.614 65.0864 0
      vertex 102.286 65.0864 0
    endloop
  endfacet
  facet normal 0 0 -1
    outer loop
      vertex 103.614 65.0864 0
      vertex 102.286 68.3169 0
      vertex 102.481 68.6089 0
    endloop
  endfacet
  facet normal 0 0 -1
    outer loop
      vertex 101.994 68.1218 0
      vertex 103.614 65.0864 0
      vertex 101.994 65.2815 0
    endloop
  endfacet
  facet normal 0 0 -1
    outer loop
      vertex 103.614 65.0864 0
      vertex 101.994 68.1218 0
      vertex 102.286 68.3169 0
    endloop
  endfacet
  facet normal 0 0 -1
    outer loop
      vertex 101.181 66.3573 0
      vertex 101.994 65.2815 0
      vertex 101.65 65.35 0
    endloop
  endfacet
  facet normal 0 0 -1
    outer loop
      vertex 101.994 65.2815 0
      vertex 101.25 66.7017 0
      vertex 101.994 68.1218 0
    endloop
  endfacet
  facet normal 0 0 -1
    outer loop
      vertex 100.986 66.0653 0
      vertex 101.65 65.35 0
      vertex 101.306 65.2815 0
    endloop
  endfacet
  facet normal 0 0 -1
    outer loop
      vertex 101.181 67.0461 0
      vertex 101.994 68.1218 0
      vertex 101.25 66.7017 0
    endloop
  endfacet
  facet normal 0 0 -1
    outer loop
      vertex 101.994 68.1218 0
      vertex 101.181 67.0461 0
      vertex 101.65 68.0533 0
    endloop
  endfacet
  facet normal 0 0 -1
    outer loop
      vertex 101.994 65.2815 0
      vertex 101.181 66.3573 0
      vertex 101.25 66.7017 0
    endloop
  endfacet
  facet normal 0 0 -1
    outer loop
      vertex 100.694 65.8702 0
      vertex 101.306 65.2815 0
      vertex 101.014 65.0864 0
    endloop
  endfacet
  facet normal 0 0 -1
    outer loop
      vertex 101.65 65.35 0
      vertex 100.986 66.0653 0
      vertex 101.181 66.3573 0
    endloop
  endfacet
  facet normal 0 0 -1
    outer loop
      vertex 100.35 65.8017 0
      vertex 101.014 65.0864 0
      vertex 100.819 64.7944 0
    endloop
  endfacet
  facet normal 0 0 -1
    outer loop
      vertex 100.006 65.8702 0
      vertex 100.819 64.7944 0
      vertex 100.75 64.45 0
    endloop
  endfacet
  facet normal 0 0 -1
    outer loop
      vertex 101.306 65.2815 0
      vertex 100.694 65.8702 0
      vertex 100.986 66.0653 0
    endloop
  endfacet
  facet normal 0 0 -1
    outer loop
      vertex 100.006 63.0298 0
      vertex 100.819 64.1056 0
      vertex 100.35 63.0983 0
    endloop
  endfacet
  facet normal -0 0 -1
    outer loop
      vertex 100.819 64.1056 0
      vertex 100.006 63.0298 0
      vertex 100.75 64.45 0
    endloop
  endfacet
  facet normal 0 0 -1
    outer loop
      vertex 101.014 65.0864 0
      vertex 100.35 65.8017 0
      vertex 100.694 65.8702 0
    endloop
  endfacet
  facet normal 0 0 -1
    outer loop
      vertex 98.0944 63.0298 0
      vertex 100.75 64.45 0
      vertex 100.006 63.0298 0
    endloop
  endfacet
  facet normal 0 0 -1
    outer loop
      vertex 100.819 64.7944 0
      vertex 100.006 65.8702 0
      vertex 100.35 65.8017 0
    endloop
  endfacet
  facet normal 0 0 -1
    outer loop
      vertex 98.3864 62.8347 0
      vertex 100.006 63.0298 0
      vertex 99.7136 62.8347 0
    endloop
  endfacet
  facet normal 0 0 -1
    outer loop
      vertex 98.0944 63.0298 0
      vertex 100.006 63.0298 0
      vertex 98.3864 62.8347 0
    endloop
  endfacet
  facet normal 0 0 -1
    outer loop
      vertex 98.5815 62.5427 0
      vertex 99.5185 62.5427 0
      vertex 98.65 62.1983 0
    endloop
  endfacet
  facet normal 0 0 -1
    outer loop
      vertex 99.5185 62.5427 0
      vertex 98.5815 62.5427 0
      vertex 99.7136 62.8347 0
    endloop
  endfacet
  facet normal 0 0 -1
    outer loop
      vertex 98.65 62.1983 0
      vertex 99.5185 62.5427 0
      vertex 99.45 62.1983 0
    endloop
  endfacet
  facet normal 0 0 -1
    outer loop
      vertex 98.3864 62.8347 0
      vertex 99.7136 62.8347 0
      vertex 98.5815 62.5427 0
    endloop
  endfacet
  facet normal 0 0 -1
    outer loop
      vertex 101.994 60.7782 0
      vertex 103.906 63.6185 0
      vertex 102.286 60.5831 0
    endloop
  endfacet
  facet normal 0 0 -1
    outer loop
      vertex 103.614 63.8136 0
      vertex 102.481 64.1056 0
      vertex 102.55 64.45 0
    endloop
  endfacet
  facet normal 0 0 -1
    outer loop
      vertex 101.25 62.1983 0
      vertex 103.906 63.6185 0
      vertex 101.994 60.7782 0
    endloop
  endfacet
  facet normal 0 0 -1
    outer loop
      vertex 103.614 63.8136 0
      vertex 102.286 63.8136 0
      vertex 102.481 64.1056 0
    endloop
  endfacet
  facet normal 0 0 -1
    outer loop
      vertex 103.906 63.6185 0
      vertex 101.994 63.6185 0
      vertex 103.614 63.8136 0
    endloop
  endfacet
  facet normal -0 0 -1
    outer loop
      vertex 103.614 63.8136 0
      vertex 101.994 63.6185 0
      vertex 102.286 63.8136 0
    endloop
  endfacet
  facet normal 0 0 -1
    outer loop
      vertex 101.181 61.8539 0
      vertex 101.994 60.7782 0
      vertex 101.65 60.8467 0
    endloop
  endfacet
  facet normal -0 0 -1
    outer loop
      vertex 103.906 63.6185 0
      vertex 101.25 62.1983 0
      vertex 101.994 63.6185 0
    endloop
  endfacet
  facet normal 0 0 -1
    outer loop
      vertex 100.986 61.5619 0
      vertex 101.65 60.8467 0
      vertex 101.306 60.7782 0
    endloop
  endfacet
  facet normal 0 0 -1
    outer loop
      vertex 101.181 62.5427 0
      vertex 101.994 63.6185 0
      vertex 101.25 62.1983 0
    endloop
  endfacet
  facet normal 0 0 -1
    outer loop
      vertex 101.994 63.6185 0
      vertex 101.181 62.5427 0
      vertex 101.65 63.55 0
    endloop
  endfacet
  facet normal 0 0 -1
    outer loop
      vertex 101.994 60.7782 0
      vertex 101.181 61.8539 0
      vertex 101.25 62.1983 0
    endloop
  endfacet
  facet normal 0 0 -1
    outer loop
      vertex 100.694 61.3668 0
      vertex 101.306 60.7782 0
      vertex 101.014 60.5831 0
    endloop
  endfacet
  facet normal 0 0 -1
    outer loop
      vertex 101.65 60.8467 0
      vertex 100.986 61.5619 0
      vertex 101.181 61.8539 0
    endloop
  endfacet
  facet normal 0 0 -1
    outer loop
      vertex 100.35 61.2983 0
      vertex 101.014 60.5831 0
      vertex 100.819 60.2911 0
    endloop
  endfacet
  facet normal 0 0 -1
    outer loop
      vertex 100.006 61.3668 0
      vertex 100.819 60.2911 0
      vertex 100.75 59.9467 0
    endloop
  endfacet
  facet normal 0 0 -1
    outer loop
      vertex 101.306 60.7782 0
      vertex 100.694 61.3668 0
      vertex 100.986 61.5619 0
    endloop
  endfacet
  facet normal 0 0 -1
    outer loop
      vertex 112.25 48.2 0
      vertex 113.05 49 0
      vertex 113.043 48.8956 0
    endloop
  endfacet
  facet normal 0 0 -1
    outer loop
      vertex 113.05 49 0
      vertex 105.15 64.45 0
      vertex 113.05 79.9 0
    endloop
  endfacet
  facet normal 0 0 -1
    outer loop
      vertex 112.25 48.2 0
      vertex 113.043 48.8956 0
      vertex 113.023 48.7929 0
    endloop
  endfacet
  facet normal 0 0 -1
    outer loop
      vertex 105.081 64.7944 0
      vertex 113.05 79.9 0
      vertex 105.15 64.45 0
    endloop
  endfacet
  facet normal 0 0 -1
    outer loop
      vertex 112.25 48.2 0
      vertex 113.023 48.7929 0
      vertex 112.989 48.6939 0
    endloop
  endfacet
  facet normal 0 0 -1
    outer loop
      vertex 104.886 65.0864 0
      vertex 113.05 79.9 0
      vertex 105.081 64.7944 0
    endloop
  endfacet
  facet normal 0 0 -1
    outer loop
      vertex 112.25 48.2 0
      vertex 112.989 48.6939 0
      vertex 112.943 48.6 0
    endloop
  endfacet
  facet normal 0 0 -1
    outer loop
      vertex 102.481 69.2977 0
      vertex 113.05 79.9 0
      vertex 104.886 65.0864 0
    endloop
  endfacet
  facet normal 0 0 -1
    outer loop
      vertex 112.25 48.2 0
      vertex 112.943 48.6 0
      vertex 112.885 48.513 0
    endloop
  endfacet
  facet normal 0 0 -1
    outer loop
      vertex 102.286 69.5897 0
      vertex 113.05 79.9 0
      vertex 102.481 69.2977 0
    endloop
  endfacet
  facet normal 0 0 -1
    outer loop
      vertex 112.25 48.2 0
      vertex 112.885 48.513 0
      vertex 112.816 48.4343 0
    endloop
  endfacet
  facet normal 0 -0 -1
    outer loop
      vertex 112.25 80.7 0
      vertex 113.05 79.9 0
      vertex 102.286 69.5897 0
    endloop
  endfacet
  facet normal 0 0 -1
    outer loop
      vertex 112.25 48.2 0
      vertex 112.816 48.4343 0
      vertex 112.737 48.3653 0
    endloop
  endfacet
  facet normal 0 0 -1
    outer loop
      vertex 113.05 79.9 0
      vertex 112.25 80.7 0
      vertex 113.043 80.0044 0
    endloop
  endfacet
  facet normal 0 0 -1
    outer loop
      vertex 112.25 48.2 0
      vertex 112.737 48.3653 0
      vertex 112.65 48.3072 0
    endloop
  endfacet
  facet normal 0 0 -1
    outer loop
      vertex 113.043 80.0044 0
      vertex 112.25 80.7 0
      vertex 113.023 80.1071 0
    endloop
  endfacet
  facet normal 0 0 -1
    outer loop
      vertex 112.25 48.2 0
      vertex 112.65 48.3072 0
      vertex 112.556 48.2609 0
    endloop
  endfacet
  facet normal 0 0 -1
    outer loop
      vertex 113.023 80.1071 0
      vertex 112.25 80.7 0
      vertex 112.989 80.2061 0
    endloop
  endfacet
  facet normal 0 0 -1
    outer loop
      vertex 112.25 48.2 0
      vertex 112.556 48.2609 0
      vertex 112.457 48.2273 0
    endloop
  endfacet
  facet normal 0 0 -1
    outer loop
      vertex 112.943 80.3 0
      vertex 112.25 80.7 0
      vertex 112.885 80.387 0
    endloop
  endfacet
  facet normal 0 0 -1
    outer loop
      vertex 112.25 48.2 0
      vertex 112.457 48.2273 0
      vertex 112.354 48.2069 0
    endloop
  endfacet
  facet normal 0 0 -1
    outer loop
      vertex 112.885 80.387 0
      vertex 112.25 80.7 0
      vertex 112.816 80.4657 0
    endloop
  endfacet
  facet normal -0 0 -1
    outer loop
      vertex 113.05 49 0
      vertex 112.25 48.2 0
      vertex 102.286 59.3103 0
    endloop
  endfacet
  facet normal 0 0 -1
    outer loop
      vertex 112.816 80.4657 0
      vertex 112.25 80.7 0
      vertex 112.737 80.5347 0
    endloop
  endfacet
  facet normal 0 0 -1
    outer loop
      vertex 112.737 80.5347 0
      vertex 112.25 80.7 0
      vertex 112.65 80.5928 0
    endloop
  endfacet
  facet normal 0 0 -1
    outer loop
      vertex 113.05 49 0
      vertex 105.081 64.1056 0
      vertex 105.15 64.45 0
    endloop
  endfacet
  facet normal 0 0 -1
    outer loop
      vertex 113.05 49 0
      vertex 104.886 63.8136 0
      vertex 105.081 64.1056 0
    endloop
  endfacet
  facet normal 0 0 -1
    outer loop
      vertex 113.05 49 0
      vertex 102.481 59.6023 0
      vertex 104.886 63.8136 0
    endloop
  endfacet
  facet normal 0 -0 -1
    outer loop
      vertex 102.55 59.9467 0
      vertex 104.886 63.8136 0
      vertex 102.481 59.6023 0
    endloop
  endfacet
  facet normal 0 0 -1
    outer loop
      vertex 104.886 63.8136 0
      vertex 102.55 59.9467 0
      vertex 104.594 63.6185 0
    endloop
  endfacet
  facet normal 0 0 -1
    outer loop
      vertex 104.594 63.6185 0
      vertex 102.481 60.2911 0
      vertex 104.25 63.55 0
    endloop
  endfacet
  facet normal 0 0 -1
    outer loop
      vertex 102.286 60.5831 0
      vertex 104.25 63.55 0
      vertex 102.481 60.2911 0
    endloop
  endfacet
  facet normal 0 0 -1
    outer loop
      vertex 103.614 63.8136 0
      vertex 102.55 64.45 0
      vertex 103.419 64.1056 0
    endloop
  endfacet
  facet normal -0 0 -1
    outer loop
      vertex 104.25 63.55 0
      vertex 102.286 60.5831 0
      vertex 103.906 63.6185 0
    endloop
  endfacet
  facet normal 0 0 -1
    outer loop
      vertex 102.481 60.2911 0
      vertex 104.594 63.6185 0
      vertex 102.55 59.9467 0
    endloop
  endfacet
  facet normal 0 0 -1
    outer loop
      vertex 113.05 49 0
      vertex 102.286 59.3103 0
      vertex 102.481 59.6023 0
    endloop
  endfacet
  facet normal 0 0 -1
    outer loop
      vertex 112.25 48.2 0
      vertex 101.994 59.1152 0
      vertex 102.286 59.3103 0
    endloop
  endfacet
  facet normal 0 0 -1
    outer loop
      vertex 112.25 48.2 0
      vertex 101.65 59.0467 0
      vertex 101.994 59.1152 0
    endloop
  endfacet
  facet normal 0 0 -1
    outer loop
      vertex 96.45 59.0467 0
      vertex 101.65 59.0467 0
      vertex 112.25 48.2 0
    endloop
  endfacet
  facet normal 0 0 -1
    outer loop
      vertex 101.65 59.0467 0
      vertex 96.45 59.0467 0
      vertex 101.306 59.1152 0
    endloop
  endfacet
  facet normal 0 0 -1
    outer loop
      vertex 101.014 60.5831 0
      vertex 100.35 61.2983 0
      vertex 100.694 61.3668 0
    endloop
  endfacet
  facet normal 0 0 -1
    outer loop
      vertex 97.35 59.9467 0
      vertex 100.75 59.9467 0
      vertex 100.819 59.6023 0
    endloop
  endfacet
  facet normal 0 0 -1
    outer loop
      vertex 100.819 60.2911 0
      vertex 100.006 61.3668 0
      vertex 100.35 61.2983 0
    endloop
  endfacet
  facet normal 0 0 -1
    outer loop
      vertex 100.75 59.9467 0
      vertex 97.35 59.9467 0
      vertex 100.006 61.3668 0
    endloop
  endfacet
  facet normal 0 0 -1
    outer loop
      vertex 100.006 61.3668 0
      vertex 98.0944 61.3668 0
      vertex 99.7136 61.5619 0
    endloop
  endfacet
  facet normal 0 0 -1
    outer loop
      vertex 99.7136 66.0653 0
      vertex 98.65 66.7017 0
      vertex 99.5185 66.3573 0
    endloop
  endfacet
  facet normal 0 0 -1
    outer loop
      vertex 99.5185 61.8539 0
      vertex 98.65 62.1983 0
      vertex 99.45 62.1983 0
    endloop
  endfacet
  facet normal 0 0 -1
    outer loop
      vertex 99.7136 61.5619 0
      vertex 98.3864 61.5619 0
      vertex 99.5185 61.8539 0
    endloop
  endfacet
  facet normal 0 0 -1
    outer loop
      vertex 97.2815 59.6023 0
      vertex 100.819 59.6023 0
      vertex 101.014 59.3103 0
    endloop
  endfacet
  facet normal 0 0 -1
    outer loop
      vertex 99.5185 61.8539 0
      vertex 98.5815 61.8539 0
      vertex 98.65 62.1983 0
    endloop
  endfacet
  facet normal -0 0 -1
    outer loop
      vertex 99.5185 61.8539 0
      vertex 98.3864 61.5619 0
      vertex 98.5815 61.8539 0
    endloop
  endfacet
  facet normal 0 0 -1
    outer loop
      vertex 101.306 59.1152 0
      vertex 96.7944 59.1152 0
      vertex 101.014 59.3103 0
    endloop
  endfacet
  facet normal 0 0 -1
    outer loop
      vertex 100.819 59.6023 0
      vertex 97.2815 59.6023 0
      vertex 97.35 59.9467 0
    endloop
  endfacet
  facet normal -0 0 -1
    outer loop
      vertex 100.006 61.3668 0
      vertex 97.35 59.9467 0
      vertex 98.0944 61.3668 0
    endloop
  endfacet
  facet normal 0 0 -1
    outer loop
      vertex 97.2815 60.2911 0
      vertex 98.0944 61.3668 0
      vertex 97.35 59.9467 0
    endloop
  endfacet
  facet normal 0 0 -1
    outer loop
      vertex 98.0944 61.3668 0
      vertex 97.2815 60.2911 0
      vertex 97.75 61.2983 0
    endloop
  endfacet
  facet normal -0 0 -1
    outer loop
      vertex 99.7136 61.5619 0
      vertex 98.0944 61.3668 0
      vertex 98.3864 61.5619 0
    endloop
  endfacet
  facet normal 0 0 -1
    outer loop
      vertex 101.014 59.3103 0
      vertex 97.0864 59.3103 0
      vertex 97.2815 59.6023 0
    endloop
  endfacet
  facet normal -0 0 -1
    outer loop
      vertex 101.014 59.3103 0
      vertex 96.7944 59.1152 0
      vertex 97.0864 59.3103 0
    endloop
  endfacet
  facet normal -0 0 -1
    outer loop
      vertex 101.306 59.1152 0
      vertex 96.45 59.0467 0
      vertex 96.7944 59.1152 0
    endloop
  endfacet
  facet normal 0 0 -1
    outer loop
      vertex 112.25 48.2 0
      vertex 96.1056 59.1152 0
      vertex 96.45 59.0467 0
    endloop
  endfacet
  facet normal 0 0 -1
    outer loop
      vertex 55.5 48.2 0
      vertex 96.1056 59.1152 0
      vertex 112.25 48.2 0
    endloop
  endfacet
  facet normal 0 -0 -1
    outer loop
      vertex 94.6815 64.1056 0
      vertex 95.6185 64.1056 0
      vertex 94.4864 63.8136 0
    endloop
  endfacet
  facet normal 0 0 -1
    outer loop
      vertex 94.6815 64.7944 0
      vertex 95.55 64.45 0
      vertex 94.75 64.45 0
    endloop
  endfacet
  facet normal -0 0 -1
    outer loop
      vertex 95.55 64.45 0
      vertex 94.6815 64.1056 0
      vertex 94.75 64.45 0
    endloop
  endfacet
  facet normal 0 0 -1
    outer loop
      vertex 93.2136 63.8136 0
      vertex 95.55 59.9467 0
      vertex 95.6185 59.6023 0
    endloop
  endfacet
  facet normal 0 0 -1
    outer loop
      vertex 95.6185 64.1056 0
      vertex 94.6815 64.1056 0
      vertex 95.55 64.45 0
    endloop
  endfacet
  facet normal -0 0 -1
    outer loop
      vertex 95.8136 63.8136 0
      vertex 94.1944 63.6185 0
      vertex 94.4864 63.8136 0
    endloop
  endfacet
  facet normal 0 0 -1
    outer loop
      vertex 95.8136 60.5831 0
      vertex 93.85 63.55 0
      vertex 94.1944 63.6185 0
    endloop
  endfacet
  facet normal 0 0 -1
    outer loop
      vertex 95.6185 60.2911 0
      vertex 93.5056 63.6185 0
      vertex 93.85 63.55 0
    endloop
  endfacet
  facet normal 0 0 -1
    outer loop
      vertex 95.55 59.9467 0
      vertex 93.2136 63.8136 0
      vertex 93.5056 63.6185 0
    endloop
  endfacet
  facet normal 0 0 -1
    outer loop
      vertex 55.5 48.2 0
      vertex 93.2136 63.8136 0
      vertex 95.6185 59.6023 0
    endloop
  endfacet
  facet normal -0 0 -1
    outer loop
      vertex 93.0185 64.1056 0
      vertex 55.5 48.2 0
      vertex 92.95 64.45 0
    endloop
  endfacet
  facet normal -0 0 -1
    outer loop
      vertex 93.2136 63.8136 0
      vertex 55.5 48.2 0
      vertex 93.0185 64.1056 0
    endloop
  endfacet
  facet normal -0 0 -1
    outer loop
      vertex 95.8136 59.3103 0
      vertex 55.5 48.2 0
      vertex 95.6185 59.6023 0
    endloop
  endfacet
  facet normal -0 0 -1
    outer loop
      vertex 96.1056 59.1152 0
      vertex 55.5 48.2 0
      vertex 95.8136 59.3103 0
    endloop
  endfacet
  facet normal 0 0 -1
    outer loop
      vertex 112.65 80.5928 0
      vertex 112.25 80.7 0
      vertex 112.556 80.6391 0
    endloop
  endfacet
  facet normal 0 0 -1
    outer loop
      vertex 112.457 80.6727 0
      vertex 112.25 80.7 0
      vertex 112.354 80.6931 0
    endloop
  endfacet
  facet normal 0 0 -1
    outer loop
      vertex 102.55 68.9533 0
      vertex 104.886 65.0864 0
      vertex 104.594 65.2815 0
    endloop
  endfacet
  facet normal 0 0 -1
    outer loop
      vertex 102.55 68.9533 0
      vertex 104.594 65.2815 0
      vertex 104.25 65.35 0
    endloop
  endfacet
  facet normal 0 0 -1
    outer loop
      vertex 102.55 68.9533 0
      vertex 104.25 65.35 0
      vertex 103.906 65.2815 0
    endloop
  endfacet
  facet normal 0 0 -1
    outer loop
      vertex 102.55 68.9533 0
      vertex 103.906 65.2815 0
      vertex 103.614 65.0864 0
    endloop
  endfacet
  facet normal 0 0 -1
    outer loop
      vertex 102.481 64.7944 0
      vertex 103.419 64.7944 0
      vertex 102.55 64.45 0
    endloop
  endfacet
  facet normal 0 0 -1
    outer loop
      vertex 103.419 64.1056 0
      vertex 102.55 64.45 0
      vertex 103.35 64.45 0
    endloop
  endfacet
  facet normal 0 0 -1
    outer loop
      vertex 102.55 64.45 0
      vertex 103.419 64.7944 0
      vertex 103.35 64.45 0
    endloop
  endfacet
  facet normal 0 0 -1
    outer loop
      vertex 103.419 64.7944 0
      vertex 102.481 64.7944 0
      vertex 103.614 65.0864 0
    endloop
  endfacet
  facet normal 0 0 -1
    outer loop
      vertex 104.886 65.0864 0
      vertex 102.55 68.9533 0
      vertex 102.481 69.2977 0
    endloop
  endfacet
  facet normal 0 0 -1
    outer loop
      vertex 112.556 80.6391 0
      vertex 112.25 80.7 0
      vertex 112.457 80.6727 0
    endloop
  endfacet
  facet normal 0 0 -1
    outer loop
      vertex 112.989 80.2061 0
      vertex 112.25 80.7 0
      vertex 112.943 80.3 0
    endloop
  endfacet
  facet normal 0 0 -1
    outer loop
      vertex 101.994 69.7848 0
      vertex 112.25 80.7 0
      vertex 102.286 69.5897 0
    endloop
  endfacet
  facet normal 0 0 -1
    outer loop
      vertex 101.65 69.8533 0
      vertex 112.25 80.7 0
      vertex 101.994 69.7848 0
    endloop
  endfacet
  facet normal 0 0 -1
    outer loop
      vertex 96.45 69.8533 0
      vertex 101.65 69.8533 0
      vertex 101.306 69.7848 0
    endloop
  endfacet
  facet normal 0 0 -1
    outer loop
      vertex 96.7944 69.7848 0
      vertex 101.306 69.7848 0
      vertex 101.014 69.5897 0
    endloop
  endfacet
  facet normal 0 0 -1
    outer loop
      vertex 100.006 67.5332 0
      vertex 100.819 68.6089 0
      vertex 100.35 67.6017 0
    endloop
  endfacet
  facet normal -0 0 -1
    outer loop
      vertex 100.819 68.6089 0
      vertex 100.006 67.5332 0
      vertex 100.75 68.9533 0
    endloop
  endfacet
  facet normal 0 0 -1
    outer loop
      vertex 97.35 68.9533 0
      vertex 100.75 68.9533 0
      vertex 100.006 67.5332 0
    endloop
  endfacet
  facet normal 0 0 -1
    outer loop
      vertex 98.0944 67.5332 0
      vertex 100.006 67.5332 0
      vertex 99.7136 67.3381 0
    endloop
  endfacet
  facet normal 0 0 -1
    outer loop
      vertex 98.3864 67.3381 0
      vertex 99.7136 67.3381 0
      vertex 99.5185 67.0461 0
    endloop
  endfacet
  facet normal 0 0 -1
    outer loop
      vertex 99.5185 66.3573 0
      vertex 98.65 66.7017 0
      vertex 99.45 66.7017 0
    endloop
  endfacet
  facet normal 0 0 -1
    outer loop
      vertex 98.65 66.7017 0
      vertex 99.5185 67.0461 0
      vertex 99.45 66.7017 0
    endloop
  endfacet
  facet normal 0 0 -1
    outer loop
      vertex 98.5815 67.0461 0
      vertex 99.5185 67.0461 0
      vertex 98.65 66.7017 0
    endloop
  endfacet
  facet normal 0 0 -1
    outer loop
      vertex 98.3864 67.3381 0
      vertex 99.5185 67.0461 0
      vertex 98.5815 67.0461 0
    endloop
  endfacet
  facet normal 0 0 -1
    outer loop
      vertex 98.0944 67.5332 0
      vertex 99.7136 67.3381 0
      vertex 98.3864 67.3381 0
    endloop
  endfacet
  facet normal 0 0 -1
    outer loop
      vertex 97.35 68.9533 0
      vertex 100.006 67.5332 0
      vertex 98.0944 67.5332 0
    endloop
  endfacet
  facet normal 0 0 -1
    outer loop
      vertex 100.75 68.9533 0
      vertex 97.35 68.9533 0
      vertex 100.819 69.2977 0
    endloop
  endfacet
  facet normal 0 0 -1
    outer loop
      vertex 97.2815 69.2977 0
      vertex 100.819 69.2977 0
      vertex 97.35 68.9533 0
    endloop
  endfacet
  facet normal 0 0 -1
    outer loop
      vertex 97.2815 68.6089 0
      vertex 98.0944 67.5332 0
      vertex 97.75 67.6017 0
    endloop
  endfacet
  facet normal 0 0 -1
    outer loop
      vertex 97.0864 68.3169 0
      vertex 97.75 67.6017 0
      vertex 97.4056 67.5332 0
    endloop
  endfacet
  facet normal 0 0 -1
    outer loop
      vertex 100.819 69.2977 0
      vertex 97.2815 69.2977 0
      vertex 101.014 69.5897 0
    endloop
  endfacet
  facet normal 0 0 -1
    outer loop
      vertex 97.0864 69.5897 0
      vertex 101.014 69.5897 0
      vertex 97.2815 69.2977 0
    endloop
  endfacet
  facet normal 0 0 -1
    outer loop
      vertex 96.7944 69.7848 0
      vertex 101.014 69.5897 0
      vertex 97.0864 69.5897 0
    endloop
  endfacet
  facet normal 0 0 -1
    outer loop
      vertex 96.45 69.8533 0
      vertex 101.306 69.7848 0
      vertex 96.7944 69.7848 0
    endloop
  endfacet
  facet normal 0 0 -1
    outer loop
      vertex 101.65 69.8533 0
      vertex 96.45 69.8533 0
      vertex 112.25 80.7 0
    endloop
  endfacet
  facet normal 0 0 -1
    outer loop
      vertex 96.1056 69.7848 0
      vertex 112.25 80.7 0
      vertex 96.45 69.8533 0
    endloop
  endfacet
  facet normal 0 0 -1
    outer loop
      vertex 55.5 80.7 0
      vertex 96.1056 69.7848 0
      vertex 95.8136 69.5897 0
    endloop
  endfacet
  facet normal 0 0 -1
    outer loop
      vertex 95.6185 64.7944 0
      vertex 94.6815 64.7944 0
      vertex 94.4864 65.0864 0
    endloop
  endfacet
  facet normal 0 0 -1
    outer loop
      vertex 93.85 65.35 0
      vertex 95.8136 68.3169 0
      vertex 94.1944 65.2815 0
    endloop
  endfacet
  facet normal -0 0 -1
    outer loop
      vertex 95.8136 68.3169 0
      vertex 93.85 65.35 0
      vertex 95.6185 68.6089 0
    endloop
  endfacet
  facet normal 0 0 -1
    outer loop
      vertex 93.5056 65.2815 0
      vertex 95.6185 68.6089 0
      vertex 93.85 65.35 0
    endloop
  endfacet
  facet normal -0 0 -1
    outer loop
      vertex 95.6185 68.6089 0
      vertex 93.5056 65.2815 0
      vertex 95.55 68.9533 0
    endloop
  endfacet
  facet normal 0 0 -1
    outer loop
      vertex 93.2136 65.0864 0
      vertex 95.55 68.9533 0
      vertex 93.5056 65.2815 0
    endloop
  endfacet
  facet normal -0 0 -1
    outer loop
      vertex 95.55 68.9533 0
      vertex 93.2136 65.0864 0
      vertex 95.6185 69.2977 0
    endloop
  endfacet
  facet normal 0 0 -1
    outer loop
      vertex 55.5 80.7 0
      vertex 93.2136 65.0864 0
      vertex 93.0185 64.7944 0
    endloop
  endfacet
  facet normal 0 0 -1
    outer loop
      vertex 55.5 80.7 0
      vertex 92.95 64.45 0
      vertex 55.5 48.2 0
    endloop
  endfacet
  facet normal 0 0 -1
    outer loop
      vertex 92.95 64.45 0
      vertex 55.5 80.7 0
      vertex 93.0185 64.7944 0
    endloop
  endfacet
  facet normal 0 0 -1
    outer loop
      vertex 93.2136 65.0864 0
      vertex 55.5 80.7 0
      vertex 95.6185 69.2977 0
    endloop
  endfacet
  facet normal 0 0 -1
    outer loop
      vertex 95.6185 69.2977 0
      vertex 55.5 80.7 0
      vertex 95.8136 69.5897 0
    endloop
  endfacet
  facet normal 0 0 -1
    outer loop
      vertex 96.1056 69.7848 0
      vertex 55.5 80.7 0
      vertex 112.25 80.7 0
    endloop
  endfacet
  facet normal 0 0 -1
    outer loop
      vertex 54.7 49 0
      vertex 55.5 48.2 0
      vertex 55.3956 48.2069 0
    endloop
  endfacet
  facet normal 0 0 -1
    outer loop
      vertex 55.5 48.2 0
      vertex 54.7 49 0
      vertex 55.5 80.7 0
    endloop
  endfacet
  facet normal 0 0 -1
    outer loop
      vertex 54.7 49 0
      vertex 55.3956 48.2069 0
      vertex 55.2929 48.2273 0
    endloop
  endfacet
  facet normal 0 0 -1
    outer loop
      vertex 54.7 79.9 0
      vertex 55.5 80.7 0
      vertex 54.7 49 0
    endloop
  endfacet
  facet normal 0 0 -1
    outer loop
      vertex 54.7 49 0
      vertex 55.2929 48.2273 0
      vertex 55.1939 48.2609 0
    endloop
  endfacet
  facet normal 0 0 -1
    outer loop
      vertex 55.5 80.7 0
      vertex 54.7 79.9 0
      vertex 55.3956 80.6931 0
    endloop
  endfacet
  facet normal 0 0 -1
    outer loop
      vertex 54.7 49 0
      vertex 55.1939 48.2609 0
      vertex 55.1 48.3072 0
    endloop
  endfacet
  facet normal 0 0 -1
    outer loop
      vertex 55.3956 80.6931 0
      vertex 54.7 79.9 0
      vertex 55.2929 80.6727 0
    endloop
  endfacet
  facet normal 0 0 -1
    outer loop
      vertex 54.7 49 0
      vertex 55.1 48.3072 0
      vertex 55.013 48.3653 0
    endloop
  endfacet
  facet normal 0 0 -1
    outer loop
      vertex 55.2929 80.6727 0
      vertex 54.7 79.9 0
      vertex 55.1939 80.6391 0
    endloop
  endfacet
  facet normal 0 0 -1
    outer loop
      vertex 54.7 49 0
      vertex 55.013 48.3653 0
      vertex 54.9343 48.4343 0
    endloop
  endfacet
  facet normal 0 0 -1
    outer loop
      vertex 55.1939 80.6391 0
      vertex 54.7 79.9 0
      vertex 55.1 80.5928 0
    endloop
  endfacet
  facet normal 0 0 -1
    outer loop
      vertex 54.7 49 0
      vertex 54.9343 48.4343 0
      vertex 54.8653 48.513 0
    endloop
  endfacet
  facet normal 0 0 -1
    outer loop
      vertex 55.1 80.5928 0
      vertex 54.7 79.9 0
      vertex 55.013 80.5347 0
    endloop
  endfacet
  facet normal 0 0 -1
    outer loop
      vertex 54.7 49 0
      vertex 54.8653 48.513 0
      vertex 54.8072 48.6 0
    endloop
  endfacet
  facet normal 0 0 -1
    outer loop
      vertex 55.013 80.5347 0
      vertex 54.7 79.9 0
      vertex 54.9343 80.4657 0
    endloop
  endfacet
  facet normal 0 0 -1
    outer loop
      vertex 54.7 49 0
      vertex 54.8072 48.6 0
      vertex 54.7609 48.6939 0
    endloop
  endfacet
  facet normal 0 0 -1
    outer loop
      vertex 54.9343 80.4657 0
      vertex 54.7 79.9 0
      vertex 54.8653 80.387 0
    endloop
  endfacet
  facet normal 0 0 -1
    outer loop
      vertex 54.7 49 0
      vertex 54.7609 48.6939 0
      vertex 54.7273 48.7929 0
    endloop
  endfacet
  facet normal 0 0 -1
    outer loop
      vertex 54.8653 80.387 0
      vertex 54.7 79.9 0
      vertex 54.8072 80.3 0
    endloop
  endfacet
  facet normal 0 0 -1
    outer loop
      vertex 54.7 49 0
      vertex 54.7273 48.7929 0
      vertex 54.7069 48.8956 0
    endloop
  endfacet
  facet normal 0 0 -1
    outer loop
      vertex 54.8072 80.3 0
      vertex 54.7 79.9 0
      vertex 54.7609 80.2061 0
    endloop
  endfacet
  facet normal 0 0 -1
    outer loop
      vertex 54.7609 80.2061 0
      vertex 54.7 79.9 0
      vertex 54.7273 80.1071 0
    endloop
  endfacet
  facet normal 0 0 -1
    outer loop
      vertex 54.7273 80.1071 0
      vertex 54.7 79.9 0
      vertex 54.7069 80.0044 0
    endloop
  endfacet
  facet normal 0 0 -1
    outer loop
      vertex 100.986 62.8347 0
      vertex 101.65 63.55 0
      vertex 101.181 62.5427 0
    endloop
  endfacet
  facet normal -0 0 -1
    outer loop
      vertex 101.65 63.55 0
      vertex 100.986 62.8347 0
      vertex 101.306 63.6185 0
    endloop
  endfacet
  facet normal 0 0 -1
    outer loop
      vertex 100.694 63.0298 0
      vertex 101.306 63.6185 0
      vertex 100.986 62.8347 0
    endloop
  endfacet
  facet normal -0 0 -1
    outer loop
      vertex 101.306 63.6185 0
      vertex 100.694 63.0298 0
      vertex 101.014 63.8136 0
    endloop
  endfacet
  facet normal 0 0 -1
    outer loop
      vertex 100.35 63.0983 0
      vertex 101.014 63.8136 0
      vertex 100.694 63.0298 0
    endloop
  endfacet
  facet normal -0 0 -1
    outer loop
      vertex 101.014 63.8136 0
      vertex 100.35 63.0983 0
      vertex 100.819 64.1056 0
    endloop
  endfacet
  facet normal 0 0 -1
    outer loop
      vertex 100.986 67.3381 0
      vertex 101.65 68.0533 0
      vertex 101.181 67.0461 0
    endloop
  endfacet
  facet normal -0 0 -1
    outer loop
      vertex 101.65 68.0533 0
      vertex 100.986 67.3381 0
      vertex 101.306 68.1218 0
    endloop
  endfacet
  facet normal 0 0 -1
    outer loop
      vertex 100.694 67.5332 0
      vertex 101.306 68.1218 0
      vertex 100.986 67.3381 0
    endloop
  endfacet
  facet normal -0 0 -1
    outer loop
      vertex 101.306 68.1218 0
      vertex 100.694 67.5332 0
      vertex 101.014 68.3169 0
    endloop
  endfacet
  facet normal 0 0 -1
    outer loop
      vertex 100.35 67.6017 0
      vertex 101.014 68.3169 0
      vertex 100.694 67.5332 0
    endloop
  endfacet
  facet normal -0 0 -1
    outer loop
      vertex 101.014 68.3169 0
      vertex 100.35 67.6017 0
      vertex 100.819 68.6089 0
    endloop
  endfacet
  facet normal 0.99776 0.0668996 0
    outer loop
      vertex 113.05 79.9 3.2
      vertex 113.043 80.0044 0
      vertex 113.043 80.0044 3.2
    endloop
  endfacet
  facet normal 0.99776 0.0668996 0
    outer loop
      vertex 113.043 80.0044 0
      vertex 113.05 79.9 3.2
      vertex 113.05 79.9 0
    endloop
  endfacet
  facet normal 0.898032 -0.43993 0
    outer loop
      vertex 112.943 48.6 3.2
      vertex 112.989 48.6939 0
      vertex 112.989 48.6939 3.2
    endloop
  endfacet
  facet normal 0.898032 -0.43993 0
    outer loop
      vertex 112.989 48.6939 0
      vertex 112.943 48.6 3.2
      vertex 112.943 48.6 0
    endloop
  endfacet
  facet normal 0.194284 -0.980945 0
    outer loop
      vertex 112.354 48.2069 0
      vertex 112.457 48.2273 3.2
      vertex 112.354 48.2069 3.2
    endloop
  endfacet
  facet normal 0.194284 -0.980945 0
    outer loop
      vertex 112.457 48.2273 3.2
      vertex 112.354 48.2069 0
      vertex 112.457 48.2273 0
    endloop
  endfacet
  facet normal 0 0 1
    outer loop
      vertex 98.0944 61.3668 3.2
      vertex 97.2815 60.2911 3.2
      vertex 97.35 59.9467 3.2
    endloop
  endfacet
  facet normal 0 0 1
    outer loop
      vertex 96.7944 60.7782 3.2
      vertex 97.4056 61.3668 3.2
      vertex 97.1136 61.5619 3.2
    endloop
  endfacet
  facet normal 0 0 1
    outer loop
      vertex 97.75 61.2983 3.2
      vertex 97.0864 60.5831 3.2
      vertex 97.2815 60.2911 3.2
    endloop
  endfacet
  facet normal 0 0 1
    outer loop
      vertex 96.45 60.8467 3.2
      vertex 97.1136 61.5619 3.2
      vertex 96.9185 61.8539 3.2
    endloop
  endfacet
  facet normal 0 0 1
    outer loop
      vertex 96.1056 60.7782 3.2
      vertex 96.9185 61.8539 3.2
      vertex 96.85 62.1983 3.2
    endloop
  endfacet
  facet normal 0 0 1
    outer loop
      vertex 97.4056 61.3668 3.2
      vertex 96.7944 60.7782 3.2
      vertex 97.0864 60.5831 3.2
    endloop
  endfacet
  facet normal 0 0 1
    outer loop
      vertex 96.1056 63.6185 3.2
      vertex 96.9185 62.5427 3.2
      vertex 96.45 63.55 3.2
    endloop
  endfacet
  facet normal 0 0 1
    outer loop
      vertex 96.9185 62.5427 3.2
      vertex 96.1056 63.6185 3.2
      vertex 96.85 62.1983 3.2
    endloop
  endfacet
  facet normal 0 0 1
    outer loop
      vertex 97.1136 61.5619 3.2
      vertex 96.45 60.8467 3.2
      vertex 96.7944 60.7782 3.2
    endloop
  endfacet
  facet normal -0 0 1
    outer loop
      vertex 94.1944 63.6185 3.2
      vertex 96.85 62.1983 3.2
      vertex 96.1056 63.6185 3.2
    endloop
  endfacet
  facet normal 0 0 1
    outer loop
      vertex 96.9185 61.8539 3.2
      vertex 96.1056 60.7782 3.2
      vertex 96.45 60.8467 3.2
    endloop
  endfacet
  facet normal 0 0 1
    outer loop
      vertex 94.1944 63.6185 3.2
      vertex 96.1056 63.6185 3.2
      vertex 95.8136 63.8136 3.2
    endloop
  endfacet
  facet normal 0 0 1
    outer loop
      vertex 96.85 62.1983 3.2
      vertex 94.1944 63.6185 3.2
      vertex 96.1056 60.7782 3.2
    endloop
  endfacet
  facet normal 0 0 1
    outer loop
      vertex 94.4864 63.8136 3.2
      vertex 95.8136 63.8136 3.2
      vertex 95.6185 64.1056 3.2
    endloop
  endfacet
  facet normal 0 0 1
    outer loop
      vertex 94.1944 63.6185 3.2
      vertex 95.8136 63.8136 3.2
      vertex 94.4864 63.8136 3.2
    endloop
  endfacet
  facet normal 0 0 1
    outer loop
      vertex 94.6815 64.1056 3.2
      vertex 95.6185 64.1056 3.2
      vertex 95.55 64.45 3.2
    endloop
  endfacet
  facet normal 0 0 1
    outer loop
      vertex 96.1056 60.7782 3.2
      vertex 94.1944 63.6185 3.2
      vertex 95.8136 60.5831 3.2
    endloop
  endfacet
  facet normal 0 0 1
    outer loop
      vertex 97.35 64.45 3.2
      vertex 100.75 64.45 3.2
      vertex 98.0944 65.8702 3.2
    endloop
  endfacet
  facet normal 0 0 1
    outer loop
      vertex 99.7136 62.8347 3.2
      vertex 98.5815 62.5427 3.2
      vertex 98.65 62.1983 3.2
    endloop
  endfacet
  facet normal 0 0 1
    outer loop
      vertex 100.75 64.45 3.2
      vertex 97.35 64.45 3.2
      vertex 100.006 63.0298 3.2
    endloop
  endfacet
  facet normal 0 0 1
    outer loop
      vertex 99.7136 62.8347 3.2
      vertex 98.3864 62.8347 3.2
      vertex 98.5815 62.5427 3.2
    endloop
  endfacet
  facet normal 0 0 1
    outer loop
      vertex 100.006 63.0298 3.2
      vertex 98.0944 63.0298 3.2
      vertex 99.7136 62.8347 3.2
    endloop
  endfacet
  facet normal 0 0 1
    outer loop
      vertex 99.7136 62.8347 3.2
      vertex 98.0944 63.0298 3.2
      vertex 98.3864 62.8347 3.2
    endloop
  endfacet
  facet normal 0 0 1
    outer loop
      vertex 97.2815 64.7944 3.2
      vertex 98.0944 65.8702 3.2
      vertex 97.75 65.8017 3.2
    endloop
  endfacet
  facet normal 0 0 1
    outer loop
      vertex 100.006 63.0298 3.2
      vertex 97.35 64.45 3.2
      vertex 98.0944 63.0298 3.2
    endloop
  endfacet
  facet normal 0 0 1
    outer loop
      vertex 97.0864 65.0864 3.2
      vertex 97.75 65.8017 3.2
      vertex 97.4056 65.8702 3.2
    endloop
  endfacet
  facet normal -0 0 1
    outer loop
      vertex 97.2815 64.1056 3.2
      vertex 98.0944 63.0298 3.2
      vertex 97.35 64.45 3.2
    endloop
  endfacet
  facet normal 0 0 1
    outer loop
      vertex 98.0944 63.0298 3.2
      vertex 97.2815 64.1056 3.2
      vertex 97.75 63.0983 3.2
    endloop
  endfacet
  facet normal 0 0 1
    outer loop
      vertex 98.0944 65.8702 3.2
      vertex 97.2815 64.7944 3.2
      vertex 97.35 64.45 3.2
    endloop
  endfacet
  facet normal 0 0 1
    outer loop
      vertex 96.7944 65.2815 3.2
      vertex 97.4056 65.8702 3.2
      vertex 97.1136 66.0653 3.2
    endloop
  endfacet
  facet normal 0 0 1
    outer loop
      vertex 97.75 65.8017 3.2
      vertex 97.0864 65.0864 3.2
      vertex 97.2815 64.7944 3.2
    endloop
  endfacet
  facet normal 0 0 1
    outer loop
      vertex 96.45 65.35 3.2
      vertex 97.1136 66.0653 3.2
      vertex 96.9185 66.3573 3.2
    endloop
  endfacet
  facet normal 0 0 1
    outer loop
      vertex 96.1056 65.2815 3.2
      vertex 96.9185 66.3573 3.2
      vertex 96.85 66.7017 3.2
    endloop
  endfacet
  facet normal 0 0 1
    outer loop
      vertex 97.4056 65.8702 3.2
      vertex 96.7944 65.2815 3.2
      vertex 97.0864 65.0864 3.2
    endloop
  endfacet
  facet normal 0 0 1
    outer loop
      vertex 96.1056 68.1218 3.2
      vertex 96.9185 67.0461 3.2
      vertex 96.45 68.0533 3.2
    endloop
  endfacet
  facet normal 0 0 1
    outer loop
      vertex 96.9185 67.0461 3.2
      vertex 96.1056 68.1218 3.2
      vertex 96.85 66.7017 3.2
    endloop
  endfacet
  facet normal 0 0 1
    outer loop
      vertex 97.1136 66.0653 3.2
      vertex 96.45 65.35 3.2
      vertex 96.7944 65.2815 3.2
    endloop
  endfacet
  facet normal 0 0 1
    outer loop
      vertex 94.1944 65.2815 3.2
      vertex 96.85 66.7017 3.2
      vertex 96.1056 68.1218 3.2
    endloop
  endfacet
  facet normal 0 0 1
    outer loop
      vertex 96.9185 66.3573 3.2
      vertex 96.1056 65.2815 3.2
      vertex 96.45 65.35 3.2
    endloop
  endfacet
  facet normal 0 0 1
    outer loop
      vertex 94.1944 65.2815 3.2
      vertex 96.1056 68.1218 3.2
      vertex 95.8136 68.3169 3.2
    endloop
  endfacet
  facet normal 0 0 1
    outer loop
      vertex 96.85 66.7017 3.2
      vertex 94.1944 65.2815 3.2
      vertex 96.1056 65.2815 3.2
    endloop
  endfacet
  facet normal 0 0 1
    outer loop
      vertex 93.85 65.35 3.2
      vertex 95.8136 68.3169 3.2
      vertex 95.6185 68.6089 3.2
    endloop
  endfacet
  facet normal 0 0 1
    outer loop
      vertex 96.1056 65.2815 3.2
      vertex 94.1944 65.2815 3.2
      vertex 95.8136 65.0864 3.2
    endloop
  endfacet
  facet normal 0 0 1
    outer loop
      vertex 93.5056 65.2815 3.2
      vertex 95.6185 68.6089 3.2
      vertex 95.55 68.9533 3.2
    endloop
  endfacet
  facet normal 0 0 1
    outer loop
      vertex 95.8136 65.0864 3.2
      vertex 94.4864 65.0864 3.2
      vertex 95.6185 64.7944 3.2
    endloop
  endfacet
  facet normal -0 0 1
    outer loop
      vertex 97.0864 68.3169 3.2
      vertex 97.75 67.6017 3.2
      vertex 97.2815 68.6089 3.2
    endloop
  endfacet
  facet normal 0 0 1
    outer loop
      vertex 97.75 67.6017 3.2
      vertex 97.0864 68.3169 3.2
      vertex 97.4056 67.5332 3.2
    endloop
  endfacet
  facet normal -0 0 1
    outer loop
      vertex 96.7944 68.1218 3.2
      vertex 97.4056 67.5332 3.2
      vertex 97.0864 68.3169 3.2
    endloop
  endfacet
  facet normal 0 0 1
    outer loop
      vertex 97.4056 67.5332 3.2
      vertex 96.7944 68.1218 3.2
      vertex 97.1136 67.3381 3.2
    endloop
  endfacet
  facet normal -0 0 1
    outer loop
      vertex 96.45 68.0533 3.2
      vertex 97.1136 67.3381 3.2
      vertex 96.7944 68.1218 3.2
    endloop
  endfacet
  facet normal 0 0 1
    outer loop
      vertex 97.1136 67.3381 3.2
      vertex 96.45 68.0533 3.2
      vertex 96.9185 67.0461 3.2
    endloop
  endfacet
  facet normal -0 0 1
    outer loop
      vertex 97.0864 63.8136 3.2
      vertex 97.75 63.0983 3.2
      vertex 97.2815 64.1056 3.2
    endloop
  endfacet
  facet normal 0 0 1
    outer loop
      vertex 97.75 63.0983 3.2
      vertex 97.0864 63.8136 3.2
      vertex 97.4056 63.0298 3.2
    endloop
  endfacet
  facet normal -0 0 1
    outer loop
      vertex 96.7944 63.6185 3.2
      vertex 97.4056 63.0298 3.2
      vertex 97.0864 63.8136 3.2
    endloop
  endfacet
  facet normal 0 0 1
    outer loop
      vertex 97.4056 63.0298 3.2
      vertex 96.7944 63.6185 3.2
      vertex 97.1136 62.8347 3.2
    endloop
  endfacet
  facet normal -0 0 1
    outer loop
      vertex 96.45 63.55 3.2
      vertex 97.1136 62.8347 3.2
      vertex 96.7944 63.6185 3.2
    endloop
  endfacet
  facet normal 0 0 1
    outer loop
      vertex 97.1136 62.8347 3.2
      vertex 96.45 63.55 3.2
      vertex 96.9185 62.5427 3.2
    endloop
  endfacet
  facet normal 0 0 1
    outer loop
      vertex 102.286 63.8136 3.2
      vertex 103.614 63.8136 3.2
      vertex 102.481 64.1056 3.2
    endloop
  endfacet
  facet normal 0 0 1
    outer loop
      vertex 103.614 63.8136 3.2
      vertex 102.481 60.2911 3.2
      vertex 102.55 59.9467 3.2
    endloop
  endfacet
  facet normal 0 0 1
    outer loop
      vertex 101.994 63.6185 3.2
      vertex 103.614 63.8136 3.2
      vertex 102.286 63.8136 3.2
    endloop
  endfacet
  facet normal 0 0 1
    outer loop
      vertex 103.614 63.8136 3.2
      vertex 102.286 60.5831 3.2
      vertex 102.481 60.2911 3.2
    endloop
  endfacet
  facet normal 0 0 1
    outer loop
      vertex 101.994 60.7782 3.2
      vertex 103.614 63.8136 3.2
      vertex 101.994 63.6185 3.2
    endloop
  endfacet
  facet normal 0 0 1
    outer loop
      vertex 103.614 63.8136 3.2
      vertex 101.994 60.7782 3.2
      vertex 102.286 60.5831 3.2
    endloop
  endfacet
  facet normal 0 0 1
    outer loop
      vertex 101.181 62.5427 3.2
      vertex 101.994 63.6185 3.2
      vertex 101.65 63.55 3.2
    endloop
  endfacet
  facet normal 0 0 1
    outer loop
      vertex 101.994 63.6185 3.2
      vertex 101.25 62.1983 3.2
      vertex 101.994 60.7782 3.2
    endloop
  endfacet
  facet normal 0 0 1
    outer loop
      vertex 100.986 62.8347 3.2
      vertex 101.65 63.55 3.2
      vertex 101.306 63.6185 3.2
    endloop
  endfacet
  facet normal -0 0 1
    outer loop
      vertex 101.181 61.8539 3.2
      vertex 101.994 60.7782 3.2
      vertex 101.25 62.1983 3.2
    endloop
  endfacet
  facet normal 0 0 1
    outer loop
      vertex 101.994 60.7782 3.2
      vertex 101.181 61.8539 3.2
      vertex 101.65 60.8467 3.2
    endloop
  endfacet
  facet normal 0 0 1
    outer loop
      vertex 101.994 63.6185 3.2
      vertex 101.181 62.5427 3.2
      vertex 101.25 62.1983 3.2
    endloop
  endfacet
  facet normal 0 0 1
    outer loop
      vertex 100.694 63.0298 3.2
      vertex 101.306 63.6185 3.2
      vertex 101.014 63.8136 3.2
    endloop
  endfacet
  facet normal 0 0 1
    outer loop
      vertex 101.65 63.55 3.2
      vertex 100.986 62.8347 3.2
      vertex 101.181 62.5427 3.2
    endloop
  endfacet
  facet normal 0 0 1
    outer loop
      vertex 100.35 63.0983 3.2
      vertex 101.014 63.8136 3.2
      vertex 100.819 64.1056 3.2
    endloop
  endfacet
  facet normal 0 0 1
    outer loop
      vertex 100.006 63.0298 3.2
      vertex 100.819 64.1056 3.2
      vertex 100.75 64.45 3.2
    endloop
  endfacet
  facet normal 0 0 1
    outer loop
      vertex 101.306 63.6185 3.2
      vertex 100.694 63.0298 3.2
      vertex 100.986 62.8347 3.2
    endloop
  endfacet
  facet normal 0 0 1
    outer loop
      vertex 100.006 65.8702 3.2
      vertex 100.819 64.7944 3.2
      vertex 100.35 65.8017 3.2
    endloop
  endfacet
  facet normal 0 0 1
    outer loop
      vertex 100.819 64.7944 3.2
      vertex 100.006 65.8702 3.2
      vertex 100.75 64.45 3.2
    endloop
  endfacet
  facet normal 0 0 1
    outer loop
      vertex 101.014 63.8136 3.2
      vertex 100.35 63.0983 3.2
      vertex 100.694 63.0298 3.2
    endloop
  endfacet
  facet normal -0 0 1
    outer loop
      vertex 98.0944 65.8702 3.2
      vertex 100.75 64.45 3.2
      vertex 100.006 65.8702 3.2
    endloop
  endfacet
  facet normal 0 0 1
    outer loop
      vertex 100.819 64.1056 3.2
      vertex 100.006 63.0298 3.2
      vertex 100.35 63.0983 3.2
    endloop
  endfacet
  facet normal -0 0 1
    outer loop
      vertex 98.3864 66.0653 3.2
      vertex 100.006 65.8702 3.2
      vertex 99.7136 66.0653 3.2
    endloop
  endfacet
  facet normal 0 0 1
    outer loop
      vertex 98.0944 65.8702 3.2
      vertex 100.006 65.8702 3.2
      vertex 98.3864 66.0653 3.2
    endloop
  endfacet
  facet normal 0 0 1
    outer loop
      vertex 98.5815 66.3573 3.2
      vertex 99.5185 66.3573 3.2
      vertex 98.65 66.7017 3.2
    endloop
  endfacet
  facet normal 0 0 1
    outer loop
      vertex 99.5185 66.3573 3.2
      vertex 98.5815 66.3573 3.2
      vertex 99.7136 66.0653 3.2
    endloop
  endfacet
  facet normal -0 0 1
    outer loop
      vertex 98.65 66.7017 3.2
      vertex 99.5185 66.3573 3.2
      vertex 99.45 66.7017 3.2
    endloop
  endfacet
  facet normal 0 0 1
    outer loop
      vertex 98.3864 66.0653 3.2
      vertex 99.7136 66.0653 3.2
      vertex 98.5815 66.3573 3.2
    endloop
  endfacet
  facet normal -0 0 1
    outer loop
      vertex 101.994 68.1218 3.2
      vertex 103.906 65.2815 3.2
      vertex 102.286 68.3169 3.2
    endloop
  endfacet
  facet normal 0 0 1
    outer loop
      vertex 103.614 65.0864 3.2
      vertex 102.481 64.7944 3.2
      vertex 102.55 64.45 3.2
    endloop
  endfacet
  facet normal -0 0 1
    outer loop
      vertex 101.25 66.7017 3.2
      vertex 103.906 65.2815 3.2
      vertex 101.994 68.1218 3.2
    endloop
  endfacet
  facet normal 0 0 1
    outer loop
      vertex 103.614 65.0864 3.2
      vertex 102.286 65.0864 3.2
      vertex 102.481 64.7944 3.2
    endloop
  endfacet
  facet normal 0 0 1
    outer loop
      vertex 103.906 65.2815 3.2
      vertex 101.994 65.2815 3.2
      vertex 103.614 65.0864 3.2
    endloop
  endfacet
  facet normal 0 0 1
    outer loop
      vertex 103.614 65.0864 3.2
      vertex 101.994 65.2815 3.2
      vertex 102.286 65.0864 3.2
    endloop
  endfacet
  facet normal 0 0 1
    outer loop
      vertex 101.181 67.0461 3.2
      vertex 101.994 68.1218 3.2
      vertex 101.65 68.0533 3.2
    endloop
  endfacet
  facet normal 0 0 1
    outer loop
      vertex 103.906 65.2815 3.2
      vertex 101.25 66.7017 3.2
      vertex 101.994 65.2815 3.2
    endloop
  endfacet
  facet normal 0 0 1
    outer loop
      vertex 100.986 67.3381 3.2
      vertex 101.65 68.0533 3.2
      vertex 101.306 68.1218 3.2
    endloop
  endfacet
  facet normal -0 0 1
    outer loop
      vertex 101.181 66.3573 3.2
      vertex 101.994 65.2815 3.2
      vertex 101.25 66.7017 3.2
    endloop
  endfacet
  facet normal 0 0 1
    outer loop
      vertex 101.994 65.2815 3.2
      vertex 101.181 66.3573 3.2
      vertex 101.65 65.35 3.2
    endloop
  endfacet
  facet normal 0 0 1
    outer loop
      vertex 101.994 68.1218 3.2
      vertex 101.181 67.0461 3.2
      vertex 101.25 66.7017 3.2
    endloop
  endfacet
  facet normal 0 0 1
    outer loop
      vertex 100.694 67.5332 3.2
      vertex 101.306 68.1218 3.2
      vertex 101.014 68.3169 3.2
    endloop
  endfacet
  facet normal 0 0 1
    outer loop
      vertex 101.65 68.0533 3.2
      vertex 100.986 67.3381 3.2
      vertex 101.181 67.0461 3.2
    endloop
  endfacet
  facet normal 0 0 1
    outer loop
      vertex 100.35 67.6017 3.2
      vertex 101.014 68.3169 3.2
      vertex 100.819 68.6089 3.2
    endloop
  endfacet
  facet normal 0 0 1
    outer loop
      vertex 100.006 67.5332 3.2
      vertex 100.819 68.6089 3.2
      vertex 100.75 68.9533 3.2
    endloop
  endfacet
  facet normal 0 0 1
    outer loop
      vertex 101.306 68.1218 3.2
      vertex 100.694 67.5332 3.2
      vertex 100.986 67.3381 3.2
    endloop
  endfacet
  facet normal 0 0 1
    outer loop
      vertex 112.25 80.7 3.2
      vertex 113.05 79.9 3.2
      vertex 113.043 80.0044 3.2
    endloop
  endfacet
  facet normal 0 0 1
    outer loop
      vertex 113.05 79.9 3.2
      vertex 105.15 64.45 3.2
      vertex 113.05 49 3.2
    endloop
  endfacet
  facet normal 0 0 1
    outer loop
      vertex 112.25 80.7 3.2
      vertex 113.043 80.0044 3.2
      vertex 113.023 80.1071 3.2
    endloop
  endfacet
  facet normal -0 0 1
    outer loop
      vertex 105.081 64.1056 3.2
      vertex 113.05 49 3.2
      vertex 105.15 64.45 3.2
    endloop
  endfacet
  facet normal 0 0 1
    outer loop
      vertex 112.25 80.7 3.2
      vertex 113.023 80.1071 3.2
      vertex 112.989 80.2061 3.2
    endloop
  endfacet
  facet normal -0 0 1
    outer loop
      vertex 104.886 63.8136 3.2
      vertex 113.05 49 3.2
      vertex 105.081 64.1056 3.2
    endloop
  endfacet
  facet normal 0 0 1
    outer loop
      vertex 112.25 80.7 3.2
      vertex 112.989 80.2061 3.2
      vertex 112.943 80.3 3.2
    endloop
  endfacet
  facet normal -0 0 1
    outer loop
      vertex 102.481 59.6023 3.2
      vertex 113.05 49 3.2
      vertex 104.886 63.8136 3.2
    endloop
  endfacet
  facet normal 0 0 1
    outer loop
      vertex 112.25 80.7 3.2
      vertex 112.943 80.3 3.2
      vertex 112.885 80.387 3.2
    endloop
  endfacet
  facet normal -0 0 1
    outer loop
      vertex 102.286 59.3103 3.2
      vertex 113.05 49 3.2
      vertex 102.481 59.6023 3.2
    endloop
  endfacet
  facet normal 0 0 1
    outer loop
      vertex 112.25 80.7 3.2
      vertex 112.885 80.387 3.2
      vertex 112.816 80.4657 3.2
    endloop
  endfacet
  facet normal 0 -0 1
    outer loop
      vertex 112.25 48.2 3.2
      vertex 113.05 49 3.2
      vertex 102.286 59.3103 3.2
    endloop
  endfacet
  facet normal 0 0 1
    outer loop
      vertex 112.25 80.7 3.2
      vertex 112.816 80.4657 3.2
      vertex 112.737 80.5347 3.2
    endloop
  endfacet
  facet normal 0 0 1
    outer loop
      vertex 113.05 49 3.2
      vertex 112.25 48.2 3.2
      vertex 113.043 48.8956 3.2
    endloop
  endfacet
  facet normal 0 0 1
    outer loop
      vertex 112.25 80.7 3.2
      vertex 112.737 80.5347 3.2
      vertex 112.65 80.5928 3.2
    endloop
  endfacet
  facet normal 0 0 1
    outer loop
      vertex 113.043 48.8956 3.2
      vertex 112.25 48.2 3.2
      vertex 113.023 48.7929 3.2
    endloop
  endfacet
  facet normal 0 0 1
    outer loop
      vertex 112.25 80.7 3.2
      vertex 112.65 80.5928 3.2
      vertex 112.556 80.6391 3.2
    endloop
  endfacet
  facet normal 0 0 1
    outer loop
      vertex 113.023 48.7929 3.2
      vertex 112.25 48.2 3.2
      vertex 112.989 48.6939 3.2
    endloop
  endfacet
  facet normal 0 0 1
    outer loop
      vertex 112.25 80.7 3.2
      vertex 112.556 80.6391 3.2
      vertex 112.457 80.6727 3.2
    endloop
  endfacet
  facet normal 0 0 1
    outer loop
      vertex 112.943 48.6 3.2
      vertex 112.25 48.2 3.2
      vertex 112.885 48.513 3.2
    endloop
  endfacet
  facet normal 0 0 1
    outer loop
      vertex 112.25 80.7 3.2
      vertex 112.457 80.6727 3.2
      vertex 112.354 80.6931 3.2
    endloop
  endfacet
  facet normal 0 0 1
    outer loop
      vertex 112.885 48.513 3.2
      vertex 112.25 48.2 3.2
      vertex 112.816 48.4343 3.2
    endloop
  endfacet
  facet normal 0 0 1
    outer loop
      vertex 113.05 79.9 3.2
      vertex 112.25 80.7 3.2
      vertex 102.286 69.5897 3.2
    endloop
  endfacet
  facet normal 0 0 1
    outer loop
      vertex 112.816 48.4343 3.2
      vertex 112.25 48.2 3.2
      vertex 112.737 48.3653 3.2
    endloop
  endfacet
  facet normal 0 0 1
    outer loop
      vertex 112.737 48.3653 3.2
      vertex 112.25 48.2 3.2
      vertex 112.65 48.3072 3.2
    endloop
  endfacet
  facet normal 0 0 1
    outer loop
      vertex 113.05 79.9 3.2
      vertex 105.081 64.7944 3.2
      vertex 105.15 64.45 3.2
    endloop
  endfacet
  facet normal 0 0 1
    outer loop
      vertex 113.05 79.9 3.2
      vertex 104.886 65.0864 3.2
      vertex 105.081 64.7944 3.2
    endloop
  endfacet
  facet normal 0 0 1
    outer loop
      vertex 113.05 79.9 3.2
      vertex 102.481 69.2977 3.2
      vertex 104.886 65.0864 3.2
    endloop
  endfacet
  facet normal -0 -0 1
    outer loop
      vertex 102.55 68.9533 3.2
      vertex 104.886 65.0864 3.2
      vertex 102.481 69.2977 3.2
    endloop
  endfacet
  facet normal 0 0 1
    outer loop
      vertex 104.886 65.0864 3.2
      vertex 102.55 68.9533 3.2
      vertex 104.594 65.2815 3.2
    endloop
  endfacet
  facet normal 0 0 1
    outer loop
      vertex 104.594 65.2815 3.2
      vertex 102.481 68.6089 3.2
      vertex 104.25 65.35 3.2
    endloop
  endfacet
  facet normal -0 0 1
    outer loop
      vertex 102.286 68.3169 3.2
      vertex 104.25 65.35 3.2
      vertex 102.481 68.6089 3.2
    endloop
  endfacet
  facet normal 0 0 1
    outer loop
      vertex 103.614 65.0864 3.2
      vertex 102.55 64.45 3.2
      vertex 103.419 64.7944 3.2
    endloop
  endfacet
  facet normal 0 0 1
    outer loop
      vertex 104.25 65.35 3.2
      vertex 102.286 68.3169 3.2
      vertex 103.906 65.2815 3.2
    endloop
  endfacet
  facet normal -0 0 1
    outer loop
      vertex 102.481 68.6089 3.2
      vertex 104.594 65.2815 3.2
      vertex 102.55 68.9533 3.2
    endloop
  endfacet
  facet normal 0 0 1
    outer loop
      vertex 113.05 79.9 3.2
      vertex 102.286 69.5897 3.2
      vertex 102.481 69.2977 3.2
    endloop
  endfacet
  facet normal 0 0 1
    outer loop
      vertex 112.25 80.7 3.2
      vertex 101.994 69.7848 3.2
      vertex 102.286 69.5897 3.2
    endloop
  endfacet
  facet normal 0 0 1
    outer loop
      vertex 112.25 80.7 3.2
      vertex 101.65 69.8533 3.2
      vertex 101.994 69.7848 3.2
    endloop
  endfacet
  facet normal 0 0 1
    outer loop
      vertex 96.45 69.8533 3.2
      vertex 101.65 69.8533 3.2
      vertex 112.25 80.7 3.2
    endloop
  endfacet
  facet normal 0 0 1
    outer loop
      vertex 101.65 69.8533 3.2
      vertex 96.45 69.8533 3.2
      vertex 101.306 69.7848 3.2
    endloop
  endfacet
  facet normal 0 0 1
    outer loop
      vertex 101.014 68.3169 3.2
      vertex 100.35 67.6017 3.2
      vertex 100.694 67.5332 3.2
    endloop
  endfacet
  facet normal 0 0 1
    outer loop
      vertex 97.35 68.9533 3.2
      vertex 100.75 68.9533 3.2
      vertex 100.819 69.2977 3.2
    endloop
  endfacet
  facet normal 0 0 1
    outer loop
      vertex 100.819 68.6089 3.2
      vertex 100.006 67.5332 3.2
      vertex 100.35 67.6017 3.2
    endloop
  endfacet
  facet normal 0 0 1
    outer loop
      vertex 100.75 68.9533 3.2
      vertex 97.35 68.9533 3.2
      vertex 100.006 67.5332 3.2
    endloop
  endfacet
  facet normal 0 0 1
    outer loop
      vertex 100.006 67.5332 3.2
      vertex 98.0944 67.5332 3.2
      vertex 99.7136 67.3381 3.2
    endloop
  endfacet
  facet normal 0 0 1
    outer loop
      vertex 99.7136 62.8347 3.2
      vertex 98.65 62.1983 3.2
      vertex 99.5185 62.5427 3.2
    endloop
  endfacet
  facet normal 0 0 1
    outer loop
      vertex 99.5185 67.0461 3.2
      vertex 98.65 66.7017 3.2
      vertex 99.45 66.7017 3.2
    endloop
  endfacet
  facet normal 0 0 1
    outer loop
      vertex 99.7136 67.3381 3.2
      vertex 98.3864 67.3381 3.2
      vertex 99.5185 67.0461 3.2
    endloop
  endfacet
  facet normal 0 0 1
    outer loop
      vertex 97.2815 69.2977 3.2
      vertex 100.819 69.2977 3.2
      vertex 101.014 69.5897 3.2
    endloop
  endfacet
  facet normal 0 0 1
    outer loop
      vertex 99.5185 67.0461 3.2
      vertex 98.5815 67.0461 3.2
      vertex 98.65 66.7017 3.2
    endloop
  endfacet
  facet normal 0 0 1
    outer loop
      vertex 99.5185 67.0461 3.2
      vertex 98.3864 67.3381 3.2
      vertex 98.5815 67.0461 3.2
    endloop
  endfacet
  facet normal 0 0 1
    outer loop
      vertex 101.306 69.7848 3.2
      vertex 96.7944 69.7848 3.2
      vertex 101.014 69.5897 3.2
    endloop
  endfacet
  facet normal 0 0 1
    outer loop
      vertex 100.819 69.2977 3.2
      vertex 97.2815 69.2977 3.2
      vertex 97.35 68.9533 3.2
    endloop
  endfacet
  facet normal 0 0 1
    outer loop
      vertex 100.006 67.5332 3.2
      vertex 97.35 68.9533 3.2
      vertex 98.0944 67.5332 3.2
    endloop
  endfacet
  facet normal -0 0 1
    outer loop
      vertex 97.2815 68.6089 3.2
      vertex 98.0944 67.5332 3.2
      vertex 97.35 68.9533 3.2
    endloop
  endfacet
  facet normal 0 0 1
    outer loop
      vertex 98.0944 67.5332 3.2
      vertex 97.2815 68.6089 3.2
      vertex 97.75 67.6017 3.2
    endloop
  endfacet
  facet normal 0 0 1
    outer loop
      vertex 99.7136 67.3381 3.2
      vertex 98.0944 67.5332 3.2
      vertex 98.3864 67.3381 3.2
    endloop
  endfacet
  facet normal 0 0 1
    outer loop
      vertex 101.014 69.5897 3.2
      vertex 97.0864 69.5897 3.2
      vertex 97.2815 69.2977 3.2
    endloop
  endfacet
  facet normal 0 0 1
    outer loop
      vertex 101.014 69.5897 3.2
      vertex 96.7944 69.7848 3.2
      vertex 97.0864 69.5897 3.2
    endloop
  endfacet
  facet normal 0 0 1
    outer loop
      vertex 101.306 69.7848 3.2
      vertex 96.45 69.8533 3.2
      vertex 96.7944 69.7848 3.2
    endloop
  endfacet
  facet normal 0 0 1
    outer loop
      vertex 112.25 80.7 3.2
      vertex 96.1056 69.7848 3.2
      vertex 96.45 69.8533 3.2
    endloop
  endfacet
  facet normal -0 0 1
    outer loop
      vertex 55.5 80.7 3.2
      vertex 96.1056 69.7848 3.2
      vertex 112.25 80.7 3.2
    endloop
  endfacet
  facet normal 0 -0 1
    outer loop
      vertex 94.6815 64.7944 3.2
      vertex 95.6185 64.7944 3.2
      vertex 94.4864 65.0864 3.2
    endloop
  endfacet
  facet normal 0 0 1
    outer loop
      vertex 94.6815 64.1056 3.2
      vertex 95.55 64.45 3.2
      vertex 94.75 64.45 3.2
    endloop
  endfacet
  facet normal 0 0 1
    outer loop
      vertex 95.55 64.45 3.2
      vertex 94.6815 64.7944 3.2
      vertex 94.75 64.45 3.2
    endloop
  endfacet
  facet normal 0 0 1
    outer loop
      vertex 93.2136 65.0864 3.2
      vertex 95.55 68.9533 3.2
      vertex 95.6185 69.2977 3.2
    endloop
  endfacet
  facet normal 0 0 1
    outer loop
      vertex 95.6185 64.7944 3.2
      vertex 94.6815 64.7944 3.2
      vertex 95.55 64.45 3.2
    endloop
  endfacet
  facet normal 0 0 1
    outer loop
      vertex 95.8136 65.0864 3.2
      vertex 94.1944 65.2815 3.2
      vertex 94.4864 65.0864 3.2
    endloop
  endfacet
  facet normal 0 0 1
    outer loop
      vertex 95.8136 68.3169 3.2
      vertex 93.85 65.35 3.2
      vertex 94.1944 65.2815 3.2
    endloop
  endfacet
  facet normal 0 0 1
    outer loop
      vertex 95.6185 68.6089 3.2
      vertex 93.5056 65.2815 3.2
      vertex 93.85 65.35 3.2
    endloop
  endfacet
  facet normal 0 0 1
    outer loop
      vertex 95.55 68.9533 3.2
      vertex 93.2136 65.0864 3.2
      vertex 93.5056 65.2815 3.2
    endloop
  endfacet
  facet normal 0 0 1
    outer loop
      vertex 55.5 80.7 3.2
      vertex 93.2136 65.0864 3.2
      vertex 95.6185 69.2977 3.2
    endloop
  endfacet
  facet normal 0 0 1
    outer loop
      vertex 93.0185 64.7944 3.2
      vertex 55.5 80.7 3.2
      vertex 92.95 64.45 3.2
    endloop
  endfacet
  facet normal 0 0 1
    outer loop
      vertex 93.2136 65.0864 3.2
      vertex 55.5 80.7 3.2
      vertex 93.0185 64.7944 3.2
    endloop
  endfacet
  facet normal 0 0 1
    outer loop
      vertex 95.8136 69.5897 3.2
      vertex 55.5 80.7 3.2
      vertex 95.6185 69.2977 3.2
    endloop
  endfacet
  facet normal 0 0 1
    outer loop
      vertex 96.1056 69.7848 3.2
      vertex 55.5 80.7 3.2
      vertex 95.8136 69.5897 3.2
    endloop
  endfacet
  facet normal 0 0 1
    outer loop
      vertex 112.65 48.3072 3.2
      vertex 112.25 48.2 3.2
      vertex 112.556 48.2609 3.2
    endloop
  endfacet
  facet normal 0 0 1
    outer loop
      vertex 112.457 48.2273 3.2
      vertex 112.25 48.2 3.2
      vertex 112.354 48.2069 3.2
    endloop
  endfacet
  facet normal 0 0 1
    outer loop
      vertex 102.55 59.9467 3.2
      vertex 104.886 63.8136 3.2
      vertex 104.594 63.6185 3.2
    endloop
  endfacet
  facet normal 0 0 1
    outer loop
      vertex 102.55 59.9467 3.2
      vertex 104.594 63.6185 3.2
      vertex 104.25 63.55 3.2
    endloop
  endfacet
  facet normal 0 0 1
    outer loop
      vertex 102.55 59.9467 3.2
      vertex 104.25 63.55 3.2
      vertex 103.906 63.6185 3.2
    endloop
  endfacet
  facet normal 0 0 1
    outer loop
      vertex 102.55 59.9467 3.2
      vertex 103.906 63.6185 3.2
      vertex 103.614 63.8136 3.2
    endloop
  endfacet
  facet normal 0 0 1
    outer loop
      vertex 102.481 64.1056 3.2
      vertex 103.419 64.1056 3.2
      vertex 102.55 64.45 3.2
    endloop
  endfacet
  facet normal 0 0 1
    outer loop
      vertex 103.419 64.7944 3.2
      vertex 102.55 64.45 3.2
      vertex 103.35 64.45 3.2
    endloop
  endfacet
  facet normal -0 0 1
    outer loop
      vertex 102.55 64.45 3.2
      vertex 103.419 64.1056 3.2
      vertex 103.35 64.45 3.2
    endloop
  endfacet
  facet normal 0 0 1
    outer loop
      vertex 103.419 64.1056 3.2
      vertex 102.481 64.1056 3.2
      vertex 103.614 63.8136 3.2
    endloop
  endfacet
  facet normal 0 0 1
    outer loop
      vertex 104.886 63.8136 3.2
      vertex 102.55 59.9467 3.2
      vertex 102.481 59.6023 3.2
    endloop
  endfacet
  facet normal 0 0 1
    outer loop
      vertex 112.556 48.2609 3.2
      vertex 112.25 48.2 3.2
      vertex 112.457 48.2273 3.2
    endloop
  endfacet
  facet normal 0 0 1
    outer loop
      vertex 112.989 48.6939 3.2
      vertex 112.25 48.2 3.2
      vertex 112.943 48.6 3.2
    endloop
  endfacet
  facet normal -0 0 1
    outer loop
      vertex 101.994 59.1152 3.2
      vertex 112.25 48.2 3.2
      vertex 102.286 59.3103 3.2
    endloop
  endfacet
  facet normal -0 0 1
    outer loop
      vertex 101.65 59.0467 3.2
      vertex 112.25 48.2 3.2
      vertex 101.994 59.1152 3.2
    endloop
  endfacet
  facet normal 0 0 1
    outer loop
      vertex 96.45 59.0467 3.2
      vertex 101.65 59.0467 3.2
      vertex 101.306 59.1152 3.2
    endloop
  endfacet
  facet normal 0 0 1
    outer loop
      vertex 96.7944 59.1152 3.2
      vertex 101.306 59.1152 3.2
      vertex 101.014 59.3103 3.2
    endloop
  endfacet
  facet normal 0 0 1
    outer loop
      vertex 100.006 61.3668 3.2
      vertex 100.819 60.2911 3.2
      vertex 100.35 61.2983 3.2
    endloop
  endfacet
  facet normal 0 0 1
    outer loop
      vertex 100.819 60.2911 3.2
      vertex 100.006 61.3668 3.2
      vertex 100.75 59.9467 3.2
    endloop
  endfacet
  facet normal 0 0 1
    outer loop
      vertex 97.35 59.9467 3.2
      vertex 100.75 59.9467 3.2
      vertex 100.006 61.3668 3.2
    endloop
  endfacet
  facet normal 0 0 1
    outer loop
      vertex 98.0944 61.3668 3.2
      vertex 100.006 61.3668 3.2
      vertex 99.7136 61.5619 3.2
    endloop
  endfacet
  facet normal 0 0 1
    outer loop
      vertex 98.3864 61.5619 3.2
      vertex 99.7136 61.5619 3.2
      vertex 99.5185 61.8539 3.2
    endloop
  endfacet
  facet normal 0 0 1
    outer loop
      vertex 99.5185 62.5427 3.2
      vertex 98.65 62.1983 3.2
      vertex 99.45 62.1983 3.2
    endloop
  endfacet
  facet normal -0 0 1
    outer loop
      vertex 98.65 62.1983 3.2
      vertex 99.5185 61.8539 3.2
      vertex 99.45 62.1983 3.2
    endloop
  endfacet
  facet normal 0 0 1
    outer loop
      vertex 98.5815 61.8539 3.2
      vertex 99.5185 61.8539 3.2
      vertex 98.65 62.1983 3.2
    endloop
  endfacet
  facet normal 0 0 1
    outer loop
      vertex 98.3864 61.5619 3.2
      vertex 99.5185 61.8539 3.2
      vertex 98.5815 61.8539 3.2
    endloop
  endfacet
  facet normal 0 0 1
    outer loop
      vertex 98.0944 61.3668 3.2
      vertex 99.7136 61.5619 3.2
      vertex 98.3864 61.5619 3.2
    endloop
  endfacet
  facet normal 0 0 1
    outer loop
      vertex 97.35 59.9467 3.2
      vertex 100.006 61.3668 3.2
      vertex 98.0944 61.3668 3.2
    endloop
  endfacet
  facet normal 0 0 1
    outer loop
      vertex 100.75 59.9467 3.2
      vertex 97.35 59.9467 3.2
      vertex 100.819 59.6023 3.2
    endloop
  endfacet
  facet normal 0 0 1
    outer loop
      vertex 97.2815 59.6023 3.2
      vertex 100.819 59.6023 3.2
      vertex 97.35 59.9467 3.2
    endloop
  endfacet
  facet normal 0 0 1
    outer loop
      vertex 97.2815 60.2911 3.2
      vertex 98.0944 61.3668 3.2
      vertex 97.75 61.2983 3.2
    endloop
  endfacet
  facet normal 0 0 1
    outer loop
      vertex 97.0864 60.5831 3.2
      vertex 97.75 61.2983 3.2
      vertex 97.4056 61.3668 3.2
    endloop
  endfacet
  facet normal 0 0 1
    outer loop
      vertex 100.819 59.6023 3.2
      vertex 97.2815 59.6023 3.2
      vertex 101.014 59.3103 3.2
    endloop
  endfacet
  facet normal 0 0 1
    outer loop
      vertex 97.0864 59.3103 3.2
      vertex 101.014 59.3103 3.2
      vertex 97.2815 59.6023 3.2
    endloop
  endfacet
  facet normal 0 0 1
    outer loop
      vertex 96.7944 59.1152 3.2
      vertex 101.014 59.3103 3.2
      vertex 97.0864 59.3103 3.2
    endloop
  endfacet
  facet normal 0 0 1
    outer loop
      vertex 96.45 59.0467 3.2
      vertex 101.306 59.1152 3.2
      vertex 96.7944 59.1152 3.2
    endloop
  endfacet
  facet normal 0 0 1
    outer loop
      vertex 101.65 59.0467 3.2
      vertex 96.45 59.0467 3.2
      vertex 112.25 48.2 3.2
    endloop
  endfacet
  facet normal 0 0 1
    outer loop
      vertex 96.1056 59.1152 3.2
      vertex 112.25 48.2 3.2
      vertex 96.45 59.0467 3.2
    endloop
  endfacet
  facet normal 0 0 1
    outer loop
      vertex 55.5 48.2 3.2
      vertex 96.1056 59.1152 3.2
      vertex 95.8136 59.3103 3.2
    endloop
  endfacet
  facet normal 0 0 1
    outer loop
      vertex 95.6185 64.1056 3.2
      vertex 94.6815 64.1056 3.2
      vertex 94.4864 63.8136 3.2
    endloop
  endfacet
  facet normal -0 0 1
    outer loop
      vertex 93.85 63.55 3.2
      vertex 95.8136 60.5831 3.2
      vertex 94.1944 63.6185 3.2
    endloop
  endfacet
  facet normal 0 0 1
    outer loop
      vertex 95.8136 60.5831 3.2
      vertex 93.85 63.55 3.2
      vertex 95.6185 60.2911 3.2
    endloop
  endfacet
  facet normal 0 0 1
    outer loop
      vertex 93.5056 63.6185 3.2
      vertex 95.6185 60.2911 3.2
      vertex 93.85 63.55 3.2
    endloop
  endfacet
  facet normal 0 0 1
    outer loop
      vertex 95.6185 60.2911 3.2
      vertex 93.5056 63.6185 3.2
      vertex 95.55 59.9467 3.2
    endloop
  endfacet
  facet normal 0 0 1
    outer loop
      vertex 93.2136 63.8136 3.2
      vertex 95.55 59.9467 3.2
      vertex 93.5056 63.6185 3.2
    endloop
  endfacet
  facet normal 0 0 1
    outer loop
      vertex 95.55 59.9467 3.2
      vertex 93.2136 63.8136 3.2
      vertex 95.6185 59.6023 3.2
    endloop
  endfacet
  facet normal 0 0 1
    outer loop
      vertex 55.5 48.2 3.2
      vertex 93.2136 63.8136 3.2
      vertex 93.0185 64.1056 3.2
    endloop
  endfacet
  facet normal 0 0 1
    outer loop
      vertex 55.5 48.2 3.2
      vertex 92.95 64.45 3.2
      vertex 55.5 80.7 3.2
    endloop
  endfacet
  facet normal 0 0 1
    outer loop
      vertex 92.95 64.45 3.2
      vertex 55.5 48.2 3.2
      vertex 93.0185 64.1056 3.2
    endloop
  endfacet
  facet normal 0 0 1
    outer loop
      vertex 93.2136 63.8136 3.2
      vertex 55.5 48.2 3.2
      vertex 95.6185 59.6023 3.2
    endloop
  endfacet
  facet normal 0 0 1
    outer loop
      vertex 95.6185 59.6023 3.2
      vertex 55.5 48.2 3.2
      vertex 95.8136 59.3103 3.2
    endloop
  endfacet
  facet normal 0 0 1
    outer loop
      vertex 96.1056 59.1152 3.2
      vertex 55.5 48.2 3.2
      vertex 112.25 48.2 3.2
    endloop
  endfacet
  facet normal 0 0 1
    outer loop
      vertex 54.7 79.9 3.2
      vertex 55.5 80.7 3.2
      vertex 55.3956 80.6931 3.2
    endloop
  endfacet
  facet normal 0 0 1
    outer loop
      vertex 55.5 80.7 3.2
      vertex 54.7 79.9 3.2
      vertex 55.5 48.2 3.2
    endloop
  endfacet
  facet normal 0 0 1
    outer loop
      vertex 54.7 79.9 3.2
      vertex 55.3956 80.6931 3.2
      vertex 55.2929 80.6727 3.2
    endloop
  endfacet
  facet normal -0 0 1
    outer loop
      vertex 54.7 49 3.2
      vertex 55.5 48.2 3.2
      vertex 54.7 79.9 3.2
    endloop
  endfacet
  facet normal 0 0 1
    outer loop
      vertex 54.7 79.9 3.2
      vertex 55.2929 80.6727 3.2
      vertex 55.1939 80.6391 3.2
    endloop
  endfacet
  facet normal 0 0 1
    outer loop
      vertex 55.5 48.2 3.2
      vertex 54.7 49 3.2
      vertex 55.3956 48.2069 3.2
    endloop
  endfacet
  facet normal 0 0 1
    outer loop
      vertex 54.7 79.9 3.2
      vertex 55.1939 80.6391 3.2
      vertex 55.1 80.5928 3.2
    endloop
  endfacet
  facet normal 0 0 1
    outer loop
      vertex 55.3956 48.2069 3.2
      vertex 54.7 49 3.2
      vertex 55.2929 48.2273 3.2
    endloop
  endfacet
  facet normal 0 0 1
    outer loop
      vertex 54.7 79.9 3.2
      vertex 55.1 80.5928 3.2
      vertex 55.013 80.5347 3.2
    endloop
  endfacet
  facet normal 0 0 1
    outer loop
      vertex 55.2929 48.2273 3.2
      vertex 54.7 49 3.2
      vertex 55.1939 48.2609 3.2
    endloop
  endfacet
  facet normal 0 0 1
    outer loop
      vertex 54.7 79.9 3.2
      vertex 55.013 80.5347 3.2
      vertex 54.9343 80.4657 3.2
    endloop
  endfacet
  facet normal 0 0 1
    outer loop
      vertex 55.1939 48.2609 3.2
      vertex 54.7 49 3.2
      vertex 55.1 48.3072 3.2
    endloop
  endfacet
  facet normal 0 0 1
    outer loop
      vertex 54.7 79.9 3.2
      vertex 54.9343 80.4657 3.2
      vertex 54.8653 80.387 3.2
    endloop
  endfacet
  facet normal 0 0 1
    outer loop
      vertex 55.1 48.3072 3.2
      vertex 54.7 49 3.2
      vertex 55.013 48.3653 3.2
    endloop
  endfacet
  facet normal 0 0 1
    outer loop
      vertex 54.7 79.9 3.2
      vertex 54.8653 80.387 3.2
      vertex 54.8072 80.3 3.2
    endloop
  endfacet
  facet normal 0 0 1
    outer loop
      vertex 55.013 48.3653 3.2
      vertex 54.7 49 3.2
      vertex 54.9343 48.4343 3.2
    endloop
  endfacet
  facet normal 0 0 1
    outer loop
      vertex 54.7 79.9 3.2
      vertex 54.8072 80.3 3.2
      vertex 54.7609 80.2061 3.2
    endloop
  endfacet
  facet normal 0 0 1
    outer loop
      vertex 54.9343 48.4343 3.2
      vertex 54.7 49 3.2
      vertex 54.8653 48.513 3.2
    endloop
  endfacet
  facet normal 0 0 1
    outer loop
      vertex 54.7 79.9 3.2
      vertex 54.7609 80.2061 3.2
      vertex 54.7273 80.1071 3.2
    endloop
  endfacet
  facet normal 0 0 1
    outer loop
      vertex 54.8653 48.513 3.2
      vertex 54.7 49 3.2
      vertex 54.8072 48.6 3.2
    endloop
  endfacet
  facet normal 0 0 1
    outer loop
      vertex 54.7 79.9 3.2
      vertex 54.7273 80.1071 3.2
      vertex 54.7069 80.0044 3.2
    endloop
  endfacet
  facet normal 0 0 1
    outer loop
      vertex 54.8072 48.6 3.2
      vertex 54.7 49 3.2
      vertex 54.7609 48.6939 3.2
    endloop
  endfacet
  facet normal 0 0 1
    outer loop
      vertex 54.7609 48.6939 3.2
      vertex 54.7 49 3.2
      vertex 54.7273 48.7929 3.2
    endloop
  endfacet
  facet normal 0 0 1
    outer loop
      vertex 54.7273 48.7929 3.2
      vertex 54.7 49 3.2
      vertex 54.7069 48.8956 3.2
    endloop
  endfacet
  facet normal -0 0 1
    outer loop
      vertex 100.986 66.0653 3.2
      vertex 101.65 65.35 3.2
      vertex 101.181 66.3573 3.2
    endloop
  endfacet
  facet normal 0 0 1
    outer loop
      vertex 101.65 65.35 3.2
      vertex 100.986 66.0653 3.2
      vertex 101.306 65.2815 3.2
    endloop
  endfacet
  facet normal -0 0 1
    outer loop
      vertex 100.694 65.8702 3.2
      vertex 101.306 65.2815 3.2
      vertex 100.986 66.0653 3.2
    endloop
  endfacet
  facet normal 0 0 1
    outer loop
      vertex 101.306 65.2815 3.2
      vertex 100.694 65.8702 3.2
      vertex 101.014 65.0864 3.2
    endloop
  endfacet
  facet normal -0 0 1
    outer loop
      vertex 100.35 65.8017 3.2
      vertex 101.014 65.0864 3.2
      vertex 100.694 65.8702 3.2
    endloop
  endfacet
  facet normal 0 0 1
    outer loop
      vertex 101.014 65.0864 3.2
      vertex 100.35 65.8017 3.2
      vertex 100.819 64.7944 3.2
    endloop
  endfacet
  facet normal -0 0 1
    outer loop
      vertex 100.986 61.5619 3.2
      vertex 101.65 60.8467 3.2
      vertex 101.181 61.8539 3.2
    endloop
  endfacet
  facet normal 0 0 1
    outer loop
      vertex 101.65 60.8467 3.2
      vertex 100.986 61.5619 3.2
      vertex 101.306 60.7782 3.2
    endloop
  endfacet
  facet normal -0 0 1
    outer loop
      vertex 100.694 61.3668 3.2
      vertex 101.306 60.7782 3.2
      vertex 100.986 61.5619 3.2
    endloop
  endfacet
  facet normal 0 0 1
    outer loop
      vertex 101.306 60.7782 3.2
      vertex 100.694 61.3668 3.2
      vertex 101.014 60.5831 3.2
    endloop
  endfacet
  facet normal -0 0 1
    outer loop
      vertex 100.35 61.2983 3.2
      vertex 101.014 60.5831 3.2
      vertex 100.694 61.3668 3.2
    endloop
  endfacet
  facet normal 0 0 1
    outer loop
      vertex 101.014 60.5831 3.2
      vertex 100.35 61.2983 3.2
      vertex 100.819 60.2911 3.2
    endloop
  endfacet
  facet normal -0.321388 -0.946948 0
    outer loop
      vertex 55.1939 48.2609 0
      vertex 55.2929 48.2273 3.2
      vertex 55.1939 48.2609 3.2
    endloop
  endfacet
  facet normal -0.321388 -0.946948 -0
    outer loop
      vertex 55.2929 48.2273 3.2
      vertex 55.1939 48.2609 0
      vertex 55.2929 48.2273 0
    endloop
  endfacet
  facet normal -0.946948 -0.321388 0
    outer loop
      vertex 54.7609 48.6939 0
      vertex 54.7273 48.7929 3.2
      vertex 54.7273 48.7929 0
    endloop
  endfacet
  facet normal -0.946948 -0.321388 0
    outer loop
      vertex 54.7273 48.7929 3.2
      vertex 54.7609 48.6939 0
      vertex 54.7609 48.6939 3.2
    endloop
  endfacet
  facet normal 0.898032 0.43993 0
    outer loop
      vertex 112.989 80.2061 3.2
      vertex 112.943 80.3 0
      vertex 112.943 80.3 3.2
    endloop
  endfacet
  facet normal 0.898032 0.43993 0
    outer loop
      vertex 112.943 80.3 0
      vertex 112.989 80.2061 3.2
      vertex 112.989 80.2061 0
    endloop
  endfacet
  facet normal 0.321388 0.946948 -0
    outer loop
      vertex 112.556 80.6391 0
      vertex 112.457 80.6727 3.2
      vertex 112.556 80.6391 3.2
    endloop
  endfacet
  facet normal 0.321388 0.946948 0
    outer loop
      vertex 112.457 80.6727 3.2
      vertex 112.556 80.6391 0
      vertex 112.457 80.6727 0
    endloop
  endfacet
  facet normal 0.945778 0.324813 0
    outer loop
      vertex 113.023 80.1071 3.2
      vertex 112.989 80.2061 0
      vertex 112.989 80.2061 3.2
    endloop
  endfacet
  facet normal 0.945778 0.324813 0
    outer loop
      vertex 112.989 80.2061 0
      vertex 113.023 80.1071 3.2
      vertex 113.023 80.1071 0
    endloop
  endfacet
  facet normal 0.751925 -0.659248 0
    outer loop
      vertex 112.816 48.4343 3.2
      vertex 112.885 48.513 0
      vertex 112.885 48.513 3.2
    endloop
  endfacet
  facet normal 0.751925 -0.659248 0
    outer loop
      vertex 112.885 48.513 0
      vertex 112.816 48.4343 3.2
      vertex 112.816 48.4343 0
    endloop
  endfacet
  facet normal -0.555362 -0.831609 0
    outer loop
      vertex 55.013 48.3653 0
      vertex 55.1 48.3072 3.2
      vertex 55.013 48.3653 3.2
    endloop
  endfacet
  facet normal -0.555362 -0.831609 -0
    outer loop
      vertex 55.1 48.3072 3.2
      vertex 55.013 48.3653 0
      vertex 55.1 48.3072 0
    endloop
  endfacet
  facet normal 0.0662006 0.997806 -0
    outer loop
      vertex 112.354 80.6931 0
      vertex 112.25 80.7 3.2
      vertex 112.354 80.6931 3.2
    endloop
  endfacet
  facet normal 0.0662006 0.997806 0
    outer loop
      vertex 112.25 80.7 3.2
      vertex 112.354 80.6931 0
      vertex 112.25 80.7 0
    endloop
  endfacet
  facet normal -0.980837 -0.19483 0
    outer loop
      vertex 54.7273 48.7929 0
      vertex 54.7069 48.8956 3.2
      vertex 54.7069 48.8956 0
    endloop
  endfacet
  facet normal -0.980837 -0.19483 0
    outer loop
      vertex 54.7069 48.8956 3.2
      vertex 54.7273 48.7929 0
      vertex 54.7273 48.7929 3.2
    endloop
  endfacet
  facet normal -0.831609 0.555362 0
    outer loop
      vertex 54.8072 80.3 0
      vertex 54.8653 80.387 3.2
      vertex 54.8653 80.387 0
    endloop
  endfacet
  facet normal -0.831609 0.555362 0
    outer loop
      vertex 54.8653 80.387 3.2
      vertex 54.8072 80.3 0
      vertex 54.8072 80.3 3.2
    endloop
  endfacet
  facet normal 0.981561 0.191151 0
    outer loop
      vertex 113.043 80.0044 3.2
      vertex 113.023 80.1071 0
      vertex 113.023 80.1071 3.2
    endloop
  endfacet
  facet normal 0.981561 0.191151 0
    outer loop
      vertex 113.023 80.1071 0
      vertex 113.043 80.0044 3.2
      vertex 113.043 80.0044 0
    endloop
  endfacet
  facet normal -0.946948 0.321388 0
    outer loop
      vertex 54.7273 80.1071 0
      vertex 54.7609 80.2061 3.2
      vertex 54.7609 80.2061 0
    endloop
  endfacet
  facet normal -0.946948 0.321388 0
    outer loop
      vertex 54.7609 80.2061 3.2
      vertex 54.7273 80.1071 0
      vertex 54.7273 80.1071 3.2
    endloop
  endfacet
  facet normal -0.896897 0.44224 0
    outer loop
      vertex 54.7609 80.2061 0
      vertex 54.8072 80.3 3.2
      vertex 54.8072 80.3 0
    endloop
  endfacet
  facet normal -0.896897 0.44224 0
    outer loop
      vertex 54.8072 80.3 3.2
      vertex 54.7609 80.2061 0
      vertex 54.7609 80.2061 3.2
    endloop
  endfacet
  facet normal 0.83205 -0.5547 0
    outer loop
      vertex 112.885 48.513 3.2
      vertex 112.943 48.6 0
      vertex 112.943 48.6 3.2
    endloop
  endfacet
  facet normal 0.83205 -0.5547 0
    outer loop
      vertex 112.943 48.6 0
      vertex 112.885 48.513 3.2
      vertex 112.885 48.513 0
    endloop
  endfacet
  facet normal -0.997823 -0.0659481 0
    outer loop
      vertex 54.7069 48.8956 0
      vertex 54.7 49 3.2
      vertex 54.7 49 0
    endloop
  endfacet
  facet normal -0.997823 -0.0659481 0
    outer loop
      vertex 54.7 49 3.2
      vertex 54.7069 48.8956 0
      vertex 54.7069 48.8956 3.2
    endloop
  endfacet
  facet normal -0.751925 -0.659248 0
    outer loop
      vertex 54.9343 48.4343 0
      vertex 54.8653 48.513 3.2
      vertex 54.8653 48.513 0
    endloop
  endfacet
  facet normal -0.751925 -0.659248 0
    outer loop
      vertex 54.8653 48.513 3.2
      vertex 54.9343 48.4343 0
      vertex 54.9343 48.4343 3.2
    endloop
  endfacet
  facet normal -0.659248 0.751925 0
    outer loop
      vertex 55.013 80.5347 0
      vertex 54.9343 80.4657 3.2
      vertex 55.013 80.5347 3.2
    endloop
  endfacet
  facet normal -0.659248 0.751925 0
    outer loop
      vertex 54.9343 80.4657 3.2
      vertex 55.013 80.5347 0
      vertex 54.9343 80.4657 0
    endloop
  endfacet
  facet normal 0.441861 0.897083 -0
    outer loop
      vertex 112.65 80.5928 0
      vertex 112.556 80.6391 3.2
      vertex 112.65 80.5928 3.2
    endloop
  endfacet
  facet normal 0.441861 0.897083 0
    outer loop
      vertex 112.556 80.6391 3.2
      vertex 112.65 80.5928 0
      vertex 112.556 80.6391 0
    endloop
  endfacet
  facet normal 0.555362 -0.831609 0
    outer loop
      vertex 112.65 48.3072 0
      vertex 112.737 48.3653 3.2
      vertex 112.65 48.3072 3.2
    endloop
  endfacet
  facet normal 0.555362 -0.831609 0
    outer loop
      vertex 112.737 48.3653 3.2
      vertex 112.65 48.3072 0
      vertex 112.737 48.3653 0
    endloop
  endfacet
  facet normal -0.980837 0.19483 0
    outer loop
      vertex 54.7069 80.0044 0
      vertex 54.7273 80.1071 3.2
      vertex 54.7273 80.1071 0
    endloop
  endfacet
  facet normal -0.980837 0.19483 0
    outer loop
      vertex 54.7273 80.1071 3.2
      vertex 54.7069 80.0044 0
      vertex 54.7069 80.0044 3.2
    endloop
  endfacet
endsolid OpenSCAD_Model
