solid OpenSCAD_Model
  facet normal 0.890928 -0 0.454145
    outer loop
      vertex 47.4832 0.599999 20.8057
      vertex 47.5329 1.6 20.7082
      vertex 47.4832 1.6 20.8057
    endloop
  endfacet
  facet normal 0.890928 0 0.454145
    outer loop
      vertex 47.5329 1.6 20.7082
      vertex 47.4832 0.599999 20.8057
      vertex 47.5329 0.599999 20.7082
    endloop
  endfacet
  facet normal -0.454145 0 0.890928
    outer loop
      vertex 46.9943 1.6 20.8832
      vertex 47.0918 0.599999 20.9329
      vertex 47.0918 1.6 20.9329
    endloop
  endfacet
  facet normal -0.454145 0 0.890928
    outer loop
      vertex 47.0918 0.599999 20.9329
      vertex 46.9943 1.6 20.8832
      vertex 46.9943 0.599999 20.8832
    endloop
  endfacet
  facet normal 0.156103 0 0.987741
    outer loop
      vertex 47.2 1.6 20.95
      vertex 47.3082 0.599999 20.9329
      vertex 47.3082 1.6 20.9329
    endloop
  endfacet
  facet normal 0.156103 0 0.987741
    outer loop
      vertex 47.3082 0.599999 20.9329
      vertex 47.2 1.6 20.95
      vertex 47.2 0.599999 20.95
    endloop
  endfacet
  facet normal 0.987741 -0 0.156103
    outer loop
      vertex 47.5329 0.599999 20.7082
      vertex 47.55 1.6 20.6
      vertex 47.5329 1.6 20.7082
    endloop
  endfacet
  facet normal 0.987741 0 0.156103
    outer loop
      vertex 47.55 1.6 20.6
      vertex 47.5329 0.599999 20.7082
      vertex 47.55 0.599999 20.6
    endloop
  endfacet
  facet normal 0.707107 -0 0.707107
    outer loop
      vertex 47.4057 0.599999 20.8832
      vertex 47.4832 1.6 20.8057
      vertex 47.4057 1.6 20.8832
    endloop
  endfacet
  facet normal 0.707107 0 0.707107
    outer loop
      vertex 47.4832 1.6 20.8057
      vertex 47.4057 0.599999 20.8832
      vertex 47.4832 0.599999 20.8057
    endloop
  endfacet
  facet normal -0.890928 0 0.454145
    outer loop
      vertex 46.8671 0.599999 20.7082
      vertex 46.9168 1.6 20.8057
      vertex 46.8671 1.6 20.7082
    endloop
  endfacet
  facet normal -0.890928 0 0.454145
    outer loop
      vertex 46.9168 1.6 20.8057
      vertex 46.8671 0.599999 20.7082
      vertex 46.9168 0.599999 20.8057
    endloop
  endfacet
  facet normal 0.454145 0 0.890928
    outer loop
      vertex 47.3082 1.6 20.9329
      vertex 47.4057 0.599999 20.8832
      vertex 47.4057 1.6 20.8832
    endloop
  endfacet
  facet normal 0.454145 0 0.890928
    outer loop
      vertex 47.4057 0.599999 20.8832
      vertex 47.3082 1.6 20.9329
      vertex 47.3082 0.599999 20.9329
    endloop
  endfacet
  facet normal -0.156103 0 0.987741
    outer loop
      vertex 47.0918 1.6 20.9329
      vertex 47.2 0.599999 20.95
      vertex 47.2 1.6 20.95
    endloop
  endfacet
  facet normal -0.156103 0 0.987741
    outer loop
      vertex 47.2 0.599999 20.95
      vertex 47.0918 1.6 20.9329
      vertex 47.0918 0.599999 20.9329
    endloop
  endfacet
  facet normal -0.987741 0 0.156103
    outer loop
      vertex 46.85 0.599999 20.6
      vertex 46.8671 1.6 20.7082
      vertex 46.85 1.6 20.6
    endloop
  endfacet
  facet normal -0.987741 0 0.156103
    outer loop
      vertex 46.8671 1.6 20.7082
      vertex 46.85 0.599999 20.6
      vertex 46.8671 0.599999 20.7082
    endloop
  endfacet
  facet normal 0 1 0
    outer loop
      vertex 47.0918 0.599999 20.9329
      vertex 54.1153 0.599999 24.05
      vertex 47.2 0.599999 20.95
    endloop
  endfacet
  facet normal 0 1 0
    outer loop
      vertex 54.1153 0.599999 24.05
      vertex 47.3082 0.599999 20.9329
      vertex 47.2 0.599999 20.95
    endloop
  endfacet
  facet normal 0 1 0
    outer loop
      vertex 54.1153 0.599999 24.05
      vertex 47.4057 0.599999 20.8832
      vertex 47.3082 0.599999 20.9329
    endloop
  endfacet
  facet normal 0 1 0
    outer loop
      vertex 54.1153 0.599999 24.05
      vertex 47.4832 0.599999 20.8057
      vertex 47.4057 0.599999 20.8832
    endloop
  endfacet
  facet normal 0 1 0
    outer loop
      vertex 54.1153 0.599999 24.05
      vertex 47.5329 0.599999 20.7082
      vertex 47.4832 0.599999 20.8057
    endloop
  endfacet
  facet normal 0 1 -0
    outer loop
      vertex 54.1153 0.599999 20.6
      vertex 47.5329 0.599999 20.7082
      vertex 54.1153 0.599999 24.05
    endloop
  endfacet
  facet normal 0 1 0
    outer loop
      vertex 47.5329 0.599999 20.7082
      vertex 54.1153 0.599999 20.6
      vertex 47.55 0.599999 20.6
    endloop
  endfacet
  facet normal 0 1 0
    outer loop
      vertex 54.1153 0.599999 24.05
      vertex 47.0918 0.599999 20.9329
      vertex 1.6 0.599999 24.05
    endloop
  endfacet
  facet normal 0 1 -0
    outer loop
      vertex 46.9943 0.599999 20.8832
      vertex 1.6 0.599999 24.05
      vertex 47.0918 0.599999 20.9329
    endloop
  endfacet
  facet normal 0 1 -0
    outer loop
      vertex 46.9168 0.599999 20.8057
      vertex 1.6 0.599999 24.05
      vertex 46.9943 0.599999 20.8832
    endloop
  endfacet
  facet normal 0 1 -0
    outer loop
      vertex 46.8671 0.599999 20.7082
      vertex 1.6 0.599999 24.05
      vertex 46.9168 0.599999 20.8057
    endloop
  endfacet
  facet normal 0 1 -0
    outer loop
      vertex 46.85 0.599999 20.6
      vertex 1.6 0.599999 24.05
      vertex 46.8671 0.599999 20.7082
    endloop
  endfacet
  facet normal 0 1 0
    outer loop
      vertex 1.6 0.599999 24.05
      vertex 46.85 0.599999 20.6
      vertex 1.6 0.599999 20.6
    endloop
  endfacet
  facet normal -0.707107 0 0.707107
    outer loop
      vertex 46.9168 0.599999 20.8057
      vertex 46.9943 1.6 20.8832
      vertex 46.9168 1.6 20.8057
    endloop
  endfacet
  facet normal -0.707107 0 0.707107
    outer loop
      vertex 46.9943 1.6 20.8832
      vertex 46.9168 0.599999 20.8057
      vertex 46.9943 0.599999 20.8832
    endloop
  endfacet
  facet normal 0 1 0
    outer loop
      vertex 47.3082 1.6 20.9329
      vertex 47.0918 1.6 20.9329
      vertex 47.2 1.6 20.95
    endloop
  endfacet
  facet normal 0 1 0
    outer loop
      vertex 47.4057 1.6 20.8832
      vertex 47.0918 1.6 20.9329
      vertex 47.3082 1.6 20.9329
    endloop
  endfacet
  facet normal 0 1 0
    outer loop
      vertex 47.4057 1.6 20.8832
      vertex 46.9943 1.6 20.8832
      vertex 47.0918 1.6 20.9329
    endloop
  endfacet
  facet normal 0 1 0
    outer loop
      vertex 47.4832 1.6 20.8057
      vertex 46.9943 1.6 20.8832
      vertex 47.4057 1.6 20.8832
    endloop
  endfacet
  facet normal 0 1 0
    outer loop
      vertex 47.4832 1.6 20.8057
      vertex 46.9168 1.6 20.8057
      vertex 46.9943 1.6 20.8832
    endloop
  endfacet
  facet normal 0 1 0
    outer loop
      vertex 47.5329 1.6 20.7082
      vertex 46.9168 1.6 20.8057
      vertex 47.4832 1.6 20.8057
    endloop
  endfacet
  facet normal 0 1 0
    outer loop
      vertex 47.5329 1.6 20.7082
      vertex 46.8671 1.6 20.7082
      vertex 46.9168 1.6 20.8057
    endloop
  endfacet
  facet normal 0 1 0
    outer loop
      vertex 47.55 1.6 20.6
      vertex 46.8671 1.6 20.7082
      vertex 47.5329 1.6 20.7082
    endloop
  endfacet
  facet normal 0 1 0
    outer loop
      vertex 47.55 1.6 20.6
      vertex 46.85 1.6 20.6
      vertex 46.8671 1.6 20.7082
    endloop
  endfacet
  facet normal 0 1 -0
    outer loop
      vertex 47.5329 1.6 20.4918
      vertex 46.85 1.6 20.6
      vertex 47.55 1.6 20.6
    endloop
  endfacet
  facet normal 0 1 0
    outer loop
      vertex 47.5329 1.6 20.4918
      vertex 46.8671 1.6 20.4918
      vertex 46.85 1.6 20.6
    endloop
  endfacet
  facet normal 0 1 -0
    outer loop
      vertex 47.4832 1.6 20.3943
      vertex 46.8671 1.6 20.4918
      vertex 47.5329 1.6 20.4918
    endloop
  endfacet
  facet normal 0 1 0
    outer loop
      vertex 47.4832 1.6 20.3943
      vertex 46.9168 1.6 20.3943
      vertex 46.8671 1.6 20.4918
    endloop
  endfacet
  facet normal 0 1 -0
    outer loop
      vertex 47.4057 1.6 20.3168
      vertex 46.9168 1.6 20.3943
      vertex 47.4832 1.6 20.3943
    endloop
  endfacet
  facet normal 0 1 0
    outer loop
      vertex 47.4057 1.6 20.3168
      vertex 46.9943 1.6 20.3168
      vertex 46.9168 1.6 20.3943
    endloop
  endfacet
  facet normal 0 1 -0
    outer loop
      vertex 47.3082 1.6 20.2671
      vertex 46.9943 1.6 20.3168
      vertex 47.4057 1.6 20.3168
    endloop
  endfacet
  facet normal 0 1 0
    outer loop
      vertex 47.3082 1.6 20.2671
      vertex 47.0918 1.6 20.2671
      vertex 46.9943 1.6 20.3168
    endloop
  endfacet
  facet normal -0 1 0
    outer loop
      vertex 47.0918 1.6 20.2671
      vertex 47.3082 1.6 20.2671
      vertex 47.2 1.6 20.25
    endloop
  endfacet
  facet normal 0 1 0
    outer loop
      vertex 52.6 1.6 20.6
      vertex 47.5329 1.6 20.4918
      vertex 47.55 1.6 20.6
    endloop
  endfacet
  facet normal 0 1 0
    outer loop
      vertex 52.6 1.6 20.6
      vertex 47.4832 1.6 20.3943
      vertex 47.5329 1.6 20.4918
    endloop
  endfacet
  facet normal 0 1 0
    outer loop
      vertex 52.6 1.6 20.6
      vertex 47.4057 1.6 20.3168
      vertex 47.4832 1.6 20.3943
    endloop
  endfacet
  facet normal 0 1 0
    outer loop
      vertex 52.6 1.6 20.6
      vertex 47.3082 1.6 20.2671
      vertex 47.4057 1.6 20.3168
    endloop
  endfacet
  facet normal 0 1 -0
    outer loop
      vertex 52.6 1.6 1.6
      vertex 47.3082 1.6 20.2671
      vertex 52.6 1.6 20.6
    endloop
  endfacet
  facet normal 0 1 0
    outer loop
      vertex 47.3082 1.6 20.2671
      vertex 52.6 1.6 1.6
      vertex 47.2 1.6 20.25
    endloop
  endfacet
  facet normal 0 1 0
    outer loop
      vertex 46.8671 1.6 20.4918
      vertex 1.6 1.6 20.6
      vertex 46.85 1.6 20.6
    endloop
  endfacet
  facet normal 0 1 0
    outer loop
      vertex 1.6 1.6 1.6
      vertex 46.8671 1.6 20.4918
      vertex 46.9168 1.6 20.3943
    endloop
  endfacet
  facet normal 0 1 0
    outer loop
      vertex 52.6 1.6 1.6
      vertex 46.9168 1.6 20.3943
      vertex 46.9943 1.6 20.3168
    endloop
  endfacet
  facet normal 0 1 0
    outer loop
      vertex 52.6 1.6 1.6
      vertex 46.9943 1.6 20.3168
      vertex 47.0918 1.6 20.2671
    endloop
  endfacet
  facet normal 0 1 0
    outer loop
      vertex 52.6 1.6 1.6
      vertex 47.0918 1.6 20.2671
      vertex 47.2 1.6 20.25
    endloop
  endfacet
  facet normal 0 1 0
    outer loop
      vertex 46.9168 1.6 20.3943
      vertex 52.6 1.6 1.6
      vertex 1.6 1.6 1.6
    endloop
  endfacet
  facet normal 0 1 0
    outer loop
      vertex 46.8671 1.6 20.4918
      vertex 1.6 1.6 1.6
      vertex 1.6 1.6 20.6
    endloop
  endfacet
  facet normal 0 1 -0
    outer loop
      vertex 52.6 1.6 24.05
      vertex 1.6 1.6 24.8
      vertex 52.6 1.6 24.8
    endloop
  endfacet
  facet normal 0 1 0
    outer loop
      vertex 1.6 1.6 24.8
      vertex 52.6 1.6 24.05
      vertex 1.6 1.6 24.05
    endloop
  endfacet
  facet normal 0.890928 -0 0.454145
    outer loop
      vertex 47.4832 37.6 20.8057
      vertex 47.5329 38.6 20.7082
      vertex 47.4832 38.6 20.8057
    endloop
  endfacet
  facet normal 0.890928 0 0.454145
    outer loop
      vertex 47.5329 38.6 20.7082
      vertex 47.4832 37.6 20.8057
      vertex 47.5329 37.6 20.7082
    endloop
  endfacet
  facet normal -0.454145 0 0.890928
    outer loop
      vertex 46.9943 38.6 20.8832
      vertex 47.0918 37.6 20.9329
      vertex 47.0918 38.6 20.9329
    endloop
  endfacet
  facet normal -0.454145 0 0.890928
    outer loop
      vertex 47.0918 37.6 20.9329
      vertex 46.9943 38.6 20.8832
      vertex 46.9943 37.6 20.8832
    endloop
  endfacet
  facet normal 0.156103 0 0.987741
    outer loop
      vertex 47.2 38.6 20.95
      vertex 47.3082 37.6 20.9329
      vertex 47.3082 38.6 20.9329
    endloop
  endfacet
  facet normal 0.156103 0 0.987741
    outer loop
      vertex 47.3082 37.6 20.9329
      vertex 47.2 38.6 20.95
      vertex 47.2 37.6 20.95
    endloop
  endfacet
  facet normal 0.987741 -0 0.156103
    outer loop
      vertex 47.5329 37.6 20.7082
      vertex 47.55 38.6 20.6
      vertex 47.5329 38.6 20.7082
    endloop
  endfacet
  facet normal 0.987741 0 0.156103
    outer loop
      vertex 47.55 38.6 20.6
      vertex 47.5329 37.6 20.7082
      vertex 47.55 37.6 20.6
    endloop
  endfacet
  facet normal 0.707107 -0 0.707107
    outer loop
      vertex 47.4057 37.6 20.8832
      vertex 47.4832 38.6 20.8057
      vertex 47.4057 38.6 20.8832
    endloop
  endfacet
  facet normal 0.707107 0 0.707107
    outer loop
      vertex 47.4832 38.6 20.8057
      vertex 47.4057 37.6 20.8832
      vertex 47.4832 37.6 20.8057
    endloop
  endfacet
  facet normal -0.890928 0 0.454145
    outer loop
      vertex 46.8671 37.6 20.7082
      vertex 46.9168 38.6 20.8057
      vertex 46.8671 38.6 20.7082
    endloop
  endfacet
  facet normal -0.890928 0 0.454145
    outer loop
      vertex 46.9168 38.6 20.8057
      vertex 46.8671 37.6 20.7082
      vertex 46.9168 37.6 20.8057
    endloop
  endfacet
  facet normal 0.454145 0 0.890928
    outer loop
      vertex 47.3082 38.6 20.9329
      vertex 47.4057 37.6 20.8832
      vertex 47.4057 38.6 20.8832
    endloop
  endfacet
  facet normal 0.454145 0 0.890928
    outer loop
      vertex 47.4057 37.6 20.8832
      vertex 47.3082 38.6 20.9329
      vertex 47.3082 37.6 20.9329
    endloop
  endfacet
  facet normal -0.156103 0 0.987741
    outer loop
      vertex 47.0918 38.6 20.9329
      vertex 47.2 37.6 20.95
      vertex 47.2 38.6 20.95
    endloop
  endfacet
  facet normal -0.156103 0 0.987741
    outer loop
      vertex 47.2 37.6 20.95
      vertex 47.0918 38.6 20.9329
      vertex 47.0918 37.6 20.9329
    endloop
  endfacet
  facet normal -0.987741 0 0.156103
    outer loop
      vertex 46.85 37.6 20.6
      vertex 46.8671 38.6 20.7082
      vertex 46.85 38.6 20.6
    endloop
  endfacet
  facet normal -0.987741 0 0.156103
    outer loop
      vertex 46.8671 38.6 20.7082
      vertex 46.85 37.6 20.6
      vertex 46.8671 37.6 20.7082
    endloop
  endfacet
  facet normal 0 -1 0
    outer loop
      vertex 47.0918 37.6 20.9329
      vertex 47.3082 37.6 20.9329
      vertex 47.2 37.6 20.95
    endloop
  endfacet
  facet normal 0 -1 0
    outer loop
      vertex 46.9943 37.6 20.8832
      vertex 47.3082 37.6 20.9329
      vertex 47.0918 37.6 20.9329
    endloop
  endfacet
  facet normal 0 -1 0
    outer loop
      vertex 46.9943 37.6 20.8832
      vertex 47.4057 37.6 20.8832
      vertex 47.3082 37.6 20.9329
    endloop
  endfacet
  facet normal 0 -1 0
    outer loop
      vertex 46.9168 37.6 20.8057
      vertex 47.4057 37.6 20.8832
      vertex 46.9943 37.6 20.8832
    endloop
  endfacet
  facet normal 0 -1 0
    outer loop
      vertex 46.9168 37.6 20.8057
      vertex 47.4832 37.6 20.8057
      vertex 47.4057 37.6 20.8832
    endloop
  endfacet
  facet normal 0 -1 0
    outer loop
      vertex 46.8671 37.6 20.7082
      vertex 47.4832 37.6 20.8057
      vertex 46.9168 37.6 20.8057
    endloop
  endfacet
  facet normal 0 -1 0
    outer loop
      vertex 46.8671 37.6 20.7082
      vertex 47.5329 37.6 20.7082
      vertex 47.4832 37.6 20.8057
    endloop
  endfacet
  facet normal 0 -1 0
    outer loop
      vertex 46.85 37.6 20.6
      vertex 47.5329 37.6 20.7082
      vertex 46.8671 37.6 20.7082
    endloop
  endfacet
  facet normal 0 -1 0
    outer loop
      vertex 46.85 37.6 20.6
      vertex 47.55 37.6 20.6
      vertex 47.5329 37.6 20.7082
    endloop
  endfacet
  facet normal 0 -1 0
    outer loop
      vertex 46.8671 37.6 20.4918
      vertex 47.55 37.6 20.6
      vertex 46.85 37.6 20.6
    endloop
  endfacet
  facet normal 0 -1 0
    outer loop
      vertex 46.8671 37.6 20.4918
      vertex 47.5329 37.6 20.4918
      vertex 47.55 37.6 20.6
    endloop
  endfacet
  facet normal 0 -1 0
    outer loop
      vertex 46.9168 37.6 20.3943
      vertex 47.5329 37.6 20.4918
      vertex 46.8671 37.6 20.4918
    endloop
  endfacet
  facet normal 0 -1 0
    outer loop
      vertex 46.9168 37.6 20.3943
      vertex 47.4832 37.6 20.3943
      vertex 47.5329 37.6 20.4918
    endloop
  endfacet
  facet normal 0 -1 0
    outer loop
      vertex 46.9943 37.6 20.3168
      vertex 47.4832 37.6 20.3943
      vertex 46.9168 37.6 20.3943
    endloop
  endfacet
  facet normal 0 -1 0
    outer loop
      vertex 46.9943 37.6 20.3168
      vertex 47.4057 37.6 20.3168
      vertex 47.4832 37.6 20.3943
    endloop
  endfacet
  facet normal 0 -1 0
    outer loop
      vertex 47.0918 37.6 20.2671
      vertex 47.4057 37.6 20.3168
      vertex 46.9943 37.6 20.3168
    endloop
  endfacet
  facet normal 0 -1 0
    outer loop
      vertex 47.0918 37.6 20.2671
      vertex 47.3082 37.6 20.2671
      vertex 47.4057 37.6 20.3168
    endloop
  endfacet
  facet normal -0 -1 0
    outer loop
      vertex 47.3082 37.6 20.2671
      vertex 47.0918 37.6 20.2671
      vertex 47.2 37.6 20.25
    endloop
  endfacet
  facet normal 0 -1 0
    outer loop
      vertex 1.6 37.6 20.6
      vertex 46.8671 37.6 20.4918
      vertex 46.85 37.6 20.6
    endloop
  endfacet
  facet normal 0 -1 0
    outer loop
      vertex 1.6 37.6 1.6
      vertex 46.8671 37.6 20.4918
      vertex 1.6 37.6 20.6
    endloop
  endfacet
  facet normal 0 -1 -0
    outer loop
      vertex 46.8671 37.6 20.4918
      vertex 1.6 37.6 1.6
      vertex 46.9168 37.6 20.3943
    endloop
  endfacet
  facet normal 0 -1 0
    outer loop
      vertex 52.6 37.6 1.6
      vertex 46.9168 37.6 20.3943
      vertex 1.6 37.6 1.6
    endloop
  endfacet
  facet normal 0 -1 0
    outer loop
      vertex 46.9168 37.6 20.3943
      vertex 52.6 37.6 1.6
      vertex 46.9943 37.6 20.3168
    endloop
  endfacet
  facet normal 0 -1 0
    outer loop
      vertex 46.9943 37.6 20.3168
      vertex 52.6 37.6 1.6
      vertex 47.0918 37.6 20.2671
    endloop
  endfacet
  facet normal 0 -1 0
    outer loop
      vertex 47.5329 37.6 20.4918
      vertex 52.6 37.6 20.6
      vertex 47.55 37.6 20.6
    endloop
  endfacet
  facet normal 0 -1 0
    outer loop
      vertex 47.4832 37.6 20.3943
      vertex 52.6 37.6 20.6
      vertex 47.5329 37.6 20.4918
    endloop
  endfacet
  facet normal 0 -1 0
    outer loop
      vertex 47.4057 37.6 20.3168
      vertex 52.6 37.6 20.6
      vertex 47.4832 37.6 20.3943
    endloop
  endfacet
  facet normal 0 -1 0
    outer loop
      vertex 47.3082 37.6 20.2671
      vertex 52.6 37.6 20.6
      vertex 47.4057 37.6 20.3168
    endloop
  endfacet
  facet normal 0 -1 0
    outer loop
      vertex 52.6 37.6 1.6
      vertex 47.3082 37.6 20.2671
      vertex 47.2 37.6 20.25
    endloop
  endfacet
  facet normal 0 -1 0
    outer loop
      vertex 47.0918 37.6 20.2671
      vertex 52.6 37.6 1.6
      vertex 47.2 37.6 20.25
    endloop
  endfacet
  facet normal 0 -1 0
    outer loop
      vertex 47.3082 37.6 20.2671
      vertex 52.6 37.6 1.6
      vertex 52.6 37.6 20.6
    endloop
  endfacet
  facet normal 0 -1 0
    outer loop
      vertex 1.6 37.6 24.05
      vertex 52.6 37.6 24.8
      vertex 1.6 37.6 24.8
    endloop
  endfacet
  facet normal 0 -1 -0
    outer loop
      vertex 52.6 37.6 24.8
      vertex 1.6 37.6 24.05
      vertex 52.6 37.6 24.05
    endloop
  endfacet
  facet normal -0.707107 0 0.707107
    outer loop
      vertex 46.9168 37.6 20.8057
      vertex 46.9943 38.6 20.8832
      vertex 46.9168 38.6 20.8057
    endloop
  endfacet
  facet normal -0.707107 0 0.707107
    outer loop
      vertex 46.9943 38.6 20.8832
      vertex 46.9168 37.6 20.8057
      vertex 46.9943 37.6 20.8832
    endloop
  endfacet
  facet normal 0 -1 0
    outer loop
      vertex 47.0918 38.6 20.9329
      vertex 54.1153 38.6 24.05
      vertex 1.6 38.6 24.05
    endloop
  endfacet
  facet normal 0 -1 0
    outer loop
      vertex 54.1153 38.6 24.05
      vertex 47.0918 38.6 20.9329
      vertex 47.2 38.6 20.95
    endloop
  endfacet
  facet normal 0 -1 0
    outer loop
      vertex 1.6 38.6 24.05
      vertex 46.9943 38.6 20.8832
      vertex 47.0918 38.6 20.9329
    endloop
  endfacet
  facet normal 0 -1 0
    outer loop
      vertex 1.6 38.6 24.05
      vertex 46.9168 38.6 20.8057
      vertex 46.9943 38.6 20.8832
    endloop
  endfacet
  facet normal 0 -1 0
    outer loop
      vertex 1.6 38.6 24.05
      vertex 46.8671 38.6 20.7082
      vertex 46.9168 38.6 20.8057
    endloop
  endfacet
  facet normal 0 -1 0
    outer loop
      vertex 46.85 38.6 20.6
      vertex 1.6 38.6 24.05
      vertex 1.6 38.6 20.6
    endloop
  endfacet
  facet normal 0 -1 0
    outer loop
      vertex 1.6 38.6 24.05
      vertex 46.85 38.6 20.6
      vertex 46.8671 38.6 20.7082
    endloop
  endfacet
  facet normal 0 -1 0
    outer loop
      vertex 47.3082 38.6 20.9329
      vertex 54.1153 38.6 24.05
      vertex 47.2 38.6 20.95
    endloop
  endfacet
  facet normal 0 -1 0
    outer loop
      vertex 47.4057 38.6 20.8832
      vertex 54.1153 38.6 24.05
      vertex 47.3082 38.6 20.9329
    endloop
  endfacet
  facet normal 0 -1 0
    outer loop
      vertex 47.4832 38.6 20.8057
      vertex 54.1153 38.6 24.05
      vertex 47.4057 38.6 20.8832
    endloop
  endfacet
  facet normal 0 -1 0
    outer loop
      vertex 47.5329 38.6 20.7082
      vertex 54.1153 38.6 24.05
      vertex 47.4832 38.6 20.8057
    endloop
  endfacet
  facet normal 0 -1 0
    outer loop
      vertex 54.1153 38.6 20.6
      vertex 47.5329 38.6 20.7082
      vertex 47.55 38.6 20.6
    endloop
  endfacet
  facet normal 0 -1 0
    outer loop
      vertex 47.5329 38.6 20.7082
      vertex 54.1153 38.6 20.6
      vertex 54.1153 38.6 24.05
    endloop
  endfacet
  facet normal 0.321404 -0.946942 0
    outer loop
      vertex 53.4588 0.0340729 0
      vertex 53.5827 0.0761261 24.8
      vertex 53.4588 0.0340729 24.8
    endloop
  endfacet
  facet normal 0.321404 -0.946942 0
    outer loop
      vertex 53.5827 0.0761261 24.8
      vertex 53.4588 0.0340729 0
      vertex 53.5827 0.0761261 0
    endloop
  endfacet
  facet normal 0 -1 0
    outer loop
      vertex 1 0 0
      vertex 53.2 0 24.8
      vertex 1 0 24.8
    endloop
  endfacet
  facet normal 0 -1 -0
    outer loop
      vertex 53.2 0 24.8
      vertex 1 0 0
      vertex 53.2 0 0
    endloop
  endfacet
  facet normal 0.195033 -0.980797 0
    outer loop
      vertex 53.3305 0.00856018 0
      vertex 53.4588 0.0340729 24.8
      vertex 53.3305 0.00856018 24.8
    endloop
  endfacet
  facet normal 0.195033 -0.980797 0
    outer loop
      vertex 53.4588 0.0340729 24.8
      vertex 53.3305 0.00856018 0
      vertex 53.4588 0.0340729 0
    endloop
  endfacet
  facet normal -0.896888 -0.442258 0
    outer loop
      vertex 0.133972 0.5 0
      vertex 0.0761261 0.61731 24.8
      vertex 0.0761261 0.61731 0
    endloop
  endfacet
  facet normal -0.896888 -0.442258 0
    outer loop
      vertex 0.0761261 0.61731 24.8
      vertex 0.133972 0.5 0
      vertex 0.133972 0.5 24.8
    endloop
  endfacet
  facet normal 0.0654546 -0.997856 0
    outer loop
      vertex 53.2 0 0
      vertex 53.3305 0.00856018 24.8
      vertex 53.2 0 24.8
    endloop
  endfacet
  facet normal 0.0654546 -0.997856 0
    outer loop
      vertex 53.3305 0.00856018 24.8
      vertex 53.2 0 0
      vertex 53.3305 0.00856018 0
    endloop
  endfacet
  facet normal 0.19494 0.980815 -0
    outer loop
      vertex 53.4588 39.1659 0
      vertex 53.3305 39.1914 24.8
      vertex 53.4588 39.1659 24.8
    endloop
  endfacet
  facet normal 0.19494 0.980815 0
    outer loop
      vertex 53.3305 39.1914 24.8
      vertex 53.4588 39.1659 0
      vertex 53.3305 39.1914 0
    endloop
  endfacet
  facet normal -0.0654426 -0.997856 0
    outer loop
      vertex 0.869476 0.00856018 0
      vertex 1 0 24.8
      vertex 0.869476 0.00856018 24.8
    endloop
  endfacet
  facet normal -0.0654426 -0.997856 -0
    outer loop
      vertex 1 0 24.8
      vertex 0.869476 0.00856018 0
      vertex 1 0 0
    endloop
  endfacet
  facet normal -0.555705 0.831379 0
    outer loop
      vertex 0.5 39.066 0
      vertex 0.391235 38.9933 24.8
      vertex 0.5 39.066 24.8
    endloop
  endfacet
  facet normal -0.555705 0.831379 0
    outer loop
      vertex 0.391235 38.9933 24.8
      vertex 0.5 39.066 0
      vertex 0.391235 38.9933 0
    endloop
  endfacet
  facet normal -0.997856 -0.0654426 0
    outer loop
      vertex 0.00856018 0.869476 0
      vertex 0 1 24.8
      vertex 0 1 0
    endloop
  endfacet
  facet normal -0.997856 -0.0654426 0
    outer loop
      vertex 0 1 24.8
      vertex 0.00856018 0.869476 0
      vertex 0.00856018 0.869476 24.8
    endloop
  endfacet
  facet normal -0.321474 -0.946918 0
    outer loop
      vertex 0.61731 0.0761261 0
      vertex 0.74118 0.0340729 24.8
      vertex 0.61731 0.0761261 24.8
    endloop
  endfacet
  facet normal -0.321474 -0.946918 -0
    outer loop
      vertex 0.74118 0.0340729 24.8
      vertex 0.61731 0.0761261 0
      vertex 0.74118 0.0340729 0
    endloop
  endfacet
  facet normal -0.896873 0.442288 0
    outer loop
      vertex 0.0761261 38.5827 0
      vertex 0.133972 38.7 24.8
      vertex 0.133972 38.7 0
    endloop
  endfacet
  facet normal -0.896873 0.442288 0
    outer loop
      vertex 0.133972 38.7 24.8
      vertex 0.0761261 38.5827 0
      vertex 0.0761261 38.5827 24.8
    endloop
  endfacet
  facet normal -0.659153 0.752008 0
    outer loop
      vertex 0.391235 38.9933 0
      vertex 0.292892 38.9071 24.8
      vertex 0.391235 38.9933 24.8
    endloop
  endfacet
  facet normal -0.659153 0.752008 0
    outer loop
      vertex 0.292892 38.9071 24.8
      vertex 0.391235 38.9933 0
      vertex 0.292892 38.9071 0
    endloop
  endfacet
  facet normal -0.442591 0.896724 0
    outer loop
      vertex 0.61731 39.1239 0
      vertex 0.5 39.066 24.8
      vertex 0.61731 39.1239 24.8
    endloop
  endfacet
  facet normal -0.442591 0.896724 0
    outer loop
      vertex 0.5 39.066 24.8
      vertex 0.61731 39.1239 0
      vertex 0.5 39.066 0
    endloop
  endfacet
  facet normal -0.0657457 0.997836 0
    outer loop
      vertex 1 39.2 0
      vertex 0.869476 39.1914 24.8
      vertex 1 39.2 24.8
    endloop
  endfacet
  facet normal -0.0657457 0.997836 0
    outer loop
      vertex 0.869476 39.1914 24.8
      vertex 1 39.2 0
      vertex 0.869476 39.1914 0
    endloop
  endfacet
  facet normal 0.555582 0.831462 -0
    outer loop
      vertex 53.8088 38.9933 0
      vertex 53.7 39.066 24.8
      vertex 53.8088 38.9933 24.8
    endloop
  endfacet
  facet normal 0.555582 0.831462 0
    outer loop
      vertex 53.7 39.066 24.8
      vertex 53.8088 38.9933 0
      vertex 53.7 39.066 0
    endloop
  endfacet
  facet normal -0.946918 -0.321474 0
    outer loop
      vertex 0.0761261 0.61731 0
      vertex 0.0340729 0.74118 24.8
      vertex 0.0340729 0.74118 0
    endloop
  endfacet
  facet normal -0.946918 -0.321474 0
    outer loop
      vertex 0.0340729 0.74118 24.8
      vertex 0.0761261 0.61731 0
      vertex 0.0761261 0.61731 24.8
    endloop
  endfacet
  facet normal 0.980814 -0.194946 0
    outer loop
      vertex 54.1659 0.74118 20.6
      vertex 54.1914 0.869476 0
      vertex 54.1914 0.869476 20.6
    endloop
  endfacet
  facet normal 0.980814 -0.194946 0
    outer loop
      vertex 54.1914 0.869476 0
      vertex 54.1659 0.74118 20.6
      vertex 54.1659 0.74118 0
    endloop
  endfacet
  facet normal 0.980814 -0.194946 0
    outer loop
      vertex 54.1659 0.74118 24.8
      vertex 54.1914 0.869476 24.05
      vertex 54.1914 0.869476 24.8
    endloop
  endfacet
  facet normal 0.980814 -0.194946 0
    outer loop
      vertex 54.1914 0.869476 24.05
      vertex 54.1659 0.74118 24.8
      vertex 54.1659 0.74118 24.05
    endloop
  endfacet
  facet normal 1 -0 0
    outer loop
      vertex 54.2 1 24.8
      vertex 54.2 38.2 24.05
      vertex 54.2 38.2 24.8
    endloop
  endfacet
  facet normal 1 0 0
    outer loop
      vertex 54.2 38.2 24.05
      vertex 54.2 1 24.8
      vertex 54.2 1 24.05
    endloop
  endfacet
  facet normal 1 0 0
    outer loop
      vertex 54.2 38.2 20.6
      vertex 54.2 24.4 0
      vertex 54.2 38.2 0
    endloop
  endfacet
  facet normal 0 0 0
    outer loop
      vertex 54.2 24.4 0
      vertex 54.2 24.4 -0.800012
      vertex 54.2 24.4 -5.6
    endloop
  endfacet
  facet normal 1 0 0
    outer loop
      vertex 54.2 24.4 0
      vertex 54.2 14.8 -0.800012
      vertex 54.2 24.4 -0.800012
    endloop
  endfacet
  facet normal 1 0 0
    outer loop
      vertex 54.2 14.8 0
      vertex 54.2 24.4 0
      vertex 54.2 38.2 20.6
    endloop
  endfacet
  facet normal 1 0 0
    outer loop
      vertex 54.2 24.4 0
      vertex 54.2 14.8 0
      vertex 54.2 14.8 -0.800012
    endloop
  endfacet
  facet normal 1 -0 0
    outer loop
      vertex 54.2 1 20.6
      vertex 54.2 14.8 0
      vertex 54.2 38.2 20.6
    endloop
  endfacet
  facet normal 1 0 0
    outer loop
      vertex 54.2 14.8 0
      vertex 54.2 1 20.6
      vertex 54.2 1 0
    endloop
  endfacet
  facet normal 1 0 -0
    outer loop
      vertex 54.2 24.4 -5.6
      vertex 54.2 24.4 -0.800012
      vertex 54.2 22.9 -5.6
    endloop
  endfacet
  facet normal 1 0 0
    outer loop
      vertex 54.2 14.8 -0.800012
      vertex 54.2 14.8 -5.6
      vertex 54.2 16.3 -5.6
    endloop
  endfacet
  facet normal 0 0 0
    outer loop
      vertex 54.2 14.8 -5.6
      vertex 54.2 14.8 -0.800012
      vertex 54.2 14.8 0
    endloop
  endfacet
  facet normal -1 0 0
    outer loop
      vertex 0 16.3 -5.6
      vertex 0 14.8 -5.6
      vertex 0 14.8 -0.800012
    endloop
  endfacet
  facet normal -1 0 0
    outer loop
      vertex 0 38.2 0
      vertex 0 24.0424 10.5147
      vertex 0 24.1 11.1
    endloop
  endfacet
  facet normal -1 0 0
    outer loop
      vertex 0 24.4 0
      vertex 0 23.8716 9.95195
      vertex 0 24.0424 10.5147
    endloop
  endfacet
  facet normal -1 0 0
    outer loop
      vertex 0 24.4 0
      vertex 0 23.5944 9.43329
      vertex 0 23.8716 9.95195
    endloop
  endfacet
  facet normal -1 0 0
    outer loop
      vertex 0 24.4 0
      vertex 0 23.2213 8.97868
      vertex 0 23.5944 9.43329
    endloop
  endfacet
  facet normal -1 0 0
    outer loop
      vertex 0 24.4 0
      vertex 0 22.7667 8.60559
      vertex 0 23.2213 8.97868
    endloop
  endfacet
  facet normal -1 0 0
    outer loop
      vertex 0 24.4 0
      vertex 0 22.248 8.32836
      vertex 0 22.7667 8.60559
    endloop
  endfacet
  facet normal -1 0 0
    outer loop
      vertex 0 24.4 0
      vertex 0 21.6853 8.15764
      vertex 0 22.248 8.32836
    endloop
  endfacet
  facet normal -1 0 0
    outer loop
      vertex 0 24.4 0
      vertex 0 21.1 8.1
      vertex 0 21.6853 8.15764
    endloop
  endfacet
  facet normal -1 0 0
    outer loop
      vertex 0 24.4 0
      vertex 0 14.8 0
      vertex 0 21.1 8.1
    endloop
  endfacet
  facet normal -1 -0 0
    outer loop
      vertex 0 21.1 8.1
      vertex 0 14.8 0
      vertex 0 18.1 8.1
    endloop
  endfacet
  facet normal -1 -0 0
    outer loop
      vertex 0 18.1 8.1
      vertex 0 14.8 0
      vertex 0 17.5147 8.15764
    endloop
  endfacet
  facet normal -1 -0 0
    outer loop
      vertex 0 17.5147 8.15764
      vertex 0 14.8 0
      vertex 0 16.952 8.32836
    endloop
  endfacet
  facet normal -1 -0 0
    outer loop
      vertex 0 16.952 8.32836
      vertex 0 14.8 0
      vertex 0 16.4333 8.60559
    endloop
  endfacet
  facet normal -1 -0 0
    outer loop
      vertex 0 15.6056 9.43329
      vertex 0 1 0
      vertex 0 15.3284 9.95195
    endloop
  endfacet
  facet normal -1 0 0
    outer loop
      vertex 0 1 0
      vertex 0 15.6056 9.43329
      vertex 0 14.8 0
    endloop
  endfacet
  facet normal -1 -0 0
    outer loop
      vertex 0 15.9787 8.97868
      vertex 0 14.8 0
      vertex 0 15.6056 9.43329
    endloop
  endfacet
  facet normal -1 -0 0
    outer loop
      vertex 0 16.4333 8.60559
      vertex 0 14.8 0
      vertex 0 15.9787 8.97868
    endloop
  endfacet
  facet normal -1 0 0
    outer loop
      vertex 0 14.8 0
      vertex 0 24.4 -0.800012
      vertex 0 14.8 -0.800012
    endloop
  endfacet
  facet normal 0 0 0
    outer loop
      vertex 0 24.4 -5.6
      vertex 0 24.4 -0.800012
      vertex 0 24.4 0
    endloop
  endfacet
  facet normal -1 0 -0
    outer loop
      vertex 0 24.4 -0.800012
      vertex 0 24.4 -5.6
      vertex 0 22.9 -5.6
    endloop
  endfacet
  facet normal -1 0 0
    outer loop
      vertex 0 24.0424 10.5147
      vertex 0 38.2 0
      vertex 0 24.4 0
    endloop
  endfacet
  facet normal -1 0 0
    outer loop
      vertex 0 14.8 0
      vertex 0 24.4 0
      vertex 0 24.4 -0.800012
    endloop
  endfacet
  facet normal -1 0 0
    outer loop
      vertex 0 38.2 0
      vertex 0 24.1 11.1
      vertex 0 38.2 24.8
    endloop
  endfacet
  facet normal -1 0 0
    outer loop
      vertex 0 24.0424 11.6853
      vertex 0 38.2 24.8
      vertex 0 24.1 11.1
    endloop
  endfacet
  facet normal -1 0 0
    outer loop
      vertex 0 23.8716 12.248
      vertex 0 38.2 24.8
      vertex 0 24.0424 11.6853
    endloop
  endfacet
  facet normal -1 0 0
    outer loop
      vertex 0 23.5944 12.7667
      vertex 0 38.2 24.8
      vertex 0 23.8716 12.248
    endloop
  endfacet
  facet normal -1 0 0
    outer loop
      vertex 0 23.2213 13.2213
      vertex 0 38.2 24.8
      vertex 0 23.5944 12.7667
    endloop
  endfacet
  facet normal -1 0 0
    outer loop
      vertex 0 22.7667 13.5944
      vertex 0 38.2 24.8
      vertex 0 23.2213 13.2213
    endloop
  endfacet
  facet normal -1 0 0
    outer loop
      vertex 0 22.248 13.8716
      vertex 0 38.2 24.8
      vertex 0 22.7667 13.5944
    endloop
  endfacet
  facet normal -1 0 0
    outer loop
      vertex 0 21.6853 14.0424
      vertex 0 38.2 24.8
      vertex 0 22.248 13.8716
    endloop
  endfacet
  facet normal -1 0 0
    outer loop
      vertex 0 21.1 14.1
      vertex 0 38.2 24.8
      vertex 0 21.6853 14.0424
    endloop
  endfacet
  facet normal -1 0 0
    outer loop
      vertex 0 18.1 14.1
      vertex 0 38.2 24.8
      vertex 0 21.1 14.1
    endloop
  endfacet
  facet normal -1 0 0
    outer loop
      vertex 0 1 24.8
      vertex 0 18.1 14.1
      vertex 0 17.5147 14.0424
    endloop
  endfacet
  facet normal -1 0 0
    outer loop
      vertex 0 1 24.8
      vertex 0 17.5147 14.0424
      vertex 0 16.952 13.8716
    endloop
  endfacet
  facet normal 0 0 0
    outer loop
      vertex 0 14.8 0
      vertex 0 14.8 -0.800012
      vertex 0 14.8 -5.6
    endloop
  endfacet
  facet normal -1 -0 0
    outer loop
      vertex 0 15.3284 9.95195
      vertex 0 1 0
      vertex 0 15.1576 10.5147
    endloop
  endfacet
  facet normal -1 -0 0
    outer loop
      vertex 0 15.1576 10.5147
      vertex 0 1 0
      vertex 0 15.1 11.1
    endloop
  endfacet
  facet normal -1 0 0
    outer loop
      vertex 0 1 24.8
      vertex 0 15.1 11.1
      vertex 0 1 0
    endloop
  endfacet
  facet normal -1 0 0
    outer loop
      vertex 0 15.1 11.1
      vertex 0 1 24.8
      vertex 0 15.1576 11.6853
    endloop
  endfacet
  facet normal -1 0 0
    outer loop
      vertex 0 15.1576 11.6853
      vertex 0 1 24.8
      vertex 0 15.3284 12.248
    endloop
  endfacet
  facet normal -1 0 0
    outer loop
      vertex 0 15.3284 12.248
      vertex 0 1 24.8
      vertex 0 15.6056 12.7667
    endloop
  endfacet
  facet normal -1 0 0
    outer loop
      vertex 0 18.1 14.1
      vertex 0 1 24.8
      vertex 0 38.2 24.8
    endloop
  endfacet
  facet normal -1 0 0
    outer loop
      vertex 0 16.4333 13.5944
      vertex 0 1 24.8
      vertex 0 16.952 13.8716
    endloop
  endfacet
  facet normal -1 0 0
    outer loop
      vertex 0 15.9787 13.2213
      vertex 0 1 24.8
      vertex 0 16.4333 13.5944
    endloop
  endfacet
  facet normal -1 0 0
    outer loop
      vertex 0 15.6056 12.7667
      vertex 0 1 24.8
      vertex 0 15.9787 13.2213
    endloop
  endfacet
  facet normal -0.946942 0.321404 0
    outer loop
      vertex 0.0340729 38.4588 0
      vertex 0.0761261 38.5827 24.8
      vertex 0.0761261 38.5827 0
    endloop
  endfacet
  facet normal -0.946942 0.321404 0
    outer loop
      vertex 0.0761261 38.5827 24.8
      vertex 0.0340729 38.4588 0
      vertex 0.0340729 38.4588 24.8
    endloop
  endfacet
  facet normal 0.947066 0.321039 0
    outer loop
      vertex 54.1659 38.4588 24.8
      vertex 54.1239 38.5827 24.05
      vertex 54.1239 38.5827 24.8
    endloop
  endfacet
  facet normal 0.947066 0.321039 0
    outer loop
      vertex 54.1239 38.5827 24.05
      vertex 54.1659 38.4588 24.8
      vertex 54.1659 38.4588 24.05
    endloop
  endfacet
  facet normal 0.947066 0.321039 0
    outer loop
      vertex 54.1659 38.4588 20.6
      vertex 54.1239 38.5827 0
      vertex 54.1239 38.5827 20.6
    endloop
  endfacet
  facet normal 0.947066 0.321039 0
    outer loop
      vertex 54.1239 38.5827 0
      vertex 54.1659 38.4588 20.6
      vertex 54.1659 38.4588 0
    endloop
  endfacet
  facet normal -0.195039 -0.980795 0
    outer loop
      vertex 0.74118 0.0340729 0
      vertex 0.869476 0.00856018 24.8
      vertex 0.74118 0.0340729 24.8
    endloop
  endfacet
  facet normal -0.195039 -0.980795 -0
    outer loop
      vertex 0.869476 0.00856018 24.8
      vertex 0.74118 0.0340729 0
      vertex 0.869476 0.00856018 0
    endloop
  endfacet
  facet normal 0.831379 -0.555705 0
    outer loop
      vertex 53.9933 0.391235 24.8
      vertex 54.066 0.5 0
      vertex 54.066 0.5 24.8
    endloop
  endfacet
  facet normal 0.831379 -0.555705 0
    outer loop
      vertex 54.066 0.5 0
      vertex 53.9933 0.391235 24.8
      vertex 53.9933 0.391235 0
    endloop
  endfacet
  facet normal -0.751706 0.659498 0
    outer loop
      vertex 0.20665 38.8088 0
      vertex 0.292892 38.9071 24.8
      vertex 0.292892 38.9071 0
    endloop
  endfacet
  facet normal -0.751706 0.659498 0
    outer loop
      vertex 0.292892 38.9071 24.8
      vertex 0.20665 38.8088 0
      vertex 0.20665 38.8088 24.8
    endloop
  endfacet
  facet normal 0.895573 -0.444915 0
    outer loop
      vertex 54.1239 0.61731 24.8
      vertex 54.1153 0.599999 24.05
      vertex 54.1239 0.61731 24.05
    endloop
  endfacet
  facet normal 0.896923 -0.442187 0
    outer loop
      vertex 54.1153 0.599999 24.05
      vertex 54.066 0.5 24.8
      vertex 54.1153 0.599999 20.6
    endloop
  endfacet
  facet normal 0.896724 -0.442591 -6.68508e-05
    outer loop
      vertex 54.066 0.5 24.8
      vertex 54.1153 0.599999 24.05
      vertex 54.1239 0.61731 24.8
    endloop
  endfacet
  facet normal 0.895573 -0.444915 0
    outer loop
      vertex 54.1153 0.599999 20.6
      vertex 54.1239 0.61731 0
      vertex 54.1239 0.61731 20.6
    endloop
  endfacet
  facet normal 0.896923 -0.442187 0
    outer loop
      vertex 54.066 0.5 0
      vertex 54.1153 0.599999 20.6
      vertex 54.066 0.5 24.8
    endloop
  endfacet
  facet normal 0.896724 -0.442591 2.43389e-06
    outer loop
      vertex 54.1153 0.599999 20.6
      vertex 54.066 0.5 0
      vertex 54.1239 0.61731 0
    endloop
  endfacet
  facet normal -0.555589 -0.831457 0
    outer loop
      vertex 0.391235 0.20665 0
      vertex 0.5 0.133972 24.8
      vertex 0.391235 0.20665 24.8
    endloop
  endfacet
  facet normal -0.555589 -0.831457 -0
    outer loop
      vertex 0.5 0.133972 24.8
      vertex 0.391235 0.20665 0
      vertex 0.5 0.133972 0
    endloop
  endfacet
  facet normal 0 1 -0
    outer loop
      vertex 53.2 39.2 0
      vertex 1 39.2 24.8
      vertex 53.2 39.2 24.8
    endloop
  endfacet
  facet normal 0 1 0
    outer loop
      vertex 1 39.2 24.8
      vertex 53.2 39.2 0
      vertex 1 39.2 0
    endloop
  endfacet
  facet normal -0.321109 0.947042 0
    outer loop
      vertex 0.74118 39.1659 0
      vertex 0.61731 39.1239 24.8
      vertex 0.74118 39.1659 24.8
    endloop
  endfacet
  facet normal -0.321109 0.947042 0
    outer loop
      vertex 0.61731 39.1239 24.8
      vertex 0.74118 39.1659 0
      vertex 0.61731 39.1239 0
    endloop
  endfacet
  facet normal -0.83154 0.555465 0
    outer loop
      vertex 0.133972 38.7 0
      vertex 0.20665 38.8088 24.8
      vertex 0.20665 38.8088 0
    endloop
  endfacet
  facet normal -0.83154 0.555465 0
    outer loop
      vertex 0.20665 38.8088 24.8
      vertex 0.133972 38.7 0
      vertex 0.133972 38.7 24.8
    endloop
  endfacet
  facet normal 0.751866 0.659316 0
    outer loop
      vertex 53.9933 38.8088 24.8
      vertex 53.9071 38.9071 0
      vertex 53.9071 38.9071 24.8
    endloop
  endfacet
  facet normal 0.751866 0.659316 0
    outer loop
      vertex 53.9071 38.9071 0
      vertex 53.9933 38.8088 24.8
      vertex 53.9933 38.8088 0
    endloop
  endfacet
  facet normal 0.0657577 0.997836 -0
    outer loop
      vertex 53.3305 39.1914 0
      vertex 53.2 39.2 24.8
      vertex 53.3305 39.1914 24.8
    endloop
  endfacet
  facet normal 0.0657577 0.997836 0
    outer loop
      vertex 53.2 39.2 24.8
      vertex 53.3305 39.1914 0
      vertex 53.2 39.2 0
    endloop
  endfacet
  facet normal -0.194946 0.980814 0
    outer loop
      vertex 0.869476 39.1914 0
      vertex 0.74118 39.1659 24.8
      vertex 0.869476 39.1914 24.8
    endloop
  endfacet
  facet normal -0.194946 0.980814 0
    outer loop
      vertex 0.74118 39.1659 24.8
      vertex 0.869476 39.1914 0
      vertex 0.74118 39.1659 0
    endloop
  endfacet
  facet normal 0.442621 0.896709 -0
    outer loop
      vertex 53.7 39.066 0
      vertex 53.5827 39.1239 24.8
      vertex 53.7 39.066 24.8
    endloop
  endfacet
  facet normal 0.442621 0.896709 0
    outer loop
      vertex 53.5827 39.1239 24.8
      vertex 53.7 39.066 0
      vertex 53.5827 39.1239 0
    endloop
  endfacet
  facet normal -0.659335 -0.751849 0
    outer loop
      vertex 0.292892 0.292892 0
      vertex 0.391235 0.20665 24.8
      vertex 0.292892 0.292892 24.8
    endloop
  endfacet
  facet normal -0.659335 -0.751849 -0
    outer loop
      vertex 0.391235 0.20665 24.8
      vertex 0.292892 0.292892 0
      vertex 0.391235 0.20665 0
    endloop
  endfacet
  facet normal 0.659498 -0.751706 0
    outer loop
      vertex 53.8088 0.20665 0
      vertex 53.9071 0.292892 24.8
      vertex 53.8088 0.20665 24.8
    endloop
  endfacet
  facet normal 0.659498 -0.751706 0
    outer loop
      vertex 53.9071 0.292892 24.8
      vertex 53.8088 0.20665 0
      vertex 53.9071 0.292892 0
    endloop
  endfacet
  facet normal -0.442258 -0.896888 0
    outer loop
      vertex 0.5 0.133972 0
      vertex 0.61731 0.0761261 24.8
      vertex 0.5 0.133972 24.8
    endloop
  endfacet
  facet normal -0.442258 -0.896888 -0
    outer loop
      vertex 0.61731 0.0761261 24.8
      vertex 0.5 0.133972 0
      vertex 0.61731 0.0761261 0
    endloop
  endfacet
  facet normal 0.659316 0.751866 -0
    outer loop
      vertex 53.9071 38.9071 0
      vertex 53.8088 38.9933 24.8
      vertex 53.9071 38.9071 24.8
    endloop
  endfacet
  facet normal 0.659316 0.751866 0
    outer loop
      vertex 53.8088 38.9933 24.8
      vertex 53.9071 38.9071 0
      vertex 53.8088 38.9933 0
    endloop
  endfacet
  facet normal -0.980797 0.195033 0
    outer loop
      vertex 0.00856018 38.3305 0
      vertex 0.0340729 38.4588 24.8
      vertex 0.0340729 38.4588 0
    endloop
  endfacet
  facet normal -0.980797 0.195033 0
    outer loop
      vertex 0.0340729 38.4588 24.8
      vertex 0.00856018 38.3305 0
      vertex 0.00856018 38.3305 24.8
    endloop
  endfacet
  facet normal 0.947042 -0.321109 0
    outer loop
      vertex 54.1239 0.61731 20.6
      vertex 54.1659 0.74118 0
      vertex 54.1659 0.74118 20.6
    endloop
  endfacet
  facet normal 0.947042 -0.321109 0
    outer loop
      vertex 54.1659 0.74118 0
      vertex 54.1239 0.61731 20.6
      vertex 54.1239 0.61731 0
    endloop
  endfacet
  facet normal 0.947042 -0.321109 0
    outer loop
      vertex 54.1239 0.61731 24.8
      vertex 54.1659 0.74118 24.05
      vertex 54.1659 0.74118 24.8
    endloop
  endfacet
  facet normal 0.947042 -0.321109 0
    outer loop
      vertex 54.1659 0.74118 24.05
      vertex 54.1239 0.61731 24.8
      vertex 54.1239 0.61731 24.05
    endloop
  endfacet
  facet normal 0.752008 -0.659153 0
    outer loop
      vertex 53.9071 0.292892 24.8
      vertex 53.9933 0.391235 0
      vertex 53.9933 0.391235 24.8
    endloop
  endfacet
  facet normal 0.752008 -0.659153 0
    outer loop
      vertex 53.9933 0.391235 0
      vertex 53.9071 0.292892 24.8
      vertex 53.9071 0.292892 0
    endloop
  endfacet
  facet normal -0.997856 0.0654546 0
    outer loop
      vertex 0 38.2 0
      vertex 0.00856018 38.3305 24.8
      vertex 0.00856018 38.3305 0
    endloop
  endfacet
  facet normal -0.997856 0.0654546 0
    outer loop
      vertex 0.00856018 38.3305 24.8
      vertex 0 38.2 0
      vertex 0 38.2 24.8
    endloop
  endfacet
  facet normal 0.997836 0.0657577 0
    outer loop
      vertex 54.2 38.2 20.6
      vertex 54.1914 38.3305 0
      vertex 54.1914 38.3305 20.6
    endloop
  endfacet
  facet normal 0.997836 0.0657577 0
    outer loop
      vertex 54.1914 38.3305 0
      vertex 54.2 38.2 20.6
      vertex 54.2 38.2 0
    endloop
  endfacet
  facet normal 0.997836 0.0657577 0
    outer loop
      vertex 54.2 38.2 24.8
      vertex 54.1914 38.3305 24.05
      vertex 54.1914 38.3305 24.8
    endloop
  endfacet
  facet normal 0.997836 0.0657577 0
    outer loop
      vertex 54.1914 38.3305 24.05
      vertex 54.2 38.2 24.8
      vertex 54.2 38.2 24.05
    endloop
  endfacet
  facet normal 0.831462 0.555582 0
    outer loop
      vertex 54.066 38.7 24.8
      vertex 53.9933 38.8088 0
      vertex 53.9933 38.8088 24.8
    endloop
  endfacet
  facet normal 0.831462 0.555582 0
    outer loop
      vertex 53.9933 38.8088 0
      vertex 54.066 38.7 24.8
      vertex 54.066 38.7 0
    endloop
  endfacet
  facet normal -0.751849 -0.659335 0
    outer loop
      vertex 0.292892 0.292892 0
      vertex 0.20665 0.391235 24.8
      vertex 0.20665 0.391235 0
    endloop
  endfacet
  facet normal -0.751849 -0.659335 0
    outer loop
      vertex 0.20665 0.391235 24.8
      vertex 0.292892 0.292892 0
      vertex 0.292892 0.292892 24.8
    endloop
  endfacet
  facet normal 0.321039 0.947066 -0
    outer loop
      vertex 53.5827 39.1239 0
      vertex 53.4588 39.1659 24.8
      vertex 53.5827 39.1239 24.8
    endloop
  endfacet
  facet normal 0.321039 0.947066 0
    outer loop
      vertex 53.4588 39.1659 24.8
      vertex 53.5827 39.1239 0
      vertex 53.4588 39.1659 0
    endloop
  endfacet
  facet normal -0.831457 -0.555589 0
    outer loop
      vertex 0.20665 0.391235 0
      vertex 0.133972 0.5 24.8
      vertex 0.133972 0.5 0
    endloop
  endfacet
  facet normal -0.831457 -0.555589 0
    outer loop
      vertex 0.133972 0.5 24.8
      vertex 0.20665 0.391235 0
      vertex 0.20665 0.391235 24.8
    endloop
  endfacet
  facet normal 0.896924 0.442184 -0
    outer loop
      vertex 54.1153 38.6 20.6
      vertex 54.066 38.7 24.8
      vertex 54.1153 38.6 24.05
    endloop
  endfacet
  facet normal 0.896709 0.442621 -7.24706e-05
    outer loop
      vertex 54.1239 38.5827 24.8
      vertex 54.1153 38.6 24.05
      vertex 54.066 38.7 24.8
    endloop
  endfacet
  facet normal 0.89546 0.445142 0
    outer loop
      vertex 54.1153 38.6 24.05
      vertex 54.1239 38.5827 24.8
      vertex 54.1239 38.5827 24.05
    endloop
  endfacet
  facet normal 0.896924 0.442184 0
    outer loop
      vertex 54.066 38.7 24.8
      vertex 54.1153 38.6 20.6
      vertex 54.066 38.7 0
    endloop
  endfacet
  facet normal 0.89546 0.445142 1.7865e-05
    outer loop
      vertex 54.1239 38.5827 20.6
      vertex 54.066 38.7 0
      vertex 54.1153 38.6 20.6
    endloop
  endfacet
  facet normal 0.896709 0.442621 0
    outer loop
      vertex 54.066 38.7 0
      vertex 54.1239 38.5827 20.6
      vertex 54.1239 38.5827 0
    endloop
  endfacet
  facet normal 0.980815 0.19494 0
    outer loop
      vertex 54.1914 38.3305 24.8
      vertex 54.1659 38.4588 24.05
      vertex 54.1659 38.4588 24.8
    endloop
  endfacet
  facet normal 0.980815 0.19494 0
    outer loop
      vertex 54.1659 38.4588 24.05
      vertex 54.1914 38.3305 24.8
      vertex 54.1914 38.3305 24.05
    endloop
  endfacet
  facet normal 0.980815 0.19494 0
    outer loop
      vertex 54.1914 38.3305 20.6
      vertex 54.1659 38.4588 0
      vertex 54.1659 38.4588 20.6
    endloop
  endfacet
  facet normal 0.980815 0.19494 0
    outer loop
      vertex 54.1659 38.4588 0
      vertex 54.1914 38.3305 20.6
      vertex 54.1914 38.3305 0
    endloop
  endfacet
  facet normal -0.980795 -0.195039 0
    outer loop
      vertex 0.0340729 0.74118 0
      vertex 0.00856018 0.869476 24.8
      vertex 0.00856018 0.869476 0
    endloop
  endfacet
  facet normal -0.980795 -0.195039 0
    outer loop
      vertex 0.00856018 0.869476 24.8
      vertex 0.0340729 0.74118 0
      vertex 0.0340729 0.74118 24.8
    endloop
  endfacet
  facet normal 0 0 -1
    outer loop
      vertex 54.1931 24.5044 0
      vertex 54.2 38.2 0
      vertex 54.2 24.4 0
    endloop
  endfacet
  facet normal 0 0 -1
    outer loop
      vertex 54.1727 24.6071 0
      vertex 54.2 38.2 0
      vertex 54.1931 24.5044 0
    endloop
  endfacet
  facet normal 0 0 -1
    outer loop
      vertex 54.1391 24.7061 0
      vertex 54.2 38.2 0
      vertex 54.1727 24.6071 0
    endloop
  endfacet
  facet normal 0 0 -1
    outer loop
      vertex 54.0928 24.8 0
      vertex 54.2 38.2 0
      vertex 54.1391 24.7061 0
    endloop
  endfacet
  facet normal 0 0 -1
    outer loop
      vertex 54.0347 24.887 0
      vertex 54.2 38.2 0
      vertex 54.0928 24.8 0
    endloop
  endfacet
  facet normal 0 0 -1
    outer loop
      vertex 53.9657 24.9657 0
      vertex 54.2 38.2 0
      vertex 54.0347 24.887 0
    endloop
  endfacet
  facet normal 0 0 -1
    outer loop
      vertex 53.887 25.0347 0
      vertex 54.2 38.2 0
      vertex 53.9657 24.9657 0
    endloop
  endfacet
  facet normal 0 0 -1
    outer loop
      vertex 53.8 25.0928 0
      vertex 54.2 38.2 0
      vertex 53.887 25.0347 0
    endloop
  endfacet
  facet normal 0 0 -1
    outer loop
      vertex 53.7061 25.1391 0
      vertex 54.2 38.2 0
      vertex 53.8 25.0928 0
    endloop
  endfacet
  facet normal 0 0 -1
    outer loop
      vertex 53.6071 25.1727 0
      vertex 54.2 38.2 0
      vertex 53.7061 25.1391 0
    endloop
  endfacet
  facet normal 0 0 -1
    outer loop
      vertex 53.5044 25.1931 0
      vertex 54.2 38.2 0
      vertex 53.6071 25.1727 0
    endloop
  endfacet
  facet normal 0 0 -1
    outer loop
      vertex 53.4 25.2 0
      vertex 54.2 38.2 0
      vertex 53.5044 25.1931 0
    endloop
  endfacet
  facet normal 0 0 -1
    outer loop
      vertex 53.2 39.2 0
      vertex 54.2 38.2 0
      vertex 53.4 25.2 0
    endloop
  endfacet
  facet normal 0 0 -1
    outer loop
      vertex 54.2 38.2 0
      vertex 53.2 39.2 0
      vertex 54.1914 38.3305 0
    endloop
  endfacet
  facet normal 0 0 -1
    outer loop
      vertex 54.1914 38.3305 0
      vertex 53.2 39.2 0
      vertex 54.1659 38.4588 0
    endloop
  endfacet
  facet normal 0 0 -1
    outer loop
      vertex 54.1659 38.4588 0
      vertex 53.2 39.2 0
      vertex 54.1239 38.5827 0
    endloop
  endfacet
  facet normal 0 0 -1
    outer loop
      vertex 54.1239 38.5827 0
      vertex 53.2 39.2 0
      vertex 54.066 38.7 0
    endloop
  endfacet
  facet normal 0 0 -1
    outer loop
      vertex 54.066 38.7 0
      vertex 53.2 39.2 0
      vertex 53.9933 38.8088 0
    endloop
  endfacet
  facet normal 0 0 -1
    outer loop
      vertex 53.9933 38.8088 0
      vertex 53.2 39.2 0
      vertex 53.9071 38.9071 0
    endloop
  endfacet
  facet normal 0 0 -1
    outer loop
      vertex 53.9071 38.9071 0
      vertex 53.2 39.2 0
      vertex 53.8088 38.9933 0
    endloop
  endfacet
  facet normal 0 0 -1
    outer loop
      vertex 53.8088 38.9933 0
      vertex 53.2 39.2 0
      vertex 53.7 39.066 0
    endloop
  endfacet
  facet normal 0 0 -1
    outer loop
      vertex 53.7 39.066 0
      vertex 53.2 39.2 0
      vertex 53.5827 39.1239 0
    endloop
  endfacet
  facet normal 0 0 -1
    outer loop
      vertex 53.5827 39.1239 0
      vertex 53.2 39.2 0
      vertex 53.4588 39.1659 0
    endloop
  endfacet
  facet normal 0 0 -1
    outer loop
      vertex 53.4588 39.1659 0
      vertex 53.2 39.2 0
      vertex 53.3305 39.1914 0
    endloop
  endfacet
  facet normal 0 0 -1
    outer loop
      vertex 53.4 25.2 0
      vertex 1 39.2 0
      vertex 53.2 39.2 0
    endloop
  endfacet
  facet normal 0 0 -1
    outer loop
      vertex 0.800003 25.2 0
      vertex 1 39.2 0
      vertex 53.4 25.2 0
    endloop
  endfacet
  facet normal 0 0 -1
    outer loop
      vertex 0 38.2 0
      vertex 1 39.2 0
      vertex 0.800003 25.2 0
    endloop
  endfacet
  facet normal 0 0 -1
    outer loop
      vertex 1 39.2 0
      vertex 0 38.2 0
      vertex 0.869476 39.1914 0
    endloop
  endfacet
  facet normal 0 0 -1
    outer loop
      vertex 0 38.2 0
      vertex 0.800003 25.2 0
      vertex 0.695587 25.1931 0
    endloop
  endfacet
  facet normal 0 0 -1
    outer loop
      vertex 0.869476 39.1914 0
      vertex 0 38.2 0
      vertex 0.74118 39.1659 0
    endloop
  endfacet
  facet normal 0 0 -1
    outer loop
      vertex 0 38.2 0
      vertex 0.695587 25.1931 0
      vertex 0.592941 25.1727 0
    endloop
  endfacet
  facet normal 0 0 -1
    outer loop
      vertex 0.74118 39.1659 0
      vertex 0 38.2 0
      vertex 0.61731 39.1239 0
    endloop
  endfacet
  facet normal 0 0 -1
    outer loop
      vertex 0 38.2 0
      vertex 0.592941 25.1727 0
      vertex 0.493851 25.1391 0
    endloop
  endfacet
  facet normal 0 0 -1
    outer loop
      vertex 0 38.2 0
      vertex 0.493851 25.1391 0
      vertex 0.400009 25.0928 0
    endloop
  endfacet
  facet normal 0 0 -1
    outer loop
      vertex 0.61731 39.1239 0
      vertex 0 38.2 0
      vertex 0.5 39.066 0
    endloop
  endfacet
  facet normal 0 0 -1
    outer loop
      vertex 0 38.2 0
      vertex 0.400009 25.0928 0
      vertex 0.312988 25.0347 0
    endloop
  endfacet
  facet normal 0 0 -1
    outer loop
      vertex 0.5 39.066 0
      vertex 0 38.2 0
      vertex 0.391235 38.9933 0
    endloop
  endfacet
  facet normal 0 0 -1
    outer loop
      vertex 0 38.2 0
      vertex 0.312988 25.0347 0
      vertex 0.234314 24.9657 0
    endloop
  endfacet
  facet normal 0 0 -1
    outer loop
      vertex 0.391235 38.9933 0
      vertex 0 38.2 0
      vertex 0.292892 38.9071 0
    endloop
  endfacet
  facet normal 0 0 -1
    outer loop
      vertex 0 38.2 0
      vertex 0.234314 24.9657 0
      vertex 0.165314 24.887 0
    endloop
  endfacet
  facet normal 0 0 -1
    outer loop
      vertex 0.292892 38.9071 0
      vertex 0 38.2 0
      vertex 0.20665 38.8088 0
    endloop
  endfacet
  facet normal 0 0 -1
    outer loop
      vertex 0 38.2 0
      vertex 0.165314 24.887 0
      vertex 0.107178 24.8 0
    endloop
  endfacet
  facet normal 0 0 -1
    outer loop
      vertex 0.20665 38.8088 0
      vertex 0 38.2 0
      vertex 0.133972 38.7 0
    endloop
  endfacet
  facet normal 0 0 -1
    outer loop
      vertex 0 38.2 0
      vertex 0.107178 24.8 0
      vertex 0.0608978 24.7061 0
    endloop
  endfacet
  facet normal 0 0 -1
    outer loop
      vertex 0.133972 38.7 0
      vertex 0 38.2 0
      vertex 0.0761261 38.5827 0
    endloop
  endfacet
  facet normal 0 0 -1
    outer loop
      vertex 0 38.2 0
      vertex 0.0608978 24.7061 0
      vertex 0.0272675 24.6071 0
    endloop
  endfacet
  facet normal 0 0 -1
    outer loop
      vertex 0.0761261 38.5827 0
      vertex 0 38.2 0
      vertex 0.0340729 38.4588 0
    endloop
  endfacet
  facet normal 0 0 -1
    outer loop
      vertex 0 38.2 0
      vertex 0.0272675 24.6071 0
      vertex 0.0068512 24.5044 0
    endloop
  endfacet
  facet normal 0 0 -1
    outer loop
      vertex 0 38.2 0
      vertex 0.0068512 24.5044 0
      vertex 0 24.4 0
    endloop
  endfacet
  facet normal 0 0 -1
    outer loop
      vertex 0.0340729 38.4588 0
      vertex 0 38.2 0
      vertex 0.00856018 38.3305 0
    endloop
  endfacet
  facet normal 0 0 -1
    outer loop
      vertex 54.2 1 0
      vertex 54.1931 14.6956 0
      vertex 54.2 14.8 0
    endloop
  endfacet
  facet normal 0 0 -1
    outer loop
      vertex 53.2 0 0
      vertex 54.2 1 0
      vertex 54.1914 0.869476 0
    endloop
  endfacet
  facet normal 0 0 -1
    outer loop
      vertex 54.2 1 0
      vertex 54.1727 14.5929 0
      vertex 54.1931 14.6956 0
    endloop
  endfacet
  facet normal 0 0 -1
    outer loop
      vertex 53.2 0 0
      vertex 54.1914 0.869476 0
      vertex 54.1659 0.74118 0
    endloop
  endfacet
  facet normal 0 0 -1
    outer loop
      vertex 54.2 1 0
      vertex 54.1391 14.4939 0
      vertex 54.1727 14.5929 0
    endloop
  endfacet
  facet normal 0 0 -1
    outer loop
      vertex 53.2 0 0
      vertex 54.1659 0.74118 0
      vertex 54.1239 0.61731 0
    endloop
  endfacet
  facet normal 0 0 -1
    outer loop
      vertex 54.2 1 0
      vertex 54.0928 14.4 0
      vertex 54.1391 14.4939 0
    endloop
  endfacet
  facet normal 0 0 -1
    outer loop
      vertex 53.2 0 0
      vertex 54.1239 0.61731 0
      vertex 54.066 0.5 0
    endloop
  endfacet
  facet normal 0 0 -1
    outer loop
      vertex 54.2 1 0
      vertex 54.0347 14.313 0
      vertex 54.0928 14.4 0
    endloop
  endfacet
  facet normal 0 0 -1
    outer loop
      vertex 53.2 0 0
      vertex 54.066 0.5 0
      vertex 53.9933 0.391235 0
    endloop
  endfacet
  facet normal 0 0 -1
    outer loop
      vertex 54.2 1 0
      vertex 53.9657 14.2343 0
      vertex 54.0347 14.313 0
    endloop
  endfacet
  facet normal 0 0 -1
    outer loop
      vertex 53.2 0 0
      vertex 53.9933 0.391235 0
      vertex 53.9071 0.292892 0
    endloop
  endfacet
  facet normal 0 0 -1
    outer loop
      vertex 54.2 1 0
      vertex 53.887 14.1653 0
      vertex 53.9657 14.2343 0
    endloop
  endfacet
  facet normal 0 0 -1
    outer loop
      vertex 53.2 0 0
      vertex 53.9071 0.292892 0
      vertex 53.8088 0.20665 0
    endloop
  endfacet
  facet normal 0 0 -1
    outer loop
      vertex 54.2 1 0
      vertex 53.8 14.1072 0
      vertex 53.887 14.1653 0
    endloop
  endfacet
  facet normal 0 0 -1
    outer loop
      vertex 54.2 1 0
      vertex 53.7061 14.0609 0
      vertex 53.8 14.1072 0
    endloop
  endfacet
  facet normal 0 0 -1
    outer loop
      vertex 53.2 0 0
      vertex 53.8088 0.20665 0
      vertex 53.7 0.133972 0
    endloop
  endfacet
  facet normal 0 0 -1
    outer loop
      vertex 54.2 1 0
      vertex 53.6071 14.0273 0
      vertex 53.7061 14.0609 0
    endloop
  endfacet
  facet normal 0 0 -1
    outer loop
      vertex 53.2 0 0
      vertex 53.7 0.133972 0
      vertex 53.5827 0.0761261 0
    endloop
  endfacet
  facet normal 0 0 -1
    outer loop
      vertex 54.2 1 0
      vertex 53.5044 14.0069 0
      vertex 53.6071 14.0273 0
    endloop
  endfacet
  facet normal 0 0 -1
    outer loop
      vertex 53.2 0 0
      vertex 53.5827 0.0761261 0
      vertex 53.4588 0.0340729 0
    endloop
  endfacet
  facet normal 0 0 -1
    outer loop
      vertex 54.2 1 0
      vertex 53.4 14 0
      vertex 53.5044 14.0069 0
    endloop
  endfacet
  facet normal 0 0 -1
    outer loop
      vertex 53.2 0 0
      vertex 53.4588 0.0340729 0
      vertex 53.3305 0.00856018 0
    endloop
  endfacet
  facet normal -0 0 -1
    outer loop
      vertex 54.2 1 0
      vertex 53.2 0 0
      vertex 53.4 14 0
    endloop
  endfacet
  facet normal 0 0 -1
    outer loop
      vertex 1 0 0
      vertex 53.4 14 0
      vertex 53.2 0 0
    endloop
  endfacet
  facet normal 0 0 -1
    outer loop
      vertex 0 1 0
      vertex 1 0 0
      vertex 0.869476 0.00856018 0
    endloop
  endfacet
  facet normal 0 0 -1
    outer loop
      vertex 1 0 0
      vertex 0.800003 14 0
      vertex 53.4 14 0
    endloop
  endfacet
  facet normal 0 0 -1
    outer loop
      vertex 0 1 0
      vertex 0.869476 0.00856018 0
      vertex 0.74118 0.0340729 0
    endloop
  endfacet
  facet normal 0 0 -1
    outer loop
      vertex 1 0 0
      vertex 0 1 0
      vertex 0.800003 14 0
    endloop
  endfacet
  facet normal 0 0 -1
    outer loop
      vertex 0 1 0
      vertex 0.74118 0.0340729 0
      vertex 0.61731 0.0761261 0
    endloop
  endfacet
  facet normal -0 0 -1
    outer loop
      vertex 0.800003 14 0
      vertex 0 1 0
      vertex 0.695587 14.0069 0
    endloop
  endfacet
  facet normal 0 0 -1
    outer loop
      vertex 0 1 0
      vertex 0.61731 0.0761261 0
      vertex 0.5 0.133972 0
    endloop
  endfacet
  facet normal -0 0 -1
    outer loop
      vertex 0.695587 14.0069 0
      vertex 0 1 0
      vertex 0.592941 14.0273 0
    endloop
  endfacet
  facet normal -0 0 -1
    outer loop
      vertex 0.592941 14.0273 0
      vertex 0 1 0
      vertex 0.493851 14.0609 0
    endloop
  endfacet
  facet normal 0 0 -1
    outer loop
      vertex 0 1 0
      vertex 0.5 0.133972 0
      vertex 0.391235 0.20665 0
    endloop
  endfacet
  facet normal -0 0 -1
    outer loop
      vertex 0.493851 14.0609 0
      vertex 0 1 0
      vertex 0.400009 14.1072 0
    endloop
  endfacet
  facet normal 0 0 -1
    outer loop
      vertex 0 1 0
      vertex 0.391235 0.20665 0
      vertex 0.292892 0.292892 0
    endloop
  endfacet
  facet normal -0 0 -1
    outer loop
      vertex 0.400009 14.1072 0
      vertex 0 1 0
      vertex 0.312988 14.1653 0
    endloop
  endfacet
  facet normal 0 0 -1
    outer loop
      vertex 0 1 0
      vertex 0.292892 0.292892 0
      vertex 0.20665 0.391235 0
    endloop
  endfacet
  facet normal -0 0 -1
    outer loop
      vertex 0.312988 14.1653 0
      vertex 0 1 0
      vertex 0.234314 14.2343 0
    endloop
  endfacet
  facet normal 0 0 -1
    outer loop
      vertex 0 1 0
      vertex 0.20665 0.391235 0
      vertex 0.133972 0.5 0
    endloop
  endfacet
  facet normal -0 0 -1
    outer loop
      vertex 0.234314 14.2343 0
      vertex 0 1 0
      vertex 0.165314 14.313 0
    endloop
  endfacet
  facet normal 0 0 -1
    outer loop
      vertex 0 1 0
      vertex 0.133972 0.5 0
      vertex 0.0761261 0.61731 0
    endloop
  endfacet
  facet normal -0 0 -1
    outer loop
      vertex 0.165314 14.313 0
      vertex 0 1 0
      vertex 0.107178 14.4 0
    endloop
  endfacet
  facet normal 0 0 -1
    outer loop
      vertex 0 1 0
      vertex 0.0761261 0.61731 0
      vertex 0.0340729 0.74118 0
    endloop
  endfacet
  facet normal -0 0 -1
    outer loop
      vertex 0.107178 14.4 0
      vertex 0 1 0
      vertex 0.0608978 14.4939 0
    endloop
  endfacet
  facet normal 0 0 -1
    outer loop
      vertex 0 1 0
      vertex 0.0340729 0.74118 0
      vertex 0.00856018 0.869476 0
    endloop
  endfacet
  facet normal -0 0 -1
    outer loop
      vertex 0.0608978 14.4939 0
      vertex 0 1 0
      vertex 0.0272675 14.5929 0
    endloop
  endfacet
  facet normal -0 0 -1
    outer loop
      vertex 0.0272675 14.5929 0
      vertex 0 1 0
      vertex 0.0068512 14.6956 0
    endloop
  endfacet
  facet normal -0 0 -1
    outer loop
      vertex 0.0068512 14.6956 0
      vertex 0 1 0
      vertex 0 14.8 0
    endloop
  endfacet
  facet normal 0.997836 -0.0657457 0
    outer loop
      vertex 54.1914 0.869476 24.8
      vertex 54.2 1 24.05
      vertex 54.2 1 24.8
    endloop
  endfacet
  facet normal 0.997836 -0.0657457 0
    outer loop
      vertex 54.2 1 24.05
      vertex 54.1914 0.869476 24.8
      vertex 54.1914 0.869476 24.05
    endloop
  endfacet
  facet normal 0.997836 -0.0657457 0
    outer loop
      vertex 54.1914 0.869476 20.6
      vertex 54.2 1 0
      vertex 54.2 1 20.6
    endloop
  endfacet
  facet normal 0.997836 -0.0657457 0
    outer loop
      vertex 54.2 1 0
      vertex 54.1914 0.869476 20.6
      vertex 54.1914 0.869476 0
    endloop
  endfacet
  facet normal 0 0 1
    outer loop
      vertex 52.6 37.6 24.8
      vertex 54.2 38.2 24.8
      vertex 54.1914 38.3305 24.8
    endloop
  endfacet
  facet normal 0 0 1
    outer loop
      vertex 54.2 38.2 24.8
      vertex 52.6 37.6 24.8
      vertex 54.2 1 24.8
    endloop
  endfacet
  facet normal 0 0 1
    outer loop
      vertex 52.6 37.6 24.8
      vertex 54.1914 38.3305 24.8
      vertex 54.1659 38.4588 24.8
    endloop
  endfacet
  facet normal -0 0 1
    outer loop
      vertex 52.6 1.6 24.8
      vertex 54.2 1 24.8
      vertex 52.6 37.6 24.8
    endloop
  endfacet
  facet normal 0 0 1
    outer loop
      vertex 52.6 37.6 24.8
      vertex 54.1659 38.4588 24.8
      vertex 54.1239 38.5827 24.8
    endloop
  endfacet
  facet normal 0 0 1
    outer loop
      vertex 54.2 1 24.8
      vertex 52.6 1.6 24.8
      vertex 54.1914 0.869476 24.8
    endloop
  endfacet
  facet normal 0 0 1
    outer loop
      vertex 52.6 37.6 24.8
      vertex 54.1239 38.5827 24.8
      vertex 54.066 38.7 24.8
    endloop
  endfacet
  facet normal 0 0 1
    outer loop
      vertex 54.1914 0.869476 24.8
      vertex 52.6 1.6 24.8
      vertex 54.1659 0.74118 24.8
    endloop
  endfacet
  facet normal 0 0 1
    outer loop
      vertex 52.6 37.6 24.8
      vertex 54.066 38.7 24.8
      vertex 53.9933 38.8088 24.8
    endloop
  endfacet
  facet normal 0 0 1
    outer loop
      vertex 54.1659 0.74118 24.8
      vertex 52.6 1.6 24.8
      vertex 54.1239 0.61731 24.8
    endloop
  endfacet
  facet normal 0 0 1
    outer loop
      vertex 52.6 37.6 24.8
      vertex 53.9933 38.8088 24.8
      vertex 53.9071 38.9071 24.8
    endloop
  endfacet
  facet normal 0 0 1
    outer loop
      vertex 54.1239 0.61731 24.8
      vertex 52.6 1.6 24.8
      vertex 54.066 0.5 24.8
    endloop
  endfacet
  facet normal 0 0 1
    outer loop
      vertex 52.6 37.6 24.8
      vertex 53.9071 38.9071 24.8
      vertex 53.8088 38.9933 24.8
    endloop
  endfacet
  facet normal 0 0 1
    outer loop
      vertex 54.066 0.5 24.8
      vertex 52.6 1.6 24.8
      vertex 53.9933 0.391235 24.8
    endloop
  endfacet
  facet normal 0 0 1
    outer loop
      vertex 52.6 37.6 24.8
      vertex 53.8088 38.9933 24.8
      vertex 53.7 39.066 24.8
    endloop
  endfacet
  facet normal 0 0 1
    outer loop
      vertex 53.9933 0.391235 24.8
      vertex 52.6 1.6 24.8
      vertex 53.9071 0.292892 24.8
    endloop
  endfacet
  facet normal 0 0 1
    outer loop
      vertex 52.6 37.6 24.8
      vertex 53.7 39.066 24.8
      vertex 53.5827 39.1239 24.8
    endloop
  endfacet
  facet normal 0 0 1
    outer loop
      vertex 53.9071 0.292892 24.8
      vertex 52.6 1.6 24.8
      vertex 53.8088 0.20665 24.8
    endloop
  endfacet
  facet normal 0 0 1
    outer loop
      vertex 52.6 37.6 24.8
      vertex 53.5827 39.1239 24.8
      vertex 53.4588 39.1659 24.8
    endloop
  endfacet
  facet normal 0 0 1
    outer loop
      vertex 53.8088 0.20665 24.8
      vertex 52.6 1.6 24.8
      vertex 53.7 0.133972 24.8
    endloop
  endfacet
  facet normal 0 0 1
    outer loop
      vertex 52.6 37.6 24.8
      vertex 53.4588 39.1659 24.8
      vertex 53.3305 39.1914 24.8
    endloop
  endfacet
  facet normal 0 0 1
    outer loop
      vertex 53.7 0.133972 24.8
      vertex 52.6 1.6 24.8
      vertex 53.5827 0.0761261 24.8
    endloop
  endfacet
  facet normal 0 0 1
    outer loop
      vertex 52.6 37.6 24.8
      vertex 53.3305 39.1914 24.8
      vertex 53.2 39.2 24.8
    endloop
  endfacet
  facet normal 0 0 1
    outer loop
      vertex 53.5827 0.0761261 24.8
      vertex 52.6 1.6 24.8
      vertex 53.4588 0.0340729 24.8
    endloop
  endfacet
  facet normal 0 0 1
    outer loop
      vertex 53.4588 0.0340729 24.8
      vertex 52.6 1.6 24.8
      vertex 53.3305 0.00856018 24.8
    endloop
  endfacet
  facet normal 0 0 1
    outer loop
      vertex 53.2 39.2 24.8
      vertex 1.6 37.6 24.8
      vertex 52.6 37.6 24.8
    endloop
  endfacet
  facet normal -0 0 1
    outer loop
      vertex 0.869476 39.1914 24.8
      vertex 1.6 37.6 24.8
      vertex 1 39.2 24.8
    endloop
  endfacet
  facet normal -0 0 1
    outer loop
      vertex 1 39.2 24.8
      vertex 1.6 37.6 24.8
      vertex 53.2 39.2 24.8
    endloop
  endfacet
  facet normal 0 0 1
    outer loop
      vertex 53.3305 0.00856018 24.8
      vertex 52.6 1.6 24.8
      vertex 53.2 0 24.8
    endloop
  endfacet
  facet normal -0 0 1
    outer loop
      vertex 1.6 1.6 24.8
      vertex 53.2 0 24.8
      vertex 52.6 1.6 24.8
    endloop
  endfacet
  facet normal 0 0 1
    outer loop
      vertex 1.6 1.6 24.8
      vertex 1 0 24.8
      vertex 53.2 0 24.8
    endloop
  endfacet
  facet normal 0 0 1
    outer loop
      vertex 1.6 37.6 24.8
      vertex 0 38.2 24.8
      vertex 1.6 1.6 24.8
    endloop
  endfacet
  facet normal -0 0 1
    outer loop
      vertex 0.74118 39.1659 24.8
      vertex 1.6 37.6 24.8
      vertex 0.869476 39.1914 24.8
    endloop
  endfacet
  facet normal 0 0 1
    outer loop
      vertex 0 1 24.8
      vertex 1.6 1.6 24.8
      vertex 0 38.2 24.8
    endloop
  endfacet
  facet normal -0 0 1
    outer loop
      vertex 0.61731 39.1239 24.8
      vertex 1.6 37.6 24.8
      vertex 0.74118 39.1659 24.8
    endloop
  endfacet
  facet normal 0 -0 1
    outer loop
      vertex 0.00856018 0.869476 24.8
      vertex 1.6 1.6 24.8
      vertex 0 1 24.8
    endloop
  endfacet
  facet normal -0 0 1
    outer loop
      vertex 0.5 39.066 24.8
      vertex 1.6 37.6 24.8
      vertex 0.61731 39.1239 24.8
    endloop
  endfacet
  facet normal 0 0 1
    outer loop
      vertex 1.6 1.6 24.8
      vertex 0.869476 0.00856018 24.8
      vertex 1 0 24.8
    endloop
  endfacet
  facet normal -0 0 1
    outer loop
      vertex 0.391235 38.9933 24.8
      vertex 1.6 37.6 24.8
      vertex 0.5 39.066 24.8
    endloop
  endfacet
  facet normal 0 0 1
    outer loop
      vertex 1.6 1.6 24.8
      vertex 0.74118 0.0340729 24.8
      vertex 0.869476 0.00856018 24.8
    endloop
  endfacet
  facet normal -0 0 1
    outer loop
      vertex 0.292892 38.9071 24.8
      vertex 1.6 37.6 24.8
      vertex 0.391235 38.9933 24.8
    endloop
  endfacet
  facet normal 0 0 1
    outer loop
      vertex 1.6 1.6 24.8
      vertex 0.61731 0.0761261 24.8
      vertex 0.74118 0.0340729 24.8
    endloop
  endfacet
  facet normal -0 0 1
    outer loop
      vertex 0.20665 38.8088 24.8
      vertex 1.6 37.6 24.8
      vertex 0.292892 38.9071 24.8
    endloop
  endfacet
  facet normal 0 0 1
    outer loop
      vertex 1.6 1.6 24.8
      vertex 0.5 0.133972 24.8
      vertex 0.61731 0.0761261 24.8
    endloop
  endfacet
  facet normal -0 0 1
    outer loop
      vertex 0.133972 38.7 24.8
      vertex 1.6 37.6 24.8
      vertex 0.20665 38.8088 24.8
    endloop
  endfacet
  facet normal 0 0 1
    outer loop
      vertex 1.6 1.6 24.8
      vertex 0.391235 0.20665 24.8
      vertex 0.5 0.133972 24.8
    endloop
  endfacet
  facet normal -0 0 1
    outer loop
      vertex 0.0761261 38.5827 24.8
      vertex 1.6 37.6 24.8
      vertex 0.133972 38.7 24.8
    endloop
  endfacet
  facet normal 0 0 1
    outer loop
      vertex 1.6 1.6 24.8
      vertex 0.292892 0.292892 24.8
      vertex 0.391235 0.20665 24.8
    endloop
  endfacet
  facet normal -0 0 1
    outer loop
      vertex 0.0340729 38.4588 24.8
      vertex 1.6 37.6 24.8
      vertex 0.0761261 38.5827 24.8
    endloop
  endfacet
  facet normal 0 0 1
    outer loop
      vertex 1.6 1.6 24.8
      vertex 0.20665 0.391235 24.8
      vertex 0.292892 0.292892 24.8
    endloop
  endfacet
  facet normal -0 0 1
    outer loop
      vertex 0.00856018 38.3305 24.8
      vertex 1.6 37.6 24.8
      vertex 0.0340729 38.4588 24.8
    endloop
  endfacet
  facet normal 0 0 1
    outer loop
      vertex 1.6 1.6 24.8
      vertex 0.133972 0.5 24.8
      vertex 0.20665 0.391235 24.8
    endloop
  endfacet
  facet normal 0 0 1
    outer loop
      vertex 1.6 37.6 24.8
      vertex 0.00856018 38.3305 24.8
      vertex 0 38.2 24.8
    endloop
  endfacet
  facet normal 0 0 1
    outer loop
      vertex 1.6 1.6 24.8
      vertex 0.0761261 0.61731 24.8
      vertex 0.133972 0.5 24.8
    endloop
  endfacet
  facet normal 0 0 1
    outer loop
      vertex 1.6 1.6 24.8
      vertex 0.0340729 0.74118 24.8
      vertex 0.0761261 0.61731 24.8
    endloop
  endfacet
  facet normal 0 0 1
    outer loop
      vertex 1.6 1.6 24.8
      vertex 0.00856018 0.869476 24.8
      vertex 0.0340729 0.74118 24.8
    endloop
  endfacet
  facet normal 0.442288 -0.896873 0
    outer loop
      vertex 53.5827 0.0761261 0
      vertex 53.7 0.133972 24.8
      vertex 53.5827 0.0761261 24.8
    endloop
  endfacet
  facet normal 0.442288 -0.896873 0
    outer loop
      vertex 53.7 0.133972 24.8
      vertex 53.5827 0.0761261 0
      vertex 53.7 0.133972 0
    endloop
  endfacet
  facet normal 0.555465 -0.83154 0
    outer loop
      vertex 53.7 0.133972 0
      vertex 53.8088 0.20665 24.8
      vertex 53.7 0.133972 24.8
    endloop
  endfacet
  facet normal 0.555465 -0.83154 0
    outer loop
      vertex 53.8088 0.20665 24.8
      vertex 53.7 0.133972 0
      vertex 53.8088 0.20665 0
    endloop
  endfacet
  facet normal 0.321388 -0.946948 0
    outer loop
      vertex 53.6071 14.0273 -5.6
      vertex 53.7061 14.0609 0
      vertex 53.6071 14.0273 0
    endloop
  endfacet
  facet normal 0.321388 -0.946948 0
    outer loop
      vertex 53.7061 14.0609 0
      vertex 53.6071 14.0273 -5.6
      vertex 53.7061 14.0609 -5.6
    endloop
  endfacet
  facet normal 0.980837 -0.19483 0
    outer loop
      vertex 54.1727 14.5929 0
      vertex 54.1931 14.6956 -5.6
      vertex 54.1931 14.6956 0
    endloop
  endfacet
  facet normal 0.980837 -0.19483 0
    outer loop
      vertex 54.1931 14.6956 -5.6
      vertex 54.1727 14.5929 0
      vertex 54.1727 14.5929 -5.6
    endloop
  endfacet
  facet normal 0.321388 0.946948 -0
    outer loop
      vertex 53.7061 25.1391 -5.6
      vertex 53.6071 25.1727 0
      vertex 53.7061 25.1391 0
    endloop
  endfacet
  facet normal 0.321388 0.946948 0
    outer loop
      vertex 53.6071 25.1727 0
      vertex 53.7061 25.1391 -5.6
      vertex 53.6071 25.1727 -5.6
    endloop
  endfacet
  facet normal 0.896897 -0.44224 0
    outer loop
      vertex 54.0928 14.4 0
      vertex 54.1391 14.4939 -5.6
      vertex 54.1391 14.4939 0
    endloop
  endfacet
  facet normal 0.896897 -0.44224 0
    outer loop
      vertex 54.1391 14.4939 -5.6
      vertex 54.0928 14.4 0
      vertex 54.0928 14.4 -5.6
    endloop
  endfacet
  facet normal -0.946859 -0.321648 0
    outer loop
      vertex 0.0608978 14.4939 -5.6
      vertex 0.0272675 14.5929 0
      vertex 0.0272675 14.5929 -5.6
    endloop
  endfacet
  facet normal -0.946859 -0.321648 0
    outer loop
      vertex 0.0272675 14.5929 0
      vertex 0.0608978 14.4939 -5.6
      vertex 0.0608978 14.4939 0
    endloop
  endfacet
  facet normal 0.751925 0.659248 0
    outer loop
      vertex 54.0347 24.887 0
      vertex 53.9657 24.9657 -5.6
      vertex 53.9657 24.9657 0
    endloop
  endfacet
  facet normal 0.751925 0.659248 0
    outer loop
      vertex 53.9657 24.9657 -5.6
      vertex 54.0347 24.887 0
      vertex 54.0347 24.887 -5.6
    endloop
  endfacet
  facet normal 0.19483 -0.980837 0
    outer loop
      vertex 53.5044 14.0069 -5.6
      vertex 53.6071 14.0273 0
      vertex 53.5044 14.0069 0
    endloop
  endfacet
  facet normal 0.19483 -0.980837 0
    outer loop
      vertex 53.6071 14.0273 0
      vertex 53.5044 14.0069 -5.6
      vertex 53.6071 14.0273 -5.6
    endloop
  endfacet
  facet normal -0.321126 0.947036 0
    outer loop
      vertex 0.592941 25.1727 -5.6
      vertex 0.493851 25.1391 0
      vertex 0.592941 25.1727 0
    endloop
  endfacet
  facet normal -0.321126 0.947036 0
    outer loop
      vertex 0.493851 25.1391 0
      vertex 0.592941 25.1727 -5.6
      vertex 0.493851 25.1391 -5.6
    endloop
  endfacet
  facet normal -0.83145 -0.5556 0
    outer loop
      vertex 0.165314 14.313 -5.6
      vertex 0.107178 14.4 0
      vertex 0.107178 14.4 -5.6
    endloop
  endfacet
  facet normal -0.83145 -0.5556 0
    outer loop
      vertex 0.107178 14.4 0
      vertex 0.165314 14.313 -5.6
      vertex 0.165314 14.313 0
    endloop
  endfacet
  facet normal 0.0659481 -0.997823 0
    outer loop
      vertex 53.4 14 -5.6
      vertex 53.5044 14.0069 0
      vertex 53.4 14 0
    endloop
  endfacet
  facet normal 0.0659481 -0.997823 0
    outer loop
      vertex 53.5044 14.0069 0
      vertex 53.4 14 -5.6
      vertex 53.5044 14.0069 -5.6
    endloop
  endfacet
  facet normal 0.831609 -0.555362 0
    outer loop
      vertex 54.0347 14.313 0
      vertex 54.0928 14.4 -5.6
      vertex 54.0928 14.4 0
    endloop
  endfacet
  facet normal 0.831609 -0.555362 0
    outer loop
      vertex 54.0928 14.4 -5.6
      vertex 54.0347 14.313 0
      vertex 54.0347 14.313 -5.6
    endloop
  endfacet
  facet normal 0 -1 0
    outer loop
      vertex 0.800003 14 -5.6
      vertex 53.4 14 0
      vertex 0.800003 14 0
    endloop
  endfacet
  facet normal 0 -1 -0
    outer loop
      vertex 53.4 14 0
      vertex 0.800003 14 -5.6
      vertex 53.4 14 -5.6
    endloop
  endfacet
  facet normal 0 1 -0
    outer loop
      vertex 53.4 25.2 -5.6
      vertex 0.800003 25.2 0
      vertex 53.4 25.2 0
    endloop
  endfacet
  facet normal 0 1 0
    outer loop
      vertex 0.800003 25.2 0
      vertex 53.4 25.2 -5.6
      vertex 0.800003 25.2 -5.6
    endloop
  endfacet
  facet normal 0.659248 -0.751925 0
    outer loop
      vertex 53.887 14.1653 -5.6
      vertex 53.9657 14.2343 0
      vertex 53.887 14.1653 0
    endloop
  endfacet
  facet normal 0.659248 -0.751925 0
    outer loop
      vertex 53.9657 14.2343 0
      vertex 53.887 14.1653 -5.6
      vertex 53.9657 14.2343 -5.6
    endloop
  endfacet
  facet normal -0.44246 0.896788 0
    outer loop
      vertex 0.493851 25.1391 -5.6
      vertex 0.400009 25.0928 0
      vertex 0.493851 25.1391 0
    endloop
  endfacet
  facet normal -0.44246 0.896788 0
    outer loop
      vertex 0.400009 25.0928 0
      vertex 0.493851 25.1391 -5.6
      vertex 0.400009 25.0928 -5.6
    endloop
  endfacet
  facet normal -0.751925 -0.659248 0
    outer loop
      vertex 0.234314 14.2343 -5.6
      vertex 0.165314 14.313 0
      vertex 0.165314 14.313 -5.6
    endloop
  endfacet
  facet normal -0.751925 -0.659248 0
    outer loop
      vertex 0.165314 14.313 0
      vertex 0.234314 14.2343 -5.6
      vertex 0.234314 14.2343 0
    endloop
  endfacet
  facet normal 0.44224 0.896897 -0
    outer loop
      vertex 53.8 25.0928 -5.6
      vertex 53.7061 25.1391 0
      vertex 53.8 25.0928 0
    endloop
  endfacet
  facet normal 0.44224 0.896897 0
    outer loop
      vertex 53.7061 25.1391 0
      vertex 53.8 25.0928 -5.6
      vertex 53.7061 25.1391 -5.6
    endloop
  endfacet
  facet normal -0.896972 0.442088 0
    outer loop
      vertex 0.0608978 24.7061 -5.6
      vertex 0.107178 24.8 0
      vertex 0.107178 24.8 -5.6
    endloop
  endfacet
  facet normal -0.896972 0.442088 0
    outer loop
      vertex 0.107178 24.8 0
      vertex 0.0608978 24.7061 -5.6
      vertex 0.0608978 24.7061 0
    endloop
  endfacet
  facet normal -0.321126 -0.947036 0
    outer loop
      vertex 0.493851 14.0609 -5.6
      vertex 0.592941 14.0273 0
      vertex 0.493851 14.0609 0
    endloop
  endfacet
  facet normal -0.321126 -0.947036 -0
    outer loop
      vertex 0.592941 14.0273 0
      vertex 0.493851 14.0609 -5.6
      vertex 0.592941 14.0273 -5.6
    endloop
  endfacet
  facet normal -0.065938 0.997824 0
    outer loop
      vertex 0.800003 25.2 -5.6
      vertex 0.695587 25.1931 0
      vertex 0.800003 25.2 0
    endloop
  endfacet
  facet normal -0.065938 0.997824 0
    outer loop
      vertex 0.695587 25.1931 0
      vertex 0.800003 25.2 -5.6
      vertex 0.695587 25.1931 -5.6
    endloop
  endfacet
  facet normal -0.194929 0.980817 0
    outer loop
      vertex 0.695587 25.1931 -5.6
      vertex 0.592941 25.1727 0
      vertex 0.695587 25.1931 0
    endloop
  endfacet
  facet normal -0.194929 0.980817 0
    outer loop
      vertex 0.592941 25.1727 0
      vertex 0.695587 25.1931 -5.6
      vertex 0.592941 25.1727 -5.6
    endloop
  endfacet
  facet normal -0.83145 0.5556 0
    outer loop
      vertex 0.107178 24.8 -5.6
      vertex 0.165314 24.887 0
      vertex 0.165314 24.887 -5.6
    endloop
  endfacet
  facet normal -0.83145 0.5556 0
    outer loop
      vertex 0.165314 24.887 0
      vertex 0.107178 24.8 -5.6
      vertex 0.107178 24.8 0
    endloop
  endfacet
  facet normal -0.065938 -0.997824 0
    outer loop
      vertex 0.695587 14.0069 -5.6
      vertex 0.800003 14 0
      vertex 0.695587 14.0069 0
    endloop
  endfacet
  facet normal -0.065938 -0.997824 -0
    outer loop
      vertex 0.800003 14 0
      vertex 0.695587 14.0069 -5.6
      vertex 0.800003 14 -5.6
    endloop
  endfacet
  facet normal -0.194929 -0.980817 0
    outer loop
      vertex 0.592941 14.0273 -5.6
      vertex 0.695587 14.0069 0
      vertex 0.592941 14.0273 0
    endloop
  endfacet
  facet normal -0.194929 -0.980817 -0
    outer loop
      vertex 0.695587 14.0069 0
      vertex 0.592941 14.0273 -5.6
      vertex 0.695587 14.0069 -5.6
    endloop
  endfacet
  facet normal 0.997823 -0.0659481 0
    outer loop
      vertex 54.1931 14.6956 0
      vertex 54.2 14.8 -5.6
      vertex 54.2 14.8 0
    endloop
  endfacet
  facet normal 0.997823 -0.0659481 0
    outer loop
      vertex 54.2 14.8 -5.6
      vertex 54.1931 14.6956 0
      vertex 54.1931 14.6956 -5.6
    endloop
  endfacet
  facet normal -0.997854 -0.0654837 0
    outer loop
      vertex 0.0068512 14.6956 -5.6
      vertex 0 14.8 0
      vertex 0 14.8 -5.6
    endloop
  endfacet
  facet normal -0.997854 -0.0654837 0
    outer loop
      vertex 0 14.8 0
      vertex 0.0068512 14.6956 -5.6
      vertex 0.0068512 14.6956 0
    endloop
  endfacet
  facet normal 0 0 -1
    outer loop
      vertex 53.4 14 -5.6
      vertex 54.2 14.8 -5.6
      vertex 54.1931 14.6956 -5.6
    endloop
  endfacet
  facet normal 0 0 -1
    outer loop
      vertex 53.4 14 -5.6
      vertex 54.1931 14.6956 -5.6
      vertex 54.1727 14.5929 -5.6
    endloop
  endfacet
  facet normal 0 0 -1
    outer loop
      vertex 53.4 14 -5.6
      vertex 54.1727 14.5929 -5.6
      vertex 54.1391 14.4939 -5.6
    endloop
  endfacet
  facet normal 0 0 -1
    outer loop
      vertex 53.4 14 -5.6
      vertex 54.1391 14.4939 -5.6
      vertex 54.0928 14.4 -5.6
    endloop
  endfacet
  facet normal 0 0 -1
    outer loop
      vertex 53.4 14 -5.6
      vertex 54.0928 14.4 -5.6
      vertex 54.0347 14.313 -5.6
    endloop
  endfacet
  facet normal 0 0 -1
    outer loop
      vertex 53.4 14 -5.6
      vertex 54.0347 14.313 -5.6
      vertex 53.9657 14.2343 -5.6
    endloop
  endfacet
  facet normal 0 0 -1
    outer loop
      vertex 53.4 14 -5.6
      vertex 53.9657 14.2343 -5.6
      vertex 53.887 14.1653 -5.6
    endloop
  endfacet
  facet normal 0 0 -1
    outer loop
      vertex 53.4 14 -5.6
      vertex 53.887 14.1653 -5.6
      vertex 53.8 14.1072 -5.6
    endloop
  endfacet
  facet normal 0 0 -1
    outer loop
      vertex 53.4 14 -5.6
      vertex 53.8 14.1072 -5.6
      vertex 53.7061 14.0609 -5.6
    endloop
  endfacet
  facet normal 0 0 -1
    outer loop
      vertex 53.4 14 -5.6
      vertex 53.7061 14.0609 -5.6
      vertex 53.6071 14.0273 -5.6
    endloop
  endfacet
  facet normal 0 0 -1
    outer loop
      vertex 53.4 14 -5.6
      vertex 53.6071 14.0273 -5.6
      vertex 53.5044 14.0069 -5.6
    endloop
  endfacet
  facet normal -0 0 -1
    outer loop
      vertex 54.2 14.8 -5.6
      vertex 53.4 14 -5.6
      vertex 54.2 16.3 -5.6
    endloop
  endfacet
  facet normal 0 0 -1
    outer loop
      vertex 0.800003 14 -5.6
      vertex 54.2 16.3 -5.6
      vertex 53.4 14 -5.6
    endloop
  endfacet
  facet normal 0 0 -1
    outer loop
      vertex 0 14.8 -5.6
      vertex 0.800003 14 -5.6
      vertex 0.695587 14.0069 -5.6
    endloop
  endfacet
  facet normal 0 0 -1
    outer loop
      vertex 0 14.8 -5.6
      vertex 0.695587 14.0069 -5.6
      vertex 0.592941 14.0273 -5.6
    endloop
  endfacet
  facet normal 0 0 -1
    outer loop
      vertex 0 14.8 -5.6
      vertex 0.592941 14.0273 -5.6
      vertex 0.493851 14.0609 -5.6
    endloop
  endfacet
  facet normal 0 0 -1
    outer loop
      vertex 0 14.8 -5.6
      vertex 0.493851 14.0609 -5.6
      vertex 0.400009 14.1072 -5.6
    endloop
  endfacet
  facet normal 0 0 -1
    outer loop
      vertex 0 14.8 -5.6
      vertex 0.400009 14.1072 -5.6
      vertex 0.312988 14.1653 -5.6
    endloop
  endfacet
  facet normal 0 0 -1
    outer loop
      vertex 0 14.8 -5.6
      vertex 0.312988 14.1653 -5.6
      vertex 0.234314 14.2343 -5.6
    endloop
  endfacet
  facet normal 0 0 -1
    outer loop
      vertex 0 14.8 -5.6
      vertex 0.234314 14.2343 -5.6
      vertex 0.165314 14.313 -5.6
    endloop
  endfacet
  facet normal 0 0 -1
    outer loop
      vertex 0 14.8 -5.6
      vertex 0.165314 14.313 -5.6
      vertex 0.107178 14.4 -5.6
    endloop
  endfacet
  facet normal 0 0 -1
    outer loop
      vertex 0 14.8 -5.6
      vertex 0.107178 14.4 -5.6
      vertex 0.0608978 14.4939 -5.6
    endloop
  endfacet
  facet normal 0 0 -1
    outer loop
      vertex 0 14.8 -5.6
      vertex 0.0608978 14.4939 -5.6
      vertex 0.0272675 14.5929 -5.6
    endloop
  endfacet
  facet normal 0 0 -1
    outer loop
      vertex 0 14.8 -5.6
      vertex 0.0272675 14.5929 -5.6
      vertex 0.0068512 14.6956 -5.6
    endloop
  endfacet
  facet normal 0 0 -1
    outer loop
      vertex 0.800003 14 -5.6
      vertex 0 14.8 -5.6
      vertex 0 16.3 -5.6
    endloop
  endfacet
  facet normal 0 0 -1
    outer loop
      vertex 0.800003 14 -5.6
      vertex 0 16.3 -5.6
      vertex 54.2 16.3 -5.6
    endloop
  endfacet
  facet normal 0 0 -1
    outer loop
      vertex 53.4 25.2 -5.6
      vertex 54.2 24.4 -5.6
      vertex 54.2 22.9 -5.6
    endloop
  endfacet
  facet normal 0 0 -1
    outer loop
      vertex 54.2 24.4 -5.6
      vertex 53.4 25.2 -5.6
      vertex 54.1931 24.5044 -5.6
    endloop
  endfacet
  facet normal 0 0 -1
    outer loop
      vertex 54.1931 24.5044 -5.6
      vertex 53.4 25.2 -5.6
      vertex 54.1727 24.6071 -5.6
    endloop
  endfacet
  facet normal 0 0 -1
    outer loop
      vertex 54.1727 24.6071 -5.6
      vertex 53.4 25.2 -5.6
      vertex 54.1391 24.7061 -5.6
    endloop
  endfacet
  facet normal 0 0 -1
    outer loop
      vertex 54.1391 24.7061 -5.6
      vertex 53.4 25.2 -5.6
      vertex 54.0928 24.8 -5.6
    endloop
  endfacet
  facet normal 0 0 -1
    outer loop
      vertex 54.0928 24.8 -5.6
      vertex 53.4 25.2 -5.6
      vertex 54.0347 24.887 -5.6
    endloop
  endfacet
  facet normal 0 0 -1
    outer loop
      vertex 54.0347 24.887 -5.6
      vertex 53.4 25.2 -5.6
      vertex 53.9657 24.9657 -5.6
    endloop
  endfacet
  facet normal 0 0 -1
    outer loop
      vertex 53.9657 24.9657 -5.6
      vertex 53.4 25.2 -5.6
      vertex 53.887 25.0347 -5.6
    endloop
  endfacet
  facet normal 0 0 -1
    outer loop
      vertex 53.887 25.0347 -5.6
      vertex 53.4 25.2 -5.6
      vertex 53.8 25.0928 -5.6
    endloop
  endfacet
  facet normal 0 0 -1
    outer loop
      vertex 53.8 25.0928 -5.6
      vertex 53.4 25.2 -5.6
      vertex 53.7061 25.1391 -5.6
    endloop
  endfacet
  facet normal 0 0 -1
    outer loop
      vertex 53.7061 25.1391 -5.6
      vertex 53.4 25.2 -5.6
      vertex 53.6071 25.1727 -5.6
    endloop
  endfacet
  facet normal 0 0 -1
    outer loop
      vertex 53.6071 25.1727 -5.6
      vertex 53.4 25.2 -5.6
      vertex 53.5044 25.1931 -5.6
    endloop
  endfacet
  facet normal 0 0 -1
    outer loop
      vertex 54.2 22.9 -5.6
      vertex 0.800003 25.2 -5.6
      vertex 53.4 25.2 -5.6
    endloop
  endfacet
  facet normal 0 0 -1
    outer loop
      vertex 0 22.9 -5.6
      vertex 0.800003 25.2 -5.6
      vertex 54.2 22.9 -5.6
    endloop
  endfacet
  facet normal 0 0 -1
    outer loop
      vertex 0 24.4 -5.6
      vertex 0.800003 25.2 -5.6
      vertex 0 22.9 -5.6
    endloop
  endfacet
  facet normal 0 0 -1
    outer loop
      vertex 0.800003 25.2 -5.6
      vertex 0 24.4 -5.6
      vertex 0.695587 25.1931 -5.6
    endloop
  endfacet
  facet normal 0 0 -1
    outer loop
      vertex 0.695587 25.1931 -5.6
      vertex 0 24.4 -5.6
      vertex 0.592941 25.1727 -5.6
    endloop
  endfacet
  facet normal 0 0 -1
    outer loop
      vertex 0.592941 25.1727 -5.6
      vertex 0 24.4 -5.6
      vertex 0.493851 25.1391 -5.6
    endloop
  endfacet
  facet normal 0 0 -1
    outer loop
      vertex 0.493851 25.1391 -5.6
      vertex 0 24.4 -5.6
      vertex 0.400009 25.0928 -5.6
    endloop
  endfacet
  facet normal 0 0 -1
    outer loop
      vertex 0.400009 25.0928 -5.6
      vertex 0 24.4 -5.6
      vertex 0.312988 25.0347 -5.6
    endloop
  endfacet
  facet normal 0 0 -1
    outer loop
      vertex 0.312988 25.0347 -5.6
      vertex 0 24.4 -5.6
      vertex 0.234314 24.9657 -5.6
    endloop
  endfacet
  facet normal 0 0 -1
    outer loop
      vertex 0.234314 24.9657 -5.6
      vertex 0 24.4 -5.6
      vertex 0.165314 24.887 -5.6
    endloop
  endfacet
  facet normal 0 0 -1
    outer loop
      vertex 0.165314 24.887 -5.6
      vertex 0 24.4 -5.6
      vertex 0.107178 24.8 -5.6
    endloop
  endfacet
  facet normal 0 0 -1
    outer loop
      vertex 0.107178 24.8 -5.6
      vertex 0 24.4 -5.6
      vertex 0.0608978 24.7061 -5.6
    endloop
  endfacet
  facet normal 0 0 -1
    outer loop
      vertex 0.0608978 24.7061 -5.6
      vertex 0 24.4 -5.6
      vertex 0.0272675 24.6071 -5.6
    endloop
  endfacet
  facet normal 0 0 -1
    outer loop
      vertex 0.0272675 24.6071 -5.6
      vertex 0 24.4 -5.6
      vertex 0.0068512 24.5044 -5.6
    endloop
  endfacet
  facet normal 0.44224 -0.896897 0
    outer loop
      vertex 53.7061 14.0609 -5.6
      vertex 53.8 14.1072 0
      vertex 53.7061 14.0609 0
    endloop
  endfacet
  facet normal 0.44224 -0.896897 0
    outer loop
      vertex 53.8 14.1072 0
      vertex 53.7061 14.0609 -5.6
      vertex 53.8 14.1072 -5.6
    endloop
  endfacet
  facet normal 0.997823 0.0659481 0
    outer loop
      vertex 54.2 24.4 0
      vertex 54.1931 24.5044 -5.6
      vertex 54.1931 24.5044 0
    endloop
  endfacet
  facet normal 0.997823 0.0659481 0
    outer loop
      vertex 54.1931 24.5044 -5.6
      vertex 54.2 24.4 0
      vertex 54.2 24.4 -5.6
    endloop
  endfacet
  facet normal -0.997854 0.0654837 0
    outer loop
      vertex 0 24.4 -5.6
      vertex 0.0068512 24.5044 0
      vertex 0.0068512 24.5044 -5.6
    endloop
  endfacet
  facet normal -0.997854 0.0654837 0
    outer loop
      vertex 0.0068512 24.5044 0
      vertex 0 24.4 -5.6
      vertex 0 24.4 0
    endloop
  endfacet
  facet normal -0.946859 0.321648 0
    outer loop
      vertex 0.0272675 24.6071 -5.6
      vertex 0.0608978 24.7061 0
      vertex 0.0608978 24.7061 -5.6
    endloop
  endfacet
  facet normal -0.946859 0.321648 0
    outer loop
      vertex 0.0608978 24.7061 0
      vertex 0.0272675 24.6071 -5.6
      vertex 0.0272675 24.6071 0
    endloop
  endfacet
  facet normal 0.831609 0.555362 0
    outer loop
      vertex 54.0928 24.8 0
      vertex 54.0347 24.887 -5.6
      vertex 54.0347 24.887 0
    endloop
  endfacet
  facet normal 0.831609 0.555362 0
    outer loop
      vertex 54.0347 24.887 -5.6
      vertex 54.0928 24.8 0
      vertex 54.0928 24.8 -5.6
    endloop
  endfacet
  facet normal -0.659371 -0.751817 0
    outer loop
      vertex 0.234314 14.2343 -5.6
      vertex 0.312988 14.1653 0
      vertex 0.234314 14.2343 0
    endloop
  endfacet
  facet normal -0.659371 -0.751817 -0
    outer loop
      vertex 0.312988 14.1653 0
      vertex 0.234314 14.2343 -5.6
      vertex 0.312988 14.1653 -5.6
    endloop
  endfacet
  facet normal 0.19483 0.980837 -0
    outer loop
      vertex 53.6071 25.1727 -5.6
      vertex 53.5044 25.1931 0
      vertex 53.6071 25.1727 0
    endloop
  endfacet
  facet normal 0.19483 0.980837 0
    outer loop
      vertex 53.5044 25.1931 0
      vertex 53.6071 25.1727 -5.6
      vertex 53.5044 25.1931 -5.6
    endloop
  endfacet
  facet normal -0.555269 -0.831671 0
    outer loop
      vertex 0.312988 14.1653 -5.6
      vertex 0.400009 14.1072 0
      vertex 0.312988 14.1653 0
    endloop
  endfacet
  facet normal -0.555269 -0.831671 -0
    outer loop
      vertex 0.400009 14.1072 0
      vertex 0.312988 14.1653 -5.6
      vertex 0.400009 14.1072 -5.6
    endloop
  endfacet
  facet normal -0.980807 -0.19498 0
    outer loop
      vertex 0.0272675 14.5929 -5.6
      vertex 0.0068512 14.6956 0
      vertex 0.0068512 14.6956 -5.6
    endloop
  endfacet
  facet normal -0.980807 -0.19498 0
    outer loop
      vertex 0.0068512 14.6956 0
      vertex 0.0272675 14.5929 -5.6
      vertex 0.0272675 14.5929 0
    endloop
  endfacet
  facet normal 0.896897 0.44224 0
    outer loop
      vertex 54.1391 24.7061 0
      vertex 54.0928 24.8 -5.6
      vertex 54.0928 24.8 0
    endloop
  endfacet
  facet normal 0.896897 0.44224 0
    outer loop
      vertex 54.0928 24.8 -5.6
      vertex 54.1391 24.7061 0
      vertex 54.1391 24.7061 -5.6
    endloop
  endfacet
  facet normal 0.659248 0.751925 -0
    outer loop
      vertex 53.9657 24.9657 -5.6
      vertex 53.887 25.0347 0
      vertex 53.9657 24.9657 0
    endloop
  endfacet
  facet normal 0.659248 0.751925 0
    outer loop
      vertex 53.887 25.0347 0
      vertex 53.9657 24.9657 -5.6
      vertex 53.887 25.0347 -5.6
    endloop
  endfacet
  facet normal 0.0659481 0.997823 -0
    outer loop
      vertex 53.5044 25.1931 -5.6
      vertex 53.4 25.2 0
      vertex 53.5044 25.1931 0
    endloop
  endfacet
  facet normal 0.0659481 0.997823 0
    outer loop
      vertex 53.4 25.2 0
      vertex 53.5044 25.1931 -5.6
      vertex 53.4 25.2 -5.6
    endloop
  endfacet
  facet normal -0.44246 -0.896788 0
    outer loop
      vertex 0.400009 14.1072 -5.6
      vertex 0.493851 14.0609 0
      vertex 0.400009 14.1072 0
    endloop
  endfacet
  facet normal -0.44246 -0.896788 -0
    outer loop
      vertex 0.493851 14.0609 0
      vertex 0.400009 14.1072 -5.6
      vertex 0.493851 14.0609 -5.6
    endloop
  endfacet
  facet normal 0.555362 0.831609 -0
    outer loop
      vertex 53.887 25.0347 -5.6
      vertex 53.8 25.0928 0
      vertex 53.887 25.0347 0
    endloop
  endfacet
  facet normal 0.555362 0.831609 0
    outer loop
      vertex 53.8 25.0928 0
      vertex 53.887 25.0347 -5.6
      vertex 53.8 25.0928 -5.6
    endloop
  endfacet
  facet normal -0.751925 0.659248 0
    outer loop
      vertex 0.165314 24.887 -5.6
      vertex 0.234314 24.9657 0
      vertex 0.234314 24.9657 -5.6
    endloop
  endfacet
  facet normal -0.751925 0.659248 0
    outer loop
      vertex 0.234314 24.9657 0
      vertex 0.165314 24.887 -5.6
      vertex 0.165314 24.887 0
    endloop
  endfacet
  facet normal -0.980807 0.19498 0
    outer loop
      vertex 0.0068512 24.5044 -5.6
      vertex 0.0272675 24.6071 0
      vertex 0.0272675 24.6071 -5.6
    endloop
  endfacet
  facet normal -0.980807 0.19498 0
    outer loop
      vertex 0.0272675 24.6071 0
      vertex 0.0068512 24.5044 -5.6
      vertex 0.0068512 24.5044 0
    endloop
  endfacet
  facet normal -0.896972 -0.442088 0
    outer loop
      vertex 0.107178 14.4 -5.6
      vertex 0.0608978 14.4939 0
      vertex 0.0608978 14.4939 -5.6
    endloop
  endfacet
  facet normal -0.896972 -0.442088 0
    outer loop
      vertex 0.0608978 14.4939 0
      vertex 0.107178 14.4 -5.6
      vertex 0.107178 14.4 0
    endloop
  endfacet
  facet normal 0.751925 -0.659248 0
    outer loop
      vertex 53.9657 14.2343 0
      vertex 54.0347 14.313 -5.6
      vertex 54.0347 14.313 0
    endloop
  endfacet
  facet normal 0.751925 -0.659248 0
    outer loop
      vertex 54.0347 14.313 -5.6
      vertex 53.9657 14.2343 0
      vertex 53.9657 14.2343 -5.6
    endloop
  endfacet
  facet normal 0.946948 0.321388 0
    outer loop
      vertex 54.1727 24.6071 0
      vertex 54.1391 24.7061 -5.6
      vertex 54.1391 24.7061 0
    endloop
  endfacet
  facet normal 0.946948 0.321388 0
    outer loop
      vertex 54.1391 24.7061 -5.6
      vertex 54.1727 24.6071 0
      vertex 54.1727 24.6071 -5.6
    endloop
  endfacet
  facet normal 0.555362 -0.831609 0
    outer loop
      vertex 53.8 14.1072 -5.6
      vertex 53.887 14.1653 0
      vertex 53.8 14.1072 0
    endloop
  endfacet
  facet normal 0.555362 -0.831609 0
    outer loop
      vertex 53.887 14.1653 0
      vertex 53.8 14.1072 -5.6
      vertex 53.887 14.1653 -5.6
    endloop
  endfacet
  facet normal -0.659371 0.751817 0
    outer loop
      vertex 0.312988 25.0347 -5.6
      vertex 0.234314 24.9657 0
      vertex 0.312988 25.0347 0
    endloop
  endfacet
  facet normal -0.659371 0.751817 0
    outer loop
      vertex 0.234314 24.9657 0
      vertex 0.312988 25.0347 -5.6
      vertex 0.234314 24.9657 -5.6
    endloop
  endfacet
  facet normal -0.555269 0.831671 0
    outer loop
      vertex 0.400009 25.0928 -5.6
      vertex 0.312988 25.0347 0
      vertex 0.400009 25.0928 0
    endloop
  endfacet
  facet normal -0.555269 0.831671 0
    outer loop
      vertex 0.312988 25.0347 0
      vertex 0.400009 25.0928 -5.6
      vertex 0.312988 25.0347 -5.6
    endloop
  endfacet
  facet normal 0.946948 -0.321388 0
    outer loop
      vertex 54.1391 14.4939 0
      vertex 54.1727 14.5929 -5.6
      vertex 54.1727 14.5929 0
    endloop
  endfacet
  facet normal 0.946948 -0.321388 0
    outer loop
      vertex 54.1727 14.5929 -5.6
      vertex 54.1391 14.4939 0
      vertex 54.1391 14.4939 -5.6
    endloop
  endfacet
  facet normal 0.980837 0.19483 0
    outer loop
      vertex 54.1931 24.5044 0
      vertex 54.1727 24.6071 -5.6
      vertex 54.1727 24.6071 0
    endloop
  endfacet
  facet normal 0.980837 0.19483 0
    outer loop
      vertex 54.1727 24.6071 -5.6
      vertex 54.1931 24.5044 0
      vertex 54.1931 24.5044 -5.6
    endloop
  endfacet
  facet normal -1 0 0
    outer loop
      vertex 52.6 1.6 1.6
      vertex 52.6 37.6 20.6
      vertex 52.6 37.6 1.6
    endloop
  endfacet
  facet normal -1 -0 0
    outer loop
      vertex 52.6 37.6 20.6
      vertex 52.6 1.6 1.6
      vertex 52.6 1.6 20.6
    endloop
  endfacet
  facet normal -1 0 0
    outer loop
      vertex 52.6 1.6 24.05
      vertex 52.6 37.6 24.8
      vertex 52.6 37.6 24.05
    endloop
  endfacet
  facet normal -1 -0 0
    outer loop
      vertex 52.6 37.6 24.8
      vertex 52.6 1.6 24.05
      vertex 52.6 1.6 24.8
    endloop
  endfacet
  facet normal -0 0 1
    outer loop
      vertex 1.6 37.6 1.6
      vertex 52.6 1.6 1.6
      vertex 52.6 37.6 1.6
    endloop
  endfacet
  facet normal 0 0 1
    outer loop
      vertex 52.6 1.6 1.6
      vertex 1.6 37.6 1.6
      vertex 1.6 1.6 1.6
    endloop
  endfacet
  facet normal 1 -0 0
    outer loop
      vertex 1.6 0.599999 24.05
      vertex 1.6 1.6 20.6
      vertex 1.6 1.6 24.05
    endloop
  endfacet
  facet normal 1 0 0
    outer loop
      vertex 1.6 1.6 20.6
      vertex 1.6 0.599999 24.05
      vertex 1.6 0.599999 20.6
    endloop
  endfacet
  facet normal 1 0 0
    outer loop
      vertex 1.6 22.248 13.8716
      vertex 1.6 37.6 24.05
      vertex 1.6 37.6 24.8
    endloop
  endfacet
  facet normal 1 0 0
    outer loop
      vertex 1.6 37.6 24.05
      vertex 1.6 22.7667 13.5944
      vertex 1.6 37.6 20.6
    endloop
  endfacet
  facet normal 1 0 -0
    outer loop
      vertex 1.6 24.1 11.1
      vertex 1.6 37.6 20.6
      vertex 1.6 24.0424 11.6853
    endloop
  endfacet
  facet normal 1 0 0
    outer loop
      vertex 1.6 37.6 20.6
      vertex 1.6 24.1 11.1
      vertex 1.6 37.6 1.6
    endloop
  endfacet
  facet normal 1 0 0
    outer loop
      vertex 1.6 37.6 20.6
      vertex 1.6 23.8716 12.248
      vertex 1.6 24.0424 11.6853
    endloop
  endfacet
  facet normal 1 0 0
    outer loop
      vertex 1.6 37.6 20.6
      vertex 1.6 23.5944 12.7667
      vertex 1.6 23.8716 12.248
    endloop
  endfacet
  facet normal 1 0 0
    outer loop
      vertex 1.6 37.6 20.6
      vertex 1.6 23.2213 13.2213
      vertex 1.6 23.5944 12.7667
    endloop
  endfacet
  facet normal 1 0 0
    outer loop
      vertex 1.6 37.6 20.6
      vertex 1.6 22.7667 13.5944
      vertex 1.6 23.2213 13.2213
    endloop
  endfacet
  facet normal 1 0 0
    outer loop
      vertex 1.6 37.6 24.05
      vertex 1.6 22.248 13.8716
      vertex 1.6 22.7667 13.5944
    endloop
  endfacet
  facet normal 1 0 0
    outer loop
      vertex 1.6 37.6 24.8
      vertex 1.6 21.6853 14.0424
      vertex 1.6 22.248 13.8716
    endloop
  endfacet
  facet normal 1 0 0
    outer loop
      vertex 1.6 37.6 24.8
      vertex 1.6 21.1 14.1
      vertex 1.6 21.6853 14.0424
    endloop
  endfacet
  facet normal 1 0 0
    outer loop
      vertex 1.6 37.6 24.8
      vertex 1.6 18.1 14.1
      vertex 1.6 21.1 14.1
    endloop
  endfacet
  facet normal 1 -0 0
    outer loop
      vertex 1.6 1.6 24.8
      vertex 1.6 18.1 14.1
      vertex 1.6 37.6 24.8
    endloop
  endfacet
  facet normal 1 0 0
    outer loop
      vertex 1.6 18.1 14.1
      vertex 1.6 1.6 24.8
      vertex 1.6 17.5147 14.0424
    endloop
  endfacet
  facet normal 1 0 0
    outer loop
      vertex 1.6 15.6056 12.7667
      vertex 1.6 1.6 20.6
      vertex 1.6 15.3284 12.248
    endloop
  endfacet
  facet normal 1 0 0
    outer loop
      vertex 1.6 15.9787 13.2213
      vertex 1.6 1.6 20.6
      vertex 1.6 15.6056 12.7667
    endloop
  endfacet
  facet normal 1 0 0
    outer loop
      vertex 1.6 16.4333 13.5944
      vertex 1.6 1.6 20.6
      vertex 1.6 15.9787 13.2213
    endloop
  endfacet
  facet normal 1 -0 0
    outer loop
      vertex 1.6 1.6 20.6
      vertex 1.6 16.4333 13.5944
      vertex 1.6 1.6 24.05
    endloop
  endfacet
  facet normal 1 0 0
    outer loop
      vertex 1.6 16.952 13.8716
      vertex 1.6 1.6 24.05
      vertex 1.6 16.4333 13.5944
    endloop
  endfacet
  facet normal 1 -0 0
    outer loop
      vertex 1.6 1.6 24.05
      vertex 1.6 16.952 13.8716
      vertex 1.6 1.6 24.8
    endloop
  endfacet
  facet normal 1 0 0
    outer loop
      vertex 1.6 17.5147 14.0424
      vertex 1.6 1.6 24.8
      vertex 1.6 16.952 13.8716
    endloop
  endfacet
  facet normal 1 -0 0
    outer loop
      vertex 1.6 37.6 24.05
      vertex 1.6 38.6 20.6
      vertex 1.6 38.6 24.05
    endloop
  endfacet
  facet normal 1 0 0
    outer loop
      vertex 1.6 38.6 20.6
      vertex 1.6 37.6 24.05
      vertex 1.6 37.6 20.6
    endloop
  endfacet
  facet normal 1 -0 0
    outer loop
      vertex 1.6 24.0424 10.5147
      vertex 1.6 37.6 1.6
      vertex 1.6 24.1 11.1
    endloop
  endfacet
  facet normal 1 -0 0
    outer loop
      vertex 1.6 23.8716 9.95195
      vertex 1.6 37.6 1.6
      vertex 1.6 24.0424 10.5147
    endloop
  endfacet
  facet normal 1 -0 0
    outer loop
      vertex 1.6 23.5944 9.43329
      vertex 1.6 37.6 1.6
      vertex 1.6 23.8716 9.95195
    endloop
  endfacet
  facet normal 1 -0 0
    outer loop
      vertex 1.6 23.2213 8.97868
      vertex 1.6 37.6 1.6
      vertex 1.6 23.5944 9.43329
    endloop
  endfacet
  facet normal 1 -0 0
    outer loop
      vertex 1.6 22.7667 8.60559
      vertex 1.6 37.6 1.6
      vertex 1.6 23.2213 8.97868
    endloop
  endfacet
  facet normal 1 -0 0
    outer loop
      vertex 1.6 22.248 8.32836
      vertex 1.6 37.6 1.6
      vertex 1.6 22.7667 8.60559
    endloop
  endfacet
  facet normal 1 -0 0
    outer loop
      vertex 1.6 21.6853 8.15764
      vertex 1.6 37.6 1.6
      vertex 1.6 22.248 8.32836
    endloop
  endfacet
  facet normal 1 -0 0
    outer loop
      vertex 1.6 21.1 8.1
      vertex 1.6 37.6 1.6
      vertex 1.6 21.6853 8.15764
    endloop
  endfacet
  facet normal 1 -0 0
    outer loop
      vertex 1.6 18.1 8.1
      vertex 1.6 37.6 1.6
      vertex 1.6 21.1 8.1
    endloop
  endfacet
  facet normal 1 0 0
    outer loop
      vertex 1.6 1.6 1.6
      vertex 1.6 18.1 8.1
      vertex 1.6 17.5147 8.15764
    endloop
  endfacet
  facet normal 1 0 0
    outer loop
      vertex 1.6 1.6 1.6
      vertex 1.6 17.5147 8.15764
      vertex 1.6 16.952 8.32836
    endloop
  endfacet
  facet normal 1 0 0
    outer loop
      vertex 1.6 15.3284 12.248
      vertex 1.6 1.6 20.6
      vertex 1.6 15.1576 11.6853
    endloop
  endfacet
  facet normal 1 0 0
    outer loop
      vertex 1.6 15.1576 11.6853
      vertex 1.6 1.6 20.6
      vertex 1.6 15.1 11.1
    endloop
  endfacet
  facet normal 1 0 0
    outer loop
      vertex 1.6 1.6 1.6
      vertex 1.6 15.1 11.1
      vertex 1.6 1.6 20.6
    endloop
  endfacet
  facet normal 1 0 0
    outer loop
      vertex 1.6 15.1 11.1
      vertex 1.6 1.6 1.6
      vertex 1.6 15.1576 10.5147
    endloop
  endfacet
  facet normal 1 0 0
    outer loop
      vertex 1.6 15.1576 10.5147
      vertex 1.6 1.6 1.6
      vertex 1.6 15.3284 9.95195
    endloop
  endfacet
  facet normal 1 0 0
    outer loop
      vertex 1.6 15.3284 9.95195
      vertex 1.6 1.6 1.6
      vertex 1.6 15.6056 9.43329
    endloop
  endfacet
  facet normal 1 0 0
    outer loop
      vertex 1.6 15.6056 9.43329
      vertex 1.6 1.6 1.6
      vertex 1.6 15.9787 8.97868
    endloop
  endfacet
  facet normal 1 0 0
    outer loop
      vertex 1.6 18.1 8.1
      vertex 1.6 1.6 1.6
      vertex 1.6 37.6 1.6
    endloop
  endfacet
  facet normal 1 0 0
    outer loop
      vertex 1.6 16.4333 8.60559
      vertex 1.6 1.6 1.6
      vertex 1.6 16.952 8.32836
    endloop
  endfacet
  facet normal 1 0 0
    outer loop
      vertex 1.6 15.9787 8.97868
      vertex 1.6 1.6 1.6
      vertex 1.6 16.4333 8.60559
    endloop
  endfacet
  facet normal 0 0 -1
    outer loop
      vertex 52.6 1.6 24.05
      vertex 54.2 1 24.05
      vertex 54.1914 0.869476 24.05
    endloop
  endfacet
  facet normal 0 0 -1
    outer loop
      vertex 54.2 1 24.05
      vertex 52.6 1.6 24.05
      vertex 54.2 38.2 24.05
    endloop
  endfacet
  facet normal 0 0 -1
    outer loop
      vertex 52.6 1.6 24.05
      vertex 54.1914 0.869476 24.05
      vertex 54.1659 0.74118 24.05
    endloop
  endfacet
  facet normal 0 0 -1
    outer loop
      vertex 52.6 37.6 24.05
      vertex 54.2 38.2 24.05
      vertex 52.6 1.6 24.05
    endloop
  endfacet
  facet normal 0 0 -1
    outer loop
      vertex 54.1153 0.599999 24.05
      vertex 54.1659 0.74118 24.05
      vertex 54.1239 0.61731 24.05
    endloop
  endfacet
  facet normal -0 0 -1
    outer loop
      vertex 54.2 38.2 24.05
      vertex 52.6 37.6 24.05
      vertex 54.1914 38.3305 24.05
    endloop
  endfacet
  facet normal -0 0 -1
    outer loop
      vertex 54.1659 0.74118 24.05
      vertex 54.1153 0.599999 24.05
      vertex 52.6 1.6 24.05
    endloop
  endfacet
  facet normal -0 0 -1
    outer loop
      vertex 54.1914 38.3305 24.05
      vertex 52.6 37.6 24.05
      vertex 54.1659 38.4588 24.05
    endloop
  endfacet
  facet normal 0 -0 -1
    outer loop
      vertex 54.1153 38.6 24.05
      vertex 54.1659 38.4588 24.05
      vertex 52.6 37.6 24.05
    endloop
  endfacet
  facet normal 0 0 -1
    outer loop
      vertex 1.6 0.599999 24.05
      vertex 52.6 1.6 24.05
      vertex 54.1153 0.599999 24.05
    endloop
  endfacet
  facet normal -0 0 -1
    outer loop
      vertex 52.6 1.6 24.05
      vertex 1.6 0.599999 24.05
      vertex 1.6 1.6 24.05
    endloop
  endfacet
  facet normal 0 0 -1
    outer loop
      vertex 54.1659 38.4588 24.05
      vertex 54.1153 38.6 24.05
      vertex 54.1239 38.5827 24.05
    endloop
  endfacet
  facet normal 0 0 -1
    outer loop
      vertex 1.6 38.6 24.05
      vertex 52.6 37.6 24.05
      vertex 1.6 37.6 24.05
    endloop
  endfacet
  facet normal 0 0 -1
    outer loop
      vertex 52.6 37.6 24.05
      vertex 1.6 38.6 24.05
      vertex 54.1153 38.6 24.05
    endloop
  endfacet
  facet normal -0 0 1
    outer loop
      vertex 1.6 1.6 20.6
      vertex 46.85 0.599999 20.6
      vertex 46.85 1.6 20.6
    endloop
  endfacet
  facet normal 0 0 1
    outer loop
      vertex 46.85 0.599999 20.6
      vertex 1.6 1.6 20.6
      vertex 1.6 0.599999 20.6
    endloop
  endfacet
  facet normal 0 0 1
    outer loop
      vertex 52.6 37.6 20.6
      vertex 54.2 38.2 20.6
      vertex 54.1914 38.3305 20.6
    endloop
  endfacet
  facet normal 0 0 1
    outer loop
      vertex 54.2 38.2 20.6
      vertex 52.6 37.6 20.6
      vertex 54.2 1 20.6
    endloop
  endfacet
  facet normal 0 0 1
    outer loop
      vertex 52.6 37.6 20.6
      vertex 54.1914 38.3305 20.6
      vertex 54.1659 38.4588 20.6
    endloop
  endfacet
  facet normal -0 0 1
    outer loop
      vertex 52.6 1.6 20.6
      vertex 54.2 1 20.6
      vertex 52.6 37.6 20.6
    endloop
  endfacet
  facet normal 0 0 1
    outer loop
      vertex 54.1153 38.6 20.6
      vertex 54.1659 38.4588 20.6
      vertex 54.1239 38.5827 20.6
    endloop
  endfacet
  facet normal 0 0 1
    outer loop
      vertex 54.2 1 20.6
      vertex 52.6 1.6 20.6
      vertex 54.1914 0.869476 20.6
    endloop
  endfacet
  facet normal 0 0 1
    outer loop
      vertex 54.1659 38.4588 20.6
      vertex 54.1153 38.6 20.6
      vertex 52.6 37.6 20.6
    endloop
  endfacet
  facet normal 0 0 1
    outer loop
      vertex 54.1914 0.869476 20.6
      vertex 52.6 1.6 20.6
      vertex 54.1659 0.74118 20.6
    endloop
  endfacet
  facet normal 0 -0 1
    outer loop
      vertex 54.1153 0.599999 20.6
      vertex 54.1659 0.74118 20.6
      vertex 52.6 1.6 20.6
    endloop
  endfacet
  facet normal -0 0 1
    outer loop
      vertex 47.55 38.6 20.6
      vertex 52.6 37.6 20.6
      vertex 54.1153 38.6 20.6
    endloop
  endfacet
  facet normal 0 0 1
    outer loop
      vertex 52.6 37.6 20.6
      vertex 47.55 38.6 20.6
      vertex 47.55 37.6 20.6
    endloop
  endfacet
  facet normal 0 0 1
    outer loop
      vertex 54.1659 0.74118 20.6
      vertex 54.1153 0.599999 20.6
      vertex 54.1239 0.61731 20.6
    endloop
  endfacet
  facet normal 0 0 1
    outer loop
      vertex 47.55 0.599999 20.6
      vertex 52.6 1.6 20.6
      vertex 47.55 1.6 20.6
    endloop
  endfacet
  facet normal 0 0 1
    outer loop
      vertex 52.6 1.6 20.6
      vertex 47.55 0.599999 20.6
      vertex 54.1153 0.599999 20.6
    endloop
  endfacet
  facet normal -0 0 1
    outer loop
      vertex 1.6 38.6 20.6
      vertex 46.85 37.6 20.6
      vertex 46.85 38.6 20.6
    endloop
  endfacet
  facet normal 0 0 1
    outer loop
      vertex 46.85 37.6 20.6
      vertex 1.6 38.6 20.6
      vertex 1.6 37.6 20.6
    endloop
  endfacet
  facet normal 0 -0.95448 0.298276
    outer loop
      vertex 0 22.9 -5.6
      vertex 54.2 24.4 -0.800012
      vertex 0 24.4 -0.800012
    endloop
  endfacet
  facet normal 0 -0.95448 0.298276
    outer loop
      vertex 54.2 24.4 -0.800012
      vertex 0 22.9 -5.6
      vertex 54.2 22.9 -5.6
    endloop
  endfacet
  facet normal 0 0 -1
    outer loop
      vertex 0 14.8 -0.800012
      vertex 54.2 24.4 -0.800012
      vertex 54.2 14.8 -0.800012
    endloop
  endfacet
  facet normal -0 0 -1
    outer loop
      vertex 54.2 24.4 -0.800012
      vertex 0 14.8 -0.800012
      vertex 0 24.4 -0.800012
    endloop
  endfacet
  facet normal 0 0.95448 0.298276
    outer loop
      vertex 54.2 16.3 -5.6
      vertex 0 14.8 -0.800012
      vertex 54.2 14.8 -0.800012
    endloop
  endfacet
  facet normal 0 0.95448 0.298276
    outer loop
      vertex 0 14.8 -0.800012
      vertex 54.2 16.3 -5.6
      vertex 0 16.3 -5.6
    endloop
  endfacet
  facet normal 0 0.995193 0.097938
    outer loop
      vertex 1.6 15.1576 10.5147
      vertex 0 15.1 11.1
      vertex 1.6 15.1 11.1
    endloop
  endfacet
  facet normal 0 0.995193 0.097938
    outer loop
      vertex 0 15.1 11.1
      vertex 1.6 15.1576 10.5147
      vertex 0 15.1576 10.5147
    endloop
  endfacet
  facet normal 0 -0.634413 -0.772994
    outer loop
      vertex 0 22.7667 13.5944
      vertex 1.6 23.2213 13.2213
      vertex 1.6 22.7667 13.5944
    endloop
  endfacet
  facet normal -0 -0.634413 -0.772994
    outer loop
      vertex 1.6 23.2213 13.2213
      vertex 0 22.7667 13.5944
      vertex 0 23.2213 13.2213
    endloop
  endfacet
  facet normal 0 0.881942 0.471358
    outer loop
      vertex 1.6 15.6056 9.43329
      vertex 0 15.3284 9.95195
      vertex 1.6 15.3284 9.95195
    endloop
  endfacet
  facet normal 0 0.881942 0.471358
    outer loop
      vertex 0 15.3284 9.95195
      vertex 1.6 15.6056 9.43329
      vertex 0 15.6056 9.43329
    endloop
  endfacet
  facet normal 0 -0.772994 -0.634413
    outer loop
      vertex 0 23.5944 12.7667
      vertex 1.6 23.2213 13.2213
      vertex 0 23.2213 13.2213
    endloop
  endfacet
  facet normal 0 -0.772994 -0.634413
    outer loop
      vertex 1.6 23.2213 13.2213
      vertex 0 23.5944 12.7667
      vertex 1.6 23.5944 12.7667
    endloop
  endfacet
  facet normal 0 -0.290451 -0.95689
    outer loop
      vertex 0 21.6853 14.0424
      vertex 1.6 22.248 13.8716
      vertex 1.6 21.6853 14.0424
    endloop
  endfacet
  facet normal -0 -0.290451 -0.95689
    outer loop
      vertex 1.6 22.248 13.8716
      vertex 0 21.6853 14.0424
      vertex 0 22.248 13.8716
    endloop
  endfacet
  facet normal 0 0 -1
    outer loop
      vertex 0 18.1 14.1
      vertex 1.6 21.1 14.1
      vertex 1.6 18.1 14.1
    endloop
  endfacet
  facet normal -0 0 -1
    outer loop
      vertex 1.6 21.1 14.1
      vertex 0 18.1 14.1
      vertex 0 21.1 14.1
    endloop
  endfacet
  facet normal 0 0.995193 -0.097938
    outer loop
      vertex 1.6 15.1 11.1
      vertex 0 15.1576 11.6853
      vertex 1.6 15.1576 11.6853
    endloop
  endfacet
  facet normal 0 0.995193 -0.097938
    outer loop
      vertex 0 15.1576 11.6853
      vertex 1.6 15.1 11.1
      vertex 0 15.1 11.1
    endloop
  endfacet
  facet normal 0 -0.290326 0.956928
    outer loop
      vertex 0 22.248 8.32836
      vertex 1.6 21.6853 8.15764
      vertex 1.6 22.248 8.32836
    endloop
  endfacet
  facet normal 0 -0.290326 0.956928
    outer loop
      vertex 1.6 21.6853 8.15764
      vertex 0 22.248 8.32836
      vertex 0 21.6853 8.15764
    endloop
  endfacet
  facet normal 0 0.773001 0.634405
    outer loop
      vertex 1.6 15.9787 8.97868
      vertex 0 15.6056 9.43329
      vertex 1.6 15.6056 9.43329
    endloop
  endfacet
  facet normal 0 0.773001 0.634405
    outer loop
      vertex 0 15.6056 9.43329
      vertex 1.6 15.9787 8.97868
      vertex 0 15.9787 8.97868
    endloop
  endfacet
  facet normal 0 0.956897 0.290427
    outer loop
      vertex 1.6 15.3284 9.95195
      vertex 0 15.1576 10.5147
      vertex 1.6 15.1576 10.5147
    endloop
  endfacet
  facet normal 0 0.956897 0.290427
    outer loop
      vertex 0 15.1576 10.5147
      vertex 1.6 15.3284 9.95195
      vertex 0 15.3284 9.95195
    endloop
  endfacet
  facet normal 0 -0.471329 -0.881957
    outer loop
      vertex 0 22.248 13.8716
      vertex 1.6 22.7667 13.5944
      vertex 1.6 22.248 13.8716
    endloop
  endfacet
  facet normal -0 -0.471329 -0.881957
    outer loop
      vertex 1.6 22.7667 13.5944
      vertex 0 22.248 13.8716
      vertex 0 22.7667 13.5944
    endloop
  endfacet
  facet normal 0 -0.881942 0.471358
    outer loop
      vertex 0 23.5944 9.43329
      vertex 1.6 23.8716 9.95195
      vertex 0 23.8716 9.95195
    endloop
  endfacet
  facet normal 0 -0.881942 0.471358
    outer loop
      vertex 1.6 23.8716 9.95195
      vertex 0 23.5944 9.43329
      vertex 1.6 23.5944 9.43329
    endloop
  endfacet
  facet normal 0 -0.634403 0.773003
    outer loop
      vertex 0 23.2213 8.97868
      vertex 1.6 22.7667 8.60559
      vertex 1.6 23.2213 8.97868
    endloop
  endfacet
  facet normal 0 -0.634403 0.773003
    outer loop
      vertex 1.6 22.7667 8.60559
      vertex 0 23.2213 8.97868
      vertex 0 22.7667 8.60559
    endloop
  endfacet
  facet normal 0 0.95689 -0.290451
    outer loop
      vertex 1.6 15.1576 11.6853
      vertex 0 15.3284 12.248
      vertex 1.6 15.3284 12.248
    endloop
  endfacet
  facet normal 0 0.95689 -0.290451
    outer loop
      vertex 0 15.3284 12.248
      vertex 1.6 15.1576 11.6853
      vertex 0 15.1576 11.6853
    endloop
  endfacet
  facet normal 0 -0.995193 -0.097938
    outer loop
      vertex 0 24.1 11.1
      vertex 1.6 24.0424 11.6853
      vertex 0 24.0424 11.6853
    endloop
  endfacet
  facet normal 0 -0.995193 -0.097938
    outer loop
      vertex 1.6 24.0424 11.6853
      vertex 0 24.1 11.1
      vertex 1.6 24.1 11.1
    endloop
  endfacet
  facet normal 0 -0.881957 -0.471329
    outer loop
      vertex 0 23.8716 12.248
      vertex 1.6 23.5944 12.7667
      vertex 0 23.5944 12.7667
    endloop
  endfacet
  facet normal 0 -0.881957 -0.471329
    outer loop
      vertex 1.6 23.5944 12.7667
      vertex 0 23.8716 12.248
      vertex 1.6 23.8716 12.248
    endloop
  endfacet
  facet normal 0 -0.773001 0.634405
    outer loop
      vertex 0 23.2213 8.97868
      vertex 1.6 23.5944 9.43329
      vertex 0 23.5944 9.43329
    endloop
  endfacet
  facet normal 0 -0.773001 0.634405
    outer loop
      vertex 1.6 23.5944 9.43329
      vertex 0 23.2213 8.97868
      vertex 1.6 23.2213 8.97868
    endloop
  endfacet
  facet normal -0 0.0980053 0.995186
    outer loop
      vertex 0 18.1 8.1
      vertex 1.6 17.5147 8.15764
      vertex 1.6 18.1 8.1
    endloop
  endfacet
  facet normal 0 0.0980053 0.995186
    outer loop
      vertex 1.6 17.5147 8.15764
      vertex 0 18.1 8.1
      vertex 0 17.5147 8.15764
    endloop
  endfacet
  facet normal 0 0.290451 -0.95689
    outer loop
      vertex 0 16.952 13.8716
      vertex 1.6 17.5147 14.0424
      vertex 1.6 16.952 13.8716
    endloop
  endfacet
  facet normal 0 0.290451 -0.95689
    outer loop
      vertex 1.6 17.5147 14.0424
      vertex 0 16.952 13.8716
      vertex 0 17.5147 14.0424
    endloop
  endfacet
  facet normal 0 0.097938 -0.995193
    outer loop
      vertex 0 17.5147 14.0424
      vertex 1.6 18.1 14.1
      vertex 1.6 17.5147 14.0424
    endloop
  endfacet
  facet normal 0 0.097938 -0.995193
    outer loop
      vertex 1.6 18.1 14.1
      vertex 0 17.5147 14.0424
      vertex 0 18.1 14.1
    endloop
  endfacet
  facet normal 0 -0.0980053 0.995186
    outer loop
      vertex 0 21.6853 8.15764
      vertex 1.6 21.1 8.1
      vertex 1.6 21.6853 8.15764
    endloop
  endfacet
  facet normal 0 -0.0980053 0.995186
    outer loop
      vertex 1.6 21.1 8.1
      vertex 0 21.6853 8.15764
      vertex 0 21.1 8.1
    endloop
  endfacet
  facet normal 0 -0.097938 -0.995193
    outer loop
      vertex 0 21.1 14.1
      vertex 1.6 21.6853 14.0424
      vertex 1.6 21.1 14.1
    endloop
  endfacet
  facet normal -0 -0.097938 -0.995193
    outer loop
      vertex 1.6 21.6853 14.0424
      vertex 0 21.1 14.1
      vertex 0 21.6853 14.0424
    endloop
  endfacet
  facet normal 0 -0.471369 0.881936
    outer loop
      vertex 0 22.7667 8.60559
      vertex 1.6 22.248 8.32836
      vertex 1.6 22.7667 8.60559
    endloop
  endfacet
  facet normal 0 -0.471369 0.881936
    outer loop
      vertex 1.6 22.248 8.32836
      vertex 0 22.7667 8.60559
      vertex 0 22.248 8.32836
    endloop
  endfacet
  facet normal -0 0.634403 0.773003
    outer loop
      vertex 0 16.4333 8.60559
      vertex 1.6 15.9787 8.97868
      vertex 1.6 16.4333 8.60559
    endloop
  endfacet
  facet normal 0 0.634403 0.773003
    outer loop
      vertex 1.6 15.9787 8.97868
      vertex 0 16.4333 8.60559
      vertex 0 15.9787 8.97868
    endloop
  endfacet
  facet normal -0 0 1
    outer loop
      vertex 0 21.1 8.1
      vertex 1.6 18.1 8.1
      vertex 1.6 21.1 8.1
    endloop
  endfacet
  facet normal 0 0 1
    outer loop
      vertex 1.6 18.1 8.1
      vertex 0 21.1 8.1
      vertex 0 18.1 8.1
    endloop
  endfacet
  facet normal 0 0.881957 -0.471329
    outer loop
      vertex 1.6 15.3284 12.248
      vertex 0 15.6056 12.7667
      vertex 1.6 15.6056 12.7667
    endloop
  endfacet
  facet normal 0 0.881957 -0.471329
    outer loop
      vertex 0 15.6056 12.7667
      vertex 1.6 15.3284 12.248
      vertex 0 15.3284 12.248
    endloop
  endfacet
  facet normal 0 -0.95689 -0.290451
    outer loop
      vertex 0 24.0424 11.6853
      vertex 1.6 23.8716 12.248
      vertex 0 23.8716 12.248
    endloop
  endfacet
  facet normal 0 -0.95689 -0.290451
    outer loop
      vertex 1.6 23.8716 12.248
      vertex 0 24.0424 11.6853
      vertex 1.6 24.0424 11.6853
    endloop
  endfacet
  facet normal 0 -0.995193 0.097938
    outer loop
      vertex 0 24.0424 10.5147
      vertex 1.6 24.1 11.1
      vertex 0 24.1 11.1
    endloop
  endfacet
  facet normal 0 -0.995193 0.097938
    outer loop
      vertex 1.6 24.1 11.1
      vertex 0 24.0424 10.5147
      vertex 1.6 24.0424 10.5147
    endloop
  endfacet
  facet normal 0 0.634413 -0.772994
    outer loop
      vertex 0 15.9787 13.2213
      vertex 1.6 16.4333 13.5944
      vertex 1.6 15.9787 13.2213
    endloop
  endfacet
  facet normal 0 0.634413 -0.772994
    outer loop
      vertex 1.6 16.4333 13.5944
      vertex 0 15.9787 13.2213
      vertex 0 16.4333 13.5944
    endloop
  endfacet
  facet normal 0 0.772994 -0.634413
    outer loop
      vertex 1.6 15.6056 12.7667
      vertex 0 15.9787 13.2213
      vertex 1.6 15.9787 13.2213
    endloop
  endfacet
  facet normal 0 0.772994 -0.634413
    outer loop
      vertex 0 15.9787 13.2213
      vertex 1.6 15.6056 12.7667
      vertex 0 15.6056 12.7667
    endloop
  endfacet
  facet normal -0 0.290326 0.956928
    outer loop
      vertex 0 17.5147 8.15764
      vertex 1.6 16.952 8.32836
      vertex 1.6 17.5147 8.15764
    endloop
  endfacet
  facet normal 0 0.290326 0.956928
    outer loop
      vertex 1.6 16.952 8.32836
      vertex 0 17.5147 8.15764
      vertex 0 16.952 8.32836
    endloop
  endfacet
  facet normal -0 0.471369 0.881936
    outer loop
      vertex 0 16.952 8.32836
      vertex 1.6 16.4333 8.60559
      vertex 1.6 16.952 8.32836
    endloop
  endfacet
  facet normal 0 0.471369 0.881936
    outer loop
      vertex 1.6 16.4333 8.60559
      vertex 0 16.952 8.32836
      vertex 0 16.4333 8.60559
    endloop
  endfacet
  facet normal 0 0.471329 -0.881957
    outer loop
      vertex 0 16.4333 13.5944
      vertex 1.6 16.952 13.8716
      vertex 1.6 16.4333 13.5944
    endloop
  endfacet
  facet normal 0 0.471329 -0.881957
    outer loop
      vertex 1.6 16.952 13.8716
      vertex 0 16.4333 13.5944
      vertex 0 16.952 13.8716
    endloop
  endfacet
  facet normal 0 -0.956897 0.290427
    outer loop
      vertex 0 23.8716 9.95195
      vertex 1.6 24.0424 10.5147
      vertex 0 24.0424 10.5147
    endloop
  endfacet
  facet normal 0 -0.956897 0.290427
    outer loop
      vertex 1.6 24.0424 10.5147
      vertex 0 23.8716 9.95195
      vertex 1.6 23.8716 9.95195
    endloop
  endfacet
endsolid OpenSCAD_Model
