solid OpenSCAD_Model
  facet normal 0.195075 0.980788 -0
    outer loop
      vertex 41.95 13.85 0
      vertex 41.6056 13.9185 1.6
      vertex 41.95 13.85 1.6
    endloop
  endfacet
  facet normal 0.195075 0.980788 0
    outer loop
      vertex 41.6056 13.9185 1.6
      vertex 41.95 13.85 0
      vertex 41.6056 13.9185 0
    endloop
  endfacet
  facet normal -0.83148 -0.555554 0
    outer loop
      vertex 42.7815 15.0944 0
      vertex 42.5864 15.3864 1.6
      vertex 42.5864 15.3864 0
    endloop
  endfacet
  facet normal -0.83148 -0.555554 0
    outer loop
      vertex 42.5864 15.3864 1.6
      vertex 42.7815 15.0944 0
      vertex 42.7815 15.0944 1.6
    endloop
  endfacet
  facet normal -0.980788 -0.195075 0
    outer loop
      vertex 42.85 14.75 0
      vertex 42.7815 15.0944 1.6
      vertex 42.7815 15.0944 0
    endloop
  endfacet
  facet normal -0.980788 -0.195075 0
    outer loop
      vertex 42.7815 15.0944 1.6
      vertex 42.85 14.75 0
      vertex 42.85 14.75 1.6
    endloop
  endfacet
  facet normal -0.555554 -0.83148 0
    outer loop
      vertex 42.2944 15.5815 0
      vertex 42.5864 15.3864 1.6
      vertex 42.2944 15.5815 1.6
    endloop
  endfacet
  facet normal -0.555554 -0.83148 -0
    outer loop
      vertex 42.5864 15.3864 1.6
      vertex 42.2944 15.5815 0
      vertex 42.5864 15.3864 0
    endloop
  endfacet
  facet normal -0.83148 0.555554 0
    outer loop
      vertex 42.5864 14.1136 0
      vertex 42.7815 14.4056 1.6
      vertex 42.7815 14.4056 0
    endloop
  endfacet
  facet normal -0.83148 0.555554 0
    outer loop
      vertex 42.7815 14.4056 1.6
      vertex 42.5864 14.1136 0
      vertex 42.5864 14.1136 1.6
    endloop
  endfacet
  facet normal -0.555554 0.83148 0
    outer loop
      vertex 42.5864 14.1136 0
      vertex 42.2944 13.9185 1.6
      vertex 42.5864 14.1136 1.6
    endloop
  endfacet
  facet normal -0.555554 0.83148 0
    outer loop
      vertex 42.2944 13.9185 1.6
      vertex 42.5864 14.1136 0
      vertex 42.2944 13.9185 0
    endloop
  endfacet
  facet normal 0.980788 0.195075 0
    outer loop
      vertex 41.1185 14.4056 1.6
      vertex 41.05 14.75 0
      vertex 41.05 14.75 1.6
    endloop
  endfacet
  facet normal 0.980788 0.195075 0
    outer loop
      vertex 41.05 14.75 0
      vertex 41.1185 14.4056 1.6
      vertex 41.1185 14.4056 0
    endloop
  endfacet
  facet normal 0.555554 -0.83148 0
    outer loop
      vertex 41.3136 15.3864 0
      vertex 41.6056 15.5815 1.6
      vertex 41.3136 15.3864 1.6
    endloop
  endfacet
  facet normal 0.555554 -0.83148 0
    outer loop
      vertex 41.6056 15.5815 1.6
      vertex 41.3136 15.3864 0
      vertex 41.6056 15.5815 0
    endloop
  endfacet
  facet normal 0.83148 -0.555554 0
    outer loop
      vertex 41.1185 15.0944 1.6
      vertex 41.3136 15.3864 0
      vertex 41.3136 15.3864 1.6
    endloop
  endfacet
  facet normal 0.83148 -0.555554 0
    outer loop
      vertex 41.3136 15.3864 0
      vertex 41.1185 15.0944 1.6
      vertex 41.1185 15.0944 0
    endloop
  endfacet
  facet normal 0.195075 -0.980788 0
    outer loop
      vertex 41.6056 15.5815 0
      vertex 41.95 15.65 1.6
      vertex 41.6056 15.5815 1.6
    endloop
  endfacet
  facet normal 0.195075 -0.980788 0
    outer loop
      vertex 41.95 15.65 1.6
      vertex 41.6056 15.5815 0
      vertex 41.95 15.65 0
    endloop
  endfacet
  facet normal -0.195075 -0.980788 0
    outer loop
      vertex 41.95 15.65 0
      vertex 42.2944 15.5815 1.6
      vertex 41.95 15.65 1.6
    endloop
  endfacet
  facet normal -0.195075 -0.980788 -0
    outer loop
      vertex 42.2944 15.5815 1.6
      vertex 41.95 15.65 0
      vertex 42.2944 15.5815 0
    endloop
  endfacet
  facet normal -0.980788 0.195075 0
    outer loop
      vertex 42.7815 14.4056 0
      vertex 42.85 14.75 1.6
      vertex 42.85 14.75 0
    endloop
  endfacet
  facet normal -0.980788 0.195075 0
    outer loop
      vertex 42.85 14.75 1.6
      vertex 42.7815 14.4056 0
      vertex 42.7815 14.4056 1.6
    endloop
  endfacet
  facet normal -0.195075 0.980788 0
    outer loop
      vertex 42.2944 13.9185 0
      vertex 41.95 13.85 1.6
      vertex 42.2944 13.9185 1.6
    endloop
  endfacet
  facet normal -0.195075 0.980788 0
    outer loop
      vertex 41.95 13.85 1.6
      vertex 42.2944 13.9185 0
      vertex 41.95 13.85 0
    endloop
  endfacet
  facet normal 0.980788 -0.195075 0
    outer loop
      vertex 41.05 14.75 1.6
      vertex 41.1185 15.0944 0
      vertex 41.1185 15.0944 1.6
    endloop
  endfacet
  facet normal 0.980788 -0.195075 0
    outer loop
      vertex 41.1185 15.0944 0
      vertex 41.05 14.75 1.6
      vertex 41.05 14.75 0
    endloop
  endfacet
  facet normal 0.555554 0.83148 -0
    outer loop
      vertex 41.6056 13.9185 0
      vertex 41.3136 14.1136 1.6
      vertex 41.6056 13.9185 1.6
    endloop
  endfacet
  facet normal 0.555554 0.83148 0
    outer loop
      vertex 41.3136 14.1136 1.6
      vertex 41.6056 13.9185 0
      vertex 41.3136 14.1136 0
    endloop
  endfacet
  facet normal 0.83148 0.555554 0
    outer loop
      vertex 41.3136 14.1136 1.6
      vertex 41.1185 14.4056 0
      vertex 41.1185 14.4056 1.6
    endloop
  endfacet
  facet normal 0.83148 0.555554 0
    outer loop
      vertex 41.1185 14.4056 0
      vertex 41.3136 14.1136 1.6
      vertex 41.3136 14.1136 0
    endloop
  endfacet
  facet normal -0.83148 -0.555554 0
    outer loop
      vertex 45.3815 15.0944 0
      vertex 45.1864 15.3864 1.6
      vertex 45.1864 15.3864 0
    endloop
  endfacet
  facet normal -0.83148 -0.555554 0
    outer loop
      vertex 45.1864 15.3864 1.6
      vertex 45.3815 15.0944 0
      vertex 45.3815 15.0944 1.6
    endloop
  endfacet
  facet normal -0.980788 -0.195075 0
    outer loop
      vertex 45.45 14.75 0
      vertex 45.3815 15.0944 1.6
      vertex 45.3815 15.0944 0
    endloop
  endfacet
  facet normal -0.980788 -0.195075 0
    outer loop
      vertex 45.3815 15.0944 1.6
      vertex 45.45 14.75 0
      vertex 45.45 14.75 1.6
    endloop
  endfacet
  facet normal -0.555554 -0.83148 0
    outer loop
      vertex 44.8944 15.5815 0
      vertex 45.1864 15.3864 1.6
      vertex 44.8944 15.5815 1.6
    endloop
  endfacet
  facet normal -0.555554 -0.83148 -0
    outer loop
      vertex 45.1864 15.3864 1.6
      vertex 44.8944 15.5815 0
      vertex 45.1864 15.3864 0
    endloop
  endfacet
  facet normal 0.980788 0.195075 0
    outer loop
      vertex 43.7185 14.4056 1.6
      vertex 43.65 14.75 0
      vertex 43.65 14.75 1.6
    endloop
  endfacet
  facet normal 0.980788 0.195075 0
    outer loop
      vertex 43.65 14.75 0
      vertex 43.7185 14.4056 1.6
      vertex 43.7185 14.4056 0
    endloop
  endfacet
  facet normal -0.555554 0.83148 0
    outer loop
      vertex 45.1864 14.1136 0
      vertex 44.8944 13.9185 1.6
      vertex 45.1864 14.1136 1.6
    endloop
  endfacet
  facet normal -0.555554 0.83148 0
    outer loop
      vertex 44.8944 13.9185 1.6
      vertex 45.1864 14.1136 0
      vertex 44.8944 13.9185 0
    endloop
  endfacet
  facet normal 0.83148 -0.555554 0
    outer loop
      vertex 43.7185 15.0944 1.6
      vertex 43.9136 15.3864 0
      vertex 43.9136 15.3864 1.6
    endloop
  endfacet
  facet normal 0.83148 -0.555554 0
    outer loop
      vertex 43.9136 15.3864 0
      vertex 43.7185 15.0944 1.6
      vertex 43.7185 15.0944 0
    endloop
  endfacet
  facet normal 0.195075 0.980788 -0
    outer loop
      vertex 44.55 13.85 0
      vertex 44.2056 13.9185 1.6
      vertex 44.55 13.85 1.6
    endloop
  endfacet
  facet normal 0.195075 0.980788 0
    outer loop
      vertex 44.2056 13.9185 1.6
      vertex 44.55 13.85 0
      vertex 44.2056 13.9185 0
    endloop
  endfacet
  facet normal -0.195075 -0.980788 0
    outer loop
      vertex 44.55 15.65 0
      vertex 44.8944 15.5815 1.6
      vertex 44.55 15.65 1.6
    endloop
  endfacet
  facet normal -0.195075 -0.980788 -0
    outer loop
      vertex 44.8944 15.5815 1.6
      vertex 44.55 15.65 0
      vertex 44.8944 15.5815 0
    endloop
  endfacet
  facet normal 0.195075 -0.980788 0
    outer loop
      vertex 44.2056 15.5815 0
      vertex 44.55 15.65 1.6
      vertex 44.2056 15.5815 1.6
    endloop
  endfacet
  facet normal 0.195075 -0.980788 0
    outer loop
      vertex 44.55 15.65 1.6
      vertex 44.2056 15.5815 0
      vertex 44.55 15.65 0
    endloop
  endfacet
  facet normal -0.83148 0.555554 0
    outer loop
      vertex 45.1864 14.1136 0
      vertex 45.3815 14.4056 1.6
      vertex 45.3815 14.4056 0
    endloop
  endfacet
  facet normal -0.83148 0.555554 0
    outer loop
      vertex 45.3815 14.4056 1.6
      vertex 45.1864 14.1136 0
      vertex 45.1864 14.1136 1.6
    endloop
  endfacet
  facet normal -0.980788 0.195075 0
    outer loop
      vertex 45.3815 14.4056 0
      vertex 45.45 14.75 1.6
      vertex 45.45 14.75 0
    endloop
  endfacet
  facet normal -0.980788 0.195075 0
    outer loop
      vertex 45.45 14.75 1.6
      vertex 45.3815 14.4056 0
      vertex 45.3815 14.4056 1.6
    endloop
  endfacet
  facet normal 0.83148 0.555554 0
    outer loop
      vertex 43.9136 14.1136 1.6
      vertex 43.7185 14.4056 0
      vertex 43.7185 14.4056 1.6
    endloop
  endfacet
  facet normal 0.83148 0.555554 0
    outer loop
      vertex 43.7185 14.4056 0
      vertex 43.9136 14.1136 1.6
      vertex 43.9136 14.1136 0
    endloop
  endfacet
  facet normal -0.195075 0.980788 0
    outer loop
      vertex 44.8944 13.9185 0
      vertex 44.55 13.85 1.6
      vertex 44.8944 13.9185 1.6
    endloop
  endfacet
  facet normal -0.195075 0.980788 0
    outer loop
      vertex 44.55 13.85 1.6
      vertex 44.8944 13.9185 0
      vertex 44.55 13.85 0
    endloop
  endfacet
  facet normal 0.980788 -0.195075 0
    outer loop
      vertex 43.65 14.75 1.6
      vertex 43.7185 15.0944 0
      vertex 43.7185 15.0944 1.6
    endloop
  endfacet
  facet normal 0.980788 -0.195075 0
    outer loop
      vertex 43.7185 15.0944 0
      vertex 43.65 14.75 1.6
      vertex 43.65 14.75 0
    endloop
  endfacet
  facet normal 0.555554 -0.83148 0
    outer loop
      vertex 43.9136 15.3864 0
      vertex 44.2056 15.5815 1.6
      vertex 43.9136 15.3864 1.6
    endloop
  endfacet
  facet normal 0.555554 -0.83148 0
    outer loop
      vertex 44.2056 15.5815 1.6
      vertex 43.9136 15.3864 0
      vertex 44.2056 15.5815 0
    endloop
  endfacet
  facet normal 0.555554 0.83148 -0
    outer loop
      vertex 44.2056 13.9185 0
      vertex 43.9136 14.1136 1.6
      vertex 44.2056 13.9185 1.6
    endloop
  endfacet
  facet normal 0.555554 0.83148 0
    outer loop
      vertex 43.9136 14.1136 1.6
      vertex 44.2056 13.9185 0
      vertex 43.9136 14.1136 0
    endloop
  endfacet
  facet normal 0.980788 -0.195075 0
    outer loop
      vertex 39.75 17.0017 1.6
      vertex 39.8185 17.3461 0
      vertex 39.8185 17.3461 1.6
    endloop
  endfacet
  facet normal 0.980788 -0.195075 0
    outer loop
      vertex 39.8185 17.3461 0
      vertex 39.75 17.0017 1.6
      vertex 39.75 17.0017 0
    endloop
  endfacet
  facet normal -0.83148 -0.555554 0
    outer loop
      vertex 41.4815 17.3461 0
      vertex 41.2864 17.6381 1.6
      vertex 41.2864 17.6381 0
    endloop
  endfacet
  facet normal -0.83148 -0.555554 0
    outer loop
      vertex 41.2864 17.6381 1.6
      vertex 41.4815 17.3461 0
      vertex 41.4815 17.3461 1.6
    endloop
  endfacet
  facet normal -0.980788 -0.195075 0
    outer loop
      vertex 41.55 17.0017 0
      vertex 41.4815 17.3461 1.6
      vertex 41.4815 17.3461 0
    endloop
  endfacet
  facet normal -0.980788 -0.195075 0
    outer loop
      vertex 41.4815 17.3461 1.6
      vertex 41.55 17.0017 0
      vertex 41.55 17.0017 1.6
    endloop
  endfacet
  facet normal -0.555554 -0.83148 0
    outer loop
      vertex 40.9944 17.8332 0
      vertex 41.2864 17.6381 1.6
      vertex 40.9944 17.8332 1.6
    endloop
  endfacet
  facet normal -0.555554 -0.83148 -0
    outer loop
      vertex 41.2864 17.6381 1.6
      vertex 40.9944 17.8332 0
      vertex 41.2864 17.6381 0
    endloop
  endfacet
  facet normal -0.831392 0.555686 0
    outer loop
      vertex 41.2864 16.3653 0
      vertex 41.4815 16.6572 1.6
      vertex 41.4815 16.6572 0
    endloop
  endfacet
  facet normal -0.831392 0.555686 0
    outer loop
      vertex 41.4815 16.6572 1.6
      vertex 41.2864 16.3653 0
      vertex 41.2864 16.3653 1.6
    endloop
  endfacet
  facet normal -0.555554 0.83148 0
    outer loop
      vertex 41.2864 16.3653 0
      vertex 40.9944 16.1702 1.6
      vertex 41.2864 16.3653 1.6
    endloop
  endfacet
  facet normal -0.555554 0.83148 0
    outer loop
      vertex 40.9944 16.1702 1.6
      vertex 41.2864 16.3653 0
      vertex 40.9944 16.1702 0
    endloop
  endfacet
  facet normal 0.555554 -0.83148 0
    outer loop
      vertex 40.0136 17.6381 0
      vertex 40.3056 17.8332 1.6
      vertex 40.0136 17.6381 1.6
    endloop
  endfacet
  facet normal 0.555554 -0.83148 0
    outer loop
      vertex 40.3056 17.8332 1.6
      vertex 40.0136 17.6381 0
      vertex 40.3056 17.8332 0
    endloop
  endfacet
  facet normal 0.195075 0.980788 -0
    outer loop
      vertex 40.65 16.1017 0
      vertex 40.3056 16.1702 1.6
      vertex 40.65 16.1017 1.6
    endloop
  endfacet
  facet normal 0.195075 0.980788 0
    outer loop
      vertex 40.3056 16.1702 1.6
      vertex 40.65 16.1017 0
      vertex 40.3056 16.1702 0
    endloop
  endfacet
  facet normal -0.195075 0.980788 0
    outer loop
      vertex 40.9944 16.1702 0
      vertex 40.65 16.1017 1.6
      vertex 40.9944 16.1702 1.6
    endloop
  endfacet
  facet normal -0.195075 0.980788 0
    outer loop
      vertex 40.65 16.1017 1.6
      vertex 40.9944 16.1702 0
      vertex 40.65 16.1017 0
    endloop
  endfacet
  facet normal 0.195075 -0.980788 0
    outer loop
      vertex 40.3056 17.8332 0
      vertex 40.65 17.9017 1.6
      vertex 40.3056 17.8332 1.6
    endloop
  endfacet
  facet normal 0.195075 -0.980788 0
    outer loop
      vertex 40.65 17.9017 1.6
      vertex 40.3056 17.8332 0
      vertex 40.65 17.9017 0
    endloop
  endfacet
  facet normal -0.195075 -0.980788 0
    outer loop
      vertex 40.65 17.9017 0
      vertex 40.9944 17.8332 1.6
      vertex 40.65 17.9017 1.6
    endloop
  endfacet
  facet normal -0.195075 -0.980788 -0
    outer loop
      vertex 40.9944 17.8332 1.6
      vertex 40.65 17.9017 0
      vertex 40.9944 17.8332 0
    endloop
  endfacet
  facet normal -0.980799 0.195021 0
    outer loop
      vertex 41.4815 16.6572 0
      vertex 41.55 17.0017 1.6
      vertex 41.55 17.0017 0
    endloop
  endfacet
  facet normal -0.980799 0.195021 0
    outer loop
      vertex 41.55 17.0017 1.6
      vertex 41.4815 16.6572 0
      vertex 41.4815 16.6572 1.6
    endloop
  endfacet
  facet normal 0.83148 -0.555554 0
    outer loop
      vertex 39.8185 17.3461 1.6
      vertex 40.0136 17.6381 0
      vertex 40.0136 17.6381 1.6
    endloop
  endfacet
  facet normal 0.83148 -0.555554 0
    outer loop
      vertex 40.0136 17.6381 0
      vertex 39.8185 17.3461 1.6
      vertex 39.8185 17.3461 0
    endloop
  endfacet
  facet normal 0.831392 0.555686 0
    outer loop
      vertex 40.0136 16.3653 1.6
      vertex 39.8185 16.6572 0
      vertex 39.8185 16.6572 1.6
    endloop
  endfacet
  facet normal 0.831392 0.555686 0
    outer loop
      vertex 39.8185 16.6572 0
      vertex 40.0136 16.3653 1.6
      vertex 40.0136 16.3653 0
    endloop
  endfacet
  facet normal 0.980799 0.195021 0
    outer loop
      vertex 39.8185 16.6572 1.6
      vertex 39.75 17.0017 0
      vertex 39.75 17.0017 1.6
    endloop
  endfacet
  facet normal 0.980799 0.195021 0
    outer loop
      vertex 39.75 17.0017 0
      vertex 39.8185 16.6572 1.6
      vertex 39.8185 16.6572 0
    endloop
  endfacet
  facet normal 0.555554 0.83148 -0
    outer loop
      vertex 40.3056 16.1702 0
      vertex 40.0136 16.3653 1.6
      vertex 40.3056 16.1702 1.6
    endloop
  endfacet
  facet normal 0.555554 0.83148 0
    outer loop
      vertex 40.0136 16.3653 1.6
      vertex 40.3056 16.1702 0
      vertex 40.0136 16.3653 0
    endloop
  endfacet
  facet normal 0.195075 0.980788 -0
    outer loop
      vertex 41.95 18.3533 0
      vertex 41.6056 18.4218 1.6
      vertex 41.95 18.3533 1.6
    endloop
  endfacet
  facet normal 0.195075 0.980788 0
    outer loop
      vertex 41.6056 18.4218 1.6
      vertex 41.95 18.3533 0
      vertex 41.6056 18.4218 0
    endloop
  endfacet
  facet normal -0.83148 -0.555554 0
    outer loop
      vertex 42.7815 19.5977 0
      vertex 42.5864 19.8897 1.6
      vertex 42.5864 19.8897 0
    endloop
  endfacet
  facet normal -0.83148 -0.555554 0
    outer loop
      vertex 42.5864 19.8897 1.6
      vertex 42.7815 19.5977 0
      vertex 42.7815 19.5977 1.6
    endloop
  endfacet
  facet normal -0.980788 -0.195075 0
    outer loop
      vertex 42.85 19.2533 0
      vertex 42.7815 19.5977 1.6
      vertex 42.7815 19.5977 0
    endloop
  endfacet
  facet normal -0.980788 -0.195075 0
    outer loop
      vertex 42.7815 19.5977 1.6
      vertex 42.85 19.2533 0
      vertex 42.85 19.2533 1.6
    endloop
  endfacet
  facet normal -0.555554 -0.83148 0
    outer loop
      vertex 42.2944 20.0848 0
      vertex 42.5864 19.8897 1.6
      vertex 42.2944 20.0848 1.6
    endloop
  endfacet
  facet normal -0.555554 -0.83148 -0
    outer loop
      vertex 42.5864 19.8897 1.6
      vertex 42.2944 20.0848 0
      vertex 42.5864 19.8897 0
    endloop
  endfacet
  facet normal -0.83148 0.555554 0
    outer loop
      vertex 42.5864 18.6169 0
      vertex 42.7815 18.9089 1.6
      vertex 42.7815 18.9089 0
    endloop
  endfacet
  facet normal -0.83148 0.555554 0
    outer loop
      vertex 42.7815 18.9089 1.6
      vertex 42.5864 18.6169 0
      vertex 42.5864 18.6169 1.6
    endloop
  endfacet
  facet normal -0.555554 0.83148 0
    outer loop
      vertex 42.5864 18.6169 0
      vertex 42.2944 18.4218 1.6
      vertex 42.5864 18.6169 1.6
    endloop
  endfacet
  facet normal -0.555554 0.83148 0
    outer loop
      vertex 42.2944 18.4218 1.6
      vertex 42.5864 18.6169 0
      vertex 42.2944 18.4218 0
    endloop
  endfacet
  facet normal 0.980788 0.195075 0
    outer loop
      vertex 41.1185 18.9089 1.6
      vertex 41.05 19.2533 0
      vertex 41.05 19.2533 1.6
    endloop
  endfacet
  facet normal 0.980788 0.195075 0
    outer loop
      vertex 41.05 19.2533 0
      vertex 41.1185 18.9089 1.6
      vertex 41.1185 18.9089 0
    endloop
  endfacet
  facet normal 0.555554 -0.83148 0
    outer loop
      vertex 41.3136 19.8897 0
      vertex 41.6056 20.0848 1.6
      vertex 41.3136 19.8897 1.6
    endloop
  endfacet
  facet normal 0.555554 -0.83148 0
    outer loop
      vertex 41.6056 20.0848 1.6
      vertex 41.3136 19.8897 0
      vertex 41.6056 20.0848 0
    endloop
  endfacet
  facet normal 0.83148 -0.555554 0
    outer loop
      vertex 41.1185 19.5977 1.6
      vertex 41.3136 19.8897 0
      vertex 41.3136 19.8897 1.6
    endloop
  endfacet
  facet normal 0.83148 -0.555554 0
    outer loop
      vertex 41.3136 19.8897 0
      vertex 41.1185 19.5977 1.6
      vertex 41.1185 19.5977 0
    endloop
  endfacet
  facet normal 0.195075 -0.980788 0
    outer loop
      vertex 41.6056 20.0848 0
      vertex 41.95 20.1533 1.6
      vertex 41.6056 20.0848 1.6
    endloop
  endfacet
  facet normal 0.195075 -0.980788 0
    outer loop
      vertex 41.95 20.1533 1.6
      vertex 41.6056 20.0848 0
      vertex 41.95 20.1533 0
    endloop
  endfacet
  facet normal -0.195075 -0.980788 0
    outer loop
      vertex 41.95 20.1533 0
      vertex 42.2944 20.0848 1.6
      vertex 41.95 20.1533 1.6
    endloop
  endfacet
  facet normal -0.195075 -0.980788 -0
    outer loop
      vertex 42.2944 20.0848 1.6
      vertex 41.95 20.1533 0
      vertex 42.2944 20.0848 0
    endloop
  endfacet
  facet normal -0.980788 0.195075 0
    outer loop
      vertex 42.7815 18.9089 0
      vertex 42.85 19.2533 1.6
      vertex 42.85 19.2533 0
    endloop
  endfacet
  facet normal -0.980788 0.195075 0
    outer loop
      vertex 42.85 19.2533 1.6
      vertex 42.7815 18.9089 0
      vertex 42.7815 18.9089 1.6
    endloop
  endfacet
  facet normal -0.195075 0.980788 0
    outer loop
      vertex 42.2944 18.4218 0
      vertex 41.95 18.3533 1.6
      vertex 42.2944 18.4218 1.6
    endloop
  endfacet
  facet normal -0.195075 0.980788 0
    outer loop
      vertex 41.95 18.3533 1.6
      vertex 42.2944 18.4218 0
      vertex 41.95 18.3533 0
    endloop
  endfacet
  facet normal 0.980788 -0.195075 0
    outer loop
      vertex 41.05 19.2533 1.6
      vertex 41.1185 19.5977 0
      vertex 41.1185 19.5977 1.6
    endloop
  endfacet
  facet normal 0.980788 -0.195075 0
    outer loop
      vertex 41.1185 19.5977 0
      vertex 41.05 19.2533 1.6
      vertex 41.05 19.2533 0
    endloop
  endfacet
  facet normal 0.555554 0.83148 -0
    outer loop
      vertex 41.6056 18.4218 0
      vertex 41.3136 18.6169 1.6
      vertex 41.6056 18.4218 1.6
    endloop
  endfacet
  facet normal 0.555554 0.83148 0
    outer loop
      vertex 41.3136 18.6169 1.6
      vertex 41.6056 18.4218 0
      vertex 41.3136 18.6169 0
    endloop
  endfacet
  facet normal 0.83148 0.555554 0
    outer loop
      vertex 41.3136 18.6169 1.6
      vertex 41.1185 18.9089 0
      vertex 41.1185 18.9089 1.6
    endloop
  endfacet
  facet normal 0.83148 0.555554 0
    outer loop
      vertex 41.1185 18.9089 0
      vertex 41.3136 18.6169 1.6
      vertex 41.3136 18.6169 0
    endloop
  endfacet
  facet normal -0.83148 -0.555554 0
    outer loop
      vertex 38.8815 17.3461 0
      vertex 38.6864 17.6381 1.6
      vertex 38.6864 17.6381 0
    endloop
  endfacet
  facet normal -0.83148 -0.555554 0
    outer loop
      vertex 38.6864 17.6381 1.6
      vertex 38.8815 17.3461 0
      vertex 38.8815 17.3461 1.6
    endloop
  endfacet
  facet normal -0.980788 -0.195075 0
    outer loop
      vertex 38.95 17.0017 0
      vertex 38.8815 17.3461 1.6
      vertex 38.8815 17.3461 0
    endloop
  endfacet
  facet normal -0.980788 -0.195075 0
    outer loop
      vertex 38.8815 17.3461 1.6
      vertex 38.95 17.0017 0
      vertex 38.95 17.0017 1.6
    endloop
  endfacet
  facet normal -0.555554 -0.83148 0
    outer loop
      vertex 38.3944 17.8332 0
      vertex 38.6864 17.6381 1.6
      vertex 38.3944 17.8332 1.6
    endloop
  endfacet
  facet normal -0.555554 -0.83148 -0
    outer loop
      vertex 38.6864 17.6381 1.6
      vertex 38.3944 17.8332 0
      vertex 38.6864 17.6381 0
    endloop
  endfacet
  facet normal 0.980799 0.195021 0
    outer loop
      vertex 37.2185 16.6572 1.6
      vertex 37.15 17.0017 0
      vertex 37.15 17.0017 1.6
    endloop
  endfacet
  facet normal 0.980799 0.195021 0
    outer loop
      vertex 37.15 17.0017 0
      vertex 37.2185 16.6572 1.6
      vertex 37.2185 16.6572 0
    endloop
  endfacet
  facet normal -0.555554 0.83148 0
    outer loop
      vertex 38.6864 16.3653 0
      vertex 38.3944 16.1702 1.6
      vertex 38.6864 16.3653 1.6
    endloop
  endfacet
  facet normal -0.555554 0.83148 0
    outer loop
      vertex 38.3944 16.1702 1.6
      vertex 38.6864 16.3653 0
      vertex 38.3944 16.1702 0
    endloop
  endfacet
  facet normal 0.83148 -0.555554 0
    outer loop
      vertex 37.2185 17.3461 1.6
      vertex 37.4136 17.6381 0
      vertex 37.4136 17.6381 1.6
    endloop
  endfacet
  facet normal 0.83148 -0.555554 0
    outer loop
      vertex 37.4136 17.6381 0
      vertex 37.2185 17.3461 1.6
      vertex 37.2185 17.3461 0
    endloop
  endfacet
  facet normal 0.195075 0.980788 -0
    outer loop
      vertex 38.05 16.1017 0
      vertex 37.7056 16.1702 1.6
      vertex 38.05 16.1017 1.6
    endloop
  endfacet
  facet normal 0.195075 0.980788 0
    outer loop
      vertex 37.7056 16.1702 1.6
      vertex 38.05 16.1017 0
      vertex 37.7056 16.1702 0
    endloop
  endfacet
  facet normal -0.195075 -0.980788 0
    outer loop
      vertex 38.05 17.9017 0
      vertex 38.3944 17.8332 1.6
      vertex 38.05 17.9017 1.6
    endloop
  endfacet
  facet normal -0.195075 -0.980788 -0
    outer loop
      vertex 38.3944 17.8332 1.6
      vertex 38.05 17.9017 0
      vertex 38.3944 17.8332 0
    endloop
  endfacet
  facet normal 0.195075 -0.980788 0
    outer loop
      vertex 37.7056 17.8332 0
      vertex 38.05 17.9017 1.6
      vertex 37.7056 17.8332 1.6
    endloop
  endfacet
  facet normal 0.195075 -0.980788 0
    outer loop
      vertex 38.05 17.9017 1.6
      vertex 37.7056 17.8332 0
      vertex 38.05 17.9017 0
    endloop
  endfacet
  facet normal 0.555554 -0.83148 0
    outer loop
      vertex 37.4136 17.6381 0
      vertex 37.7056 17.8332 1.6
      vertex 37.4136 17.6381 1.6
    endloop
  endfacet
  facet normal 0.555554 -0.83148 0
    outer loop
      vertex 37.7056 17.8332 1.6
      vertex 37.4136 17.6381 0
      vertex 37.7056 17.8332 0
    endloop
  endfacet
  facet normal -0.831392 0.555686 0
    outer loop
      vertex 38.6864 16.3653 0
      vertex 38.8815 16.6572 1.6
      vertex 38.8815 16.6572 0
    endloop
  endfacet
  facet normal -0.831392 0.555686 0
    outer loop
      vertex 38.8815 16.6572 1.6
      vertex 38.6864 16.3653 0
      vertex 38.6864 16.3653 1.6
    endloop
  endfacet
  facet normal -0.980799 0.195021 0
    outer loop
      vertex 38.8815 16.6572 0
      vertex 38.95 17.0017 1.6
      vertex 38.95 17.0017 0
    endloop
  endfacet
  facet normal -0.980799 0.195021 0
    outer loop
      vertex 38.95 17.0017 1.6
      vertex 38.8815 16.6572 0
      vertex 38.8815 16.6572 1.6
    endloop
  endfacet
  facet normal 0.831392 0.555686 0
    outer loop
      vertex 37.4136 16.3653 1.6
      vertex 37.2185 16.6572 0
      vertex 37.2185 16.6572 1.6
    endloop
  endfacet
  facet normal 0.831392 0.555686 0
    outer loop
      vertex 37.2185 16.6572 0
      vertex 37.4136 16.3653 1.6
      vertex 37.4136 16.3653 0
    endloop
  endfacet
  facet normal -0.195075 0.980788 0
    outer loop
      vertex 38.3944 16.1702 0
      vertex 38.05 16.1017 1.6
      vertex 38.3944 16.1702 1.6
    endloop
  endfacet
  facet normal -0.195075 0.980788 0
    outer loop
      vertex 38.05 16.1017 1.6
      vertex 38.3944 16.1702 0
      vertex 38.05 16.1017 0
    endloop
  endfacet
  facet normal 0.980788 -0.195075 0
    outer loop
      vertex 37.15 17.0017 1.6
      vertex 37.2185 17.3461 0
      vertex 37.2185 17.3461 1.6
    endloop
  endfacet
  facet normal 0.980788 -0.195075 0
    outer loop
      vertex 37.2185 17.3461 0
      vertex 37.15 17.0017 1.6
      vertex 37.15 17.0017 0
    endloop
  endfacet
  facet normal 0.555554 0.83148 -0
    outer loop
      vertex 37.7056 16.1702 0
      vertex 37.4136 16.3653 1.6
      vertex 37.7056 16.1702 1.6
    endloop
  endfacet
  facet normal 0.555554 0.83148 0
    outer loop
      vertex 37.4136 16.3653 1.6
      vertex 37.7056 16.1702 0
      vertex 37.4136 16.3653 0
    endloop
  endfacet
  facet normal 0.195075 0.980788 -0
    outer loop
      vertex 36.75 18.3533 0
      vertex 36.4056 18.4218 1.6
      vertex 36.75 18.3533 1.6
    endloop
  endfacet
  facet normal 0.195075 0.980788 0
    outer loop
      vertex 36.4056 18.4218 1.6
      vertex 36.75 18.3533 0
      vertex 36.4056 18.4218 0
    endloop
  endfacet
  facet normal -0.83148 -0.555554 0
    outer loop
      vertex 37.5815 19.5977 0
      vertex 37.3864 19.8897 1.6
      vertex 37.3864 19.8897 0
    endloop
  endfacet
  facet normal -0.83148 -0.555554 0
    outer loop
      vertex 37.3864 19.8897 1.6
      vertex 37.5815 19.5977 0
      vertex 37.5815 19.5977 1.6
    endloop
  endfacet
  facet normal -0.980788 -0.195075 0
    outer loop
      vertex 37.65 19.2533 0
      vertex 37.5815 19.5977 1.6
      vertex 37.5815 19.5977 0
    endloop
  endfacet
  facet normal -0.980788 -0.195075 0
    outer loop
      vertex 37.5815 19.5977 1.6
      vertex 37.65 19.2533 0
      vertex 37.65 19.2533 1.6
    endloop
  endfacet
  facet normal -0.555554 -0.83148 0
    outer loop
      vertex 37.0944 20.0848 0
      vertex 37.3864 19.8897 1.6
      vertex 37.0944 20.0848 1.6
    endloop
  endfacet
  facet normal -0.555554 -0.83148 -0
    outer loop
      vertex 37.3864 19.8897 1.6
      vertex 37.0944 20.0848 0
      vertex 37.3864 19.8897 0
    endloop
  endfacet
  facet normal -0.83148 0.555554 0
    outer loop
      vertex 37.3864 18.6169 0
      vertex 37.5815 18.9089 1.6
      vertex 37.5815 18.9089 0
    endloop
  endfacet
  facet normal -0.83148 0.555554 0
    outer loop
      vertex 37.5815 18.9089 1.6
      vertex 37.3864 18.6169 0
      vertex 37.3864 18.6169 1.6
    endloop
  endfacet
  facet normal -0.555554 0.83148 0
    outer loop
      vertex 37.3864 18.6169 0
      vertex 37.0944 18.4218 1.6
      vertex 37.3864 18.6169 1.6
    endloop
  endfacet
  facet normal -0.555554 0.83148 0
    outer loop
      vertex 37.0944 18.4218 1.6
      vertex 37.3864 18.6169 0
      vertex 37.0944 18.4218 0
    endloop
  endfacet
  facet normal 0.980788 -0.195075 0
    outer loop
      vertex 35.85 19.2533 1.6
      vertex 35.9185 19.5977 0
      vertex 35.9185 19.5977 1.6
    endloop
  endfacet
  facet normal 0.980788 -0.195075 0
    outer loop
      vertex 35.9185 19.5977 0
      vertex 35.85 19.2533 1.6
      vertex 35.85 19.2533 0
    endloop
  endfacet
  facet normal -0.195075 0.980788 0
    outer loop
      vertex 37.0944 18.4218 0
      vertex 36.75 18.3533 1.6
      vertex 37.0944 18.4218 1.6
    endloop
  endfacet
  facet normal -0.195075 0.980788 0
    outer loop
      vertex 36.75 18.3533 1.6
      vertex 37.0944 18.4218 0
      vertex 36.75 18.3533 0
    endloop
  endfacet
  facet normal 0.555554 -0.83148 0
    outer loop
      vertex 36.1136 19.8897 0
      vertex 36.4056 20.0848 1.6
      vertex 36.1136 19.8897 1.6
    endloop
  endfacet
  facet normal 0.555554 -0.83148 0
    outer loop
      vertex 36.4056 20.0848 1.6
      vertex 36.1136 19.8897 0
      vertex 36.4056 20.0848 0
    endloop
  endfacet
  facet normal -0.980788 0.195075 0
    outer loop
      vertex 37.5815 18.9089 0
      vertex 37.65 19.2533 1.6
      vertex 37.65 19.2533 0
    endloop
  endfacet
  facet normal -0.980788 0.195075 0
    outer loop
      vertex 37.65 19.2533 1.6
      vertex 37.5815 18.9089 0
      vertex 37.5815 18.9089 1.6
    endloop
  endfacet
  facet normal 0.980788 0.195075 0
    outer loop
      vertex 35.9185 18.9089 1.6
      vertex 35.85 19.2533 0
      vertex 35.85 19.2533 1.6
    endloop
  endfacet
  facet normal 0.980788 0.195075 0
    outer loop
      vertex 35.85 19.2533 0
      vertex 35.9185 18.9089 1.6
      vertex 35.9185 18.9089 0
    endloop
  endfacet
  facet normal 0.195075 -0.980788 0
    outer loop
      vertex 36.4056 20.0848 0
      vertex 36.75 20.1533 1.6
      vertex 36.4056 20.0848 1.6
    endloop
  endfacet
  facet normal 0.195075 -0.980788 0
    outer loop
      vertex 36.75 20.1533 1.6
      vertex 36.4056 20.0848 0
      vertex 36.75 20.1533 0
    endloop
  endfacet
  facet normal -0.195075 -0.980788 0
    outer loop
      vertex 36.75 20.1533 0
      vertex 37.0944 20.0848 1.6
      vertex 36.75 20.1533 1.6
    endloop
  endfacet
  facet normal -0.195075 -0.980788 -0
    outer loop
      vertex 37.0944 20.0848 1.6
      vertex 36.75 20.1533 0
      vertex 37.0944 20.0848 0
    endloop
  endfacet
  facet normal 0.83148 0.555554 0
    outer loop
      vertex 36.1136 18.6169 1.6
      vertex 35.9185 18.9089 0
      vertex 35.9185 18.9089 1.6
    endloop
  endfacet
  facet normal 0.83148 0.555554 0
    outer loop
      vertex 35.9185 18.9089 0
      vertex 36.1136 18.6169 1.6
      vertex 36.1136 18.6169 0
    endloop
  endfacet
  facet normal 0.83148 -0.555554 0
    outer loop
      vertex 35.9185 19.5977 1.6
      vertex 36.1136 19.8897 0
      vertex 36.1136 19.8897 1.6
    endloop
  endfacet
  facet normal 0.83148 -0.555554 0
    outer loop
      vertex 36.1136 19.8897 0
      vertex 35.9185 19.5977 1.6
      vertex 35.9185 19.5977 0
    endloop
  endfacet
  facet normal 0.555554 0.83148 -0
    outer loop
      vertex 36.4056 18.4218 0
      vertex 36.1136 18.6169 1.6
      vertex 36.4056 18.4218 1.6
    endloop
  endfacet
  facet normal 0.555554 0.83148 0
    outer loop
      vertex 36.1136 18.6169 1.6
      vertex 36.4056 18.4218 0
      vertex 36.1136 18.6169 0
    endloop
  endfacet
  facet normal -0.83148 -0.555554 0
    outer loop
      vertex 37.5815 15.0944 0
      vertex 37.3864 15.3864 1.6
      vertex 37.3864 15.3864 0
    endloop
  endfacet
  facet normal -0.83148 -0.555554 0
    outer loop
      vertex 37.3864 15.3864 1.6
      vertex 37.5815 15.0944 0
      vertex 37.5815 15.0944 1.6
    endloop
  endfacet
  facet normal -0.980788 -0.195075 0
    outer loop
      vertex 37.65 14.75 0
      vertex 37.5815 15.0944 1.6
      vertex 37.5815 15.0944 0
    endloop
  endfacet
  facet normal -0.980788 -0.195075 0
    outer loop
      vertex 37.5815 15.0944 1.6
      vertex 37.65 14.75 0
      vertex 37.65 14.75 1.6
    endloop
  endfacet
  facet normal -0.555554 -0.83148 0
    outer loop
      vertex 37.0944 15.5815 0
      vertex 37.3864 15.3864 1.6
      vertex 37.0944 15.5815 1.6
    endloop
  endfacet
  facet normal -0.555554 -0.83148 -0
    outer loop
      vertex 37.3864 15.3864 1.6
      vertex 37.0944 15.5815 0
      vertex 37.3864 15.3864 0
    endloop
  endfacet
  facet normal 0.980788 0.195075 0
    outer loop
      vertex 35.9185 14.4056 1.6
      vertex 35.85 14.75 0
      vertex 35.85 14.75 1.6
    endloop
  endfacet
  facet normal 0.980788 0.195075 0
    outer loop
      vertex 35.85 14.75 0
      vertex 35.9185 14.4056 1.6
      vertex 35.9185 14.4056 0
    endloop
  endfacet
  facet normal -0.555554 0.83148 0
    outer loop
      vertex 37.3864 14.1136 0
      vertex 37.0944 13.9185 1.6
      vertex 37.3864 14.1136 1.6
    endloop
  endfacet
  facet normal -0.555554 0.83148 0
    outer loop
      vertex 37.0944 13.9185 1.6
      vertex 37.3864 14.1136 0
      vertex 37.0944 13.9185 0
    endloop
  endfacet
  facet normal 0.83148 -0.555554 0
    outer loop
      vertex 35.9185 15.0944 1.6
      vertex 36.1136 15.3864 0
      vertex 36.1136 15.3864 1.6
    endloop
  endfacet
  facet normal 0.83148 -0.555554 0
    outer loop
      vertex 36.1136 15.3864 0
      vertex 35.9185 15.0944 1.6
      vertex 35.9185 15.0944 0
    endloop
  endfacet
  facet normal 0.195075 0.980788 -0
    outer loop
      vertex 36.75 13.85 0
      vertex 36.4056 13.9185 1.6
      vertex 36.75 13.85 1.6
    endloop
  endfacet
  facet normal 0.195075 0.980788 0
    outer loop
      vertex 36.4056 13.9185 1.6
      vertex 36.75 13.85 0
      vertex 36.4056 13.9185 0
    endloop
  endfacet
  facet normal -0.195075 -0.980788 0
    outer loop
      vertex 36.75 15.65 0
      vertex 37.0944 15.5815 1.6
      vertex 36.75 15.65 1.6
    endloop
  endfacet
  facet normal -0.195075 -0.980788 -0
    outer loop
      vertex 37.0944 15.5815 1.6
      vertex 36.75 15.65 0
      vertex 37.0944 15.5815 0
    endloop
  endfacet
  facet normal 0.195075 -0.980788 0
    outer loop
      vertex 36.4056 15.5815 0
      vertex 36.75 15.65 1.6
      vertex 36.4056 15.5815 1.6
    endloop
  endfacet
  facet normal 0.195075 -0.980788 0
    outer loop
      vertex 36.75 15.65 1.6
      vertex 36.4056 15.5815 0
      vertex 36.75 15.65 0
    endloop
  endfacet
  facet normal -0.83148 0.555554 0
    outer loop
      vertex 37.3864 14.1136 0
      vertex 37.5815 14.4056 1.6
      vertex 37.5815 14.4056 0
    endloop
  endfacet
  facet normal -0.83148 0.555554 0
    outer loop
      vertex 37.5815 14.4056 1.6
      vertex 37.3864 14.1136 0
      vertex 37.3864 14.1136 1.6
    endloop
  endfacet
  facet normal -0.980788 0.195075 0
    outer loop
      vertex 37.5815 14.4056 0
      vertex 37.65 14.75 1.6
      vertex 37.65 14.75 0
    endloop
  endfacet
  facet normal -0.980788 0.195075 0
    outer loop
      vertex 37.65 14.75 1.6
      vertex 37.5815 14.4056 0
      vertex 37.5815 14.4056 1.6
    endloop
  endfacet
  facet normal 0.83148 0.555554 0
    outer loop
      vertex 36.1136 14.1136 1.6
      vertex 35.9185 14.4056 0
      vertex 35.9185 14.4056 1.6
    endloop
  endfacet
  facet normal 0.83148 0.555554 0
    outer loop
      vertex 35.9185 14.4056 0
      vertex 36.1136 14.1136 1.6
      vertex 36.1136 14.1136 0
    endloop
  endfacet
  facet normal -0.195075 0.980788 0
    outer loop
      vertex 37.0944 13.9185 0
      vertex 36.75 13.85 1.6
      vertex 37.0944 13.9185 1.6
    endloop
  endfacet
  facet normal -0.195075 0.980788 0
    outer loop
      vertex 36.75 13.85 1.6
      vertex 37.0944 13.9185 0
      vertex 36.75 13.85 0
    endloop
  endfacet
  facet normal 0.980788 -0.195075 0
    outer loop
      vertex 35.85 14.75 1.6
      vertex 35.9185 15.0944 0
      vertex 35.9185 15.0944 1.6
    endloop
  endfacet
  facet normal 0.980788 -0.195075 0
    outer loop
      vertex 35.9185 15.0944 0
      vertex 35.85 14.75 1.6
      vertex 35.85 14.75 0
    endloop
  endfacet
  facet normal 0.555554 -0.83148 0
    outer loop
      vertex 36.1136 15.3864 0
      vertex 36.4056 15.5815 1.6
      vertex 36.1136 15.3864 1.6
    endloop
  endfacet
  facet normal 0.555554 -0.83148 0
    outer loop
      vertex 36.4056 15.5815 1.6
      vertex 36.1136 15.3864 0
      vertex 36.4056 15.5815 0
    endloop
  endfacet
  facet normal 0.555554 0.83148 -0
    outer loop
      vertex 36.4056 13.9185 0
      vertex 36.1136 14.1136 1.6
      vertex 36.4056 13.9185 1.6
    endloop
  endfacet
  facet normal 0.555554 0.83148 0
    outer loop
      vertex 36.1136 14.1136 1.6
      vertex 36.4056 13.9185 0
      vertex 36.1136 14.1136 0
    endloop
  endfacet
  facet normal -0.83148 -0.555554 0
    outer loop
      vertex 34.9815 15.0944 0
      vertex 34.7864 15.3864 1.6
      vertex 34.7864 15.3864 0
    endloop
  endfacet
  facet normal -0.83148 -0.555554 0
    outer loop
      vertex 34.7864 15.3864 1.6
      vertex 34.9815 15.0944 0
      vertex 34.9815 15.0944 1.6
    endloop
  endfacet
  facet normal -0.980788 -0.195075 0
    outer loop
      vertex 35.05 14.75 0
      vertex 34.9815 15.0944 1.6
      vertex 34.9815 15.0944 0
    endloop
  endfacet
  facet normal -0.980788 -0.195075 0
    outer loop
      vertex 34.9815 15.0944 1.6
      vertex 35.05 14.75 0
      vertex 35.05 14.75 1.6
    endloop
  endfacet
  facet normal -0.555554 -0.83148 0
    outer loop
      vertex 34.4944 15.5815 0
      vertex 34.7864 15.3864 1.6
      vertex 34.4944 15.5815 1.6
    endloop
  endfacet
  facet normal -0.555554 -0.83148 -0
    outer loop
      vertex 34.7864 15.3864 1.6
      vertex 34.4944 15.5815 0
      vertex 34.7864 15.3864 0
    endloop
  endfacet
  facet normal -0.83148 0.555554 0
    outer loop
      vertex 34.7864 14.1136 0
      vertex 34.9815 14.4056 1.6
      vertex 34.9815 14.4056 0
    endloop
  endfacet
  facet normal -0.83148 0.555554 0
    outer loop
      vertex 34.9815 14.4056 1.6
      vertex 34.7864 14.1136 0
      vertex 34.7864 14.1136 1.6
    endloop
  endfacet
  facet normal 0.195075 -0.980788 0
    outer loop
      vertex 33.8056 15.5815 0
      vertex 34.15 15.65 1.6
      vertex 33.8056 15.5815 1.6
    endloop
  endfacet
  facet normal 0.195075 -0.980788 0
    outer loop
      vertex 34.15 15.65 1.6
      vertex 33.8056 15.5815 0
      vertex 34.15 15.65 0
    endloop
  endfacet
  facet normal 0.83148 -0.555554 0
    outer loop
      vertex 33.3185 15.0944 1.6
      vertex 33.5136 15.3864 0
      vertex 33.5136 15.3864 1.6
    endloop
  endfacet
  facet normal 0.83148 -0.555554 0
    outer loop
      vertex 33.5136 15.3864 0
      vertex 33.3185 15.0944 1.6
      vertex 33.3185 15.0944 0
    endloop
  endfacet
  facet normal 0.980788 -0.195075 0
    outer loop
      vertex 33.25 14.75 1.6
      vertex 33.3185 15.0944 0
      vertex 33.3185 15.0944 1.6
    endloop
  endfacet
  facet normal 0.980788 -0.195075 0
    outer loop
      vertex 33.3185 15.0944 0
      vertex 33.25 14.75 1.6
      vertex 33.25 14.75 0
    endloop
  endfacet
  facet normal -0.195075 0.980788 0
    outer loop
      vertex 34.4944 13.9185 0
      vertex 34.15 13.85 1.6
      vertex 34.4944 13.9185 1.6
    endloop
  endfacet
  facet normal -0.195075 0.980788 0
    outer loop
      vertex 34.15 13.85 1.6
      vertex 34.4944 13.9185 0
      vertex 34.15 13.85 0
    endloop
  endfacet
  facet normal 0.195075 0.980788 -0
    outer loop
      vertex 34.15 13.85 0
      vertex 33.8056 13.9185 1.6
      vertex 34.15 13.85 1.6
    endloop
  endfacet
  facet normal 0.195075 0.980788 0
    outer loop
      vertex 33.8056 13.9185 1.6
      vertex 34.15 13.85 0
      vertex 33.8056 13.9185 0
    endloop
  endfacet
  facet normal 0.980788 0.195075 0
    outer loop
      vertex 33.3185 14.4056 1.6
      vertex 33.25 14.75 0
      vertex 33.25 14.75 1.6
    endloop
  endfacet
  facet normal 0.980788 0.195075 0
    outer loop
      vertex 33.25 14.75 0
      vertex 33.3185 14.4056 1.6
      vertex 33.3185 14.4056 0
    endloop
  endfacet
  facet normal -0.195075 -0.980788 0
    outer loop
      vertex 34.15 15.65 0
      vertex 34.4944 15.5815 1.6
      vertex 34.15 15.65 1.6
    endloop
  endfacet
  facet normal -0.195075 -0.980788 -0
    outer loop
      vertex 34.4944 15.5815 1.6
      vertex 34.15 15.65 0
      vertex 34.4944 15.5815 0
    endloop
  endfacet
  facet normal -0.980788 0.195075 0
    outer loop
      vertex 34.9815 14.4056 0
      vertex 35.05 14.75 1.6
      vertex 35.05 14.75 0
    endloop
  endfacet
  facet normal -0.980788 0.195075 0
    outer loop
      vertex 35.05 14.75 1.6
      vertex 34.9815 14.4056 0
      vertex 34.9815 14.4056 1.6
    endloop
  endfacet
  facet normal -0.555554 0.83148 0
    outer loop
      vertex 34.7864 14.1136 0
      vertex 34.4944 13.9185 1.6
      vertex 34.7864 14.1136 1.6
    endloop
  endfacet
  facet normal -0.555554 0.83148 0
    outer loop
      vertex 34.4944 13.9185 1.6
      vertex 34.7864 14.1136 0
      vertex 34.4944 13.9185 0
    endloop
  endfacet
  facet normal 0.83148 0.555554 0
    outer loop
      vertex 33.5136 14.1136 1.6
      vertex 33.3185 14.4056 0
      vertex 33.3185 14.4056 1.6
    endloop
  endfacet
  facet normal 0.83148 0.555554 0
    outer loop
      vertex 33.3185 14.4056 0
      vertex 33.5136 14.1136 1.6
      vertex 33.5136 14.1136 0
    endloop
  endfacet
  facet normal 0.555554 -0.83148 0
    outer loop
      vertex 33.5136 15.3864 0
      vertex 33.8056 15.5815 1.6
      vertex 33.5136 15.3864 1.6
    endloop
  endfacet
  facet normal 0.555554 -0.83148 0
    outer loop
      vertex 33.8056 15.5815 1.6
      vertex 33.5136 15.3864 0
      vertex 33.8056 15.5815 0
    endloop
  endfacet
  facet normal 0.555554 0.83148 -0
    outer loop
      vertex 33.8056 13.9185 0
      vertex 33.5136 14.1136 1.6
      vertex 33.8056 13.9185 1.6
    endloop
  endfacet
  facet normal 0.555554 0.83148 0
    outer loop
      vertex 33.5136 14.1136 1.6
      vertex 33.8056 13.9185 0
      vertex 33.5136 14.1136 0
    endloop
  endfacet
  facet normal -0.83148 -0.555554 0
    outer loop
      vertex 38.8815 12.8427 0
      vertex 38.6864 13.1347 1.6
      vertex 38.6864 13.1347 0
    endloop
  endfacet
  facet normal -0.83148 -0.555554 0
    outer loop
      vertex 38.6864 13.1347 1.6
      vertex 38.8815 12.8427 0
      vertex 38.8815 12.8427 1.6
    endloop
  endfacet
  facet normal -0.980788 -0.195075 0
    outer loop
      vertex 38.95 12.4983 0
      vertex 38.8815 12.8427 1.6
      vertex 38.8815 12.8427 0
    endloop
  endfacet
  facet normal -0.980788 -0.195075 0
    outer loop
      vertex 38.8815 12.8427 1.6
      vertex 38.95 12.4983 0
      vertex 38.95 12.4983 1.6
    endloop
  endfacet
  facet normal -0.555554 -0.83148 0
    outer loop
      vertex 38.3944 13.3298 0
      vertex 38.6864 13.1347 1.6
      vertex 38.3944 13.3298 1.6
    endloop
  endfacet
  facet normal -0.555554 -0.83148 -0
    outer loop
      vertex 38.6864 13.1347 1.6
      vertex 38.3944 13.3298 0
      vertex 38.6864 13.1347 0
    endloop
  endfacet
  facet normal 0.980788 0.195075 0
    outer loop
      vertex 37.2185 12.1539 1.6
      vertex 37.15 12.4983 0
      vertex 37.15 12.4983 1.6
    endloop
  endfacet
  facet normal 0.980788 0.195075 0
    outer loop
      vertex 37.15 12.4983 0
      vertex 37.2185 12.1539 1.6
      vertex 37.2185 12.1539 0
    endloop
  endfacet
  facet normal -0.555554 0.83148 0
    outer loop
      vertex 38.6864 11.8619 0
      vertex 38.3944 11.6668 1.6
      vertex 38.6864 11.8619 1.6
    endloop
  endfacet
  facet normal -0.555554 0.83148 0
    outer loop
      vertex 38.3944 11.6668 1.6
      vertex 38.6864 11.8619 0
      vertex 38.3944 11.6668 0
    endloop
  endfacet
  facet normal 0.83148 -0.555554 0
    outer loop
      vertex 37.2185 12.8427 1.6
      vertex 37.4136 13.1347 0
      vertex 37.4136 13.1347 1.6
    endloop
  endfacet
  facet normal 0.83148 -0.555554 0
    outer loop
      vertex 37.4136 13.1347 0
      vertex 37.2185 12.8427 1.6
      vertex 37.2185 12.8427 0
    endloop
  endfacet
  facet normal 0.195075 0.980788 -0
    outer loop
      vertex 38.05 11.5983 0
      vertex 37.7056 11.6668 1.6
      vertex 38.05 11.5983 1.6
    endloop
  endfacet
  facet normal 0.195075 0.980788 0
    outer loop
      vertex 37.7056 11.6668 1.6
      vertex 38.05 11.5983 0
      vertex 37.7056 11.6668 0
    endloop
  endfacet
  facet normal -0.195075 -0.980788 0
    outer loop
      vertex 38.05 13.3983 0
      vertex 38.3944 13.3298 1.6
      vertex 38.05 13.3983 1.6
    endloop
  endfacet
  facet normal -0.195075 -0.980788 -0
    outer loop
      vertex 38.3944 13.3298 1.6
      vertex 38.05 13.3983 0
      vertex 38.3944 13.3298 0
    endloop
  endfacet
  facet normal 0.195075 -0.980788 0
    outer loop
      vertex 37.7056 13.3298 0
      vertex 38.05 13.3983 1.6
      vertex 37.7056 13.3298 1.6
    endloop
  endfacet
  facet normal 0.195075 -0.980788 0
    outer loop
      vertex 38.05 13.3983 1.6
      vertex 37.7056 13.3298 0
      vertex 38.05 13.3983 0
    endloop
  endfacet
  facet normal -0.83148 0.555554 0
    outer loop
      vertex 38.6864 11.8619 0
      vertex 38.8815 12.1539 1.6
      vertex 38.8815 12.1539 0
    endloop
  endfacet
  facet normal -0.83148 0.555554 0
    outer loop
      vertex 38.8815 12.1539 1.6
      vertex 38.6864 11.8619 0
      vertex 38.6864 11.8619 1.6
    endloop
  endfacet
  facet normal -0.980788 0.195075 0
    outer loop
      vertex 38.8815 12.1539 0
      vertex 38.95 12.4983 1.6
      vertex 38.95 12.4983 0
    endloop
  endfacet
  facet normal -0.980788 0.195075 0
    outer loop
      vertex 38.95 12.4983 1.6
      vertex 38.8815 12.1539 0
      vertex 38.8815 12.1539 1.6
    endloop
  endfacet
  facet normal 0.83148 0.555554 0
    outer loop
      vertex 37.4136 11.8619 1.6
      vertex 37.2185 12.1539 0
      vertex 37.2185 12.1539 1.6
    endloop
  endfacet
  facet normal 0.83148 0.555554 0
    outer loop
      vertex 37.2185 12.1539 0
      vertex 37.4136 11.8619 1.6
      vertex 37.4136 11.8619 0
    endloop
  endfacet
  facet normal -0.195075 0.980788 0
    outer loop
      vertex 38.3944 11.6668 0
      vertex 38.05 11.5983 1.6
      vertex 38.3944 11.6668 1.6
    endloop
  endfacet
  facet normal -0.195075 0.980788 0
    outer loop
      vertex 38.05 11.5983 1.6
      vertex 38.3944 11.6668 0
      vertex 38.05 11.5983 0
    endloop
  endfacet
  facet normal 0.980788 -0.195075 0
    outer loop
      vertex 37.15 12.4983 1.6
      vertex 37.2185 12.8427 0
      vertex 37.2185 12.8427 1.6
    endloop
  endfacet
  facet normal 0.980788 -0.195075 0
    outer loop
      vertex 37.2185 12.8427 0
      vertex 37.15 12.4983 1.6
      vertex 37.15 12.4983 0
    endloop
  endfacet
  facet normal 0.555554 -0.83148 0
    outer loop
      vertex 37.4136 13.1347 0
      vertex 37.7056 13.3298 1.6
      vertex 37.4136 13.1347 1.6
    endloop
  endfacet
  facet normal 0.555554 -0.83148 0
    outer loop
      vertex 37.7056 13.3298 1.6
      vertex 37.4136 13.1347 0
      vertex 37.7056 13.3298 0
    endloop
  endfacet
  facet normal 0.555554 0.83148 -0
    outer loop
      vertex 37.7056 11.6668 0
      vertex 37.4136 11.8619 1.6
      vertex 37.7056 11.6668 1.6
    endloop
  endfacet
  facet normal 0.555554 0.83148 0
    outer loop
      vertex 37.4136 11.8619 1.6
      vertex 37.7056 11.6668 0
      vertex 37.4136 11.8619 0
    endloop
  endfacet
  facet normal -0.83148 -0.555554 0
    outer loop
      vertex 37.5815 10.5911 0
      vertex 37.3864 10.8831 1.6
      vertex 37.3864 10.8831 0
    endloop
  endfacet
  facet normal -0.83148 -0.555554 0
    outer loop
      vertex 37.3864 10.8831 1.6
      vertex 37.5815 10.5911 0
      vertex 37.5815 10.5911 1.6
    endloop
  endfacet
  facet normal -0.980788 -0.195075 0
    outer loop
      vertex 37.65 10.2467 0
      vertex 37.5815 10.5911 1.6
      vertex 37.5815 10.5911 0
    endloop
  endfacet
  facet normal -0.980788 -0.195075 0
    outer loop
      vertex 37.5815 10.5911 1.6
      vertex 37.65 10.2467 0
      vertex 37.65 10.2467 1.6
    endloop
  endfacet
  facet normal -0.555554 -0.83148 0
    outer loop
      vertex 37.0944 11.0782 0
      vertex 37.3864 10.8831 1.6
      vertex 37.0944 11.0782 1.6
    endloop
  endfacet
  facet normal -0.555554 -0.83148 -0
    outer loop
      vertex 37.3864 10.8831 1.6
      vertex 37.0944 11.0782 0
      vertex 37.3864 10.8831 0
    endloop
  endfacet
  facet normal 0.980794 0.195048 0
    outer loop
      vertex 35.9185 9.90225 1.6
      vertex 35.85 10.2467 0
      vertex 35.85 10.2467 1.6
    endloop
  endfacet
  facet normal 0.980794 0.195048 0
    outer loop
      vertex 35.85 10.2467 0
      vertex 35.9185 9.90225 1.6
      vertex 35.9185 9.90225 0
    endloop
  endfacet
  facet normal -0.555534 0.831494 0
    outer loop
      vertex 37.3864 9.61027 0
      vertex 37.0944 9.41518 1.6
      vertex 37.3864 9.61027 1.6
    endloop
  endfacet
  facet normal -0.555534 0.831494 0
    outer loop
      vertex 37.0944 9.41518 1.6
      vertex 37.3864 9.61027 0
      vertex 37.0944 9.41518 0
    endloop
  endfacet
  facet normal 0.83148 -0.555554 0
    outer loop
      vertex 35.9185 10.5911 1.6
      vertex 36.1136 10.8831 0
      vertex 36.1136 10.8831 1.6
    endloop
  endfacet
  facet normal 0.83148 -0.555554 0
    outer loop
      vertex 36.1136 10.8831 0
      vertex 35.9185 10.5911 1.6
      vertex 35.9185 10.5911 0
    endloop
  endfacet
  facet normal 0.195103 0.980783 -0
    outer loop
      vertex 36.75 9.34667 0
      vertex 36.4056 9.41518 1.6
      vertex 36.75 9.34667 1.6
    endloop
  endfacet
  facet normal 0.195103 0.980783 0
    outer loop
      vertex 36.4056 9.41518 1.6
      vertex 36.75 9.34667 0
      vertex 36.4056 9.41518 0
    endloop
  endfacet
  facet normal -0.195075 -0.980788 0
    outer loop
      vertex 36.75 11.1467 0
      vertex 37.0944 11.0782 1.6
      vertex 36.75 11.1467 1.6
    endloop
  endfacet
  facet normal -0.195075 -0.980788 -0
    outer loop
      vertex 37.0944 11.0782 1.6
      vertex 36.75 11.1467 0
      vertex 37.0944 11.0782 0
    endloop
  endfacet
  facet normal 0.195075 -0.980788 0
    outer loop
      vertex 36.4056 11.0782 0
      vertex 36.75 11.1467 1.6
      vertex 36.4056 11.0782 1.6
    endloop
  endfacet
  facet normal 0.195075 -0.980788 0
    outer loop
      vertex 36.75 11.1467 1.6
      vertex 36.4056 11.0782 0
      vertex 36.75 11.1467 0
    endloop
  endfacet
  facet normal 0.555554 -0.83148 0
    outer loop
      vertex 36.1136 10.8831 0
      vertex 36.4056 11.0782 1.6
      vertex 36.1136 10.8831 1.6
    endloop
  endfacet
  facet normal 0.555554 -0.83148 0
    outer loop
      vertex 36.4056 11.0782 1.6
      vertex 36.1136 10.8831 0
      vertex 36.4056 11.0782 0
    endloop
  endfacet
  facet normal -0.831463 0.55558 0
    outer loop
      vertex 37.3864 9.61027 0
      vertex 37.5815 9.90225 1.6
      vertex 37.5815 9.90225 0
    endloop
  endfacet
  facet normal -0.831463 0.55558 0
    outer loop
      vertex 37.5815 9.90225 1.6
      vertex 37.3864 9.61027 0
      vertex 37.3864 9.61027 1.6
    endloop
  endfacet
  facet normal -0.980794 0.195048 0
    outer loop
      vertex 37.5815 9.90225 0
      vertex 37.65 10.2467 1.6
      vertex 37.65 10.2467 0
    endloop
  endfacet
  facet normal -0.980794 0.195048 0
    outer loop
      vertex 37.65 10.2467 1.6
      vertex 37.5815 9.90225 0
      vertex 37.5815 9.90225 1.6
    endloop
  endfacet
  facet normal 0.831463 0.55558 0
    outer loop
      vertex 36.1136 9.61027 1.6
      vertex 35.9185 9.90225 0
      vertex 35.9185 9.90225 1.6
    endloop
  endfacet
  facet normal 0.831463 0.55558 0
    outer loop
      vertex 35.9185 9.90225 0
      vertex 36.1136 9.61027 1.6
      vertex 36.1136 9.61027 0
    endloop
  endfacet
  facet normal -0.195103 0.980783 0
    outer loop
      vertex 37.0944 9.41518 0
      vertex 36.75 9.34667 1.6
      vertex 37.0944 9.41518 1.6
    endloop
  endfacet
  facet normal -0.195103 0.980783 0
    outer loop
      vertex 36.75 9.34667 1.6
      vertex 37.0944 9.41518 0
      vertex 36.75 9.34667 0
    endloop
  endfacet
  facet normal 0.980788 -0.195075 0
    outer loop
      vertex 35.85 10.2467 1.6
      vertex 35.9185 10.5911 0
      vertex 35.9185 10.5911 1.6
    endloop
  endfacet
  facet normal 0.980788 -0.195075 0
    outer loop
      vertex 35.9185 10.5911 0
      vertex 35.85 10.2467 1.6
      vertex 35.85 10.2467 0
    endloop
  endfacet
  facet normal 0.555534 0.831494 -0
    outer loop
      vertex 36.4056 9.41518 0
      vertex 36.1136 9.61027 1.6
      vertex 36.4056 9.41518 1.6
    endloop
  endfacet
  facet normal 0.555534 0.831494 0
    outer loop
      vertex 36.1136 9.61027 1.6
      vertex 36.4056 9.41518 0
      vertex 36.1136 9.61027 0
    endloop
  endfacet
  facet normal -0.83148 -0.555554 0
    outer loop
      vertex 41.4815 12.8427 0
      vertex 41.2864 13.1347 1.6
      vertex 41.2864 13.1347 0
    endloop
  endfacet
  facet normal -0.83148 -0.555554 0
    outer loop
      vertex 41.2864 13.1347 1.6
      vertex 41.4815 12.8427 0
      vertex 41.4815 12.8427 1.6
    endloop
  endfacet
  facet normal -0.980788 -0.195075 0
    outer loop
      vertex 41.55 12.4983 0
      vertex 41.4815 12.8427 1.6
      vertex 41.4815 12.8427 0
    endloop
  endfacet
  facet normal -0.980788 -0.195075 0
    outer loop
      vertex 41.4815 12.8427 1.6
      vertex 41.55 12.4983 0
      vertex 41.55 12.4983 1.6
    endloop
  endfacet
  facet normal -0.555554 -0.83148 0
    outer loop
      vertex 40.9944 13.3298 0
      vertex 41.2864 13.1347 1.6
      vertex 40.9944 13.3298 1.6
    endloop
  endfacet
  facet normal -0.555554 -0.83148 -0
    outer loop
      vertex 41.2864 13.1347 1.6
      vertex 40.9944 13.3298 0
      vertex 41.2864 13.1347 0
    endloop
  endfacet
  facet normal -0.83148 0.555554 0
    outer loop
      vertex 41.2864 11.8619 0
      vertex 41.4815 12.1539 1.6
      vertex 41.4815 12.1539 0
    endloop
  endfacet
  facet normal -0.83148 0.555554 0
    outer loop
      vertex 41.4815 12.1539 1.6
      vertex 41.2864 11.8619 0
      vertex 41.2864 11.8619 1.6
    endloop
  endfacet
  facet normal 0.195075 -0.980788 0
    outer loop
      vertex 40.3056 13.3298 0
      vertex 40.65 13.3983 1.6
      vertex 40.3056 13.3298 1.6
    endloop
  endfacet
  facet normal 0.195075 -0.980788 0
    outer loop
      vertex 40.65 13.3983 1.6
      vertex 40.3056 13.3298 0
      vertex 40.65 13.3983 0
    endloop
  endfacet
  facet normal 0.83148 -0.555554 0
    outer loop
      vertex 39.8185 12.8427 1.6
      vertex 40.0136 13.1347 0
      vertex 40.0136 13.1347 1.6
    endloop
  endfacet
  facet normal 0.83148 -0.555554 0
    outer loop
      vertex 40.0136 13.1347 0
      vertex 39.8185 12.8427 1.6
      vertex 39.8185 12.8427 0
    endloop
  endfacet
  facet normal 0.980788 -0.195075 0
    outer loop
      vertex 39.75 12.4983 1.6
      vertex 39.8185 12.8427 0
      vertex 39.8185 12.8427 1.6
    endloop
  endfacet
  facet normal 0.980788 -0.195075 0
    outer loop
      vertex 39.8185 12.8427 0
      vertex 39.75 12.4983 1.6
      vertex 39.75 12.4983 0
    endloop
  endfacet
  facet normal -0.195075 0.980788 0
    outer loop
      vertex 40.9944 11.6668 0
      vertex 40.65 11.5983 1.6
      vertex 40.9944 11.6668 1.6
    endloop
  endfacet
  facet normal -0.195075 0.980788 0
    outer loop
      vertex 40.65 11.5983 1.6
      vertex 40.9944 11.6668 0
      vertex 40.65 11.5983 0
    endloop
  endfacet
  facet normal 0.195075 0.980788 -0
    outer loop
      vertex 40.65 11.5983 0
      vertex 40.3056 11.6668 1.6
      vertex 40.65 11.5983 1.6
    endloop
  endfacet
  facet normal 0.195075 0.980788 0
    outer loop
      vertex 40.3056 11.6668 1.6
      vertex 40.65 11.5983 0
      vertex 40.3056 11.6668 0
    endloop
  endfacet
  facet normal 0.980788 0.195075 0
    outer loop
      vertex 39.8185 12.1539 1.6
      vertex 39.75 12.4983 0
      vertex 39.75 12.4983 1.6
    endloop
  endfacet
  facet normal 0.980788 0.195075 0
    outer loop
      vertex 39.75 12.4983 0
      vertex 39.8185 12.1539 1.6
      vertex 39.8185 12.1539 0
    endloop
  endfacet
  facet normal -0.195075 -0.980788 0
    outer loop
      vertex 40.65 13.3983 0
      vertex 40.9944 13.3298 1.6
      vertex 40.65 13.3983 1.6
    endloop
  endfacet
  facet normal -0.195075 -0.980788 -0
    outer loop
      vertex 40.9944 13.3298 1.6
      vertex 40.65 13.3983 0
      vertex 40.9944 13.3298 0
    endloop
  endfacet
  facet normal -0.980788 0.195075 0
    outer loop
      vertex 41.4815 12.1539 0
      vertex 41.55 12.4983 1.6
      vertex 41.55 12.4983 0
    endloop
  endfacet
  facet normal -0.980788 0.195075 0
    outer loop
      vertex 41.55 12.4983 1.6
      vertex 41.4815 12.1539 0
      vertex 41.4815 12.1539 1.6
    endloop
  endfacet
  facet normal -0.555554 0.83148 0
    outer loop
      vertex 41.2864 11.8619 0
      vertex 40.9944 11.6668 1.6
      vertex 41.2864 11.8619 1.6
    endloop
  endfacet
  facet normal -0.555554 0.83148 0
    outer loop
      vertex 40.9944 11.6668 1.6
      vertex 41.2864 11.8619 0
      vertex 40.9944 11.6668 0
    endloop
  endfacet
  facet normal 0.83148 0.555554 0
    outer loop
      vertex 40.0136 11.8619 1.6
      vertex 39.8185 12.1539 0
      vertex 39.8185 12.1539 1.6
    endloop
  endfacet
  facet normal 0.83148 0.555554 0
    outer loop
      vertex 39.8185 12.1539 0
      vertex 40.0136 11.8619 1.6
      vertex 40.0136 11.8619 0
    endloop
  endfacet
  facet normal 0.555554 -0.83148 0
    outer loop
      vertex 40.0136 13.1347 0
      vertex 40.3056 13.3298 1.6
      vertex 40.0136 13.1347 1.6
    endloop
  endfacet
  facet normal 0.555554 -0.83148 0
    outer loop
      vertex 40.3056 13.3298 1.6
      vertex 40.0136 13.1347 0
      vertex 40.3056 13.3298 0
    endloop
  endfacet
  facet normal 0.555554 0.83148 -0
    outer loop
      vertex 40.3056 11.6668 0
      vertex 40.0136 11.8619 1.6
      vertex 40.3056 11.6668 1.6
    endloop
  endfacet
  facet normal 0.555554 0.83148 0
    outer loop
      vertex 40.0136 11.8619 1.6
      vertex 40.3056 11.6668 0
      vertex 40.0136 11.8619 0
    endloop
  endfacet
  facet normal 0.195103 0.980783 -0
    outer loop
      vertex 41.95 9.34667 0
      vertex 41.6056 9.41518 1.6
      vertex 41.95 9.34667 1.6
    endloop
  endfacet
  facet normal 0.195103 0.980783 0
    outer loop
      vertex 41.6056 9.41518 1.6
      vertex 41.95 9.34667 0
      vertex 41.6056 9.41518 0
    endloop
  endfacet
  facet normal -0.83148 -0.555554 0
    outer loop
      vertex 42.7815 10.5911 0
      vertex 42.5864 10.8831 1.6
      vertex 42.5864 10.8831 0
    endloop
  endfacet
  facet normal -0.83148 -0.555554 0
    outer loop
      vertex 42.5864 10.8831 1.6
      vertex 42.7815 10.5911 0
      vertex 42.7815 10.5911 1.6
    endloop
  endfacet
  facet normal -0.980788 -0.195075 0
    outer loop
      vertex 42.85 10.2467 0
      vertex 42.7815 10.5911 1.6
      vertex 42.7815 10.5911 0
    endloop
  endfacet
  facet normal -0.980788 -0.195075 0
    outer loop
      vertex 42.7815 10.5911 1.6
      vertex 42.85 10.2467 0
      vertex 42.85 10.2467 1.6
    endloop
  endfacet
  facet normal -0.555554 -0.83148 0
    outer loop
      vertex 42.2944 11.0782 0
      vertex 42.5864 10.8831 1.6
      vertex 42.2944 11.0782 1.6
    endloop
  endfacet
  facet normal -0.555554 -0.83148 -0
    outer loop
      vertex 42.5864 10.8831 1.6
      vertex 42.2944 11.0782 0
      vertex 42.5864 10.8831 0
    endloop
  endfacet
  facet normal -0.831463 0.55558 0
    outer loop
      vertex 42.5864 9.61027 0
      vertex 42.7815 9.90225 1.6
      vertex 42.7815 9.90225 0
    endloop
  endfacet
  facet normal -0.831463 0.55558 0
    outer loop
      vertex 42.7815 9.90225 1.6
      vertex 42.5864 9.61027 0
      vertex 42.5864 9.61027 1.6
    endloop
  endfacet
  facet normal -0.555534 0.831494 0
    outer loop
      vertex 42.5864 9.61027 0
      vertex 42.2944 9.41518 1.6
      vertex 42.5864 9.61027 1.6
    endloop
  endfacet
  facet normal -0.555534 0.831494 0
    outer loop
      vertex 42.2944 9.41518 1.6
      vertex 42.5864 9.61027 0
      vertex 42.2944 9.41518 0
    endloop
  endfacet
  facet normal 0.980794 0.195048 0
    outer loop
      vertex 41.1185 9.90225 1.6
      vertex 41.05 10.2467 0
      vertex 41.05 10.2467 1.6
    endloop
  endfacet
  facet normal 0.980794 0.195048 0
    outer loop
      vertex 41.05 10.2467 0
      vertex 41.1185 9.90225 1.6
      vertex 41.1185 9.90225 0
    endloop
  endfacet
  facet normal 0.555554 -0.83148 0
    outer loop
      vertex 41.3136 10.8831 0
      vertex 41.6056 11.0782 1.6
      vertex 41.3136 10.8831 1.6
    endloop
  endfacet
  facet normal 0.555554 -0.83148 0
    outer loop
      vertex 41.6056 11.0782 1.6
      vertex 41.3136 10.8831 0
      vertex 41.6056 11.0782 0
    endloop
  endfacet
  facet normal 0.83148 -0.555554 0
    outer loop
      vertex 41.1185 10.5911 1.6
      vertex 41.3136 10.8831 0
      vertex 41.3136 10.8831 1.6
    endloop
  endfacet
  facet normal 0.83148 -0.555554 0
    outer loop
      vertex 41.3136 10.8831 0
      vertex 41.1185 10.5911 1.6
      vertex 41.1185 10.5911 0
    endloop
  endfacet
  facet normal 0.195075 -0.980788 0
    outer loop
      vertex 41.6056 11.0782 0
      vertex 41.95 11.1467 1.6
      vertex 41.6056 11.0782 1.6
    endloop
  endfacet
  facet normal 0.195075 -0.980788 0
    outer loop
      vertex 41.95 11.1467 1.6
      vertex 41.6056 11.0782 0
      vertex 41.95 11.1467 0
    endloop
  endfacet
  facet normal -0.195075 -0.980788 0
    outer loop
      vertex 41.95 11.1467 0
      vertex 42.2944 11.0782 1.6
      vertex 41.95 11.1467 1.6
    endloop
  endfacet
  facet normal -0.195075 -0.980788 -0
    outer loop
      vertex 42.2944 11.0782 1.6
      vertex 41.95 11.1467 0
      vertex 42.2944 11.0782 0
    endloop
  endfacet
  facet normal -0.980794 0.195048 0
    outer loop
      vertex 42.7815 9.90225 0
      vertex 42.85 10.2467 1.6
      vertex 42.85 10.2467 0
    endloop
  endfacet
  facet normal -0.980794 0.195048 0
    outer loop
      vertex 42.85 10.2467 1.6
      vertex 42.7815 9.90225 0
      vertex 42.7815 9.90225 1.6
    endloop
  endfacet
  facet normal -0.195103 0.980783 0
    outer loop
      vertex 42.2944 9.41518 0
      vertex 41.95 9.34667 1.6
      vertex 42.2944 9.41518 1.6
    endloop
  endfacet
  facet normal -0.195103 0.980783 0
    outer loop
      vertex 41.95 9.34667 1.6
      vertex 42.2944 9.41518 0
      vertex 41.95 9.34667 0
    endloop
  endfacet
  facet normal 0.980788 -0.195075 0
    outer loop
      vertex 41.05 10.2467 1.6
      vertex 41.1185 10.5911 0
      vertex 41.1185 10.5911 1.6
    endloop
  endfacet
  facet normal 0.980788 -0.195075 0
    outer loop
      vertex 41.1185 10.5911 0
      vertex 41.05 10.2467 1.6
      vertex 41.05 10.2467 0
    endloop
  endfacet
  facet normal 0.555534 0.831494 -0
    outer loop
      vertex 41.6056 9.41518 0
      vertex 41.3136 9.61027 1.6
      vertex 41.6056 9.41518 1.6
    endloop
  endfacet
  facet normal 0.555534 0.831494 0
    outer loop
      vertex 41.3136 9.61027 1.6
      vertex 41.6056 9.41518 0
      vertex 41.3136 9.61027 0
    endloop
  endfacet
  facet normal 0.831463 0.55558 0
    outer loop
      vertex 41.3136 9.61027 1.6
      vertex 41.1185 9.90225 0
      vertex 41.1185 9.90225 1.6
    endloop
  endfacet
  facet normal 0.831463 0.55558 0
    outer loop
      vertex 41.1185 9.90225 0
      vertex 41.3136 9.61027 1.6
      vertex 41.3136 9.61027 0
    endloop
  endfacet
  facet normal -0.194929 0.980817 0
    outer loop
      vertex 0.695587 29.4931 0
      vertex 0.592941 29.4727 1.6
      vertex 0.695587 29.4931 1.6
    endloop
  endfacet
  facet normal -0.194929 0.980817 0
    outer loop
      vertex 0.592941 29.4727 1.6
      vertex 0.695587 29.4931 0
      vertex 0.592941 29.4727 0
    endloop
  endfacet
  facet normal -0.321386 -0.946948 0
    outer loop
      vertex 0.493851 0.0608978 0
      vertex 0.592941 0.0272675 1.6
      vertex 0.493851 0.0608978 1.6
    endloop
  endfacet
  facet normal -0.321386 -0.946948 -0
    outer loop
      vertex 0.592941 0.0272675 1.6
      vertex 0.493851 0.0608978 0
      vertex 0.592941 0.0272675 0
    endloop
  endfacet
  facet normal -0.442308 -0.896863 0
    outer loop
      vertex 0.400009 0.107178 0
      vertex 0.493851 0.0608978 1.6
      vertex 0.400009 0.107178 1.6
    endloop
  endfacet
  facet normal -0.442308 -0.896863 -0
    outer loop
      vertex 0.493851 0.0608978 1.6
      vertex 0.400009 0.107178 0
      vertex 0.493851 0.0608978 0
    endloop
  endfacet
  facet normal -0.997854 0.0654837 0
    outer loop
      vertex 0 28.7 0
      vertex 0.0068512 28.8044 1.6
      vertex 0.0068512 28.8044 0
    endloop
  endfacet
  facet normal -0.997854 0.0654837 0
    outer loop
      vertex 0.0068512 28.8044 1.6
      vertex 0 28.7 0
      vertex 0 28.7 1.6
    endloop
  endfacet
  facet normal -1 0 0
    outer loop
      vertex 0 0.800003 0
      vertex 0 28.7 1.6
      vertex 0 28.7 0
    endloop
  endfacet
  facet normal -1 -0 0
    outer loop
      vertex 0 28.7 1.6
      vertex 0 0.800003 0
      vertex 0 0.800003 1.6
    endloop
  endfacet
  facet normal 0.321357 -0.946958 0
    outer loop
      vertex 52.757 0.0272675 0
      vertex 52.8561 0.0608978 1.6
      vertex 52.757 0.0272675 1.6
    endloop
  endfacet
  facet normal 0.321357 -0.946958 0
    outer loop
      vertex 52.8561 0.0608978 1.6
      vertex 52.757 0.0272675 0
      vertex 52.8561 0.0608978 0
    endloop
  endfacet
  facet normal 0.896788 -0.44246 0
    outer loop
      vertex 53.2428 0.400009 1.6
      vertex 53.2891 0.493851 0
      vertex 53.2891 0.493851 1.6
    endloop
  endfacet
  facet normal 0.896788 -0.44246 0
    outer loop
      vertex 53.2891 0.493851 0
      vertex 53.2428 0.400009 1.6
      vertex 53.2428 0.400009 0
    endloop
  endfacet
  facet normal 0.831671 -0.555269 0
    outer loop
      vertex 53.1847 0.312988 1.6
      vertex 53.2428 0.400009 0
      vertex 53.2428 0.400009 1.6
    endloop
  endfacet
  facet normal 0.831671 -0.555269 0
    outer loop
      vertex 53.2428 0.400009 0
      vertex 53.1847 0.312988 1.6
      vertex 53.1847 0.312988 0
    endloop
  endfacet
  facet normal -0.555507 -0.831512 0
    outer loop
      vertex 0.312988 0.165314 0
      vertex 0.400009 0.107178 1.6
      vertex 0.312988 0.165314 1.6
    endloop
  endfacet
  facet normal -0.555507 -0.831512 -0
    outer loop
      vertex 0.400009 0.107178 1.6
      vertex 0.312988 0.165314 0
      vertex 0.400009 0.107178 0
    endloop
  endfacet
  facet normal -0.321126 0.947036 0
    outer loop
      vertex 0.592941 29.4727 0
      vertex 0.493851 29.4391 1.6
      vertex 0.592941 29.4727 1.6
    endloop
  endfacet
  facet normal -0.321126 0.947036 0
    outer loop
      vertex 0.493851 29.4391 1.6
      vertex 0.592941 29.4727 0
      vertex 0.493851 29.4391 0
    endloop
  endfacet
  facet normal -0.946859 0.321648 0
    outer loop
      vertex 0.0272675 28.9071 0
      vertex 0.0608978 29.0061 1.6
      vertex 0.0608978 29.0061 0
    endloop
  endfacet
  facet normal -0.946859 0.321648 0
    outer loop
      vertex 0.0608978 29.0061 1.6
      vertex 0.0272675 28.9071 0
      vertex 0.0272675 28.9071 1.6
    endloop
  endfacet
  facet normal 0.442088 -0.896972 0
    outer loop
      vertex 52.8561 0.0608978 0
      vertex 52.95 0.107178 1.6
      vertex 52.8561 0.0608978 1.6
    endloop
  endfacet
  facet normal 0.442088 -0.896972 0
    outer loop
      vertex 52.95 0.107178 1.6
      vertex 52.8561 0.0608978 0
      vertex 52.95 0.107178 0
    endloop
  endfacet
  facet normal -0.751925 0.659248 0
    outer loop
      vertex 0.165314 29.187 0
      vertex 0.234314 29.2657 1.6
      vertex 0.234314 29.2657 0
    endloop
  endfacet
  facet normal -0.751925 0.659248 0
    outer loop
      vertex 0.234314 29.2657 1.6
      vertex 0.165314 29.187 0
      vertex 0.165314 29.187 1.6
    endloop
  endfacet
  facet normal 0 -1 0
    outer loop
      vertex 0.800003 0 0
      vertex 52.55 0 1.6
      vertex 0.800003 0 1.6
    endloop
  endfacet
  facet normal 0 -1 -0
    outer loop
      vertex 52.55 0 1.6
      vertex 0.800003 0 0
      vertex 52.55 0 0
    endloop
  endfacet
  facet normal 1 -0 0
    outer loop
      vertex 53.35 0.800003 1.6
      vertex 53.35 28.7 0
      vertex 53.35 28.7 1.6
    endloop
  endfacet
  facet normal 1 0 0
    outer loop
      vertex 53.35 28.7 0
      vertex 53.35 0.800003 1.6
      vertex 53.35 0.800003 0
    endloop
  endfacet
  facet normal 0 1 -0
    outer loop
      vertex 52.55 29.5 0
      vertex 0.800003 29.5 1.6
      vertex 52.55 29.5 1.6
    endloop
  endfacet
  facet normal 0 1 0
    outer loop
      vertex 0.800003 29.5 1.6
      vertex 52.55 29.5 0
      vertex 0.800003 29.5 0
    endloop
  endfacet
  facet normal -0.997854 -0.0654737 0
    outer loop
      vertex 0.0068512 0.695587 0
      vertex 0 0.800003 1.6
      vertex 0 0.800003 0
    endloop
  endfacet
  facet normal -0.997854 -0.0654737 0
    outer loop
      vertex 0 0.800003 1.6
      vertex 0.0068512 0.695587 0
      vertex 0.0068512 0.695587 1.6
    endloop
  endfacet
  facet normal 0.0659481 0.997823 -0
    outer loop
      vertex 52.6544 29.4931 0
      vertex 52.55 29.5 1.6
      vertex 52.6544 29.4931 1.6
    endloop
  endfacet
  facet normal 0.0659481 0.997823 0
    outer loop
      vertex 52.55 29.5 1.6
      vertex 52.6544 29.4931 0
      vertex 52.55 29.5 0
    endloop
  endfacet
  facet normal 0.44224 0.896897 -0
    outer loop
      vertex 52.95 29.3928 0
      vertex 52.8561 29.4391 1.6
      vertex 52.95 29.3928 1.6
    endloop
  endfacet
  facet normal 0.44224 0.896897 0
    outer loop
      vertex 52.8561 29.4391 1.6
      vertex 52.95 29.3928 0
      vertex 52.8561 29.4391 0
    endloop
  endfacet
  facet normal 0.946948 0.321388 0
    outer loop
      vertex 53.3227 28.9071 1.6
      vertex 53.2891 29.0061 0
      vertex 53.2891 29.0061 1.6
    endloop
  endfacet
  facet normal 0.946948 0.321388 0
    outer loop
      vertex 53.2891 29.0061 0
      vertex 53.3227 28.9071 1.6
      vertex 53.3227 28.9071 0
    endloop
  endfacet
  facet normal -0.065938 0.997824 0
    outer loop
      vertex 0.800003 29.5 0
      vertex 0.695587 29.4931 1.6
      vertex 0.800003 29.5 1.6
    endloop
  endfacet
  facet normal -0.065938 0.997824 0
    outer loop
      vertex 0.695587 29.4931 1.6
      vertex 0.800003 29.5 0
      vertex 0.695587 29.4931 0
    endloop
  endfacet
  facet normal 0.0654837 -0.997854 0
    outer loop
      vertex 52.55 0 0
      vertex 52.6544 0.0068512 1.6
      vertex 52.55 0 1.6
    endloop
  endfacet
  facet normal 0.0654837 -0.997854 0
    outer loop
      vertex 52.6544 0.0068512 1.6
      vertex 52.55 0 0
      vertex 52.6544 0.0068512 0
    endloop
  endfacet
  facet normal -0.195079 -0.980788 0
    outer loop
      vertex 0.592941 0.0272675 0
      vertex 0.695587 0.0068512 1.6
      vertex 0.592941 0.0272675 1.6
    endloop
  endfacet
  facet normal -0.195079 -0.980788 -0
    outer loop
      vertex 0.695587 0.0068512 1.6
      vertex 0.592941 0.0272675 0
      vertex 0.695587 0.0068512 0
    endloop
  endfacet
  facet normal 0.896897 0.44224 0
    outer loop
      vertex 53.2891 29.0061 1.6
      vertex 53.2428 29.1 0
      vertex 53.2428 29.1 1.6
    endloop
  endfacet
  facet normal 0.896897 0.44224 0
    outer loop
      vertex 53.2428 29.1 0
      vertex 53.2891 29.0061 1.6
      vertex 53.2891 29.0061 0
    endloop
  endfacet
  facet normal -0.980807 0.19498 0
    outer loop
      vertex 0.0068512 28.8044 0
      vertex 0.0272675 28.9071 1.6
      vertex 0.0272675 28.9071 0
    endloop
  endfacet
  facet normal -0.980807 0.19498 0
    outer loop
      vertex 0.0272675 28.9071 1.6
      vertex 0.0068512 28.8044 0
      vertex 0.0068512 28.8044 1.6
    endloop
  endfacet
  facet normal 0.195163 -0.980771 0
    outer loop
      vertex 52.6544 0.0068512 0
      vertex 52.757 0.0272675 1.6
      vertex 52.6544 0.0068512 1.6
    endloop
  endfacet
  facet normal 0.195163 -0.980771 0
    outer loop
      vertex 52.757 0.0272675 1.6
      vertex 52.6544 0.0068512 0
      vertex 52.757 0.0272675 0
    endloop
  endfacet
  facet normal 0.321097 0.947046 -0
    outer loop
      vertex 52.8561 29.4391 0
      vertex 52.757 29.4727 1.6
      vertex 52.8561 29.4391 1.6
    endloop
  endfacet
  facet normal 0.321097 0.947046 0
    outer loop
      vertex 52.757 29.4727 1.6
      vertex 52.8561 29.4391 0
      vertex 52.757 29.4727 0
    endloop
  endfacet
  facet normal -0.980788 -0.195079 0
    outer loop
      vertex 0.0272675 0.592941 0
      vertex 0.0068512 0.695587 1.6
      vertex 0.0068512 0.695587 0
    endloop
  endfacet
  facet normal -0.980788 -0.195079 0
    outer loop
      vertex 0.0068512 0.695587 1.6
      vertex 0.0272675 0.592941 0
      vertex 0.0272675 0.592941 1.6
    endloop
  endfacet
  facet normal 0.997823 0.0659481 0
    outer loop
      vertex 53.35 28.7 1.6
      vertex 53.3431 28.8044 0
      vertex 53.3431 28.8044 1.6
    endloop
  endfacet
  facet normal 0.997823 0.0659481 0
    outer loop
      vertex 53.3431 28.8044 0
      vertex 53.35 28.7 1.6
      vertex 53.35 28.7 0
    endloop
  endfacet
  facet normal -0.896863 -0.442308 0
    outer loop
      vertex 0.107178 0.400009 0
      vertex 0.0608978 0.493851 1.6
      vertex 0.0608978 0.493851 0
    endloop
  endfacet
  facet normal -0.896863 -0.442308 0
    outer loop
      vertex 0.0608978 0.493851 1.6
      vertex 0.107178 0.400009 0
      vertex 0.107178 0.400009 1.6
    endloop
  endfacet
  facet normal -0.831512 -0.555507 0
    outer loop
      vertex 0.165314 0.312988 0
      vertex 0.107178 0.400009 1.6
      vertex 0.107178 0.400009 0
    endloop
  endfacet
  facet normal -0.831512 -0.555507 0
    outer loop
      vertex 0.107178 0.400009 1.6
      vertex 0.165314 0.312988 0
      vertex 0.165314 0.312988 1.6
    endloop
  endfacet
  facet normal -0.83145 0.5556 0
    outer loop
      vertex 0.107178 29.1 0
      vertex 0.165314 29.187 1.6
      vertex 0.165314 29.187 0
    endloop
  endfacet
  facet normal -0.83145 0.5556 0
    outer loop
      vertex 0.165314 29.187 1.6
      vertex 0.107178 29.1 0
      vertex 0.107178 29.1 1.6
    endloop
  endfacet
  facet normal -0.0654737 -0.997854 0
    outer loop
      vertex 0.695587 0.0068512 0
      vertex 0.800003 0 1.6
      vertex 0.695587 0.0068512 1.6
    endloop
  endfacet
  facet normal -0.0654737 -0.997854 -0
    outer loop
      vertex 0.800003 0 1.6
      vertex 0.695587 0.0068512 0
      vertex 0.800003 0 0
    endloop
  endfacet
  facet normal -0.659371 -0.751817 0
    outer loop
      vertex 0.234314 0.234314 0
      vertex 0.312988 0.165314 1.6
      vertex 0.234314 0.234314 1.6
    endloop
  endfacet
  facet normal -0.659371 -0.751817 -0
    outer loop
      vertex 0.312988 0.165314 1.6
      vertex 0.234314 0.234314 0
      vertex 0.312988 0.165314 0
    endloop
  endfacet
  facet normal -0.44246 0.896788 0
    outer loop
      vertex 0.493851 29.4391 0
      vertex 0.400009 29.3928 1.6
      vertex 0.493851 29.4391 1.6
    endloop
  endfacet
  facet normal -0.44246 0.896788 0
    outer loop
      vertex 0.400009 29.3928 1.6
      vertex 0.493851 29.4391 0
      vertex 0.400009 29.3928 0
    endloop
  endfacet
  facet normal 0.751817 -0.659371 0
    outer loop
      vertex 53.1157 0.234314 1.6
      vertex 53.1847 0.312988 0
      vertex 53.1847 0.312988 1.6
    endloop
  endfacet
  facet normal 0.751817 -0.659371 0
    outer loop
      vertex 53.1847 0.312988 0
      vertex 53.1157 0.234314 1.6
      vertex 53.1157 0.234314 0
    endloop
  endfacet
  facet normal 0.751925 0.659248 0
    outer loop
      vertex 53.1847 29.187 1.6
      vertex 53.1157 29.2657 0
      vertex 53.1157 29.2657 1.6
    endloop
  endfacet
  facet normal 0.751925 0.659248 0
    outer loop
      vertex 53.1157 29.2657 0
      vertex 53.1847 29.187 1.6
      vertex 53.1847 29.187 0
    endloop
  endfacet
  facet normal 0.555362 0.831609 -0
    outer loop
      vertex 53.037 29.3347 0
      vertex 52.95 29.3928 1.6
      vertex 53.037 29.3347 1.6
    endloop
  endfacet
  facet normal 0.555362 0.831609 0
    outer loop
      vertex 52.95 29.3928 1.6
      vertex 53.037 29.3347 0
      vertex 52.95 29.3928 0
    endloop
  endfacet
  facet normal 0.195013 0.980801 -0
    outer loop
      vertex 52.757 29.4727 0
      vertex 52.6544 29.4931 1.6
      vertex 52.757 29.4727 1.6
    endloop
  endfacet
  facet normal 0.195013 0.980801 0
    outer loop
      vertex 52.6544 29.4931 1.6
      vertex 52.757 29.4727 0
      vertex 52.6544 29.4931 0
    endloop
  endfacet
  facet normal 0.980837 0.19483 0
    outer loop
      vertex 53.3431 28.8044 1.6
      vertex 53.3227 28.9071 0
      vertex 53.3227 28.9071 1.6
    endloop
  endfacet
  facet normal 0.980837 0.19483 0
    outer loop
      vertex 53.3227 28.9071 0
      vertex 53.3431 28.8044 1.6
      vertex 53.3431 28.8044 0
    endloop
  endfacet
  facet normal 0.831609 0.555362 0
    outer loop
      vertex 53.2428 29.1 1.6
      vertex 53.1847 29.187 0
      vertex 53.1847 29.187 1.6
    endloop
  endfacet
  facet normal 0.831609 0.555362 0
    outer loop
      vertex 53.1847 29.187 0
      vertex 53.2428 29.1 1.6
      vertex 53.2428 29.1 0
    endloop
  endfacet
  facet normal 0.947036 -0.321126 0
    outer loop
      vertex 53.2891 0.493851 1.6
      vertex 53.3227 0.592941 0
      vertex 53.3227 0.592941 1.6
    endloop
  endfacet
  facet normal 0.947036 -0.321126 0
    outer loop
      vertex 53.3227 0.592941 0
      vertex 53.2891 0.493851 1.6
      vertex 53.2891 0.493851 0
    endloop
  endfacet
  facet normal 0.997824 -0.065938 0
    outer loop
      vertex 53.3431 0.695587 1.6
      vertex 53.35 0.800003 0
      vertex 53.35 0.800003 1.6
    endloop
  endfacet
  facet normal 0.997824 -0.065938 0
    outer loop
      vertex 53.35 0.800003 0
      vertex 53.3431 0.695587 1.6
      vertex 53.3431 0.695587 0
    endloop
  endfacet
  facet normal 0.980817 -0.194929 0
    outer loop
      vertex 53.3227 0.592941 1.6
      vertex 53.3431 0.695587 0
      vertex 53.3431 0.695587 1.6
    endloop
  endfacet
  facet normal 0.980817 -0.194929 0
    outer loop
      vertex 53.3431 0.695587 0
      vertex 53.3227 0.592941 1.6
      vertex 53.3227 0.592941 0
    endloop
  endfacet
  facet normal 0.659248 0.751925 -0
    outer loop
      vertex 53.1157 29.2657 0
      vertex 53.037 29.3347 1.6
      vertex 53.1157 29.2657 1.6
    endloop
  endfacet
  facet normal 0.659248 0.751925 0
    outer loop
      vertex 53.037 29.3347 1.6
      vertex 53.1157 29.2657 0
      vertex 53.037 29.3347 0
    endloop
  endfacet
  facet normal -0.555269 0.831671 0
    outer loop
      vertex 0.400009 29.3928 0
      vertex 0.312988 29.3347 1.6
      vertex 0.400009 29.3928 1.6
    endloop
  endfacet
  facet normal -0.555269 0.831671 0
    outer loop
      vertex 0.312988 29.3347 1.6
      vertex 0.400009 29.3928 0
      vertex 0.312988 29.3347 0
    endloop
  endfacet
  facet normal 0.5556 -0.83145 0
    outer loop
      vertex 52.95 0.107178 0
      vertex 53.037 0.165314 1.6
      vertex 52.95 0.107178 1.6
    endloop
  endfacet
  facet normal 0.5556 -0.83145 0
    outer loop
      vertex 53.037 0.165314 1.6
      vertex 52.95 0.107178 0
      vertex 53.037 0.165314 0
    endloop
  endfacet
  facet normal 0.659248 -0.751925 0
    outer loop
      vertex 53.037 0.165314 0
      vertex 53.1157 0.234314 1.6
      vertex 53.037 0.165314 1.6
    endloop
  endfacet
  facet normal 0.659248 -0.751925 0
    outer loop
      vertex 53.1157 0.234314 1.6
      vertex 53.037 0.165314 0
      vertex 53.1157 0.234314 0
    endloop
  endfacet
  facet normal -0.896972 0.442088 0
    outer loop
      vertex 0.0608978 29.0061 0
      vertex 0.107178 29.1 1.6
      vertex 0.107178 29.1 0
    endloop
  endfacet
  facet normal -0.896972 0.442088 0
    outer loop
      vertex 0.107178 29.1 1.6
      vertex 0.0608978 29.0061 0
      vertex 0.0608978 29.0061 1.6
    endloop
  endfacet
  facet normal 0 0 -1
    outer loop
      vertex 38.3944 17.8332 0
      vertex 37.5815 18.9089 0
      vertex 37.65 19.2533 0
    endloop
  endfacet
  facet normal 0 0 -1
    outer loop
      vertex 37.0944 18.4218 0
      vertex 37.7056 17.8332 0
      vertex 37.4136 17.6381 0
    endloop
  endfacet
  facet normal 0 0 -1
    outer loop
      vertex 38.05 17.9017 0
      vertex 37.3864 18.6169 0
      vertex 37.5815 18.9089 0
    endloop
  endfacet
  facet normal 0 0 -1
    outer loop
      vertex 36.75 18.3533 0
      vertex 37.4136 17.6381 0
      vertex 37.2185 17.3461 0
    endloop
  endfacet
  facet normal 0 0 -1
    outer loop
      vertex 36.4056 18.4218 0
      vertex 37.2185 17.3461 0
      vertex 37.15 17.0017 0
    endloop
  endfacet
  facet normal 0 0 -1
    outer loop
      vertex 37.7056 17.8332 0
      vertex 37.0944 18.4218 0
      vertex 37.3864 18.6169 0
    endloop
  endfacet
  facet normal 0 0 -1
    outer loop
      vertex 36.4056 15.5815 0
      vertex 37.2185 16.6572 0
      vertex 36.75 15.65 0
    endloop
  endfacet
  facet normal -0 0 -1
    outer loop
      vertex 37.2185 16.6572 0
      vertex 36.4056 15.5815 0
      vertex 37.15 17.0017 0
    endloop
  endfacet
  facet normal 0 0 -1
    outer loop
      vertex 37.4136 17.6381 0
      vertex 36.75 18.3533 0
      vertex 37.0944 18.4218 0
    endloop
  endfacet
  facet normal 0 0 -1
    outer loop
      vertex 34.4944 15.5815 0
      vertex 37.15 17.0017 0
      vertex 36.4056 15.5815 0
    endloop
  endfacet
  facet normal 0 0 -1
    outer loop
      vertex 37.2185 17.3461 0
      vertex 36.4056 18.4218 0
      vertex 36.75 18.3533 0
    endloop
  endfacet
  facet normal 0 0 -1
    outer loop
      vertex 34.4944 15.5815 0
      vertex 36.4056 15.5815 0
      vertex 36.1136 15.3864 0
    endloop
  endfacet
  facet normal -0 0 -1
    outer loop
      vertex 37.15 17.0017 0
      vertex 34.4944 15.5815 0
      vertex 36.4056 18.4218 0
    endloop
  endfacet
  facet normal 0 0 -1
    outer loop
      vertex 34.7864 15.3864 0
      vertex 36.1136 15.3864 0
      vertex 35.9185 15.0944 0
    endloop
  endfacet
  facet normal 0 0 -1
    outer loop
      vertex 34.4944 15.5815 0
      vertex 36.1136 15.3864 0
      vertex 34.7864 15.3864 0
    endloop
  endfacet
  facet normal 0 0 -1
    outer loop
      vertex 34.9815 15.0944 0
      vertex 35.9185 15.0944 0
      vertex 35.85 14.75 0
    endloop
  endfacet
  facet normal -0 0 -1
    outer loop
      vertex 36.4056 18.4218 0
      vertex 34.4944 15.5815 0
      vertex 36.1136 18.6169 0
    endloop
  endfacet
  facet normal 0 0 -1
    outer loop
      vertex 37.65 14.75 0
      vertex 41.05 14.75 0
      vertex 38.3944 13.3298 0
    endloop
  endfacet
  facet normal 0 0 -1
    outer loop
      vertex 40.0136 16.3653 0
      vertex 38.8815 16.6572 0
      vertex 38.95 17.0017 0
    endloop
  endfacet
  facet normal 0 0 -1
    outer loop
      vertex 41.05 14.75 0
      vertex 37.65 14.75 0
      vertex 40.3056 16.1702 0
    endloop
  endfacet
  facet normal 0 0 -1
    outer loop
      vertex 40.0136 16.3653 0
      vertex 38.6864 16.3653 0
      vertex 38.8815 16.6572 0
    endloop
  endfacet
  facet normal 0 0 -1
    outer loop
      vertex 40.3056 16.1702 0
      vertex 38.3944 16.1702 0
      vertex 40.0136 16.3653 0
    endloop
  endfacet
  facet normal -0 0 -1
    outer loop
      vertex 40.0136 16.3653 0
      vertex 38.3944 16.1702 0
      vertex 38.6864 16.3653 0
    endloop
  endfacet
  facet normal 0 0 -1
    outer loop
      vertex 37.5815 14.4056 0
      vertex 38.3944 13.3298 0
      vertex 38.05 13.3983 0
    endloop
  endfacet
  facet normal -0 0 -1
    outer loop
      vertex 40.3056 16.1702 0
      vertex 37.65 14.75 0
      vertex 38.3944 16.1702 0
    endloop
  endfacet
  facet normal 0 0 -1
    outer loop
      vertex 37.3864 14.1136 0
      vertex 38.05 13.3983 0
      vertex 37.7056 13.3298 0
    endloop
  endfacet
  facet normal 0 0 -1
    outer loop
      vertex 37.5815 15.0944 0
      vertex 38.3944 16.1702 0
      vertex 37.65 14.75 0
    endloop
  endfacet
  facet normal 0 0 -1
    outer loop
      vertex 38.3944 16.1702 0
      vertex 37.5815 15.0944 0
      vertex 38.05 16.1017 0
    endloop
  endfacet
  facet normal 0 0 -1
    outer loop
      vertex 38.3944 13.3298 0
      vertex 37.5815 14.4056 0
      vertex 37.65 14.75 0
    endloop
  endfacet
  facet normal 0 0 -1
    outer loop
      vertex 37.0944 13.9185 0
      vertex 37.7056 13.3298 0
      vertex 37.4136 13.1347 0
    endloop
  endfacet
  facet normal 0 0 -1
    outer loop
      vertex 38.05 13.3983 0
      vertex 37.3864 14.1136 0
      vertex 37.5815 14.4056 0
    endloop
  endfacet
  facet normal 0 0 -1
    outer loop
      vertex 36.75 13.85 0
      vertex 37.4136 13.1347 0
      vertex 37.2185 12.8427 0
    endloop
  endfacet
  facet normal 0 0 -1
    outer loop
      vertex 36.4056 13.9185 0
      vertex 37.2185 12.8427 0
      vertex 37.15 12.4983 0
    endloop
  endfacet
  facet normal 0 0 -1
    outer loop
      vertex 37.7056 13.3298 0
      vertex 37.0944 13.9185 0
      vertex 37.3864 14.1136 0
    endloop
  endfacet
  facet normal 0 0 -1
    outer loop
      vertex 36.4056 11.0782 0
      vertex 37.2185 12.1539 0
      vertex 36.75 11.1467 0
    endloop
  endfacet
  facet normal -0 0 -1
    outer loop
      vertex 37.2185 12.1539 0
      vertex 36.4056 11.0782 0
      vertex 37.15 12.4983 0
    endloop
  endfacet
  facet normal 0 0 -1
    outer loop
      vertex 37.4136 13.1347 0
      vertex 36.75 13.85 0
      vertex 37.0944 13.9185 0
    endloop
  endfacet
  facet normal 0 0 -1
    outer loop
      vertex 34.4944 13.9185 0
      vertex 37.15 12.4983 0
      vertex 36.4056 11.0782 0
    endloop
  endfacet
  facet normal 0 0 -1
    outer loop
      vertex 37.2185 12.8427 0
      vertex 36.4056 13.9185 0
      vertex 36.75 13.85 0
    endloop
  endfacet
  facet normal 0 0 -1
    outer loop
      vertex 34.4944 13.9185 0
      vertex 36.4056 11.0782 0
      vertex 36.1136 10.8831 0
    endloop
  endfacet
  facet normal 0 0 -1
    outer loop
      vertex 37.15 12.4983 0
      vertex 34.4944 13.9185 0
      vertex 36.4056 13.9185 0
    endloop
  endfacet
  facet normal 0 0 -1
    outer loop
      vertex 34.15 13.85 0
      vertex 36.1136 10.8831 0
      vertex 35.9185 10.5911 0
    endloop
  endfacet
  facet normal 0 0 -1
    outer loop
      vertex 36.4056 13.9185 0
      vertex 34.4944 13.9185 0
      vertex 36.1136 14.1136 0
    endloop
  endfacet
  facet normal 0 0 -1
    outer loop
      vertex 33.8056 13.9185 0
      vertex 35.9185 10.5911 0
      vertex 35.85 10.2467 0
    endloop
  endfacet
  facet normal 0 0 -1
    outer loop
      vertex 36.1136 14.1136 0
      vertex 34.7864 14.1136 0
      vertex 35.9185 14.4056 0
    endloop
  endfacet
  facet normal 0 0 -1
    outer loop
      vertex 37.3864 10.8831 0
      vertex 38.05 11.5983 0
      vertex 37.5815 10.5911 0
    endloop
  endfacet
  facet normal -0 0 -1
    outer loop
      vertex 38.05 11.5983 0
      vertex 37.3864 10.8831 0
      vertex 37.7056 11.6668 0
    endloop
  endfacet
  facet normal 0 0 -1
    outer loop
      vertex 37.0944 11.0782 0
      vertex 37.7056 11.6668 0
      vertex 37.3864 10.8831 0
    endloop
  endfacet
  facet normal -0 0 -1
    outer loop
      vertex 37.7056 11.6668 0
      vertex 37.0944 11.0782 0
      vertex 37.4136 11.8619 0
    endloop
  endfacet
  facet normal 0 0 -1
    outer loop
      vertex 36.75 11.1467 0
      vertex 37.4136 11.8619 0
      vertex 37.0944 11.0782 0
    endloop
  endfacet
  facet normal -0 0 -1
    outer loop
      vertex 37.4136 11.8619 0
      vertex 36.75 11.1467 0
      vertex 37.2185 12.1539 0
    endloop
  endfacet
  facet normal 0 0 -1
    outer loop
      vertex 37.3864 15.3864 0
      vertex 38.05 16.1017 0
      vertex 37.5815 15.0944 0
    endloop
  endfacet
  facet normal -0 0 -1
    outer loop
      vertex 38.05 16.1017 0
      vertex 37.3864 15.3864 0
      vertex 37.7056 16.1702 0
    endloop
  endfacet
  facet normal 0 0 -1
    outer loop
      vertex 37.0944 15.5815 0
      vertex 37.7056 16.1702 0
      vertex 37.3864 15.3864 0
    endloop
  endfacet
  facet normal -0 0 -1
    outer loop
      vertex 37.7056 16.1702 0
      vertex 37.0944 15.5815 0
      vertex 37.4136 16.3653 0
    endloop
  endfacet
  facet normal 0 0 -1
    outer loop
      vertex 36.75 15.65 0
      vertex 37.4136 16.3653 0
      vertex 37.0944 15.5815 0
    endloop
  endfacet
  facet normal -0 0 -1
    outer loop
      vertex 37.4136 16.3653 0
      vertex 36.75 15.65 0
      vertex 37.2185 16.6572 0
    endloop
  endfacet
  facet normal 0 0 -1
    outer loop
      vertex 42.5864 15.3864 0
      vertex 43.9136 15.3864 0
      vertex 42.7815 15.0944 0
    endloop
  endfacet
  facet normal 0 0 -1
    outer loop
      vertex 43.9136 15.3864 0
      vertex 42.7815 18.9089 0
      vertex 42.85 19.2533 0
    endloop
  endfacet
  facet normal 0 0 -1
    outer loop
      vertex 42.2944 15.5815 0
      vertex 43.9136 15.3864 0
      vertex 42.5864 15.3864 0
    endloop
  endfacet
  facet normal 0 0 -1
    outer loop
      vertex 43.9136 15.3864 0
      vertex 42.5864 18.6169 0
      vertex 42.7815 18.9089 0
    endloop
  endfacet
  facet normal 0 0 -1
    outer loop
      vertex 42.2944 18.4218 0
      vertex 43.9136 15.3864 0
      vertex 42.2944 15.5815 0
    endloop
  endfacet
  facet normal 0 0 -1
    outer loop
      vertex 43.9136 15.3864 0
      vertex 42.2944 18.4218 0
      vertex 42.5864 18.6169 0
    endloop
  endfacet
  facet normal 0 0 -1
    outer loop
      vertex 41.4815 16.6572 0
      vertex 42.2944 15.5815 0
      vertex 41.95 15.65 0
    endloop
  endfacet
  facet normal 0 0 -1
    outer loop
      vertex 42.2944 15.5815 0
      vertex 41.55 17.0017 0
      vertex 42.2944 18.4218 0
    endloop
  endfacet
  facet normal 0 0 -1
    outer loop
      vertex 41.2864 16.3653 0
      vertex 41.95 15.65 0
      vertex 41.6056 15.5815 0
    endloop
  endfacet
  facet normal 0 0 -1
    outer loop
      vertex 41.4815 17.3461 0
      vertex 42.2944 18.4218 0
      vertex 41.55 17.0017 0
    endloop
  endfacet
  facet normal 0 0 -1
    outer loop
      vertex 42.2944 18.4218 0
      vertex 41.4815 17.3461 0
      vertex 41.95 18.3533 0
    endloop
  endfacet
  facet normal 0 0 -1
    outer loop
      vertex 42.2944 15.5815 0
      vertex 41.4815 16.6572 0
      vertex 41.55 17.0017 0
    endloop
  endfacet
  facet normal 0 0 -1
    outer loop
      vertex 40.9944 16.1702 0
      vertex 41.6056 15.5815 0
      vertex 41.3136 15.3864 0
    endloop
  endfacet
  facet normal 0 0 -1
    outer loop
      vertex 41.95 15.65 0
      vertex 41.2864 16.3653 0
      vertex 41.4815 16.6572 0
    endloop
  endfacet
  facet normal 0 0 -1
    outer loop
      vertex 40.65 16.1017 0
      vertex 41.3136 15.3864 0
      vertex 41.1185 15.0944 0
    endloop
  endfacet
  facet normal 0 0 -1
    outer loop
      vertex 40.3056 16.1702 0
      vertex 41.1185 15.0944 0
      vertex 41.05 14.75 0
    endloop
  endfacet
  facet normal 0 0 -1
    outer loop
      vertex 41.6056 15.5815 0
      vertex 40.9944 16.1702 0
      vertex 41.2864 16.3653 0
    endloop
  endfacet
  facet normal 0 0 -1
    outer loop
      vertex 40.3056 13.3298 0
      vertex 41.1185 14.4056 0
      vertex 40.65 13.3983 0
    endloop
  endfacet
  facet normal -0 0 -1
    outer loop
      vertex 41.1185 14.4056 0
      vertex 40.3056 13.3298 0
      vertex 41.05 14.75 0
    endloop
  endfacet
  facet normal 0 0 -1
    outer loop
      vertex 41.3136 15.3864 0
      vertex 40.65 16.1017 0
      vertex 40.9944 16.1702 0
    endloop
  endfacet
  facet normal 0 0 -1
    outer loop
      vertex 38.3944 13.3298 0
      vertex 41.05 14.75 0
      vertex 40.3056 13.3298 0
    endloop
  endfacet
  facet normal 0 0 -1
    outer loop
      vertex 41.1185 15.0944 0
      vertex 40.3056 16.1702 0
      vertex 40.65 16.1017 0
    endloop
  endfacet
  facet normal 0 0 -1
    outer loop
      vertex 38.6864 13.1347 0
      vertex 40.3056 13.3298 0
      vertex 40.0136 13.1347 0
    endloop
  endfacet
  facet normal 0 0 -1
    outer loop
      vertex 38.3944 13.3298 0
      vertex 40.3056 13.3298 0
      vertex 38.6864 13.1347 0
    endloop
  endfacet
  facet normal 0 0 -1
    outer loop
      vertex 38.8815 12.8427 0
      vertex 39.8185 12.8427 0
      vertex 38.95 12.4983 0
    endloop
  endfacet
  facet normal 0 0 -1
    outer loop
      vertex 39.8185 12.8427 0
      vertex 38.8815 12.8427 0
      vertex 40.0136 13.1347 0
    endloop
  endfacet
  facet normal 0 0 -1
    outer loop
      vertex 38.95 12.4983 0
      vertex 39.8185 12.8427 0
      vertex 39.75 12.4983 0
    endloop
  endfacet
  facet normal 0 0 -1
    outer loop
      vertex 38.6864 13.1347 0
      vertex 40.0136 13.1347 0
      vertex 38.8815 12.8427 0
    endloop
  endfacet
  facet normal 0 0 -1
    outer loop
      vertex 42.2944 11.0782 0
      vertex 44.2056 13.9185 0
      vertex 42.5864 10.8831 0
    endloop
  endfacet
  facet normal 0 0 -1
    outer loop
      vertex 43.9136 14.1136 0
      vertex 42.7815 14.4056 0
      vertex 42.85 14.75 0
    endloop
  endfacet
  facet normal 0 0 -1
    outer loop
      vertex 41.55 12.4983 0
      vertex 44.2056 13.9185 0
      vertex 42.2944 11.0782 0
    endloop
  endfacet
  facet normal 0 0 -1
    outer loop
      vertex 43.9136 14.1136 0
      vertex 42.5864 14.1136 0
      vertex 42.7815 14.4056 0
    endloop
  endfacet
  facet normal 0 0 -1
    outer loop
      vertex 44.2056 13.9185 0
      vertex 42.2944 13.9185 0
      vertex 43.9136 14.1136 0
    endloop
  endfacet
  facet normal -0 0 -1
    outer loop
      vertex 43.9136 14.1136 0
      vertex 42.2944 13.9185 0
      vertex 42.5864 14.1136 0
    endloop
  endfacet
  facet normal 0 0 -1
    outer loop
      vertex 41.4815 12.1539 0
      vertex 42.2944 11.0782 0
      vertex 41.95 11.1467 0
    endloop
  endfacet
  facet normal -0 0 -1
    outer loop
      vertex 44.2056 13.9185 0
      vertex 41.55 12.4983 0
      vertex 42.2944 13.9185 0
    endloop
  endfacet
  facet normal 0 0 -1
    outer loop
      vertex 41.2864 11.8619 0
      vertex 41.95 11.1467 0
      vertex 41.6056 11.0782 0
    endloop
  endfacet
  facet normal 0 0 -1
    outer loop
      vertex 41.4815 12.8427 0
      vertex 42.2944 13.9185 0
      vertex 41.55 12.4983 0
    endloop
  endfacet
  facet normal 0 0 -1
    outer loop
      vertex 42.2944 13.9185 0
      vertex 41.4815 12.8427 0
      vertex 41.95 13.85 0
    endloop
  endfacet
  facet normal 0 0 -1
    outer loop
      vertex 42.2944 11.0782 0
      vertex 41.4815 12.1539 0
      vertex 41.55 12.4983 0
    endloop
  endfacet
  facet normal 0 0 -1
    outer loop
      vertex 40.9944 11.6668 0
      vertex 41.6056 11.0782 0
      vertex 41.3136 10.8831 0
    endloop
  endfacet
  facet normal 0 0 -1
    outer loop
      vertex 41.95 11.1467 0
      vertex 41.2864 11.8619 0
      vertex 41.4815 12.1539 0
    endloop
  endfacet
  facet normal 0 0 -1
    outer loop
      vertex 40.65 11.5983 0
      vertex 41.3136 10.8831 0
      vertex 41.1185 10.5911 0
    endloop
  endfacet
  facet normal 0 0 -1
    outer loop
      vertex 40.3056 11.6668 0
      vertex 41.1185 10.5911 0
      vertex 41.05 10.2467 0
    endloop
  endfacet
  facet normal 0 0 -1
    outer loop
      vertex 41.6056 11.0782 0
      vertex 40.9944 11.6668 0
      vertex 41.2864 11.8619 0
    endloop
  endfacet
  facet normal 0 0 -1
    outer loop
      vertex 52.55 0 0
      vertex 53.35 0.800003 0
      vertex 53.3431 0.695587 0
    endloop
  endfacet
  facet normal 0 0 -1
    outer loop
      vertex 53.35 0.800003 0
      vertex 45.45 14.75 0
      vertex 53.35 28.7 0
    endloop
  endfacet
  facet normal 0 0 -1
    outer loop
      vertex 52.55 0 0
      vertex 53.3431 0.695587 0
      vertex 53.3227 0.592941 0
    endloop
  endfacet
  facet normal 0 0 -1
    outer loop
      vertex 45.3815 15.0944 0
      vertex 53.35 28.7 0
      vertex 45.45 14.75 0
    endloop
  endfacet
  facet normal 0 0 -1
    outer loop
      vertex 52.55 0 0
      vertex 53.3227 0.592941 0
      vertex 53.2891 0.493851 0
    endloop
  endfacet
  facet normal 0 0 -1
    outer loop
      vertex 45.1864 15.3864 0
      vertex 53.35 28.7 0
      vertex 45.3815 15.0944 0
    endloop
  endfacet
  facet normal 0 0 -1
    outer loop
      vertex 52.55 0 0
      vertex 53.2891 0.493851 0
      vertex 53.2428 0.400009 0
    endloop
  endfacet
  facet normal 0 0 -1
    outer loop
      vertex 42.7815 19.5977 0
      vertex 53.35 28.7 0
      vertex 45.1864 15.3864 0
    endloop
  endfacet
  facet normal 0 0 -1
    outer loop
      vertex 52.55 0 0
      vertex 53.2428 0.400009 0
      vertex 53.1847 0.312988 0
    endloop
  endfacet
  facet normal 0 0 -1
    outer loop
      vertex 42.5864 19.8897 0
      vertex 53.35 28.7 0
      vertex 42.7815 19.5977 0
    endloop
  endfacet
  facet normal 0 0 -1
    outer loop
      vertex 52.55 0 0
      vertex 53.1847 0.312988 0
      vertex 53.1157 0.234314 0
    endloop
  endfacet
  facet normal 0 -0 -1
    outer loop
      vertex 52.55 29.5 0
      vertex 53.35 28.7 0
      vertex 42.5864 19.8897 0
    endloop
  endfacet
  facet normal 0 0 -1
    outer loop
      vertex 52.55 0 0
      vertex 53.1157 0.234314 0
      vertex 53.037 0.165314 0
    endloop
  endfacet
  facet normal 0 0 -1
    outer loop
      vertex 53.3431 28.8044 0
      vertex 52.55 29.5 0
      vertex 53.3227 28.9071 0
    endloop
  endfacet
  facet normal 0 0 -1
    outer loop
      vertex 52.55 0 0
      vertex 53.037 0.165314 0
      vertex 52.95 0.107178 0
    endloop
  endfacet
  facet normal 0 0 -1
    outer loop
      vertex 53.3227 28.9071 0
      vertex 52.55 29.5 0
      vertex 53.2891 29.0061 0
    endloop
  endfacet
  facet normal 0 0 -1
    outer loop
      vertex 52.55 0 0
      vertex 52.95 0.107178 0
      vertex 52.8561 0.0608978 0
    endloop
  endfacet
  facet normal 0 0 -1
    outer loop
      vertex 53.2891 29.0061 0
      vertex 52.55 29.5 0
      vertex 53.2428 29.1 0
    endloop
  endfacet
  facet normal 0 0 -1
    outer loop
      vertex 52.55 0 0
      vertex 52.8561 0.0608978 0
      vertex 52.757 0.0272675 0
    endloop
  endfacet
  facet normal 0 0 -1
    outer loop
      vertex 53.2428 29.1 0
      vertex 52.55 29.5 0
      vertex 53.1847 29.187 0
    endloop
  endfacet
  facet normal 0 0 -1
    outer loop
      vertex 52.55 0 0
      vertex 52.757 0.0272675 0
      vertex 52.6544 0.0068512 0
    endloop
  endfacet
  facet normal 0 0 -1
    outer loop
      vertex 53.1847 29.187 0
      vertex 52.55 29.5 0
      vertex 53.1157 29.2657 0
    endloop
  endfacet
  facet normal -0 0 -1
    outer loop
      vertex 53.35 0.800003 0
      vertex 52.55 0 0
      vertex 42.5864 9.61027 0
    endloop
  endfacet
  facet normal 0 0 -1
    outer loop
      vertex 53.1157 29.2657 0
      vertex 52.55 29.5 0
      vertex 53.037 29.3347 0
    endloop
  endfacet
  facet normal 0 0 -1
    outer loop
      vertex 52.95 29.3928 0
      vertex 52.55 29.5 0
      vertex 52.8561 29.4391 0
    endloop
  endfacet
  facet normal 0 0 -1
    outer loop
      vertex 53.35 0.800003 0
      vertex 45.3815 14.4056 0
      vertex 45.45 14.75 0
    endloop
  endfacet
  facet normal 0 0 -1
    outer loop
      vertex 53.35 0.800003 0
      vertex 45.1864 14.1136 0
      vertex 45.3815 14.4056 0
    endloop
  endfacet
  facet normal 0 0 -1
    outer loop
      vertex 53.35 0.800003 0
      vertex 42.7815 9.90225 0
      vertex 45.1864 14.1136 0
    endloop
  endfacet
  facet normal 0 -0 -1
    outer loop
      vertex 42.85 10.2467 0
      vertex 45.1864 14.1136 0
      vertex 42.7815 9.90225 0
    endloop
  endfacet
  facet normal 0 0 -1
    outer loop
      vertex 42.7815 10.5911 0
      vertex 44.8944 13.9185 0
      vertex 42.85 10.2467 0
    endloop
  endfacet
  facet normal 0 0 -1
    outer loop
      vertex 44.8944 13.9185 0
      vertex 42.7815 10.5911 0
      vertex 44.55 13.85 0
    endloop
  endfacet
  facet normal 0 0 -1
    outer loop
      vertex 42.5864 10.8831 0
      vertex 44.55 13.85 0
      vertex 42.7815 10.5911 0
    endloop
  endfacet
  facet normal 0 0 -1
    outer loop
      vertex 43.9136 14.1136 0
      vertex 42.85 14.75 0
      vertex 43.7185 14.4056 0
    endloop
  endfacet
  facet normal -0 0 -1
    outer loop
      vertex 44.55 13.85 0
      vertex 42.5864 10.8831 0
      vertex 44.2056 13.9185 0
    endloop
  endfacet
  facet normal 0 0 -1
    outer loop
      vertex 45.1864 14.1136 0
      vertex 42.85 10.2467 0
      vertex 44.8944 13.9185 0
    endloop
  endfacet
  facet normal 0 0 -1
    outer loop
      vertex 53.35 0.800003 0
      vertex 42.5864 9.61027 0
      vertex 42.7815 9.90225 0
    endloop
  endfacet
  facet normal 0 0 -1
    outer loop
      vertex 52.55 0 0
      vertex 42.2944 9.41518 0
      vertex 42.5864 9.61027 0
    endloop
  endfacet
  facet normal 0 0 -1
    outer loop
      vertex 52.55 0 0
      vertex 41.95 9.34667 0
      vertex 42.2944 9.41518 0
    endloop
  endfacet
  facet normal 0 0 -1
    outer loop
      vertex 36.75 9.34667 0
      vertex 41.95 9.34667 0
      vertex 52.55 0 0
    endloop
  endfacet
  facet normal 0 0 -1
    outer loop
      vertex 41.95 9.34667 0
      vertex 36.75 9.34667 0
      vertex 41.6056 9.41518 0
    endloop
  endfacet
  facet normal 0 0 -1
    outer loop
      vertex 41.3136 10.8831 0
      vertex 40.65 11.5983 0
      vertex 40.9944 11.6668 0
    endloop
  endfacet
  facet normal 0 0 -1
    outer loop
      vertex 37.65 10.2467 0
      vertex 41.05 10.2467 0
      vertex 41.1185 9.90225 0
    endloop
  endfacet
  facet normal 0 0 -1
    outer loop
      vertex 41.1185 10.5911 0
      vertex 40.3056 11.6668 0
      vertex 40.65 11.5983 0
    endloop
  endfacet
  facet normal 0 0 -1
    outer loop
      vertex 41.05 10.2467 0
      vertex 37.65 10.2467 0
      vertex 40.3056 11.6668 0
    endloop
  endfacet
  facet normal 0 0 -1
    outer loop
      vertex 40.3056 11.6668 0
      vertex 38.3944 11.6668 0
      vertex 40.0136 11.8619 0
    endloop
  endfacet
  facet normal 0 0 -1
    outer loop
      vertex 40.0136 16.3653 0
      vertex 38.95 17.0017 0
      vertex 39.8185 16.6572 0
    endloop
  endfacet
  facet normal 0 0 -1
    outer loop
      vertex 39.8185 12.1539 0
      vertex 38.95 12.4983 0
      vertex 39.75 12.4983 0
    endloop
  endfacet
  facet normal 0 0 -1
    outer loop
      vertex 40.0136 11.8619 0
      vertex 38.6864 11.8619 0
      vertex 39.8185 12.1539 0
    endloop
  endfacet
  facet normal 0 0 -1
    outer loop
      vertex 37.5815 9.90225 0
      vertex 41.1185 9.90225 0
      vertex 41.3136 9.61027 0
    endloop
  endfacet
  facet normal 0 0 -1
    outer loop
      vertex 39.8185 12.1539 0
      vertex 38.8815 12.1539 0
      vertex 38.95 12.4983 0
    endloop
  endfacet
  facet normal -0 0 -1
    outer loop
      vertex 39.8185 12.1539 0
      vertex 38.6864 11.8619 0
      vertex 38.8815 12.1539 0
    endloop
  endfacet
  facet normal -0 0 -1
    outer loop
      vertex 40.0136 11.8619 0
      vertex 38.3944 11.6668 0
      vertex 38.6864 11.8619 0
    endloop
  endfacet
  facet normal 0 0 -1
    outer loop
      vertex 41.6056 9.41518 0
      vertex 37.0944 9.41518 0
      vertex 41.3136 9.61027 0
    endloop
  endfacet
  facet normal 0 0 -1
    outer loop
      vertex 41.1185 9.90225 0
      vertex 37.5815 9.90225 0
      vertex 37.65 10.2467 0
    endloop
  endfacet
  facet normal 0 0 -1
    outer loop
      vertex 37.5815 10.5911 0
      vertex 38.3944 11.6668 0
      vertex 37.65 10.2467 0
    endloop
  endfacet
  facet normal 0 0 -1
    outer loop
      vertex 38.3944 11.6668 0
      vertex 37.5815 10.5911 0
      vertex 38.05 11.5983 0
    endloop
  endfacet
  facet normal -0 0 -1
    outer loop
      vertex 40.3056 11.6668 0
      vertex 37.65 10.2467 0
      vertex 38.3944 11.6668 0
    endloop
  endfacet
  facet normal 0 0 -1
    outer loop
      vertex 41.3136 9.61027 0
      vertex 37.3864 9.61027 0
      vertex 37.5815 9.90225 0
    endloop
  endfacet
  facet normal -0 0 -1
    outer loop
      vertex 41.3136 9.61027 0
      vertex 37.0944 9.41518 0
      vertex 37.3864 9.61027 0
    endloop
  endfacet
  facet normal -0 0 -1
    outer loop
      vertex 41.6056 9.41518 0
      vertex 36.75 9.34667 0
      vertex 37.0944 9.41518 0
    endloop
  endfacet
  facet normal 0 0 -1
    outer loop
      vertex 52.55 0 0
      vertex 36.4056 9.41518 0
      vertex 36.75 9.34667 0
    endloop
  endfacet
  facet normal 0 -0 -1
    outer loop
      vertex 34.9815 14.4056 0
      vertex 35.9185 14.4056 0
      vertex 34.7864 14.1136 0
    endloop
  endfacet
  facet normal 0 0 -1
    outer loop
      vertex 34.9815 15.0944 0
      vertex 35.85 14.75 0
      vertex 35.05 14.75 0
    endloop
  endfacet
  facet normal -0 0 -1
    outer loop
      vertex 35.85 14.75 0
      vertex 34.9815 14.4056 0
      vertex 35.05 14.75 0
    endloop
  endfacet
  facet normal 0 0 -1
    outer loop
      vertex 33.5136 14.1136 0
      vertex 35.85 10.2467 0
      vertex 35.9185 9.90225 0
    endloop
  endfacet
  facet normal 0 0 -1
    outer loop
      vertex 35.9185 14.4056 0
      vertex 34.9815 14.4056 0
      vertex 35.85 14.75 0
    endloop
  endfacet
  facet normal -0 0 -1
    outer loop
      vertex 36.1136 14.1136 0
      vertex 34.4944 13.9185 0
      vertex 34.7864 14.1136 0
    endloop
  endfacet
  facet normal 0 0 -1
    outer loop
      vertex 36.1136 10.8831 0
      vertex 34.15 13.85 0
      vertex 34.4944 13.9185 0
    endloop
  endfacet
  facet normal 0 0 -1
    outer loop
      vertex 35.9185 10.5911 0
      vertex 33.8056 13.9185 0
      vertex 34.15 13.85 0
    endloop
  endfacet
  facet normal 0 0 -1
    outer loop
      vertex 35.85 10.2467 0
      vertex 33.5136 14.1136 0
      vertex 33.8056 13.9185 0
    endloop
  endfacet
  facet normal 0 0 -1
    outer loop
      vertex 0.800003 0 0
      vertex 33.5136 14.1136 0
      vertex 35.9185 9.90225 0
    endloop
  endfacet
  facet normal -0 0 -1
    outer loop
      vertex 33.3185 14.4056 0
      vertex 0.800003 0 0
      vertex 33.25 14.75 0
    endloop
  endfacet
  facet normal -0 0 -1
    outer loop
      vertex 33.5136 14.1136 0
      vertex 0.800003 0 0
      vertex 33.3185 14.4056 0
    endloop
  endfacet
  facet normal -0 0 -1
    outer loop
      vertex 36.1136 9.61027 0
      vertex 0.800003 0 0
      vertex 35.9185 9.90225 0
    endloop
  endfacet
  facet normal -0 0 -1
    outer loop
      vertex 36.4056 9.41518 0
      vertex 0.800003 0 0
      vertex 36.1136 9.61027 0
    endloop
  endfacet
  facet normal 0 0 -1
    outer loop
      vertex 0.800003 0 0
      vertex 36.4056 9.41518 0
      vertex 52.55 0 0
    endloop
  endfacet
  facet normal 0 0 -1
    outer loop
      vertex 52.8561 29.4391 0
      vertex 52.55 29.5 0
      vertex 52.757 29.4727 0
    endloop
  endfacet
  facet normal 0 0 -1
    outer loop
      vertex 52.757 29.4727 0
      vertex 52.55 29.5 0
      vertex 52.6544 29.4931 0
    endloop
  endfacet
  facet normal 0 0 -1
    outer loop
      vertex 42.85 19.2533 0
      vertex 45.1864 15.3864 0
      vertex 44.8944 15.5815 0
    endloop
  endfacet
  facet normal 0 0 -1
    outer loop
      vertex 42.85 19.2533 0
      vertex 44.8944 15.5815 0
      vertex 44.55 15.65 0
    endloop
  endfacet
  facet normal 0 0 -1
    outer loop
      vertex 42.85 19.2533 0
      vertex 44.55 15.65 0
      vertex 44.2056 15.5815 0
    endloop
  endfacet
  facet normal 0 0 -1
    outer loop
      vertex 42.85 19.2533 0
      vertex 44.2056 15.5815 0
      vertex 43.9136 15.3864 0
    endloop
  endfacet
  facet normal 0 0 -1
    outer loop
      vertex 42.7815 15.0944 0
      vertex 43.7185 15.0944 0
      vertex 42.85 14.75 0
    endloop
  endfacet
  facet normal 0 0 -1
    outer loop
      vertex 43.7185 14.4056 0
      vertex 42.85 14.75 0
      vertex 43.65 14.75 0
    endloop
  endfacet
  facet normal 0 0 -1
    outer loop
      vertex 42.85 14.75 0
      vertex 43.7185 15.0944 0
      vertex 43.65 14.75 0
    endloop
  endfacet
  facet normal 0 0 -1
    outer loop
      vertex 43.7185 15.0944 0
      vertex 42.7815 15.0944 0
      vertex 43.9136 15.3864 0
    endloop
  endfacet
  facet normal 0 0 -1
    outer loop
      vertex 45.1864 15.3864 0
      vertex 42.85 19.2533 0
      vertex 42.7815 19.5977 0
    endloop
  endfacet
  facet normal 0 0 -1
    outer loop
      vertex 53.037 29.3347 0
      vertex 52.55 29.5 0
      vertex 52.95 29.3928 0
    endloop
  endfacet
  facet normal 0 0 -1
    outer loop
      vertex 53.35 28.7 0
      vertex 52.55 29.5 0
      vertex 53.3431 28.8044 0
    endloop
  endfacet
  facet normal 0 0 -1
    outer loop
      vertex 42.2944 20.0848 0
      vertex 52.55 29.5 0
      vertex 42.5864 19.8897 0
    endloop
  endfacet
  facet normal 0 0 -1
    outer loop
      vertex 41.95 20.1533 0
      vertex 52.55 29.5 0
      vertex 42.2944 20.0848 0
    endloop
  endfacet
  facet normal 0 0 -1
    outer loop
      vertex 36.75 20.1533 0
      vertex 41.95 20.1533 0
      vertex 41.6056 20.0848 0
    endloop
  endfacet
  facet normal 0 0 -1
    outer loop
      vertex 37.0944 20.0848 0
      vertex 41.6056 20.0848 0
      vertex 41.3136 19.8897 0
    endloop
  endfacet
  facet normal 0 0 -1
    outer loop
      vertex 40.3056 17.8332 0
      vertex 41.1185 18.9089 0
      vertex 40.65 17.9017 0
    endloop
  endfacet
  facet normal -0 0 -1
    outer loop
      vertex 41.1185 18.9089 0
      vertex 40.3056 17.8332 0
      vertex 41.05 19.2533 0
    endloop
  endfacet
  facet normal 0 0 -1
    outer loop
      vertex 37.65 19.2533 0
      vertex 41.05 19.2533 0
      vertex 40.3056 17.8332 0
    endloop
  endfacet
  facet normal 0 0 -1
    outer loop
      vertex 38.3944 17.8332 0
      vertex 40.3056 17.8332 0
      vertex 40.0136 17.6381 0
    endloop
  endfacet
  facet normal 0 0 -1
    outer loop
      vertex 38.6864 17.6381 0
      vertex 40.0136 17.6381 0
      vertex 39.8185 17.3461 0
    endloop
  endfacet
  facet normal 0 0 -1
    outer loop
      vertex 39.8185 16.6572 0
      vertex 38.95 17.0017 0
      vertex 39.75 17.0017 0
    endloop
  endfacet
  facet normal 0 0 -1
    outer loop
      vertex 38.95 17.0017 0
      vertex 39.8185 17.3461 0
      vertex 39.75 17.0017 0
    endloop
  endfacet
  facet normal 0 0 -1
    outer loop
      vertex 38.8815 17.3461 0
      vertex 39.8185 17.3461 0
      vertex 38.95 17.0017 0
    endloop
  endfacet
  facet normal 0 0 -1
    outer loop
      vertex 38.6864 17.6381 0
      vertex 39.8185 17.3461 0
      vertex 38.8815 17.3461 0
    endloop
  endfacet
  facet normal 0 0 -1
    outer loop
      vertex 38.3944 17.8332 0
      vertex 40.0136 17.6381 0
      vertex 38.6864 17.6381 0
    endloop
  endfacet
  facet normal 0 0 -1
    outer loop
      vertex 37.65 19.2533 0
      vertex 40.3056 17.8332 0
      vertex 38.3944 17.8332 0
    endloop
  endfacet
  facet normal 0 0 -1
    outer loop
      vertex 41.05 19.2533 0
      vertex 37.65 19.2533 0
      vertex 41.1185 19.5977 0
    endloop
  endfacet
  facet normal 0 0 -1
    outer loop
      vertex 37.5815 19.5977 0
      vertex 41.1185 19.5977 0
      vertex 37.65 19.2533 0
    endloop
  endfacet
  facet normal 0 0 -1
    outer loop
      vertex 37.5815 18.9089 0
      vertex 38.3944 17.8332 0
      vertex 38.05 17.9017 0
    endloop
  endfacet
  facet normal 0 0 -1
    outer loop
      vertex 37.3864 18.6169 0
      vertex 38.05 17.9017 0
      vertex 37.7056 17.8332 0
    endloop
  endfacet
  facet normal 0 0 -1
    outer loop
      vertex 41.1185 19.5977 0
      vertex 37.5815 19.5977 0
      vertex 41.3136 19.8897 0
    endloop
  endfacet
  facet normal 0 0 -1
    outer loop
      vertex 37.3864 19.8897 0
      vertex 41.3136 19.8897 0
      vertex 37.5815 19.5977 0
    endloop
  endfacet
  facet normal 0 0 -1
    outer loop
      vertex 37.0944 20.0848 0
      vertex 41.3136 19.8897 0
      vertex 37.3864 19.8897 0
    endloop
  endfacet
  facet normal 0 0 -1
    outer loop
      vertex 36.75 20.1533 0
      vertex 41.6056 20.0848 0
      vertex 37.0944 20.0848 0
    endloop
  endfacet
  facet normal 0 0 -1
    outer loop
      vertex 41.95 20.1533 0
      vertex 36.75 20.1533 0
      vertex 52.55 29.5 0
    endloop
  endfacet
  facet normal 0 0 -1
    outer loop
      vertex 36.4056 20.0848 0
      vertex 52.55 29.5 0
      vertex 36.75 20.1533 0
    endloop
  endfacet
  facet normal 0 0 -1
    outer loop
      vertex 35.9185 15.0944 0
      vertex 34.9815 15.0944 0
      vertex 34.7864 15.3864 0
    endloop
  endfacet
  facet normal 0 0 -1
    outer loop
      vertex 34.15 15.65 0
      vertex 36.1136 18.6169 0
      vertex 34.4944 15.5815 0
    endloop
  endfacet
  facet normal -0 0 -1
    outer loop
      vertex 36.1136 18.6169 0
      vertex 34.15 15.65 0
      vertex 35.9185 18.9089 0
    endloop
  endfacet
  facet normal 0 0 -1
    outer loop
      vertex 33.8056 15.5815 0
      vertex 35.9185 18.9089 0
      vertex 34.15 15.65 0
    endloop
  endfacet
  facet normal -0 0 -1
    outer loop
      vertex 35.9185 18.9089 0
      vertex 33.8056 15.5815 0
      vertex 35.85 19.2533 0
    endloop
  endfacet
  facet normal 0 0 -1
    outer loop
      vertex 33.5136 15.3864 0
      vertex 35.85 19.2533 0
      vertex 33.8056 15.5815 0
    endloop
  endfacet
  facet normal -0 0 -1
    outer loop
      vertex 35.85 19.2533 0
      vertex 33.5136 15.3864 0
      vertex 35.9185 19.5977 0
    endloop
  endfacet
  facet normal 0 0 -1
    outer loop
      vertex 0.800003 29.5 0
      vertex 33.5136 15.3864 0
      vertex 33.3185 15.0944 0
    endloop
  endfacet
  facet normal 0 0 -1
    outer loop
      vertex 0 0.800003 0
      vertex 33.25 14.75 0
      vertex 0.800003 0 0
    endloop
  endfacet
  facet normal 0 0 -1
    outer loop
      vertex 0 28.7 0
      vertex 33.25 14.75 0
      vertex 0 0.800003 0
    endloop
  endfacet
  facet normal 0 0 -1
    outer loop
      vertex 33.5136 15.3864 0
      vertex 0.800003 29.5 0
      vertex 35.9185 19.5977 0
    endloop
  endfacet
  facet normal 0 0 -1
    outer loop
      vertex 35.9185 19.5977 0
      vertex 0.800003 29.5 0
      vertex 36.1136 19.8897 0
    endloop
  endfacet
  facet normal 0 0 -1
    outer loop
      vertex 36.1136 19.8897 0
      vertex 0.800003 29.5 0
      vertex 36.4056 20.0848 0
    endloop
  endfacet
  facet normal 0 0 -1
    outer loop
      vertex 36.4056 20.0848 0
      vertex 0.800003 29.5 0
      vertex 52.55 29.5 0
    endloop
  endfacet
  facet normal 0 0 -1
    outer loop
      vertex 0 0.800003 0
      vertex 0.800003 0 0
      vertex 0.695587 0.0068512 0
    endloop
  endfacet
  facet normal 0 -0 -1
    outer loop
      vertex 0.800003 29.5 0
      vertex 33.25 14.75 0
      vertex 0 28.7 0
    endloop
  endfacet
  facet normal 0 0 -1
    outer loop
      vertex 0 0.800003 0
      vertex 0.695587 0.0068512 0
      vertex 0.592941 0.0272675 0
    endloop
  endfacet
  facet normal 0 0 -1
    outer loop
      vertex 33.25 14.75 0
      vertex 0.800003 29.5 0
      vertex 33.3185 15.0944 0
    endloop
  endfacet
  facet normal 0 0 -1
    outer loop
      vertex 0 0.800003 0
      vertex 0.592941 0.0272675 0
      vertex 0.493851 0.0608978 0
    endloop
  endfacet
  facet normal 0 0 -1
    outer loop
      vertex 0.800003 29.5 0
      vertex 0 28.7 0
      vertex 0.695587 29.4931 0
    endloop
  endfacet
  facet normal 0 0 -1
    outer loop
      vertex 0 0.800003 0
      vertex 0.493851 0.0608978 0
      vertex 0.400009 0.107178 0
    endloop
  endfacet
  facet normal 0 0 -1
    outer loop
      vertex 0.695587 29.4931 0
      vertex 0 28.7 0
      vertex 0.592941 29.4727 0
    endloop
  endfacet
  facet normal 0 0 -1
    outer loop
      vertex 0 0.800003 0
      vertex 0.400009 0.107178 0
      vertex 0.312988 0.165314 0
    endloop
  endfacet
  facet normal 0 0 -1
    outer loop
      vertex 0.592941 29.4727 0
      vertex 0 28.7 0
      vertex 0.493851 29.4391 0
    endloop
  endfacet
  facet normal 0 0 -1
    outer loop
      vertex 0 0.800003 0
      vertex 0.312988 0.165314 0
      vertex 0.234314 0.234314 0
    endloop
  endfacet
  facet normal 0 0 -1
    outer loop
      vertex 0.493851 29.4391 0
      vertex 0 28.7 0
      vertex 0.400009 29.3928 0
    endloop
  endfacet
  facet normal 0 0 -1
    outer loop
      vertex 0 0.800003 0
      vertex 0.234314 0.234314 0
      vertex 0.165314 0.312988 0
    endloop
  endfacet
  facet normal 0 0 -1
    outer loop
      vertex 0.400009 29.3928 0
      vertex 0 28.7 0
      vertex 0.312988 29.3347 0
    endloop
  endfacet
  facet normal 0 0 -1
    outer loop
      vertex 0 0.800003 0
      vertex 0.165314 0.312988 0
      vertex 0.107178 0.400009 0
    endloop
  endfacet
  facet normal 0 0 -1
    outer loop
      vertex 0.312988 29.3347 0
      vertex 0 28.7 0
      vertex 0.234314 29.2657 0
    endloop
  endfacet
  facet normal 0 0 -1
    outer loop
      vertex 0 0.800003 0
      vertex 0.107178 0.400009 0
      vertex 0.0608978 0.493851 0
    endloop
  endfacet
  facet normal 0 0 -1
    outer loop
      vertex 0.234314 29.2657 0
      vertex 0 28.7 0
      vertex 0.165314 29.187 0
    endloop
  endfacet
  facet normal 0 0 -1
    outer loop
      vertex 0 0.800003 0
      vertex 0.0608978 0.493851 0
      vertex 0.0272675 0.592941 0
    endloop
  endfacet
  facet normal 0 0 -1
    outer loop
      vertex 0.165314 29.187 0
      vertex 0 28.7 0
      vertex 0.107178 29.1 0
    endloop
  endfacet
  facet normal 0 0 -1
    outer loop
      vertex 0 0.800003 0
      vertex 0.0272675 0.592941 0
      vertex 0.0068512 0.695587 0
    endloop
  endfacet
  facet normal 0 0 -1
    outer loop
      vertex 0.107178 29.1 0
      vertex 0 28.7 0
      vertex 0.0608978 29.0061 0
    endloop
  endfacet
  facet normal 0 0 -1
    outer loop
      vertex 0.0608978 29.0061 0
      vertex 0 28.7 0
      vertex 0.0272675 28.9071 0
    endloop
  endfacet
  facet normal 0 0 -1
    outer loop
      vertex 0.0272675 28.9071 0
      vertex 0 28.7 0
      vertex 0.0068512 28.8044 0
    endloop
  endfacet
  facet normal 0 0 -1
    outer loop
      vertex 41.2864 13.1347 0
      vertex 41.95 13.85 0
      vertex 41.4815 12.8427 0
    endloop
  endfacet
  facet normal -0 0 -1
    outer loop
      vertex 41.95 13.85 0
      vertex 41.2864 13.1347 0
      vertex 41.6056 13.9185 0
    endloop
  endfacet
  facet normal 0 0 -1
    outer loop
      vertex 40.9944 13.3298 0
      vertex 41.6056 13.9185 0
      vertex 41.2864 13.1347 0
    endloop
  endfacet
  facet normal -0 0 -1
    outer loop
      vertex 41.6056 13.9185 0
      vertex 40.9944 13.3298 0
      vertex 41.3136 14.1136 0
    endloop
  endfacet
  facet normal 0 0 -1
    outer loop
      vertex 40.65 13.3983 0
      vertex 41.3136 14.1136 0
      vertex 40.9944 13.3298 0
    endloop
  endfacet
  facet normal -0 0 -1
    outer loop
      vertex 41.3136 14.1136 0
      vertex 40.65 13.3983 0
      vertex 41.1185 14.4056 0
    endloop
  endfacet
  facet normal 0 0 -1
    outer loop
      vertex 41.2864 17.6381 0
      vertex 41.95 18.3533 0
      vertex 41.4815 17.3461 0
    endloop
  endfacet
  facet normal -0 0 -1
    outer loop
      vertex 41.95 18.3533 0
      vertex 41.2864 17.6381 0
      vertex 41.6056 18.4218 0
    endloop
  endfacet
  facet normal 0 0 -1
    outer loop
      vertex 40.9944 17.8332 0
      vertex 41.6056 18.4218 0
      vertex 41.2864 17.6381 0
    endloop
  endfacet
  facet normal -0 0 -1
    outer loop
      vertex 41.6056 18.4218 0
      vertex 40.9944 17.8332 0
      vertex 41.3136 18.6169 0
    endloop
  endfacet
  facet normal 0 0 -1
    outer loop
      vertex 40.65 17.9017 0
      vertex 41.3136 18.6169 0
      vertex 40.9944 17.8332 0
    endloop
  endfacet
  facet normal -0 0 -1
    outer loop
      vertex 41.3136 18.6169 0
      vertex 40.65 17.9017 0
      vertex 41.1185 18.9089 0
    endloop
  endfacet
  facet normal 0 0 1
    outer loop
      vertex 38.3944 11.6668 1.6
      vertex 37.5815 10.5911 1.6
      vertex 37.65 10.2467 1.6
    endloop
  endfacet
  facet normal 0 0 1
    outer loop
      vertex 37.0944 11.0782 1.6
      vertex 37.7056 11.6668 1.6
      vertex 37.4136 11.8619 1.6
    endloop
  endfacet
  facet normal 0 0 1
    outer loop
      vertex 38.05 11.5983 1.6
      vertex 37.3864 10.8831 1.6
      vertex 37.5815 10.5911 1.6
    endloop
  endfacet
  facet normal 0 0 1
    outer loop
      vertex 36.75 11.1467 1.6
      vertex 37.4136 11.8619 1.6
      vertex 37.2185 12.1539 1.6
    endloop
  endfacet
  facet normal 0 0 1
    outer loop
      vertex 36.4056 11.0782 1.6
      vertex 37.2185 12.1539 1.6
      vertex 37.15 12.4983 1.6
    endloop
  endfacet
  facet normal 0 0 1
    outer loop
      vertex 37.7056 11.6668 1.6
      vertex 37.0944 11.0782 1.6
      vertex 37.3864 10.8831 1.6
    endloop
  endfacet
  facet normal 0 0 1
    outer loop
      vertex 36.4056 13.9185 1.6
      vertex 37.2185 12.8427 1.6
      vertex 36.75 13.85 1.6
    endloop
  endfacet
  facet normal 0 0 1
    outer loop
      vertex 37.2185 12.8427 1.6
      vertex 36.4056 13.9185 1.6
      vertex 37.15 12.4983 1.6
    endloop
  endfacet
  facet normal 0 0 1
    outer loop
      vertex 37.4136 11.8619 1.6
      vertex 36.75 11.1467 1.6
      vertex 37.0944 11.0782 1.6
    endloop
  endfacet
  facet normal -0 0 1
    outer loop
      vertex 34.4944 13.9185 1.6
      vertex 37.15 12.4983 1.6
      vertex 36.4056 13.9185 1.6
    endloop
  endfacet
  facet normal 0 0 1
    outer loop
      vertex 37.2185 12.1539 1.6
      vertex 36.4056 11.0782 1.6
      vertex 36.75 11.1467 1.6
    endloop
  endfacet
  facet normal 0 0 1
    outer loop
      vertex 34.4944 13.9185 1.6
      vertex 36.4056 13.9185 1.6
      vertex 36.1136 14.1136 1.6
    endloop
  endfacet
  facet normal 0 0 1
    outer loop
      vertex 37.15 12.4983 1.6
      vertex 34.4944 13.9185 1.6
      vertex 36.4056 11.0782 1.6
    endloop
  endfacet
  facet normal 0 0 1
    outer loop
      vertex 34.7864 14.1136 1.6
      vertex 36.1136 14.1136 1.6
      vertex 35.9185 14.4056 1.6
    endloop
  endfacet
  facet normal 0 0 1
    outer loop
      vertex 34.4944 13.9185 1.6
      vertex 36.1136 14.1136 1.6
      vertex 34.7864 14.1136 1.6
    endloop
  endfacet
  facet normal 0 0 1
    outer loop
      vertex 34.9815 14.4056 1.6
      vertex 35.9185 14.4056 1.6
      vertex 35.85 14.75 1.6
    endloop
  endfacet
  facet normal 0 0 1
    outer loop
      vertex 36.4056 11.0782 1.6
      vertex 34.4944 13.9185 1.6
      vertex 36.1136 10.8831 1.6
    endloop
  endfacet
  facet normal 0 0 1
    outer loop
      vertex 37.65 14.75 1.6
      vertex 41.05 14.75 1.6
      vertex 38.3944 16.1702 1.6
    endloop
  endfacet
  facet normal 0 0 1
    outer loop
      vertex 40.0136 13.1347 1.6
      vertex 38.8815 12.8427 1.6
      vertex 38.95 12.4983 1.6
    endloop
  endfacet
  facet normal 0 0 1
    outer loop
      vertex 41.05 14.75 1.6
      vertex 37.65 14.75 1.6
      vertex 40.3056 13.3298 1.6
    endloop
  endfacet
  facet normal 0 0 1
    outer loop
      vertex 40.0136 13.1347 1.6
      vertex 38.6864 13.1347 1.6
      vertex 38.8815 12.8427 1.6
    endloop
  endfacet
  facet normal 0 0 1
    outer loop
      vertex 40.3056 13.3298 1.6
      vertex 38.3944 13.3298 1.6
      vertex 40.0136 13.1347 1.6
    endloop
  endfacet
  facet normal 0 0 1
    outer loop
      vertex 40.0136 13.1347 1.6
      vertex 38.3944 13.3298 1.6
      vertex 38.6864 13.1347 1.6
    endloop
  endfacet
  facet normal 0 0 1
    outer loop
      vertex 37.5815 15.0944 1.6
      vertex 38.3944 16.1702 1.6
      vertex 38.05 16.1017 1.6
    endloop
  endfacet
  facet normal 0 0 1
    outer loop
      vertex 40.3056 13.3298 1.6
      vertex 37.65 14.75 1.6
      vertex 38.3944 13.3298 1.6
    endloop
  endfacet
  facet normal 0 0 1
    outer loop
      vertex 37.3864 15.3864 1.6
      vertex 38.05 16.1017 1.6
      vertex 37.7056 16.1702 1.6
    endloop
  endfacet
  facet normal -0 0 1
    outer loop
      vertex 37.5815 14.4056 1.6
      vertex 38.3944 13.3298 1.6
      vertex 37.65 14.75 1.6
    endloop
  endfacet
  facet normal 0 0 1
    outer loop
      vertex 38.3944 13.3298 1.6
      vertex 37.5815 14.4056 1.6
      vertex 38.05 13.3983 1.6
    endloop
  endfacet
  facet normal 0 0 1
    outer loop
      vertex 38.3944 16.1702 1.6
      vertex 37.5815 15.0944 1.6
      vertex 37.65 14.75 1.6
    endloop
  endfacet
  facet normal 0 0 1
    outer loop
      vertex 37.0944 15.5815 1.6
      vertex 37.7056 16.1702 1.6
      vertex 37.4136 16.3653 1.6
    endloop
  endfacet
  facet normal 0 0 1
    outer loop
      vertex 38.05 16.1017 1.6
      vertex 37.3864 15.3864 1.6
      vertex 37.5815 15.0944 1.6
    endloop
  endfacet
  facet normal 0 0 1
    outer loop
      vertex 36.75 15.65 1.6
      vertex 37.4136 16.3653 1.6
      vertex 37.2185 16.6572 1.6
    endloop
  endfacet
  facet normal 0 0 1
    outer loop
      vertex 36.4056 15.5815 1.6
      vertex 37.2185 16.6572 1.6
      vertex 37.15 17.0017 1.6
    endloop
  endfacet
  facet normal 0 0 1
    outer loop
      vertex 37.7056 16.1702 1.6
      vertex 37.0944 15.5815 1.6
      vertex 37.3864 15.3864 1.6
    endloop
  endfacet
  facet normal 0 0 1
    outer loop
      vertex 36.4056 18.4218 1.6
      vertex 37.2185 17.3461 1.6
      vertex 36.75 18.3533 1.6
    endloop
  endfacet
  facet normal 0 0 1
    outer loop
      vertex 37.2185 17.3461 1.6
      vertex 36.4056 18.4218 1.6
      vertex 37.15 17.0017 1.6
    endloop
  endfacet
  facet normal 0 0 1
    outer loop
      vertex 37.4136 16.3653 1.6
      vertex 36.75 15.65 1.6
      vertex 37.0944 15.5815 1.6
    endloop
  endfacet
  facet normal 0 0 1
    outer loop
      vertex 34.4944 15.5815 1.6
      vertex 37.15 17.0017 1.6
      vertex 36.4056 18.4218 1.6
    endloop
  endfacet
  facet normal 0 0 1
    outer loop
      vertex 37.2185 16.6572 1.6
      vertex 36.4056 15.5815 1.6
      vertex 36.75 15.65 1.6
    endloop
  endfacet
  facet normal 0 0 1
    outer loop
      vertex 34.4944 15.5815 1.6
      vertex 36.4056 18.4218 1.6
      vertex 36.1136 18.6169 1.6
    endloop
  endfacet
  facet normal 0 0 1
    outer loop
      vertex 37.15 17.0017 1.6
      vertex 34.4944 15.5815 1.6
      vertex 36.4056 15.5815 1.6
    endloop
  endfacet
  facet normal 0 0 1
    outer loop
      vertex 34.15 15.65 1.6
      vertex 36.1136 18.6169 1.6
      vertex 35.9185 18.9089 1.6
    endloop
  endfacet
  facet normal 0 0 1
    outer loop
      vertex 36.4056 15.5815 1.6
      vertex 34.4944 15.5815 1.6
      vertex 36.1136 15.3864 1.6
    endloop
  endfacet
  facet normal 0 0 1
    outer loop
      vertex 33.8056 15.5815 1.6
      vertex 35.9185 18.9089 1.6
      vertex 35.85 19.2533 1.6
    endloop
  endfacet
  facet normal 0 0 1
    outer loop
      vertex 36.1136 15.3864 1.6
      vertex 34.7864 15.3864 1.6
      vertex 35.9185 15.0944 1.6
    endloop
  endfacet
  facet normal -0 0 1
    outer loop
      vertex 37.3864 18.6169 1.6
      vertex 38.05 17.9017 1.6
      vertex 37.5815 18.9089 1.6
    endloop
  endfacet
  facet normal 0 0 1
    outer loop
      vertex 38.05 17.9017 1.6
      vertex 37.3864 18.6169 1.6
      vertex 37.7056 17.8332 1.6
    endloop
  endfacet
  facet normal -0 0 1
    outer loop
      vertex 37.0944 18.4218 1.6
      vertex 37.7056 17.8332 1.6
      vertex 37.3864 18.6169 1.6
    endloop
  endfacet
  facet normal 0 0 1
    outer loop
      vertex 37.7056 17.8332 1.6
      vertex 37.0944 18.4218 1.6
      vertex 37.4136 17.6381 1.6
    endloop
  endfacet
  facet normal -0 0 1
    outer loop
      vertex 36.75 18.3533 1.6
      vertex 37.4136 17.6381 1.6
      vertex 37.0944 18.4218 1.6
    endloop
  endfacet
  facet normal 0 0 1
    outer loop
      vertex 37.4136 17.6381 1.6
      vertex 36.75 18.3533 1.6
      vertex 37.2185 17.3461 1.6
    endloop
  endfacet
  facet normal -0 0 1
    outer loop
      vertex 37.3864 14.1136 1.6
      vertex 38.05 13.3983 1.6
      vertex 37.5815 14.4056 1.6
    endloop
  endfacet
  facet normal 0 0 1
    outer loop
      vertex 38.05 13.3983 1.6
      vertex 37.3864 14.1136 1.6
      vertex 37.7056 13.3298 1.6
    endloop
  endfacet
  facet normal -0 0 1
    outer loop
      vertex 37.0944 13.9185 1.6
      vertex 37.7056 13.3298 1.6
      vertex 37.3864 14.1136 1.6
    endloop
  endfacet
  facet normal 0 0 1
    outer loop
      vertex 37.7056 13.3298 1.6
      vertex 37.0944 13.9185 1.6
      vertex 37.4136 13.1347 1.6
    endloop
  endfacet
  facet normal -0 0 1
    outer loop
      vertex 36.75 13.85 1.6
      vertex 37.4136 13.1347 1.6
      vertex 37.0944 13.9185 1.6
    endloop
  endfacet
  facet normal 0 0 1
    outer loop
      vertex 37.4136 13.1347 1.6
      vertex 36.75 13.85 1.6
      vertex 37.2185 12.8427 1.6
    endloop
  endfacet
  facet normal 0 0 1
    outer loop
      vertex 42.5864 14.1136 1.6
      vertex 43.9136 14.1136 1.6
      vertex 42.7815 14.4056 1.6
    endloop
  endfacet
  facet normal 0 0 1
    outer loop
      vertex 43.9136 14.1136 1.6
      vertex 42.7815 10.5911 1.6
      vertex 42.85 10.2467 1.6
    endloop
  endfacet
  facet normal 0 0 1
    outer loop
      vertex 42.2944 13.9185 1.6
      vertex 43.9136 14.1136 1.6
      vertex 42.5864 14.1136 1.6
    endloop
  endfacet
  facet normal 0 0 1
    outer loop
      vertex 43.9136 14.1136 1.6
      vertex 42.5864 10.8831 1.6
      vertex 42.7815 10.5911 1.6
    endloop
  endfacet
  facet normal 0 0 1
    outer loop
      vertex 42.2944 11.0782 1.6
      vertex 43.9136 14.1136 1.6
      vertex 42.2944 13.9185 1.6
    endloop
  endfacet
  facet normal 0 0 1
    outer loop
      vertex 43.9136 14.1136 1.6
      vertex 42.2944 11.0782 1.6
      vertex 42.5864 10.8831 1.6
    endloop
  endfacet
  facet normal 0 0 1
    outer loop
      vertex 41.4815 12.8427 1.6
      vertex 42.2944 13.9185 1.6
      vertex 41.95 13.85 1.6
    endloop
  endfacet
  facet normal 0 0 1
    outer loop
      vertex 42.2944 13.9185 1.6
      vertex 41.55 12.4983 1.6
      vertex 42.2944 11.0782 1.6
    endloop
  endfacet
  facet normal 0 0 1
    outer loop
      vertex 41.2864 13.1347 1.6
      vertex 41.95 13.85 1.6
      vertex 41.6056 13.9185 1.6
    endloop
  endfacet
  facet normal -0 0 1
    outer loop
      vertex 41.4815 12.1539 1.6
      vertex 42.2944 11.0782 1.6
      vertex 41.55 12.4983 1.6
    endloop
  endfacet
  facet normal 0 0 1
    outer loop
      vertex 42.2944 11.0782 1.6
      vertex 41.4815 12.1539 1.6
      vertex 41.95 11.1467 1.6
    endloop
  endfacet
  facet normal 0 0 1
    outer loop
      vertex 42.2944 13.9185 1.6
      vertex 41.4815 12.8427 1.6
      vertex 41.55 12.4983 1.6
    endloop
  endfacet
  facet normal 0 0 1
    outer loop
      vertex 40.9944 13.3298 1.6
      vertex 41.6056 13.9185 1.6
      vertex 41.3136 14.1136 1.6
    endloop
  endfacet
  facet normal 0 0 1
    outer loop
      vertex 41.95 13.85 1.6
      vertex 41.2864 13.1347 1.6
      vertex 41.4815 12.8427 1.6
    endloop
  endfacet
  facet normal 0 0 1
    outer loop
      vertex 40.65 13.3983 1.6
      vertex 41.3136 14.1136 1.6
      vertex 41.1185 14.4056 1.6
    endloop
  endfacet
  facet normal 0 0 1
    outer loop
      vertex 40.3056 13.3298 1.6
      vertex 41.1185 14.4056 1.6
      vertex 41.05 14.75 1.6
    endloop
  endfacet
  facet normal 0 0 1
    outer loop
      vertex 41.6056 13.9185 1.6
      vertex 40.9944 13.3298 1.6
      vertex 41.2864 13.1347 1.6
    endloop
  endfacet
  facet normal 0 0 1
    outer loop
      vertex 40.3056 16.1702 1.6
      vertex 41.1185 15.0944 1.6
      vertex 40.65 16.1017 1.6
    endloop
  endfacet
  facet normal 0 0 1
    outer loop
      vertex 41.1185 15.0944 1.6
      vertex 40.3056 16.1702 1.6
      vertex 41.05 14.75 1.6
    endloop
  endfacet
  facet normal 0 0 1
    outer loop
      vertex 41.3136 14.1136 1.6
      vertex 40.65 13.3983 1.6
      vertex 40.9944 13.3298 1.6
    endloop
  endfacet
  facet normal -0 0 1
    outer loop
      vertex 38.3944 16.1702 1.6
      vertex 41.05 14.75 1.6
      vertex 40.3056 16.1702 1.6
    endloop
  endfacet
  facet normal 0 0 1
    outer loop
      vertex 41.1185 14.4056 1.6
      vertex 40.3056 13.3298 1.6
      vertex 40.65 13.3983 1.6
    endloop
  endfacet
  facet normal -0 0 1
    outer loop
      vertex 38.6864 16.3653 1.6
      vertex 40.3056 16.1702 1.6
      vertex 40.0136 16.3653 1.6
    endloop
  endfacet
  facet normal 0 0 1
    outer loop
      vertex 38.3944 16.1702 1.6
      vertex 40.3056 16.1702 1.6
      vertex 38.6864 16.3653 1.6
    endloop
  endfacet
  facet normal 0 0 1
    outer loop
      vertex 38.8815 16.6572 1.6
      vertex 39.8185 16.6572 1.6
      vertex 38.95 17.0017 1.6
    endloop
  endfacet
  facet normal 0 0 1
    outer loop
      vertex 39.8185 16.6572 1.6
      vertex 38.8815 16.6572 1.6
      vertex 40.0136 16.3653 1.6
    endloop
  endfacet
  facet normal -0 0 1
    outer loop
      vertex 38.95 17.0017 1.6
      vertex 39.8185 16.6572 1.6
      vertex 39.75 17.0017 1.6
    endloop
  endfacet
  facet normal 0 0 1
    outer loop
      vertex 38.6864 16.3653 1.6
      vertex 40.0136 16.3653 1.6
      vertex 38.8815 16.6572 1.6
    endloop
  endfacet
  facet normal -0 0 1
    outer loop
      vertex 42.2944 18.4218 1.6
      vertex 44.2056 15.5815 1.6
      vertex 42.5864 18.6169 1.6
    endloop
  endfacet
  facet normal 0 0 1
    outer loop
      vertex 43.9136 15.3864 1.6
      vertex 42.7815 15.0944 1.6
      vertex 42.85 14.75 1.6
    endloop
  endfacet
  facet normal -0 0 1
    outer loop
      vertex 41.55 17.0017 1.6
      vertex 44.2056 15.5815 1.6
      vertex 42.2944 18.4218 1.6
    endloop
  endfacet
  facet normal 0 0 1
    outer loop
      vertex 43.9136 15.3864 1.6
      vertex 42.5864 15.3864 1.6
      vertex 42.7815 15.0944 1.6
    endloop
  endfacet
  facet normal 0 0 1
    outer loop
      vertex 44.2056 15.5815 1.6
      vertex 42.2944 15.5815 1.6
      vertex 43.9136 15.3864 1.6
    endloop
  endfacet
  facet normal 0 0 1
    outer loop
      vertex 43.9136 15.3864 1.6
      vertex 42.2944 15.5815 1.6
      vertex 42.5864 15.3864 1.6
    endloop
  endfacet
  facet normal 0 0 1
    outer loop
      vertex 41.4815 17.3461 1.6
      vertex 42.2944 18.4218 1.6
      vertex 41.95 18.3533 1.6
    endloop
  endfacet
  facet normal 0 0 1
    outer loop
      vertex 44.2056 15.5815 1.6
      vertex 41.55 17.0017 1.6
      vertex 42.2944 15.5815 1.6
    endloop
  endfacet
  facet normal 0 0 1
    outer loop
      vertex 41.2864 17.6381 1.6
      vertex 41.95 18.3533 1.6
      vertex 41.6056 18.4218 1.6
    endloop
  endfacet
  facet normal -0 0 1
    outer loop
      vertex 41.4815 16.6572 1.6
      vertex 42.2944 15.5815 1.6
      vertex 41.55 17.0017 1.6
    endloop
  endfacet
  facet normal 0 0 1
    outer loop
      vertex 42.2944 15.5815 1.6
      vertex 41.4815 16.6572 1.6
      vertex 41.95 15.65 1.6
    endloop
  endfacet
  facet normal 0 0 1
    outer loop
      vertex 42.2944 18.4218 1.6
      vertex 41.4815 17.3461 1.6
      vertex 41.55 17.0017 1.6
    endloop
  endfacet
  facet normal 0 0 1
    outer loop
      vertex 40.9944 17.8332 1.6
      vertex 41.6056 18.4218 1.6
      vertex 41.3136 18.6169 1.6
    endloop
  endfacet
  facet normal 0 0 1
    outer loop
      vertex 41.95 18.3533 1.6
      vertex 41.2864 17.6381 1.6
      vertex 41.4815 17.3461 1.6
    endloop
  endfacet
  facet normal 0 0 1
    outer loop
      vertex 40.65 17.9017 1.6
      vertex 41.3136 18.6169 1.6
      vertex 41.1185 18.9089 1.6
    endloop
  endfacet
  facet normal 0 0 1
    outer loop
      vertex 40.3056 17.8332 1.6
      vertex 41.1185 18.9089 1.6
      vertex 41.05 19.2533 1.6
    endloop
  endfacet
  facet normal 0 0 1
    outer loop
      vertex 41.6056 18.4218 1.6
      vertex 40.9944 17.8332 1.6
      vertex 41.2864 17.6381 1.6
    endloop
  endfacet
  facet normal 0 0 1
    outer loop
      vertex 52.55 29.5 1.6
      vertex 53.35 28.7 1.6
      vertex 53.3431 28.8044 1.6
    endloop
  endfacet
  facet normal 0 0 1
    outer loop
      vertex 53.35 28.7 1.6
      vertex 45.45 14.75 1.6
      vertex 53.35 0.800003 1.6
    endloop
  endfacet
  facet normal 0 0 1
    outer loop
      vertex 52.55 29.5 1.6
      vertex 53.3431 28.8044 1.6
      vertex 53.3227 28.9071 1.6
    endloop
  endfacet
  facet normal -0 0 1
    outer loop
      vertex 45.3815 14.4056 1.6
      vertex 53.35 0.800003 1.6
      vertex 45.45 14.75 1.6
    endloop
  endfacet
  facet normal 0 0 1
    outer loop
      vertex 52.55 29.5 1.6
      vertex 53.3227 28.9071 1.6
      vertex 53.2891 29.0061 1.6
    endloop
  endfacet
  facet normal -0 0 1
    outer loop
      vertex 45.1864 14.1136 1.6
      vertex 53.35 0.800003 1.6
      vertex 45.3815 14.4056 1.6
    endloop
  endfacet
  facet normal 0 0 1
    outer loop
      vertex 52.55 29.5 1.6
      vertex 53.2891 29.0061 1.6
      vertex 53.2428 29.1 1.6
    endloop
  endfacet
  facet normal -0 0 1
    outer loop
      vertex 42.7815 9.90225 1.6
      vertex 53.35 0.800003 1.6
      vertex 45.1864 14.1136 1.6
    endloop
  endfacet
  facet normal 0 0 1
    outer loop
      vertex 52.55 29.5 1.6
      vertex 53.2428 29.1 1.6
      vertex 53.1847 29.187 1.6
    endloop
  endfacet
  facet normal -0 0 1
    outer loop
      vertex 42.5864 9.61027 1.6
      vertex 53.35 0.800003 1.6
      vertex 42.7815 9.90225 1.6
    endloop
  endfacet
  facet normal 0 0 1
    outer loop
      vertex 52.55 29.5 1.6
      vertex 53.1847 29.187 1.6
      vertex 53.1157 29.2657 1.6
    endloop
  endfacet
  facet normal 0 -0 1
    outer loop
      vertex 52.55 0 1.6
      vertex 53.35 0.800003 1.6
      vertex 42.5864 9.61027 1.6
    endloop
  endfacet
  facet normal 0 0 1
    outer loop
      vertex 52.55 29.5 1.6
      vertex 53.1157 29.2657 1.6
      vertex 53.037 29.3347 1.6
    endloop
  endfacet
  facet normal 0 0 1
    outer loop
      vertex 53.3431 0.695587 1.6
      vertex 52.55 0 1.6
      vertex 53.3227 0.592941 1.6
    endloop
  endfacet
  facet normal 0 0 1
    outer loop
      vertex 52.55 29.5 1.6
      vertex 53.037 29.3347 1.6
      vertex 52.95 29.3928 1.6
    endloop
  endfacet
  facet normal 0 0 1
    outer loop
      vertex 53.3227 0.592941 1.6
      vertex 52.55 0 1.6
      vertex 53.2891 0.493851 1.6
    endloop
  endfacet
  facet normal 0 0 1
    outer loop
      vertex 52.55 29.5 1.6
      vertex 52.95 29.3928 1.6
      vertex 52.8561 29.4391 1.6
    endloop
  endfacet
  facet normal 0 0 1
    outer loop
      vertex 53.2891 0.493851 1.6
      vertex 52.55 0 1.6
      vertex 53.2428 0.400009 1.6
    endloop
  endfacet
  facet normal 0 0 1
    outer loop
      vertex 52.55 29.5 1.6
      vertex 52.8561 29.4391 1.6
      vertex 52.757 29.4727 1.6
    endloop
  endfacet
  facet normal 0 0 1
    outer loop
      vertex 53.2428 0.400009 1.6
      vertex 52.55 0 1.6
      vertex 53.1847 0.312988 1.6
    endloop
  endfacet
  facet normal 0 0 1
    outer loop
      vertex 52.55 29.5 1.6
      vertex 52.757 29.4727 1.6
      vertex 52.6544 29.4931 1.6
    endloop
  endfacet
  facet normal 0 0 1
    outer loop
      vertex 53.1847 0.312988 1.6
      vertex 52.55 0 1.6
      vertex 53.1157 0.234314 1.6
    endloop
  endfacet
  facet normal 0 0 1
    outer loop
      vertex 53.35 28.7 1.6
      vertex 52.55 29.5 1.6
      vertex 42.5864 19.8897 1.6
    endloop
  endfacet
  facet normal 0 0 1
    outer loop
      vertex 53.1157 0.234314 1.6
      vertex 52.55 0 1.6
      vertex 53.037 0.165314 1.6
    endloop
  endfacet
  facet normal 0 0 1
    outer loop
      vertex 52.95 0.107178 1.6
      vertex 52.55 0 1.6
      vertex 52.8561 0.0608978 1.6
    endloop
  endfacet
  facet normal 0 0 1
    outer loop
      vertex 53.35 28.7 1.6
      vertex 45.3815 15.0944 1.6
      vertex 45.45 14.75 1.6
    endloop
  endfacet
  facet normal 0 0 1
    outer loop
      vertex 53.35 28.7 1.6
      vertex 45.1864 15.3864 1.6
      vertex 45.3815 15.0944 1.6
    endloop
  endfacet
  facet normal 0 0 1
    outer loop
      vertex 53.35 28.7 1.6
      vertex 42.7815 19.5977 1.6
      vertex 45.1864 15.3864 1.6
    endloop
  endfacet
  facet normal -0 -0 1
    outer loop
      vertex 42.85 19.2533 1.6
      vertex 45.1864 15.3864 1.6
      vertex 42.7815 19.5977 1.6
    endloop
  endfacet
  facet normal -0 0 1
    outer loop
      vertex 42.7815 18.9089 1.6
      vertex 44.8944 15.5815 1.6
      vertex 42.85 19.2533 1.6
    endloop
  endfacet
  facet normal 0 0 1
    outer loop
      vertex 44.8944 15.5815 1.6
      vertex 42.7815 18.9089 1.6
      vertex 44.55 15.65 1.6
    endloop
  endfacet
  facet normal -0 0 1
    outer loop
      vertex 42.5864 18.6169 1.6
      vertex 44.55 15.65 1.6
      vertex 42.7815 18.9089 1.6
    endloop
  endfacet
  facet normal 0 0 1
    outer loop
      vertex 43.9136 15.3864 1.6
      vertex 42.85 14.75 1.6
      vertex 43.7185 15.0944 1.6
    endloop
  endfacet
  facet normal 0 0 1
    outer loop
      vertex 44.55 15.65 1.6
      vertex 42.5864 18.6169 1.6
      vertex 44.2056 15.5815 1.6
    endloop
  endfacet
  facet normal 0 0 1
    outer loop
      vertex 45.1864 15.3864 1.6
      vertex 42.85 19.2533 1.6
      vertex 44.8944 15.5815 1.6
    endloop
  endfacet
  facet normal 0 0 1
    outer loop
      vertex 53.35 28.7 1.6
      vertex 42.5864 19.8897 1.6
      vertex 42.7815 19.5977 1.6
    endloop
  endfacet
  facet normal 0 0 1
    outer loop
      vertex 52.55 29.5 1.6
      vertex 42.2944 20.0848 1.6
      vertex 42.5864 19.8897 1.6
    endloop
  endfacet
  facet normal 0 0 1
    outer loop
      vertex 52.55 29.5 1.6
      vertex 41.95 20.1533 1.6
      vertex 42.2944 20.0848 1.6
    endloop
  endfacet
  facet normal 0 0 1
    outer loop
      vertex 36.75 20.1533 1.6
      vertex 41.95 20.1533 1.6
      vertex 52.55 29.5 1.6
    endloop
  endfacet
  facet normal 0 0 1
    outer loop
      vertex 41.95 20.1533 1.6
      vertex 36.75 20.1533 1.6
      vertex 41.6056 20.0848 1.6
    endloop
  endfacet
  facet normal 0 0 1
    outer loop
      vertex 41.3136 18.6169 1.6
      vertex 40.65 17.9017 1.6
      vertex 40.9944 17.8332 1.6
    endloop
  endfacet
  facet normal 0 0 1
    outer loop
      vertex 37.65 19.2533 1.6
      vertex 41.05 19.2533 1.6
      vertex 41.1185 19.5977 1.6
    endloop
  endfacet
  facet normal 0 0 1
    outer loop
      vertex 41.1185 18.9089 1.6
      vertex 40.3056 17.8332 1.6
      vertex 40.65 17.9017 1.6
    endloop
  endfacet
  facet normal 0 0 1
    outer loop
      vertex 41.05 19.2533 1.6
      vertex 37.65 19.2533 1.6
      vertex 40.3056 17.8332 1.6
    endloop
  endfacet
  facet normal 0 0 1
    outer loop
      vertex 40.3056 17.8332 1.6
      vertex 38.3944 17.8332 1.6
      vertex 40.0136 17.6381 1.6
    endloop
  endfacet
  facet normal 0 0 1
    outer loop
      vertex 40.0136 13.1347 1.6
      vertex 38.95 12.4983 1.6
      vertex 39.8185 12.8427 1.6
    endloop
  endfacet
  facet normal 0 0 1
    outer loop
      vertex 39.8185 17.3461 1.6
      vertex 38.95 17.0017 1.6
      vertex 39.75 17.0017 1.6
    endloop
  endfacet
  facet normal 0 0 1
    outer loop
      vertex 40.0136 17.6381 1.6
      vertex 38.6864 17.6381 1.6
      vertex 39.8185 17.3461 1.6
    endloop
  endfacet
  facet normal 0 0 1
    outer loop
      vertex 37.5815 19.5977 1.6
      vertex 41.1185 19.5977 1.6
      vertex 41.3136 19.8897 1.6
    endloop
  endfacet
  facet normal 0 0 1
    outer loop
      vertex 39.8185 17.3461 1.6
      vertex 38.8815 17.3461 1.6
      vertex 38.95 17.0017 1.6
    endloop
  endfacet
  facet normal 0 0 1
    outer loop
      vertex 39.8185 17.3461 1.6
      vertex 38.6864 17.6381 1.6
      vertex 38.8815 17.3461 1.6
    endloop
  endfacet
  facet normal 0 0 1
    outer loop
      vertex 40.0136 17.6381 1.6
      vertex 38.3944 17.8332 1.6
      vertex 38.6864 17.6381 1.6
    endloop
  endfacet
  facet normal 0 0 1
    outer loop
      vertex 41.6056 20.0848 1.6
      vertex 37.0944 20.0848 1.6
      vertex 41.3136 19.8897 1.6
    endloop
  endfacet
  facet normal 0 0 1
    outer loop
      vertex 41.1185 19.5977 1.6
      vertex 37.5815 19.5977 1.6
      vertex 37.65 19.2533 1.6
    endloop
  endfacet
  facet normal -0 0 1
    outer loop
      vertex 37.5815 18.9089 1.6
      vertex 38.3944 17.8332 1.6
      vertex 37.65 19.2533 1.6
    endloop
  endfacet
  facet normal 0 0 1
    outer loop
      vertex 38.3944 17.8332 1.6
      vertex 37.5815 18.9089 1.6
      vertex 38.05 17.9017 1.6
    endloop
  endfacet
  facet normal 0 0 1
    outer loop
      vertex 40.3056 17.8332 1.6
      vertex 37.65 19.2533 1.6
      vertex 38.3944 17.8332 1.6
    endloop
  endfacet
  facet normal 0 0 1
    outer loop
      vertex 41.3136 19.8897 1.6
      vertex 37.3864 19.8897 1.6
      vertex 37.5815 19.5977 1.6
    endloop
  endfacet
  facet normal 0 0 1
    outer loop
      vertex 41.3136 19.8897 1.6
      vertex 37.0944 20.0848 1.6
      vertex 37.3864 19.8897 1.6
    endloop
  endfacet
  facet normal 0 0 1
    outer loop
      vertex 41.6056 20.0848 1.6
      vertex 36.75 20.1533 1.6
      vertex 37.0944 20.0848 1.6
    endloop
  endfacet
  facet normal 0 0 1
    outer loop
      vertex 52.55 29.5 1.6
      vertex 36.4056 20.0848 1.6
      vertex 36.75 20.1533 1.6
    endloop
  endfacet
  facet normal 0 -0 1
    outer loop
      vertex 34.9815 15.0944 1.6
      vertex 35.9185 15.0944 1.6
      vertex 34.7864 15.3864 1.6
    endloop
  endfacet
  facet normal 0 0 1
    outer loop
      vertex 34.9815 14.4056 1.6
      vertex 35.85 14.75 1.6
      vertex 35.05 14.75 1.6
    endloop
  endfacet
  facet normal 0 0 1
    outer loop
      vertex 35.85 14.75 1.6
      vertex 34.9815 15.0944 1.6
      vertex 35.05 14.75 1.6
    endloop
  endfacet
  facet normal 0 0 1
    outer loop
      vertex 33.5136 15.3864 1.6
      vertex 35.85 19.2533 1.6
      vertex 35.9185 19.5977 1.6
    endloop
  endfacet
  facet normal 0 0 1
    outer loop
      vertex 35.9185 15.0944 1.6
      vertex 34.9815 15.0944 1.6
      vertex 35.85 14.75 1.6
    endloop
  endfacet
  facet normal 0 0 1
    outer loop
      vertex 36.1136 15.3864 1.6
      vertex 34.4944 15.5815 1.6
      vertex 34.7864 15.3864 1.6
    endloop
  endfacet
  facet normal 0 0 1
    outer loop
      vertex 36.1136 18.6169 1.6
      vertex 34.15 15.65 1.6
      vertex 34.4944 15.5815 1.6
    endloop
  endfacet
  facet normal 0 0 1
    outer loop
      vertex 35.9185 18.9089 1.6
      vertex 33.8056 15.5815 1.6
      vertex 34.15 15.65 1.6
    endloop
  endfacet
  facet normal 0 0 1
    outer loop
      vertex 35.85 19.2533 1.6
      vertex 33.5136 15.3864 1.6
      vertex 33.8056 15.5815 1.6
    endloop
  endfacet
  facet normal 0 0 1
    outer loop
      vertex 0.800003 29.5 1.6
      vertex 33.5136 15.3864 1.6
      vertex 35.9185 19.5977 1.6
    endloop
  endfacet
  facet normal 0 0 1
    outer loop
      vertex 33.3185 15.0944 1.6
      vertex 0.800003 29.5 1.6
      vertex 33.25 14.75 1.6
    endloop
  endfacet
  facet normal 0 0 1
    outer loop
      vertex 33.5136 15.3864 1.6
      vertex 0.800003 29.5 1.6
      vertex 33.3185 15.0944 1.6
    endloop
  endfacet
  facet normal 0 0 1
    outer loop
      vertex 36.1136 19.8897 1.6
      vertex 0.800003 29.5 1.6
      vertex 35.9185 19.5977 1.6
    endloop
  endfacet
  facet normal 0 0 1
    outer loop
      vertex 36.4056 20.0848 1.6
      vertex 0.800003 29.5 1.6
      vertex 36.1136 19.8897 1.6
    endloop
  endfacet
  facet normal -0 0 1
    outer loop
      vertex 0.800003 29.5 1.6
      vertex 36.4056 20.0848 1.6
      vertex 52.55 29.5 1.6
    endloop
  endfacet
  facet normal 0 0 1
    outer loop
      vertex 52.8561 0.0608978 1.6
      vertex 52.55 0 1.6
      vertex 52.757 0.0272675 1.6
    endloop
  endfacet
  facet normal 0 0 1
    outer loop
      vertex 52.757 0.0272675 1.6
      vertex 52.55 0 1.6
      vertex 52.6544 0.0068512 1.6
    endloop
  endfacet
  facet normal 0 0 1
    outer loop
      vertex 42.85 10.2467 1.6
      vertex 45.1864 14.1136 1.6
      vertex 44.8944 13.9185 1.6
    endloop
  endfacet
  facet normal 0 0 1
    outer loop
      vertex 42.85 10.2467 1.6
      vertex 44.8944 13.9185 1.6
      vertex 44.55 13.85 1.6
    endloop
  endfacet
  facet normal 0 0 1
    outer loop
      vertex 42.85 10.2467 1.6
      vertex 44.55 13.85 1.6
      vertex 44.2056 13.9185 1.6
    endloop
  endfacet
  facet normal 0 0 1
    outer loop
      vertex 42.85 10.2467 1.6
      vertex 44.2056 13.9185 1.6
      vertex 43.9136 14.1136 1.6
    endloop
  endfacet
  facet normal 0 0 1
    outer loop
      vertex 42.7815 14.4056 1.6
      vertex 43.7185 14.4056 1.6
      vertex 42.85 14.75 1.6
    endloop
  endfacet
  facet normal 0 0 1
    outer loop
      vertex 43.7185 15.0944 1.6
      vertex 42.85 14.75 1.6
      vertex 43.65 14.75 1.6
    endloop
  endfacet
  facet normal -0 0 1
    outer loop
      vertex 42.85 14.75 1.6
      vertex 43.7185 14.4056 1.6
      vertex 43.65 14.75 1.6
    endloop
  endfacet
  facet normal 0 0 1
    outer loop
      vertex 43.7185 14.4056 1.6
      vertex 42.7815 14.4056 1.6
      vertex 43.9136 14.1136 1.6
    endloop
  endfacet
  facet normal 0 0 1
    outer loop
      vertex 45.1864 14.1136 1.6
      vertex 42.85 10.2467 1.6
      vertex 42.7815 9.90225 1.6
    endloop
  endfacet
  facet normal 0 0 1
    outer loop
      vertex 53.037 0.165314 1.6
      vertex 52.55 0 1.6
      vertex 52.95 0.107178 1.6
    endloop
  endfacet
  facet normal 0 0 1
    outer loop
      vertex 53.35 0.800003 1.6
      vertex 52.55 0 1.6
      vertex 53.3431 0.695587 1.6
    endloop
  endfacet
  facet normal -0 0 1
    outer loop
      vertex 42.2944 9.41518 1.6
      vertex 52.55 0 1.6
      vertex 42.5864 9.61027 1.6
    endloop
  endfacet
  facet normal -0 0 1
    outer loop
      vertex 41.95 9.34667 1.6
      vertex 52.55 0 1.6
      vertex 42.2944 9.41518 1.6
    endloop
  endfacet
  facet normal 0 0 1
    outer loop
      vertex 36.75 9.34667 1.6
      vertex 41.95 9.34667 1.6
      vertex 41.6056 9.41518 1.6
    endloop
  endfacet
  facet normal 0 0 1
    outer loop
      vertex 37.0944 9.41518 1.6
      vertex 41.6056 9.41518 1.6
      vertex 41.3136 9.61027 1.6
    endloop
  endfacet
  facet normal 0 0 1
    outer loop
      vertex 40.3056 11.6668 1.6
      vertex 41.1185 10.5911 1.6
      vertex 40.65 11.5983 1.6
    endloop
  endfacet
  facet normal 0 0 1
    outer loop
      vertex 41.1185 10.5911 1.6
      vertex 40.3056 11.6668 1.6
      vertex 41.05 10.2467 1.6
    endloop
  endfacet
  facet normal 0 0 1
    outer loop
      vertex 37.65 10.2467 1.6
      vertex 41.05 10.2467 1.6
      vertex 40.3056 11.6668 1.6
    endloop
  endfacet
  facet normal 0 0 1
    outer loop
      vertex 38.3944 11.6668 1.6
      vertex 40.3056 11.6668 1.6
      vertex 40.0136 11.8619 1.6
    endloop
  endfacet
  facet normal 0 0 1
    outer loop
      vertex 38.6864 11.8619 1.6
      vertex 40.0136 11.8619 1.6
      vertex 39.8185 12.1539 1.6
    endloop
  endfacet
  facet normal 0 0 1
    outer loop
      vertex 39.8185 12.8427 1.6
      vertex 38.95 12.4983 1.6
      vertex 39.75 12.4983 1.6
    endloop
  endfacet
  facet normal -0 0 1
    outer loop
      vertex 38.95 12.4983 1.6
      vertex 39.8185 12.1539 1.6
      vertex 39.75 12.4983 1.6
    endloop
  endfacet
  facet normal 0 0 1
    outer loop
      vertex 38.8815 12.1539 1.6
      vertex 39.8185 12.1539 1.6
      vertex 38.95 12.4983 1.6
    endloop
  endfacet
  facet normal 0 0 1
    outer loop
      vertex 38.6864 11.8619 1.6
      vertex 39.8185 12.1539 1.6
      vertex 38.8815 12.1539 1.6
    endloop
  endfacet
  facet normal 0 0 1
    outer loop
      vertex 38.3944 11.6668 1.6
      vertex 40.0136 11.8619 1.6
      vertex 38.6864 11.8619 1.6
    endloop
  endfacet
  facet normal 0 0 1
    outer loop
      vertex 37.65 10.2467 1.6
      vertex 40.3056 11.6668 1.6
      vertex 38.3944 11.6668 1.6
    endloop
  endfacet
  facet normal 0 0 1
    outer loop
      vertex 41.05 10.2467 1.6
      vertex 37.65 10.2467 1.6
      vertex 41.1185 9.90225 1.6
    endloop
  endfacet
  facet normal 0 0 1
    outer loop
      vertex 37.5815 9.90225 1.6
      vertex 41.1185 9.90225 1.6
      vertex 37.65 10.2467 1.6
    endloop
  endfacet
  facet normal 0 0 1
    outer loop
      vertex 37.5815 10.5911 1.6
      vertex 38.3944 11.6668 1.6
      vertex 38.05 11.5983 1.6
    endloop
  endfacet
  facet normal 0 0 1
    outer loop
      vertex 37.3864 10.8831 1.6
      vertex 38.05 11.5983 1.6
      vertex 37.7056 11.6668 1.6
    endloop
  endfacet
  facet normal 0 0 1
    outer loop
      vertex 41.1185 9.90225 1.6
      vertex 37.5815 9.90225 1.6
      vertex 41.3136 9.61027 1.6
    endloop
  endfacet
  facet normal 0 0 1
    outer loop
      vertex 37.3864 9.61027 1.6
      vertex 41.3136 9.61027 1.6
      vertex 37.5815 9.90225 1.6
    endloop
  endfacet
  facet normal 0 0 1
    outer loop
      vertex 37.0944 9.41518 1.6
      vertex 41.3136 9.61027 1.6
      vertex 37.3864 9.61027 1.6
    endloop
  endfacet
  facet normal 0 0 1
    outer loop
      vertex 36.75 9.34667 1.6
      vertex 41.6056 9.41518 1.6
      vertex 37.0944 9.41518 1.6
    endloop
  endfacet
  facet normal 0 0 1
    outer loop
      vertex 41.95 9.34667 1.6
      vertex 36.75 9.34667 1.6
      vertex 52.55 0 1.6
    endloop
  endfacet
  facet normal 0 0 1
    outer loop
      vertex 36.4056 9.41518 1.6
      vertex 52.55 0 1.6
      vertex 36.75 9.34667 1.6
    endloop
  endfacet
  facet normal 0 0 1
    outer loop
      vertex 35.9185 14.4056 1.6
      vertex 34.9815 14.4056 1.6
      vertex 34.7864 14.1136 1.6
    endloop
  endfacet
  facet normal -0 0 1
    outer loop
      vertex 34.15 13.85 1.6
      vertex 36.1136 10.8831 1.6
      vertex 34.4944 13.9185 1.6
    endloop
  endfacet
  facet normal 0 0 1
    outer loop
      vertex 36.1136 10.8831 1.6
      vertex 34.15 13.85 1.6
      vertex 35.9185 10.5911 1.6
    endloop
  endfacet
  facet normal 0 0 1
    outer loop
      vertex 33.8056 13.9185 1.6
      vertex 35.9185 10.5911 1.6
      vertex 34.15 13.85 1.6
    endloop
  endfacet
  facet normal 0 0 1
    outer loop
      vertex 35.9185 10.5911 1.6
      vertex 33.8056 13.9185 1.6
      vertex 35.85 10.2467 1.6
    endloop
  endfacet
  facet normal 0 0 1
    outer loop
      vertex 33.5136 14.1136 1.6
      vertex 35.85 10.2467 1.6
      vertex 33.8056 13.9185 1.6
    endloop
  endfacet
  facet normal 0 0 1
    outer loop
      vertex 35.85 10.2467 1.6
      vertex 33.5136 14.1136 1.6
      vertex 35.9185 9.90225 1.6
    endloop
  endfacet
  facet normal 0 0 1
    outer loop
      vertex 0.800003 0 1.6
      vertex 33.5136 14.1136 1.6
      vertex 33.3185 14.4056 1.6
    endloop
  endfacet
  facet normal -0 0 1
    outer loop
      vertex 0 28.7 1.6
      vertex 33.25 14.75 1.6
      vertex 0.800003 29.5 1.6
    endloop
  endfacet
  facet normal 0 0 1
    outer loop
      vertex 0 0.800003 1.6
      vertex 33.25 14.75 1.6
      vertex 0 28.7 1.6
    endloop
  endfacet
  facet normal 0 0 1
    outer loop
      vertex 33.5136 14.1136 1.6
      vertex 0.800003 0 1.6
      vertex 35.9185 9.90225 1.6
    endloop
  endfacet
  facet normal 0 0 1
    outer loop
      vertex 35.9185 9.90225 1.6
      vertex 0.800003 0 1.6
      vertex 36.1136 9.61027 1.6
    endloop
  endfacet
  facet normal 0 0 1
    outer loop
      vertex 36.1136 9.61027 1.6
      vertex 0.800003 0 1.6
      vertex 36.4056 9.41518 1.6
    endloop
  endfacet
  facet normal 0 0 1
    outer loop
      vertex 36.4056 9.41518 1.6
      vertex 0.800003 0 1.6
      vertex 52.55 0 1.6
    endloop
  endfacet
  facet normal 0 0 1
    outer loop
      vertex 0 28.7 1.6
      vertex 0.800003 29.5 1.6
      vertex 0.695587 29.4931 1.6
    endloop
  endfacet
  facet normal 0 -0 1
    outer loop
      vertex 0.800003 0 1.6
      vertex 33.25 14.75 1.6
      vertex 0 0.800003 1.6
    endloop
  endfacet
  facet normal 0 0 1
    outer loop
      vertex 0 28.7 1.6
      vertex 0.695587 29.4931 1.6
      vertex 0.592941 29.4727 1.6
    endloop
  endfacet
  facet normal 0 0 1
    outer loop
      vertex 33.25 14.75 1.6
      vertex 0.800003 0 1.6
      vertex 33.3185 14.4056 1.6
    endloop
  endfacet
  facet normal 0 0 1
    outer loop
      vertex 0 28.7 1.6
      vertex 0.592941 29.4727 1.6
      vertex 0.493851 29.4391 1.6
    endloop
  endfacet
  facet normal 0 0 1
    outer loop
      vertex 0.800003 0 1.6
      vertex 0 0.800003 1.6
      vertex 0.695587 0.0068512 1.6
    endloop
  endfacet
  facet normal 0 0 1
    outer loop
      vertex 0 28.7 1.6
      vertex 0.493851 29.4391 1.6
      vertex 0.400009 29.3928 1.6
    endloop
  endfacet
  facet normal 0 0 1
    outer loop
      vertex 0.695587 0.0068512 1.6
      vertex 0 0.800003 1.6
      vertex 0.592941 0.0272675 1.6
    endloop
  endfacet
  facet normal 0 0 1
    outer loop
      vertex 0 28.7 1.6
      vertex 0.400009 29.3928 1.6
      vertex 0.312988 29.3347 1.6
    endloop
  endfacet
  facet normal 0 0 1
    outer loop
      vertex 0.592941 0.0272675 1.6
      vertex 0 0.800003 1.6
      vertex 0.493851 0.0608978 1.6
    endloop
  endfacet
  facet normal 0 0 1
    outer loop
      vertex 0 28.7 1.6
      vertex 0.312988 29.3347 1.6
      vertex 0.234314 29.2657 1.6
    endloop
  endfacet
  facet normal 0 0 1
    outer loop
      vertex 0.493851 0.0608978 1.6
      vertex 0 0.800003 1.6
      vertex 0.400009 0.107178 1.6
    endloop
  endfacet
  facet normal 0 0 1
    outer loop
      vertex 0 28.7 1.6
      vertex 0.234314 29.2657 1.6
      vertex 0.165314 29.187 1.6
    endloop
  endfacet
  facet normal 0 0 1
    outer loop
      vertex 0.400009 0.107178 1.6
      vertex 0 0.800003 1.6
      vertex 0.312988 0.165314 1.6
    endloop
  endfacet
  facet normal 0 0 1
    outer loop
      vertex 0 28.7 1.6
      vertex 0.165314 29.187 1.6
      vertex 0.107178 29.1 1.6
    endloop
  endfacet
  facet normal 0 0 1
    outer loop
      vertex 0.312988 0.165314 1.6
      vertex 0 0.800003 1.6
      vertex 0.234314 0.234314 1.6
    endloop
  endfacet
  facet normal 0 0 1
    outer loop
      vertex 0 28.7 1.6
      vertex 0.107178 29.1 1.6
      vertex 0.0608978 29.0061 1.6
    endloop
  endfacet
  facet normal 0 0 1
    outer loop
      vertex 0.234314 0.234314 1.6
      vertex 0 0.800003 1.6
      vertex 0.165314 0.312988 1.6
    endloop
  endfacet
  facet normal 0 0 1
    outer loop
      vertex 0 28.7 1.6
      vertex 0.0608978 29.0061 1.6
      vertex 0.0272675 28.9071 1.6
    endloop
  endfacet
  facet normal 0 0 1
    outer loop
      vertex 0.165314 0.312988 1.6
      vertex 0 0.800003 1.6
      vertex 0.107178 0.400009 1.6
    endloop
  endfacet
  facet normal 0 0 1
    outer loop
      vertex 0 28.7 1.6
      vertex 0.0272675 28.9071 1.6
      vertex 0.0068512 28.8044 1.6
    endloop
  endfacet
  facet normal 0 0 1
    outer loop
      vertex 0.107178 0.400009 1.6
      vertex 0 0.800003 1.6
      vertex 0.0608978 0.493851 1.6
    endloop
  endfacet
  facet normal 0 0 1
    outer loop
      vertex 0.0608978 0.493851 1.6
      vertex 0 0.800003 1.6
      vertex 0.0272675 0.592941 1.6
    endloop
  endfacet
  facet normal 0 0 1
    outer loop
      vertex 0.0272675 0.592941 1.6
      vertex 0 0.800003 1.6
      vertex 0.0068512 0.695587 1.6
    endloop
  endfacet
  facet normal -0 0 1
    outer loop
      vertex 41.2864 16.3653 1.6
      vertex 41.95 15.65 1.6
      vertex 41.4815 16.6572 1.6
    endloop
  endfacet
  facet normal 0 0 1
    outer loop
      vertex 41.95 15.65 1.6
      vertex 41.2864 16.3653 1.6
      vertex 41.6056 15.5815 1.6
    endloop
  endfacet
  facet normal -0 0 1
    outer loop
      vertex 40.9944 16.1702 1.6
      vertex 41.6056 15.5815 1.6
      vertex 41.2864 16.3653 1.6
    endloop
  endfacet
  facet normal 0 0 1
    outer loop
      vertex 41.6056 15.5815 1.6
      vertex 40.9944 16.1702 1.6
      vertex 41.3136 15.3864 1.6
    endloop
  endfacet
  facet normal -0 0 1
    outer loop
      vertex 40.65 16.1017 1.6
      vertex 41.3136 15.3864 1.6
      vertex 40.9944 16.1702 1.6
    endloop
  endfacet
  facet normal 0 0 1
    outer loop
      vertex 41.3136 15.3864 1.6
      vertex 40.65 16.1017 1.6
      vertex 41.1185 15.0944 1.6
    endloop
  endfacet
  facet normal -0 0 1
    outer loop
      vertex 41.2864 11.8619 1.6
      vertex 41.95 11.1467 1.6
      vertex 41.4815 12.1539 1.6
    endloop
  endfacet
  facet normal 0 0 1
    outer loop
      vertex 41.95 11.1467 1.6
      vertex 41.2864 11.8619 1.6
      vertex 41.6056 11.0782 1.6
    endloop
  endfacet
  facet normal -0 0 1
    outer loop
      vertex 40.9944 11.6668 1.6
      vertex 41.6056 11.0782 1.6
      vertex 41.2864 11.8619 1.6
    endloop
  endfacet
  facet normal 0 0 1
    outer loop
      vertex 41.6056 11.0782 1.6
      vertex 40.9944 11.6668 1.6
      vertex 41.3136 10.8831 1.6
    endloop
  endfacet
  facet normal -0 0 1
    outer loop
      vertex 40.65 11.5983 1.6
      vertex 41.3136 10.8831 1.6
      vertex 40.9944 11.6668 1.6
    endloop
  endfacet
  facet normal 0 0 1
    outer loop
      vertex 41.3136 10.8831 1.6
      vertex 40.65 11.5983 1.6
      vertex 41.1185 10.5911 1.6
    endloop
  endfacet
  facet normal -0.751817 -0.659371 0
    outer loop
      vertex 0.234314 0.234314 0
      vertex 0.165314 0.312988 1.6
      vertex 0.165314 0.312988 0
    endloop
  endfacet
  facet normal -0.751817 -0.659371 0
    outer loop
      vertex 0.165314 0.312988 1.6
      vertex 0.234314 0.234314 0
      vertex 0.234314 0.234314 1.6
    endloop
  endfacet
  facet normal -0.659371 0.751817 0
    outer loop
      vertex 0.312988 29.3347 0
      vertex 0.234314 29.2657 1.6
      vertex 0.312988 29.3347 1.6
    endloop
  endfacet
  facet normal -0.659371 0.751817 0
    outer loop
      vertex 0.234314 29.2657 1.6
      vertex 0.312988 29.3347 0
      vertex 0.234314 29.2657 0
    endloop
  endfacet
  facet normal -0.946948 -0.321386 0
    outer loop
      vertex 0.0608978 0.493851 0
      vertex 0.0272675 0.592941 1.6
      vertex 0.0272675 0.592941 0
    endloop
  endfacet
  facet normal -0.946948 -0.321386 0
    outer loop
      vertex 0.0272675 0.592941 1.6
      vertex 0.0608978 0.493851 0
      vertex 0.0608978 0.493851 1.6
    endloop
  endfacet
endsolid OpenSCAD_Model
