solid OpenSCAD_Model
  facet normal 0.890928 -0 0.454145
    outer loop
      vertex 48.4832 0.599999 20.8057
      vertex 48.5329 1.6 20.7082
      vertex 48.4832 1.6 20.8057
    endloop
  endfacet
  facet normal 0.890928 0 0.454145
    outer loop
      vertex 48.5329 1.6 20.7082
      vertex 48.4832 0.599999 20.8057
      vertex 48.5329 0.599999 20.7082
    endloop
  endfacet
  facet normal -0.454145 0 0.890928
    outer loop
      vertex 47.9943 1.6 20.8832
      vertex 48.0918 0.599999 20.9329
      vertex 48.0918 1.6 20.9329
    endloop
  endfacet
  facet normal -0.454145 0 0.890928
    outer loop
      vertex 48.0918 0.599999 20.9329
      vertex 47.9943 1.6 20.8832
      vertex 47.9943 0.599999 20.8832
    endloop
  endfacet
  facet normal 0.156103 0 0.987741
    outer loop
      vertex 48.2 1.6 20.95
      vertex 48.3082 0.599999 20.9329
      vertex 48.3082 1.6 20.9329
    endloop
  endfacet
  facet normal 0.156103 0 0.987741
    outer loop
      vertex 48.3082 0.599999 20.9329
      vertex 48.2 1.6 20.95
      vertex 48.2 0.599999 20.95
    endloop
  endfacet
  facet normal 0.987741 -0 0.156103
    outer loop
      vertex 48.5329 0.599999 20.7082
      vertex 48.55 1.6 20.6
      vertex 48.5329 1.6 20.7082
    endloop
  endfacet
  facet normal 0.987741 0 0.156103
    outer loop
      vertex 48.55 1.6 20.6
      vertex 48.5329 0.599999 20.7082
      vertex 48.55 0.599999 20.6
    endloop
  endfacet
  facet normal 0.707107 -0 0.707107
    outer loop
      vertex 48.4057 0.599999 20.8832
      vertex 48.4832 1.6 20.8057
      vertex 48.4057 1.6 20.8832
    endloop
  endfacet
  facet normal 0.707107 0 0.707107
    outer loop
      vertex 48.4832 1.6 20.8057
      vertex 48.4057 0.599999 20.8832
      vertex 48.4832 0.599999 20.8057
    endloop
  endfacet
  facet normal -0.890928 0 0.454145
    outer loop
      vertex 47.8671 0.599999 20.7082
      vertex 47.9168 1.6 20.8057
      vertex 47.8671 1.6 20.7082
    endloop
  endfacet
  facet normal -0.890928 0 0.454145
    outer loop
      vertex 47.9168 1.6 20.8057
      vertex 47.8671 0.599999 20.7082
      vertex 47.9168 0.599999 20.8057
    endloop
  endfacet
  facet normal 0.454145 0 0.890928
    outer loop
      vertex 48.3082 1.6 20.9329
      vertex 48.4057 0.599999 20.8832
      vertex 48.4057 1.6 20.8832
    endloop
  endfacet
  facet normal 0.454145 0 0.890928
    outer loop
      vertex 48.4057 0.599999 20.8832
      vertex 48.3082 1.6 20.9329
      vertex 48.3082 0.599999 20.9329
    endloop
  endfacet
  facet normal -0.156103 0 0.987741
    outer loop
      vertex 48.0918 1.6 20.9329
      vertex 48.2 0.599999 20.95
      vertex 48.2 1.6 20.95
    endloop
  endfacet
  facet normal -0.156103 0 0.987741
    outer loop
      vertex 48.2 0.599999 20.95
      vertex 48.0918 1.6 20.9329
      vertex 48.0918 0.599999 20.9329
    endloop
  endfacet
  facet normal -0.987741 0 0.156103
    outer loop
      vertex 47.85 0.599999 20.6
      vertex 47.8671 1.6 20.7082
      vertex 47.85 1.6 20.6
    endloop
  endfacet
  facet normal -0.987741 0 0.156103
    outer loop
      vertex 47.8671 1.6 20.7082
      vertex 47.85 0.599999 20.6
      vertex 47.8671 0.599999 20.7082
    endloop
  endfacet
  facet normal 0 1 0
    outer loop
      vertex 48.0918 0.599999 20.9329
      vertex 55.1153 0.599999 24.05
      vertex 48.2 0.599999 20.95
    endloop
  endfacet
  facet normal 0 1 0
    outer loop
      vertex 55.1153 0.599999 24.05
      vertex 48.3082 0.599999 20.9329
      vertex 48.2 0.599999 20.95
    endloop
  endfacet
  facet normal 0 1 0
    outer loop
      vertex 55.1153 0.599999 24.05
      vertex 48.4057 0.599999 20.8832
      vertex 48.3082 0.599999 20.9329
    endloop
  endfacet
  facet normal 0 1 0
    outer loop
      vertex 55.1153 0.599999 24.05
      vertex 48.4832 0.599999 20.8057
      vertex 48.4057 0.599999 20.8832
    endloop
  endfacet
  facet normal 0 1 0
    outer loop
      vertex 55.1153 0.599999 24.05
      vertex 48.5329 0.599999 20.7082
      vertex 48.4832 0.599999 20.8057
    endloop
  endfacet
  facet normal 0 1 -0
    outer loop
      vertex 55.1153 0.599999 20.6
      vertex 48.5329 0.599999 20.7082
      vertex 55.1153 0.599999 24.05
    endloop
  endfacet
  facet normal 0 1 0
    outer loop
      vertex 48.5329 0.599999 20.7082
      vertex 55.1153 0.599999 20.6
      vertex 48.55 0.599999 20.6
    endloop
  endfacet
  facet normal 0 1 0
    outer loop
      vertex 55.1153 0.599999 24.05
      vertex 48.0918 0.599999 20.9329
      vertex 1.6 0.599999 24.05
    endloop
  endfacet
  facet normal 0 1 -0
    outer loop
      vertex 47.9943 0.599999 20.8832
      vertex 1.6 0.599999 24.05
      vertex 48.0918 0.599999 20.9329
    endloop
  endfacet
  facet normal 0 1 -0
    outer loop
      vertex 47.9168 0.599999 20.8057
      vertex 1.6 0.599999 24.05
      vertex 47.9943 0.599999 20.8832
    endloop
  endfacet
  facet normal 0 1 -0
    outer loop
      vertex 47.8671 0.599999 20.7082
      vertex 1.6 0.599999 24.05
      vertex 47.9168 0.599999 20.8057
    endloop
  endfacet
  facet normal 0 1 -0
    outer loop
      vertex 47.85 0.599999 20.6
      vertex 1.6 0.599999 24.05
      vertex 47.8671 0.599999 20.7082
    endloop
  endfacet
  facet normal 0 1 0
    outer loop
      vertex 1.6 0.599999 24.05
      vertex 47.85 0.599999 20.6
      vertex 1.6 0.599999 20.6
    endloop
  endfacet
  facet normal -0.707107 0 0.707107
    outer loop
      vertex 47.9168 0.599999 20.8057
      vertex 47.9943 1.6 20.8832
      vertex 47.9168 1.6 20.8057
    endloop
  endfacet
  facet normal -0.707107 0 0.707107
    outer loop
      vertex 47.9943 1.6 20.8832
      vertex 47.9168 0.599999 20.8057
      vertex 47.9943 0.599999 20.8832
    endloop
  endfacet
  facet normal 0 1 0
    outer loop
      vertex 48.3082 1.6 20.9329
      vertex 48.0918 1.6 20.9329
      vertex 48.2 1.6 20.95
    endloop
  endfacet
  facet normal 0 1 0
    outer loop
      vertex 48.4057 1.6 20.8832
      vertex 48.0918 1.6 20.9329
      vertex 48.3082 1.6 20.9329
    endloop
  endfacet
  facet normal 0 1 0
    outer loop
      vertex 48.4057 1.6 20.8832
      vertex 47.9943 1.6 20.8832
      vertex 48.0918 1.6 20.9329
    endloop
  endfacet
  facet normal 0 1 0
    outer loop
      vertex 48.4832 1.6 20.8057
      vertex 47.9943 1.6 20.8832
      vertex 48.4057 1.6 20.8832
    endloop
  endfacet
  facet normal 0 1 0
    outer loop
      vertex 48.4832 1.6 20.8057
      vertex 47.9168 1.6 20.8057
      vertex 47.9943 1.6 20.8832
    endloop
  endfacet
  facet normal 0 1 0
    outer loop
      vertex 48.5329 1.6 20.7082
      vertex 47.9168 1.6 20.8057
      vertex 48.4832 1.6 20.8057
    endloop
  endfacet
  facet normal 0 1 0
    outer loop
      vertex 48.5329 1.6 20.7082
      vertex 47.8671 1.6 20.7082
      vertex 47.9168 1.6 20.8057
    endloop
  endfacet
  facet normal 0 1 0
    outer loop
      vertex 48.55 1.6 20.6
      vertex 47.8671 1.6 20.7082
      vertex 48.5329 1.6 20.7082
    endloop
  endfacet
  facet normal 0 1 0
    outer loop
      vertex 48.55 1.6 20.6
      vertex 47.85 1.6 20.6
      vertex 47.8671 1.6 20.7082
    endloop
  endfacet
  facet normal 0 1 -0
    outer loop
      vertex 48.5329 1.6 20.4918
      vertex 47.85 1.6 20.6
      vertex 48.55 1.6 20.6
    endloop
  endfacet
  facet normal 0 1 0
    outer loop
      vertex 48.5329 1.6 20.4918
      vertex 47.8671 1.6 20.4918
      vertex 47.85 1.6 20.6
    endloop
  endfacet
  facet normal 0 1 -0
    outer loop
      vertex 48.4832 1.6 20.3943
      vertex 47.8671 1.6 20.4918
      vertex 48.5329 1.6 20.4918
    endloop
  endfacet
  facet normal 0 1 0
    outer loop
      vertex 48.4832 1.6 20.3943
      vertex 47.9168 1.6 20.3943
      vertex 47.8671 1.6 20.4918
    endloop
  endfacet
  facet normal 0 1 -0
    outer loop
      vertex 48.4057 1.6 20.3168
      vertex 47.9168 1.6 20.3943
      vertex 48.4832 1.6 20.3943
    endloop
  endfacet
  facet normal 0 1 0
    outer loop
      vertex 48.4057 1.6 20.3168
      vertex 47.9943 1.6 20.3168
      vertex 47.9168 1.6 20.3943
    endloop
  endfacet
  facet normal 0 1 -0
    outer loop
      vertex 48.3082 1.6 20.2671
      vertex 47.9943 1.6 20.3168
      vertex 48.4057 1.6 20.3168
    endloop
  endfacet
  facet normal 0 1 0
    outer loop
      vertex 48.3082 1.6 20.2671
      vertex 48.0918 1.6 20.2671
      vertex 47.9943 1.6 20.3168
    endloop
  endfacet
  facet normal -0 1 0
    outer loop
      vertex 48.0918 1.6 20.2671
      vertex 48.3082 1.6 20.2671
      vertex 48.2 1.6 20.25
    endloop
  endfacet
  facet normal 0 1 0
    outer loop
      vertex 53.6 1.6 20.6
      vertex 48.5329 1.6 20.4918
      vertex 48.55 1.6 20.6
    endloop
  endfacet
  facet normal 0 1 0
    outer loop
      vertex 53.6 1.6 20.6
      vertex 48.4832 1.6 20.3943
      vertex 48.5329 1.6 20.4918
    endloop
  endfacet
  facet normal 0 1 0
    outer loop
      vertex 53.6 1.6 20.6
      vertex 48.4057 1.6 20.3168
      vertex 48.4832 1.6 20.3943
    endloop
  endfacet
  facet normal 0 1 0
    outer loop
      vertex 53.6 1.6 20.6
      vertex 48.3082 1.6 20.2671
      vertex 48.4057 1.6 20.3168
    endloop
  endfacet
  facet normal 0 1 -0
    outer loop
      vertex 53.6 1.6 1.6
      vertex 48.3082 1.6 20.2671
      vertex 53.6 1.6 20.6
    endloop
  endfacet
  facet normal 0 1 0
    outer loop
      vertex 48.3082 1.6 20.2671
      vertex 53.6 1.6 1.6
      vertex 48.2 1.6 20.25
    endloop
  endfacet
  facet normal 0 1 0
    outer loop
      vertex 47.8671 1.6 20.4918
      vertex 1.6 1.6 20.6
      vertex 47.85 1.6 20.6
    endloop
  endfacet
  facet normal 0 1 0
    outer loop
      vertex 1.6 1.6 1.6
      vertex 47.8671 1.6 20.4918
      vertex 47.9168 1.6 20.3943
    endloop
  endfacet
  facet normal 0 1 0
    outer loop
      vertex 53.6 1.6 1.6
      vertex 47.9168 1.6 20.3943
      vertex 47.9943 1.6 20.3168
    endloop
  endfacet
  facet normal 0 1 0
    outer loop
      vertex 53.6 1.6 1.6
      vertex 47.9943 1.6 20.3168
      vertex 48.0918 1.6 20.2671
    endloop
  endfacet
  facet normal 0 1 0
    outer loop
      vertex 53.6 1.6 1.6
      vertex 48.0918 1.6 20.2671
      vertex 48.2 1.6 20.25
    endloop
  endfacet
  facet normal 0 1 0
    outer loop
      vertex 47.9168 1.6 20.3943
      vertex 53.6 1.6 1.6
      vertex 1.6 1.6 1.6
    endloop
  endfacet
  facet normal 0 1 0
    outer loop
      vertex 47.8671 1.6 20.4918
      vertex 1.6 1.6 1.6
      vertex 1.6 1.6 20.6
    endloop
  endfacet
  facet normal 0 1 -0
    outer loop
      vertex 53.6 1.6 24.05
      vertex 1.6 1.6 24.8
      vertex 53.6 1.6 24.8
    endloop
  endfacet
  facet normal 0 1 0
    outer loop
      vertex 1.6 1.6 24.8
      vertex 53.6 1.6 24.05
      vertex 1.6 1.6 24.05
    endloop
  endfacet
  facet normal -0.156103 0 0.987741
    outer loop
      vertex 48.0918 39.6 20.9329
      vertex 48.2 38.6 20.95
      vertex 48.2 39.6 20.95
    endloop
  endfacet
  facet normal -0.156103 0 0.987741
    outer loop
      vertex 48.2 38.6 20.95
      vertex 48.0918 39.6 20.9329
      vertex 48.0918 38.6 20.9329
    endloop
  endfacet
  facet normal 0.454145 0 0.890928
    outer loop
      vertex 48.3082 39.6 20.9329
      vertex 48.4057 38.6 20.8832
      vertex 48.4057 39.6 20.8832
    endloop
  endfacet
  facet normal 0.454145 0 0.890928
    outer loop
      vertex 48.4057 38.6 20.8832
      vertex 48.3082 39.6 20.9329
      vertex 48.3082 38.6 20.9329
    endloop
  endfacet
  facet normal 0.987741 -0 0.156103
    outer loop
      vertex 48.5329 38.6 20.7082
      vertex 48.55 39.6 20.6
      vertex 48.5329 39.6 20.7082
    endloop
  endfacet
  facet normal 0.987741 0 0.156103
    outer loop
      vertex 48.55 39.6 20.6
      vertex 48.5329 38.6 20.7082
      vertex 48.55 38.6 20.6
    endloop
  endfacet
  facet normal 0.156103 0 0.987741
    outer loop
      vertex 48.2 39.6 20.95
      vertex 48.3082 38.6 20.9329
      vertex 48.3082 39.6 20.9329
    endloop
  endfacet
  facet normal 0.156103 0 0.987741
    outer loop
      vertex 48.3082 38.6 20.9329
      vertex 48.2 39.6 20.95
      vertex 48.2 38.6 20.95
    endloop
  endfacet
  facet normal -0.987741 0 0.156103
    outer loop
      vertex 47.85 38.6 20.6
      vertex 47.8671 39.6 20.7082
      vertex 47.85 39.6 20.6
    endloop
  endfacet
  facet normal -0.987741 0 0.156103
    outer loop
      vertex 47.8671 39.6 20.7082
      vertex 47.85 38.6 20.6
      vertex 47.8671 38.6 20.7082
    endloop
  endfacet
  facet normal 0.707107 -0 0.707107
    outer loop
      vertex 48.4057 38.6 20.8832
      vertex 48.4832 39.6 20.8057
      vertex 48.4057 39.6 20.8832
    endloop
  endfacet
  facet normal 0.707107 0 0.707107
    outer loop
      vertex 48.4832 39.6 20.8057
      vertex 48.4057 38.6 20.8832
      vertex 48.4832 38.6 20.8057
    endloop
  endfacet
  facet normal -0.707107 0 0.707107
    outer loop
      vertex 47.9168 38.6 20.8057
      vertex 47.9943 39.6 20.8832
      vertex 47.9168 39.6 20.8057
    endloop
  endfacet
  facet normal -0.707107 0 0.707107
    outer loop
      vertex 47.9943 39.6 20.8832
      vertex 47.9168 38.6 20.8057
      vertex 47.9943 38.6 20.8832
    endloop
  endfacet
  facet normal -0.890928 0 0.454145
    outer loop
      vertex 47.8671 38.6 20.7082
      vertex 47.9168 39.6 20.8057
      vertex 47.8671 39.6 20.7082
    endloop
  endfacet
  facet normal -0.890928 0 0.454145
    outer loop
      vertex 47.9168 39.6 20.8057
      vertex 47.8671 38.6 20.7082
      vertex 47.9168 38.6 20.8057
    endloop
  endfacet
  facet normal 0 -1 0
    outer loop
      vertex 1.6 38.6 20.6
      vertex 47.8671 38.6 20.4918
      vertex 47.85 38.6 20.6
    endloop
  endfacet
  facet normal 0 -1 0
    outer loop
      vertex 1.6 38.6 1.6
      vertex 47.8671 38.6 20.4918
      vertex 1.6 38.6 20.6
    endloop
  endfacet
  facet normal 0 -1 -0
    outer loop
      vertex 47.8671 38.6 20.4918
      vertex 1.6 38.6 1.6
      vertex 47.9168 38.6 20.3943
    endloop
  endfacet
  facet normal 0 -1 0
    outer loop
      vertex 53.6 38.6 1.6
      vertex 47.9168 38.6 20.3943
      vertex 1.6 38.6 1.6
    endloop
  endfacet
  facet normal 0 -1 0
    outer loop
      vertex 47.9168 38.6 20.3943
      vertex 53.6 38.6 1.6
      vertex 47.9943 38.6 20.3168
    endloop
  endfacet
  facet normal 0 -1 0
    outer loop
      vertex 47.9943 38.6 20.3168
      vertex 53.6 38.6 1.6
      vertex 48.0918 38.6 20.2671
    endloop
  endfacet
  facet normal 0 -1 0
    outer loop
      vertex 48.5329 38.6 20.4918
      vertex 53.6 38.6 20.6
      vertex 48.55 38.6 20.6
    endloop
  endfacet
  facet normal 0 -1 0
    outer loop
      vertex 48.4832 38.6 20.3943
      vertex 53.6 38.6 20.6
      vertex 48.5329 38.6 20.4918
    endloop
  endfacet
  facet normal 0 -1 0
    outer loop
      vertex 48.4057 38.6 20.3168
      vertex 53.6 38.6 20.6
      vertex 48.4832 38.6 20.3943
    endloop
  endfacet
  facet normal 0 -1 0
    outer loop
      vertex 48.3082 38.6 20.2671
      vertex 53.6 38.6 20.6
      vertex 48.4057 38.6 20.3168
    endloop
  endfacet
  facet normal 0 -1 0
    outer loop
      vertex 53.6 38.6 1.6
      vertex 48.3082 38.6 20.2671
      vertex 48.2 38.6 20.25
    endloop
  endfacet
  facet normal 0 -1 0
    outer loop
      vertex 48.0918 38.6 20.2671
      vertex 53.6 38.6 1.6
      vertex 48.2 38.6 20.25
    endloop
  endfacet
  facet normal 0 -1 0
    outer loop
      vertex 48.3082 38.6 20.2671
      vertex 53.6 38.6 1.6
      vertex 53.6 38.6 20.6
    endloop
  endfacet
  facet normal 0 -1 0
    outer loop
      vertex 48.0918 38.6 20.9329
      vertex 48.3082 38.6 20.9329
      vertex 48.2 38.6 20.95
    endloop
  endfacet
  facet normal 0 -1 0
    outer loop
      vertex 47.9943 38.6 20.8832
      vertex 48.3082 38.6 20.9329
      vertex 48.0918 38.6 20.9329
    endloop
  endfacet
  facet normal 0 -1 0
    outer loop
      vertex 47.9943 38.6 20.8832
      vertex 48.4057 38.6 20.8832
      vertex 48.3082 38.6 20.9329
    endloop
  endfacet
  facet normal 0 -1 0
    outer loop
      vertex 47.9168 38.6 20.8057
      vertex 48.4057 38.6 20.8832
      vertex 47.9943 38.6 20.8832
    endloop
  endfacet
  facet normal 0 -1 0
    outer loop
      vertex 47.9168 38.6 20.8057
      vertex 48.4832 38.6 20.8057
      vertex 48.4057 38.6 20.8832
    endloop
  endfacet
  facet normal 0 -1 0
    outer loop
      vertex 47.8671 38.6 20.7082
      vertex 48.4832 38.6 20.8057
      vertex 47.9168 38.6 20.8057
    endloop
  endfacet
  facet normal 0 -1 0
    outer loop
      vertex 47.8671 38.6 20.7082
      vertex 48.5329 38.6 20.7082
      vertex 48.4832 38.6 20.8057
    endloop
  endfacet
  facet normal 0 -1 0
    outer loop
      vertex 47.85 38.6 20.6
      vertex 48.5329 38.6 20.7082
      vertex 47.8671 38.6 20.7082
    endloop
  endfacet
  facet normal 0 -1 0
    outer loop
      vertex 47.85 38.6 20.6
      vertex 48.55 38.6 20.6
      vertex 48.5329 38.6 20.7082
    endloop
  endfacet
  facet normal 0 -1 0
    outer loop
      vertex 47.8671 38.6 20.4918
      vertex 48.55 38.6 20.6
      vertex 47.85 38.6 20.6
    endloop
  endfacet
  facet normal 0 -1 0
    outer loop
      vertex 47.8671 38.6 20.4918
      vertex 48.5329 38.6 20.4918
      vertex 48.55 38.6 20.6
    endloop
  endfacet
  facet normal 0 -1 0
    outer loop
      vertex 47.9168 38.6 20.3943
      vertex 48.5329 38.6 20.4918
      vertex 47.8671 38.6 20.4918
    endloop
  endfacet
  facet normal 0 -1 0
    outer loop
      vertex 47.9168 38.6 20.3943
      vertex 48.4832 38.6 20.3943
      vertex 48.5329 38.6 20.4918
    endloop
  endfacet
  facet normal 0 -1 0
    outer loop
      vertex 47.9943 38.6 20.3168
      vertex 48.4832 38.6 20.3943
      vertex 47.9168 38.6 20.3943
    endloop
  endfacet
  facet normal 0 -1 0
    outer loop
      vertex 47.9943 38.6 20.3168
      vertex 48.4057 38.6 20.3168
      vertex 48.4832 38.6 20.3943
    endloop
  endfacet
  facet normal 0 -1 0
    outer loop
      vertex 48.0918 38.6 20.2671
      vertex 48.4057 38.6 20.3168
      vertex 47.9943 38.6 20.3168
    endloop
  endfacet
  facet normal 0 -1 0
    outer loop
      vertex 48.0918 38.6 20.2671
      vertex 48.3082 38.6 20.2671
      vertex 48.4057 38.6 20.3168
    endloop
  endfacet
  facet normal -0 -1 0
    outer loop
      vertex 48.3082 38.6 20.2671
      vertex 48.0918 38.6 20.2671
      vertex 48.2 38.6 20.25
    endloop
  endfacet
  facet normal 0 -1 0
    outer loop
      vertex 1.6 38.6 24.05
      vertex 53.6 38.6 24.8
      vertex 1.6 38.6 24.8
    endloop
  endfacet
  facet normal 0 -1 -0
    outer loop
      vertex 53.6 38.6 24.8
      vertex 1.6 38.6 24.05
      vertex 53.6 38.6 24.05
    endloop
  endfacet
  facet normal -0.454145 0 0.890928
    outer loop
      vertex 47.9943 39.6 20.8832
      vertex 48.0918 38.6 20.9329
      vertex 48.0918 39.6 20.9329
    endloop
  endfacet
  facet normal -0.454145 0 0.890928
    outer loop
      vertex 48.0918 38.6 20.9329
      vertex 47.9943 39.6 20.8832
      vertex 47.9943 38.6 20.8832
    endloop
  endfacet
  facet normal 0.890928 -0 0.454145
    outer loop
      vertex 48.4832 38.6 20.8057
      vertex 48.5329 39.6 20.7082
      vertex 48.4832 39.6 20.8057
    endloop
  endfacet
  facet normal 0.890928 0 0.454145
    outer loop
      vertex 48.5329 39.6 20.7082
      vertex 48.4832 38.6 20.8057
      vertex 48.5329 38.6 20.7082
    endloop
  endfacet
  facet normal 0 -1 0
    outer loop
      vertex 48.0918 39.6 20.9329
      vertex 55.1153 39.6 24.05
      vertex 1.6 39.6 24.05
    endloop
  endfacet
  facet normal 0 -1 0
    outer loop
      vertex 55.1153 39.6 24.05
      vertex 48.0918 39.6 20.9329
      vertex 48.2 39.6 20.95
    endloop
  endfacet
  facet normal 0 -1 0
    outer loop
      vertex 1.6 39.6 24.05
      vertex 47.9943 39.6 20.8832
      vertex 48.0918 39.6 20.9329
    endloop
  endfacet
  facet normal 0 -1 0
    outer loop
      vertex 1.6 39.6 24.05
      vertex 47.9168 39.6 20.8057
      vertex 47.9943 39.6 20.8832
    endloop
  endfacet
  facet normal 0 -1 0
    outer loop
      vertex 1.6 39.6 24.05
      vertex 47.8671 39.6 20.7082
      vertex 47.9168 39.6 20.8057
    endloop
  endfacet
  facet normal 0 -1 0
    outer loop
      vertex 47.85 39.6 20.6
      vertex 1.6 39.6 24.05
      vertex 1.6 39.6 20.6
    endloop
  endfacet
  facet normal 0 -1 0
    outer loop
      vertex 1.6 39.6 24.05
      vertex 47.85 39.6 20.6
      vertex 47.8671 39.6 20.7082
    endloop
  endfacet
  facet normal 0 -1 0
    outer loop
      vertex 48.3082 39.6 20.9329
      vertex 55.1153 39.6 24.05
      vertex 48.2 39.6 20.95
    endloop
  endfacet
  facet normal 0 -1 0
    outer loop
      vertex 48.4057 39.6 20.8832
      vertex 55.1153 39.6 24.05
      vertex 48.3082 39.6 20.9329
    endloop
  endfacet
  facet normal 0 -1 0
    outer loop
      vertex 48.4832 39.6 20.8057
      vertex 55.1153 39.6 24.05
      vertex 48.4057 39.6 20.8832
    endloop
  endfacet
  facet normal 0 -1 0
    outer loop
      vertex 48.5329 39.6 20.7082
      vertex 55.1153 39.6 24.05
      vertex 48.4832 39.6 20.8057
    endloop
  endfacet
  facet normal 0 -1 0
    outer loop
      vertex 55.1153 39.6 20.6
      vertex 48.5329 39.6 20.7082
      vertex 48.55 39.6 20.6
    endloop
  endfacet
  facet normal 0 -1 0
    outer loop
      vertex 48.5329 39.6 20.7082
      vertex 55.1153 39.6 20.6
      vertex 55.1153 39.6 24.05
    endloop
  endfacet
  facet normal 0.321404 -0.946942 0
    outer loop
      vertex 54.4588 0.0340729 0
      vertex 54.5827 0.0761261 24.8
      vertex 54.4588 0.0340729 24.8
    endloop
  endfacet
  facet normal 0.321404 -0.946942 0
    outer loop
      vertex 54.5827 0.0761261 24.8
      vertex 54.4588 0.0340729 0
      vertex 54.5827 0.0761261 0
    endloop
  endfacet
  facet normal 0 -1 0
    outer loop
      vertex 1 0 0
      vertex 54.2 0 24.8
      vertex 1 0 24.8
    endloop
  endfacet
  facet normal 0 -1 -0
    outer loop
      vertex 54.2 0 24.8
      vertex 1 0 0
      vertex 54.2 0 0
    endloop
  endfacet
  facet normal 0.195033 -0.980797 0
    outer loop
      vertex 54.3305 0.00856018 0
      vertex 54.4588 0.0340729 24.8
      vertex 54.3305 0.00856018 24.8
    endloop
  endfacet
  facet normal 0.195033 -0.980797 0
    outer loop
      vertex 54.4588 0.0340729 24.8
      vertex 54.3305 0.00856018 0
      vertex 54.4588 0.0340729 0
    endloop
  endfacet
  facet normal -0.896888 -0.442258 0
    outer loop
      vertex 0.133972 0.5 0
      vertex 0.0761261 0.61731 24.8
      vertex 0.0761261 0.61731 0
    endloop
  endfacet
  facet normal -0.896888 -0.442258 0
    outer loop
      vertex 0.0761261 0.61731 24.8
      vertex 0.133972 0.5 0
      vertex 0.133972 0.5 24.8
    endloop
  endfacet
  facet normal 0.0654546 -0.997856 0
    outer loop
      vertex 54.2 0 0
      vertex 54.3305 0.00856018 24.8
      vertex 54.2 0 24.8
    endloop
  endfacet
  facet normal 0.0654546 -0.997856 0
    outer loop
      vertex 54.3305 0.00856018 24.8
      vertex 54.2 0 0
      vertex 54.3305 0.00856018 0
    endloop
  endfacet
  facet normal 0.19494 0.980815 -0
    outer loop
      vertex 54.4588 40.1659 0
      vertex 54.3305 40.1914 24.8
      vertex 54.4588 40.1659 24.8
    endloop
  endfacet
  facet normal 0.19494 0.980815 0
    outer loop
      vertex 54.3305 40.1914 24.8
      vertex 54.4588 40.1659 0
      vertex 54.3305 40.1914 0
    endloop
  endfacet
  facet normal -0.0654426 -0.997856 0
    outer loop
      vertex 0.869476 0.00856018 0
      vertex 1 0 24.8
      vertex 0.869476 0.00856018 24.8
    endloop
  endfacet
  facet normal -0.0654426 -0.997856 -0
    outer loop
      vertex 1 0 24.8
      vertex 0.869476 0.00856018 0
      vertex 1 0 0
    endloop
  endfacet
  facet normal -0.555705 0.831379 0
    outer loop
      vertex 0.5 40.066 0
      vertex 0.391235 39.9933 24.8
      vertex 0.5 40.066 24.8
    endloop
  endfacet
  facet normal -0.555705 0.831379 0
    outer loop
      vertex 0.391235 39.9933 24.8
      vertex 0.5 40.066 0
      vertex 0.391235 39.9933 0
    endloop
  endfacet
  facet normal -0.997856 -0.0654426 0
    outer loop
      vertex 0.00856018 0.869476 0
      vertex 0 1 24.8
      vertex 0 1 0
    endloop
  endfacet
  facet normal -0.997856 -0.0654426 0
    outer loop
      vertex 0 1 24.8
      vertex 0.00856018 0.869476 0
      vertex 0.00856018 0.869476 24.8
    endloop
  endfacet
  facet normal -0.321474 -0.946918 0
    outer loop
      vertex 0.61731 0.0761261 0
      vertex 0.74118 0.0340729 24.8
      vertex 0.61731 0.0761261 24.8
    endloop
  endfacet
  facet normal -0.321474 -0.946918 -0
    outer loop
      vertex 0.74118 0.0340729 24.8
      vertex 0.61731 0.0761261 0
      vertex 0.74118 0.0340729 0
    endloop
  endfacet
  facet normal -0.896873 0.442288 0
    outer loop
      vertex 0.0761261 39.5827 0
      vertex 0.133972 39.7 24.8
      vertex 0.133972 39.7 0
    endloop
  endfacet
  facet normal -0.896873 0.442288 0
    outer loop
      vertex 0.133972 39.7 24.8
      vertex 0.0761261 39.5827 0
      vertex 0.0761261 39.5827 24.8
    endloop
  endfacet
  facet normal -0.659153 0.752008 0
    outer loop
      vertex 0.391235 39.9933 0
      vertex 0.292892 39.9071 24.8
      vertex 0.391235 39.9933 24.8
    endloop
  endfacet
  facet normal -0.659153 0.752008 0
    outer loop
      vertex 0.292892 39.9071 24.8
      vertex 0.391235 39.9933 0
      vertex 0.292892 39.9071 0
    endloop
  endfacet
  facet normal -0.442591 0.896724 0
    outer loop
      vertex 0.61731 40.1239 0
      vertex 0.5 40.066 24.8
      vertex 0.61731 40.1239 24.8
    endloop
  endfacet
  facet normal -0.442591 0.896724 0
    outer loop
      vertex 0.5 40.066 24.8
      vertex 0.61731 40.1239 0
      vertex 0.5 40.066 0
    endloop
  endfacet
  facet normal -0.0657457 0.997836 0
    outer loop
      vertex 1 40.2 0
      vertex 0.869476 40.1914 24.8
      vertex 1 40.2 24.8
    endloop
  endfacet
  facet normal -0.0657457 0.997836 0
    outer loop
      vertex 0.869476 40.1914 24.8
      vertex 1 40.2 0
      vertex 0.869476 40.1914 0
    endloop
  endfacet
  facet normal 0.555582 0.831462 -0
    outer loop
      vertex 54.8088 39.9933 0
      vertex 54.7 40.066 24.8
      vertex 54.8088 39.9933 24.8
    endloop
  endfacet
  facet normal 0.555582 0.831462 0
    outer loop
      vertex 54.7 40.066 24.8
      vertex 54.8088 39.9933 0
      vertex 54.7 40.066 0
    endloop
  endfacet
  facet normal -0.946918 -0.321474 0
    outer loop
      vertex 0.0761261 0.61731 0
      vertex 0.0340729 0.74118 24.8
      vertex 0.0340729 0.74118 0
    endloop
  endfacet
  facet normal -0.946918 -0.321474 0
    outer loop
      vertex 0.0340729 0.74118 24.8
      vertex 0.0761261 0.61731 0
      vertex 0.0761261 0.61731 24.8
    endloop
  endfacet
  facet normal 0.980814 -0.194946 0
    outer loop
      vertex 55.1659 0.74118 20.6
      vertex 55.1914 0.869476 0
      vertex 55.1914 0.869476 20.6
    endloop
  endfacet
  facet normal 0.980814 -0.194946 0
    outer loop
      vertex 55.1914 0.869476 0
      vertex 55.1659 0.74118 20.6
      vertex 55.1659 0.74118 0
    endloop
  endfacet
  facet normal 0.980814 -0.194946 0
    outer loop
      vertex 55.1659 0.74118 24.8
      vertex 55.1914 0.869476 24.05
      vertex 55.1914 0.869476 24.8
    endloop
  endfacet
  facet normal 0.980814 -0.194946 0
    outer loop
      vertex 55.1914 0.869476 24.05
      vertex 55.1659 0.74118 24.8
      vertex 55.1659 0.74118 24.05
    endloop
  endfacet
  facet normal 1 -0 0
    outer loop
      vertex 55.2 1 24.8
      vertex 55.2 39.2 24.05
      vertex 55.2 39.2 24.8
    endloop
  endfacet
  facet normal 1 0 0
    outer loop
      vertex 55.2 39.2 24.05
      vertex 55.2 1 24.8
      vertex 55.2 1 24.05
    endloop
  endfacet
  facet normal 1 0 0
    outer loop
      vertex 55.2 39.2 20.6
      vertex 55.2 24.6 11.1
      vertex 55.2 39.2 0
    endloop
  endfacet
  facet normal 1 0 0
    outer loop
      vertex 55.2 39.2 20.6
      vertex 55.2 24.5424 11.6853
      vertex 55.2 24.6 11.1
    endloop
  endfacet
  facet normal 1 0 0
    outer loop
      vertex 55.2 39.2 20.6
      vertex 55.2 24.3716 12.248
      vertex 55.2 24.5424 11.6853
    endloop
  endfacet
  facet normal 1 0 0
    outer loop
      vertex 55.2 39.2 20.6
      vertex 55.2 24.0944 12.7667
      vertex 55.2 24.3716 12.248
    endloop
  endfacet
  facet normal 1 0 0
    outer loop
      vertex 55.2 39.2 20.6
      vertex 55.2 23.7213 13.2213
      vertex 55.2 24.0944 12.7667
    endloop
  endfacet
  facet normal 1 0 0
    outer loop
      vertex 55.2 39.2 20.6
      vertex 55.2 23.2667 13.5944
      vertex 55.2 23.7213 13.2213
    endloop
  endfacet
  facet normal 1 0 0
    outer loop
      vertex 55.2 39.2 20.6
      vertex 55.2 22.748 13.8716
      vertex 55.2 23.2667 13.5944
    endloop
  endfacet
  facet normal 1 0 0
    outer loop
      vertex 55.2 39.2 20.6
      vertex 55.2 22.1853 14.0424
      vertex 55.2 22.748 13.8716
    endloop
  endfacet
  facet normal 1 0 0
    outer loop
      vertex 55.2 39.2 20.6
      vertex 55.2 21.6 14.1
      vertex 55.2 22.1853 14.0424
    endloop
  endfacet
  facet normal 1 0 0
    outer loop
      vertex 55.2 39.2 20.6
      vertex 55.2 18.6 14.1
      vertex 55.2 21.6 14.1
    endloop
  endfacet
  facet normal 1 -0 0
    outer loop
      vertex 55.2 1 20.6
      vertex 55.2 18.6 14.1
      vertex 55.2 39.2 20.6
    endloop
  endfacet
  facet normal 1 0 0
    outer loop
      vertex 55.2 18.6 14.1
      vertex 55.2 1 20.6
      vertex 55.2 18.0147 14.0424
    endloop
  endfacet
  facet normal 1 0 0
    outer loop
      vertex 55.2 15.6576 11.6853
      vertex 55.2 1 20.6
      vertex 55.2 15.6 11.1
    endloop
  endfacet
  facet normal 1 0 0
    outer loop
      vertex 55.2 15.8284 12.248
      vertex 55.2 1 20.6
      vertex 55.2 15.6576 11.6853
    endloop
  endfacet
  facet normal 1 0 0
    outer loop
      vertex 55.2 16.1056 12.7667
      vertex 55.2 1 20.6
      vertex 55.2 15.8284 12.248
    endloop
  endfacet
  facet normal 1 0 0
    outer loop
      vertex 55.2 16.4787 13.2213
      vertex 55.2 1 20.6
      vertex 55.2 16.1056 12.7667
    endloop
  endfacet
  facet normal 1 0 0
    outer loop
      vertex 55.2 16.9333 13.5944
      vertex 55.2 1 20.6
      vertex 55.2 16.4787 13.2213
    endloop
  endfacet
  facet normal 1 0 0
    outer loop
      vertex 55.2 17.452 13.8716
      vertex 55.2 1 20.6
      vertex 55.2 16.9333 13.5944
    endloop
  endfacet
  facet normal 1 0 0
    outer loop
      vertex 55.2 18.0147 14.0424
      vertex 55.2 1 20.6
      vertex 55.2 17.452 13.8716
    endloop
  endfacet
  facet normal 1 -0 0
    outer loop
      vertex 55.2 24.5424 10.5147
      vertex 55.2 39.2 0
      vertex 55.2 24.6 11.1
    endloop
  endfacet
  facet normal 1 -0 0
    outer loop
      vertex 55.2 24.3716 9.95195
      vertex 55.2 39.2 0
      vertex 55.2 24.5424 10.5147
    endloop
  endfacet
  facet normal 1 -0 0
    outer loop
      vertex 55.2 24.0944 9.43329
      vertex 55.2 39.2 0
      vertex 55.2 24.3716 9.95195
    endloop
  endfacet
  facet normal 1 -0 0
    outer loop
      vertex 55.2 23.7213 8.97868
      vertex 55.2 39.2 0
      vertex 55.2 24.0944 9.43329
    endloop
  endfacet
  facet normal 1 -0 0
    outer loop
      vertex 55.2 23.2667 8.60559
      vertex 55.2 39.2 0
      vertex 55.2 23.7213 8.97868
    endloop
  endfacet
  facet normal 1 -0 0
    outer loop
      vertex 55.2 22.748 8.32836
      vertex 55.2 39.2 0
      vertex 55.2 23.2667 8.60559
    endloop
  endfacet
  facet normal 1 -0 0
    outer loop
      vertex 55.2 22.1853 8.15764
      vertex 55.2 39.2 0
      vertex 55.2 22.748 8.32836
    endloop
  endfacet
  facet normal 1 -0 0
    outer loop
      vertex 55.2 21.6 8.1
      vertex 55.2 39.2 0
      vertex 55.2 22.1853 8.15764
    endloop
  endfacet
  facet normal 1 -0 0
    outer loop
      vertex 55.2 18.6 8.1
      vertex 55.2 39.2 0
      vertex 55.2 21.6 8.1
    endloop
  endfacet
  facet normal 1 0 0
    outer loop
      vertex 55.2 1 0
      vertex 55.2 18.6 8.1
      vertex 55.2 18.0147 8.15764
    endloop
  endfacet
  facet normal 1 0 0
    outer loop
      vertex 55.2 1 0
      vertex 55.2 18.0147 8.15764
      vertex 55.2 17.452 8.32836
    endloop
  endfacet
  facet normal 1 0 0
    outer loop
      vertex 55.2 1 0
      vertex 55.2 15.6 11.1
      vertex 55.2 1 20.6
    endloop
  endfacet
  facet normal 1 0 0
    outer loop
      vertex 55.2 15.6 11.1
      vertex 55.2 1 0
      vertex 55.2 15.6576 10.5147
    endloop
  endfacet
  facet normal 1 0 0
    outer loop
      vertex 55.2 15.6576 10.5147
      vertex 55.2 1 0
      vertex 55.2 15.8284 9.95195
    endloop
  endfacet
  facet normal 1 0 0
    outer loop
      vertex 55.2 15.8284 9.95195
      vertex 55.2 1 0
      vertex 55.2 16.1056 9.43329
    endloop
  endfacet
  facet normal 1 0 0
    outer loop
      vertex 55.2 16.1056 9.43329
      vertex 55.2 1 0
      vertex 55.2 16.4787 8.97868
    endloop
  endfacet
  facet normal 1 0 0
    outer loop
      vertex 55.2 18.6 8.1
      vertex 55.2 1 0
      vertex 55.2 39.2 0
    endloop
  endfacet
  facet normal 1 0 0
    outer loop
      vertex 55.2 16.9333 8.60559
      vertex 55.2 1 0
      vertex 55.2 17.452 8.32836
    endloop
  endfacet
  facet normal 1 0 0
    outer loop
      vertex 55.2 16.4787 8.97868
      vertex 55.2 1 0
      vertex 55.2 16.9333 8.60559
    endloop
  endfacet
  facet normal -1 0 0
    outer loop
      vertex 0 1 0
      vertex 0 39.2 24.8
      vertex 0 39.2 0
    endloop
  endfacet
  facet normal -1 -0 0
    outer loop
      vertex 0 39.2 24.8
      vertex 0 1 0
      vertex 0 1 24.8
    endloop
  endfacet
  facet normal -0.946942 0.321404 0
    outer loop
      vertex 0.0340729 39.4588 0
      vertex 0.0761261 39.5827 24.8
      vertex 0.0761261 39.5827 0
    endloop
  endfacet
  facet normal -0.946942 0.321404 0
    outer loop
      vertex 0.0761261 39.5827 24.8
      vertex 0.0340729 39.4588 0
      vertex 0.0340729 39.4588 24.8
    endloop
  endfacet
  facet normal 0.947066 0.321039 0
    outer loop
      vertex 55.1659 39.4588 24.8
      vertex 55.1239 39.5827 24.05
      vertex 55.1239 39.5827 24.8
    endloop
  endfacet
  facet normal 0.947066 0.321039 0
    outer loop
      vertex 55.1239 39.5827 24.05
      vertex 55.1659 39.4588 24.8
      vertex 55.1659 39.4588 24.05
    endloop
  endfacet
  facet normal 0.947066 0.321039 0
    outer loop
      vertex 55.1659 39.4588 20.6
      vertex 55.1239 39.5827 0
      vertex 55.1239 39.5827 20.6
    endloop
  endfacet
  facet normal 0.947066 0.321039 0
    outer loop
      vertex 55.1239 39.5827 0
      vertex 55.1659 39.4588 20.6
      vertex 55.1659 39.4588 0
    endloop
  endfacet
  facet normal -0.195039 -0.980795 0
    outer loop
      vertex 0.74118 0.0340729 0
      vertex 0.869476 0.00856018 24.8
      vertex 0.74118 0.0340729 24.8
    endloop
  endfacet
  facet normal -0.195039 -0.980795 -0
    outer loop
      vertex 0.869476 0.00856018 24.8
      vertex 0.74118 0.0340729 0
      vertex 0.869476 0.00856018 0
    endloop
  endfacet
  facet normal 0.831379 -0.555705 0
    outer loop
      vertex 54.9933 0.391235 24.8
      vertex 55.066 0.5 0
      vertex 55.066 0.5 24.8
    endloop
  endfacet
  facet normal 0.831379 -0.555705 0
    outer loop
      vertex 55.066 0.5 0
      vertex 54.9933 0.391235 24.8
      vertex 54.9933 0.391235 0
    endloop
  endfacet
  facet normal -0.751706 0.659498 0
    outer loop
      vertex 0.20665 39.8088 0
      vertex 0.292892 39.9071 24.8
      vertex 0.292892 39.9071 0
    endloop
  endfacet
  facet normal -0.751706 0.659498 0
    outer loop
      vertex 0.292892 39.9071 24.8
      vertex 0.20665 39.8088 0
      vertex 0.20665 39.8088 24.8
    endloop
  endfacet
  facet normal 0.895573 -0.444915 0
    outer loop
      vertex 55.1239 0.61731 24.8
      vertex 55.1153 0.599999 24.05
      vertex 55.1239 0.61731 24.05
    endloop
  endfacet
  facet normal 0.896923 -0.442187 0
    outer loop
      vertex 55.1153 0.599999 24.05
      vertex 55.066 0.5 24.8
      vertex 55.1153 0.599999 20.6
    endloop
  endfacet
  facet normal 0.896724 -0.442591 -6.68508e-05
    outer loop
      vertex 55.066 0.5 24.8
      vertex 55.1153 0.599999 24.05
      vertex 55.1239 0.61731 24.8
    endloop
  endfacet
  facet normal 0.895573 -0.444915 0
    outer loop
      vertex 55.1153 0.599999 20.6
      vertex 55.1239 0.61731 0
      vertex 55.1239 0.61731 20.6
    endloop
  endfacet
  facet normal 0.896923 -0.442187 0
    outer loop
      vertex 55.066 0.5 0
      vertex 55.1153 0.599999 20.6
      vertex 55.066 0.5 24.8
    endloop
  endfacet
  facet normal 0.896724 -0.442591 2.43389e-06
    outer loop
      vertex 55.1153 0.599999 20.6
      vertex 55.066 0.5 0
      vertex 55.1239 0.61731 0
    endloop
  endfacet
  facet normal -0.555589 -0.831457 0
    outer loop
      vertex 0.391235 0.20665 0
      vertex 0.5 0.133972 24.8
      vertex 0.391235 0.20665 24.8
    endloop
  endfacet
  facet normal -0.555589 -0.831457 -0
    outer loop
      vertex 0.5 0.133972 24.8
      vertex 0.391235 0.20665 0
      vertex 0.5 0.133972 0
    endloop
  endfacet
  facet normal 0 1 -0
    outer loop
      vertex 54.2 40.2 0
      vertex 1 40.2 24.8
      vertex 54.2 40.2 24.8
    endloop
  endfacet
  facet normal 0 1 0
    outer loop
      vertex 1 40.2 24.8
      vertex 54.2 40.2 0
      vertex 1 40.2 0
    endloop
  endfacet
  facet normal -0.321109 0.947042 0
    outer loop
      vertex 0.74118 40.1659 0
      vertex 0.61731 40.1239 24.8
      vertex 0.74118 40.1659 24.8
    endloop
  endfacet
  facet normal -0.321109 0.947042 0
    outer loop
      vertex 0.61731 40.1239 24.8
      vertex 0.74118 40.1659 0
      vertex 0.61731 40.1239 0
    endloop
  endfacet
  facet normal -0.83154 0.555465 0
    outer loop
      vertex 0.133972 39.7 0
      vertex 0.20665 39.8088 24.8
      vertex 0.20665 39.8088 0
    endloop
  endfacet
  facet normal -0.83154 0.555465 0
    outer loop
      vertex 0.20665 39.8088 24.8
      vertex 0.133972 39.7 0
      vertex 0.133972 39.7 24.8
    endloop
  endfacet
  facet normal 0.751866 0.659316 0
    outer loop
      vertex 54.9933 39.8088 24.8
      vertex 54.9071 39.9071 0
      vertex 54.9071 39.9071 24.8
    endloop
  endfacet
  facet normal 0.751866 0.659316 0
    outer loop
      vertex 54.9071 39.9071 0
      vertex 54.9933 39.8088 24.8
      vertex 54.9933 39.8088 0
    endloop
  endfacet
  facet normal 0.0657577 0.997836 -0
    outer loop
      vertex 54.3305 40.1914 0
      vertex 54.2 40.2 24.8
      vertex 54.3305 40.1914 24.8
    endloop
  endfacet
  facet normal 0.0657577 0.997836 0
    outer loop
      vertex 54.2 40.2 24.8
      vertex 54.3305 40.1914 0
      vertex 54.2 40.2 0
    endloop
  endfacet
  facet normal -0.194946 0.980814 0
    outer loop
      vertex 0.869476 40.1914 0
      vertex 0.74118 40.1659 24.8
      vertex 0.869476 40.1914 24.8
    endloop
  endfacet
  facet normal -0.194946 0.980814 0
    outer loop
      vertex 0.74118 40.1659 24.8
      vertex 0.869476 40.1914 0
      vertex 0.74118 40.1659 0
    endloop
  endfacet
  facet normal 0.442621 0.896709 -0
    outer loop
      vertex 54.7 40.066 0
      vertex 54.5827 40.1239 24.8
      vertex 54.7 40.066 24.8
    endloop
  endfacet
  facet normal 0.442621 0.896709 0
    outer loop
      vertex 54.5827 40.1239 24.8
      vertex 54.7 40.066 0
      vertex 54.5827 40.1239 0
    endloop
  endfacet
  facet normal -0.659335 -0.751849 0
    outer loop
      vertex 0.292892 0.292892 0
      vertex 0.391235 0.20665 24.8
      vertex 0.292892 0.292892 24.8
    endloop
  endfacet
  facet normal -0.659335 -0.751849 -0
    outer loop
      vertex 0.391235 0.20665 24.8
      vertex 0.292892 0.292892 0
      vertex 0.391235 0.20665 0
    endloop
  endfacet
  facet normal 0.659498 -0.751706 0
    outer loop
      vertex 54.8088 0.20665 0
      vertex 54.9071 0.292892 24.8
      vertex 54.8088 0.20665 24.8
    endloop
  endfacet
  facet normal 0.659498 -0.751706 0
    outer loop
      vertex 54.9071 0.292892 24.8
      vertex 54.8088 0.20665 0
      vertex 54.9071 0.292892 0
    endloop
  endfacet
  facet normal -0.442258 -0.896888 0
    outer loop
      vertex 0.5 0.133972 0
      vertex 0.61731 0.0761261 24.8
      vertex 0.5 0.133972 24.8
    endloop
  endfacet
  facet normal -0.442258 -0.896888 -0
    outer loop
      vertex 0.61731 0.0761261 24.8
      vertex 0.5 0.133972 0
      vertex 0.61731 0.0761261 0
    endloop
  endfacet
  facet normal 0.659316 0.751866 -0
    outer loop
      vertex 54.9071 39.9071 0
      vertex 54.8088 39.9933 24.8
      vertex 54.9071 39.9071 24.8
    endloop
  endfacet
  facet normal 0.659316 0.751866 0
    outer loop
      vertex 54.8088 39.9933 24.8
      vertex 54.9071 39.9071 0
      vertex 54.8088 39.9933 0
    endloop
  endfacet
  facet normal -0.980797 0.195033 0
    outer loop
      vertex 0.00856018 39.3305 0
      vertex 0.0340729 39.4588 24.8
      vertex 0.0340729 39.4588 0
    endloop
  endfacet
  facet normal -0.980797 0.195033 0
    outer loop
      vertex 0.0340729 39.4588 24.8
      vertex 0.00856018 39.3305 0
      vertex 0.00856018 39.3305 24.8
    endloop
  endfacet
  facet normal 0.947042 -0.321109 0
    outer loop
      vertex 55.1239 0.61731 20.6
      vertex 55.1659 0.74118 0
      vertex 55.1659 0.74118 20.6
    endloop
  endfacet
  facet normal 0.947042 -0.321109 0
    outer loop
      vertex 55.1659 0.74118 0
      vertex 55.1239 0.61731 20.6
      vertex 55.1239 0.61731 0
    endloop
  endfacet
  facet normal 0.947042 -0.321109 0
    outer loop
      vertex 55.1239 0.61731 24.8
      vertex 55.1659 0.74118 24.05
      vertex 55.1659 0.74118 24.8
    endloop
  endfacet
  facet normal 0.947042 -0.321109 0
    outer loop
      vertex 55.1659 0.74118 24.05
      vertex 55.1239 0.61731 24.8
      vertex 55.1239 0.61731 24.05
    endloop
  endfacet
  facet normal 0.752008 -0.659153 0
    outer loop
      vertex 54.9071 0.292892 24.8
      vertex 54.9933 0.391235 0
      vertex 54.9933 0.391235 24.8
    endloop
  endfacet
  facet normal 0.752008 -0.659153 0
    outer loop
      vertex 54.9933 0.391235 0
      vertex 54.9071 0.292892 24.8
      vertex 54.9071 0.292892 0
    endloop
  endfacet
  facet normal -0.997856 0.0654546 0
    outer loop
      vertex 0 39.2 0
      vertex 0.00856018 39.3305 24.8
      vertex 0.00856018 39.3305 0
    endloop
  endfacet
  facet normal -0.997856 0.0654546 0
    outer loop
      vertex 0.00856018 39.3305 24.8
      vertex 0 39.2 0
      vertex 0 39.2 24.8
    endloop
  endfacet
  facet normal 0.997836 0.0657577 0
    outer loop
      vertex 55.2 39.2 20.6
      vertex 55.1914 39.3305 0
      vertex 55.1914 39.3305 20.6
    endloop
  endfacet
  facet normal 0.997836 0.0657577 0
    outer loop
      vertex 55.1914 39.3305 0
      vertex 55.2 39.2 20.6
      vertex 55.2 39.2 0
    endloop
  endfacet
  facet normal 0.997836 0.0657577 0
    outer loop
      vertex 55.2 39.2 24.8
      vertex 55.1914 39.3305 24.05
      vertex 55.1914 39.3305 24.8
    endloop
  endfacet
  facet normal 0.997836 0.0657577 0
    outer loop
      vertex 55.1914 39.3305 24.05
      vertex 55.2 39.2 24.8
      vertex 55.2 39.2 24.05
    endloop
  endfacet
  facet normal 0.831462 0.555582 0
    outer loop
      vertex 55.066 39.7 24.8
      vertex 54.9933 39.8088 0
      vertex 54.9933 39.8088 24.8
    endloop
  endfacet
  facet normal 0.831462 0.555582 0
    outer loop
      vertex 54.9933 39.8088 0
      vertex 55.066 39.7 24.8
      vertex 55.066 39.7 0
    endloop
  endfacet
  facet normal -0.751849 -0.659335 0
    outer loop
      vertex 0.292892 0.292892 0
      vertex 0.20665 0.391235 24.8
      vertex 0.20665 0.391235 0
    endloop
  endfacet
  facet normal -0.751849 -0.659335 0
    outer loop
      vertex 0.20665 0.391235 24.8
      vertex 0.292892 0.292892 0
      vertex 0.292892 0.292892 24.8
    endloop
  endfacet
  facet normal 0.321039 0.947066 -0
    outer loop
      vertex 54.5827 40.1239 0
      vertex 54.4588 40.1659 24.8
      vertex 54.5827 40.1239 24.8
    endloop
  endfacet
  facet normal 0.321039 0.947066 0
    outer loop
      vertex 54.4588 40.1659 24.8
      vertex 54.5827 40.1239 0
      vertex 54.4588 40.1659 0
    endloop
  endfacet
  facet normal -0.831457 -0.555589 0
    outer loop
      vertex 0.20665 0.391235 0
      vertex 0.133972 0.5 24.8
      vertex 0.133972 0.5 0
    endloop
  endfacet
  facet normal -0.831457 -0.555589 0
    outer loop
      vertex 0.133972 0.5 24.8
      vertex 0.20665 0.391235 0
      vertex 0.20665 0.391235 24.8
    endloop
  endfacet
  facet normal 0.896924 0.442184 -0
    outer loop
      vertex 55.1153 39.6 20.6
      vertex 55.066 39.7 24.8
      vertex 55.1153 39.6 24.05
    endloop
  endfacet
  facet normal 0.896709 0.442621 -7.24706e-05
    outer loop
      vertex 55.1239 39.5827 24.8
      vertex 55.1153 39.6 24.05
      vertex 55.066 39.7 24.8
    endloop
  endfacet
  facet normal 0.89546 0.445142 0
    outer loop
      vertex 55.1153 39.6 24.05
      vertex 55.1239 39.5827 24.8
      vertex 55.1239 39.5827 24.05
    endloop
  endfacet
  facet normal 0.896924 0.442184 0
    outer loop
      vertex 55.066 39.7 24.8
      vertex 55.1153 39.6 20.6
      vertex 55.066 39.7 0
    endloop
  endfacet
  facet normal 0.89546 0.445142 1.7865e-05
    outer loop
      vertex 55.1239 39.5827 20.6
      vertex 55.066 39.7 0
      vertex 55.1153 39.6 20.6
    endloop
  endfacet
  facet normal 0.896709 0.442621 0
    outer loop
      vertex 55.066 39.7 0
      vertex 55.1239 39.5827 20.6
      vertex 55.1239 39.5827 0
    endloop
  endfacet
  facet normal 0.980815 0.19494 0
    outer loop
      vertex 55.1914 39.3305 24.8
      vertex 55.1659 39.4588 24.05
      vertex 55.1659 39.4588 24.8
    endloop
  endfacet
  facet normal 0.980815 0.19494 0
    outer loop
      vertex 55.1659 39.4588 24.05
      vertex 55.1914 39.3305 24.8
      vertex 55.1914 39.3305 24.05
    endloop
  endfacet
  facet normal 0.980815 0.19494 0
    outer loop
      vertex 55.1914 39.3305 20.6
      vertex 55.1659 39.4588 0
      vertex 55.1659 39.4588 20.6
    endloop
  endfacet
  facet normal 0.980815 0.19494 0
    outer loop
      vertex 55.1659 39.4588 0
      vertex 55.1914 39.3305 20.6
      vertex 55.1914 39.3305 0
    endloop
  endfacet
  facet normal -0.980795 -0.195039 0
    outer loop
      vertex 0.0340729 0.74118 0
      vertex 0.00856018 0.869476 24.8
      vertex 0.00856018 0.869476 0
    endloop
  endfacet
  facet normal -0.980795 -0.195039 0
    outer loop
      vertex 0.00856018 0.869476 24.8
      vertex 0.0340729 0.74118 0
      vertex 0.0340729 0.74118 24.8
    endloop
  endfacet
  facet normal 0 0 -1
    outer loop
      vertex 54.2 0 0
      vertex 55.2 1 0
      vertex 55.1914 0.869476 0
    endloop
  endfacet
  facet normal -0 0 -1
    outer loop
      vertex 55.2 1 0
      vertex 54.2 0 0
      vertex 55.2 39.2 0
    endloop
  endfacet
  facet normal 0 0 -1
    outer loop
      vertex 54.2 0 0
      vertex 55.1914 0.869476 0
      vertex 55.1659 0.74118 0
    endloop
  endfacet
  facet normal 0 0 -1
    outer loop
      vertex 54.2 40.2 0
      vertex 55.2 39.2 0
      vertex 54.2 0 0
    endloop
  endfacet
  facet normal 0 0 -1
    outer loop
      vertex 54.2 0 0
      vertex 55.1659 0.74118 0
      vertex 55.1239 0.61731 0
    endloop
  endfacet
  facet normal 0 0 -1
    outer loop
      vertex 55.2 39.2 0
      vertex 54.2 40.2 0
      vertex 55.1914 39.3305 0
    endloop
  endfacet
  facet normal 0 0 -1
    outer loop
      vertex 54.2 0 0
      vertex 55.1239 0.61731 0
      vertex 55.066 0.5 0
    endloop
  endfacet
  facet normal 0 0 -1
    outer loop
      vertex 55.1914 39.3305 0
      vertex 54.2 40.2 0
      vertex 55.1659 39.4588 0
    endloop
  endfacet
  facet normal 0 0 -1
    outer loop
      vertex 54.2 0 0
      vertex 55.066 0.5 0
      vertex 54.9933 0.391235 0
    endloop
  endfacet
  facet normal 0 0 -1
    outer loop
      vertex 55.1659 39.4588 0
      vertex 54.2 40.2 0
      vertex 55.1239 39.5827 0
    endloop
  endfacet
  facet normal 0 0 -1
    outer loop
      vertex 54.2 0 0
      vertex 54.9933 0.391235 0
      vertex 54.9071 0.292892 0
    endloop
  endfacet
  facet normal 0 0 -1
    outer loop
      vertex 55.1239 39.5827 0
      vertex 54.2 40.2 0
      vertex 55.066 39.7 0
    endloop
  endfacet
  facet normal 0 0 -1
    outer loop
      vertex 54.2 0 0
      vertex 54.9071 0.292892 0
      vertex 54.8088 0.20665 0
    endloop
  endfacet
  facet normal 0 0 -1
    outer loop
      vertex 55.066 39.7 0
      vertex 54.2 40.2 0
      vertex 54.9933 39.8088 0
    endloop
  endfacet
  facet normal 0 0 -1
    outer loop
      vertex 54.2 0 0
      vertex 54.8088 0.20665 0
      vertex 54.7 0.133972 0
    endloop
  endfacet
  facet normal 0 0 -1
    outer loop
      vertex 54.9933 39.8088 0
      vertex 54.2 40.2 0
      vertex 54.9071 39.9071 0
    endloop
  endfacet
  facet normal 0 0 -1
    outer loop
      vertex 54.2 0 0
      vertex 54.7 0.133972 0
      vertex 54.5827 0.0761261 0
    endloop
  endfacet
  facet normal 0 0 -1
    outer loop
      vertex 54.9071 39.9071 0
      vertex 54.2 40.2 0
      vertex 54.8088 39.9933 0
    endloop
  endfacet
  facet normal 0 0 -1
    outer loop
      vertex 54.2 0 0
      vertex 54.5827 0.0761261 0
      vertex 54.4588 0.0340729 0
    endloop
  endfacet
  facet normal 0 0 -1
    outer loop
      vertex 54.8088 39.9933 0
      vertex 54.2 40.2 0
      vertex 54.7 40.066 0
    endloop
  endfacet
  facet normal 0 0 -1
    outer loop
      vertex 54.2 0 0
      vertex 54.4588 0.0340729 0
      vertex 54.3305 0.00856018 0
    endloop
  endfacet
  facet normal 0 0 -1
    outer loop
      vertex 54.7 40.066 0
      vertex 54.2 40.2 0
      vertex 54.5827 40.1239 0
    endloop
  endfacet
  facet normal 0 0 -1
    outer loop
      vertex 54.5827 40.1239 0
      vertex 54.2 40.2 0
      vertex 54.4588 40.1659 0
    endloop
  endfacet
  facet normal 0 0 -1
    outer loop
      vertex 54.4588 40.1659 0
      vertex 54.2 40.2 0
      vertex 54.3305 40.1914 0
    endloop
  endfacet
  facet normal 0 0 -1
    outer loop
      vertex 1 0 0
      vertex 54.2 40.2 0
      vertex 54.2 0 0
    endloop
  endfacet
  facet normal 0 0 -1
    outer loop
      vertex 1 0 0
      vertex 1 40.2 0
      vertex 54.2 40.2 0
    endloop
  endfacet
  facet normal 0 0 -1
    outer loop
      vertex 0 1 0
      vertex 1 0 0
      vertex 0.869476 0.00856018 0
    endloop
  endfacet
  facet normal 0 0 -1
    outer loop
      vertex 1 0 0
      vertex 0 1 0
      vertex 1 40.2 0
    endloop
  endfacet
  facet normal 0 0 -1
    outer loop
      vertex 0 1 0
      vertex 0.869476 0.00856018 0
      vertex 0.74118 0.0340729 0
    endloop
  endfacet
  facet normal 0 0 -1
    outer loop
      vertex 0 39.2 0
      vertex 1 40.2 0
      vertex 0 1 0
    endloop
  endfacet
  facet normal 0 0 -1
    outer loop
      vertex 0 1 0
      vertex 0.74118 0.0340729 0
      vertex 0.61731 0.0761261 0
    endloop
  endfacet
  facet normal 0 0 -1
    outer loop
      vertex 1 40.2 0
      vertex 0 39.2 0
      vertex 0.869476 40.1914 0
    endloop
  endfacet
  facet normal 0 0 -1
    outer loop
      vertex 0 1 0
      vertex 0.61731 0.0761261 0
      vertex 0.5 0.133972 0
    endloop
  endfacet
  facet normal 0 0 -1
    outer loop
      vertex 0.869476 40.1914 0
      vertex 0 39.2 0
      vertex 0.74118 40.1659 0
    endloop
  endfacet
  facet normal 0 0 -1
    outer loop
      vertex 0 1 0
      vertex 0.5 0.133972 0
      vertex 0.391235 0.20665 0
    endloop
  endfacet
  facet normal 0 0 -1
    outer loop
      vertex 0.74118 40.1659 0
      vertex 0 39.2 0
      vertex 0.61731 40.1239 0
    endloop
  endfacet
  facet normal 0 0 -1
    outer loop
      vertex 0 1 0
      vertex 0.391235 0.20665 0
      vertex 0.292892 0.292892 0
    endloop
  endfacet
  facet normal 0 0 -1
    outer loop
      vertex 0.61731 40.1239 0
      vertex 0 39.2 0
      vertex 0.5 40.066 0
    endloop
  endfacet
  facet normal 0 0 -1
    outer loop
      vertex 0 1 0
      vertex 0.292892 0.292892 0
      vertex 0.20665 0.391235 0
    endloop
  endfacet
  facet normal 0 0 -1
    outer loop
      vertex 0.5 40.066 0
      vertex 0 39.2 0
      vertex 0.391235 39.9933 0
    endloop
  endfacet
  facet normal 0 0 -1
    outer loop
      vertex 0 1 0
      vertex 0.20665 0.391235 0
      vertex 0.133972 0.5 0
    endloop
  endfacet
  facet normal 0 0 -1
    outer loop
      vertex 0.391235 39.9933 0
      vertex 0 39.2 0
      vertex 0.292892 39.9071 0
    endloop
  endfacet
  facet normal 0 0 -1
    outer loop
      vertex 0 1 0
      vertex 0.133972 0.5 0
      vertex 0.0761261 0.61731 0
    endloop
  endfacet
  facet normal 0 0 -1
    outer loop
      vertex 0.292892 39.9071 0
      vertex 0 39.2 0
      vertex 0.20665 39.8088 0
    endloop
  endfacet
  facet normal 0 0 -1
    outer loop
      vertex 0 1 0
      vertex 0.0761261 0.61731 0
      vertex 0.0340729 0.74118 0
    endloop
  endfacet
  facet normal 0 0 -1
    outer loop
      vertex 0.20665 39.8088 0
      vertex 0 39.2 0
      vertex 0.133972 39.7 0
    endloop
  endfacet
  facet normal 0 0 -1
    outer loop
      vertex 0 1 0
      vertex 0.0340729 0.74118 0
      vertex 0.00856018 0.869476 0
    endloop
  endfacet
  facet normal 0 0 -1
    outer loop
      vertex 0.133972 39.7 0
      vertex 0 39.2 0
      vertex 0.0761261 39.5827 0
    endloop
  endfacet
  facet normal 0 0 -1
    outer loop
      vertex 0.0761261 39.5827 0
      vertex 0 39.2 0
      vertex 0.0340729 39.4588 0
    endloop
  endfacet
  facet normal 0 0 -1
    outer loop
      vertex 0.0340729 39.4588 0
      vertex 0 39.2 0
      vertex 0.00856018 39.3305 0
    endloop
  endfacet
  facet normal 0.997836 -0.0657457 0
    outer loop
      vertex 55.1914 0.869476 24.8
      vertex 55.2 1 24.05
      vertex 55.2 1 24.8
    endloop
  endfacet
  facet normal 0.997836 -0.0657457 0
    outer loop
      vertex 55.2 1 24.05
      vertex 55.1914 0.869476 24.8
      vertex 55.1914 0.869476 24.05
    endloop
  endfacet
  facet normal 0.997836 -0.0657457 0
    outer loop
      vertex 55.1914 0.869476 20.6
      vertex 55.2 1 0
      vertex 55.2 1 20.6
    endloop
  endfacet
  facet normal 0.997836 -0.0657457 0
    outer loop
      vertex 55.2 1 0
      vertex 55.1914 0.869476 20.6
      vertex 55.1914 0.869476 0
    endloop
  endfacet
  facet normal 0 0 1
    outer loop
      vertex 53.6 38.6 24.8
      vertex 55.2 39.2 24.8
      vertex 55.1914 39.3305 24.8
    endloop
  endfacet
  facet normal 0 0 1
    outer loop
      vertex 55.2 39.2 24.8
      vertex 53.6 38.6 24.8
      vertex 55.2 1 24.8
    endloop
  endfacet
  facet normal 0 0 1
    outer loop
      vertex 53.6 38.6 24.8
      vertex 55.1914 39.3305 24.8
      vertex 55.1659 39.4588 24.8
    endloop
  endfacet
  facet normal -0 0 1
    outer loop
      vertex 53.6 1.6 24.8
      vertex 55.2 1 24.8
      vertex 53.6 38.6 24.8
    endloop
  endfacet
  facet normal 0 0 1
    outer loop
      vertex 53.6 38.6 24.8
      vertex 55.1659 39.4588 24.8
      vertex 55.1239 39.5827 24.8
    endloop
  endfacet
  facet normal 0 0 1
    outer loop
      vertex 55.2 1 24.8
      vertex 53.6 1.6 24.8
      vertex 55.1914 0.869476 24.8
    endloop
  endfacet
  facet normal 0 0 1
    outer loop
      vertex 53.6 38.6 24.8
      vertex 55.1239 39.5827 24.8
      vertex 55.066 39.7 24.8
    endloop
  endfacet
  facet normal 0 0 1
    outer loop
      vertex 55.1914 0.869476 24.8
      vertex 53.6 1.6 24.8
      vertex 55.1659 0.74118 24.8
    endloop
  endfacet
  facet normal 0 0 1
    outer loop
      vertex 53.6 38.6 24.8
      vertex 55.066 39.7 24.8
      vertex 54.9933 39.8088 24.8
    endloop
  endfacet
  facet normal 0 0 1
    outer loop
      vertex 55.1659 0.74118 24.8
      vertex 53.6 1.6 24.8
      vertex 55.1239 0.61731 24.8
    endloop
  endfacet
  facet normal 0 0 1
    outer loop
      vertex 53.6 38.6 24.8
      vertex 54.9933 39.8088 24.8
      vertex 54.9071 39.9071 24.8
    endloop
  endfacet
  facet normal 0 0 1
    outer loop
      vertex 55.1239 0.61731 24.8
      vertex 53.6 1.6 24.8
      vertex 55.066 0.5 24.8
    endloop
  endfacet
  facet normal 0 0 1
    outer loop
      vertex 53.6 38.6 24.8
      vertex 54.9071 39.9071 24.8
      vertex 54.8088 39.9933 24.8
    endloop
  endfacet
  facet normal 0 0 1
    outer loop
      vertex 55.066 0.5 24.8
      vertex 53.6 1.6 24.8
      vertex 54.9933 0.391235 24.8
    endloop
  endfacet
  facet normal 0 0 1
    outer loop
      vertex 53.6 38.6 24.8
      vertex 54.8088 39.9933 24.8
      vertex 54.7 40.066 24.8
    endloop
  endfacet
  facet normal 0 0 1
    outer loop
      vertex 54.9933 0.391235 24.8
      vertex 53.6 1.6 24.8
      vertex 54.9071 0.292892 24.8
    endloop
  endfacet
  facet normal 0 0 1
    outer loop
      vertex 53.6 38.6 24.8
      vertex 54.7 40.066 24.8
      vertex 54.5827 40.1239 24.8
    endloop
  endfacet
  facet normal 0 0 1
    outer loop
      vertex 54.9071 0.292892 24.8
      vertex 53.6 1.6 24.8
      vertex 54.8088 0.20665 24.8
    endloop
  endfacet
  facet normal 0 0 1
    outer loop
      vertex 53.6 38.6 24.8
      vertex 54.5827 40.1239 24.8
      vertex 54.4588 40.1659 24.8
    endloop
  endfacet
  facet normal 0 0 1
    outer loop
      vertex 54.8088 0.20665 24.8
      vertex 53.6 1.6 24.8
      vertex 54.7 0.133972 24.8
    endloop
  endfacet
  facet normal 0 0 1
    outer loop
      vertex 53.6 38.6 24.8
      vertex 54.4588 40.1659 24.8
      vertex 54.3305 40.1914 24.8
    endloop
  endfacet
  facet normal 0 0 1
    outer loop
      vertex 54.7 0.133972 24.8
      vertex 53.6 1.6 24.8
      vertex 54.5827 0.0761261 24.8
    endloop
  endfacet
  facet normal 0 0 1
    outer loop
      vertex 53.6 38.6 24.8
      vertex 54.3305 40.1914 24.8
      vertex 54.2 40.2 24.8
    endloop
  endfacet
  facet normal 0 0 1
    outer loop
      vertex 54.5827 0.0761261 24.8
      vertex 53.6 1.6 24.8
      vertex 54.4588 0.0340729 24.8
    endloop
  endfacet
  facet normal 0 0 1
    outer loop
      vertex 54.4588 0.0340729 24.8
      vertex 53.6 1.6 24.8
      vertex 54.3305 0.00856018 24.8
    endloop
  endfacet
  facet normal 0 0 1
    outer loop
      vertex 54.2 40.2 24.8
      vertex 1.6 38.6 24.8
      vertex 53.6 38.6 24.8
    endloop
  endfacet
  facet normal -0 0 1
    outer loop
      vertex 0.869476 40.1914 24.8
      vertex 1.6 38.6 24.8
      vertex 1 40.2 24.8
    endloop
  endfacet
  facet normal -0 0 1
    outer loop
      vertex 1 40.2 24.8
      vertex 1.6 38.6 24.8
      vertex 54.2 40.2 24.8
    endloop
  endfacet
  facet normal 0 0 1
    outer loop
      vertex 54.3305 0.00856018 24.8
      vertex 53.6 1.6 24.8
      vertex 54.2 0 24.8
    endloop
  endfacet
  facet normal -0 0 1
    outer loop
      vertex 1.6 1.6 24.8
      vertex 54.2 0 24.8
      vertex 53.6 1.6 24.8
    endloop
  endfacet
  facet normal 0 0 1
    outer loop
      vertex 1.6 1.6 24.8
      vertex 1 0 24.8
      vertex 54.2 0 24.8
    endloop
  endfacet
  facet normal 0 0 1
    outer loop
      vertex 1.6 38.6 24.8
      vertex 0 39.2 24.8
      vertex 1.6 1.6 24.8
    endloop
  endfacet
  facet normal -0 0 1
    outer loop
      vertex 0.74118 40.1659 24.8
      vertex 1.6 38.6 24.8
      vertex 0.869476 40.1914 24.8
    endloop
  endfacet
  facet normal 0 0 1
    outer loop
      vertex 0 1 24.8
      vertex 1.6 1.6 24.8
      vertex 0 39.2 24.8
    endloop
  endfacet
  facet normal -0 0 1
    outer loop
      vertex 0.61731 40.1239 24.8
      vertex 1.6 38.6 24.8
      vertex 0.74118 40.1659 24.8
    endloop
  endfacet
  facet normal 0 -0 1
    outer loop
      vertex 0.00856018 0.869476 24.8
      vertex 1.6 1.6 24.8
      vertex 0 1 24.8
    endloop
  endfacet
  facet normal -0 0 1
    outer loop
      vertex 0.5 40.066 24.8
      vertex 1.6 38.6 24.8
      vertex 0.61731 40.1239 24.8
    endloop
  endfacet
  facet normal 0 0 1
    outer loop
      vertex 1.6 1.6 24.8
      vertex 0.869476 0.00856018 24.8
      vertex 1 0 24.8
    endloop
  endfacet
  facet normal -0 0 1
    outer loop
      vertex 0.391235 39.9933 24.8
      vertex 1.6 38.6 24.8
      vertex 0.5 40.066 24.8
    endloop
  endfacet
  facet normal 0 0 1
    outer loop
      vertex 1.6 1.6 24.8
      vertex 0.74118 0.0340729 24.8
      vertex 0.869476 0.00856018 24.8
    endloop
  endfacet
  facet normal -0 0 1
    outer loop
      vertex 0.292892 39.9071 24.8
      vertex 1.6 38.6 24.8
      vertex 0.391235 39.9933 24.8
    endloop
  endfacet
  facet normal 0 0 1
    outer loop
      vertex 1.6 1.6 24.8
      vertex 0.61731 0.0761261 24.8
      vertex 0.74118 0.0340729 24.8
    endloop
  endfacet
  facet normal -0 0 1
    outer loop
      vertex 0.20665 39.8088 24.8
      vertex 1.6 38.6 24.8
      vertex 0.292892 39.9071 24.8
    endloop
  endfacet
  facet normal 0 0 1
    outer loop
      vertex 1.6 1.6 24.8
      vertex 0.5 0.133972 24.8
      vertex 0.61731 0.0761261 24.8
    endloop
  endfacet
  facet normal -0 0 1
    outer loop
      vertex 0.133972 39.7 24.8
      vertex 1.6 38.6 24.8
      vertex 0.20665 39.8088 24.8
    endloop
  endfacet
  facet normal 0 0 1
    outer loop
      vertex 1.6 1.6 24.8
      vertex 0.391235 0.20665 24.8
      vertex 0.5 0.133972 24.8
    endloop
  endfacet
  facet normal -0 0 1
    outer loop
      vertex 0.0761261 39.5827 24.8
      vertex 1.6 38.6 24.8
      vertex 0.133972 39.7 24.8
    endloop
  endfacet
  facet normal 0 0 1
    outer loop
      vertex 1.6 1.6 24.8
      vertex 0.292892 0.292892 24.8
      vertex 0.391235 0.20665 24.8
    endloop
  endfacet
  facet normal -0 0 1
    outer loop
      vertex 0.0340729 39.4588 24.8
      vertex 1.6 38.6 24.8
      vertex 0.0761261 39.5827 24.8
    endloop
  endfacet
  facet normal 0 0 1
    outer loop
      vertex 1.6 1.6 24.8
      vertex 0.20665 0.391235 24.8
      vertex 0.292892 0.292892 24.8
    endloop
  endfacet
  facet normal -0 0 1
    outer loop
      vertex 0.00856018 39.3305 24.8
      vertex 1.6 38.6 24.8
      vertex 0.0340729 39.4588 24.8
    endloop
  endfacet
  facet normal 0 0 1
    outer loop
      vertex 1.6 1.6 24.8
      vertex 0.133972 0.5 24.8
      vertex 0.20665 0.391235 24.8
    endloop
  endfacet
  facet normal 0 0 1
    outer loop
      vertex 1.6 38.6 24.8
      vertex 0.00856018 39.3305 24.8
      vertex 0 39.2 24.8
    endloop
  endfacet
  facet normal 0 0 1
    outer loop
      vertex 1.6 1.6 24.8
      vertex 0.0761261 0.61731 24.8
      vertex 0.133972 0.5 24.8
    endloop
  endfacet
  facet normal 0 0 1
    outer loop
      vertex 1.6 1.6 24.8
      vertex 0.0340729 0.74118 24.8
      vertex 0.0761261 0.61731 24.8
    endloop
  endfacet
  facet normal 0 0 1
    outer loop
      vertex 1.6 1.6 24.8
      vertex 0.00856018 0.869476 24.8
      vertex 0.0340729 0.74118 24.8
    endloop
  endfacet
  facet normal 0.442288 -0.896873 0
    outer loop
      vertex 54.5827 0.0761261 0
      vertex 54.7 0.133972 24.8
      vertex 54.5827 0.0761261 24.8
    endloop
  endfacet
  facet normal 0.442288 -0.896873 0
    outer loop
      vertex 54.7 0.133972 24.8
      vertex 54.5827 0.0761261 0
      vertex 54.7 0.133972 0
    endloop
  endfacet
  facet normal 0.555465 -0.83154 0
    outer loop
      vertex 54.7 0.133972 0
      vertex 54.8088 0.20665 24.8
      vertex 54.7 0.133972 24.8
    endloop
  endfacet
  facet normal 0.555465 -0.83154 0
    outer loop
      vertex 54.8088 0.20665 24.8
      vertex 54.7 0.133972 0
      vertex 54.8088 0.20665 0
    endloop
  endfacet
  facet normal -1 0 0
    outer loop
      vertex 53.6 38.6 1.6
      vertex 53.6 24.6 11.1
      vertex 53.6 38.6 20.6
    endloop
  endfacet
  facet normal -1 0 0
    outer loop
      vertex 53.6 38.6 1.6
      vertex 53.6 24.5424 10.5147
      vertex 53.6 24.6 11.1
    endloop
  endfacet
  facet normal -1 0 0
    outer loop
      vertex 53.6 38.6 1.6
      vertex 53.6 24.3716 9.95195
      vertex 53.6 24.5424 10.5147
    endloop
  endfacet
  facet normal -1 0 0
    outer loop
      vertex 53.6 38.6 1.6
      vertex 53.6 24.0944 9.43329
      vertex 53.6 24.3716 9.95195
    endloop
  endfacet
  facet normal -1 0 0
    outer loop
      vertex 53.6 38.6 1.6
      vertex 53.6 23.7213 8.97868
      vertex 53.6 24.0944 9.43329
    endloop
  endfacet
  facet normal -1 0 0
    outer loop
      vertex 53.6 38.6 1.6
      vertex 53.6 23.2667 8.60559
      vertex 53.6 23.7213 8.97868
    endloop
  endfacet
  facet normal -1 0 0
    outer loop
      vertex 53.6 38.6 1.6
      vertex 53.6 22.748 8.32836
      vertex 53.6 23.2667 8.60559
    endloop
  endfacet
  facet normal -1 0 0
    outer loop
      vertex 53.6 38.6 1.6
      vertex 53.6 22.1853 8.15764
      vertex 53.6 22.748 8.32836
    endloop
  endfacet
  facet normal -1 0 0
    outer loop
      vertex 53.6 38.6 1.6
      vertex 53.6 21.6 8.1
      vertex 53.6 22.1853 8.15764
    endloop
  endfacet
  facet normal -1 0 0
    outer loop
      vertex 53.6 38.6 1.6
      vertex 53.6 18.6 8.1
      vertex 53.6 21.6 8.1
    endloop
  endfacet
  facet normal -1 0 0
    outer loop
      vertex 53.6 1.6 1.6
      vertex 53.6 18.6 8.1
      vertex 53.6 38.6 1.6
    endloop
  endfacet
  facet normal -1 -0 0
    outer loop
      vertex 53.6 18.6 8.1
      vertex 53.6 1.6 1.6
      vertex 53.6 18.0147 8.15764
    endloop
  endfacet
  facet normal -1 -0 0
    outer loop
      vertex 53.6 15.6576 10.5147
      vertex 53.6 1.6 1.6
      vertex 53.6 15.6 11.1
    endloop
  endfacet
  facet normal -1 -0 0
    outer loop
      vertex 53.6 15.8284 9.95195
      vertex 53.6 1.6 1.6
      vertex 53.6 15.6576 10.5147
    endloop
  endfacet
  facet normal -1 -0 0
    outer loop
      vertex 53.6 16.1056 9.43329
      vertex 53.6 1.6 1.6
      vertex 53.6 15.8284 9.95195
    endloop
  endfacet
  facet normal -1 -0 0
    outer loop
      vertex 53.6 16.4787 8.97868
      vertex 53.6 1.6 1.6
      vertex 53.6 16.1056 9.43329
    endloop
  endfacet
  facet normal -1 -0 0
    outer loop
      vertex 53.6 16.9333 8.60559
      vertex 53.6 1.6 1.6
      vertex 53.6 16.4787 8.97868
    endloop
  endfacet
  facet normal -1 -0 0
    outer loop
      vertex 53.6 17.452 8.32836
      vertex 53.6 1.6 1.6
      vertex 53.6 16.9333 8.60559
    endloop
  endfacet
  facet normal -1 -0 0
    outer loop
      vertex 53.6 18.0147 8.15764
      vertex 53.6 1.6 1.6
      vertex 53.6 17.452 8.32836
    endloop
  endfacet
  facet normal -1 0 0
    outer loop
      vertex 53.6 24.5424 11.6853
      vertex 53.6 38.6 20.6
      vertex 53.6 24.6 11.1
    endloop
  endfacet
  facet normal -1 0 0
    outer loop
      vertex 53.6 24.3716 12.248
      vertex 53.6 38.6 20.6
      vertex 53.6 24.5424 11.6853
    endloop
  endfacet
  facet normal -1 0 0
    outer loop
      vertex 53.6 24.0944 12.7667
      vertex 53.6 38.6 20.6
      vertex 53.6 24.3716 12.248
    endloop
  endfacet
  facet normal -1 0 0
    outer loop
      vertex 53.6 23.7213 13.2213
      vertex 53.6 38.6 20.6
      vertex 53.6 24.0944 12.7667
    endloop
  endfacet
  facet normal -1 0 0
    outer loop
      vertex 53.6 23.2667 13.5944
      vertex 53.6 38.6 20.6
      vertex 53.6 23.7213 13.2213
    endloop
  endfacet
  facet normal -1 0 0
    outer loop
      vertex 53.6 22.748 13.8716
      vertex 53.6 38.6 20.6
      vertex 53.6 23.2667 13.5944
    endloop
  endfacet
  facet normal -1 0 0
    outer loop
      vertex 53.6 22.1853 14.0424
      vertex 53.6 38.6 20.6
      vertex 53.6 22.748 13.8716
    endloop
  endfacet
  facet normal -1 0 0
    outer loop
      vertex 53.6 21.6 14.1
      vertex 53.6 38.6 20.6
      vertex 53.6 22.1853 14.0424
    endloop
  endfacet
  facet normal -1 0 0
    outer loop
      vertex 53.6 18.6 14.1
      vertex 53.6 38.6 20.6
      vertex 53.6 21.6 14.1
    endloop
  endfacet
  facet normal -1 0 0
    outer loop
      vertex 53.6 1.6 20.6
      vertex 53.6 18.6 14.1
      vertex 53.6 18.0147 14.0424
    endloop
  endfacet
  facet normal -1 0 0
    outer loop
      vertex 53.6 1.6 20.6
      vertex 53.6 18.0147 14.0424
      vertex 53.6 17.452 13.8716
    endloop
  endfacet
  facet normal -1 0 0
    outer loop
      vertex 53.6 1.6 20.6
      vertex 53.6 15.6 11.1
      vertex 53.6 1.6 1.6
    endloop
  endfacet
  facet normal -1 0 0
    outer loop
      vertex 53.6 15.6 11.1
      vertex 53.6 1.6 20.6
      vertex 53.6 15.6576 11.6853
    endloop
  endfacet
  facet normal -1 0 0
    outer loop
      vertex 53.6 15.6576 11.6853
      vertex 53.6 1.6 20.6
      vertex 53.6 15.8284 12.248
    endloop
  endfacet
  facet normal -1 0 0
    outer loop
      vertex 53.6 15.8284 12.248
      vertex 53.6 1.6 20.6
      vertex 53.6 16.1056 12.7667
    endloop
  endfacet
  facet normal -1 0 0
    outer loop
      vertex 53.6 16.1056 12.7667
      vertex 53.6 1.6 20.6
      vertex 53.6 16.4787 13.2213
    endloop
  endfacet
  facet normal -1 0 0
    outer loop
      vertex 53.6 18.6 14.1
      vertex 53.6 1.6 20.6
      vertex 53.6 38.6 20.6
    endloop
  endfacet
  facet normal -1 0 0
    outer loop
      vertex 53.6 16.9333 13.5944
      vertex 53.6 1.6 20.6
      vertex 53.6 17.452 13.8716
    endloop
  endfacet
  facet normal -1 0 0
    outer loop
      vertex 53.6 16.4787 13.2213
      vertex 53.6 1.6 20.6
      vertex 53.6 16.9333 13.5944
    endloop
  endfacet
  facet normal -1 0 0
    outer loop
      vertex 53.6 1.6 24.05
      vertex 53.6 38.6 24.8
      vertex 53.6 38.6 24.05
    endloop
  endfacet
  facet normal -1 -0 0
    outer loop
      vertex 53.6 38.6 24.8
      vertex 53.6 1.6 24.05
      vertex 53.6 1.6 24.8
    endloop
  endfacet
  facet normal -0 0 1
    outer loop
      vertex 1.6 38.6 1.6
      vertex 53.6 1.6 1.6
      vertex 53.6 38.6 1.6
    endloop
  endfacet
  facet normal 0 0 1
    outer loop
      vertex 53.6 1.6 1.6
      vertex 1.6 38.6 1.6
      vertex 1.6 1.6 1.6
    endloop
  endfacet
  facet normal 1 -0 0
    outer loop
      vertex 1.6 0.599999 24.05
      vertex 1.6 1.6 20.6
      vertex 1.6 1.6 24.05
    endloop
  endfacet
  facet normal 1 0 0
    outer loop
      vertex 1.6 1.6 20.6
      vertex 1.6 0.599999 24.05
      vertex 1.6 0.599999 20.6
    endloop
  endfacet
  facet normal 1 0 0
    outer loop
      vertex 1.6 1.6 24.05
      vertex 1.6 38.6 24.05
      vertex 1.6 38.6 24.8
    endloop
  endfacet
  facet normal 1 0 0
    outer loop
      vertex 1.6 38.6 24.05
      vertex 1.6 1.6 24.05
      vertex 1.6 38.6 20.6
    endloop
  endfacet
  facet normal 1 0 0
    outer loop
      vertex 1.6 1.6 24.05
      vertex 1.6 38.6 24.8
      vertex 1.6 1.6 24.8
    endloop
  endfacet
  facet normal 1 0 0
    outer loop
      vertex 1.6 38.6 20.6
      vertex 1.6 1.6 24.05
      vertex 1.6 1.6 20.6
    endloop
  endfacet
  facet normal 1 0 0
    outer loop
      vertex 1.6 38.6 20.6
      vertex 1.6 1.6 20.6
      vertex 1.6 38.6 1.6
    endloop
  endfacet
  facet normal 1 0 0
    outer loop
      vertex 1.6 38.6 1.6
      vertex 1.6 1.6 20.6
      vertex 1.6 1.6 1.6
    endloop
  endfacet
  facet normal 1 -0 0
    outer loop
      vertex 1.6 38.6 24.05
      vertex 1.6 39.6 20.6
      vertex 1.6 39.6 24.05
    endloop
  endfacet
  facet normal 1 0 0
    outer loop
      vertex 1.6 39.6 20.6
      vertex 1.6 38.6 24.05
      vertex 1.6 38.6 20.6
    endloop
  endfacet
  facet normal 0 0 -1
    outer loop
      vertex 53.6 1.6 24.05
      vertex 55.2 1 24.05
      vertex 55.1914 0.869476 24.05
    endloop
  endfacet
  facet normal 0 0 -1
    outer loop
      vertex 55.2 1 24.05
      vertex 53.6 1.6 24.05
      vertex 55.2 39.2 24.05
    endloop
  endfacet
  facet normal 0 0 -1
    outer loop
      vertex 53.6 1.6 24.05
      vertex 55.1914 0.869476 24.05
      vertex 55.1659 0.74118 24.05
    endloop
  endfacet
  facet normal 0 0 -1
    outer loop
      vertex 53.6 38.6 24.05
      vertex 55.2 39.2 24.05
      vertex 53.6 1.6 24.05
    endloop
  endfacet
  facet normal 0 0 -1
    outer loop
      vertex 55.1153 0.599999 24.05
      vertex 55.1659 0.74118 24.05
      vertex 55.1239 0.61731 24.05
    endloop
  endfacet
  facet normal -0 0 -1
    outer loop
      vertex 55.2 39.2 24.05
      vertex 53.6 38.6 24.05
      vertex 55.1914 39.3305 24.05
    endloop
  endfacet
  facet normal -0 0 -1
    outer loop
      vertex 55.1659 0.74118 24.05
      vertex 55.1153 0.599999 24.05
      vertex 53.6 1.6 24.05
    endloop
  endfacet
  facet normal -0 0 -1
    outer loop
      vertex 55.1914 39.3305 24.05
      vertex 53.6 38.6 24.05
      vertex 55.1659 39.4588 24.05
    endloop
  endfacet
  facet normal 0 -0 -1
    outer loop
      vertex 55.1153 39.6 24.05
      vertex 55.1659 39.4588 24.05
      vertex 53.6 38.6 24.05
    endloop
  endfacet
  facet normal 0 0 -1
    outer loop
      vertex 1.6 0.599999 24.05
      vertex 53.6 1.6 24.05
      vertex 55.1153 0.599999 24.05
    endloop
  endfacet
  facet normal -0 0 -1
    outer loop
      vertex 53.6 1.6 24.05
      vertex 1.6 0.599999 24.05
      vertex 1.6 1.6 24.05
    endloop
  endfacet
  facet normal 0 0 -1
    outer loop
      vertex 55.1659 39.4588 24.05
      vertex 55.1153 39.6 24.05
      vertex 55.1239 39.5827 24.05
    endloop
  endfacet
  facet normal 0 0 -1
    outer loop
      vertex 1.6 39.6 24.05
      vertex 53.6 38.6 24.05
      vertex 1.6 38.6 24.05
    endloop
  endfacet
  facet normal 0 0 -1
    outer loop
      vertex 53.6 38.6 24.05
      vertex 1.6 39.6 24.05
      vertex 55.1153 39.6 24.05
    endloop
  endfacet
  facet normal -0 0 1
    outer loop
      vertex 1.6 1.6 20.6
      vertex 47.85 0.599999 20.6
      vertex 47.85 1.6 20.6
    endloop
  endfacet
  facet normal 0 0 1
    outer loop
      vertex 47.85 0.599999 20.6
      vertex 1.6 1.6 20.6
      vertex 1.6 0.599999 20.6
    endloop
  endfacet
  facet normal 0 0 1
    outer loop
      vertex 53.6 38.6 20.6
      vertex 55.2 39.2 20.6
      vertex 55.1914 39.3305 20.6
    endloop
  endfacet
  facet normal 0 0 1
    outer loop
      vertex 55.2 39.2 20.6
      vertex 53.6 38.6 20.6
      vertex 55.2 1 20.6
    endloop
  endfacet
  facet normal 0 0 1
    outer loop
      vertex 53.6 38.6 20.6
      vertex 55.1914 39.3305 20.6
      vertex 55.1659 39.4588 20.6
    endloop
  endfacet
  facet normal -0 0 1
    outer loop
      vertex 53.6 1.6 20.6
      vertex 55.2 1 20.6
      vertex 53.6 38.6 20.6
    endloop
  endfacet
  facet normal 0 0 1
    outer loop
      vertex 55.1153 39.6 20.6
      vertex 55.1659 39.4588 20.6
      vertex 55.1239 39.5827 20.6
    endloop
  endfacet
  facet normal 0 0 1
    outer loop
      vertex 55.2 1 20.6
      vertex 53.6 1.6 20.6
      vertex 55.1914 0.869476 20.6
    endloop
  endfacet
  facet normal 0 0 1
    outer loop
      vertex 55.1659 39.4588 20.6
      vertex 55.1153 39.6 20.6
      vertex 53.6 38.6 20.6
    endloop
  endfacet
  facet normal 0 0 1
    outer loop
      vertex 55.1914 0.869476 20.6
      vertex 53.6 1.6 20.6
      vertex 55.1659 0.74118 20.6
    endloop
  endfacet
  facet normal 0 -0 1
    outer loop
      vertex 55.1153 0.599999 20.6
      vertex 55.1659 0.74118 20.6
      vertex 53.6 1.6 20.6
    endloop
  endfacet
  facet normal -0 0 1
    outer loop
      vertex 48.55 39.6 20.6
      vertex 53.6 38.6 20.6
      vertex 55.1153 39.6 20.6
    endloop
  endfacet
  facet normal 0 0 1
    outer loop
      vertex 53.6 38.6 20.6
      vertex 48.55 39.6 20.6
      vertex 48.55 38.6 20.6
    endloop
  endfacet
  facet normal 0 0 1
    outer loop
      vertex 55.1659 0.74118 20.6
      vertex 55.1153 0.599999 20.6
      vertex 55.1239 0.61731 20.6
    endloop
  endfacet
  facet normal 0 0 1
    outer loop
      vertex 48.55 0.599999 20.6
      vertex 53.6 1.6 20.6
      vertex 48.55 1.6 20.6
    endloop
  endfacet
  facet normal 0 0 1
    outer loop
      vertex 53.6 1.6 20.6
      vertex 48.55 0.599999 20.6
      vertex 55.1153 0.599999 20.6
    endloop
  endfacet
  facet normal -0 0 1
    outer loop
      vertex 1.6 39.6 20.6
      vertex 47.85 38.6 20.6
      vertex 47.85 39.6 20.6
    endloop
  endfacet
  facet normal 0 0 1
    outer loop
      vertex 47.85 38.6 20.6
      vertex 1.6 39.6 20.6
      vertex 1.6 38.6 20.6
    endloop
  endfacet
  facet normal 0 0.956897 0.290427
    outer loop
      vertex 55.2 15.8284 9.95195
      vertex 53.6 15.6576 10.5147
      vertex 55.2 15.6576 10.5147
    endloop
  endfacet
  facet normal 0 0.956897 0.290427
    outer loop
      vertex 53.6 15.6576 10.5147
      vertex 55.2 15.8284 9.95195
      vertex 53.6 15.8284 9.95195
    endloop
  endfacet
  facet normal 0 0.290451 -0.95689
    outer loop
      vertex 53.6 17.452 13.8716
      vertex 55.2 18.0147 14.0424
      vertex 55.2 17.452 13.8716
    endloop
  endfacet
  facet normal 0 0.290451 -0.95689
    outer loop
      vertex 55.2 18.0147 14.0424
      vertex 53.6 17.452 13.8716
      vertex 53.6 18.0147 14.0424
    endloop
  endfacet
  facet normal -0 0.0980053 0.995186
    outer loop
      vertex 53.6 18.6 8.1
      vertex 55.2 18.0147 8.15764
      vertex 55.2 18.6 8.1
    endloop
  endfacet
  facet normal 0 0.0980053 0.995186
    outer loop
      vertex 55.2 18.0147 8.15764
      vertex 53.6 18.6 8.1
      vertex 53.6 18.0147 8.15764
    endloop
  endfacet
  facet normal 0 -0.881942 0.471358
    outer loop
      vertex 53.6 24.0944 9.43329
      vertex 55.2 24.3716 9.95195
      vertex 53.6 24.3716 9.95195
    endloop
  endfacet
  facet normal 0 -0.881942 0.471358
    outer loop
      vertex 55.2 24.3716 9.95195
      vertex 53.6 24.0944 9.43329
      vertex 55.2 24.0944 9.43329
    endloop
  endfacet
  facet normal 0 -0.290326 0.956928
    outer loop
      vertex 53.6 22.748 8.32836
      vertex 55.2 22.1853 8.15764
      vertex 55.2 22.748 8.32836
    endloop
  endfacet
  facet normal 0 -0.290326 0.956928
    outer loop
      vertex 55.2 22.1853 8.15764
      vertex 53.6 22.748 8.32836
      vertex 53.6 22.1853 8.15764
    endloop
  endfacet
  facet normal 0 -0.881957 -0.471329
    outer loop
      vertex 53.6 24.3716 12.248
      vertex 55.2 24.0944 12.7667
      vertex 53.6 24.0944 12.7667
    endloop
  endfacet
  facet normal 0 -0.881957 -0.471329
    outer loop
      vertex 55.2 24.0944 12.7667
      vertex 53.6 24.3716 12.248
      vertex 55.2 24.3716 12.248
    endloop
  endfacet
  facet normal 0 -0.634413 -0.772994
    outer loop
      vertex 53.6 23.2667 13.5944
      vertex 55.2 23.7213 13.2213
      vertex 55.2 23.2667 13.5944
    endloop
  endfacet
  facet normal -0 -0.634413 -0.772994
    outer loop
      vertex 55.2 23.7213 13.2213
      vertex 53.6 23.2667 13.5944
      vertex 53.6 23.7213 13.2213
    endloop
  endfacet
  facet normal 0 0.881957 -0.471329
    outer loop
      vertex 55.2 15.8284 12.248
      vertex 53.6 16.1056 12.7667
      vertex 55.2 16.1056 12.7667
    endloop
  endfacet
  facet normal 0 0.881957 -0.471329
    outer loop
      vertex 53.6 16.1056 12.7667
      vertex 55.2 15.8284 12.248
      vertex 53.6 15.8284 12.248
    endloop
  endfacet
  facet normal 0 -0.471369 0.881936
    outer loop
      vertex 53.6 23.2667 8.60559
      vertex 55.2 22.748 8.32836
      vertex 55.2 23.2667 8.60559
    endloop
  endfacet
  facet normal 0 -0.471369 0.881936
    outer loop
      vertex 55.2 22.748 8.32836
      vertex 53.6 23.2667 8.60559
      vertex 53.6 22.748 8.32836
    endloop
  endfacet
  facet normal 0 -0.0980053 0.995186
    outer loop
      vertex 53.6 22.1853 8.15764
      vertex 55.2 21.6 8.1
      vertex 55.2 22.1853 8.15764
    endloop
  endfacet
  facet normal 0 -0.0980053 0.995186
    outer loop
      vertex 55.2 21.6 8.1
      vertex 53.6 22.1853 8.15764
      vertex 53.6 21.6 8.1
    endloop
  endfacet
  facet normal 0 -0.773001 0.634405
    outer loop
      vertex 53.6 23.7213 8.97868
      vertex 55.2 24.0944 9.43329
      vertex 53.6 24.0944 9.43329
    endloop
  endfacet
  facet normal 0 -0.773001 0.634405
    outer loop
      vertex 55.2 24.0944 9.43329
      vertex 53.6 23.7213 8.97868
      vertex 55.2 23.7213 8.97868
    endloop
  endfacet
  facet normal 0 -0.995193 0.097938
    outer loop
      vertex 53.6 24.5424 10.5147
      vertex 55.2 24.6 11.1
      vertex 53.6 24.6 11.1
    endloop
  endfacet
  facet normal 0 -0.995193 0.097938
    outer loop
      vertex 55.2 24.6 11.1
      vertex 53.6 24.5424 10.5147
      vertex 55.2 24.5424 10.5147
    endloop
  endfacet
  facet normal 0 0.95689 -0.290451
    outer loop
      vertex 55.2 15.6576 11.6853
      vertex 53.6 15.8284 12.248
      vertex 55.2 15.8284 12.248
    endloop
  endfacet
  facet normal 0 0.95689 -0.290451
    outer loop
      vertex 53.6 15.8284 12.248
      vertex 55.2 15.6576 11.6853
      vertex 53.6 15.6576 11.6853
    endloop
  endfacet
  facet normal 0 0 -1
    outer loop
      vertex 53.6 18.6 14.1
      vertex 55.2 21.6 14.1
      vertex 55.2 18.6 14.1
    endloop
  endfacet
  facet normal -0 0 -1
    outer loop
      vertex 55.2 21.6 14.1
      vertex 53.6 18.6 14.1
      vertex 53.6 21.6 14.1
    endloop
  endfacet
  facet normal -0 0.634403 0.773003
    outer loop
      vertex 53.6 16.9333 8.60559
      vertex 55.2 16.4787 8.97868
      vertex 55.2 16.9333 8.60559
    endloop
  endfacet
  facet normal 0 0.634403 0.773003
    outer loop
      vertex 55.2 16.4787 8.97868
      vertex 53.6 16.9333 8.60559
      vertex 53.6 16.4787 8.97868
    endloop
  endfacet
  facet normal 0 -0.956897 0.290427
    outer loop
      vertex 53.6 24.3716 9.95195
      vertex 55.2 24.5424 10.5147
      vertex 53.6 24.5424 10.5147
    endloop
  endfacet
  facet normal 0 -0.956897 0.290427
    outer loop
      vertex 55.2 24.5424 10.5147
      vertex 53.6 24.3716 9.95195
      vertex 55.2 24.3716 9.95195
    endloop
  endfacet
  facet normal 0 -0.634403 0.773003
    outer loop
      vertex 53.6 23.7213 8.97868
      vertex 55.2 23.2667 8.60559
      vertex 55.2 23.7213 8.97868
    endloop
  endfacet
  facet normal 0 -0.634403 0.773003
    outer loop
      vertex 55.2 23.2667 8.60559
      vertex 53.6 23.7213 8.97868
      vertex 53.6 23.2667 8.60559
    endloop
  endfacet
  facet normal -0 0 1
    outer loop
      vertex 53.6 21.6 8.1
      vertex 55.2 18.6 8.1
      vertex 55.2 21.6 8.1
    endloop
  endfacet
  facet normal 0 0 1
    outer loop
      vertex 55.2 18.6 8.1
      vertex 53.6 21.6 8.1
      vertex 53.6 18.6 8.1
    endloop
  endfacet
  facet normal 0 0.634413 -0.772994
    outer loop
      vertex 53.6 16.4787 13.2213
      vertex 55.2 16.9333 13.5944
      vertex 55.2 16.4787 13.2213
    endloop
  endfacet
  facet normal 0 0.634413 -0.772994
    outer loop
      vertex 55.2 16.9333 13.5944
      vertex 53.6 16.4787 13.2213
      vertex 53.6 16.9333 13.5944
    endloop
  endfacet
  facet normal 0 0.772994 -0.634413
    outer loop
      vertex 55.2 16.1056 12.7667
      vertex 53.6 16.4787 13.2213
      vertex 55.2 16.4787 13.2213
    endloop
  endfacet
  facet normal 0 0.772994 -0.634413
    outer loop
      vertex 53.6 16.4787 13.2213
      vertex 55.2 16.1056 12.7667
      vertex 53.6 16.1056 12.7667
    endloop
  endfacet
  facet normal 0 0.773001 0.634405
    outer loop
      vertex 55.2 16.4787 8.97868
      vertex 53.6 16.1056 9.43329
      vertex 55.2 16.1056 9.43329
    endloop
  endfacet
  facet normal 0 0.773001 0.634405
    outer loop
      vertex 53.6 16.1056 9.43329
      vertex 55.2 16.4787 8.97868
      vertex 53.6 16.4787 8.97868
    endloop
  endfacet
  facet normal -0 0.290326 0.956928
    outer loop
      vertex 53.6 18.0147 8.15764
      vertex 55.2 17.452 8.32836
      vertex 55.2 18.0147 8.15764
    endloop
  endfacet
  facet normal 0 0.290326 0.956928
    outer loop
      vertex 55.2 17.452 8.32836
      vertex 53.6 18.0147 8.15764
      vertex 53.6 17.452 8.32836
    endloop
  endfacet
  facet normal 0 -0.772994 -0.634413
    outer loop
      vertex 53.6 24.0944 12.7667
      vertex 55.2 23.7213 13.2213
      vertex 53.6 23.7213 13.2213
    endloop
  endfacet
  facet normal 0 -0.772994 -0.634413
    outer loop
      vertex 55.2 23.7213 13.2213
      vertex 53.6 24.0944 12.7667
      vertex 55.2 24.0944 12.7667
    endloop
  endfacet
  facet normal 0 -0.995193 -0.097938
    outer loop
      vertex 53.6 24.6 11.1
      vertex 55.2 24.5424 11.6853
      vertex 53.6 24.5424 11.6853
    endloop
  endfacet
  facet normal 0 -0.995193 -0.097938
    outer loop
      vertex 55.2 24.5424 11.6853
      vertex 53.6 24.6 11.1
      vertex 55.2 24.6 11.1
    endloop
  endfacet
  facet normal 0 -0.471329 -0.881957
    outer loop
      vertex 53.6 22.748 13.8716
      vertex 55.2 23.2667 13.5944
      vertex 55.2 22.748 13.8716
    endloop
  endfacet
  facet normal -0 -0.471329 -0.881957
    outer loop
      vertex 55.2 23.2667 13.5944
      vertex 53.6 22.748 13.8716
      vertex 53.6 23.2667 13.5944
    endloop
  endfacet
  facet normal 0 -0.95689 -0.290451
    outer loop
      vertex 53.6 24.5424 11.6853
      vertex 55.2 24.3716 12.248
      vertex 53.6 24.3716 12.248
    endloop
  endfacet
  facet normal 0 -0.95689 -0.290451
    outer loop
      vertex 55.2 24.3716 12.248
      vertex 53.6 24.5424 11.6853
      vertex 55.2 24.5424 11.6853
    endloop
  endfacet
  facet normal 0 0.881942 0.471358
    outer loop
      vertex 55.2 16.1056 9.43329
      vertex 53.6 15.8284 9.95195
      vertex 55.2 15.8284 9.95195
    endloop
  endfacet
  facet normal 0 0.881942 0.471358
    outer loop
      vertex 53.6 15.8284 9.95195
      vertex 55.2 16.1056 9.43329
      vertex 53.6 16.1056 9.43329
    endloop
  endfacet
  facet normal 0 0.995193 0.097938
    outer loop
      vertex 55.2 15.6576 10.5147
      vertex 53.6 15.6 11.1
      vertex 55.2 15.6 11.1
    endloop
  endfacet
  facet normal 0 0.995193 0.097938
    outer loop
      vertex 53.6 15.6 11.1
      vertex 55.2 15.6576 10.5147
      vertex 53.6 15.6576 10.5147
    endloop
  endfacet
  facet normal 0 -0.290451 -0.95689
    outer loop
      vertex 53.6 22.1853 14.0424
      vertex 55.2 22.748 13.8716
      vertex 55.2 22.1853 14.0424
    endloop
  endfacet
  facet normal -0 -0.290451 -0.95689
    outer loop
      vertex 55.2 22.748 13.8716
      vertex 53.6 22.1853 14.0424
      vertex 53.6 22.748 13.8716
    endloop
  endfacet
  facet normal 0 -0.097938 -0.995193
    outer loop
      vertex 53.6 21.6 14.1
      vertex 55.2 22.1853 14.0424
      vertex 55.2 21.6 14.1
    endloop
  endfacet
  facet normal -0 -0.097938 -0.995193
    outer loop
      vertex 55.2 22.1853 14.0424
      vertex 53.6 21.6 14.1
      vertex 53.6 22.1853 14.0424
    endloop
  endfacet
  facet normal 0 0.097938 -0.995193
    outer loop
      vertex 53.6 18.0147 14.0424
      vertex 55.2 18.6 14.1
      vertex 55.2 18.0147 14.0424
    endloop
  endfacet
  facet normal 0 0.097938 -0.995193
    outer loop
      vertex 55.2 18.6 14.1
      vertex 53.6 18.0147 14.0424
      vertex 53.6 18.6 14.1
    endloop
  endfacet
  facet normal -0 0.471369 0.881936
    outer loop
      vertex 53.6 17.452 8.32836
      vertex 55.2 16.9333 8.60559
      vertex 55.2 17.452 8.32836
    endloop
  endfacet
  facet normal 0 0.471369 0.881936
    outer loop
      vertex 55.2 16.9333 8.60559
      vertex 53.6 17.452 8.32836
      vertex 53.6 16.9333 8.60559
    endloop
  endfacet
  facet normal 0 0.995193 -0.097938
    outer loop
      vertex 55.2 15.6 11.1
      vertex 53.6 15.6576 11.6853
      vertex 55.2 15.6576 11.6853
    endloop
  endfacet
  facet normal 0 0.995193 -0.097938
    outer loop
      vertex 53.6 15.6576 11.6853
      vertex 55.2 15.6 11.1
      vertex 53.6 15.6 11.1
    endloop
  endfacet
  facet normal 0 0.471329 -0.881957
    outer loop
      vertex 53.6 16.9333 13.5944
      vertex 55.2 17.452 13.8716
      vertex 55.2 16.9333 13.5944
    endloop
  endfacet
  facet normal 0 0.471329 -0.881957
    outer loop
      vertex 55.2 17.452 13.8716
      vertex 53.6 16.9333 13.5944
      vertex 53.6 17.452 13.8716
    endloop
  endfacet
  facet normal 0.522486 -0.852648 0
    outer loop
      vertex 33.1221 77.5402 1.8
      vertex 34.4601 78.3601 3.2
      vertex 33.1221 77.5402 3.2
    endloop
  endfacet
  facet normal 0.522486 -0.852648 0
    outer loop
      vertex 34.4601 78.3601 3.2
      vertex 33.1221 77.5402 1.8
      vertex 34.4601 78.3601 1.8
    endloop
  endfacet
  facet normal -0.972375 -0.233424 0
    outer loop
      vertex 48.8769 71.0143 1.8
      vertex 48.5106 72.5402 3.2
      vertex 48.5106 72.5402 1.8
    endloop
  endfacet
  facet normal -0.972375 -0.233424 0
    outer loop
      vertex 48.5106 72.5402 3.2
      vertex 48.8769 71.0143 1.8
      vertex 48.8769 71.0143 3.2
    endloop
  endfacet
  facet normal -0.972375 0.233424 0
    outer loop
      vertex 48.5106 66.3598 1.8
      vertex 48.8769 67.8857 3.2
      vertex 48.8769 67.8857 1.8
    endloop
  endfacet
  facet normal -0.972375 0.233424 0
    outer loop
      vertex 48.8769 67.8857 3.2
      vertex 48.5106 66.3598 1.8
      vertex 48.5106 66.3598 3.2
    endloop
  endfacet
  facet normal -0.923876 0.382691 0
    outer loop
      vertex 47.9101 64.9101 1.8
      vertex 48.5106 66.3598 3.2
      vertex 48.5106 66.3598 1.8
    endloop
  endfacet
  facet normal -0.923876 0.382691 0
    outer loop
      vertex 48.5106 66.3598 3.2
      vertex 47.9101 64.9101 1.8
      vertex 47.9101 64.9101 3.2
    endloop
  endfacet
  facet normal 0.923876 0.382691 0
    outer loop
      vertex 30.0899 64.9101 3.2
      vertex 29.4894 66.3598 1.8
      vertex 29.4894 66.3598 3.2
    endloop
  endfacet
  facet normal 0.923876 0.382691 0
    outer loop
      vertex 29.4894 66.3598 1.8
      vertex 30.0899 64.9101 3.2
      vertex 30.0899 64.9101 1.8
    endloop
  endfacet
  facet normal -0.996918 -0.0784508 0
    outer loop
      vertex 49 69.45 1.8
      vertex 48.8769 71.0143 3.2
      vertex 48.8769 71.0143 1.8
    endloop
  endfacet
  facet normal -0.996918 -0.0784508 0
    outer loop
      vertex 48.8769 71.0143 3.2
      vertex 49 69.45 1.8
      vertex 49 69.45 3.2
    endloop
  endfacet
  facet normal 0.972375 -0.233424 0
    outer loop
      vertex 29.1231 71.0143 3.2
      vertex 29.4894 72.5402 1.8
      vertex 29.4894 72.5402 3.2
    endloop
  endfacet
  facet normal 0.972375 -0.233424 0
    outer loop
      vertex 29.4894 72.5402 1.8
      vertex 29.1231 71.0143 3.2
      vertex 29.1231 71.0143 1.8
    endloop
  endfacet
  facet normal -0.233424 0.972375 0
    outer loop
      vertex 42.0902 59.9394 1.8
      vertex 40.5643 59.5731 3.2
      vertex 42.0902 59.9394 3.2
    endloop
  endfacet
  facet normal -0.233424 0.972375 0
    outer loop
      vertex 40.5643 59.5731 3.2
      vertex 42.0902 59.9394 1.8
      vertex 40.5643 59.5731 1.8
    endloop
  endfacet
  facet normal 0.972375 0.233424 0
    outer loop
      vertex 29.4894 66.3598 3.2
      vertex 29.1231 67.8857 1.8
      vertex 29.1231 67.8857 3.2
    endloop
  endfacet
  facet normal 0.972375 0.233424 0
    outer loop
      vertex 29.1231 67.8857 1.8
      vertex 29.4894 66.3598 3.2
      vertex 29.4894 66.3598 1.8
    endloop
  endfacet
  facet normal 0.0784508 -0.996918 0
    outer loop
      vertex 37.4357 79.3269 1.8
      vertex 39 79.45 3.2
      vertex 37.4357 79.3269 3.2
    endloop
  endfacet
  facet normal 0.0784508 -0.996918 0
    outer loop
      vertex 39 79.45 3.2
      vertex 37.4357 79.3269 1.8
      vertex 39 79.45 1.8
    endloop
  endfacet
  facet normal -0.923876 -0.382691 0
    outer loop
      vertex 48.5106 72.5402 1.8
      vertex 47.9101 73.9899 3.2
      vertex 47.9101 73.9899 1.8
    endloop
  endfacet
  facet normal -0.923876 -0.382691 0
    outer loop
      vertex 47.9101 73.9899 3.2
      vertex 48.5106 72.5402 1.8
      vertex 48.5106 72.5402 3.2
    endloop
  endfacet
  facet normal -0.233424 -0.972375 0
    outer loop
      vertex 40.5643 79.3269 1.8
      vertex 42.0902 78.9606 3.2
      vertex 40.5643 79.3269 3.2
    endloop
  endfacet
  facet normal -0.233424 -0.972375 -0
    outer loop
      vertex 42.0902 78.9606 3.2
      vertex 40.5643 79.3269 1.8
      vertex 42.0902 78.9606 1.8
    endloop
  endfacet
  facet normal 0.233424 0.972375 -0
    outer loop
      vertex 37.4357 59.5731 1.8
      vertex 35.9098 59.9394 3.2
      vertex 37.4357 59.5731 3.2
    endloop
  endfacet
  facet normal 0.233424 0.972375 0
    outer loop
      vertex 35.9098 59.9394 3.2
      vertex 37.4357 59.5731 1.8
      vertex 35.9098 59.9394 1.8
    endloop
  endfacet
  facet normal 0.649452 0.760403 -0
    outer loop
      vertex 33.1221 61.3598 1.8
      vertex 31.9289 62.3789 3.2
      vertex 33.1221 61.3598 3.2
    endloop
  endfacet
  facet normal 0.649452 0.760403 0
    outer loop
      vertex 31.9289 62.3789 3.2
      vertex 33.1221 61.3598 1.8
      vertex 31.9289 62.3789 1.8
    endloop
  endfacet
  facet normal -0.522486 0.852648 0
    outer loop
      vertex 44.8779 61.3598 1.8
      vertex 43.5399 60.5399 3.2
      vertex 44.8779 61.3598 3.2
    endloop
  endfacet
  facet normal -0.522486 0.852648 0
    outer loop
      vertex 43.5399 60.5399 3.2
      vertex 44.8779 61.3598 1.8
      vertex 43.5399 60.5399 1.8
    endloop
  endfacet
  facet normal -0.760403 -0.649452 0
    outer loop
      vertex 47.0902 75.3279 1.8
      vertex 46.0711 76.5211 3.2
      vertex 46.0711 76.5211 1.8
    endloop
  endfacet
  facet normal -0.760403 -0.649452 0
    outer loop
      vertex 46.0711 76.5211 3.2
      vertex 47.0902 75.3279 1.8
      vertex 47.0902 75.3279 3.2
    endloop
  endfacet
  facet normal -0.382691 -0.923876 0
    outer loop
      vertex 42.0902 78.9606 1.8
      vertex 43.5399 78.3601 3.2
      vertex 42.0902 78.9606 3.2
    endloop
  endfacet
  facet normal -0.382691 -0.923876 -0
    outer loop
      vertex 43.5399 78.3601 3.2
      vertex 42.0902 78.9606 1.8
      vertex 43.5399 78.3601 1.8
    endloop
  endfacet
  facet normal -0.852648 -0.522486 0
    outer loop
      vertex 47.9101 73.9899 1.8
      vertex 47.0902 75.3279 3.2
      vertex 47.0902 75.3279 1.8
    endloop
  endfacet
  facet normal -0.852648 -0.522486 0
    outer loop
      vertex 47.0902 75.3279 3.2
      vertex 47.9101 73.9899 1.8
      vertex 47.9101 73.9899 3.2
    endloop
  endfacet
  facet normal 0.233424 -0.972375 0
    outer loop
      vertex 35.9098 78.9606 1.8
      vertex 37.4357 79.3269 3.2
      vertex 35.9098 78.9606 3.2
    endloop
  endfacet
  facet normal 0.233424 -0.972375 0
    outer loop
      vertex 37.4357 79.3269 3.2
      vertex 35.9098 78.9606 1.8
      vertex 37.4357 79.3269 1.8
    endloop
  endfacet
  facet normal -0.649452 0.760403 0
    outer loop
      vertex 46.0711 62.3789 1.8
      vertex 44.8779 61.3598 3.2
      vertex 46.0711 62.3789 3.2
    endloop
  endfacet
  facet normal -0.649452 0.760403 0
    outer loop
      vertex 44.8779 61.3598 3.2
      vertex 46.0711 62.3789 1.8
      vertex 44.8779 61.3598 1.8
    endloop
  endfacet
  facet normal 0.996918 -0.0784508 0
    outer loop
      vertex 29 69.45 3.2
      vertex 29.1231 71.0143 1.8
      vertex 29.1231 71.0143 3.2
    endloop
  endfacet
  facet normal 0.996918 -0.0784508 0
    outer loop
      vertex 29.1231 71.0143 1.8
      vertex 29 69.45 3.2
      vertex 29 69.45 1.8
    endloop
  endfacet
  facet normal 0.760403 -0.649452 0
    outer loop
      vertex 30.9098 75.3279 3.2
      vertex 31.9289 76.5211 1.8
      vertex 31.9289 76.5211 3.2
    endloop
  endfacet
  facet normal 0.760403 -0.649452 0
    outer loop
      vertex 31.9289 76.5211 1.8
      vertex 30.9098 75.3279 3.2
      vertex 30.9098 75.3279 1.8
    endloop
  endfacet
  facet normal 0.760403 0.649452 0
    outer loop
      vertex 31.9289 62.3789 3.2
      vertex 30.9098 63.5721 1.8
      vertex 30.9098 63.5721 3.2
    endloop
  endfacet
  facet normal 0.760403 0.649452 0
    outer loop
      vertex 30.9098 63.5721 1.8
      vertex 31.9289 62.3789 3.2
      vertex 31.9289 62.3789 1.8
    endloop
  endfacet
  facet normal -0.996918 0.0784508 0
    outer loop
      vertex 48.8769 67.8857 1.8
      vertex 49 69.45 3.2
      vertex 49 69.45 1.8
    endloop
  endfacet
  facet normal -0.996918 0.0784508 0
    outer loop
      vertex 49 69.45 3.2
      vertex 48.8769 67.8857 1.8
      vertex 48.8769 67.8857 3.2
    endloop
  endfacet
  facet normal -0.760403 0.649452 0
    outer loop
      vertex 46.0711 62.3789 1.8
      vertex 47.0902 63.5721 3.2
      vertex 47.0902 63.5721 1.8
    endloop
  endfacet
  facet normal -0.760403 0.649452 0
    outer loop
      vertex 47.0902 63.5721 3.2
      vertex 46.0711 62.3789 1.8
      vertex 46.0711 62.3789 3.2
    endloop
  endfacet
  facet normal 0.923876 -0.382691 0
    outer loop
      vertex 29.4894 72.5402 3.2
      vertex 30.0899 73.9899 1.8
      vertex 30.0899 73.9899 3.2
    endloop
  endfacet
  facet normal 0.923876 -0.382691 0
    outer loop
      vertex 30.0899 73.9899 1.8
      vertex 29.4894 72.5402 3.2
      vertex 29.4894 72.5402 1.8
    endloop
  endfacet
  facet normal 0.382691 -0.923876 0
    outer loop
      vertex 34.4601 78.3601 1.8
      vertex 35.9098 78.9606 3.2
      vertex 34.4601 78.3601 3.2
    endloop
  endfacet
  facet normal 0.382691 -0.923876 0
    outer loop
      vertex 35.9098 78.9606 3.2
      vertex 34.4601 78.3601 1.8
      vertex 35.9098 78.9606 1.8
    endloop
  endfacet
  facet normal -0.0784508 0.996918 0
    outer loop
      vertex 40.5643 59.5731 1.8
      vertex 39 59.45 3.2
      vertex 40.5643 59.5731 3.2
    endloop
  endfacet
  facet normal -0.0784508 0.996918 0
    outer loop
      vertex 39 59.45 3.2
      vertex 40.5643 59.5731 1.8
      vertex 39 59.45 1.8
    endloop
  endfacet
  facet normal -0.852648 0.522486 0
    outer loop
      vertex 47.0902 63.5721 1.8
      vertex 47.9101 64.9101 3.2
      vertex 47.9101 64.9101 1.8
    endloop
  endfacet
  facet normal -0.852648 0.522486 0
    outer loop
      vertex 47.9101 64.9101 3.2
      vertex 47.0902 63.5721 1.8
      vertex 47.0902 63.5721 3.2
    endloop
  endfacet
  facet normal 0.0784508 0.996918 -0
    outer loop
      vertex 39 59.45 1.8
      vertex 37.4357 59.5731 3.2
      vertex 39 59.45 3.2
    endloop
  endfacet
  facet normal 0.0784508 0.996918 0
    outer loop
      vertex 37.4357 59.5731 3.2
      vertex 39 59.45 1.8
      vertex 37.4357 59.5731 1.8
    endloop
  endfacet
  facet normal -0.649452 -0.760403 0
    outer loop
      vertex 44.8779 77.5402 1.8
      vertex 46.0711 76.5211 3.2
      vertex 44.8779 77.5402 3.2
    endloop
  endfacet
  facet normal -0.649452 -0.760403 -0
    outer loop
      vertex 46.0711 76.5211 3.2
      vertex 44.8779 77.5402 1.8
      vertex 46.0711 76.5211 1.8
    endloop
  endfacet
  facet normal -0.0784508 -0.996918 0
    outer loop
      vertex 39 79.45 1.8
      vertex 40.5643 79.3269 3.2
      vertex 39 79.45 3.2
    endloop
  endfacet
  facet normal -0.0784508 -0.996918 -0
    outer loop
      vertex 40.5643 79.3269 3.2
      vertex 39 79.45 1.8
      vertex 40.5643 79.3269 1.8
    endloop
  endfacet
  facet normal -0.382691 0.923876 0
    outer loop
      vertex 43.5399 60.5399 1.8
      vertex 42.0902 59.9394 3.2
      vertex 43.5399 60.5399 3.2
    endloop
  endfacet
  facet normal -0.382691 0.923876 0
    outer loop
      vertex 42.0902 59.9394 3.2
      vertex 43.5399 60.5399 1.8
      vertex 42.0902 59.9394 1.8
    endloop
  endfacet
  facet normal 0.852648 -0.522486 0
    outer loop
      vertex 30.0899 73.9899 3.2
      vertex 30.9098 75.3279 1.8
      vertex 30.9098 75.3279 3.2
    endloop
  endfacet
  facet normal 0.852648 -0.522486 0
    outer loop
      vertex 30.9098 75.3279 1.8
      vertex 30.0899 73.9899 3.2
      vertex 30.0899 73.9899 1.8
    endloop
  endfacet
  facet normal 0.649452 -0.760403 0
    outer loop
      vertex 31.9289 76.5211 1.8
      vertex 33.1221 77.5402 3.2
      vertex 31.9289 76.5211 3.2
    endloop
  endfacet
  facet normal 0.649452 -0.760403 0
    outer loop
      vertex 33.1221 77.5402 3.2
      vertex 31.9289 76.5211 1.8
      vertex 33.1221 77.5402 1.8
    endloop
  endfacet
  facet normal 0.522486 0.852648 -0
    outer loop
      vertex 34.4601 60.5399 1.8
      vertex 33.1221 61.3598 3.2
      vertex 34.4601 60.5399 3.2
    endloop
  endfacet
  facet normal 0.522486 0.852648 0
    outer loop
      vertex 33.1221 61.3598 3.2
      vertex 34.4601 60.5399 1.8
      vertex 33.1221 61.3598 1.8
    endloop
  endfacet
  facet normal -0.522486 -0.852648 0
    outer loop
      vertex 43.5399 78.3601 1.8
      vertex 44.8779 77.5402 3.2
      vertex 43.5399 78.3601 3.2
    endloop
  endfacet
  facet normal -0.522486 -0.852648 -0
    outer loop
      vertex 44.8779 77.5402 3.2
      vertex 43.5399 78.3601 1.8
      vertex 44.8779 77.5402 1.8
    endloop
  endfacet
  facet normal 0.996918 0.0784508 0
    outer loop
      vertex 29.1231 67.8857 3.2
      vertex 29 69.45 1.8
      vertex 29 69.45 3.2
    endloop
  endfacet
  facet normal 0.996918 0.0784508 0
    outer loop
      vertex 29 69.45 1.8
      vertex 29.1231 67.8857 3.2
      vertex 29.1231 67.8857 1.8
    endloop
  endfacet
  facet normal 0.382691 0.923876 -0
    outer loop
      vertex 35.9098 59.9394 1.8
      vertex 34.4601 60.5399 3.2
      vertex 35.9098 59.9394 3.2
    endloop
  endfacet
  facet normal 0.382691 0.923876 0
    outer loop
      vertex 34.4601 60.5399 3.2
      vertex 35.9098 59.9394 1.8
      vertex 34.4601 60.5399 1.8
    endloop
  endfacet
  facet normal 0.852648 0.522486 0
    outer loop
      vertex 30.9098 63.5721 3.2
      vertex 30.0899 64.9101 1.8
      vertex 30.0899 64.9101 3.2
    endloop
  endfacet
  facet normal 0.852648 0.522486 0
    outer loop
      vertex 30.0899 64.9101 1.8
      vertex 30.9098 63.5721 3.2
      vertex 30.9098 63.5721 1.8
    endloop
  endfacet
  facet normal 0 0 1
    outer loop
      vertex 40.1 69.45 1.8
      vertex 49 69.45 1.8
      vertex 48.8769 71.0143 1.8
    endloop
  endfacet
  facet normal 0 0 1
    outer loop
      vertex 40.0625 69.7347 1.8
      vertex 48.8769 71.0143 1.8
      vertex 48.5106 72.5402 1.8
    endloop
  endfacet
  facet normal 0 0 1
    outer loop
      vertex 49 69.45 1.8
      vertex 40.1 69.45 1.8
      vertex 48.8769 67.8857 1.8
    endloop
  endfacet
  facet normal 0 0 1
    outer loop
      vertex 40.0625 69.7347 1.8
      vertex 48.5106 72.5402 1.8
      vertex 47.9101 73.9899 1.8
    endloop
  endfacet
  facet normal -0 0 1
    outer loop
      vertex 40.0625 69.1653 1.8
      vertex 48.8769 67.8857 1.8
      vertex 40.1 69.45 1.8
    endloop
  endfacet
  facet normal 0 0 1
    outer loop
      vertex 39.9526 70 1.8
      vertex 47.9101 73.9899 1.8
      vertex 47.0902 75.3279 1.8
    endloop
  endfacet
  facet normal 0 0 1
    outer loop
      vertex 48.8769 67.8857 1.8
      vertex 40.0625 69.1653 1.8
      vertex 48.5106 66.3598 1.8
    endloop
  endfacet
  facet normal 0 0 1
    outer loop
      vertex 39.7778 70.2278 1.8
      vertex 47.0902 75.3279 1.8
      vertex 46.0711 76.5211 1.8
    endloop
  endfacet
  facet normal 0 0 1
    outer loop
      vertex 48.5106 66.3598 1.8
      vertex 40.0625 69.1653 1.8
      vertex 47.9101 64.9101 1.8
    endloop
  endfacet
  facet normal 0 0 1
    outer loop
      vertex 39.7778 70.2278 1.8
      vertex 46.0711 76.5211 1.8
      vertex 44.8779 77.5402 1.8
    endloop
  endfacet
  facet normal -0 0 1
    outer loop
      vertex 39.9526 68.9 1.8
      vertex 47.9101 64.9101 1.8
      vertex 40.0625 69.1653 1.8
    endloop
  endfacet
  facet normal 0 0 1
    outer loop
      vertex 39.55 70.4026 1.8
      vertex 44.8779 77.5402 1.8
      vertex 43.5399 78.3601 1.8
    endloop
  endfacet
  facet normal 0 0 1
    outer loop
      vertex 47.9101 64.9101 1.8
      vertex 39.9526 68.9 1.8
      vertex 47.0902 63.5721 1.8
    endloop
  endfacet
  facet normal 0 0 1
    outer loop
      vertex 39.55 70.4026 1.8
      vertex 43.5399 78.3601 1.8
      vertex 42.0902 78.9606 1.8
    endloop
  endfacet
  facet normal -0 0 1
    outer loop
      vertex 39.7778 68.6722 1.8
      vertex 47.0902 63.5721 1.8
      vertex 39.9526 68.9 1.8
    endloop
  endfacet
  facet normal 0 0 1
    outer loop
      vertex 39.2847 70.5125 1.8
      vertex 42.0902 78.9606 1.8
      vertex 40.5643 79.3269 1.8
    endloop
  endfacet
  facet normal 0 0 1
    outer loop
      vertex 47.0902 63.5721 1.8
      vertex 39.7778 68.6722 1.8
      vertex 46.0711 62.3789 1.8
    endloop
  endfacet
  facet normal 0 0 1
    outer loop
      vertex 46.0711 62.3789 1.8
      vertex 39.7778 68.6722 1.8
      vertex 44.8779 61.3598 1.8
    endloop
  endfacet
  facet normal 0 0 1
    outer loop
      vertex 48.8769 71.0143 1.8
      vertex 40.0625 69.7347 1.8
      vertex 40.1 69.45 1.8
    endloop
  endfacet
  facet normal 0 0 1
    outer loop
      vertex 47.9101 73.9899 1.8
      vertex 39.9526 70 1.8
      vertex 40.0625 69.7347 1.8
    endloop
  endfacet
  facet normal 0 0 1
    outer loop
      vertex 47.0902 75.3279 1.8
      vertex 39.7778 70.2278 1.8
      vertex 39.9526 70 1.8
    endloop
  endfacet
  facet normal 0 0 1
    outer loop
      vertex 44.8779 77.5402 1.8
      vertex 39.55 70.4026 1.8
      vertex 39.7778 70.2278 1.8
    endloop
  endfacet
  facet normal 0 0 1
    outer loop
      vertex 42.0902 78.9606 1.8
      vertex 39.2847 70.5125 1.8
      vertex 39.55 70.4026 1.8
    endloop
  endfacet
  facet normal 0 0 1
    outer loop
      vertex 39 70.55 1.8
      vertex 40.5643 79.3269 1.8
      vertex 39 79.45 1.8
    endloop
  endfacet
  facet normal 0 0 1
    outer loop
      vertex 40.5643 79.3269 1.8
      vertex 39 70.55 1.8
      vertex 39.2847 70.5125 1.8
    endloop
  endfacet
  facet normal -0 0 1
    outer loop
      vertex 37.4357 79.3269 1.8
      vertex 39 70.55 1.8
      vertex 39 79.45 1.8
    endloop
  endfacet
  facet normal 0 0 1
    outer loop
      vertex 39 70.55 1.8
      vertex 37.4357 79.3269 1.8
      vertex 38.7153 70.5125 1.8
    endloop
  endfacet
  facet normal -0 0 1
    outer loop
      vertex 35.9098 78.9606 1.8
      vertex 38.7153 70.5125 1.8
      vertex 37.4357 79.3269 1.8
    endloop
  endfacet
  facet normal 0 0 1
    outer loop
      vertex 38.7153 70.5125 1.8
      vertex 35.9098 78.9606 1.8
      vertex 38.45 70.4026 1.8
    endloop
  endfacet
  facet normal -0 0 1
    outer loop
      vertex 34.4601 78.3601 1.8
      vertex 38.45 70.4026 1.8
      vertex 35.9098 78.9606 1.8
    endloop
  endfacet
  facet normal -0 0 1
    outer loop
      vertex 33.1221 77.5402 1.8
      vertex 38.45 70.4026 1.8
      vertex 34.4601 78.3601 1.8
    endloop
  endfacet
  facet normal 0 0 1
    outer loop
      vertex 38.45 70.4026 1.8
      vertex 33.1221 77.5402 1.8
      vertex 38.2222 70.2278 1.8
    endloop
  endfacet
  facet normal -0 0 1
    outer loop
      vertex 39.55 68.4974 1.8
      vertex 44.8779 61.3598 1.8
      vertex 39.7778 68.6722 1.8
    endloop
  endfacet
  facet normal 0 0 1
    outer loop
      vertex 44.8779 61.3598 1.8
      vertex 39.55 68.4974 1.8
      vertex 43.5399 60.5399 1.8
    endloop
  endfacet
  facet normal 0 0 1
    outer loop
      vertex 43.5399 60.5399 1.8
      vertex 39.55 68.4974 1.8
      vertex 42.0902 59.9394 1.8
    endloop
  endfacet
  facet normal -0 0 1
    outer loop
      vertex 39.2847 68.3875 1.8
      vertex 42.0902 59.9394 1.8
      vertex 39.55 68.4974 1.8
    endloop
  endfacet
  facet normal 0 0 1
    outer loop
      vertex 42.0902 59.9394 1.8
      vertex 39.2847 68.3875 1.8
      vertex 40.5643 59.5731 1.8
    endloop
  endfacet
  facet normal -0 0 1
    outer loop
      vertex 39 68.35 1.8
      vertex 40.5643 59.5731 1.8
      vertex 39.2847 68.3875 1.8
    endloop
  endfacet
  facet normal 0 0 1
    outer loop
      vertex 39 68.35 1.8
      vertex 39 59.45 1.8
      vertex 40.5643 59.5731 1.8
    endloop
  endfacet
  facet normal 0 0 1
    outer loop
      vertex 37.4357 59.5731 1.8
      vertex 39 68.35 1.8
      vertex 38.7153 68.3875 1.8
    endloop
  endfacet
  facet normal 0 0 1
    outer loop
      vertex 35.9098 59.9394 1.8
      vertex 38.7153 68.3875 1.8
      vertex 38.45 68.4974 1.8
    endloop
  endfacet
  facet normal 0 0 1
    outer loop
      vertex 33.1221 61.3598 1.8
      vertex 38.45 68.4974 1.8
      vertex 38.2222 68.6722 1.8
    endloop
  endfacet
  facet normal 0 0 1
    outer loop
      vertex 30.9098 63.5721 1.8
      vertex 38.2222 68.6722 1.8
      vertex 38.0474 68.9 1.8
    endloop
  endfacet
  facet normal 0 0 1
    outer loop
      vertex 30.0899 64.9101 1.8
      vertex 38.0474 68.9 1.8
      vertex 37.9375 69.1653 1.8
    endloop
  endfacet
  facet normal 0 0 1
    outer loop
      vertex 29.1231 67.8857 1.8
      vertex 37.9375 69.1653 1.8
      vertex 37.9 69.45 1.8
    endloop
  endfacet
  facet normal 0 0 1
    outer loop
      vertex 39 68.35 1.8
      vertex 37.4357 59.5731 1.8
      vertex 39 59.45 1.8
    endloop
  endfacet
  facet normal -0 0 1
    outer loop
      vertex 31.9289 76.5211 1.8
      vertex 38.2222 70.2278 1.8
      vertex 33.1221 77.5402 1.8
    endloop
  endfacet
  facet normal -0 0 1
    outer loop
      vertex 30.9098 75.3279 1.8
      vertex 38.2222 70.2278 1.8
      vertex 31.9289 76.5211 1.8
    endloop
  endfacet
  facet normal 0 0 1
    outer loop
      vertex 38.7153 68.3875 1.8
      vertex 35.9098 59.9394 1.8
      vertex 37.4357 59.5731 1.8
    endloop
  endfacet
  facet normal 0 0 1
    outer loop
      vertex 38.2222 70.2278 1.8
      vertex 30.9098 75.3279 1.8
      vertex 38.0474 70 1.8
    endloop
  endfacet
  facet normal 0 0 1
    outer loop
      vertex 38.45 68.4974 1.8
      vertex 34.4601 60.5399 1.8
      vertex 35.9098 59.9394 1.8
    endloop
  endfacet
  facet normal -0 0 1
    outer loop
      vertex 30.0899 73.9899 1.8
      vertex 38.0474 70 1.8
      vertex 30.9098 75.3279 1.8
    endloop
  endfacet
  facet normal 0 0 1
    outer loop
      vertex 38.45 68.4974 1.8
      vertex 33.1221 61.3598 1.8
      vertex 34.4601 60.5399 1.8
    endloop
  endfacet
  facet normal 0 0 1
    outer loop
      vertex 38.0474 70 1.8
      vertex 30.0899 73.9899 1.8
      vertex 37.9375 69.7347 1.8
    endloop
  endfacet
  facet normal 0 0 1
    outer loop
      vertex 38.2222 68.6722 1.8
      vertex 31.9289 62.3789 1.8
      vertex 33.1221 61.3598 1.8
    endloop
  endfacet
  facet normal -0 0 1
    outer loop
      vertex 29.4894 72.5402 1.8
      vertex 37.9375 69.7347 1.8
      vertex 30.0899 73.9899 1.8
    endloop
  endfacet
  facet normal 0 0 1
    outer loop
      vertex 38.2222 68.6722 1.8
      vertex 30.9098 63.5721 1.8
      vertex 31.9289 62.3789 1.8
    endloop
  endfacet
  facet normal -0 0 1
    outer loop
      vertex 29.1231 71.0143 1.8
      vertex 37.9375 69.7347 1.8
      vertex 29.4894 72.5402 1.8
    endloop
  endfacet
  facet normal 0 0 1
    outer loop
      vertex 38.0474 68.9 1.8
      vertex 30.0899 64.9101 1.8
      vertex 30.9098 63.5721 1.8
    endloop
  endfacet
  facet normal 0 0 1
    outer loop
      vertex 37.9375 69.7347 1.8
      vertex 29.1231 71.0143 1.8
      vertex 37.9 69.45 1.8
    endloop
  endfacet
  facet normal 0 0 1
    outer loop
      vertex 37.9375 69.1653 1.8
      vertex 29.4894 66.3598 1.8
      vertex 30.0899 64.9101 1.8
    endloop
  endfacet
  facet normal 0 0 1
    outer loop
      vertex 29 69.45 1.8
      vertex 37.9 69.45 1.8
      vertex 29.1231 71.0143 1.8
    endloop
  endfacet
  facet normal 0 0 1
    outer loop
      vertex 37.9375 69.1653 1.8
      vertex 29.1231 67.8857 1.8
      vertex 29.4894 66.3598 1.8
    endloop
  endfacet
  facet normal 0 0 1
    outer loop
      vertex 37.9 69.45 1.8
      vertex 29 69.45 1.8
      vertex 29.1231 67.8857 1.8
    endloop
  endfacet
  facet normal -0.923868 -0.382711 0
    outer loop
      vertex 40.0625 69.7347 0
      vertex 39.9526 70 1.8
      vertex 39.9526 70 0
    endloop
  endfacet
  facet normal -0.923868 -0.382711 0
    outer loop
      vertex 39.9526 70 1.8
      vertex 40.0625 69.7347 0
      vertex 40.0625 69.7347 1.8
    endloop
  endfacet
  facet normal -0.991437 -0.13059 0
    outer loop
      vertex 40.1 69.45 0
      vertex 40.0625 69.7347 1.8
      vertex 40.0625 69.7347 0
    endloop
  endfacet
  facet normal -0.991437 -0.13059 0
    outer loop
      vertex 40.0625 69.7347 1.8
      vertex 40.1 69.45 0
      vertex 40.1 69.45 1.8
    endloop
  endfacet
  facet normal -0.793348 -0.608768 0
    outer loop
      vertex 39.9526 70 0
      vertex 39.7778 70.2278 1.8
      vertex 39.7778 70.2278 0
    endloop
  endfacet
  facet normal -0.793348 -0.608768 0
    outer loop
      vertex 39.7778 70.2278 1.8
      vertex 39.9526 70 0
      vertex 39.9526 70 1.8
    endloop
  endfacet
  facet normal -0.608768 -0.793348 0
    outer loop
      vertex 39.55 70.4026 0
      vertex 39.7778 70.2278 1.8
      vertex 39.55 70.4026 1.8
    endloop
  endfacet
  facet normal -0.608768 -0.793348 -0
    outer loop
      vertex 39.7778 70.2278 1.8
      vertex 39.55 70.4026 0
      vertex 39.7778 70.2278 0
    endloop
  endfacet
  facet normal 0.923868 -0.382711 0
    outer loop
      vertex 37.9375 69.7347 1.8
      vertex 38.0474 70 0
      vertex 38.0474 70 1.8
    endloop
  endfacet
  facet normal 0.923868 -0.382711 0
    outer loop
      vertex 38.0474 70 0
      vertex 37.9375 69.7347 1.8
      vertex 37.9375 69.7347 0
    endloop
  endfacet
  facet normal 0.793348 -0.608768 0
    outer loop
      vertex 38.0474 70 1.8
      vertex 38.2222 70.2278 0
      vertex 38.2222 70.2278 1.8
    endloop
  endfacet
  facet normal 0.793348 -0.608768 0
    outer loop
      vertex 38.2222 70.2278 0
      vertex 38.0474 70 1.8
      vertex 38.0474 70 0
    endloop
  endfacet
  facet normal 0.13059 0.991437 -0
    outer loop
      vertex 39 68.35 0
      vertex 38.7153 68.3875 1.8
      vertex 39 68.35 1.8
    endloop
  endfacet
  facet normal 0.13059 0.991437 0
    outer loop
      vertex 38.7153 68.3875 1.8
      vertex 39 68.35 0
      vertex 38.7153 68.3875 0
    endloop
  endfacet
  facet normal -0.793348 0.608768 0
    outer loop
      vertex 39.7778 68.6722 0
      vertex 39.9526 68.9 1.8
      vertex 39.9526 68.9 0
    endloop
  endfacet
  facet normal -0.793348 0.608768 0
    outer loop
      vertex 39.9526 68.9 1.8
      vertex 39.7778 68.6722 0
      vertex 39.7778 68.6722 1.8
    endloop
  endfacet
  facet normal 0.923868 0.382711 0
    outer loop
      vertex 38.0474 68.9 1.8
      vertex 37.9375 69.1653 0
      vertex 37.9375 69.1653 1.8
    endloop
  endfacet
  facet normal 0.923868 0.382711 0
    outer loop
      vertex 37.9375 69.1653 0
      vertex 38.0474 68.9 1.8
      vertex 38.0474 68.9 0
    endloop
  endfacet
  facet normal -0.923868 0.382711 0
    outer loop
      vertex 39.9526 68.9 0
      vertex 40.0625 69.1653 1.8
      vertex 40.0625 69.1653 0
    endloop
  endfacet
  facet normal -0.923868 0.382711 0
    outer loop
      vertex 40.0625 69.1653 1.8
      vertex 39.9526 68.9 0
      vertex 39.9526 68.9 1.8
    endloop
  endfacet
  facet normal 0.608768 -0.793348 0
    outer loop
      vertex 38.2222 70.2278 0
      vertex 38.45 70.4026 1.8
      vertex 38.2222 70.2278 1.8
    endloop
  endfacet
  facet normal 0.608768 -0.793348 0
    outer loop
      vertex 38.45 70.4026 1.8
      vertex 38.2222 70.2278 0
      vertex 38.45 70.4026 0
    endloop
  endfacet
  facet normal -0.991437 0.13059 0
    outer loop
      vertex 40.0625 69.1653 0
      vertex 40.1 69.45 1.8
      vertex 40.1 69.45 0
    endloop
  endfacet
  facet normal -0.991437 0.13059 0
    outer loop
      vertex 40.1 69.45 1.8
      vertex 40.0625 69.1653 0
      vertex 40.0625 69.1653 1.8
    endloop
  endfacet
  facet normal 0.382711 -0.923868 0
    outer loop
      vertex 38.45 70.4026 0
      vertex 38.7153 70.5125 1.8
      vertex 38.45 70.4026 1.8
    endloop
  endfacet
  facet normal 0.382711 -0.923868 0
    outer loop
      vertex 38.7153 70.5125 1.8
      vertex 38.45 70.4026 0
      vertex 38.7153 70.5125 0
    endloop
  endfacet
  facet normal -0.382711 -0.923868 0
    outer loop
      vertex 39.2847 70.5125 0
      vertex 39.55 70.4026 1.8
      vertex 39.2847 70.5125 1.8
    endloop
  endfacet
  facet normal -0.382711 -0.923868 -0
    outer loop
      vertex 39.55 70.4026 1.8
      vertex 39.2847 70.5125 0
      vertex 39.55 70.4026 0
    endloop
  endfacet
  facet normal 0.608768 0.793348 -0
    outer loop
      vertex 38.45 68.4974 0
      vertex 38.2222 68.6722 1.8
      vertex 38.45 68.4974 1.8
    endloop
  endfacet
  facet normal 0.608768 0.793348 0
    outer loop
      vertex 38.2222 68.6722 1.8
      vertex 38.45 68.4974 0
      vertex 38.2222 68.6722 0
    endloop
  endfacet
  facet normal -0.382711 0.923868 0
    outer loop
      vertex 39.55 68.4974 0
      vertex 39.2847 68.3875 1.8
      vertex 39.55 68.4974 1.8
    endloop
  endfacet
  facet normal -0.382711 0.923868 0
    outer loop
      vertex 39.2847 68.3875 1.8
      vertex 39.55 68.4974 0
      vertex 39.2847 68.3875 0
    endloop
  endfacet
  facet normal -0.608768 0.793348 0
    outer loop
      vertex 39.7778 68.6722 0
      vertex 39.55 68.4974 1.8
      vertex 39.7778 68.6722 1.8
    endloop
  endfacet
  facet normal -0.608768 0.793348 0
    outer loop
      vertex 39.55 68.4974 1.8
      vertex 39.7778 68.6722 0
      vertex 39.55 68.4974 0
    endloop
  endfacet
  facet normal -0.13059 -0.991437 0
    outer loop
      vertex 39 70.55 0
      vertex 39.2847 70.5125 1.8
      vertex 39 70.55 1.8
    endloop
  endfacet
  facet normal -0.13059 -0.991437 -0
    outer loop
      vertex 39.2847 70.5125 1.8
      vertex 39 70.55 0
      vertex 39.2847 70.5125 0
    endloop
  endfacet
  facet normal 0.991437 -0.13059 0
    outer loop
      vertex 37.9 69.45 1.8
      vertex 37.9375 69.7347 0
      vertex 37.9375 69.7347 1.8
    endloop
  endfacet
  facet normal 0.991437 -0.13059 0
    outer loop
      vertex 37.9375 69.7347 0
      vertex 37.9 69.45 1.8
      vertex 37.9 69.45 0
    endloop
  endfacet
  facet normal 0.13059 -0.991437 0
    outer loop
      vertex 38.7153 70.5125 0
      vertex 39 70.55 1.8
      vertex 38.7153 70.5125 1.8
    endloop
  endfacet
  facet normal 0.13059 -0.991437 0
    outer loop
      vertex 39 70.55 1.8
      vertex 38.7153 70.5125 0
      vertex 39 70.55 0
    endloop
  endfacet
  facet normal 0.793348 0.608768 0
    outer loop
      vertex 38.2222 68.6722 1.8
      vertex 38.0474 68.9 0
      vertex 38.0474 68.9 1.8
    endloop
  endfacet
  facet normal 0.793348 0.608768 0
    outer loop
      vertex 38.0474 68.9 0
      vertex 38.2222 68.6722 1.8
      vertex 38.2222 68.6722 0
    endloop
  endfacet
  facet normal 0.382711 0.923868 -0
    outer loop
      vertex 38.7153 68.3875 0
      vertex 38.45 68.4974 1.8
      vertex 38.7153 68.3875 1.8
    endloop
  endfacet
  facet normal 0.382711 0.923868 0
    outer loop
      vertex 38.45 68.4974 1.8
      vertex 38.7153 68.3875 0
      vertex 38.45 68.4974 0
    endloop
  endfacet
  facet normal 0.991437 0.13059 0
    outer loop
      vertex 37.9375 69.1653 1.8
      vertex 37.9 69.45 0
      vertex 37.9 69.45 1.8
    endloop
  endfacet
  facet normal 0.991437 0.13059 0
    outer loop
      vertex 37.9 69.45 0
      vertex 37.9375 69.1653 1.8
      vertex 37.9375 69.1653 0
    endloop
  endfacet
  facet normal -0.13059 0.991437 0
    outer loop
      vertex 39.2847 68.3875 0
      vertex 39 68.35 1.8
      vertex 39.2847 68.3875 1.8
    endloop
  endfacet
  facet normal -0.13059 0.991437 0
    outer loop
      vertex 39 68.35 1.8
      vertex 39.2847 68.3875 0
      vertex 39 68.35 0
    endloop
  endfacet
  facet normal 0.195032 0.980797 -0
    outer loop
      vertex 18 68.45 0
      vertex 17.6173 68.5261 3.2
      vertex 18 68.45 3.2
    endloop
  endfacet
  facet normal 0.195032 0.980797 0
    outer loop
      vertex 17.6173 68.5261 3.2
      vertex 18 68.45 0
      vertex 17.6173 68.5261 0
    endloop
  endfacet
  facet normal -0.831419 0.555646 0
    outer loop
      vertex 18.7071 68.7429 0
      vertex 18.9239 69.0673 3.2
      vertex 18.9239 69.0673 0
    endloop
  endfacet
  facet normal -0.831419 0.555646 0
    outer loop
      vertex 18.9239 69.0673 3.2
      vertex 18.7071 68.7429 0
      vertex 18.7071 68.7429 3.2
    endloop
  endfacet
  facet normal -0.831419 -0.555646 0
    outer loop
      vertex 18.9239 69.8327 0
      vertex 18.7071 70.1571 3.2
      vertex 18.7071 70.1571 0
    endloop
  endfacet
  facet normal -0.831419 -0.555646 0
    outer loop
      vertex 18.7071 70.1571 3.2
      vertex 18.9239 69.8327 0
      vertex 18.9239 69.8327 3.2
    endloop
  endfacet
  facet normal -0.980797 -0.195032 0
    outer loop
      vertex 19 69.45 0
      vertex 18.9239 69.8327 3.2
      vertex 18.9239 69.8327 0
    endloop
  endfacet
  facet normal -0.980797 -0.195032 0
    outer loop
      vertex 18.9239 69.8327 3.2
      vertex 19 69.45 0
      vertex 19 69.45 3.2
    endloop
  endfacet
  facet normal -0.555646 -0.831419 0
    outer loop
      vertex 18.3827 70.3739 0
      vertex 18.7071 70.1571 3.2
      vertex 18.3827 70.3739 3.2
    endloop
  endfacet
  facet normal -0.555646 -0.831419 -0
    outer loop
      vertex 18.7071 70.1571 3.2
      vertex 18.3827 70.3739 0
      vertex 18.7071 70.1571 0
    endloop
  endfacet
  facet normal -0.195032 -0.980797 0
    outer loop
      vertex 18 70.45 0
      vertex 18.3827 70.3739 3.2
      vertex 18 70.45 3.2
    endloop
  endfacet
  facet normal -0.195032 -0.980797 -0
    outer loop
      vertex 18.3827 70.3739 3.2
      vertex 18 70.45 0
      vertex 18.3827 70.3739 0
    endloop
  endfacet
  facet normal 0.980797 0.195032 0
    outer loop
      vertex 17.0761 69.0673 3.2
      vertex 17 69.45 0
      vertex 17 69.45 3.2
    endloop
  endfacet
  facet normal 0.980797 0.195032 0
    outer loop
      vertex 17 69.45 0
      vertex 17.0761 69.0673 3.2
      vertex 17.0761 69.0673 0
    endloop
  endfacet
  facet normal -0.555646 0.831419 0
    outer loop
      vertex 18.7071 68.7429 0
      vertex 18.3827 68.5261 3.2
      vertex 18.7071 68.7429 3.2
    endloop
  endfacet
  facet normal -0.555646 0.831419 0
    outer loop
      vertex 18.3827 68.5261 3.2
      vertex 18.7071 68.7429 0
      vertex 18.3827 68.5261 0
    endloop
  endfacet
  facet normal 0.831419 -0.555646 0
    outer loop
      vertex 17.0761 69.8327 3.2
      vertex 17.2929 70.1571 0
      vertex 17.2929 70.1571 3.2
    endloop
  endfacet
  facet normal 0.831419 -0.555646 0
    outer loop
      vertex 17.2929 70.1571 0
      vertex 17.0761 69.8327 3.2
      vertex 17.0761 69.8327 0
    endloop
  endfacet
  facet normal 0.195032 -0.980797 0
    outer loop
      vertex 17.6173 70.3739 0
      vertex 18 70.45 3.2
      vertex 17.6173 70.3739 3.2
    endloop
  endfacet
  facet normal 0.195032 -0.980797 0
    outer loop
      vertex 18 70.45 3.2
      vertex 17.6173 70.3739 0
      vertex 18 70.45 0
    endloop
  endfacet
  facet normal 0.555646 -0.831419 0
    outer loop
      vertex 17.2929 70.1571 0
      vertex 17.6173 70.3739 3.2
      vertex 17.2929 70.1571 3.2
    endloop
  endfacet
  facet normal 0.555646 -0.831419 0
    outer loop
      vertex 17.6173 70.3739 3.2
      vertex 17.2929 70.1571 0
      vertex 17.6173 70.3739 0
    endloop
  endfacet
  facet normal -0.980797 0.195032 0
    outer loop
      vertex 18.9239 69.0673 0
      vertex 19 69.45 3.2
      vertex 19 69.45 0
    endloop
  endfacet
  facet normal -0.980797 0.195032 0
    outer loop
      vertex 19 69.45 3.2
      vertex 18.9239 69.0673 0
      vertex 18.9239 69.0673 3.2
    endloop
  endfacet
  facet normal 0.980797 -0.195032 0
    outer loop
      vertex 17 69.45 3.2
      vertex 17.0761 69.8327 0
      vertex 17.0761 69.8327 3.2
    endloop
  endfacet
  facet normal 0.980797 -0.195032 0
    outer loop
      vertex 17.0761 69.8327 0
      vertex 17 69.45 3.2
      vertex 17 69.45 0
    endloop
  endfacet
  facet normal 0.831419 0.555646 0
    outer loop
      vertex 17.2929 68.7429 3.2
      vertex 17.0761 69.0673 0
      vertex 17.0761 69.0673 3.2
    endloop
  endfacet
  facet normal 0.831419 0.555646 0
    outer loop
      vertex 17.0761 69.0673 0
      vertex 17.2929 68.7429 3.2
      vertex 17.2929 68.7429 0
    endloop
  endfacet
  facet normal -0.195032 0.980797 0
    outer loop
      vertex 18.3827 68.5261 0
      vertex 18 68.45 3.2
      vertex 18.3827 68.5261 3.2
    endloop
  endfacet
  facet normal -0.195032 0.980797 0
    outer loop
      vertex 18 68.45 3.2
      vertex 18.3827 68.5261 0
      vertex 18 68.45 0
    endloop
  endfacet
  facet normal 0.555646 0.831419 -0
    outer loop
      vertex 17.6173 68.5261 0
      vertex 17.2929 68.7429 3.2
      vertex 17.6173 68.5261 3.2
    endloop
  endfacet
  facet normal 0.555646 0.831419 0
    outer loop
      vertex 17.2929 68.7429 3.2
      vertex 17.6173 68.5261 0
      vertex 17.2929 68.7429 0
    endloop
  endfacet
  facet normal 0.0653621 -0.997862 0
    outer loop
      vertex 16.2412 73.014 0
      vertex 16.6305 73.0395 3.2
      vertex 16.2412 73.014 3.2
    endloop
  endfacet
  facet normal 0.0653621 -0.997862 0
    outer loop
      vertex 16.6305 73.0395 3.2
      vertex 16.2412 73.014 0
      vertex 16.6305 73.0395 0
    endloop
  endfacet
  facet normal -0.321374 -0.946952 0
    outer loop
      vertex 16.6305 73.0395 0
      vertex 17 72.9141 3.2
      vertex 16.6305 73.0395 3.2
    endloop
  endfacet
  facet normal -0.321374 -0.946952 -0
    outer loop
      vertex 17 72.9141 3.2
      vertex 16.6305 73.0395 0
      vertex 17 72.9141 0
    endloop
  endfacet
  facet normal 0.442287 -0.896874 0
    outer loop
      vertex 15.8912 72.8414 0
      vertex 16.2412 73.014 3.2
      vertex 15.8912 72.8414 3.2
    endloop
  endfacet
  facet normal 0.442287 -0.896874 0
    outer loop
      vertex 16.2412 73.014 3.2
      vertex 15.8912 72.8414 0
      vertex 16.2412 73.014 0
    endloop
  endfacet
  facet normal 0.751862 -0.659321 0
    outer loop
      vertex 15.634 72.5481 3.2
      vertex 15.8912 72.8414 0
      vertex 15.8912 72.8414 3.2
    endloop
  endfacet
  facet normal 0.751862 -0.659321 0
    outer loop
      vertex 15.8912 72.8414 0
      vertex 15.634 72.5481 3.2
      vertex 15.634 72.5481 0
    endloop
  endfacet
  facet normal -0.659339 -0.751846 0
    outer loop
      vertex 17 72.9141 0
      vertex 17.2934 72.6568 3.2
      vertex 17 72.9141 3.2
    endloop
  endfacet
  facet normal -0.659339 -0.751846 -0
    outer loop
      vertex 17.2934 72.6568 3.2
      vertex 17 72.9141 0
      vertex 17.2934 72.6568 0
    endloop
  endfacet
  facet normal 0.997862 0.0653621 0
    outer loop
      vertex 15.5341 71.7893 3.2
      vertex 15.5086 72.1786 0
      vertex 15.5086 72.1786 3.2
    endloop
  endfacet
  facet normal 0.997862 0.0653621 0
    outer loop
      vertex 15.5086 72.1786 0
      vertex 15.5341 71.7893 3.2
      vertex 15.5341 71.7893 0
    endloop
  endfacet
  facet normal 0.659194 0.751973 -0
    outer loop
      vertex 16 71.1821 0
      vertex 15.7066 71.4393 3.2
      vertex 16 71.1821 3.2
    endloop
  endfacet
  facet normal 0.659194 0.751973 0
    outer loop
      vertex 15.7066 71.4393 3.2
      vertex 16 71.1821 0
      vertex 15.7066 71.4393 0
    endloop
  endfacet
  facet normal 0.896975 0.442081 0
    outer loop
      vertex 15.7066 71.4393 3.2
      vertex 15.5341 71.7893 0
      vertex 15.5341 71.7893 3.2
    endloop
  endfacet
  facet normal 0.896975 0.442081 0
    outer loop
      vertex 15.5341 71.7893 0
      vertex 15.7066 71.4393 3.2
      vertex 15.7066 71.4393 0
    endloop
  endfacet
  facet normal -0.896925 -0.442182 0
    outer loop
      vertex 17.4659 72.3069 0
      vertex 17.2934 72.6568 3.2
      vertex 17.2934 72.6568 0
    endloop
  endfacet
  facet normal -0.896925 -0.442182 0
    outer loop
      vertex 17.2934 72.6568 3.2
      vertex 17.4659 72.3069 0
      vertex 17.4659 72.3069 3.2
    endloop
  endfacet
  facet normal -0.946926 0.321452 0
    outer loop
      vertex 17.366 71.5481 0
      vertex 17.4914 71.9175 3.2
      vertex 17.4914 71.9175 0
    endloop
  endfacet
  facet normal -0.946926 0.321452 0
    outer loop
      vertex 17.4914 71.9175 3.2
      vertex 17.366 71.5481 0
      vertex 17.366 71.5481 3.2
    endloop
  endfacet
  facet normal 0.946952 -0.321374 0
    outer loop
      vertex 15.5086 72.1786 3.2
      vertex 15.634 72.5481 0
      vertex 15.634 72.5481 3.2
    endloop
  endfacet
  facet normal 0.946952 -0.321374 0
    outer loop
      vertex 15.634 72.5481 0
      vertex 15.5086 72.1786 3.2
      vertex 15.5086 72.1786 0
    endloop
  endfacet
  facet normal -0.751973 0.659194 0
    outer loop
      vertex 17.1088 71.2547 0
      vertex 17.366 71.5481 3.2
      vertex 17.366 71.5481 0
    endloop
  endfacet
  facet normal -0.751973 0.659194 0
    outer loop
      vertex 17.366 71.5481 3.2
      vertex 17.1088 71.2547 0
      vertex 17.1088 71.2547 3.2
    endloop
  endfacet
  facet normal -0.442081 0.896975 0
    outer loop
      vertex 17.1088 71.2547 0
      vertex 16.7588 71.0822 3.2
      vertex 17.1088 71.2547 3.2
    endloop
  endfacet
  facet normal -0.442081 0.896975 0
    outer loop
      vertex 16.7588 71.0822 3.2
      vertex 17.1088 71.2547 0
      vertex 16.7588 71.0822 0
    endloop
  endfacet
  facet normal -0.997863 -0.0653454 0
    outer loop
      vertex 17.4914 71.9175 0
      vertex 17.4659 72.3069 3.2
      vertex 17.4659 72.3069 0
    endloop
  endfacet
  facet normal -0.997863 -0.0653454 0
    outer loop
      vertex 17.4659 72.3069 3.2
      vertex 17.4914 71.9175 0
      vertex 17.4914 71.9175 3.2
    endloop
  endfacet
  facet normal 0.321604 0.946874 -0
    outer loop
      vertex 16.3695 71.0566 0
      vertex 16 71.1821 3.2
      vertex 16.3695 71.0566 3.2
    endloop
  endfacet
  facet normal 0.321604 0.946874 0
    outer loop
      vertex 16 71.1821 3.2
      vertex 16.3695 71.0566 0
      vertex 16 71.1821 0
    endloop
  endfacet
  facet normal -0.0656173 0.997845 0
    outer loop
      vertex 16.7588 71.0822 0
      vertex 16.3695 71.0566 3.2
      vertex 16.7588 71.0822 3.2
    endloop
  endfacet
  facet normal -0.0656173 0.997845 0
    outer loop
      vertex 16.3695 71.0566 3.2
      vertex 16.7588 71.0822 0
      vertex 16.3695 71.0566 0
    endloop
  endfacet
  facet normal 0.896925 -0.442182 0
    outer loop
      vertex 12.5341 72.3069 3.2
      vertex 12.7066 72.6568 0
      vertex 12.7066 72.6568 3.2
    endloop
  endfacet
  facet normal 0.896925 -0.442182 0
    outer loop
      vertex 12.7066 72.6568 0
      vertex 12.5341 72.3069 3.2
      vertex 12.5341 72.3069 0
    endloop
  endfacet
  facet normal 0.659339 -0.751846 0
    outer loop
      vertex 12.7066 72.6568 0
      vertex 13 72.9141 3.2
      vertex 12.7066 72.6568 3.2
    endloop
  endfacet
  facet normal 0.659339 -0.751846 0
    outer loop
      vertex 13 72.9141 3.2
      vertex 12.7066 72.6568 0
      vertex 13 72.9141 0
    endloop
  endfacet
  facet normal 0.997863 -0.0653454 0
    outer loop
      vertex 12.5086 71.9175 3.2
      vertex 12.5341 72.3069 0
      vertex 12.5341 72.3069 3.2
    endloop
  endfacet
  facet normal 0.997863 -0.0653454 0
    outer loop
      vertex 12.5341 72.3069 0
      vertex 12.5086 71.9175 3.2
      vertex 12.5086 71.9175 0
    endloop
  endfacet
  facet normal -0.442287 -0.896874 0
    outer loop
      vertex 13.7588 73.014 0
      vertex 14.1088 72.8414 3.2
      vertex 13.7588 73.014 3.2
    endloop
  endfacet
  facet normal -0.442287 -0.896874 -0
    outer loop
      vertex 14.1088 72.8414 3.2
      vertex 13.7588 73.014 0
      vertex 14.1088 72.8414 0
    endloop
  endfacet
  facet normal 0.0656173 0.997845 -0
    outer loop
      vertex 13.6305 71.0566 0
      vertex 13.2412 71.0822 3.2
      vertex 13.6305 71.0566 3.2
    endloop
  endfacet
  facet normal 0.0656173 0.997845 0
    outer loop
      vertex 13.2412 71.0822 3.2
      vertex 13.6305 71.0566 0
      vertex 13.2412 71.0822 0
    endloop
  endfacet
  facet normal 0.321374 -0.946952 0
    outer loop
      vertex 13 72.9141 0
      vertex 13.3695 73.0395 3.2
      vertex 13 72.9141 3.2
    endloop
  endfacet
  facet normal 0.321374 -0.946952 0
    outer loop
      vertex 13.3695 73.0395 3.2
      vertex 13 72.9141 0
      vertex 13.3695 73.0395 0
    endloop
  endfacet
  facet normal 0.442081 0.896975 -0
    outer loop
      vertex 13.2412 71.0822 0
      vertex 12.8912 71.2547 3.2
      vertex 13.2412 71.0822 3.2
    endloop
  endfacet
  facet normal 0.442081 0.896975 0
    outer loop
      vertex 12.8912 71.2547 3.2
      vertex 13.2412 71.0822 0
      vertex 12.8912 71.2547 0
    endloop
  endfacet
  facet normal -0.321604 0.946874 0
    outer loop
      vertex 14 71.1821 0
      vertex 13.6305 71.0566 3.2
      vertex 14 71.1821 3.2
    endloop
  endfacet
  facet normal -0.321604 0.946874 0
    outer loop
      vertex 13.6305 71.0566 3.2
      vertex 14 71.1821 0
      vertex 13.6305 71.0566 0
    endloop
  endfacet
  facet normal -0.0653621 -0.997862 0
    outer loop
      vertex 13.3695 73.0395 0
      vertex 13.7588 73.014 3.2
      vertex 13.3695 73.0395 3.2
    endloop
  endfacet
  facet normal -0.0653621 -0.997862 -0
    outer loop
      vertex 13.7588 73.014 3.2
      vertex 13.3695 73.0395 0
      vertex 13.7588 73.014 0
    endloop
  endfacet
  facet normal -0.896975 0.442081 0
    outer loop
      vertex 14.2934 71.4393 0
      vertex 14.4659 71.7893 3.2
      vertex 14.4659 71.7893 0
    endloop
  endfacet
  facet normal -0.896975 0.442081 0
    outer loop
      vertex 14.4659 71.7893 3.2
      vertex 14.2934 71.4393 0
      vertex 14.2934 71.4393 3.2
    endloop
  endfacet
  facet normal -0.659194 0.751973 0
    outer loop
      vertex 14.2934 71.4393 0
      vertex 14 71.1821 3.2
      vertex 14.2934 71.4393 3.2
    endloop
  endfacet
  facet normal -0.659194 0.751973 0
    outer loop
      vertex 14 71.1821 3.2
      vertex 14.2934 71.4393 0
      vertex 14 71.1821 0
    endloop
  endfacet
  facet normal 0.751973 0.659194 0
    outer loop
      vertex 12.8912 71.2547 3.2
      vertex 12.634 71.5481 0
      vertex 12.634 71.5481 3.2
    endloop
  endfacet
  facet normal 0.751973 0.659194 0
    outer loop
      vertex 12.634 71.5481 0
      vertex 12.8912 71.2547 3.2
      vertex 12.8912 71.2547 0
    endloop
  endfacet
  facet normal 0.946926 0.321452 0
    outer loop
      vertex 12.634 71.5481 3.2
      vertex 12.5086 71.9175 0
      vertex 12.5086 71.9175 3.2
    endloop
  endfacet
  facet normal 0.946926 0.321452 0
    outer loop
      vertex 12.5086 71.9175 0
      vertex 12.634 71.5481 3.2
      vertex 12.634 71.5481 0
    endloop
  endfacet
  facet normal -0.751862 -0.659321 0
    outer loop
      vertex 14.366 72.5481 0
      vertex 14.1088 72.8414 3.2
      vertex 14.1088 72.8414 0
    endloop
  endfacet
  facet normal -0.751862 -0.659321 0
    outer loop
      vertex 14.1088 72.8414 3.2
      vertex 14.366 72.5481 0
      vertex 14.366 72.5481 3.2
    endloop
  endfacet
  facet normal -0.946952 -0.321374 0
    outer loop
      vertex 14.4914 72.1786 0
      vertex 14.366 72.5481 3.2
      vertex 14.366 72.5481 0
    endloop
  endfacet
  facet normal -0.946952 -0.321374 0
    outer loop
      vertex 14.366 72.5481 3.2
      vertex 14.4914 72.1786 0
      vertex 14.4914 72.1786 3.2
    endloop
  endfacet
  facet normal -0.997862 0.0653621 0
    outer loop
      vertex 14.4659 71.7893 0
      vertex 14.4914 72.1786 3.2
      vertex 14.4914 72.1786 0
    endloop
  endfacet
  facet normal -0.997862 0.0653621 0
    outer loop
      vertex 14.4914 72.1786 3.2
      vertex 14.4659 71.7893 0
      vertex 14.4659 71.7893 3.2
    endloop
  endfacet
  facet normal -0.195032 -0.980797 0
    outer loop
      vertex 12 70.45 0
      vertex 12.3827 70.3739 3.2
      vertex 12 70.45 3.2
    endloop
  endfacet
  facet normal -0.195032 -0.980797 -0
    outer loop
      vertex 12.3827 70.3739 3.2
      vertex 12 70.45 0
      vertex 12.3827 70.3739 0
    endloop
  endfacet
  facet normal 0.555646 0.831419 -0
    outer loop
      vertex 11.6173 68.5261 0
      vertex 11.2929 68.7429 3.2
      vertex 11.6173 68.5261 3.2
    endloop
  endfacet
  facet normal 0.555646 0.831419 0
    outer loop
      vertex 11.2929 68.7429 3.2
      vertex 11.6173 68.5261 0
      vertex 11.2929 68.7429 0
    endloop
  endfacet
  facet normal -0.980797 -0.195032 0
    outer loop
      vertex 13 69.45 0
      vertex 12.9239 69.8327 3.2
      vertex 12.9239 69.8327 0
    endloop
  endfacet
  facet normal -0.980797 -0.195032 0
    outer loop
      vertex 12.9239 69.8327 3.2
      vertex 13 69.45 0
      vertex 13 69.45 3.2
    endloop
  endfacet
  facet normal 0.555646 -0.831419 0
    outer loop
      vertex 11.2929 70.1571 0
      vertex 11.6173 70.3739 3.2
      vertex 11.2929 70.1571 3.2
    endloop
  endfacet
  facet normal 0.555646 -0.831419 0
    outer loop
      vertex 11.6173 70.3739 3.2
      vertex 11.2929 70.1571 0
      vertex 11.6173 70.3739 0
    endloop
  endfacet
  facet normal 0.980797 0.195032 0
    outer loop
      vertex 11.0761 69.0673 3.2
      vertex 11 69.45 0
      vertex 11 69.45 3.2
    endloop
  endfacet
  facet normal 0.980797 0.195032 0
    outer loop
      vertex 11 69.45 0
      vertex 11.0761 69.0673 3.2
      vertex 11.0761 69.0673 0
    endloop
  endfacet
  facet normal 0.195032 -0.980797 0
    outer loop
      vertex 11.6173 70.3739 0
      vertex 12 70.45 3.2
      vertex 11.6173 70.3739 3.2
    endloop
  endfacet
  facet normal 0.195032 -0.980797 0
    outer loop
      vertex 12 70.45 3.2
      vertex 11.6173 70.3739 0
      vertex 12 70.45 0
    endloop
  endfacet
  facet normal -0.831419 0.555646 0
    outer loop
      vertex 12.7071 68.7429 0
      vertex 12.9239 69.0673 3.2
      vertex 12.9239 69.0673 0
    endloop
  endfacet
  facet normal -0.831419 0.555646 0
    outer loop
      vertex 12.9239 69.0673 3.2
      vertex 12.7071 68.7429 0
      vertex 12.7071 68.7429 3.2
    endloop
  endfacet
  facet normal -0.555646 0.831419 0
    outer loop
      vertex 12.7071 68.7429 0
      vertex 12.3827 68.5261 3.2
      vertex 12.7071 68.7429 3.2
    endloop
  endfacet
  facet normal -0.555646 0.831419 0
    outer loop
      vertex 12.3827 68.5261 3.2
      vertex 12.7071 68.7429 0
      vertex 12.3827 68.5261 0
    endloop
  endfacet
  facet normal 0.980797 -0.195032 0
    outer loop
      vertex 11 69.45 3.2
      vertex 11.0761 69.8327 0
      vertex 11.0761 69.8327 3.2
    endloop
  endfacet
  facet normal 0.980797 -0.195032 0
    outer loop
      vertex 11.0761 69.8327 0
      vertex 11 69.45 3.2
      vertex 11 69.45 0
    endloop
  endfacet
  facet normal 0.831419 0.555646 0
    outer loop
      vertex 11.2929 68.7429 3.2
      vertex 11.0761 69.0673 0
      vertex 11.0761 69.0673 3.2
    endloop
  endfacet
  facet normal 0.831419 0.555646 0
    outer loop
      vertex 11.0761 69.0673 0
      vertex 11.2929 68.7429 3.2
      vertex 11.2929 68.7429 0
    endloop
  endfacet
  facet normal 0.831419 -0.555646 0
    outer loop
      vertex 11.0761 69.8327 3.2
      vertex 11.2929 70.1571 0
      vertex 11.2929 70.1571 3.2
    endloop
  endfacet
  facet normal 0.831419 -0.555646 0
    outer loop
      vertex 11.2929 70.1571 0
      vertex 11.0761 69.8327 3.2
      vertex 11.0761 69.8327 0
    endloop
  endfacet
  facet normal -0.980797 0.195032 0
    outer loop
      vertex 12.9239 69.0673 0
      vertex 13 69.45 3.2
      vertex 13 69.45 0
    endloop
  endfacet
  facet normal -0.980797 0.195032 0
    outer loop
      vertex 13 69.45 3.2
      vertex 12.9239 69.0673 0
      vertex 12.9239 69.0673 3.2
    endloop
  endfacet
  facet normal -0.831419 -0.555646 0
    outer loop
      vertex 12.9239 69.8327 0
      vertex 12.7071 70.1571 3.2
      vertex 12.7071 70.1571 0
    endloop
  endfacet
  facet normal -0.831419 -0.555646 0
    outer loop
      vertex 12.7071 70.1571 3.2
      vertex 12.9239 69.8327 0
      vertex 12.9239 69.8327 3.2
    endloop
  endfacet
  facet normal -0.195032 0.980797 0
    outer loop
      vertex 12.3827 68.5261 0
      vertex 12 68.45 3.2
      vertex 12.3827 68.5261 3.2
    endloop
  endfacet
  facet normal -0.195032 0.980797 0
    outer loop
      vertex 12 68.45 3.2
      vertex 12.3827 68.5261 0
      vertex 12 68.45 0
    endloop
  endfacet
  facet normal 0.195032 0.980797 -0
    outer loop
      vertex 12 68.45 0
      vertex 11.6173 68.5261 3.2
      vertex 12 68.45 3.2
    endloop
  endfacet
  facet normal 0.195032 0.980797 0
    outer loop
      vertex 11.6173 68.5261 3.2
      vertex 12 68.45 0
      vertex 11.6173 68.5261 0
    endloop
  endfacet
  facet normal -0.555646 -0.831419 0
    outer loop
      vertex 12.3827 70.3739 0
      vertex 12.7071 70.1571 3.2
      vertex 12.3827 70.3739 3.2
    endloop
  endfacet
  facet normal -0.555646 -0.831419 -0
    outer loop
      vertex 12.7071 70.1571 3.2
      vertex 12.3827 70.3739 0
      vertex 12.7071 70.1571 0
    endloop
  endfacet
  facet normal -0.946952 0.321374 0
    outer loop
      vertex 14.366 66.3519 0
      vertex 14.4914 66.7214 3.2
      vertex 14.4914 66.7214 0
    endloop
  endfacet
  facet normal -0.946952 0.321374 0
    outer loop
      vertex 14.4914 66.7214 3.2
      vertex 14.366 66.3519 0
      vertex 14.366 66.3519 3.2
    endloop
  endfacet
  facet normal -0.442287 0.896874 0
    outer loop
      vertex 14.1088 66.0586 0
      vertex 13.7588 65.886 3.2
      vertex 14.1088 66.0586 3.2
    endloop
  endfacet
  facet normal -0.442287 0.896874 0
    outer loop
      vertex 13.7588 65.886 3.2
      vertex 14.1088 66.0586 0
      vertex 13.7588 65.886 0
    endloop
  endfacet
  facet normal -0.751862 0.659321 0
    outer loop
      vertex 14.1088 66.0586 0
      vertex 14.366 66.3519 3.2
      vertex 14.366 66.3519 0
    endloop
  endfacet
  facet normal -0.751862 0.659321 0
    outer loop
      vertex 14.366 66.3519 3.2
      vertex 14.1088 66.0586 0
      vertex 14.1088 66.0586 3.2
    endloop
  endfacet
  facet normal -0.659194 -0.751973 0
    outer loop
      vertex 14 67.7179 0
      vertex 14.2934 67.4607 3.2
      vertex 14 67.7179 3.2
    endloop
  endfacet
  facet normal -0.659194 -0.751973 -0
    outer loop
      vertex 14.2934 67.4607 3.2
      vertex 14 67.7179 0
      vertex 14.2934 67.4607 0
    endloop
  endfacet
  facet normal 0.659339 0.751846 -0
    outer loop
      vertex 13 65.9859 0
      vertex 12.7066 66.2432 3.2
      vertex 13 65.9859 3.2
    endloop
  endfacet
  facet normal 0.659339 0.751846 0
    outer loop
      vertex 12.7066 66.2432 3.2
      vertex 13 65.9859 0
      vertex 12.7066 66.2432 0
    endloop
  endfacet
  facet normal 0.321374 0.946952 -0
    outer loop
      vertex 13.3695 65.8605 0
      vertex 13 65.9859 3.2
      vertex 13.3695 65.8605 3.2
    endloop
  endfacet
  facet normal 0.321374 0.946952 0
    outer loop
      vertex 13 65.9859 3.2
      vertex 13.3695 65.8605 0
      vertex 13 65.9859 0
    endloop
  endfacet
  facet normal -0.997862 -0.0653621 0
    outer loop
      vertex 14.4914 66.7214 0
      vertex 14.4659 67.1107 3.2
      vertex 14.4659 67.1107 0
    endloop
  endfacet
  facet normal -0.997862 -0.0653621 0
    outer loop
      vertex 14.4659 67.1107 3.2
      vertex 14.4914 66.7214 0
      vertex 14.4914 66.7214 3.2
    endloop
  endfacet
  facet normal 0.896925 0.442182 0
    outer loop
      vertex 12.7066 66.2432 3.2
      vertex 12.5341 66.5931 0
      vertex 12.5341 66.5931 3.2
    endloop
  endfacet
  facet normal 0.896925 0.442182 0
    outer loop
      vertex 12.5341 66.5931 0
      vertex 12.7066 66.2432 3.2
      vertex 12.7066 66.2432 0
    endloop
  endfacet
  facet normal 0.946926 -0.321452 0
    outer loop
      vertex 12.5086 66.9825 3.2
      vertex 12.634 67.3519 0
      vertex 12.634 67.3519 3.2
    endloop
  endfacet
  facet normal 0.946926 -0.321452 0
    outer loop
      vertex 12.634 67.3519 0
      vertex 12.5086 66.9825 3.2
      vertex 12.5086 66.9825 0
    endloop
  endfacet
  facet normal -0.896975 -0.442081 0
    outer loop
      vertex 14.4659 67.1107 0
      vertex 14.2934 67.4607 3.2
      vertex 14.2934 67.4607 0
    endloop
  endfacet
  facet normal -0.896975 -0.442081 0
    outer loop
      vertex 14.2934 67.4607 3.2
      vertex 14.4659 67.1107 0
      vertex 14.4659 67.1107 3.2
    endloop
  endfacet
  facet normal -0.0653621 0.997862 0
    outer loop
      vertex 13.7588 65.886 0
      vertex 13.3695 65.8605 3.2
      vertex 13.7588 65.886 3.2
    endloop
  endfacet
  facet normal -0.0653621 0.997862 0
    outer loop
      vertex 13.3695 65.8605 3.2
      vertex 13.7588 65.886 0
      vertex 13.3695 65.8605 0
    endloop
  endfacet
  facet normal 0.751973 -0.659194 0
    outer loop
      vertex 12.634 67.3519 3.2
      vertex 12.8912 67.6453 0
      vertex 12.8912 67.6453 3.2
    endloop
  endfacet
  facet normal 0.751973 -0.659194 0
    outer loop
      vertex 12.8912 67.6453 0
      vertex 12.634 67.3519 3.2
      vertex 12.634 67.3519 0
    endloop
  endfacet
  facet normal 0.442081 -0.896975 0
    outer loop
      vertex 12.8912 67.6453 0
      vertex 13.2412 67.8178 3.2
      vertex 12.8912 67.6453 3.2
    endloop
  endfacet
  facet normal 0.442081 -0.896975 0
    outer loop
      vertex 13.2412 67.8178 3.2
      vertex 12.8912 67.6453 0
      vertex 13.2412 67.8178 0
    endloop
  endfacet
  facet normal 0.997863 0.0653454 0
    outer loop
      vertex 12.5341 66.5931 3.2
      vertex 12.5086 66.9825 0
      vertex 12.5086 66.9825 3.2
    endloop
  endfacet
  facet normal 0.997863 0.0653454 0
    outer loop
      vertex 12.5086 66.9825 0
      vertex 12.5341 66.5931 3.2
      vertex 12.5341 66.5931 0
    endloop
  endfacet
  facet normal -0.321604 -0.946874 0
    outer loop
      vertex 13.6305 67.8434 0
      vertex 14 67.7179 3.2
      vertex 13.6305 67.8434 3.2
    endloop
  endfacet
  facet normal -0.321604 -0.946874 -0
    outer loop
      vertex 14 67.7179 3.2
      vertex 13.6305 67.8434 0
      vertex 14 67.7179 0
    endloop
  endfacet
  facet normal 0.0656173 -0.997845 0
    outer loop
      vertex 13.2412 67.8178 0
      vertex 13.6305 67.8434 3.2
      vertex 13.2412 67.8178 3.2
    endloop
  endfacet
  facet normal 0.0656173 -0.997845 0
    outer loop
      vertex 13.6305 67.8434 3.2
      vertex 13.2412 67.8178 0
      vertex 13.6305 67.8434 0
    endloop
  endfacet
  facet normal -0.997863 0.0653454 0
    outer loop
      vertex 17.4659 66.5931 0
      vertex 17.4914 66.9825 3.2
      vertex 17.4914 66.9825 0
    endloop
  endfacet
  facet normal -0.997863 0.0653454 0
    outer loop
      vertex 17.4914 66.9825 3.2
      vertex 17.4659 66.5931 0
      vertex 17.4659 66.5931 3.2
    endloop
  endfacet
  facet normal 0.442287 0.896874 -0
    outer loop
      vertex 16.2412 65.886 0
      vertex 15.8912 66.0586 3.2
      vertex 16.2412 65.886 3.2
    endloop
  endfacet
  facet normal 0.442287 0.896874 0
    outer loop
      vertex 15.8912 66.0586 3.2
      vertex 16.2412 65.886 0
      vertex 15.8912 66.0586 0
    endloop
  endfacet
  facet normal -0.0656173 -0.997845 0
    outer loop
      vertex 16.3695 67.8434 0
      vertex 16.7588 67.8178 3.2
      vertex 16.3695 67.8434 3.2
    endloop
  endfacet
  facet normal -0.0656173 -0.997845 -0
    outer loop
      vertex 16.7588 67.8178 3.2
      vertex 16.3695 67.8434 0
      vertex 16.7588 67.8178 0
    endloop
  endfacet
  facet normal -0.659339 0.751846 0
    outer loop
      vertex 17.2934 66.2432 0
      vertex 17 65.9859 3.2
      vertex 17.2934 66.2432 3.2
    endloop
  endfacet
  facet normal -0.659339 0.751846 0
    outer loop
      vertex 17 65.9859 3.2
      vertex 17.2934 66.2432 0
      vertex 17 65.9859 0
    endloop
  endfacet
  facet normal 0.751862 0.659321 0
    outer loop
      vertex 15.8912 66.0586 3.2
      vertex 15.634 66.3519 0
      vertex 15.634 66.3519 3.2
    endloop
  endfacet
  facet normal 0.751862 0.659321 0
    outer loop
      vertex 15.634 66.3519 0
      vertex 15.8912 66.0586 3.2
      vertex 15.8912 66.0586 0
    endloop
  endfacet
  facet normal -0.321374 0.946952 0
    outer loop
      vertex 17 65.9859 0
      vertex 16.6305 65.8605 3.2
      vertex 17 65.9859 3.2
    endloop
  endfacet
  facet normal -0.321374 0.946952 0
    outer loop
      vertex 16.6305 65.8605 3.2
      vertex 17 65.9859 0
      vertex 16.6305 65.8605 0
    endloop
  endfacet
  facet normal -0.751973 -0.659194 0
    outer loop
      vertex 17.366 67.3519 0
      vertex 17.1088 67.6453 3.2
      vertex 17.1088 67.6453 0
    endloop
  endfacet
  facet normal -0.751973 -0.659194 0
    outer loop
      vertex 17.1088 67.6453 3.2
      vertex 17.366 67.3519 0
      vertex 17.366 67.3519 3.2
    endloop
  endfacet
  facet normal 0.946952 0.321374 0
    outer loop
      vertex 15.634 66.3519 3.2
      vertex 15.5086 66.7214 0
      vertex 15.5086 66.7214 3.2
    endloop
  endfacet
  facet normal 0.946952 0.321374 0
    outer loop
      vertex 15.5086 66.7214 0
      vertex 15.634 66.3519 3.2
      vertex 15.634 66.3519 0
    endloop
  endfacet
  facet normal -0.896925 0.442182 0
    outer loop
      vertex 17.2934 66.2432 0
      vertex 17.4659 66.5931 3.2
      vertex 17.4659 66.5931 0
    endloop
  endfacet
  facet normal -0.896925 0.442182 0
    outer loop
      vertex 17.4659 66.5931 3.2
      vertex 17.2934 66.2432 0
      vertex 17.2934 66.2432 3.2
    endloop
  endfacet
  facet normal 0.0653621 0.997862 -0
    outer loop
      vertex 16.6305 65.8605 0
      vertex 16.2412 65.886 3.2
      vertex 16.6305 65.8605 3.2
    endloop
  endfacet
  facet normal 0.0653621 0.997862 0
    outer loop
      vertex 16.2412 65.886 3.2
      vertex 16.6305 65.8605 0
      vertex 16.2412 65.886 0
    endloop
  endfacet
  facet normal 0.896975 -0.442081 0
    outer loop
      vertex 15.5341 67.1107 3.2
      vertex 15.7066 67.4607 0
      vertex 15.7066 67.4607 3.2
    endloop
  endfacet
  facet normal 0.896975 -0.442081 0
    outer loop
      vertex 15.7066 67.4607 0
      vertex 15.5341 67.1107 3.2
      vertex 15.5341 67.1107 0
    endloop
  endfacet
  facet normal 0.659194 -0.751973 0
    outer loop
      vertex 15.7066 67.4607 0
      vertex 16 67.7179 3.2
      vertex 15.7066 67.4607 3.2
    endloop
  endfacet
  facet normal 0.659194 -0.751973 0
    outer loop
      vertex 16 67.7179 3.2
      vertex 15.7066 67.4607 0
      vertex 16 67.7179 0
    endloop
  endfacet
  facet normal -0.946926 -0.321452 0
    outer loop
      vertex 17.4914 66.9825 0
      vertex 17.366 67.3519 3.2
      vertex 17.366 67.3519 0
    endloop
  endfacet
  facet normal -0.946926 -0.321452 0
    outer loop
      vertex 17.366 67.3519 3.2
      vertex 17.4914 66.9825 0
      vertex 17.4914 66.9825 3.2
    endloop
  endfacet
  facet normal 0.321604 -0.946874 0
    outer loop
      vertex 16 67.7179 0
      vertex 16.3695 67.8434 3.2
      vertex 16 67.7179 3.2
    endloop
  endfacet
  facet normal 0.321604 -0.946874 0
    outer loop
      vertex 16.3695 67.8434 3.2
      vertex 16 67.7179 0
      vertex 16.3695 67.8434 0
    endloop
  endfacet
  facet normal -0.442081 -0.896975 0
    outer loop
      vertex 16.7588 67.8178 0
      vertex 17.1088 67.6453 3.2
      vertex 16.7588 67.8178 3.2
    endloop
  endfacet
  facet normal -0.442081 -0.896975 -0
    outer loop
      vertex 17.1088 67.6453 3.2
      vertex 16.7588 67.8178 0
      vertex 17.1088 67.6453 0
    endloop
  endfacet
  facet normal 0.997862 -0.0653621 0
    outer loop
      vertex 15.5086 66.7214 3.2
      vertex 15.5341 67.1107 0
      vertex 15.5341 67.1107 3.2
    endloop
  endfacet
  facet normal 0.997862 -0.0653621 0
    outer loop
      vertex 15.5341 67.1107 0
      vertex 15.5086 66.7214 3.2
      vertex 15.5086 66.7214 0
    endloop
  endfacet
  facet normal 0.195032 0.980797 -0
    outer loop
      vertex 21 68.45 0
      vertex 20.6173 68.5261 3.2
      vertex 21 68.45 3.2
    endloop
  endfacet
  facet normal 0.195032 0.980797 0
    outer loop
      vertex 20.6173 68.5261 3.2
      vertex 21 68.45 0
      vertex 20.6173 68.5261 0
    endloop
  endfacet
  facet normal -0.831419 0.555646 0
    outer loop
      vertex 21.7071 68.7429 0
      vertex 21.9239 69.0673 3.2
      vertex 21.9239 69.0673 0
    endloop
  endfacet
  facet normal -0.831419 0.555646 0
    outer loop
      vertex 21.9239 69.0673 3.2
      vertex 21.7071 68.7429 0
      vertex 21.7071 68.7429 3.2
    endloop
  endfacet
  facet normal -0.831419 -0.555646 0
    outer loop
      vertex 21.9239 69.8327 0
      vertex 21.7071 70.1571 3.2
      vertex 21.7071 70.1571 0
    endloop
  endfacet
  facet normal -0.831419 -0.555646 0
    outer loop
      vertex 21.7071 70.1571 3.2
      vertex 21.9239 69.8327 0
      vertex 21.9239 69.8327 3.2
    endloop
  endfacet
  facet normal -0.980797 -0.195032 0
    outer loop
      vertex 22 69.45 0
      vertex 21.9239 69.8327 3.2
      vertex 21.9239 69.8327 0
    endloop
  endfacet
  facet normal -0.980797 -0.195032 0
    outer loop
      vertex 21.9239 69.8327 3.2
      vertex 22 69.45 0
      vertex 22 69.45 3.2
    endloop
  endfacet
  facet normal -0.555646 -0.831419 0
    outer loop
      vertex 21.3827 70.3739 0
      vertex 21.7071 70.1571 3.2
      vertex 21.3827 70.3739 3.2
    endloop
  endfacet
  facet normal -0.555646 -0.831419 -0
    outer loop
      vertex 21.7071 70.1571 3.2
      vertex 21.3827 70.3739 0
      vertex 21.7071 70.1571 0
    endloop
  endfacet
  facet normal -0.195032 -0.980797 0
    outer loop
      vertex 21 70.45 0
      vertex 21.3827 70.3739 3.2
      vertex 21 70.45 3.2
    endloop
  endfacet
  facet normal -0.195032 -0.980797 -0
    outer loop
      vertex 21.3827 70.3739 3.2
      vertex 21 70.45 0
      vertex 21.3827 70.3739 0
    endloop
  endfacet
  facet normal 0.980797 0.195032 0
    outer loop
      vertex 20.0761 69.0673 3.2
      vertex 20 69.45 0
      vertex 20 69.45 3.2
    endloop
  endfacet
  facet normal 0.980797 0.195032 0
    outer loop
      vertex 20 69.45 0
      vertex 20.0761 69.0673 3.2
      vertex 20.0761 69.0673 0
    endloop
  endfacet
  facet normal -0.555646 0.831419 0
    outer loop
      vertex 21.7071 68.7429 0
      vertex 21.3827 68.5261 3.2
      vertex 21.7071 68.7429 3.2
    endloop
  endfacet
  facet normal -0.555646 0.831419 0
    outer loop
      vertex 21.3827 68.5261 3.2
      vertex 21.7071 68.7429 0
      vertex 21.3827 68.5261 0
    endloop
  endfacet
  facet normal 0.831419 -0.555646 0
    outer loop
      vertex 20.0761 69.8327 3.2
      vertex 20.2929 70.1571 0
      vertex 20.2929 70.1571 3.2
    endloop
  endfacet
  facet normal 0.831419 -0.555646 0
    outer loop
      vertex 20.2929 70.1571 0
      vertex 20.0761 69.8327 3.2
      vertex 20.0761 69.8327 0
    endloop
  endfacet
  facet normal 0.195032 -0.980797 0
    outer loop
      vertex 20.6173 70.3739 0
      vertex 21 70.45 3.2
      vertex 20.6173 70.3739 3.2
    endloop
  endfacet
  facet normal 0.195032 -0.980797 0
    outer loop
      vertex 21 70.45 3.2
      vertex 20.6173 70.3739 0
      vertex 21 70.45 0
    endloop
  endfacet
  facet normal 0.555646 -0.831419 0
    outer loop
      vertex 20.2929 70.1571 0
      vertex 20.6173 70.3739 3.2
      vertex 20.2929 70.1571 3.2
    endloop
  endfacet
  facet normal 0.555646 -0.831419 0
    outer loop
      vertex 20.6173 70.3739 3.2
      vertex 20.2929 70.1571 0
      vertex 20.6173 70.3739 0
    endloop
  endfacet
  facet normal -0.980797 0.195032 0
    outer loop
      vertex 21.9239 69.0673 0
      vertex 22 69.45 3.2
      vertex 22 69.45 0
    endloop
  endfacet
  facet normal -0.980797 0.195032 0
    outer loop
      vertex 22 69.45 3.2
      vertex 21.9239 69.0673 0
      vertex 21.9239 69.0673 3.2
    endloop
  endfacet
  facet normal 0.980797 -0.195032 0
    outer loop
      vertex 20 69.45 3.2
      vertex 20.0761 69.8327 0
      vertex 20.0761 69.8327 3.2
    endloop
  endfacet
  facet normal 0.980797 -0.195032 0
    outer loop
      vertex 20.0761 69.8327 0
      vertex 20 69.45 3.2
      vertex 20 69.45 0
    endloop
  endfacet
  facet normal 0.831419 0.555646 0
    outer loop
      vertex 20.2929 68.7429 3.2
      vertex 20.0761 69.0673 0
      vertex 20.0761 69.0673 3.2
    endloop
  endfacet
  facet normal 0.831419 0.555646 0
    outer loop
      vertex 20.0761 69.0673 0
      vertex 20.2929 68.7429 3.2
      vertex 20.2929 68.7429 0
    endloop
  endfacet
  facet normal -0.195032 0.980797 0
    outer loop
      vertex 21.3827 68.5261 0
      vertex 21 68.45 3.2
      vertex 21.3827 68.5261 3.2
    endloop
  endfacet
  facet normal -0.195032 0.980797 0
    outer loop
      vertex 21 68.45 3.2
      vertex 21.3827 68.5261 0
      vertex 21 68.45 0
    endloop
  endfacet
  facet normal 0.555646 0.831419 -0
    outer loop
      vertex 20.6173 68.5261 0
      vertex 20.2929 68.7429 3.2
      vertex 20.6173 68.5261 3.2
    endloop
  endfacet
  facet normal 0.555646 0.831419 0
    outer loop
      vertex 20.2929 68.7429 3.2
      vertex 20.6173 68.5261 0
      vertex 20.2929 68.7429 0
    endloop
  endfacet
  facet normal -0.442182 -0.896925 0
    outer loop
      vertex 20.455 73.4159 0
      vertex 20.8049 73.2434 3.2
      vertex 20.455 73.4159 3.2
    endloop
  endfacet
  facet normal -0.442182 -0.896925 -0
    outer loop
      vertex 20.8049 73.2434 3.2
      vertex 20.455 73.4159 0
      vertex 20.8049 73.2434 0
    endloop
  endfacet
  facet normal -0.751846 -0.659339 0
    outer loop
      vertex 21.0622 72.95 0
      vertex 20.8049 73.2434 3.2
      vertex 20.8049 73.2434 0
    endloop
  endfacet
  facet normal -0.751846 -0.659339 0
    outer loop
      vertex 20.8049 73.2434 3.2
      vertex 21.0622 72.95 0
      vertex 21.0622 72.95 3.2
    endloop
  endfacet
  facet normal -0.0653454 -0.997863 0
    outer loop
      vertex 20.0656 73.4414 0
      vertex 20.455 73.4159 3.2
      vertex 20.0656 73.4414 3.2
    endloop
  endfacet
  facet normal -0.0653454 -0.997863 -0
    outer loop
      vertex 20.455 73.4159 3.2
      vertex 20.0656 73.4414 0
      vertex 20.455 73.4159 0
    endloop
  endfacet
  facet normal -0.997862 0.0653621 0
    outer loop
      vertex 21.1621 72.1912 0
      vertex 21.1876 72.5805 3.2
      vertex 21.1876 72.5805 0
    endloop
  endfacet
  facet normal -0.997862 0.0653621 0
    outer loop
      vertex 21.1876 72.5805 3.2
      vertex 21.1621 72.1912 0
      vertex 21.1621 72.1912 3.2
    endloop
  endfacet
  facet normal -0.896874 0.442287 0
    outer loop
      vertex 20.9895 71.8412 0
      vertex 21.1621 72.1912 3.2
      vertex 21.1621 72.1912 0
    endloop
  endfacet
  facet normal -0.896874 0.442287 0
    outer loop
      vertex 21.1621 72.1912 3.2
      vertex 20.9895 71.8412 0
      vertex 20.9895 71.8412 3.2
    endloop
  endfacet
  facet normal 0.997862 -0.0653621 0
    outer loop
      vertex 19.2047 72.3195 3.2
      vertex 19.2302 72.7088 0
      vertex 19.2302 72.7088 3.2
    endloop
  endfacet
  facet normal 0.997862 -0.0653621 0
    outer loop
      vertex 19.2302 72.7088 0
      vertex 19.2047 72.3195 3.2
      vertex 19.2047 72.3195 0
    endloop
  endfacet
  facet normal -0.659321 0.751862 0
    outer loop
      vertex 20.9895 71.8412 0
      vertex 20.6962 71.584 3.2
      vertex 20.9895 71.8412 3.2
    endloop
  endfacet
  facet normal -0.659321 0.751862 0
    outer loop
      vertex 20.6962 71.584 3.2
      vertex 20.9895 71.8412 0
      vertex 20.6962 71.584 0
    endloop
  endfacet
  facet normal -0.946952 -0.321374 0
    outer loop
      vertex 21.1876 72.5805 0
      vertex 21.0622 72.95 3.2
      vertex 21.0622 72.95 0
    endloop
  endfacet
  facet normal -0.946952 -0.321374 0
    outer loop
      vertex 21.0622 72.95 3.2
      vertex 21.1876 72.5805 0
      vertex 21.1876 72.5805 3.2
    endloop
  endfacet
  facet normal 0.659194 -0.751973 0
    outer loop
      vertex 19.4028 73.0588 0
      vertex 19.6962 73.316 3.2
      vertex 19.4028 73.0588 3.2
    endloop
  endfacet
  facet normal 0.659194 -0.751973 0
    outer loop
      vertex 19.6962 73.316 3.2
      vertex 19.4028 73.0588 0
      vertex 19.6962 73.316 0
    endloop
  endfacet
  facet normal -0.321374 0.946952 0
    outer loop
      vertex 20.6962 71.584 0
      vertex 20.3267 71.4586 3.2
      vertex 20.6962 71.584 3.2
    endloop
  endfacet
  facet normal -0.321374 0.946952 0
    outer loop
      vertex 20.3267 71.4586 3.2
      vertex 20.6962 71.584 0
      vertex 20.3267 71.4586 0
    endloop
  endfacet
  facet normal 0.946952 0.321374 0
    outer loop
      vertex 19.3301 71.95 3.2
      vertex 19.2047 72.3195 0
      vertex 19.2047 72.3195 3.2
    endloop
  endfacet
  facet normal 0.946952 0.321374 0
    outer loop
      vertex 19.2047 72.3195 0
      vertex 19.3301 71.95 3.2
      vertex 19.3301 71.95 0
    endloop
  endfacet
  facet normal 0.321452 -0.946926 0
    outer loop
      vertex 19.6962 73.316 0
      vertex 20.0656 73.4414 3.2
      vertex 19.6962 73.316 3.2
    endloop
  endfacet
  facet normal 0.321452 -0.946926 0
    outer loop
      vertex 20.0656 73.4414 3.2
      vertex 19.6962 73.316 0
      vertex 20.0656 73.4414 0
    endloop
  endfacet
  facet normal 0.442182 0.896925 -0
    outer loop
      vertex 19.9373 71.4841 0
      vertex 19.5874 71.6566 3.2
      vertex 19.9373 71.4841 3.2
    endloop
  endfacet
  facet normal 0.442182 0.896925 0
    outer loop
      vertex 19.5874 71.6566 3.2
      vertex 19.9373 71.4841 0
      vertex 19.5874 71.6566 0
    endloop
  endfacet
  facet normal 0.751846 0.659339 0
    outer loop
      vertex 19.5874 71.6566 3.2
      vertex 19.3301 71.95 0
      vertex 19.3301 71.95 3.2
    endloop
  endfacet
  facet normal 0.751846 0.659339 0
    outer loop
      vertex 19.3301 71.95 0
      vertex 19.5874 71.6566 3.2
      vertex 19.5874 71.6566 0
    endloop
  endfacet
  facet normal 0.896874 -0.442287 0
    outer loop
      vertex 19.2302 72.7088 3.2
      vertex 19.4028 73.0588 0
      vertex 19.4028 73.0588 3.2
    endloop
  endfacet
  facet normal 0.896874 -0.442287 0
    outer loop
      vertex 19.4028 73.0588 0
      vertex 19.2302 72.7088 3.2
      vertex 19.2302 72.7088 0
    endloop
  endfacet
  facet normal 0.0653454 0.997863 -0
    outer loop
      vertex 20.3267 71.4586 0
      vertex 19.9373 71.4841 3.2
      vertex 20.3267 71.4586 3.2
    endloop
  endfacet
  facet normal 0.0653454 0.997863 0
    outer loop
      vertex 19.9373 71.4841 3.2
      vertex 20.3267 71.4586 0
      vertex 19.9373 71.4841 0
    endloop
  endfacet
  facet normal 0.659339 0.751846 -0
    outer loop
      vertex 17.5 73.7801 0
      vertex 17.2066 74.0374 3.2
      vertex 17.5 73.7801 3.2
    endloop
  endfacet
  facet normal 0.659339 0.751846 0
    outer loop
      vertex 17.2066 74.0374 3.2
      vertex 17.5 73.7801 0
      vertex 17.2066 74.0374 0
    endloop
  endfacet
  facet normal 0.0653621 -0.997862 0
    outer loop
      vertex 17.7412 75.6121 0
      vertex 18.1305 75.6376 3.2
      vertex 17.7412 75.6121 3.2
    endloop
  endfacet
  facet normal 0.0653621 -0.997862 0
    outer loop
      vertex 18.1305 75.6376 3.2
      vertex 17.7412 75.6121 0
      vertex 18.1305 75.6376 0
    endloop
  endfacet
  facet normal -0.321374 -0.946952 0
    outer loop
      vertex 18.1305 75.6376 0
      vertex 18.5 75.5122 3.2
      vertex 18.1305 75.6376 3.2
    endloop
  endfacet
  facet normal -0.321374 -0.946952 -0
    outer loop
      vertex 18.5 75.5122 3.2
      vertex 18.1305 75.6376 0
      vertex 18.5 75.5122 0
    endloop
  endfacet
  facet normal 0.442287 -0.896874 0
    outer loop
      vertex 17.3912 75.4395 0
      vertex 17.7412 75.6121 3.2
      vertex 17.3912 75.4395 3.2
    endloop
  endfacet
  facet normal 0.442287 -0.896874 0
    outer loop
      vertex 17.7412 75.6121 3.2
      vertex 17.3912 75.4395 0
      vertex 17.7412 75.6121 0
    endloop
  endfacet
  facet normal 0.751973 -0.659194 0
    outer loop
      vertex 17.134 75.1461 3.2
      vertex 17.3912 75.4395 0
      vertex 17.3912 75.4395 3.2
    endloop
  endfacet
  facet normal 0.751973 -0.659194 0
    outer loop
      vertex 17.3912 75.4395 0
      vertex 17.134 75.1461 3.2
      vertex 17.134 75.1461 0
    endloop
  endfacet
  facet normal 0.896925 0.442182 0
    outer loop
      vertex 17.2066 74.0374 3.2
      vertex 17.0341 74.3873 0
      vertex 17.0341 74.3873 3.2
    endloop
  endfacet
  facet normal 0.896925 0.442182 0
    outer loop
      vertex 17.0341 74.3873 0
      vertex 17.2066 74.0374 3.2
      vertex 17.2066 74.0374 0
    endloop
  endfacet
  facet normal -0.659339 -0.751846 0
    outer loop
      vertex 18.5 75.5122 0
      vertex 18.7934 75.2549 3.2
      vertex 18.5 75.5122 3.2
    endloop
  endfacet
  facet normal -0.659339 -0.751846 -0
    outer loop
      vertex 18.7934 75.2549 3.2
      vertex 18.5 75.5122 0
      vertex 18.7934 75.2549 0
    endloop
  endfacet
  facet normal -0.997863 -0.0653454 0
    outer loop
      vertex 18.9914 74.5156 0
      vertex 18.9659 74.905 3.2
      vertex 18.9659 74.905 0
    endloop
  endfacet
  facet normal -0.997863 -0.0653454 0
    outer loop
      vertex 18.9659 74.905 3.2
      vertex 18.9914 74.5156 0
      vertex 18.9914 74.5156 3.2
    endloop
  endfacet
  facet normal -0.442287 0.896874 0
    outer loop
      vertex 18.6088 73.8528 0
      vertex 18.2588 73.6802 3.2
      vertex 18.6088 73.8528 3.2
    endloop
  endfacet
  facet normal -0.442287 0.896874 0
    outer loop
      vertex 18.2588 73.6802 3.2
      vertex 18.6088 73.8528 0
      vertex 18.2588 73.6802 0
    endloop
  endfacet
  facet normal 0.321374 0.946952 -0
    outer loop
      vertex 17.8695 73.6547 0
      vertex 17.5 73.7801 3.2
      vertex 17.8695 73.6547 3.2
    endloop
  endfacet
  facet normal 0.321374 0.946952 0
    outer loop
      vertex 17.5 73.7801 3.2
      vertex 17.8695 73.6547 0
      vertex 17.5 73.7801 0
    endloop
  endfacet
  facet normal -0.896925 -0.442182 0
    outer loop
      vertex 18.9659 74.905 0
      vertex 18.7934 75.2549 3.2
      vertex 18.7934 75.2549 0
    endloop
  endfacet
  facet normal -0.896925 -0.442182 0
    outer loop
      vertex 18.7934 75.2549 3.2
      vertex 18.9659 74.905 0
      vertex 18.9659 74.905 3.2
    endloop
  endfacet
  facet normal 0.997863 0.0653454 0
    outer loop
      vertex 17.0341 74.3873 3.2
      vertex 17.0086 74.7767 0
      vertex 17.0086 74.7767 3.2
    endloop
  endfacet
  facet normal 0.997863 0.0653454 0
    outer loop
      vertex 17.0086 74.7767 0
      vertex 17.0341 74.3873 3.2
      vertex 17.0341 74.3873 0
    endloop
  endfacet
  facet normal 0.946926 -0.321452 0
    outer loop
      vertex 17.0086 74.7767 3.2
      vertex 17.134 75.1461 0
      vertex 17.134 75.1461 3.2
    endloop
  endfacet
  facet normal 0.946926 -0.321452 0
    outer loop
      vertex 17.134 75.1461 0
      vertex 17.0086 74.7767 3.2
      vertex 17.0086 74.7767 0
    endloop
  endfacet
  facet normal -0.0653621 0.997862 0
    outer loop
      vertex 18.2588 73.6802 0
      vertex 17.8695 73.6547 3.2
      vertex 18.2588 73.6802 3.2
    endloop
  endfacet
  facet normal -0.0653621 0.997862 0
    outer loop
      vertex 17.8695 73.6547 3.2
      vertex 18.2588 73.6802 0
      vertex 17.8695 73.6547 0
    endloop
  endfacet
  facet normal -0.751862 0.659321 0
    outer loop
      vertex 18.6088 73.8528 0
      vertex 18.866 74.1461 3.2
      vertex 18.866 74.1461 0
    endloop
  endfacet
  facet normal -0.751862 0.659321 0
    outer loop
      vertex 18.866 74.1461 3.2
      vertex 18.6088 73.8528 0
      vertex 18.6088 73.8528 3.2
    endloop
  endfacet
  facet normal -0.946952 0.321374 0
    outer loop
      vertex 18.866 74.1461 0
      vertex 18.9914 74.5156 3.2
      vertex 18.9914 74.5156 0
    endloop
  endfacet
  facet normal -0.946952 0.321374 0
    outer loop
      vertex 18.9914 74.5156 3.2
      vertex 18.866 74.1461 0
      vertex 18.866 74.1461 3.2
    endloop
  endfacet
  facet normal -0.980797 0.195032 0
    outer loop
      vertex 15.9239 75.0673 0
      vertex 16 75.45 3.2
      vertex 16 75.45 0
    endloop
  endfacet
  facet normal -0.980797 0.195032 0
    outer loop
      vertex 16 75.45 3.2
      vertex 15.9239 75.0673 0
      vertex 15.9239 75.0673 3.2
    endloop
  endfacet
  facet normal 0.555646 -0.831419 0
    outer loop
      vertex 14.2929 76.1571 0
      vertex 14.6173 76.3739 3.2
      vertex 14.2929 76.1571 3.2
    endloop
  endfacet
  facet normal 0.555646 -0.831419 0
    outer loop
      vertex 14.6173 76.3739 3.2
      vertex 14.2929 76.1571 0
      vertex 14.6173 76.3739 0
    endloop
  endfacet
  facet normal 0.195032 -0.980797 0
    outer loop
      vertex 14.6173 76.3739 0
      vertex 15 76.45 3.2
      vertex 14.6173 76.3739 3.2
    endloop
  endfacet
  facet normal 0.195032 -0.980797 0
    outer loop
      vertex 15 76.45 3.2
      vertex 14.6173 76.3739 0
      vertex 15 76.45 0
    endloop
  endfacet
  facet normal 0.831419 -0.555646 0
    outer loop
      vertex 14.0761 75.8327 3.2
      vertex 14.2929 76.1571 0
      vertex 14.2929 76.1571 3.2
    endloop
  endfacet
  facet normal 0.831419 -0.555646 0
    outer loop
      vertex 14.2929 76.1571 0
      vertex 14.0761 75.8327 3.2
      vertex 14.0761 75.8327 0
    endloop
  endfacet
  facet normal 0.980797 -0.195032 0
    outer loop
      vertex 14 75.45 3.2
      vertex 14.0761 75.8327 0
      vertex 14.0761 75.8327 3.2
    endloop
  endfacet
  facet normal 0.980797 -0.195032 0
    outer loop
      vertex 14.0761 75.8327 0
      vertex 14 75.45 3.2
      vertex 14 75.45 0
    endloop
  endfacet
  facet normal -0.195032 0.980797 0
    outer loop
      vertex 15.3827 74.5261 0
      vertex 15 74.45 3.2
      vertex 15.3827 74.5261 3.2
    endloop
  endfacet
  facet normal -0.195032 0.980797 0
    outer loop
      vertex 15 74.45 3.2
      vertex 15.3827 74.5261 0
      vertex 15 74.45 0
    endloop
  endfacet
  facet normal -0.831419 -0.555646 0
    outer loop
      vertex 15.9239 75.8327 0
      vertex 15.7071 76.1571 3.2
      vertex 15.7071 76.1571 0
    endloop
  endfacet
  facet normal -0.831419 -0.555646 0
    outer loop
      vertex 15.7071 76.1571 3.2
      vertex 15.9239 75.8327 0
      vertex 15.9239 75.8327 3.2
    endloop
  endfacet
  facet normal -0.980797 -0.195032 0
    outer loop
      vertex 16 75.45 0
      vertex 15.9239 75.8327 3.2
      vertex 15.9239 75.8327 0
    endloop
  endfacet
  facet normal -0.980797 -0.195032 0
    outer loop
      vertex 15.9239 75.8327 3.2
      vertex 16 75.45 0
      vertex 16 75.45 3.2
    endloop
  endfacet
  facet normal 0.555646 0.831419 -0
    outer loop
      vertex 14.6173 74.5261 0
      vertex 14.2929 74.7429 3.2
      vertex 14.6173 74.5261 3.2
    endloop
  endfacet
  facet normal 0.555646 0.831419 0
    outer loop
      vertex 14.2929 74.7429 3.2
      vertex 14.6173 74.5261 0
      vertex 14.2929 74.7429 0
    endloop
  endfacet
  facet normal 0.831419 0.555646 0
    outer loop
      vertex 14.2929 74.7429 3.2
      vertex 14.0761 75.0673 0
      vertex 14.0761 75.0673 3.2
    endloop
  endfacet
  facet normal 0.831419 0.555646 0
    outer loop
      vertex 14.0761 75.0673 0
      vertex 14.2929 74.7429 3.2
      vertex 14.2929 74.7429 0
    endloop
  endfacet
  facet normal -0.195032 -0.980797 0
    outer loop
      vertex 15 76.45 0
      vertex 15.3827 76.3739 3.2
      vertex 15 76.45 3.2
    endloop
  endfacet
  facet normal -0.195032 -0.980797 -0
    outer loop
      vertex 15.3827 76.3739 3.2
      vertex 15 76.45 0
      vertex 15.3827 76.3739 0
    endloop
  endfacet
  facet normal -0.555646 -0.831419 0
    outer loop
      vertex 15.3827 76.3739 0
      vertex 15.7071 76.1571 3.2
      vertex 15.3827 76.3739 3.2
    endloop
  endfacet
  facet normal -0.555646 -0.831419 -0
    outer loop
      vertex 15.7071 76.1571 3.2
      vertex 15.3827 76.3739 0
      vertex 15.7071 76.1571 0
    endloop
  endfacet
  facet normal 0.195032 0.980797 -0
    outer loop
      vertex 15 74.45 0
      vertex 14.6173 74.5261 3.2
      vertex 15 74.45 3.2
    endloop
  endfacet
  facet normal 0.195032 0.980797 0
    outer loop
      vertex 14.6173 74.5261 3.2
      vertex 15 74.45 0
      vertex 14.6173 74.5261 0
    endloop
  endfacet
  facet normal -0.555646 0.831419 0
    outer loop
      vertex 15.7071 74.7429 0
      vertex 15.3827 74.5261 3.2
      vertex 15.7071 74.7429 3.2
    endloop
  endfacet
  facet normal -0.555646 0.831419 0
    outer loop
      vertex 15.3827 74.5261 3.2
      vertex 15.7071 74.7429 0
      vertex 15.3827 74.5261 0
    endloop
  endfacet
  facet normal 0.980797 0.195032 0
    outer loop
      vertex 14.0761 75.0673 3.2
      vertex 14 75.45 0
      vertex 14 75.45 3.2
    endloop
  endfacet
  facet normal 0.980797 0.195032 0
    outer loop
      vertex 14 75.45 0
      vertex 14.0761 75.0673 3.2
      vertex 14.0761 75.0673 0
    endloop
  endfacet
  facet normal -0.831419 0.555646 0
    outer loop
      vertex 15.7071 74.7429 0
      vertex 15.9239 75.0673 3.2
      vertex 15.9239 75.0673 0
    endloop
  endfacet
  facet normal -0.831419 0.555646 0
    outer loop
      vertex 15.9239 75.0673 3.2
      vertex 15.7071 74.7429 0
      vertex 15.7071 74.7429 3.2
    endloop
  endfacet
  facet normal 0.896925 -0.442182 0
    outer loop
      vertex 11.0341 74.905 3.2
      vertex 11.2066 75.2549 0
      vertex 11.2066 75.2549 3.2
    endloop
  endfacet
  facet normal 0.896925 -0.442182 0
    outer loop
      vertex 11.2066 75.2549 0
      vertex 11.0341 74.905 3.2
      vertex 11.0341 74.905 0
    endloop
  endfacet
  facet normal 0.659339 -0.751846 0
    outer loop
      vertex 11.2066 75.2549 0
      vertex 11.5 75.5122 3.2
      vertex 11.2066 75.2549 3.2
    endloop
  endfacet
  facet normal 0.659339 -0.751846 0
    outer loop
      vertex 11.5 75.5122 3.2
      vertex 11.2066 75.2549 0
      vertex 11.5 75.5122 0
    endloop
  endfacet
  facet normal 0.997863 -0.0653454 0
    outer loop
      vertex 11.0086 74.5156 3.2
      vertex 11.0341 74.905 0
      vertex 11.0341 74.905 3.2
    endloop
  endfacet
  facet normal 0.997863 -0.0653454 0
    outer loop
      vertex 11.0341 74.905 0
      vertex 11.0086 74.5156 3.2
      vertex 11.0086 74.5156 0
    endloop
  endfacet
  facet normal -0.442287 -0.896874 0
    outer loop
      vertex 12.2588 75.6121 0
      vertex 12.6088 75.4395 3.2
      vertex 12.2588 75.6121 3.2
    endloop
  endfacet
  facet normal -0.442287 -0.896874 -0
    outer loop
      vertex 12.6088 75.4395 3.2
      vertex 12.2588 75.6121 0
      vertex 12.6088 75.4395 0
    endloop
  endfacet
  facet normal 0.0653621 0.997862 -0
    outer loop
      vertex 12.1305 73.6547 0
      vertex 11.7412 73.6802 3.2
      vertex 12.1305 73.6547 3.2
    endloop
  endfacet
  facet normal 0.0653621 0.997862 0
    outer loop
      vertex 11.7412 73.6802 3.2
      vertex 12.1305 73.6547 0
      vertex 11.7412 73.6802 0
    endloop
  endfacet
  facet normal 0.321374 -0.946952 0
    outer loop
      vertex 11.5 75.5122 0
      vertex 11.8695 75.6376 3.2
      vertex 11.5 75.5122 3.2
    endloop
  endfacet
  facet normal 0.321374 -0.946952 0
    outer loop
      vertex 11.8695 75.6376 3.2
      vertex 11.5 75.5122 0
      vertex 11.8695 75.6376 0
    endloop
  endfacet
  facet normal 0.442287 0.896874 -0
    outer loop
      vertex 11.7412 73.6802 0
      vertex 11.3912 73.8528 3.2
      vertex 11.7412 73.6802 3.2
    endloop
  endfacet
  facet normal 0.442287 0.896874 0
    outer loop
      vertex 11.3912 73.8528 3.2
      vertex 11.7412 73.6802 0
      vertex 11.3912 73.8528 0
    endloop
  endfacet
  facet normal -0.321374 0.946952 0
    outer loop
      vertex 12.5 73.7801 0
      vertex 12.1305 73.6547 3.2
      vertex 12.5 73.7801 3.2
    endloop
  endfacet
  facet normal -0.321374 0.946952 0
    outer loop
      vertex 12.1305 73.6547 3.2
      vertex 12.5 73.7801 0
      vertex 12.1305 73.6547 0
    endloop
  endfacet
  facet normal -0.0653621 -0.997862 0
    outer loop
      vertex 11.8695 75.6376 0
      vertex 12.2588 75.6121 3.2
      vertex 11.8695 75.6376 3.2
    endloop
  endfacet
  facet normal -0.0653621 -0.997862 -0
    outer loop
      vertex 12.2588 75.6121 3.2
      vertex 11.8695 75.6376 0
      vertex 12.2588 75.6121 0
    endloop
  endfacet
  facet normal -0.896925 0.442182 0
    outer loop
      vertex 12.7934 74.0374 0
      vertex 12.9659 74.3873 3.2
      vertex 12.9659 74.3873 0
    endloop
  endfacet
  facet normal -0.896925 0.442182 0
    outer loop
      vertex 12.9659 74.3873 3.2
      vertex 12.7934 74.0374 0
      vertex 12.7934 74.0374 3.2
    endloop
  endfacet
  facet normal -0.659339 0.751846 0
    outer loop
      vertex 12.7934 74.0374 0
      vertex 12.5 73.7801 3.2
      vertex 12.7934 74.0374 3.2
    endloop
  endfacet
  facet normal -0.659339 0.751846 0
    outer loop
      vertex 12.5 73.7801 3.2
      vertex 12.7934 74.0374 0
      vertex 12.5 73.7801 0
    endloop
  endfacet
  facet normal 0.751862 0.659321 0
    outer loop
      vertex 11.3912 73.8528 3.2
      vertex 11.134 74.1461 0
      vertex 11.134 74.1461 3.2
    endloop
  endfacet
  facet normal 0.751862 0.659321 0
    outer loop
      vertex 11.134 74.1461 0
      vertex 11.3912 73.8528 3.2
      vertex 11.3912 73.8528 0
    endloop
  endfacet
  facet normal 0.946952 0.321374 0
    outer loop
      vertex 11.134 74.1461 3.2
      vertex 11.0086 74.5156 0
      vertex 11.0086 74.5156 3.2
    endloop
  endfacet
  facet normal 0.946952 0.321374 0
    outer loop
      vertex 11.0086 74.5156 0
      vertex 11.134 74.1461 3.2
      vertex 11.134 74.1461 0
    endloop
  endfacet
  facet normal -0.751973 -0.659194 0
    outer loop
      vertex 12.866 75.1461 0
      vertex 12.6088 75.4395 3.2
      vertex 12.6088 75.4395 0
    endloop
  endfacet
  facet normal -0.751973 -0.659194 0
    outer loop
      vertex 12.6088 75.4395 3.2
      vertex 12.866 75.1461 0
      vertex 12.866 75.1461 3.2
    endloop
  endfacet
  facet normal -0.946926 -0.321452 0
    outer loop
      vertex 12.9914 74.7767 0
      vertex 12.866 75.1461 3.2
      vertex 12.866 75.1461 0
    endloop
  endfacet
  facet normal -0.946926 -0.321452 0
    outer loop
      vertex 12.866 75.1461 3.2
      vertex 12.9914 74.7767 0
      vertex 12.9914 74.7767 3.2
    endloop
  endfacet
  facet normal -0.997863 0.0653454 0
    outer loop
      vertex 12.9659 74.3873 0
      vertex 12.9914 74.7767 3.2
      vertex 12.9914 74.7767 0
    endloop
  endfacet
  facet normal -0.997863 0.0653454 0
    outer loop
      vertex 12.9914 74.7767 3.2
      vertex 12.9659 74.3873 0
      vertex 12.9659 74.3873 3.2
    endloop
  endfacet
  facet normal 0.321398 0.946944 -0
    outer loop
      vertex 9.67332 71.4586 0
      vertex 9.30385 71.584 3.2
      vertex 9.67332 71.4586 3.2
    endloop
  endfacet
  facet normal 0.321398 0.946944 0
    outer loop
      vertex 9.30385 71.584 3.2
      vertex 9.67332 71.4586 0
      vertex 9.30385 71.584 0
    endloop
  endfacet
  facet normal -0.751846 0.659339 0
    outer loop
      vertex 10.4126 71.6566 0
      vertex 10.6699 71.95 3.2
      vertex 10.6699 71.95 0
    endloop
  endfacet
  facet normal -0.751846 0.659339 0
    outer loop
      vertex 10.6699 71.95 3.2
      vertex 10.4126 71.6566 0
      vertex 10.4126 71.6566 3.2
    endloop
  endfacet
  facet normal 0.946937 -0.32142 0
    outer loop
      vertex 8.8124 72.5805 3.2
      vertex 8.93782 72.95 0
      vertex 8.93782 72.95 3.2
    endloop
  endfacet
  facet normal 0.946937 -0.32142 0
    outer loop
      vertex 8.93782 72.95 0
      vertex 8.8124 72.5805 3.2
      vertex 8.8124 72.5805 0
    endloop
  endfacet
  facet normal 0.896894 0.442246 0
    outer loop
      vertex 9.0105 71.8412 3.2
      vertex 8.83792 72.1912 0
      vertex 8.83792 72.1912 3.2
    endloop
  endfacet
  facet normal 0.896894 0.442246 0
    outer loop
      vertex 8.83792 72.1912 0
      vertex 9.0105 71.8412 3.2
      vertex 9.0105 71.8412 0
    endloop
  endfacet
  facet normal 0.659257 0.751917 -0
    outer loop
      vertex 9.30385 71.584 0
      vertex 9.0105 71.8412 3.2
      vertex 9.30385 71.584 3.2
    endloop
  endfacet
  facet normal 0.659257 0.751917 0
    outer loop
      vertex 9.0105 71.8412 3.2
      vertex 9.30385 71.584 0
      vertex 9.0105 71.8412 0
    endloop
  endfacet
  facet normal -0.442182 0.896925 0
    outer loop
      vertex 10.4126 71.6566 0
      vertex 10.0627 71.4841 3.2
      vertex 10.4126 71.6566 3.2
    endloop
  endfacet
  facet normal -0.442182 0.896925 0
    outer loop
      vertex 10.0627 71.4841 3.2
      vertex 10.4126 71.6566 0
      vertex 10.0627 71.4841 0
    endloop
  endfacet
  facet normal 0.751884 -0.659295 0
    outer loop
      vertex 8.93782 72.95 3.2
      vertex 9.19509 73.2434 0
      vertex 9.19509 73.2434 3.2
    endloop
  endfacet
  facet normal 0.751884 -0.659295 0
    outer loop
      vertex 9.19509 73.2434 0
      vertex 8.93782 72.95 3.2
      vertex 8.93782 72.95 0
    endloop
  endfacet
  facet normal 0.0653554 -0.997862 0
    outer loop
      vertex 9.54503 73.4159 0
      vertex 9.93437 73.4414 3.2
      vertex 9.54503 73.4159 3.2
    endloop
  endfacet
  facet normal 0.0653554 -0.997862 0
    outer loop
      vertex 9.93437 73.4414 3.2
      vertex 9.54503 73.4159 0
      vertex 9.93437 73.4414 0
    endloop
  endfacet
  facet normal -0.896874 -0.442287 0
    outer loop
      vertex 10.7698 72.7088 0
      vertex 10.5972 73.0588 3.2
      vertex 10.5972 73.0588 0
    endloop
  endfacet
  facet normal -0.896874 -0.442287 0
    outer loop
      vertex 10.5972 73.0588 3.2
      vertex 10.7698 72.7088 0
      vertex 10.7698 72.7088 3.2
    endloop
  endfacet
  facet normal -0.321429 -0.946934 0
    outer loop
      vertex 9.93437 73.4414 0
      vertex 10.3038 73.316 3.2
      vertex 9.93437 73.4414 3.2
    endloop
  endfacet
  facet normal -0.321429 -0.946934 -0
    outer loop
      vertex 10.3038 73.316 3.2
      vertex 9.93437 73.4414 0
      vertex 10.3038 73.316 0
    endloop
  endfacet
  facet normal 0.997858 0.0654132 0
    outer loop
      vertex 8.83792 72.1912 3.2
      vertex 8.8124 72.5805 0
      vertex 8.8124 72.5805 3.2
    endloop
  endfacet
  facet normal 0.997858 0.0654132 0
    outer loop
      vertex 8.8124 72.5805 0
      vertex 8.83792 72.1912 3.2
      vertex 8.83792 72.1912 0
    endloop
  endfacet
  facet normal -0.946952 0.321374 0
    outer loop
      vertex 10.6699 71.95 0
      vertex 10.7953 72.3195 3.2
      vertex 10.7953 72.3195 0
    endloop
  endfacet
  facet normal -0.946952 0.321374 0
    outer loop
      vertex 10.7953 72.3195 3.2
      vertex 10.6699 71.95 0
      vertex 10.6699 71.95 3.2
    endloop
  endfacet
  facet normal 0.442142 -0.896945 0
    outer loop
      vertex 9.19509 73.2434 0
      vertex 9.54503 73.4159 3.2
      vertex 9.19509 73.2434 3.2
    endloop
  endfacet
  facet normal 0.442142 -0.896945 0
    outer loop
      vertex 9.54503 73.4159 3.2
      vertex 9.19509 73.2434 0
      vertex 9.54503 73.4159 0
    endloop
  endfacet
  facet normal -0.0653487 0.997862 0
    outer loop
      vertex 10.0627 71.4841 0
      vertex 9.67332 71.4586 3.2
      vertex 10.0627 71.4841 3.2
    endloop
  endfacet
  facet normal -0.0653487 0.997862 0
    outer loop
      vertex 9.67332 71.4586 3.2
      vertex 10.0627 71.4841 0
      vertex 9.67332 71.4586 0
    endloop
  endfacet
  facet normal -0.997862 -0.0653621 0
    outer loop
      vertex 10.7953 72.3195 0
      vertex 10.7698 72.7088 3.2
      vertex 10.7698 72.7088 0
    endloop
  endfacet
  facet normal -0.997862 -0.0653621 0
    outer loop
      vertex 10.7698 72.7088 3.2
      vertex 10.7953 72.3195 0
      vertex 10.7953 72.3195 3.2
    endloop
  endfacet
  facet normal -0.659194 -0.751973 0
    outer loop
      vertex 10.3038 73.316 0
      vertex 10.5972 73.0588 3.2
      vertex 10.3038 73.316 3.2
    endloop
  endfacet
  facet normal -0.659194 -0.751973 -0
    outer loop
      vertex 10.5972 73.0588 3.2
      vertex 10.3038 73.316 0
      vertex 10.5972 73.0588 0
    endloop
  endfacet
  facet normal -0.195042 -0.980795 0
    outer loop
      vertex 9 70.45 0
      vertex 9.38268 70.3739 3.2
      vertex 9 70.45 3.2
    endloop
  endfacet
  facet normal -0.195042 -0.980795 -0
    outer loop
      vertex 9.38268 70.3739 3.2
      vertex 9 70.45 0
      vertex 9.38268 70.3739 0
    endloop
  endfacet
  facet normal 0.555611 0.831443 -0
    outer loop
      vertex 8.61732 68.5261 0
      vertex 8.29289 68.7429 3.2
      vertex 8.61732 68.5261 3.2
    endloop
  endfacet
  facet normal 0.555611 0.831443 0
    outer loop
      vertex 8.29289 68.7429 3.2
      vertex 8.61732 68.5261 0
      vertex 8.29289 68.7429 0
    endloop
  endfacet
  facet normal -0.980787 -0.195081 0
    outer loop
      vertex 10 69.45 0
      vertex 9.92388 69.8327 3.2
      vertex 9.92388 69.8327 0
    endloop
  endfacet
  facet normal -0.980787 -0.195081 0
    outer loop
      vertex 9.92388 69.8327 3.2
      vertex 10 69.45 0
      vertex 10 69.45 3.2
    endloop
  endfacet
  facet normal 0.555611 -0.831443 0
    outer loop
      vertex 8.29289 70.1571 0
      vertex 8.61732 70.3739 3.2
      vertex 8.29289 70.1571 3.2
    endloop
  endfacet
  facet normal 0.555611 -0.831443 0
    outer loop
      vertex 8.61732 70.3739 3.2
      vertex 8.29289 70.1571 0
      vertex 8.61732 70.3739 0
    endloop
  endfacet
  facet normal 0.980787 0.195081 0
    outer loop
      vertex 8.07612 69.0673 3.2
      vertex 8 69.45 0
      vertex 8 69.45 3.2
    endloop
  endfacet
  facet normal 0.980787 0.195081 0
    outer loop
      vertex 8 69.45 0
      vertex 8.07612 69.0673 3.2
      vertex 8.07612 69.0673 0
    endloop
  endfacet
  facet normal 0.195042 -0.980795 0
    outer loop
      vertex 8.61732 70.3739 0
      vertex 9 70.45 3.2
      vertex 8.61732 70.3739 3.2
    endloop
  endfacet
  facet normal 0.195042 -0.980795 0
    outer loop
      vertex 9 70.45 3.2
      vertex 8.61732 70.3739 0
      vertex 9 70.45 0
    endloop
  endfacet
  facet normal -0.831454 0.555593 0
    outer loop
      vertex 9.70711 68.7429 0
      vertex 9.92388 69.0673 3.2
      vertex 9.92388 69.0673 0
    endloop
  endfacet
  facet normal -0.831454 0.555593 0
    outer loop
      vertex 9.92388 69.0673 3.2
      vertex 9.70711 68.7429 0
      vertex 9.70711 68.7429 3.2
    endloop
  endfacet
  facet normal -0.555611 0.831443 0
    outer loop
      vertex 9.70711 68.7429 0
      vertex 9.38268 68.5261 3.2
      vertex 9.70711 68.7429 3.2
    endloop
  endfacet
  facet normal -0.555611 0.831443 0
    outer loop
      vertex 9.38268 68.5261 3.2
      vertex 9.70711 68.7429 0
      vertex 9.38268 68.5261 0
    endloop
  endfacet
  facet normal 0.980787 -0.195081 0
    outer loop
      vertex 8 69.45 3.2
      vertex 8.07612 69.8327 0
      vertex 8.07612 69.8327 3.2
    endloop
  endfacet
  facet normal 0.980787 -0.195081 0
    outer loop
      vertex 8.07612 69.8327 0
      vertex 8 69.45 3.2
      vertex 8 69.45 0
    endloop
  endfacet
  facet normal 0.831454 0.555593 0
    outer loop
      vertex 8.29289 68.7429 3.2
      vertex 8.07612 69.0673 0
      vertex 8.07612 69.0673 3.2
    endloop
  endfacet
  facet normal 0.831454 0.555593 0
    outer loop
      vertex 8.07612 69.0673 0
      vertex 8.29289 68.7429 3.2
      vertex 8.29289 68.7429 0
    endloop
  endfacet
  facet normal 0.831454 -0.555593 0
    outer loop
      vertex 8.07612 69.8327 3.2
      vertex 8.29289 70.1571 0
      vertex 8.29289 70.1571 3.2
    endloop
  endfacet
  facet normal 0.831454 -0.555593 0
    outer loop
      vertex 8.29289 70.1571 0
      vertex 8.07612 69.8327 3.2
      vertex 8.07612 69.8327 0
    endloop
  endfacet
  facet normal -0.980787 0.195081 0
    outer loop
      vertex 9.92388 69.0673 0
      vertex 10 69.45 3.2
      vertex 10 69.45 0
    endloop
  endfacet
  facet normal -0.980787 0.195081 0
    outer loop
      vertex 10 69.45 3.2
      vertex 9.92388 69.0673 0
      vertex 9.92388 69.0673 3.2
    endloop
  endfacet
  facet normal -0.831454 -0.555593 0
    outer loop
      vertex 9.92388 69.8327 0
      vertex 9.70711 70.1571 3.2
      vertex 9.70711 70.1571 0
    endloop
  endfacet
  facet normal -0.831454 -0.555593 0
    outer loop
      vertex 9.70711 70.1571 3.2
      vertex 9.92388 69.8327 0
      vertex 9.92388 69.8327 3.2
    endloop
  endfacet
  facet normal -0.195042 0.980795 0
    outer loop
      vertex 9.38268 68.5261 0
      vertex 9 68.45 3.2
      vertex 9.38268 68.5261 3.2
    endloop
  endfacet
  facet normal -0.195042 0.980795 0
    outer loop
      vertex 9 68.45 3.2
      vertex 9.38268 68.5261 0
      vertex 9 68.45 0
    endloop
  endfacet
  facet normal 0.195042 0.980795 -0
    outer loop
      vertex 9 68.45 0
      vertex 8.61732 68.5261 3.2
      vertex 9 68.45 3.2
    endloop
  endfacet
  facet normal 0.195042 0.980795 0
    outer loop
      vertex 8.61732 68.5261 3.2
      vertex 9 68.45 0
      vertex 8.61732 68.5261 0
    endloop
  endfacet
  facet normal -0.555611 -0.831443 0
    outer loop
      vertex 9.38268 70.3739 0
      vertex 9.70711 70.1571 3.2
      vertex 9.38268 70.3739 3.2
    endloop
  endfacet
  facet normal -0.555611 -0.831443 -0
    outer loop
      vertex 9.70711 70.1571 3.2
      vertex 9.38268 70.3739 0
      vertex 9.70711 70.1571 0
    endloop
  endfacet
  facet normal 0.442142 0.896945 -0
    outer loop
      vertex 9.54503 65.4841 0
      vertex 9.19509 65.6566 3.2
      vertex 9.54503 65.4841 3.2
    endloop
  endfacet
  facet normal 0.442142 0.896945 0
    outer loop
      vertex 9.19509 65.6566 3.2
      vertex 9.54503 65.4841 0
      vertex 9.19509 65.6566 0
    endloop
  endfacet
  facet normal 0.0653554 0.997862 -0
    outer loop
      vertex 9.93437 65.4586 0
      vertex 9.54503 65.4841 3.2
      vertex 9.93437 65.4586 3.2
    endloop
  endfacet
  facet normal 0.0653554 0.997862 0
    outer loop
      vertex 9.54503 65.4841 3.2
      vertex 9.93437 65.4586 0
      vertex 9.54503 65.4841 0
    endloop
  endfacet
  facet normal 0.896894 -0.442246 0
    outer loop
      vertex 8.83792 66.7088 3.2
      vertex 9.0105 67.0588 0
      vertex 9.0105 67.0588 3.2
    endloop
  endfacet
  facet normal 0.896894 -0.442246 0
    outer loop
      vertex 9.0105 67.0588 0
      vertex 8.83792 66.7088 3.2
      vertex 8.83792 66.7088 0
    endloop
  endfacet
  facet normal 0.751884 0.659295 0
    outer loop
      vertex 9.19509 65.6566 3.2
      vertex 8.93782 65.95 0
      vertex 8.93782 65.95 3.2
    endloop
  endfacet
  facet normal 0.751884 0.659295 0
    outer loop
      vertex 8.93782 65.95 0
      vertex 9.19509 65.6566 3.2
      vertex 9.19509 65.6566 0
    endloop
  endfacet
  facet normal -0.997862 0.0653621 0
    outer loop
      vertex 10.7698 66.1912 0
      vertex 10.7953 66.5805 3.2
      vertex 10.7953 66.5805 0
    endloop
  endfacet
  facet normal -0.997862 0.0653621 0
    outer loop
      vertex 10.7953 66.5805 3.2
      vertex 10.7698 66.1912 0
      vertex 10.7698 66.1912 3.2
    endloop
  endfacet
  facet normal 0.946937 0.32142 0
    outer loop
      vertex 8.93782 65.95 3.2
      vertex 8.8124 66.3195 0
      vertex 8.8124 66.3195 3.2
    endloop
  endfacet
  facet normal 0.946937 0.32142 0
    outer loop
      vertex 8.8124 66.3195 0
      vertex 8.93782 65.95 3.2
      vertex 8.93782 65.95 0
    endloop
  endfacet
  facet normal -0.896874 0.442287 0
    outer loop
      vertex 10.5972 65.8412 0
      vertex 10.7698 66.1912 3.2
      vertex 10.7698 66.1912 0
    endloop
  endfacet
  facet normal -0.896874 0.442287 0
    outer loop
      vertex 10.7698 66.1912 3.2
      vertex 10.5972 65.8412 0
      vertex 10.5972 65.8412 3.2
    endloop
  endfacet
  facet normal 0.997858 -0.0654132 0
    outer loop
      vertex 8.8124 66.3195 3.2
      vertex 8.83792 66.7088 0
      vertex 8.83792 66.7088 3.2
    endloop
  endfacet
  facet normal 0.997858 -0.0654132 0
    outer loop
      vertex 8.83792 66.7088 0
      vertex 8.8124 66.3195 3.2
      vertex 8.8124 66.3195 0
    endloop
  endfacet
  facet normal -0.442182 -0.896925 0
    outer loop
      vertex 10.0627 67.4159 0
      vertex 10.4126 67.2434 3.2
      vertex 10.0627 67.4159 3.2
    endloop
  endfacet
  facet normal -0.442182 -0.896925 -0
    outer loop
      vertex 10.4126 67.2434 3.2
      vertex 10.0627 67.4159 0
      vertex 10.4126 67.2434 0
    endloop
  endfacet
  facet normal -0.751846 -0.659339 0
    outer loop
      vertex 10.6699 66.95 0
      vertex 10.4126 67.2434 3.2
      vertex 10.4126 67.2434 0
    endloop
  endfacet
  facet normal -0.751846 -0.659339 0
    outer loop
      vertex 10.4126 67.2434 3.2
      vertex 10.6699 66.95 0
      vertex 10.6699 66.95 3.2
    endloop
  endfacet
  facet normal -0.659194 0.751973 0
    outer loop
      vertex 10.5972 65.8412 0
      vertex 10.3038 65.584 3.2
      vertex 10.5972 65.8412 3.2
    endloop
  endfacet
  facet normal -0.659194 0.751973 0
    outer loop
      vertex 10.3038 65.584 3.2
      vertex 10.5972 65.8412 0
      vertex 10.3038 65.584 0
    endloop
  endfacet
  facet normal -0.321429 0.946934 0
    outer loop
      vertex 10.3038 65.584 0
      vertex 9.93437 65.4586 3.2
      vertex 10.3038 65.584 3.2
    endloop
  endfacet
  facet normal -0.321429 0.946934 0
    outer loop
      vertex 9.93437 65.4586 3.2
      vertex 10.3038 65.584 0
      vertex 9.93437 65.4586 0
    endloop
  endfacet
  facet normal -0.946952 -0.321374 0
    outer loop
      vertex 10.7953 66.5805 0
      vertex 10.6699 66.95 3.2
      vertex 10.6699 66.95 0
    endloop
  endfacet
  facet normal -0.946952 -0.321374 0
    outer loop
      vertex 10.6699 66.95 3.2
      vertex 10.7953 66.5805 0
      vertex 10.7953 66.5805 3.2
    endloop
  endfacet
  facet normal 0.659257 -0.751917 0
    outer loop
      vertex 9.0105 67.0588 0
      vertex 9.30385 67.316 3.2
      vertex 9.0105 67.0588 3.2
    endloop
  endfacet
  facet normal 0.659257 -0.751917 0
    outer loop
      vertex 9.30385 67.316 3.2
      vertex 9.0105 67.0588 0
      vertex 9.30385 67.316 0
    endloop
  endfacet
  facet normal 0.321398 -0.946944 0
    outer loop
      vertex 9.30385 67.316 0
      vertex 9.67332 67.4414 3.2
      vertex 9.30385 67.316 3.2
    endloop
  endfacet
  facet normal 0.321398 -0.946944 0
    outer loop
      vertex 9.67332 67.4414 3.2
      vertex 9.30385 67.316 0
      vertex 9.67332 67.4414 0
    endloop
  endfacet
  facet normal -0.0653487 -0.997862 0
    outer loop
      vertex 9.67332 67.4414 0
      vertex 10.0627 67.4159 3.2
      vertex 9.67332 67.4414 3.2
    endloop
  endfacet
  facet normal -0.0653487 -0.997862 -0
    outer loop
      vertex 10.0627 67.4159 3.2
      vertex 9.67332 67.4414 0
      vertex 10.0627 67.4159 0
    endloop
  endfacet
  facet normal -0.946952 0.321374 0
    outer loop
      vertex 12.866 63.7538 0
      vertex 12.9914 64.1233 3.2
      vertex 12.9914 64.1233 0
    endloop
  endfacet
  facet normal -0.946952 0.321374 0
    outer loop
      vertex 12.9914 64.1233 3.2
      vertex 12.866 63.7538 0
      vertex 12.866 63.7538 3.2
    endloop
  endfacet
  facet normal -0.442287 0.896874 0
    outer loop
      vertex 12.6088 63.4605 0
      vertex 12.2588 63.2879 3.2
      vertex 12.6088 63.4605 3.2
    endloop
  endfacet
  facet normal -0.442287 0.896874 0
    outer loop
      vertex 12.2588 63.2879 3.2
      vertex 12.6088 63.4605 0
      vertex 12.2588 63.2879 0
    endloop
  endfacet
  facet normal -0.751862 0.659321 0
    outer loop
      vertex 12.6088 63.4605 0
      vertex 12.866 63.7538 3.2
      vertex 12.866 63.7538 0
    endloop
  endfacet
  facet normal -0.751862 0.659321 0
    outer loop
      vertex 12.866 63.7538 3.2
      vertex 12.6088 63.4605 0
      vertex 12.6088 63.4605 3.2
    endloop
  endfacet
  facet normal 0.659339 0.751846 -0
    outer loop
      vertex 11.5 63.3878 0
      vertex 11.2066 63.6451 3.2
      vertex 11.5 63.3878 3.2
    endloop
  endfacet
  facet normal 0.659339 0.751846 0
    outer loop
      vertex 11.2066 63.6451 3.2
      vertex 11.5 63.3878 0
      vertex 11.2066 63.6451 0
    endloop
  endfacet
  facet normal 0.321374 0.946952 -0
    outer loop
      vertex 11.8695 63.2624 0
      vertex 11.5 63.3878 3.2
      vertex 11.8695 63.2624 3.2
    endloop
  endfacet
  facet normal 0.321374 0.946952 0
    outer loop
      vertex 11.5 63.3878 3.2
      vertex 11.8695 63.2624 0
      vertex 11.5 63.3878 0
    endloop
  endfacet
  facet normal 0.997863 0.0653454 0
    outer loop
      vertex 11.0341 63.995 3.2
      vertex 11.0086 64.3844 0
      vertex 11.0086 64.3844 3.2
    endloop
  endfacet
  facet normal 0.997863 0.0653454 0
    outer loop
      vertex 11.0086 64.3844 0
      vertex 11.0341 63.995 3.2
      vertex 11.0341 63.995 0
    endloop
  endfacet
  facet normal 0.442287 -0.896874 0
    outer loop
      vertex 11.3912 65.0472 0
      vertex 11.7412 65.2198 3.2
      vertex 11.3912 65.0472 3.2
    endloop
  endfacet
  facet normal 0.442287 -0.896874 0
    outer loop
      vertex 11.7412 65.2198 3.2
      vertex 11.3912 65.0472 0
      vertex 11.7412 65.2198 0
    endloop
  endfacet
  facet normal 0.896925 0.442182 0
    outer loop
      vertex 11.2066 63.6451 3.2
      vertex 11.0341 63.995 0
      vertex 11.0341 63.995 3.2
    endloop
  endfacet
  facet normal 0.896925 0.442182 0
    outer loop
      vertex 11.0341 63.995 0
      vertex 11.2066 63.6451 3.2
      vertex 11.2066 63.6451 0
    endloop
  endfacet
  facet normal 0.946926 -0.321452 0
    outer loop
      vertex 11.0086 64.3844 3.2
      vertex 11.134 64.7538 0
      vertex 11.134 64.7538 3.2
    endloop
  endfacet
  facet normal 0.946926 -0.321452 0
    outer loop
      vertex 11.134 64.7538 0
      vertex 11.0086 64.3844 3.2
      vertex 11.0086 64.3844 0
    endloop
  endfacet
  facet normal -0.0653621 0.997862 0
    outer loop
      vertex 12.2588 63.2879 0
      vertex 11.8695 63.2624 3.2
      vertex 12.2588 63.2879 3.2
    endloop
  endfacet
  facet normal -0.0653621 0.997862 0
    outer loop
      vertex 11.8695 63.2624 3.2
      vertex 12.2588 63.2879 0
      vertex 11.8695 63.2624 0
    endloop
  endfacet
  facet normal -0.321374 -0.946952 0
    outer loop
      vertex 12.1305 65.2453 0
      vertex 12.5 65.1199 3.2
      vertex 12.1305 65.2453 3.2
    endloop
  endfacet
  facet normal -0.321374 -0.946952 -0
    outer loop
      vertex 12.5 65.1199 3.2
      vertex 12.1305 65.2453 0
      vertex 12.5 65.1199 0
    endloop
  endfacet
  facet normal -0.997863 -0.0653454 0
    outer loop
      vertex 12.9914 64.1233 0
      vertex 12.9659 64.5127 3.2
      vertex 12.9659 64.5127 0
    endloop
  endfacet
  facet normal -0.997863 -0.0653454 0
    outer loop
      vertex 12.9659 64.5127 3.2
      vertex 12.9914 64.1233 0
      vertex 12.9914 64.1233 3.2
    endloop
  endfacet
  facet normal -0.659339 -0.751846 0
    outer loop
      vertex 12.5 65.1199 0
      vertex 12.7934 64.8626 3.2
      vertex 12.5 65.1199 3.2
    endloop
  endfacet
  facet normal -0.659339 -0.751846 -0
    outer loop
      vertex 12.7934 64.8626 3.2
      vertex 12.5 65.1199 0
      vertex 12.7934 64.8626 0
    endloop
  endfacet
  facet normal 0.0653621 -0.997862 0
    outer loop
      vertex 11.7412 65.2198 0
      vertex 12.1305 65.2453 3.2
      vertex 11.7412 65.2198 3.2
    endloop
  endfacet
  facet normal 0.0653621 -0.997862 0
    outer loop
      vertex 12.1305 65.2453 3.2
      vertex 11.7412 65.2198 0
      vertex 12.1305 65.2453 0
    endloop
  endfacet
  facet normal 0.751973 -0.659194 0
    outer loop
      vertex 11.134 64.7538 3.2
      vertex 11.3912 65.0472 0
      vertex 11.3912 65.0472 3.2
    endloop
  endfacet
  facet normal 0.751973 -0.659194 0
    outer loop
      vertex 11.3912 65.0472 0
      vertex 11.134 64.7538 3.2
      vertex 11.134 64.7538 0
    endloop
  endfacet
  facet normal -0.896925 -0.442182 0
    outer loop
      vertex 12.9659 64.5127 0
      vertex 12.7934 64.8626 3.2
      vertex 12.7934 64.8626 0
    endloop
  endfacet
  facet normal -0.896925 -0.442182 0
    outer loop
      vertex 12.7934 64.8626 3.2
      vertex 12.9659 64.5127 0
      vertex 12.9659 64.5127 3.2
    endloop
  endfacet
  facet normal 0.980797 -0.195032 0
    outer loop
      vertex 14 63.45 3.2
      vertex 14.0761 63.8327 0
      vertex 14.0761 63.8327 3.2
    endloop
  endfacet
  facet normal 0.980797 -0.195032 0
    outer loop
      vertex 14.0761 63.8327 0
      vertex 14 63.45 3.2
      vertex 14 63.45 0
    endloop
  endfacet
  facet normal 0.555646 0.831419 -0
    outer loop
      vertex 14.6173 62.5261 0
      vertex 14.2929 62.7429 3.2
      vertex 14.6173 62.5261 3.2
    endloop
  endfacet
  facet normal 0.555646 0.831419 0
    outer loop
      vertex 14.2929 62.7429 3.2
      vertex 14.6173 62.5261 0
      vertex 14.2929 62.7429 0
    endloop
  endfacet
  facet normal -0.831419 0.555646 0
    outer loop
      vertex 15.7071 62.7429 0
      vertex 15.9239 63.0673 3.2
      vertex 15.9239 63.0673 0
    endloop
  endfacet
  facet normal -0.831419 0.555646 0
    outer loop
      vertex 15.9239 63.0673 3.2
      vertex 15.7071 62.7429 0
      vertex 15.7071 62.7429 3.2
    endloop
  endfacet
  facet normal 0.195032 -0.980797 0
    outer loop
      vertex 14.6173 64.3739 0
      vertex 15 64.45 3.2
      vertex 14.6173 64.3739 3.2
    endloop
  endfacet
  facet normal 0.195032 -0.980797 0
    outer loop
      vertex 15 64.45 3.2
      vertex 14.6173 64.3739 0
      vertex 15 64.45 0
    endloop
  endfacet
  facet normal 0.831419 0.555646 0
    outer loop
      vertex 14.2929 62.7429 3.2
      vertex 14.0761 63.0673 0
      vertex 14.0761 63.0673 3.2
    endloop
  endfacet
  facet normal 0.831419 0.555646 0
    outer loop
      vertex 14.0761 63.0673 0
      vertex 14.2929 62.7429 3.2
      vertex 14.2929 62.7429 0
    endloop
  endfacet
  facet normal -0.555646 -0.831419 0
    outer loop
      vertex 15.3827 64.3739 0
      vertex 15.7071 64.1571 3.2
      vertex 15.3827 64.3739 3.2
    endloop
  endfacet
  facet normal -0.555646 -0.831419 -0
    outer loop
      vertex 15.7071 64.1571 3.2
      vertex 15.3827 64.3739 0
      vertex 15.7071 64.1571 0
    endloop
  endfacet
  facet normal -0.195032 0.980797 0
    outer loop
      vertex 15.3827 62.5261 0
      vertex 15 62.45 3.2
      vertex 15.3827 62.5261 3.2
    endloop
  endfacet
  facet normal -0.195032 0.980797 0
    outer loop
      vertex 15 62.45 3.2
      vertex 15.3827 62.5261 0
      vertex 15 62.45 0
    endloop
  endfacet
  facet normal -0.980797 -0.195032 0
    outer loop
      vertex 16 63.45 0
      vertex 15.9239 63.8327 3.2
      vertex 15.9239 63.8327 0
    endloop
  endfacet
  facet normal -0.980797 -0.195032 0
    outer loop
      vertex 15.9239 63.8327 3.2
      vertex 16 63.45 0
      vertex 16 63.45 3.2
    endloop
  endfacet
  facet normal -0.831419 -0.555646 0
    outer loop
      vertex 15.9239 63.8327 0
      vertex 15.7071 64.1571 3.2
      vertex 15.7071 64.1571 0
    endloop
  endfacet
  facet normal -0.831419 -0.555646 0
    outer loop
      vertex 15.7071 64.1571 3.2
      vertex 15.9239 63.8327 0
      vertex 15.9239 63.8327 3.2
    endloop
  endfacet
  facet normal 0.195032 0.980797 -0
    outer loop
      vertex 15 62.45 0
      vertex 14.6173 62.5261 3.2
      vertex 15 62.45 3.2
    endloop
  endfacet
  facet normal 0.195032 0.980797 0
    outer loop
      vertex 14.6173 62.5261 3.2
      vertex 15 62.45 0
      vertex 14.6173 62.5261 0
    endloop
  endfacet
  facet normal -0.555646 0.831419 0
    outer loop
      vertex 15.7071 62.7429 0
      vertex 15.3827 62.5261 3.2
      vertex 15.7071 62.7429 3.2
    endloop
  endfacet
  facet normal -0.555646 0.831419 0
    outer loop
      vertex 15.3827 62.5261 3.2
      vertex 15.7071 62.7429 0
      vertex 15.3827 62.5261 0
    endloop
  endfacet
  facet normal -0.195032 -0.980797 0
    outer loop
      vertex 15 64.45 0
      vertex 15.3827 64.3739 3.2
      vertex 15 64.45 3.2
    endloop
  endfacet
  facet normal -0.195032 -0.980797 -0
    outer loop
      vertex 15.3827 64.3739 3.2
      vertex 15 64.45 0
      vertex 15.3827 64.3739 0
    endloop
  endfacet
  facet normal 0.555646 -0.831419 0
    outer loop
      vertex 14.2929 64.1571 0
      vertex 14.6173 64.3739 3.2
      vertex 14.2929 64.1571 3.2
    endloop
  endfacet
  facet normal 0.555646 -0.831419 0
    outer loop
      vertex 14.6173 64.3739 3.2
      vertex 14.2929 64.1571 0
      vertex 14.6173 64.3739 0
    endloop
  endfacet
  facet normal -0.980797 0.195032 0
    outer loop
      vertex 15.9239 63.0673 0
      vertex 16 63.45 3.2
      vertex 16 63.45 0
    endloop
  endfacet
  facet normal -0.980797 0.195032 0
    outer loop
      vertex 16 63.45 3.2
      vertex 15.9239 63.0673 0
      vertex 15.9239 63.0673 3.2
    endloop
  endfacet
  facet normal 0.980797 0.195032 0
    outer loop
      vertex 14.0761 63.0673 3.2
      vertex 14 63.45 0
      vertex 14 63.45 3.2
    endloop
  endfacet
  facet normal 0.980797 0.195032 0
    outer loop
      vertex 14 63.45 0
      vertex 14.0761 63.0673 3.2
      vertex 14.0761 63.0673 0
    endloop
  endfacet
  facet normal 0.831419 -0.555646 0
    outer loop
      vertex 14.0761 63.8327 3.2
      vertex 14.2929 64.1571 0
      vertex 14.2929 64.1571 3.2
    endloop
  endfacet
  facet normal 0.831419 -0.555646 0
    outer loop
      vertex 14.2929 64.1571 0
      vertex 14.0761 63.8327 3.2
      vertex 14.0761 63.8327 0
    endloop
  endfacet
  facet normal -0.896925 0.442182 0
    outer loop
      vertex 18.7934 63.6451 0
      vertex 18.9659 63.995 3.2
      vertex 18.9659 63.995 0
    endloop
  endfacet
  facet normal -0.896925 0.442182 0
    outer loop
      vertex 18.9659 63.995 3.2
      vertex 18.7934 63.6451 0
      vertex 18.7934 63.6451 3.2
    endloop
  endfacet
  facet normal -0.997863 0.0653454 0
    outer loop
      vertex 18.9659 63.995 0
      vertex 18.9914 64.3844 3.2
      vertex 18.9914 64.3844 0
    endloop
  endfacet
  facet normal -0.997863 0.0653454 0
    outer loop
      vertex 18.9914 64.3844 3.2
      vertex 18.9659 63.995 0
      vertex 18.9659 63.995 3.2
    endloop
  endfacet
  facet normal 0.442287 0.896874 -0
    outer loop
      vertex 17.7412 63.2879 0
      vertex 17.3912 63.4605 3.2
      vertex 17.7412 63.2879 3.2
    endloop
  endfacet
  facet normal 0.442287 0.896874 0
    outer loop
      vertex 17.3912 63.4605 3.2
      vertex 17.7412 63.2879 0
      vertex 17.3912 63.4605 0
    endloop
  endfacet
  facet normal -0.0653621 -0.997862 0
    outer loop
      vertex 17.8695 65.2453 0
      vertex 18.2588 65.2198 3.2
      vertex 17.8695 65.2453 3.2
    endloop
  endfacet
  facet normal -0.0653621 -0.997862 -0
    outer loop
      vertex 18.2588 65.2198 3.2
      vertex 17.8695 65.2453 0
      vertex 18.2588 65.2198 0
    endloop
  endfacet
  facet normal -0.659339 0.751846 0
    outer loop
      vertex 18.7934 63.6451 0
      vertex 18.5 63.3878 3.2
      vertex 18.7934 63.6451 3.2
    endloop
  endfacet
  facet normal -0.659339 0.751846 0
    outer loop
      vertex 18.5 63.3878 3.2
      vertex 18.7934 63.6451 0
      vertex 18.5 63.3878 0
    endloop
  endfacet
  facet normal 0.751862 0.659321 0
    outer loop
      vertex 17.3912 63.4605 3.2
      vertex 17.134 63.7538 0
      vertex 17.134 63.7538 3.2
    endloop
  endfacet
  facet normal 0.751862 0.659321 0
    outer loop
      vertex 17.134 63.7538 0
      vertex 17.3912 63.4605 3.2
      vertex 17.3912 63.4605 0
    endloop
  endfacet
  facet normal -0.321374 0.946952 0
    outer loop
      vertex 18.5 63.3878 0
      vertex 18.1305 63.2624 3.2
      vertex 18.5 63.3878 3.2
    endloop
  endfacet
  facet normal -0.321374 0.946952 0
    outer loop
      vertex 18.1305 63.2624 3.2
      vertex 18.5 63.3878 0
      vertex 18.1305 63.2624 0
    endloop
  endfacet
  facet normal -0.751973 -0.659194 0
    outer loop
      vertex 18.866 64.7538 0
      vertex 18.6088 65.0472 3.2
      vertex 18.6088 65.0472 0
    endloop
  endfacet
  facet normal -0.751973 -0.659194 0
    outer loop
      vertex 18.6088 65.0472 3.2
      vertex 18.866 64.7538 0
      vertex 18.866 64.7538 3.2
    endloop
  endfacet
  facet normal 0.946952 0.321374 0
    outer loop
      vertex 17.134 63.7538 3.2
      vertex 17.0086 64.1233 0
      vertex 17.0086 64.1233 3.2
    endloop
  endfacet
  facet normal 0.946952 0.321374 0
    outer loop
      vertex 17.0086 64.1233 0
      vertex 17.134 63.7538 3.2
      vertex 17.134 63.7538 0
    endloop
  endfacet
  facet normal -0.442287 -0.896874 0
    outer loop
      vertex 18.2588 65.2198 0
      vertex 18.6088 65.0472 3.2
      vertex 18.2588 65.2198 3.2
    endloop
  endfacet
  facet normal -0.442287 -0.896874 -0
    outer loop
      vertex 18.6088 65.0472 3.2
      vertex 18.2588 65.2198 0
      vertex 18.6088 65.0472 0
    endloop
  endfacet
  facet normal 0.0653621 0.997862 -0
    outer loop
      vertex 18.1305 63.2624 0
      vertex 17.7412 63.2879 3.2
      vertex 18.1305 63.2624 3.2
    endloop
  endfacet
  facet normal 0.0653621 0.997862 0
    outer loop
      vertex 17.7412 63.2879 3.2
      vertex 18.1305 63.2624 0
      vertex 17.7412 63.2879 0
    endloop
  endfacet
  facet normal 0.896925 -0.442182 0
    outer loop
      vertex 17.0341 64.5127 3.2
      vertex 17.2066 64.8626 0
      vertex 17.2066 64.8626 3.2
    endloop
  endfacet
  facet normal 0.896925 -0.442182 0
    outer loop
      vertex 17.2066 64.8626 0
      vertex 17.0341 64.5127 3.2
      vertex 17.0341 64.5127 0
    endloop
  endfacet
  facet normal 0.659339 -0.751846 0
    outer loop
      vertex 17.2066 64.8626 0
      vertex 17.5 65.1199 3.2
      vertex 17.2066 64.8626 3.2
    endloop
  endfacet
  facet normal 0.659339 -0.751846 0
    outer loop
      vertex 17.5 65.1199 3.2
      vertex 17.2066 64.8626 0
      vertex 17.5 65.1199 0
    endloop
  endfacet
  facet normal -0.946926 -0.321452 0
    outer loop
      vertex 18.9914 64.3844 0
      vertex 18.866 64.7538 3.2
      vertex 18.866 64.7538 0
    endloop
  endfacet
  facet normal -0.946926 -0.321452 0
    outer loop
      vertex 18.866 64.7538 3.2
      vertex 18.9914 64.3844 0
      vertex 18.9914 64.3844 3.2
    endloop
  endfacet
  facet normal 0.321374 -0.946952 0
    outer loop
      vertex 17.5 65.1199 0
      vertex 17.8695 65.2453 3.2
      vertex 17.5 65.1199 3.2
    endloop
  endfacet
  facet normal 0.321374 -0.946952 0
    outer loop
      vertex 17.8695 65.2453 3.2
      vertex 17.5 65.1199 0
      vertex 17.8695 65.2453 0
    endloop
  endfacet
  facet normal 0.997863 -0.0653454 0
    outer loop
      vertex 17.0086 64.1233 3.2
      vertex 17.0341 64.5127 0
      vertex 17.0341 64.5127 3.2
    endloop
  endfacet
  facet normal 0.997863 -0.0653454 0
    outer loop
      vertex 17.0341 64.5127 0
      vertex 17.0086 64.1233 3.2
      vertex 17.0086 64.1233 0
    endloop
  endfacet
  facet normal -0.997862 -0.0653621 0
    outer loop
      vertex 21.1876 66.3195 0
      vertex 21.1621 66.7088 3.2
      vertex 21.1621 66.7088 0
    endloop
  endfacet
  facet normal -0.997862 -0.0653621 0
    outer loop
      vertex 21.1621 66.7088 3.2
      vertex 21.1876 66.3195 0
      vertex 21.1876 66.3195 3.2
    endloop
  endfacet
  facet normal -0.896874 -0.442287 0
    outer loop
      vertex 21.1621 66.7088 0
      vertex 20.9895 67.0588 3.2
      vertex 20.9895 67.0588 0
    endloop
  endfacet
  facet normal -0.896874 -0.442287 0
    outer loop
      vertex 20.9895 67.0588 3.2
      vertex 21.1621 66.7088 0
      vertex 21.1621 66.7088 3.2
    endloop
  endfacet
  facet normal -0.659321 -0.751862 0
    outer loop
      vertex 20.6962 67.316 0
      vertex 20.9895 67.0588 3.2
      vertex 20.6962 67.316 3.2
    endloop
  endfacet
  facet normal -0.659321 -0.751862 -0
    outer loop
      vertex 20.9895 67.0588 3.2
      vertex 20.6962 67.316 0
      vertex 20.9895 67.0588 0
    endloop
  endfacet
  facet normal -0.751846 0.659339 0
    outer loop
      vertex 20.8049 65.6566 0
      vertex 21.0622 65.95 3.2
      vertex 21.0622 65.95 0
    endloop
  endfacet
  facet normal -0.751846 0.659339 0
    outer loop
      vertex 21.0622 65.95 3.2
      vertex 20.8049 65.6566 0
      vertex 20.8049 65.6566 3.2
    endloop
  endfacet
  facet normal -0.946952 0.321374 0
    outer loop
      vertex 21.0622 65.95 0
      vertex 21.1876 66.3195 3.2
      vertex 21.1876 66.3195 0
    endloop
  endfacet
  facet normal -0.946952 0.321374 0
    outer loop
      vertex 21.1876 66.3195 3.2
      vertex 21.0622 65.95 0
      vertex 21.0622 65.95 3.2
    endloop
  endfacet
  facet normal -0.0653454 0.997863 0
    outer loop
      vertex 20.455 65.4841 0
      vertex 20.0656 65.4586 3.2
      vertex 20.455 65.4841 3.2
    endloop
  endfacet
  facet normal -0.0653454 0.997863 0
    outer loop
      vertex 20.0656 65.4586 3.2
      vertex 20.455 65.4841 0
      vertex 20.0656 65.4586 0
    endloop
  endfacet
  facet normal 0.896874 0.442287 0
    outer loop
      vertex 19.4028 65.8412 3.2
      vertex 19.2302 66.1912 0
      vertex 19.2302 66.1912 3.2
    endloop
  endfacet
  facet normal 0.896874 0.442287 0
    outer loop
      vertex 19.2302 66.1912 0
      vertex 19.4028 65.8412 3.2
      vertex 19.4028 65.8412 0
    endloop
  endfacet
  facet normal -0.442182 0.896925 0
    outer loop
      vertex 20.8049 65.6566 0
      vertex 20.455 65.4841 3.2
      vertex 20.8049 65.6566 3.2
    endloop
  endfacet
  facet normal -0.442182 0.896925 0
    outer loop
      vertex 20.455 65.4841 3.2
      vertex 20.8049 65.6566 0
      vertex 20.455 65.4841 0
    endloop
  endfacet
  facet normal 0.946952 -0.321374 0
    outer loop
      vertex 19.2047 66.5805 3.2
      vertex 19.3301 66.95 0
      vertex 19.3301 66.95 3.2
    endloop
  endfacet
  facet normal 0.946952 -0.321374 0
    outer loop
      vertex 19.3301 66.95 0
      vertex 19.2047 66.5805 3.2
      vertex 19.2047 66.5805 0
    endloop
  endfacet
  facet normal 0.0653454 -0.997863 0
    outer loop
      vertex 19.9373 67.4159 0
      vertex 20.3267 67.4414 3.2
      vertex 19.9373 67.4159 3.2
    endloop
  endfacet
  facet normal 0.0653454 -0.997863 0
    outer loop
      vertex 20.3267 67.4414 3.2
      vertex 19.9373 67.4159 0
      vertex 20.3267 67.4414 0
    endloop
  endfacet
  facet normal -0.321374 -0.946952 0
    outer loop
      vertex 20.3267 67.4414 0
      vertex 20.6962 67.316 3.2
      vertex 20.3267 67.4414 3.2
    endloop
  endfacet
  facet normal -0.321374 -0.946952 -0
    outer loop
      vertex 20.6962 67.316 3.2
      vertex 20.3267 67.4414 0
      vertex 20.6962 67.316 0
    endloop
  endfacet
  facet normal 0.751846 -0.659339 0
    outer loop
      vertex 19.3301 66.95 3.2
      vertex 19.5874 67.2434 0
      vertex 19.5874 67.2434 3.2
    endloop
  endfacet
  facet normal 0.751846 -0.659339 0
    outer loop
      vertex 19.5874 67.2434 0
      vertex 19.3301 66.95 3.2
      vertex 19.3301 66.95 0
    endloop
  endfacet
  facet normal 0.997862 0.0653621 0
    outer loop
      vertex 19.2302 66.1912 3.2
      vertex 19.2047 66.5805 0
      vertex 19.2047 66.5805 3.2
    endloop
  endfacet
  facet normal 0.997862 0.0653621 0
    outer loop
      vertex 19.2047 66.5805 0
      vertex 19.2302 66.1912 3.2
      vertex 19.2302 66.1912 0
    endloop
  endfacet
  facet normal 0.659194 0.751973 -0
    outer loop
      vertex 19.6962 65.584 0
      vertex 19.4028 65.8412 3.2
      vertex 19.6962 65.584 3.2
    endloop
  endfacet
  facet normal 0.659194 0.751973 0
    outer loop
      vertex 19.4028 65.8412 3.2
      vertex 19.6962 65.584 0
      vertex 19.4028 65.8412 0
    endloop
  endfacet
  facet normal 0.321452 0.946926 -0
    outer loop
      vertex 20.0656 65.4586 0
      vertex 19.6962 65.584 3.2
      vertex 20.0656 65.4586 3.2
    endloop
  endfacet
  facet normal 0.321452 0.946926 0
    outer loop
      vertex 19.6962 65.584 3.2
      vertex 20.0656 65.4586 0
      vertex 19.6962 65.584 0
    endloop
  endfacet
  facet normal 0.442182 -0.896925 0
    outer loop
      vertex 19.5874 67.2434 0
      vertex 19.9373 67.4159 3.2
      vertex 19.5874 67.2434 3.2
    endloop
  endfacet
  facet normal 0.442182 -0.896925 0
    outer loop
      vertex 19.9373 67.4159 3.2
      vertex 19.5874 67.2434 0
      vertex 19.9373 67.4159 0
    endloop
  endfacet
  facet normal 0.195032 0.980797 -0
    outer loop
      vertex 24 68.45 0
      vertex 23.6173 68.5261 3.2
      vertex 24 68.45 3.2
    endloop
  endfacet
  facet normal 0.195032 0.980797 0
    outer loop
      vertex 23.6173 68.5261 3.2
      vertex 24 68.45 0
      vertex 23.6173 68.5261 0
    endloop
  endfacet
  facet normal -0.831419 0.555646 0
    outer loop
      vertex 24.7071 68.7429 0
      vertex 24.9239 69.0673 3.2
      vertex 24.9239 69.0673 0
    endloop
  endfacet
  facet normal -0.831419 0.555646 0
    outer loop
      vertex 24.9239 69.0673 3.2
      vertex 24.7071 68.7429 0
      vertex 24.7071 68.7429 3.2
    endloop
  endfacet
  facet normal -0.831419 -0.555646 0
    outer loop
      vertex 24.9239 69.8327 0
      vertex 24.7071 70.1571 3.2
      vertex 24.7071 70.1571 0
    endloop
  endfacet
  facet normal -0.831419 -0.555646 0
    outer loop
      vertex 24.7071 70.1571 3.2
      vertex 24.9239 69.8327 0
      vertex 24.9239 69.8327 3.2
    endloop
  endfacet
  facet normal -0.980797 -0.195032 0
    outer loop
      vertex 25 69.45 0
      vertex 24.9239 69.8327 3.2
      vertex 24.9239 69.8327 0
    endloop
  endfacet
  facet normal -0.980797 -0.195032 0
    outer loop
      vertex 24.9239 69.8327 3.2
      vertex 25 69.45 0
      vertex 25 69.45 3.2
    endloop
  endfacet
  facet normal -0.555646 -0.831419 0
    outer loop
      vertex 24.3827 70.3739 0
      vertex 24.7071 70.1571 3.2
      vertex 24.3827 70.3739 3.2
    endloop
  endfacet
  facet normal -0.555646 -0.831419 -0
    outer loop
      vertex 24.7071 70.1571 3.2
      vertex 24.3827 70.3739 0
      vertex 24.7071 70.1571 0
    endloop
  endfacet
  facet normal 0.980797 0.195032 0
    outer loop
      vertex 23.0761 69.0673 3.2
      vertex 23 69.45 0
      vertex 23 69.45 3.2
    endloop
  endfacet
  facet normal 0.980797 0.195032 0
    outer loop
      vertex 23 69.45 0
      vertex 23.0761 69.0673 3.2
      vertex 23.0761 69.0673 0
    endloop
  endfacet
  facet normal -0.555646 0.831419 0
    outer loop
      vertex 24.7071 68.7429 0
      vertex 24.3827 68.5261 3.2
      vertex 24.7071 68.7429 3.2
    endloop
  endfacet
  facet normal -0.555646 0.831419 0
    outer loop
      vertex 24.3827 68.5261 3.2
      vertex 24.7071 68.7429 0
      vertex 24.3827 68.5261 0
    endloop
  endfacet
  facet normal 0.831419 -0.555646 0
    outer loop
      vertex 23.0761 69.8327 3.2
      vertex 23.2929 70.1571 0
      vertex 23.2929 70.1571 3.2
    endloop
  endfacet
  facet normal 0.831419 -0.555646 0
    outer loop
      vertex 23.2929 70.1571 0
      vertex 23.0761 69.8327 3.2
      vertex 23.0761 69.8327 0
    endloop
  endfacet
  facet normal -0.195032 0.980797 0
    outer loop
      vertex 24.3827 68.5261 0
      vertex 24 68.45 3.2
      vertex 24.3827 68.5261 3.2
    endloop
  endfacet
  facet normal -0.195032 0.980797 0
    outer loop
      vertex 24 68.45 3.2
      vertex 24.3827 68.5261 0
      vertex 24 68.45 0
    endloop
  endfacet
  facet normal 0.195032 -0.980797 0
    outer loop
      vertex 23.6173 70.3739 0
      vertex 24 70.45 3.2
      vertex 23.6173 70.3739 3.2
    endloop
  endfacet
  facet normal 0.195032 -0.980797 0
    outer loop
      vertex 24 70.45 3.2
      vertex 23.6173 70.3739 0
      vertex 24 70.45 0
    endloop
  endfacet
  facet normal 0.555646 -0.831419 0
    outer loop
      vertex 23.2929 70.1571 0
      vertex 23.6173 70.3739 3.2
      vertex 23.2929 70.1571 3.2
    endloop
  endfacet
  facet normal 0.555646 -0.831419 0
    outer loop
      vertex 23.6173 70.3739 3.2
      vertex 23.2929 70.1571 0
      vertex 23.6173 70.3739 0
    endloop
  endfacet
  facet normal -0.980797 0.195032 0
    outer loop
      vertex 24.9239 69.0673 0
      vertex 25 69.45 3.2
      vertex 25 69.45 0
    endloop
  endfacet
  facet normal -0.980797 0.195032 0
    outer loop
      vertex 25 69.45 3.2
      vertex 24.9239 69.0673 0
      vertex 24.9239 69.0673 3.2
    endloop
  endfacet
  facet normal 0.980797 -0.195032 0
    outer loop
      vertex 23 69.45 3.2
      vertex 23.0761 69.8327 0
      vertex 23.0761 69.8327 3.2
    endloop
  endfacet
  facet normal 0.980797 -0.195032 0
    outer loop
      vertex 23.0761 69.8327 0
      vertex 23 69.45 3.2
      vertex 23 69.45 0
    endloop
  endfacet
  facet normal 0.831419 0.555646 0
    outer loop
      vertex 23.2929 68.7429 3.2
      vertex 23.0761 69.0673 0
      vertex 23.0761 69.0673 3.2
    endloop
  endfacet
  facet normal 0.831419 0.555646 0
    outer loop
      vertex 23.0761 69.0673 0
      vertex 23.2929 68.7429 3.2
      vertex 23.2929 68.7429 0
    endloop
  endfacet
  facet normal -0.195032 -0.980797 0
    outer loop
      vertex 24 70.45 0
      vertex 24.3827 70.3739 3.2
      vertex 24 70.45 3.2
    endloop
  endfacet
  facet normal -0.195032 -0.980797 -0
    outer loop
      vertex 24.3827 70.3739 3.2
      vertex 24 70.45 0
      vertex 24.3827 70.3739 0
    endloop
  endfacet
  facet normal 0.555646 0.831419 -0
    outer loop
      vertex 23.6173 68.5261 0
      vertex 23.2929 68.7429 3.2
      vertex 23.6173 68.5261 3.2
    endloop
  endfacet
  facet normal 0.555646 0.831419 0
    outer loop
      vertex 23.2929 68.7429 3.2
      vertex 23.6173 68.5261 0
      vertex 23.2929 68.7429 0
    endloop
  endfacet
  facet normal -0.591353 -0.806413 0
    outer loop
      vertex 23.8799 73.4345 0
      vertex 24.1945 73.2038 3.2
      vertex 23.8799 73.4345 3.2
    endloop
  endfacet
  facet normal -0.591353 -0.806413 -0
    outer loop
      vertex 24.1945 73.2038 3.2
      vertex 23.8799 73.4345 0
      vertex 24.1945 73.2038 0
    endloop
  endfacet
  facet normal -0.85495 -0.518711 0
    outer loop
      vertex 24.3969 72.8702 0
      vertex 24.1945 73.2038 3.2
      vertex 24.1945 73.2038 0
    endloop
  endfacet
  facet normal -0.85495 -0.518711 0
    outer loop
      vertex 24.1945 73.2038 3.2
      vertex 24.3969 72.8702 0
      vertex 24.3969 72.8702 3.2
    endloop
  endfacet
  facet normal -0.237587 -0.971366 0
    outer loop
      vertex 23.5009 73.5272 0
      vertex 23.8799 73.4345 3.2
      vertex 23.5009 73.5272 3.2
    endloop
  endfacet
  facet normal -0.237587 -0.971366 -0
    outer loop
      vertex 23.8799 73.4345 3.2
      vertex 23.5009 73.5272 0
      vertex 23.8799 73.4345 0
    endloop
  endfacet
  facet normal 0.151961 -0.988387 0
    outer loop
      vertex 23.1152 73.4679 0
      vertex 23.5009 73.5272 3.2
      vertex 23.1152 73.4679 3.2
    endloop
  endfacet
  facet normal 0.151961 -0.988387 0
    outer loop
      vertex 23.5009 73.5272 3.2
      vertex 23.1152 73.4679 0
      vertex 23.5009 73.5272 0
    endloop
  endfacet
  facet normal 0.591353 0.806413 -0
    outer loop
      vertex 23.0346 71.6219 0
      vertex 22.72 71.8526 3.2
      vertex 23.0346 71.6219 3.2
    endloop
  endfacet
  facet normal 0.591353 0.806413 0
    outer loop
      vertex 22.72 71.8526 3.2
      vertex 23.0346 71.6219 0
      vertex 22.72 71.8526 0
    endloop
  endfacet
  facet normal -0.971307 0.237829 0
    outer loop
      vertex 24.3635 72.1056 0
      vertex 24.4563 72.4846 3.2
      vertex 24.4563 72.4846 0
    endloop
  endfacet
  facet normal -0.971307 0.237829 0
    outer loop
      vertex 24.4563 72.4846 3.2
      vertex 24.3635 72.1056 0
      vertex 24.3635 72.1056 3.2
    endloop
  endfacet
  facet normal -0.806503 0.59123 0
    outer loop
      vertex 24.1328 71.7909 0
      vertex 24.3635 72.1056 3.2
      vertex 24.3635 72.1056 0
    endloop
  endfacet
  facet normal -0.806503 0.59123 0
    outer loop
      vertex 24.3635 72.1056 3.2
      vertex 24.1328 71.7909 0
      vertex 24.1328 71.7909 3.2
    endloop
  endfacet
  facet normal 0.237829 0.971307 -0
    outer loop
      vertex 23.4136 71.5291 0
      vertex 23.0346 71.6219 3.2
      vertex 23.4136 71.5291 3.2
    endloop
  endfacet
  facet normal 0.237829 0.971307 0
    outer loop
      vertex 23.0346 71.6219 3.2
      vertex 23.4136 71.5291 0
      vertex 23.0346 71.6219 0
    endloop
  endfacet
  facet normal 0.971366 -0.237587 0
    outer loop
      vertex 22.4582 72.5718 3.2
      vertex 22.5509 72.9508 0
      vertex 22.5509 72.9508 3.2
    endloop
  endfacet
  facet normal 0.971366 -0.237587 0
    outer loop
      vertex 22.5509 72.9508 0
      vertex 22.4582 72.5718 3.2
      vertex 22.4582 72.5718 0
    endloop
  endfacet
  facet normal -0.518824 0.854881 0
    outer loop
      vertex 24.1328 71.7909 0
      vertex 23.7993 71.5885 3.2
      vertex 24.1328 71.7909 3.2
    endloop
  endfacet
  facet normal -0.518824 0.854881 0
    outer loop
      vertex 23.7993 71.5885 3.2
      vertex 24.1328 71.7909 0
      vertex 23.7993 71.5885 0
    endloop
  endfacet
  facet normal -0.988342 -0.15225 0
    outer loop
      vertex 24.4563 72.4846 0
      vertex 24.3969 72.8702 3.2
      vertex 24.3969 72.8702 0
    endloop
  endfacet
  facet normal -0.988342 -0.15225 0
    outer loop
      vertex 24.3969 72.8702 3.2
      vertex 24.4563 72.4846 0
      vertex 24.4563 72.4846 3.2
    endloop
  endfacet
  facet normal 0.988381 0.151999 0
    outer loop
      vertex 22.5175 72.1862 3.2
      vertex 22.4582 72.5718 0
      vertex 22.4582 72.5718 3.2
    endloop
  endfacet
  facet normal 0.988381 0.151999 0
    outer loop
      vertex 22.4582 72.5718 0
      vertex 22.5175 72.1862 3.2
      vertex 22.5175 72.1862 0
    endloop
  endfacet
  facet normal 0.854836 0.518898 0
    outer loop
      vertex 22.72 71.8526 3.2
      vertex 22.5175 72.1862 0
      vertex 22.5175 72.1862 3.2
    endloop
  endfacet
  facet normal 0.854836 0.518898 0
    outer loop
      vertex 22.5175 72.1862 0
      vertex 22.72 71.8526 3.2
      vertex 22.72 71.8526 0
    endloop
  endfacet
  facet normal 0.518711 -0.85495 0
    outer loop
      vertex 22.7816 73.2655 0
      vertex 23.1152 73.4679 3.2
      vertex 22.7816 73.2655 3.2
    endloop
  endfacet
  facet normal 0.518711 -0.85495 0
    outer loop
      vertex 23.1152 73.4679 3.2
      vertex 22.7816 73.2655 0
      vertex 23.1152 73.4679 0
    endloop
  endfacet
  facet normal 0.806503 -0.59123 0
    outer loop
      vertex 22.5509 72.9508 3.2
      vertex 22.7816 73.2655 0
      vertex 22.7816 73.2655 3.2
    endloop
  endfacet
  facet normal 0.806503 -0.59123 0
    outer loop
      vertex 22.7816 73.2655 0
      vertex 22.5509 72.9508 3.2
      vertex 22.5509 72.9508 0
    endloop
  endfacet
  facet normal -0.152211 0.988348 0
    outer loop
      vertex 23.7993 71.5885 0
      vertex 23.4136 71.5291 3.2
      vertex 23.7993 71.5885 3.2
    endloop
  endfacet
  facet normal -0.152211 0.988348 0
    outer loop
      vertex 23.4136 71.5291 3.2
      vertex 23.7993 71.5885 0
      vertex 23.4136 71.5291 0
    endloop
  endfacet
  facet normal -0.279931 -0.96002 0
    outer loop
      vertex 21.9816 76.2313 0
      vertex 22.3561 76.1221 3.2
      vertex 21.9816 76.2313 3.2
    endloop
  endfacet
  facet normal -0.279931 -0.96002 -0
    outer loop
      vertex 22.3561 76.1221 3.2
      vertex 21.9816 76.2313 0
      vertex 22.3561 76.1221 0
    endloop
  endfacet
  facet normal -0.625882 -0.779918 0
    outer loop
      vertex 22.3561 76.1221 0
      vertex 22.6604 75.8779 3.2
      vertex 22.3561 76.1221 3.2
    endloop
  endfacet
  facet normal -0.625882 -0.779918 -0
    outer loop
      vertex 22.6604 75.8779 3.2
      vertex 22.3561 76.1221 0
      vertex 22.6604 75.8779 0
    endloop
  endfacet
  facet normal 0.108913 -0.994051 0
    outer loop
      vertex 21.5937 76.1888 0
      vertex 21.9816 76.2313 3.2
      vertex 21.5937 76.1888 3.2
    endloop
  endfacet
  facet normal 0.108913 -0.994051 0
    outer loop
      vertex 21.9816 76.2313 3.2
      vertex 21.5937 76.1888 0
      vertex 21.9816 76.2313 0
    endloop
  endfacet
  facet normal -0.96004 0.279862 0
    outer loop
      vertex 22.7814 74.7733 0
      vertex 22.8906 75.1479 3.2
      vertex 22.8906 75.1479 0
    endloop
  endfacet
  facet normal -0.96004 0.279862 0
    outer loop
      vertex 22.8906 75.1479 3.2
      vertex 22.7814 74.7733 0
      vertex 22.7814 74.7733 3.2
    endloop
  endfacet
  facet normal -0.779918 0.625882 0
    outer loop
      vertex 22.5372 74.469 0
      vertex 22.7814 74.7733 3.2
      vertex 22.7814 74.7733 0
    endloop
  endfacet
  facet normal -0.779918 0.625882 0
    outer loop
      vertex 22.7814 74.7733 3.2
      vertex 22.5372 74.469 0
      vertex 22.5372 74.469 3.2
    endloop
  endfacet
  facet normal 0.994048 0.10894 0
    outer loop
      vertex 20.9407 74.9344 3.2
      vertex 20.8982 75.3222 0
      vertex 20.8982 75.3222 3.2
    endloop
  endfacet
  facet normal 0.994048 0.10894 0
    outer loop
      vertex 20.8982 75.3222 0
      vertex 20.9407 74.9344 3.2
      vertex 20.9407 74.9344 0
    endloop
  endfacet
  facet normal -0.876708 -0.481023 0
    outer loop
      vertex 22.8481 75.5358 0
      vertex 22.6604 75.8779 3.2
      vertex 22.6604 75.8779 0
    endloop
  endfacet
  facet normal -0.876708 -0.481023 0
    outer loop
      vertex 22.6604 75.8779 3.2
      vertex 22.8481 75.5358 0
      vertex 22.8481 75.5358 3.2
    endloop
  endfacet
  facet normal 0.779918 -0.625882 0
    outer loop
      vertex 21.0074 75.6968 3.2
      vertex 21.2516 76.0011 0
      vertex 21.2516 76.0011 3.2
    endloop
  endfacet
  facet normal 0.779918 -0.625882 0
    outer loop
      vertex 21.2516 76.0011 0
      vertex 21.0074 75.6968 3.2
      vertex 21.0074 75.6968 0
    endloop
  endfacet
  facet normal -0.480826 0.876816 0
    outer loop
      vertex 22.5372 74.469 0
      vertex 22.1951 74.2814 3.2
      vertex 22.5372 74.469 3.2
    endloop
  endfacet
  facet normal -0.480826 0.876816 0
    outer loop
      vertex 22.1951 74.2814 3.2
      vertex 22.5372 74.469 0
      vertex 22.1951 74.2814 0
    endloop
  endfacet
  facet normal 0.96004 -0.279862 0
    outer loop
      vertex 20.8982 75.3222 3.2
      vertex 21.0074 75.6968 0
      vertex 21.0074 75.6968 3.2
    endloop
  endfacet
  facet normal 0.96004 -0.279862 0
    outer loop
      vertex 21.0074 75.6968 0
      vertex 20.8982 75.3222 3.2
      vertex 20.8982 75.3222 0
    endloop
  endfacet
  facet normal 0.876708 0.481023 0
    outer loop
      vertex 21.1284 74.5923 3.2
      vertex 20.9407 74.9344 0
      vertex 20.9407 74.9344 3.2
    endloop
  endfacet
  facet normal 0.876708 0.481023 0
    outer loop
      vertex 20.9407 74.9344 0
      vertex 21.1284 74.5923 3.2
      vertex 21.1284 74.5923 0
    endloop
  endfacet
  facet normal -0.994051 -0.108913 0
    outer loop
      vertex 22.8906 75.1479 0
      vertex 22.8481 75.5358 3.2
      vertex 22.8481 75.5358 0
    endloop
  endfacet
  facet normal -0.994051 -0.108913 0
    outer loop
      vertex 22.8481 75.5358 3.2
      vertex 22.8906 75.1479 0
      vertex 22.8906 75.1479 3.2
    endloop
  endfacet
  facet normal 0.279931 0.96002 -0
    outer loop
      vertex 21.8072 74.2389 0
      vertex 21.4327 74.3481 3.2
      vertex 21.8072 74.2389 3.2
    endloop
  endfacet
  facet normal 0.279931 0.96002 0
    outer loop
      vertex 21.4327 74.3481 3.2
      vertex 21.8072 74.2389 0
      vertex 21.4327 74.3481 0
    endloop
  endfacet
  facet normal 0.625882 0.779918 -0
    outer loop
      vertex 21.4327 74.3481 0
      vertex 21.1284 74.5923 3.2
      vertex 21.4327 74.3481 3.2
    endloop
  endfacet
  facet normal 0.625882 0.779918 0
    outer loop
      vertex 21.1284 74.5923 3.2
      vertex 21.4327 74.3481 0
      vertex 21.1284 74.5923 0
    endloop
  endfacet
  facet normal 0.481023 -0.876708 0
    outer loop
      vertex 21.2516 76.0011 0
      vertex 21.5937 76.1888 3.2
      vertex 21.2516 76.0011 3.2
    endloop
  endfacet
  facet normal 0.481023 -0.876708 0
    outer loop
      vertex 21.5937 76.1888 3.2
      vertex 21.2516 76.0011 0
      vertex 21.5937 76.1888 0
    endloop
  endfacet
  facet normal -0.108913 0.994051 0
    outer loop
      vertex 22.1951 74.2814 0
      vertex 21.8072 74.2389 3.2
      vertex 22.1951 74.2814 3.2
    endloop
  endfacet
  facet normal -0.108913 0.994051 0
    outer loop
      vertex 21.8072 74.2389 3.2
      vertex 22.1951 74.2814 0
      vertex 21.8072 74.2389 0
    endloop
  endfacet
  facet normal 0.0653621 -0.997862 0
    outer loop
      vertex 19.2412 78.2102 0
      vertex 19.6305 78.2357 3.2
      vertex 19.2412 78.2102 3.2
    endloop
  endfacet
  facet normal 0.0653621 -0.997862 0
    outer loop
      vertex 19.6305 78.2357 3.2
      vertex 19.2412 78.2102 0
      vertex 19.6305 78.2357 0
    endloop
  endfacet
  facet normal -0.321374 -0.946952 0
    outer loop
      vertex 19.6305 78.2357 0
      vertex 20 78.1103 3.2
      vertex 19.6305 78.2357 3.2
    endloop
  endfacet
  facet normal -0.321374 -0.946952 -0
    outer loop
      vertex 20 78.1103 3.2
      vertex 19.6305 78.2357 0
      vertex 20 78.1103 0
    endloop
  endfacet
  facet normal 0.442287 -0.896874 0
    outer loop
      vertex 18.8912 78.0376 0
      vertex 19.2412 78.2102 3.2
      vertex 18.8912 78.0376 3.2
    endloop
  endfacet
  facet normal 0.442287 -0.896874 0
    outer loop
      vertex 19.2412 78.2102 3.2
      vertex 18.8912 78.0376 0
      vertex 19.2412 78.2102 0
    endloop
  endfacet
  facet normal 0.321374 0.946952 -0
    outer loop
      vertex 19.3695 76.2528 0
      vertex 19 76.3782 3.2
      vertex 19.3695 76.2528 3.2
    endloop
  endfacet
  facet normal 0.321374 0.946952 0
    outer loop
      vertex 19 76.3782 3.2
      vertex 19.3695 76.2528 0
      vertex 19 76.3782 0
    endloop
  endfacet
  facet normal -0.997862 -0.0653621 0
    outer loop
      vertex 20.4914 77.1137 0
      vertex 20.4659 77.503 3.2
      vertex 20.4659 77.503 0
    endloop
  endfacet
  facet normal -0.997862 -0.0653621 0
    outer loop
      vertex 20.4659 77.503 3.2
      vertex 20.4914 77.1137 0
      vertex 20.4914 77.1137 3.2
    endloop
  endfacet
  facet normal 0.896925 0.442182 0
    outer loop
      vertex 18.7066 76.6355 3.2
      vertex 18.5341 76.9854 0
      vertex 18.5341 76.9854 3.2
    endloop
  endfacet
  facet normal 0.896925 0.442182 0
    outer loop
      vertex 18.5341 76.9854 0
      vertex 18.7066 76.6355 3.2
      vertex 18.7066 76.6355 0
    endloop
  endfacet
  facet normal -0.751862 0.659321 0
    outer loop
      vertex 20.1088 76.4509 0
      vertex 20.366 76.7442 3.2
      vertex 20.366 76.7442 0
    endloop
  endfacet
  facet normal -0.751862 0.659321 0
    outer loop
      vertex 20.366 76.7442 3.2
      vertex 20.1088 76.4509 0
      vertex 20.1088 76.4509 3.2
    endloop
  endfacet
  facet normal 0.751973 -0.659194 0
    outer loop
      vertex 18.634 77.7442 3.2
      vertex 18.8912 78.0376 0
      vertex 18.8912 78.0376 3.2
    endloop
  endfacet
  facet normal 0.751973 -0.659194 0
    outer loop
      vertex 18.8912 78.0376 0
      vertex 18.634 77.7442 3.2
      vertex 18.634 77.7442 0
    endloop
  endfacet
  facet normal 0.946926 -0.321452 0
    outer loop
      vertex 18.5086 77.3748 3.2
      vertex 18.634 77.7442 0
      vertex 18.634 77.7442 3.2
    endloop
  endfacet
  facet normal 0.946926 -0.321452 0
    outer loop
      vertex 18.634 77.7442 0
      vertex 18.5086 77.3748 3.2
      vertex 18.5086 77.3748 0
    endloop
  endfacet
  facet normal 0.997863 0.0653454 0
    outer loop
      vertex 18.5341 76.9854 3.2
      vertex 18.5086 77.3748 0
      vertex 18.5086 77.3748 3.2
    endloop
  endfacet
  facet normal 0.997863 0.0653454 0
    outer loop
      vertex 18.5086 77.3748 0
      vertex 18.5341 76.9854 3.2
      vertex 18.5341 76.9854 0
    endloop
  endfacet
  facet normal 0.659339 0.751846 -0
    outer loop
      vertex 19 76.3782 0
      vertex 18.7066 76.6355 3.2
      vertex 19 76.3782 3.2
    endloop
  endfacet
  facet normal 0.659339 0.751846 0
    outer loop
      vertex 18.7066 76.6355 3.2
      vertex 19 76.3782 0
      vertex 18.7066 76.6355 0
    endloop
  endfacet
  facet normal -0.896975 -0.442081 0
    outer loop
      vertex 20.4659 77.503 0
      vertex 20.2934 77.853 3.2
      vertex 20.2934 77.853 0
    endloop
  endfacet
  facet normal -0.896975 -0.442081 0
    outer loop
      vertex 20.2934 77.853 3.2
      vertex 20.4659 77.503 0
      vertex 20.4659 77.503 3.2
    endloop
  endfacet
  facet normal -0.659339 -0.751846 0
    outer loop
      vertex 20 78.1103 0
      vertex 20.2934 77.853 3.2
      vertex 20 78.1103 3.2
    endloop
  endfacet
  facet normal -0.659339 -0.751846 -0
    outer loop
      vertex 20.2934 77.853 3.2
      vertex 20 78.1103 0
      vertex 20.2934 77.853 0
    endloop
  endfacet
  facet normal -0.0653621 0.997862 0
    outer loop
      vertex 19.7588 76.2783 0
      vertex 19.3695 76.2528 3.2
      vertex 19.7588 76.2783 3.2
    endloop
  endfacet
  facet normal -0.0653621 0.997862 0
    outer loop
      vertex 19.3695 76.2528 3.2
      vertex 19.7588 76.2783 0
      vertex 19.3695 76.2528 0
    endloop
  endfacet
  facet normal -0.946952 0.321374 0
    outer loop
      vertex 20.366 76.7442 0
      vertex 20.4914 77.1137 3.2
      vertex 20.4914 77.1137 0
    endloop
  endfacet
  facet normal -0.946952 0.321374 0
    outer loop
      vertex 20.4914 77.1137 3.2
      vertex 20.366 76.7442 0
      vertex 20.366 76.7442 3.2
    endloop
  endfacet
  facet normal -0.442287 0.896874 0
    outer loop
      vertex 20.1088 76.4509 0
      vertex 19.7588 76.2783 3.2
      vertex 20.1088 76.4509 3.2
    endloop
  endfacet
  facet normal -0.442287 0.896874 0
    outer loop
      vertex 19.7588 76.2783 3.2
      vertex 20.1088 76.4509 0
      vertex 19.7588 76.2783 0
    endloop
  endfacet
  facet normal 0.402902 -0.915243 0
    outer loop
      vertex 15.9893 79.1324 0
      vertex 16.3464 79.2896 3.2
      vertex 15.9893 79.1324 3.2
    endloop
  endfacet
  facet normal 0.402902 -0.915243 0
    outer loop
      vertex 16.3464 79.2896 3.2
      vertex 15.9893 79.1324 0
      vertex 16.3464 79.2896 0
    endloop
  endfacet
  facet normal 0.0217841 -0.999763 0
    outer loop
      vertex 16.3464 79.2896 0
      vertex 16.7365 79.2981 3.2
      vertex 16.3464 79.2896 3.2
    endloop
  endfacet
  facet normal 0.0217841 -0.999763 0
    outer loop
      vertex 16.7365 79.2981 3.2
      vertex 16.3464 79.2896 0
      vertex 16.7365 79.2981 0
    endloop
  endfacet
  facet normal 0.722191 -0.691694 0
    outer loop
      vertex 15.7194 78.8506 3.2
      vertex 15.9893 79.1324 0
      vertex 15.9893 79.1324 3.2
    endloop
  endfacet
  facet normal 0.722191 -0.691694 0
    outer loop
      vertex 15.9893 79.1324 0
      vertex 15.7194 78.8506 3.2
      vertex 15.7194 78.8506 0
    endloop
  endfacet
  facet normal 0.932038 -0.36236 0
    outer loop
      vertex 15.578 78.4869 3.2
      vertex 15.7194 78.8506 0
      vertex 15.7194 78.8506 3.2
    endloop
  endfacet
  facet normal 0.932038 -0.36236 0
    outer loop
      vertex 15.7194 78.8506 0
      vertex 15.578 78.4869 3.2
      vertex 15.578 78.4869 0
    endloop
  endfacet
  facet normal -0.362446 -0.932005 0
    outer loop
      vertex 16.7365 79.2981 0
      vertex 17.1001 79.1567 3.2
      vertex 16.7365 79.2981 3.2
    endloop
  endfacet
  facet normal -0.362446 -0.932005 -0
    outer loop
      vertex 17.1001 79.1567 3.2
      vertex 16.7365 79.2981 0
      vertex 17.1001 79.1567 0
    endloop
  endfacet
  facet normal 0.915243 0.402902 0
    outer loop
      vertex 15.7437 77.7397 3.2
      vertex 15.5865 78.0968 0
      vertex 15.5865 78.0968 3.2
    endloop
  endfacet
  facet normal 0.915243 0.402902 0
    outer loop
      vertex 15.5865 78.0968 0
      vertex 15.7437 77.7397 3.2
      vertex 15.7437 77.7397 0
    endloop
  endfacet
  facet normal 0.36236 0.932038 -0
    outer loop
      vertex 16.3892 77.3285 0
      vertex 16.0255 77.4699 3.2
      vertex 16.3892 77.3285 3.2
    endloop
  endfacet
  facet normal 0.36236 0.932038 0
    outer loop
      vertex 16.0255 77.4699 3.2
      vertex 16.3892 77.3285 0
      vertex 16.0255 77.4699 0
    endloop
  endfacet
  facet normal 0.69156 0.722319 -0
    outer loop
      vertex 16.0255 77.4699 0
      vertex 15.7437 77.7397 3.2
      vertex 16.0255 77.4699 3.2
    endloop
  endfacet
  facet normal 0.69156 0.722319 0
    outer loop
      vertex 15.7437 77.7397 3.2
      vertex 16.0255 77.4699 0
      vertex 15.7437 77.7397 0
    endloop
  endfacet
  facet normal -0.999763 -0.0217841 0
    outer loop
      vertex 17.5476 78.1396 0
      vertex 17.5391 78.5297 3.2
      vertex 17.5391 78.5297 0
    endloop
  endfacet
  facet normal -0.999763 -0.0217841 0
    outer loop
      vertex 17.5391 78.5297 3.2
      vertex 17.5476 78.1396 0
      vertex 17.5476 78.1396 3.2
    endloop
  endfacet
  facet normal -0.691566 -0.722313 0
    outer loop
      vertex 17.1001 79.1567 0
      vertex 17.382 78.8868 3.2
      vertex 17.1001 79.1567 3.2
    endloop
  endfacet
  facet normal -0.691566 -0.722313 -0
    outer loop
      vertex 17.382 78.8868 3.2
      vertex 17.1001 79.1567 0
      vertex 17.382 78.8868 0
    endloop
  endfacet
  facet normal 0.999763 0.0217841 0
    outer loop
      vertex 15.5865 78.0968 3.2
      vertex 15.578 78.4869 0
      vertex 15.578 78.4869 3.2
    endloop
  endfacet
  facet normal 0.999763 0.0217841 0
    outer loop
      vertex 15.578 78.4869 0
      vertex 15.5865 78.0968 3.2
      vertex 15.5865 78.0968 0
    endloop
  endfacet
  facet normal -0.932005 0.362446 0
    outer loop
      vertex 17.4062 77.776 0
      vertex 17.5476 78.1396 3.2
      vertex 17.5476 78.1396 0
    endloop
  endfacet
  facet normal -0.932005 0.362446 0
    outer loop
      vertex 17.5476 78.1396 3.2
      vertex 17.4062 77.776 0
      vertex 17.4062 77.776 3.2
    endloop
  endfacet
  facet normal -0.722441 0.691432 0
    outer loop
      vertex 17.1364 77.4941 0
      vertex 17.4062 77.776 3.2
      vertex 17.4062 77.776 0
    endloop
  endfacet
  facet normal -0.722441 0.691432 0
    outer loop
      vertex 17.4062 77.776 3.2
      vertex 17.1364 77.4941 0
      vertex 17.1364 77.4941 3.2
    endloop
  endfacet
  facet normal -0.915338 -0.402687 0
    outer loop
      vertex 17.5391 78.5297 0
      vertex 17.382 78.8868 3.2
      vertex 17.382 78.8868 0
    endloop
  endfacet
  facet normal -0.915338 -0.402687 0
    outer loop
      vertex 17.382 78.8868 3.2
      vertex 17.5391 78.5297 0
      vertex 17.5391 78.5297 3.2
    endloop
  endfacet
  facet normal -0.0217841 0.999763 0
    outer loop
      vertex 16.7793 77.337 0
      vertex 16.3892 77.3285 3.2
      vertex 16.7793 77.337 3.2
    endloop
  endfacet
  facet normal -0.0217841 0.999763 0
    outer loop
      vertex 16.3892 77.3285 3.2
      vertex 16.7793 77.337 0
      vertex 16.3892 77.3285 0
    endloop
  endfacet
  facet normal -0.402687 0.915338 0
    outer loop
      vertex 17.1364 77.4941 0
      vertex 16.7793 77.337 3.2
      vertex 17.1364 77.4941 3.2
    endloop
  endfacet
  facet normal -0.402687 0.915338 0
    outer loop
      vertex 16.7793 77.337 3.2
      vertex 17.1364 77.4941 0
      vertex 16.7793 77.337 0
    endloop
  endfacet
  facet normal 0.691566 -0.722313 0
    outer loop
      vertex 12.618 78.8868 0
      vertex 12.8999 79.1567 3.2
      vertex 12.618 78.8868 3.2
    endloop
  endfacet
  facet normal 0.691566 -0.722313 0
    outer loop
      vertex 12.8999 79.1567 3.2
      vertex 12.618 78.8868 0
      vertex 12.8999 79.1567 0
    endloop
  endfacet
  facet normal 0.362446 -0.932005 0
    outer loop
      vertex 12.8999 79.1567 0
      vertex 13.2635 79.2981 3.2
      vertex 12.8999 79.1567 3.2
    endloop
  endfacet
  facet normal 0.362446 -0.932005 0
    outer loop
      vertex 13.2635 79.2981 3.2
      vertex 12.8999 79.1567 0
      vertex 13.2635 79.2981 0
    endloop
  endfacet
  facet normal 0.915338 -0.402687 0
    outer loop
      vertex 12.4609 78.5297 3.2
      vertex 12.618 78.8868 0
      vertex 12.618 78.8868 3.2
    endloop
  endfacet
  facet normal 0.915338 -0.402687 0
    outer loop
      vertex 12.618 78.8868 0
      vertex 12.4609 78.5297 3.2
      vertex 12.4609 78.5297 0
    endloop
  endfacet
  facet normal 0.932005 0.362446 0
    outer loop
      vertex 12.5938 77.776 3.2
      vertex 12.4524 78.1396 0
      vertex 12.4524 78.1396 3.2
    endloop
  endfacet
  facet normal 0.932005 0.362446 0
    outer loop
      vertex 12.4524 78.1396 0
      vertex 12.5938 77.776 3.2
      vertex 12.5938 77.776 0
    endloop
  endfacet
  facet normal -0.932038 -0.36236 0
    outer loop
      vertex 14.422 78.4869 0
      vertex 14.2806 78.8506 3.2
      vertex 14.2806 78.8506 0
    endloop
  endfacet
  facet normal -0.932038 -0.36236 0
    outer loop
      vertex 14.2806 78.8506 3.2
      vertex 14.422 78.4869 0
      vertex 14.422 78.4869 3.2
    endloop
  endfacet
  facet normal -0.402902 -0.915243 0
    outer loop
      vertex 13.6536 79.2896 0
      vertex 14.0107 79.1324 3.2
      vertex 13.6536 79.2896 3.2
    endloop
  endfacet
  facet normal -0.402902 -0.915243 -0
    outer loop
      vertex 14.0107 79.1324 3.2
      vertex 13.6536 79.2896 0
      vertex 14.0107 79.1324 0
    endloop
  endfacet
  facet normal -0.999763 0.0217841 0
    outer loop
      vertex 14.4135 78.0968 0
      vertex 14.422 78.4869 3.2
      vertex 14.422 78.4869 0
    endloop
  endfacet
  facet normal -0.999763 0.0217841 0
    outer loop
      vertex 14.422 78.4869 3.2
      vertex 14.4135 78.0968 0
      vertex 14.4135 78.0968 3.2
    endloop
  endfacet
  facet normal -0.36236 0.932038 0
    outer loop
      vertex 13.9745 77.4699 0
      vertex 13.6108 77.3285 3.2
      vertex 13.9745 77.4699 3.2
    endloop
  endfacet
  facet normal -0.36236 0.932038 0
    outer loop
      vertex 13.6108 77.3285 3.2
      vertex 13.9745 77.4699 0
      vertex 13.6108 77.3285 0
    endloop
  endfacet
  facet normal 0.999763 -0.0217841 0
    outer loop
      vertex 12.4524 78.1396 3.2
      vertex 12.4609 78.5297 0
      vertex 12.4609 78.5297 3.2
    endloop
  endfacet
  facet normal 0.999763 -0.0217841 0
    outer loop
      vertex 12.4609 78.5297 0
      vertex 12.4524 78.1396 3.2
      vertex 12.4524 78.1396 0
    endloop
  endfacet
  facet normal 0.402687 0.915338 -0
    outer loop
      vertex 13.2207 77.337 0
      vertex 12.8636 77.4941 3.2
      vertex 13.2207 77.337 3.2
    endloop
  endfacet
  facet normal 0.402687 0.915338 0
    outer loop
      vertex 12.8636 77.4941 3.2
      vertex 13.2207 77.337 0
      vertex 12.8636 77.4941 0
    endloop
  endfacet
  facet normal -0.0217841 -0.999763 0
    outer loop
      vertex 13.2635 79.2981 0
      vertex 13.6536 79.2896 3.2
      vertex 13.2635 79.2981 3.2
    endloop
  endfacet
  facet normal -0.0217841 -0.999763 -0
    outer loop
      vertex 13.6536 79.2896 3.2
      vertex 13.2635 79.2981 0
      vertex 13.6536 79.2896 0
    endloop
  endfacet
  facet normal -0.722191 -0.691694 0
    outer loop
      vertex 14.2806 78.8506 0
      vertex 14.0107 79.1324 3.2
      vertex 14.0107 79.1324 0
    endloop
  endfacet
  facet normal -0.722191 -0.691694 0
    outer loop
      vertex 14.0107 79.1324 3.2
      vertex 14.2806 78.8506 0
      vertex 14.2806 78.8506 3.2
    endloop
  endfacet
  facet normal -0.69156 0.722319 0
    outer loop
      vertex 14.2563 77.7397 0
      vertex 13.9745 77.4699 3.2
      vertex 14.2563 77.7397 3.2
    endloop
  endfacet
  facet normal -0.69156 0.722319 0
    outer loop
      vertex 13.9745 77.4699 3.2
      vertex 14.2563 77.7397 0
      vertex 13.9745 77.4699 0
    endloop
  endfacet
  facet normal 0.722441 0.691432 0
    outer loop
      vertex 12.8636 77.4941 3.2
      vertex 12.5938 77.776 0
      vertex 12.5938 77.776 3.2
    endloop
  endfacet
  facet normal 0.722441 0.691432 0
    outer loop
      vertex 12.5938 77.776 0
      vertex 12.8636 77.4941 3.2
      vertex 12.8636 77.4941 0
    endloop
  endfacet
  facet normal 0.0217841 0.999763 -0
    outer loop
      vertex 13.6108 77.3285 0
      vertex 13.2207 77.337 3.2
      vertex 13.6108 77.3285 3.2
    endloop
  endfacet
  facet normal 0.0217841 0.999763 0
    outer loop
      vertex 13.2207 77.337 3.2
      vertex 13.6108 77.3285 0
      vertex 13.2207 77.337 0
    endloop
  endfacet
  facet normal -0.915243 0.402902 0
    outer loop
      vertex 14.2563 77.7397 0
      vertex 14.4135 78.0968 3.2
      vertex 14.4135 78.0968 0
    endloop
  endfacet
  facet normal -0.915243 0.402902 0
    outer loop
      vertex 14.4135 78.0968 3.2
      vertex 14.2563 77.7397 0
      vertex 14.2563 77.7397 3.2
    endloop
  endfacet
  facet normal 0.896894 -0.442246 0
    outer loop
      vertex 9.53407 77.503 3.2
      vertex 9.70665 77.853 0
      vertex 9.70665 77.853 3.2
    endloop
  endfacet
  facet normal 0.896894 -0.442246 0
    outer loop
      vertex 9.70665 77.853 0
      vertex 9.53407 77.503 3.2
      vertex 9.53407 77.503 0
    endloop
  endfacet
  facet normal 0.659402 -0.75179 0
    outer loop
      vertex 9.70665 77.853 0
      vertex 10 78.1103 3.2
      vertex 9.70665 77.853 3.2
    endloop
  endfacet
  facet normal 0.659402 -0.75179 0
    outer loop
      vertex 10 78.1103 3.2
      vertex 9.70665 77.853 0
      vertex 10 78.1103 0
    endloop
  endfacet
  facet normal 0.99786 -0.0653876 0
    outer loop
      vertex 9.50856 77.1137 3.2
      vertex 9.53407 77.503 0
      vertex 9.53407 77.503 3.2
    endloop
  endfacet
  facet normal 0.99786 -0.0653876 0
    outer loop
      vertex 9.53407 77.503 0
      vertex 9.50856 77.1137 3.2
      vertex 9.50856 77.1137 0
    endloop
  endfacet
  facet normal -0.442287 -0.896874 0
    outer loop
      vertex 10.7588 78.2102 0
      vertex 11.1088 78.0376 3.2
      vertex 10.7588 78.2102 3.2
    endloop
  endfacet
  facet normal -0.442287 -0.896874 -0
    outer loop
      vertex 11.1088 78.0376 3.2
      vertex 10.7588 78.2102 0
      vertex 11.1088 78.0376 0
    endloop
  endfacet
  facet normal 0.0653621 0.997862 -0
    outer loop
      vertex 10.6305 76.2528 0
      vertex 10.2412 76.2783 3.2
      vertex 10.6305 76.2528 3.2
    endloop
  endfacet
  facet normal 0.0653621 0.997862 0
    outer loop
      vertex 10.2412 76.2783 3.2
      vertex 10.6305 76.2528 0
      vertex 10.2412 76.2783 0
    endloop
  endfacet
  facet normal 0.321374 -0.946952 0
    outer loop
      vertex 10 78.1103 0
      vertex 10.3695 78.2357 3.2
      vertex 10 78.1103 3.2
    endloop
  endfacet
  facet normal 0.321374 -0.946952 0
    outer loop
      vertex 10.3695 78.2357 3.2
      vertex 10 78.1103 0
      vertex 10.3695 78.2357 0
    endloop
  endfacet
  facet normal 0.442327 0.896854 -0
    outer loop
      vertex 10.2412 76.2783 0
      vertex 9.89124 76.4509 3.2
      vertex 10.2412 76.2783 3.2
    endloop
  endfacet
  facet normal 0.442327 0.896854 0
    outer loop
      vertex 9.89124 76.4509 3.2
      vertex 10.2412 76.2783 0
      vertex 9.89124 76.4509 0
    endloop
  endfacet
  facet normal -0.321374 0.946952 0
    outer loop
      vertex 11 76.3782 0
      vertex 10.6305 76.2528 3.2
      vertex 11 76.3782 3.2
    endloop
  endfacet
  facet normal -0.321374 0.946952 0
    outer loop
      vertex 10.6305 76.2528 3.2
      vertex 11 76.3782 0
      vertex 10.6305 76.2528 0
    endloop
  endfacet
  facet normal -0.0653621 -0.997862 0
    outer loop
      vertex 10.3695 78.2357 0
      vertex 10.7588 78.2102 3.2
      vertex 10.3695 78.2357 3.2
    endloop
  endfacet
  facet normal -0.0653621 -0.997862 -0
    outer loop
      vertex 10.7588 78.2102 3.2
      vertex 10.3695 78.2357 0
      vertex 10.7588 78.2102 0
    endloop
  endfacet
  facet normal -0.896925 0.442182 0
    outer loop
      vertex 11.2934 76.6355 0
      vertex 11.4659 76.9854 3.2
      vertex 11.4659 76.9854 0
    endloop
  endfacet
  facet normal -0.896925 0.442182 0
    outer loop
      vertex 11.4659 76.9854 3.2
      vertex 11.2934 76.6355 0
      vertex 11.2934 76.6355 3.2
    endloop
  endfacet
  facet normal -0.659339 0.751846 0
    outer loop
      vertex 11.2934 76.6355 0
      vertex 11 76.3782 3.2
      vertex 11.2934 76.6355 3.2
    endloop
  endfacet
  facet normal -0.659339 0.751846 0
    outer loop
      vertex 11 76.3782 3.2
      vertex 11.2934 76.6355 0
      vertex 11 76.3782 0
    endloop
  endfacet
  facet normal 0.751785 0.659408 0
    outer loop
      vertex 9.89124 76.4509 3.2
      vertex 9.63398 76.7442 0
      vertex 9.63398 76.7442 3.2
    endloop
  endfacet
  facet normal 0.751785 0.659408 0
    outer loop
      vertex 9.63398 76.7442 0
      vertex 9.89124 76.4509 3.2
      vertex 9.89124 76.4509 0
    endloop
  endfacet
  facet normal 0.946937 0.32142 0
    outer loop
      vertex 9.63398 76.7442 3.2
      vertex 9.50856 77.1137 0
      vertex 9.50856 77.1137 3.2
    endloop
  endfacet
  facet normal 0.946937 0.32142 0
    outer loop
      vertex 9.50856 77.1137 0
      vertex 9.63398 76.7442 3.2
      vertex 9.63398 76.7442 0
    endloop
  endfacet
  facet normal -0.751973 -0.659194 0
    outer loop
      vertex 11.366 77.7442 0
      vertex 11.1088 78.0376 3.2
      vertex 11.1088 78.0376 0
    endloop
  endfacet
  facet normal -0.751973 -0.659194 0
    outer loop
      vertex 11.1088 78.0376 3.2
      vertex 11.366 77.7442 0
      vertex 11.366 77.7442 3.2
    endloop
  endfacet
  facet normal -0.946926 -0.321452 0
    outer loop
      vertex 11.4914 77.3748 0
      vertex 11.366 77.7442 3.2
      vertex 11.366 77.7442 0
    endloop
  endfacet
  facet normal -0.946926 -0.321452 0
    outer loop
      vertex 11.366 77.7442 3.2
      vertex 11.4914 77.3748 0
      vertex 11.4914 77.3748 3.2
    endloop
  endfacet
  facet normal -0.997863 0.0653454 0
    outer loop
      vertex 11.4659 76.9854 0
      vertex 11.4914 77.3748 3.2
      vertex 11.4914 77.3748 0
    endloop
  endfacet
  facet normal -0.997863 0.0653454 0
    outer loop
      vertex 11.4914 77.3748 3.2
      vertex 11.4659 76.9854 0
      vertex 11.4659 76.9854 3.2
    endloop
  endfacet
  facet normal -0.779893 -0.625913 0
    outer loop
      vertex 8.99261 75.6968 0
      vertex 8.74839 76.0011 3.2
      vertex 8.74839 76.0011 0
    endloop
  endfacet
  facet normal -0.779893 -0.625913 0
    outer loop
      vertex 8.74839 76.0011 3.2
      vertex 8.99261 75.6968 0
      vertex 8.99261 75.6968 3.2
    endloop
  endfacet
  facet normal 0.99406 -0.108837 0
    outer loop
      vertex 7.10941 75.1479 3.2
      vertex 7.15188 75.5358 0
      vertex 7.15188 75.5358 3.2
    endloop
  endfacet
  facet normal 0.99406 -0.108837 0
    outer loop
      vertex 7.15188 75.5358 0
      vertex 7.10941 75.1479 3.2
      vertex 7.10941 75.1479 0
    endloop
  endfacet
  facet normal 0.876729 -0.480984 0
    outer loop
      vertex 7.15188 75.5358 3.2
      vertex 7.33956 75.8779 0
      vertex 7.33956 75.8779 3.2
    endloop
  endfacet
  facet normal 0.876729 -0.480984 0
    outer loop
      vertex 7.33956 75.8779 0
      vertex 7.15188 75.5358 3.2
      vertex 7.15188 75.5358 0
    endloop
  endfacet
  facet normal 0.960054 0.279815 0
    outer loop
      vertex 7.21859 74.7733 3.2
      vertex 7.10941 75.1479 0
      vertex 7.10941 75.1479 3.2
    endloop
  endfacet
  facet normal 0.960054 0.279815 0
    outer loop
      vertex 7.10941 75.1479 0
      vertex 7.21859 74.7733 3.2
      vertex 7.21859 74.7733 0
    endloop
  endfacet
  facet normal -0.108924 -0.99405 0
    outer loop
      vertex 8.01845 76.2313 0
      vertex 8.40631 76.1888 3.2
      vertex 8.01845 76.2313 3.2
    endloop
  endfacet
  facet normal -0.108924 -0.99405 -0
    outer loop
      vertex 8.40631 76.1888 3.2
      vertex 8.01845 76.2313 0
      vertex 8.40631 76.1888 0
    endloop
  endfacet
  facet normal -0.625895 0.779908 0
    outer loop
      vertex 8.87164 74.5923 0
      vertex 8.56735 74.3481 3.2
      vertex 8.87164 74.5923 3.2
    endloop
  endfacet
  facet normal -0.625895 0.779908 0
    outer loop
      vertex 8.56735 74.3481 3.2
      vertex 8.87164 74.5923 0
      vertex 8.56735 74.3481 0
    endloop
  endfacet
  facet normal 0.108921 0.99405 -0
    outer loop
      vertex 8.19276 74.2389 0
      vertex 7.80489 74.2814 3.2
      vertex 8.19276 74.2389 3.2
    endloop
  endfacet
  facet normal 0.108921 0.99405 0
    outer loop
      vertex 7.80489 74.2814 3.2
      vertex 8.19276 74.2389 0
      vertex 7.80489 74.2814 0
    endloop
  endfacet
  facet normal -0.279869 0.960038 0
    outer loop
      vertex 8.56735 74.3481 0
      vertex 8.19276 74.2389 3.2
      vertex 8.56735 74.3481 3.2
    endloop
  endfacet
  facet normal -0.279869 0.960038 0
    outer loop
      vertex 8.19276 74.2389 3.2
      vertex 8.56735 74.3481 0
      vertex 8.19276 74.2389 0
    endloop
  endfacet
  facet normal 0.480848 0.876804 -0
    outer loop
      vertex 7.80489 74.2814 0
      vertex 7.46281 74.469 3.2
      vertex 7.80489 74.2814 3.2
    endloop
  endfacet
  facet normal 0.480848 0.876804 0
    outer loop
      vertex 7.46281 74.469 3.2
      vertex 7.80489 74.2814 0
      vertex 7.46281 74.469 0
    endloop
  endfacet
  facet normal 0.279862 -0.96004 0
    outer loop
      vertex 7.64385 76.1221 0
      vertex 8.01845 76.2313 3.2
      vertex 7.64385 76.1221 3.2
    endloop
  endfacet
  facet normal 0.279862 -0.96004 0
    outer loop
      vertex 8.01845 76.2313 3.2
      vertex 7.64385 76.1221 0
      vertex 8.01845 76.2313 0
    endloop
  endfacet
  facet normal -0.481045 -0.876696 0
    outer loop
      vertex 8.40631 76.1888 0
      vertex 8.74839 76.0011 3.2
      vertex 8.40631 76.1888 3.2
    endloop
  endfacet
  facet normal -0.481045 -0.876696 -0
    outer loop
      vertex 8.74839 76.0011 3.2
      vertex 8.40631 76.1888 0
      vertex 8.74839 76.0011 0
    endloop
  endfacet
  facet normal 0.779893 0.625913 0
    outer loop
      vertex 7.46281 74.469 3.2
      vertex 7.21859 74.7733 0
      vertex 7.21859 74.7733 3.2
    endloop
  endfacet
  facet normal 0.779893 0.625913 0
    outer loop
      vertex 7.21859 74.7733 0
      vertex 7.46281 74.469 3.2
      vertex 7.46281 74.469 0
    endloop
  endfacet
  facet normal -0.960047 -0.279839 0
    outer loop
      vertex 9.1018 75.3222 0
      vertex 8.99261 75.6968 3.2
      vertex 8.99261 75.6968 0
    endloop
  endfacet
  facet normal -0.960047 -0.279839 0
    outer loop
      vertex 8.99261 75.6968 3.2
      vertex 9.1018 75.3222 0
      vertex 9.1018 75.3222 3.2
    endloop
  endfacet
  facet normal 0.625895 -0.779908 0
    outer loop
      vertex 7.33956 75.8779 0
      vertex 7.64385 76.1221 3.2
      vertex 7.33956 75.8779 3.2
    endloop
  endfacet
  facet normal 0.625895 -0.779908 0
    outer loop
      vertex 7.64385 76.1221 3.2
      vertex 7.33956 75.8779 0
      vertex 7.64385 76.1221 0
    endloop
  endfacet
  facet normal -0.994054 0.10889 0
    outer loop
      vertex 9.05932 74.9344 0
      vertex 9.1018 75.3222 3.2
      vertex 9.1018 75.3222 0
    endloop
  endfacet
  facet normal -0.994054 0.10889 0
    outer loop
      vertex 9.1018 75.3222 3.2
      vertex 9.05932 74.9344 0
      vertex 9.05932 74.9344 3.2
    endloop
  endfacet
  facet normal -0.876729 0.480984 0
    outer loop
      vertex 8.87164 74.5923 0
      vertex 9.05932 74.9344 3.2
      vertex 9.05932 74.9344 0
    endloop
  endfacet
  facet normal -0.876729 0.480984 0
    outer loop
      vertex 9.05932 74.9344 3.2
      vertex 8.87164 74.5923 0
      vertex 8.87164 74.5923 3.2
    endloop
  endfacet
  facet normal 0.152234 0.988344 -0
    outer loop
      vertex 6.58639 71.5291 0
      vertex 6.20075 71.5885 3.2
      vertex 6.58639 71.5291 3.2
    endloop
  endfacet
  facet normal 0.152234 0.988344 0
    outer loop
      vertex 6.20075 71.5885 3.2
      vertex 6.58639 71.5291 0
      vertex 6.20075 71.5885 0
    endloop
  endfacet
  facet normal 0.988361 -0.152125 0
    outer loop
      vertex 5.54372 72.4846 3.2
      vertex 5.60307 72.8702 0
      vertex 5.60307 72.8702 3.2
    endloop
  endfacet
  facet normal 0.988361 -0.152125 0
    outer loop
      vertex 5.60307 72.8702 0
      vertex 5.54372 72.4846 3.2
      vertex 5.54372 72.4846 0
    endloop
  endfacet
  facet normal 0.518745 0.854929 -0
    outer loop
      vertex 6.20075 71.5885 0
      vertex 5.86718 71.7909 3.2
      vertex 6.20075 71.5885 3.2
    endloop
  endfacet
  facet normal 0.518745 0.854929 0
    outer loop
      vertex 5.86718 71.7909 3.2
      vertex 6.20075 71.5885 0
      vertex 5.86718 71.7909 0
    endloop
  endfacet
  facet normal -0.518745 -0.854929 0
    outer loop
      vertex 6.88479 73.4679 0
      vertex 7.21836 73.2655 3.2
      vertex 6.88479 73.4679 3.2
    endloop
  endfacet
  facet normal -0.518745 -0.854929 -0
    outer loop
      vertex 7.21836 73.2655 3.2
      vertex 6.88479 73.4679 0
      vertex 7.21836 73.2655 0
    endloop
  endfacet
  facet normal -0.237829 0.971307 0
    outer loop
      vertex 6.96539 71.6219 0
      vertex 6.58639 71.5291 3.2
      vertex 6.96539 71.6219 3.2
    endloop
  endfacet
  facet normal -0.237829 0.971307 0
    outer loop
      vertex 6.58639 71.5291 3.2
      vertex 6.96539 71.6219 0
      vertex 6.58639 71.5291 0
    endloop
  endfacet
  facet normal 0.854927 -0.518748 0
    outer loop
      vertex 5.60307 72.8702 3.2
      vertex 5.80549 73.2038 0
      vertex 5.80549 73.2038 3.2
    endloop
  endfacet
  facet normal 0.854927 -0.518748 0
    outer loop
      vertex 5.80549 73.2038 0
      vertex 5.60307 72.8702 3.2
      vertex 5.60307 72.8702 0
    endloop
  endfacet
  facet normal 0.237587 -0.971366 0
    outer loop
      vertex 6.12015 73.4345 0
      vertex 6.49915 73.5272 3.2
      vertex 6.12015 73.4345 3.2
    endloop
  endfacet
  facet normal 0.237587 -0.971366 0
    outer loop
      vertex 6.49915 73.5272 3.2
      vertex 6.12015 73.4345 0
      vertex 6.49915 73.5272 0
    endloop
  endfacet
  facet normal -0.971342 -0.237684 0
    outer loop
      vertex 7.54181 72.5718 0
      vertex 7.44907 72.9508 3.2
      vertex 7.44907 72.9508 0
    endloop
  endfacet
  facet normal -0.971342 -0.237684 0
    outer loop
      vertex 7.44907 72.9508 3.2
      vertex 7.54181 72.5718 0
      vertex 7.54181 72.5718 3.2
    endloop
  endfacet
  facet normal 0.971342 0.237684 0
    outer loop
      vertex 5.63646 72.1056 3.2
      vertex 5.54372 72.4846 0
      vertex 5.54372 72.4846 3.2
    endloop
  endfacet
  facet normal 0.971342 0.237684 0
    outer loop
      vertex 5.54372 72.4846 0
      vertex 5.63646 72.1056 3.2
      vertex 5.63646 72.1056 0
    endloop
  endfacet
  facet normal 0.591279 -0.806467 0
    outer loop
      vertex 5.80549 73.2038 0
      vertex 6.12015 73.4345 3.2
      vertex 5.80549 73.2038 3.2
    endloop
  endfacet
  facet normal 0.591279 -0.806467 0
    outer loop
      vertex 6.12015 73.4345 3.2
      vertex 5.80549 73.2038 0
      vertex 6.12015 73.4345 0
    endloop
  endfacet
  facet normal -0.591291 0.806458 0
    outer loop
      vertex 7.28004 71.8526 0
      vertex 6.96539 71.6219 3.2
      vertex 7.28004 71.8526 3.2
    endloop
  endfacet
  facet normal -0.591291 0.806458 0
    outer loop
      vertex 6.96539 71.6219 3.2
      vertex 7.28004 71.8526 0
      vertex 6.96539 71.6219 0
    endloop
  endfacet
  facet normal -0.854927 0.518748 0
    outer loop
      vertex 7.28004 71.8526 0
      vertex 7.48246 72.1862 3.2
      vertex 7.48246 72.1862 0
    endloop
  endfacet
  facet normal -0.854927 0.518748 0
    outer loop
      vertex 7.48246 72.1862 3.2
      vertex 7.28004 71.8526 0
      vertex 7.28004 71.8526 3.2
    endloop
  endfacet
  facet normal -0.988361 0.152125 0
    outer loop
      vertex 7.48246 72.1862 0
      vertex 7.54181 72.5718 3.2
      vertex 7.54181 72.5718 0
    endloop
  endfacet
  facet normal -0.988361 0.152125 0
    outer loop
      vertex 7.54181 72.5718 3.2
      vertex 7.48246 72.1862 0
      vertex 7.48246 72.1862 3.2
    endloop
  endfacet
  facet normal 0.806478 0.591264 0
    outer loop
      vertex 5.86718 71.7909 3.2
      vertex 5.63646 72.1056 0
      vertex 5.63646 72.1056 3.2
    endloop
  endfacet
  facet normal 0.806478 0.591264 0
    outer loop
      vertex 5.63646 72.1056 0
      vertex 5.86718 71.7909 3.2
      vertex 5.86718 71.7909 0
    endloop
  endfacet
  facet normal -0.151984 -0.988383 0
    outer loop
      vertex 6.49915 73.5272 0
      vertex 6.88479 73.4679 3.2
      vertex 6.49915 73.5272 3.2
    endloop
  endfacet
  facet normal -0.151984 -0.988383 -0
    outer loop
      vertex 6.88479 73.4679 3.2
      vertex 6.49915 73.5272 0
      vertex 6.88479 73.4679 0
    endloop
  endfacet
  facet normal -0.806491 -0.591247 0
    outer loop
      vertex 7.44907 72.9508 0
      vertex 7.21836 73.2655 3.2
      vertex 7.21836 73.2655 0
    endloop
  endfacet
  facet normal -0.806491 -0.591247 0
    outer loop
      vertex 7.21836 73.2655 3.2
      vertex 7.44907 72.9508 0
      vertex 7.44907 72.9508 3.2
    endloop
  endfacet
  facet normal -0.195042 -0.980795 0
    outer loop
      vertex 6 70.45 0
      vertex 6.38268 70.3739 3.2
      vertex 6 70.45 3.2
    endloop
  endfacet
  facet normal -0.195042 -0.980795 -0
    outer loop
      vertex 6.38268 70.3739 3.2
      vertex 6 70.45 0
      vertex 6.38268 70.3739 0
    endloop
  endfacet
  facet normal 0.555611 0.831443 -0
    outer loop
      vertex 5.61732 68.5261 0
      vertex 5.29289 68.7429 3.2
      vertex 5.61732 68.5261 3.2
    endloop
  endfacet
  facet normal 0.555611 0.831443 0
    outer loop
      vertex 5.29289 68.7429 3.2
      vertex 5.61732 68.5261 0
      vertex 5.29289 68.7429 0
    endloop
  endfacet
  facet normal -0.980787 -0.195081 0
    outer loop
      vertex 7 69.45 0
      vertex 6.92388 69.8327 3.2
      vertex 6.92388 69.8327 0
    endloop
  endfacet
  facet normal -0.980787 -0.195081 0
    outer loop
      vertex 6.92388 69.8327 3.2
      vertex 7 69.45 0
      vertex 7 69.45 3.2
    endloop
  endfacet
  facet normal 0.555611 -0.831443 0
    outer loop
      vertex 5.29289 70.1571 0
      vertex 5.61732 70.3739 3.2
      vertex 5.29289 70.1571 3.2
    endloop
  endfacet
  facet normal 0.555611 -0.831443 0
    outer loop
      vertex 5.61732 70.3739 3.2
      vertex 5.29289 70.1571 0
      vertex 5.61732 70.3739 0
    endloop
  endfacet
  facet normal 0.980787 0.195081 0
    outer loop
      vertex 5.07612 69.0673 3.2
      vertex 5 69.45 0
      vertex 5 69.45 3.2
    endloop
  endfacet
  facet normal 0.980787 0.195081 0
    outer loop
      vertex 5 69.45 0
      vertex 5.07612 69.0673 3.2
      vertex 5.07612 69.0673 0
    endloop
  endfacet
  facet normal 0.195042 -0.980795 0
    outer loop
      vertex 5.61732 70.3739 0
      vertex 6 70.45 3.2
      vertex 5.61732 70.3739 3.2
    endloop
  endfacet
  facet normal 0.195042 -0.980795 0
    outer loop
      vertex 6 70.45 3.2
      vertex 5.61732 70.3739 0
      vertex 6 70.45 0
    endloop
  endfacet
  facet normal -0.831454 0.555593 0
    outer loop
      vertex 6.70711 68.7429 0
      vertex 6.92388 69.0673 3.2
      vertex 6.92388 69.0673 0
    endloop
  endfacet
  facet normal -0.831454 0.555593 0
    outer loop
      vertex 6.92388 69.0673 3.2
      vertex 6.70711 68.7429 0
      vertex 6.70711 68.7429 3.2
    endloop
  endfacet
  facet normal -0.555611 0.831443 0
    outer loop
      vertex 6.70711 68.7429 0
      vertex 6.38268 68.5261 3.2
      vertex 6.70711 68.7429 3.2
    endloop
  endfacet
  facet normal -0.555611 0.831443 0
    outer loop
      vertex 6.38268 68.5261 3.2
      vertex 6.70711 68.7429 0
      vertex 6.38268 68.5261 0
    endloop
  endfacet
  facet normal 0.980787 -0.195081 0
    outer loop
      vertex 5 69.45 3.2
      vertex 5.07612 69.8327 0
      vertex 5.07612 69.8327 3.2
    endloop
  endfacet
  facet normal 0.980787 -0.195081 0
    outer loop
      vertex 5.07612 69.8327 0
      vertex 5 69.45 3.2
      vertex 5 69.45 0
    endloop
  endfacet
  facet normal 0.831454 0.555593 0
    outer loop
      vertex 5.29289 68.7429 3.2
      vertex 5.07612 69.0673 0
      vertex 5.07612 69.0673 3.2
    endloop
  endfacet
  facet normal 0.831454 0.555593 0
    outer loop
      vertex 5.07612 69.0673 0
      vertex 5.29289 68.7429 3.2
      vertex 5.29289 68.7429 0
    endloop
  endfacet
  facet normal 0.831454 -0.555593 0
    outer loop
      vertex 5.07612 69.8327 3.2
      vertex 5.29289 70.1571 0
      vertex 5.29289 70.1571 3.2
    endloop
  endfacet
  facet normal 0.831454 -0.555593 0
    outer loop
      vertex 5.29289 70.1571 0
      vertex 5.07612 69.8327 3.2
      vertex 5.07612 69.8327 0
    endloop
  endfacet
  facet normal -0.980787 0.195081 0
    outer loop
      vertex 6.92388 69.0673 0
      vertex 7 69.45 3.2
      vertex 7 69.45 0
    endloop
  endfacet
  facet normal -0.980787 0.195081 0
    outer loop
      vertex 7 69.45 3.2
      vertex 6.92388 69.0673 0
      vertex 6.92388 69.0673 3.2
    endloop
  endfacet
  facet normal -0.831454 -0.555593 0
    outer loop
      vertex 6.92388 69.8327 0
      vertex 6.70711 70.1571 3.2
      vertex 6.70711 70.1571 0
    endloop
  endfacet
  facet normal -0.831454 -0.555593 0
    outer loop
      vertex 6.70711 70.1571 3.2
      vertex 6.92388 69.8327 0
      vertex 6.92388 69.8327 3.2
    endloop
  endfacet
  facet normal -0.195042 0.980795 0
    outer loop
      vertex 6.38268 68.5261 0
      vertex 6 68.45 3.2
      vertex 6.38268 68.5261 3.2
    endloop
  endfacet
  facet normal -0.195042 0.980795 0
    outer loop
      vertex 6 68.45 3.2
      vertex 6.38268 68.5261 0
      vertex 6 68.45 0
    endloop
  endfacet
  facet normal 0.195042 0.980795 -0
    outer loop
      vertex 6 68.45 0
      vertex 5.61732 68.5261 3.2
      vertex 6 68.45 3.2
    endloop
  endfacet
  facet normal 0.195042 0.980795 0
    outer loop
      vertex 5.61732 68.5261 3.2
      vertex 6 68.45 0
      vertex 5.61732 68.5261 0
    endloop
  endfacet
  facet normal -0.555611 -0.831443 0
    outer loop
      vertex 6.38268 70.3739 0
      vertex 6.70711 70.1571 3.2
      vertex 6.38268 70.3739 3.2
    endloop
  endfacet
  facet normal -0.555611 -0.831443 -0
    outer loop
      vertex 6.70711 70.1571 3.2
      vertex 6.38268 70.3739 0
      vertex 6.70711 70.1571 0
    endloop
  endfacet
  facet normal -0.518745 0.854929 0
    outer loop
      vertex 7.21836 65.6345 0
      vertex 6.88479 65.4321 3.2
      vertex 7.21836 65.6345 3.2
    endloop
  endfacet
  facet normal -0.518745 0.854929 0
    outer loop
      vertex 6.88479 65.4321 3.2
      vertex 7.21836 65.6345 0
      vertex 6.88479 65.4321 0
    endloop
  endfacet
  facet normal 0.237587 0.971366 -0
    outer loop
      vertex 6.49915 65.3728 0
      vertex 6.12015 65.4655 3.2
      vertex 6.49915 65.3728 3.2
    endloop
  endfacet
  facet normal 0.237587 0.971366 0
    outer loop
      vertex 6.12015 65.4655 3.2
      vertex 6.49915 65.3728 0
      vertex 6.12015 65.4655 0
    endloop
  endfacet
  facet normal -0.151984 0.988383 0
    outer loop
      vertex 6.88479 65.4321 0
      vertex 6.49915 65.3728 3.2
      vertex 6.88479 65.4321 3.2
    endloop
  endfacet
  facet normal -0.151984 0.988383 0
    outer loop
      vertex 6.49915 65.3728 3.2
      vertex 6.88479 65.4321 0
      vertex 6.49915 65.3728 0
    endloop
  endfacet
  facet normal 0.854927 0.518748 0
    outer loop
      vertex 5.80549 65.6962 3.2
      vertex 5.60307 66.0298 0
      vertex 5.60307 66.0298 3.2
    endloop
  endfacet
  facet normal 0.854927 0.518748 0
    outer loop
      vertex 5.60307 66.0298 0
      vertex 5.80549 65.6962 3.2
      vertex 5.80549 65.6962 0
    endloop
  endfacet
  facet normal -0.971342 0.237684 0
    outer loop
      vertex 7.44907 65.9492 0
      vertex 7.54181 66.3282 3.2
      vertex 7.54181 66.3282 0
    endloop
  endfacet
  facet normal -0.971342 0.237684 0
    outer loop
      vertex 7.54181 66.3282 3.2
      vertex 7.44907 65.9492 0
      vertex 7.44907 65.9492 3.2
    endloop
  endfacet
  facet normal -0.591291 -0.806458 0
    outer loop
      vertex 6.96539 67.2781 0
      vertex 7.28004 67.0474 3.2
      vertex 6.96539 67.2781 3.2
    endloop
  endfacet
  facet normal -0.591291 -0.806458 -0
    outer loop
      vertex 7.28004 67.0474 3.2
      vertex 6.96539 67.2781 0
      vertex 7.28004 67.0474 0
    endloop
  endfacet
  facet normal 0.806478 -0.591264 0
    outer loop
      vertex 5.63646 66.7944 3.2
      vertex 5.86718 67.1091 0
      vertex 5.86718 67.1091 3.2
    endloop
  endfacet
  facet normal 0.806478 -0.591264 0
    outer loop
      vertex 5.86718 67.1091 0
      vertex 5.63646 66.7944 3.2
      vertex 5.63646 66.7944 0
    endloop
  endfacet
  facet normal -0.237829 -0.971307 0
    outer loop
      vertex 6.58639 67.3709 0
      vertex 6.96539 67.2781 3.2
      vertex 6.58639 67.3709 3.2
    endloop
  endfacet
  facet normal -0.237829 -0.971307 -0
    outer loop
      vertex 6.96539 67.2781 3.2
      vertex 6.58639 67.3709 0
      vertex 6.96539 67.2781 0
    endloop
  endfacet
  facet normal 0.591279 0.806467 -0
    outer loop
      vertex 6.12015 65.4655 0
      vertex 5.80549 65.6962 3.2
      vertex 6.12015 65.4655 3.2
    endloop
  endfacet
  facet normal 0.591279 0.806467 0
    outer loop
      vertex 5.80549 65.6962 3.2
      vertex 6.12015 65.4655 0
      vertex 5.80549 65.6962 0
    endloop
  endfacet
  facet normal 0.971342 -0.237684 0
    outer loop
      vertex 5.54372 66.4154 3.2
      vertex 5.63646 66.7944 0
      vertex 5.63646 66.7944 3.2
    endloop
  endfacet
  facet normal 0.971342 -0.237684 0
    outer loop
      vertex 5.63646 66.7944 0
      vertex 5.54372 66.4154 3.2
      vertex 5.54372 66.4154 0
    endloop
  endfacet
  facet normal 0.988361 0.152125 0
    outer loop
      vertex 5.60307 66.0298 3.2
      vertex 5.54372 66.4154 0
      vertex 5.54372 66.4154 3.2
    endloop
  endfacet
  facet normal 0.988361 0.152125 0
    outer loop
      vertex 5.54372 66.4154 0
      vertex 5.60307 66.0298 3.2
      vertex 5.60307 66.0298 0
    endloop
  endfacet
  facet normal 0.518745 -0.854929 0
    outer loop
      vertex 5.86718 67.1091 0
      vertex 6.20075 67.3115 3.2
      vertex 5.86718 67.1091 3.2
    endloop
  endfacet
  facet normal 0.518745 -0.854929 0
    outer loop
      vertex 6.20075 67.3115 3.2
      vertex 5.86718 67.1091 0
      vertex 6.20075 67.3115 0
    endloop
  endfacet
  facet normal -0.854927 -0.518748 0
    outer loop
      vertex 7.48246 66.7138 0
      vertex 7.28004 67.0474 3.2
      vertex 7.28004 67.0474 0
    endloop
  endfacet
  facet normal -0.854927 -0.518748 0
    outer loop
      vertex 7.28004 67.0474 3.2
      vertex 7.48246 66.7138 0
      vertex 7.48246 66.7138 3.2
    endloop
  endfacet
  facet normal -0.988361 -0.152125 0
    outer loop
      vertex 7.54181 66.3282 0
      vertex 7.48246 66.7138 3.2
      vertex 7.48246 66.7138 0
    endloop
  endfacet
  facet normal -0.988361 -0.152125 0
    outer loop
      vertex 7.48246 66.7138 3.2
      vertex 7.54181 66.3282 0
      vertex 7.54181 66.3282 3.2
    endloop
  endfacet
  facet normal -0.806491 0.591247 0
    outer loop
      vertex 7.21836 65.6345 0
      vertex 7.44907 65.9492 3.2
      vertex 7.44907 65.9492 0
    endloop
  endfacet
  facet normal -0.806491 0.591247 0
    outer loop
      vertex 7.44907 65.9492 3.2
      vertex 7.21836 65.6345 0
      vertex 7.21836 65.6345 3.2
    endloop
  endfacet
  facet normal 0.152234 -0.988344 0
    outer loop
      vertex 6.20075 67.3115 0
      vertex 6.58639 67.3709 3.2
      vertex 6.20075 67.3115 3.2
    endloop
  endfacet
  facet normal 0.152234 -0.988344 0
    outer loop
      vertex 6.58639 67.3709 3.2
      vertex 6.20075 67.3115 0
      vertex 6.58639 67.3709 0
    endloop
  endfacet
  facet normal -0.108924 0.99405 0
    outer loop
      vertex 8.40631 62.7112 0
      vertex 8.01845 62.6687 3.2
      vertex 8.40631 62.7112 3.2
    endloop
  endfacet
  facet normal -0.108924 0.99405 0
    outer loop
      vertex 8.01845 62.6687 3.2
      vertex 8.40631 62.7112 0
      vertex 8.01845 62.6687 0
    endloop
  endfacet
  facet normal 0.960054 -0.279815 0
    outer loop
      vertex 7.10941 63.7521 3.2
      vertex 7.21859 64.1267 0
      vertex 7.21859 64.1267 3.2
    endloop
  endfacet
  facet normal 0.960054 -0.279815 0
    outer loop
      vertex 7.21859 64.1267 0
      vertex 7.10941 63.7521 3.2
      vertex 7.10941 63.7521 0
    endloop
  endfacet
  facet normal -0.994054 -0.10889 0
    outer loop
      vertex 9.1018 63.5778 0
      vertex 9.05932 63.9656 3.2
      vertex 9.05932 63.9656 0
    endloop
  endfacet
  facet normal -0.994054 -0.10889 0
    outer loop
      vertex 9.05932 63.9656 3.2
      vertex 9.1018 63.5778 0
      vertex 9.1018 63.5778 3.2
    endloop
  endfacet
  facet normal 0.625895 0.779908 -0
    outer loop
      vertex 7.64385 62.7779 0
      vertex 7.33956 63.0221 3.2
      vertex 7.64385 62.7779 3.2
    endloop
  endfacet
  facet normal 0.625895 0.779908 0
    outer loop
      vertex 7.33956 63.0221 3.2
      vertex 7.64385 62.7779 0
      vertex 7.33956 63.0221 0
    endloop
  endfacet
  facet normal 0.876729 0.480984 0
    outer loop
      vertex 7.33956 63.0221 3.2
      vertex 7.15188 63.3642 0
      vertex 7.15188 63.3642 3.2
    endloop
  endfacet
  facet normal 0.876729 0.480984 0
    outer loop
      vertex 7.15188 63.3642 0
      vertex 7.33956 63.0221 3.2
      vertex 7.33956 63.0221 0
    endloop
  endfacet
  facet normal -0.960047 0.279839 0
    outer loop
      vertex 8.99261 63.2032 0
      vertex 9.1018 63.5778 3.2
      vertex 9.1018 63.5778 0
    endloop
  endfacet
  facet normal -0.960047 0.279839 0
    outer loop
      vertex 9.1018 63.5778 3.2
      vertex 8.99261 63.2032 0
      vertex 8.99261 63.2032 3.2
    endloop
  endfacet
  facet normal 0.279862 0.96004 -0
    outer loop
      vertex 8.01845 62.6687 0
      vertex 7.64385 62.7779 3.2
      vertex 8.01845 62.6687 3.2
    endloop
  endfacet
  facet normal 0.279862 0.96004 0
    outer loop
      vertex 7.64385 62.7779 3.2
      vertex 8.01845 62.6687 0
      vertex 7.64385 62.7779 0
    endloop
  endfacet
  facet normal 0.99406 0.108837 0
    outer loop
      vertex 7.15188 63.3642 3.2
      vertex 7.10941 63.7521 0
      vertex 7.10941 63.7521 3.2
    endloop
  endfacet
  facet normal 0.99406 0.108837 0
    outer loop
      vertex 7.10941 63.7521 0
      vertex 7.15188 63.3642 3.2
      vertex 7.15188 63.3642 0
    endloop
  endfacet
  facet normal -0.279869 -0.960038 0
    outer loop
      vertex 8.19276 64.6611 0
      vertex 8.56735 64.5519 3.2
      vertex 8.19276 64.6611 3.2
    endloop
  endfacet
  facet normal -0.279869 -0.960038 -0
    outer loop
      vertex 8.56735 64.5519 3.2
      vertex 8.19276 64.6611 0
      vertex 8.56735 64.5519 0
    endloop
  endfacet
  facet normal -0.625895 -0.779908 0
    outer loop
      vertex 8.56735 64.5519 0
      vertex 8.87164 64.3077 3.2
      vertex 8.56735 64.5519 3.2
    endloop
  endfacet
  facet normal -0.625895 -0.779908 -0
    outer loop
      vertex 8.87164 64.3077 3.2
      vertex 8.56735 64.5519 0
      vertex 8.87164 64.3077 0
    endloop
  endfacet
  facet normal -0.779893 0.625913 0
    outer loop
      vertex 8.74839 62.8989 0
      vertex 8.99261 63.2032 3.2
      vertex 8.99261 63.2032 0
    endloop
  endfacet
  facet normal -0.779893 0.625913 0
    outer loop
      vertex 8.99261 63.2032 3.2
      vertex 8.74839 62.8989 0
      vertex 8.74839 62.8989 3.2
    endloop
  endfacet
  facet normal -0.481045 0.876696 0
    outer loop
      vertex 8.74839 62.8989 0
      vertex 8.40631 62.7112 3.2
      vertex 8.74839 62.8989 3.2
    endloop
  endfacet
  facet normal -0.481045 0.876696 0
    outer loop
      vertex 8.40631 62.7112 3.2
      vertex 8.74839 62.8989 0
      vertex 8.40631 62.7112 0
    endloop
  endfacet
  facet normal -0.876729 -0.480984 0
    outer loop
      vertex 9.05932 63.9656 0
      vertex 8.87164 64.3077 3.2
      vertex 8.87164 64.3077 0
    endloop
  endfacet
  facet normal -0.876729 -0.480984 0
    outer loop
      vertex 8.87164 64.3077 3.2
      vertex 9.05932 63.9656 0
      vertex 9.05932 63.9656 3.2
    endloop
  endfacet
  facet normal 0.779893 -0.625913 0
    outer loop
      vertex 7.21859 64.1267 3.2
      vertex 7.46281 64.431 0
      vertex 7.46281 64.431 3.2
    endloop
  endfacet
  facet normal 0.779893 -0.625913 0
    outer loop
      vertex 7.46281 64.431 0
      vertex 7.21859 64.1267 3.2
      vertex 7.21859 64.1267 0
    endloop
  endfacet
  facet normal 0.480848 -0.876804 0
    outer loop
      vertex 7.46281 64.431 0
      vertex 7.80489 64.6186 3.2
      vertex 7.46281 64.431 3.2
    endloop
  endfacet
  facet normal 0.480848 -0.876804 0
    outer loop
      vertex 7.80489 64.6186 3.2
      vertex 7.46281 64.431 0
      vertex 7.80489 64.6186 0
    endloop
  endfacet
  facet normal 0.108921 -0.99405 0
    outer loop
      vertex 7.80489 64.6186 0
      vertex 8.19276 64.6611 3.2
      vertex 7.80489 64.6186 3.2
    endloop
  endfacet
  facet normal 0.108921 -0.99405 0
    outer loop
      vertex 8.19276 64.6611 3.2
      vertex 7.80489 64.6186 0
      vertex 8.19276 64.6611 0
    endloop
  endfacet
  facet normal -0.442287 0.896874 0
    outer loop
      vertex 11.1088 60.8624 0
      vertex 10.7588 60.6898 3.2
      vertex 11.1088 60.8624 3.2
    endloop
  endfacet
  facet normal -0.442287 0.896874 0
    outer loop
      vertex 10.7588 60.6898 3.2
      vertex 11.1088 60.8624 0
      vertex 10.7588 60.6898 0
    endloop
  endfacet
  facet normal -0.321374 -0.946952 0
    outer loop
      vertex 10.6305 62.6472 0
      vertex 11 62.5218 3.2
      vertex 10.6305 62.6472 3.2
    endloop
  endfacet
  facet normal -0.321374 -0.946952 -0
    outer loop
      vertex 11 62.5218 3.2
      vertex 10.6305 62.6472 0
      vertex 11 62.5218 0
    endloop
  endfacet
  facet normal 0.99786 0.0653876 0
    outer loop
      vertex 9.53407 61.397 3.2
      vertex 9.50856 61.7863 0
      vertex 9.50856 61.7863 3.2
    endloop
  endfacet
  facet normal 0.99786 0.0653876 0
    outer loop
      vertex 9.50856 61.7863 0
      vertex 9.53407 61.397 3.2
      vertex 9.53407 61.397 0
    endloop
  endfacet
  facet normal -0.896925 -0.442182 0
    outer loop
      vertex 11.4659 61.9146 0
      vertex 11.2934 62.2645 3.2
      vertex 11.2934 62.2645 0
    endloop
  endfacet
  facet normal -0.896925 -0.442182 0
    outer loop
      vertex 11.2934 62.2645 3.2
      vertex 11.4659 61.9146 0
      vertex 11.4659 61.9146 3.2
    endloop
  endfacet
  facet normal 0.321374 0.946952 -0
    outer loop
      vertex 10.3695 60.6643 0
      vertex 10 60.7897 3.2
      vertex 10.3695 60.6643 3.2
    endloop
  endfacet
  facet normal 0.321374 0.946952 0
    outer loop
      vertex 10 60.7897 3.2
      vertex 10.3695 60.6643 0
      vertex 10 60.7897 0
    endloop
  endfacet
  facet normal 0.751785 -0.659408 0
    outer loop
      vertex 9.63398 62.1558 3.2
      vertex 9.89124 62.4491 0
      vertex 9.89124 62.4491 3.2
    endloop
  endfacet
  facet normal 0.751785 -0.659408 0
    outer loop
      vertex 9.89124 62.4491 0
      vertex 9.63398 62.1558 3.2
      vertex 9.63398 62.1558 0
    endloop
  endfacet
  facet normal -0.0653621 0.997862 0
    outer loop
      vertex 10.7588 60.6898 0
      vertex 10.3695 60.6643 3.2
      vertex 10.7588 60.6898 3.2
    endloop
  endfacet
  facet normal -0.0653621 0.997862 0
    outer loop
      vertex 10.3695 60.6643 3.2
      vertex 10.7588 60.6898 0
      vertex 10.3695 60.6643 0
    endloop
  endfacet
  facet normal 0.896894 0.442246 0
    outer loop
      vertex 9.70665 61.047 3.2
      vertex 9.53407 61.397 0
      vertex 9.53407 61.397 3.2
    endloop
  endfacet
  facet normal 0.896894 0.442246 0
    outer loop
      vertex 9.53407 61.397 0
      vertex 9.70665 61.047 3.2
      vertex 9.70665 61.047 0
    endloop
  endfacet
  facet normal 0.659402 0.75179 -0
    outer loop
      vertex 10 60.7897 0
      vertex 9.70665 61.047 3.2
      vertex 10 60.7897 3.2
    endloop
  endfacet
  facet normal 0.659402 0.75179 0
    outer loop
      vertex 9.70665 61.047 3.2
      vertex 10 60.7897 0
      vertex 9.70665 61.047 0
    endloop
  endfacet
  facet normal 0.0653621 -0.997862 0
    outer loop
      vertex 10.2412 62.6217 0
      vertex 10.6305 62.6472 3.2
      vertex 10.2412 62.6217 3.2
    endloop
  endfacet
  facet normal 0.0653621 -0.997862 0
    outer loop
      vertex 10.6305 62.6472 3.2
      vertex 10.2412 62.6217 0
      vertex 10.6305 62.6472 0
    endloop
  endfacet
  facet normal 0.946937 -0.32142 0
    outer loop
      vertex 9.50856 61.7863 3.2
      vertex 9.63398 62.1558 0
      vertex 9.63398 62.1558 3.2
    endloop
  endfacet
  facet normal 0.946937 -0.32142 0
    outer loop
      vertex 9.63398 62.1558 0
      vertex 9.50856 61.7863 3.2
      vertex 9.50856 61.7863 0
    endloop
  endfacet
  facet normal -0.659339 -0.751846 0
    outer loop
      vertex 11 62.5218 0
      vertex 11.2934 62.2645 3.2
      vertex 11 62.5218 3.2
    endloop
  endfacet
  facet normal -0.659339 -0.751846 -0
    outer loop
      vertex 11.2934 62.2645 3.2
      vertex 11 62.5218 0
      vertex 11.2934 62.2645 0
    endloop
  endfacet
  facet normal -0.946926 0.321452 0
    outer loop
      vertex 11.366 61.1558 0
      vertex 11.4914 61.5252 3.2
      vertex 11.4914 61.5252 0
    endloop
  endfacet
  facet normal -0.946926 0.321452 0
    outer loop
      vertex 11.4914 61.5252 3.2
      vertex 11.366 61.1558 0
      vertex 11.366 61.1558 3.2
    endloop
  endfacet
  facet normal -0.751973 0.659194 0
    outer loop
      vertex 11.1088 60.8624 0
      vertex 11.366 61.1558 3.2
      vertex 11.366 61.1558 0
    endloop
  endfacet
  facet normal -0.751973 0.659194 0
    outer loop
      vertex 11.366 61.1558 3.2
      vertex 11.1088 60.8624 0
      vertex 11.1088 60.8624 3.2
    endloop
  endfacet
  facet normal -0.997863 -0.0653454 0
    outer loop
      vertex 11.4914 61.5252 0
      vertex 11.4659 61.9146 3.2
      vertex 11.4659 61.9146 0
    endloop
  endfacet
  facet normal -0.997863 -0.0653454 0
    outer loop
      vertex 11.4659 61.9146 3.2
      vertex 11.4914 61.5252 0
      vertex 11.4914 61.5252 3.2
    endloop
  endfacet
  facet normal 0.442327 -0.896854 0
    outer loop
      vertex 9.89124 62.4491 0
      vertex 10.2412 62.6217 3.2
      vertex 9.89124 62.4491 3.2
    endloop
  endfacet
  facet normal 0.442327 -0.896854 0
    outer loop
      vertex 10.2412 62.6217 3.2
      vertex 9.89124 62.4491 0
      vertex 10.2412 62.6217 0
    endloop
  endfacet
  facet normal -0.722191 0.691694 0
    outer loop
      vertex 14.0107 59.7676 0
      vertex 14.2806 60.0494 3.2
      vertex 14.2806 60.0494 0
    endloop
  endfacet
  facet normal -0.722191 0.691694 0
    outer loop
      vertex 14.2806 60.0494 3.2
      vertex 14.0107 59.7676 0
      vertex 14.0107 59.7676 3.2
    endloop
  endfacet
  facet normal -0.932038 0.36236 0
    outer loop
      vertex 14.2806 60.0494 0
      vertex 14.422 60.4131 3.2
      vertex 14.422 60.4131 0
    endloop
  endfacet
  facet normal -0.932038 0.36236 0
    outer loop
      vertex 14.422 60.4131 3.2
      vertex 14.2806 60.0494 0
      vertex 14.2806 60.0494 3.2
    endloop
  endfacet
  facet normal -0.36236 -0.932038 0
    outer loop
      vertex 13.6108 61.5715 0
      vertex 13.9745 61.4301 3.2
      vertex 13.6108 61.5715 3.2
    endloop
  endfacet
  facet normal -0.36236 -0.932038 -0
    outer loop
      vertex 13.9745 61.4301 3.2
      vertex 13.6108 61.5715 0
      vertex 13.9745 61.4301 0
    endloop
  endfacet
  facet normal 0.362446 0.932005 -0
    outer loop
      vertex 13.2635 59.6019 0
      vertex 12.8999 59.7433 3.2
      vertex 13.2635 59.6019 3.2
    endloop
  endfacet
  facet normal 0.362446 0.932005 0
    outer loop
      vertex 12.8999 59.7433 3.2
      vertex 13.2635 59.6019 0
      vertex 12.8999 59.7433 0
    endloop
  endfacet
  facet normal -0.0217841 0.999763 0
    outer loop
      vertex 13.6536 59.6104 0
      vertex 13.2635 59.6019 3.2
      vertex 13.6536 59.6104 3.2
    endloop
  endfacet
  facet normal -0.0217841 0.999763 0
    outer loop
      vertex 13.2635 59.6019 3.2
      vertex 13.6536 59.6104 0
      vertex 13.2635 59.6019 0
    endloop
  endfacet
  facet normal -0.915243 -0.402902 0
    outer loop
      vertex 14.4135 60.8032 0
      vertex 14.2563 61.1603 3.2
      vertex 14.2563 61.1603 0
    endloop
  endfacet
  facet normal -0.915243 -0.402902 0
    outer loop
      vertex 14.2563 61.1603 3.2
      vertex 14.4135 60.8032 0
      vertex 14.4135 60.8032 3.2
    endloop
  endfacet
  facet normal 0.691566 0.722313 -0
    outer loop
      vertex 12.8999 59.7433 0
      vertex 12.618 60.0132 3.2
      vertex 12.8999 59.7433 3.2
    endloop
  endfacet
  facet normal 0.691566 0.722313 0
    outer loop
      vertex 12.618 60.0132 3.2
      vertex 12.8999 59.7433 0
      vertex 12.618 60.0132 0
    endloop
  endfacet
  facet normal -0.69156 -0.722319 0
    outer loop
      vertex 13.9745 61.4301 0
      vertex 14.2563 61.1603 3.2
      vertex 13.9745 61.4301 3.2
    endloop
  endfacet
  facet normal -0.69156 -0.722319 -0
    outer loop
      vertex 14.2563 61.1603 3.2
      vertex 13.9745 61.4301 0
      vertex 14.2563 61.1603 0
    endloop
  endfacet
  facet normal -0.402902 0.915243 0
    outer loop
      vertex 14.0107 59.7676 0
      vertex 13.6536 59.6104 3.2
      vertex 14.0107 59.7676 3.2
    endloop
  endfacet
  facet normal -0.402902 0.915243 0
    outer loop
      vertex 13.6536 59.6104 3.2
      vertex 14.0107 59.7676 0
      vertex 13.6536 59.6104 0
    endloop
  endfacet
  facet normal 0.999763 0.0217841 0
    outer loop
      vertex 12.4609 60.3703 3.2
      vertex 12.4524 60.7604 0
      vertex 12.4524 60.7604 3.2
    endloop
  endfacet
  facet normal 0.999763 0.0217841 0
    outer loop
      vertex 12.4524 60.7604 0
      vertex 12.4609 60.3703 3.2
      vertex 12.4609 60.3703 0
    endloop
  endfacet
  facet normal -0.999763 -0.0217841 0
    outer loop
      vertex 14.422 60.4131 0
      vertex 14.4135 60.8032 3.2
      vertex 14.4135 60.8032 0
    endloop
  endfacet
  facet normal -0.999763 -0.0217841 0
    outer loop
      vertex 14.4135 60.8032 3.2
      vertex 14.422 60.4131 0
      vertex 14.422 60.4131 3.2
    endloop
  endfacet
  facet normal 0.932005 -0.362446 0
    outer loop
      vertex 12.4524 60.7604 3.2
      vertex 12.5938 61.124 0
      vertex 12.5938 61.124 3.2
    endloop
  endfacet
  facet normal 0.932005 -0.362446 0
    outer loop
      vertex 12.5938 61.124 0
      vertex 12.4524 60.7604 3.2
      vertex 12.4524 60.7604 0
    endloop
  endfacet
  facet normal 0.722441 -0.691432 0
    outer loop
      vertex 12.5938 61.124 3.2
      vertex 12.8636 61.4059 0
      vertex 12.8636 61.4059 3.2
    endloop
  endfacet
  facet normal 0.722441 -0.691432 0
    outer loop
      vertex 12.8636 61.4059 0
      vertex 12.5938 61.124 3.2
      vertex 12.5938 61.124 0
    endloop
  endfacet
  facet normal 0.915338 0.402687 0
    outer loop
      vertex 12.618 60.0132 3.2
      vertex 12.4609 60.3703 0
      vertex 12.4609 60.3703 3.2
    endloop
  endfacet
  facet normal 0.915338 0.402687 0
    outer loop
      vertex 12.4609 60.3703 0
      vertex 12.618 60.0132 3.2
      vertex 12.618 60.0132 0
    endloop
  endfacet
  facet normal 0.0217841 -0.999763 0
    outer loop
      vertex 13.2207 61.563 0
      vertex 13.6108 61.5715 3.2
      vertex 13.2207 61.563 3.2
    endloop
  endfacet
  facet normal 0.0217841 -0.999763 0
    outer loop
      vertex 13.6108 61.5715 3.2
      vertex 13.2207 61.563 0
      vertex 13.6108 61.5715 0
    endloop
  endfacet
  facet normal 0.402687 -0.915338 0
    outer loop
      vertex 12.8636 61.4059 0
      vertex 13.2207 61.563 3.2
      vertex 12.8636 61.4059 3.2
    endloop
  endfacet
  facet normal 0.402687 -0.915338 0
    outer loop
      vertex 13.2207 61.563 3.2
      vertex 12.8636 61.4059 0
      vertex 13.2207 61.563 0
    endloop
  endfacet
  facet normal -0.915338 0.402687 0
    outer loop
      vertex 17.382 60.0132 0
      vertex 17.5391 60.3703 3.2
      vertex 17.5391 60.3703 0
    endloop
  endfacet
  facet normal -0.915338 0.402687 0
    outer loop
      vertex 17.5391 60.3703 3.2
      vertex 17.382 60.0132 0
      vertex 17.382 60.0132 3.2
    endloop
  endfacet
  facet normal 0.402902 0.915243 -0
    outer loop
      vertex 16.3464 59.6104 0
      vertex 15.9893 59.7676 3.2
      vertex 16.3464 59.6104 3.2
    endloop
  endfacet
  facet normal 0.402902 0.915243 0
    outer loop
      vertex 15.9893 59.7676 3.2
      vertex 16.3464 59.6104 0
      vertex 15.9893 59.7676 0
    endloop
  endfacet
  facet normal -0.932005 -0.362446 0
    outer loop
      vertex 17.5476 60.7604 0
      vertex 17.4062 61.124 3.2
      vertex 17.4062 61.124 0
    endloop
  endfacet
  facet normal -0.932005 -0.362446 0
    outer loop
      vertex 17.4062 61.124 3.2
      vertex 17.5476 60.7604 0
      vertex 17.5476 60.7604 3.2
    endloop
  endfacet
  facet normal -0.402687 -0.915338 0
    outer loop
      vertex 16.7793 61.563 0
      vertex 17.1364 61.4059 3.2
      vertex 16.7793 61.563 3.2
    endloop
  endfacet
  facet normal -0.402687 -0.915338 -0
    outer loop
      vertex 17.1364 61.4059 3.2
      vertex 16.7793 61.563 0
      vertex 17.1364 61.4059 0
    endloop
  endfacet
  facet normal -0.362446 0.932005 0
    outer loop
      vertex 17.1001 59.7433 0
      vertex 16.7365 59.6019 3.2
      vertex 17.1001 59.7433 3.2
    endloop
  endfacet
  facet normal -0.362446 0.932005 0
    outer loop
      vertex 16.7365 59.6019 3.2
      vertex 17.1001 59.7433 0
      vertex 16.7365 59.6019 0
    endloop
  endfacet
  facet normal -0.0217841 -0.999763 0
    outer loop
      vertex 16.3892 61.5715 0
      vertex 16.7793 61.563 3.2
      vertex 16.3892 61.5715 3.2
    endloop
  endfacet
  facet normal -0.0217841 -0.999763 -0
    outer loop
      vertex 16.7793 61.563 3.2
      vertex 16.3892 61.5715 0
      vertex 16.7793 61.563 0
    endloop
  endfacet
  facet normal 0.932038 0.36236 0
    outer loop
      vertex 15.7194 60.0494 3.2
      vertex 15.578 60.4131 0
      vertex 15.578 60.4131 3.2
    endloop
  endfacet
  facet normal 0.932038 0.36236 0
    outer loop
      vertex 15.578 60.4131 0
      vertex 15.7194 60.0494 3.2
      vertex 15.7194 60.0494 0
    endloop
  endfacet
  facet normal 0.36236 -0.932038 0
    outer loop
      vertex 16.0255 61.4301 0
      vertex 16.3892 61.5715 3.2
      vertex 16.0255 61.4301 3.2
    endloop
  endfacet
  facet normal 0.36236 -0.932038 0
    outer loop
      vertex 16.3892 61.5715 3.2
      vertex 16.0255 61.4301 0
      vertex 16.3892 61.5715 0
    endloop
  endfacet
  facet normal -0.999763 0.0217841 0
    outer loop
      vertex 17.5391 60.3703 0
      vertex 17.5476 60.7604 3.2
      vertex 17.5476 60.7604 0
    endloop
  endfacet
  facet normal -0.999763 0.0217841 0
    outer loop
      vertex 17.5476 60.7604 3.2
      vertex 17.5391 60.3703 0
      vertex 17.5391 60.3703 3.2
    endloop
  endfacet
  facet normal 0.999763 -0.0217841 0
    outer loop
      vertex 15.578 60.4131 3.2
      vertex 15.5865 60.8032 0
      vertex 15.5865 60.8032 3.2
    endloop
  endfacet
  facet normal 0.999763 -0.0217841 0
    outer loop
      vertex 15.5865 60.8032 0
      vertex 15.578 60.4131 3.2
      vertex 15.578 60.4131 0
    endloop
  endfacet
  facet normal -0.691566 0.722313 0
    outer loop
      vertex 17.382 60.0132 0
      vertex 17.1001 59.7433 3.2
      vertex 17.382 60.0132 3.2
    endloop
  endfacet
  facet normal -0.691566 0.722313 0
    outer loop
      vertex 17.1001 59.7433 3.2
      vertex 17.382 60.0132 0
      vertex 17.1001 59.7433 0
    endloop
  endfacet
  facet normal 0.0217841 0.999763 -0
    outer loop
      vertex 16.7365 59.6019 0
      vertex 16.3464 59.6104 3.2
      vertex 16.7365 59.6019 3.2
    endloop
  endfacet
  facet normal 0.0217841 0.999763 0
    outer loop
      vertex 16.3464 59.6104 3.2
      vertex 16.7365 59.6019 0
      vertex 16.3464 59.6104 0
    endloop
  endfacet
  facet normal 0.722191 0.691694 0
    outer loop
      vertex 15.9893 59.7676 3.2
      vertex 15.7194 60.0494 0
      vertex 15.7194 60.0494 3.2
    endloop
  endfacet
  facet normal 0.722191 0.691694 0
    outer loop
      vertex 15.7194 60.0494 0
      vertex 15.9893 59.7676 3.2
      vertex 15.9893 59.7676 0
    endloop
  endfacet
  facet normal 0.69156 -0.722319 0
    outer loop
      vertex 15.7437 61.1603 0
      vertex 16.0255 61.4301 3.2
      vertex 15.7437 61.1603 3.2
    endloop
  endfacet
  facet normal 0.69156 -0.722319 0
    outer loop
      vertex 16.0255 61.4301 3.2
      vertex 15.7437 61.1603 0
      vertex 16.0255 61.4301 0
    endloop
  endfacet
  facet normal -0.722441 -0.691432 0
    outer loop
      vertex 17.4062 61.124 0
      vertex 17.1364 61.4059 3.2
      vertex 17.1364 61.4059 0
    endloop
  endfacet
  facet normal -0.722441 -0.691432 0
    outer loop
      vertex 17.1364 61.4059 3.2
      vertex 17.4062 61.124 0
      vertex 17.4062 61.124 3.2
    endloop
  endfacet
  facet normal 0.915243 -0.402902 0
    outer loop
      vertex 15.5865 60.8032 3.2
      vertex 15.7437 61.1603 0
      vertex 15.7437 61.1603 3.2
    endloop
  endfacet
  facet normal 0.915243 -0.402902 0
    outer loop
      vertex 15.7437 61.1603 0
      vertex 15.5865 60.8032 3.2
      vertex 15.5865 60.8032 0
    endloop
  endfacet
  facet normal -0.997862 0.0653621 0
    outer loop
      vertex 20.4659 61.397 0
      vertex 20.4914 61.7863 3.2
      vertex 20.4914 61.7863 0
    endloop
  endfacet
  facet normal -0.997862 0.0653621 0
    outer loop
      vertex 20.4914 61.7863 3.2
      vertex 20.4659 61.397 0
      vertex 20.4659 61.397 3.2
    endloop
  endfacet
  facet normal 0.442287 0.896874 -0
    outer loop
      vertex 19.2412 60.6898 0
      vertex 18.8912 60.8624 3.2
      vertex 19.2412 60.6898 3.2
    endloop
  endfacet
  facet normal 0.442287 0.896874 0
    outer loop
      vertex 18.8912 60.8624 3.2
      vertex 19.2412 60.6898 0
      vertex 18.8912 60.8624 0
    endloop
  endfacet
  facet normal -0.0653621 -0.997862 0
    outer loop
      vertex 19.3695 62.6472 0
      vertex 19.7588 62.6217 3.2
      vertex 19.3695 62.6472 3.2
    endloop
  endfacet
  facet normal -0.0653621 -0.997862 -0
    outer loop
      vertex 19.7588 62.6217 3.2
      vertex 19.3695 62.6472 0
      vertex 19.7588 62.6217 0
    endloop
  endfacet
  facet normal -0.659339 0.751846 0
    outer loop
      vertex 20.2934 61.047 0
      vertex 20 60.7897 3.2
      vertex 20.2934 61.047 3.2
    endloop
  endfacet
  facet normal -0.659339 0.751846 0
    outer loop
      vertex 20 60.7897 3.2
      vertex 20.2934 61.047 0
      vertex 20 60.7897 0
    endloop
  endfacet
  facet normal 0.751973 0.659194 0
    outer loop
      vertex 18.8912 60.8624 3.2
      vertex 18.634 61.1558 0
      vertex 18.634 61.1558 3.2
    endloop
  endfacet
  facet normal 0.751973 0.659194 0
    outer loop
      vertex 18.634 61.1558 0
      vertex 18.8912 60.8624 3.2
      vertex 18.8912 60.8624 0
    endloop
  endfacet
  facet normal -0.321374 0.946952 0
    outer loop
      vertex 20 60.7897 0
      vertex 19.6305 60.6643 3.2
      vertex 20 60.7897 3.2
    endloop
  endfacet
  facet normal -0.321374 0.946952 0
    outer loop
      vertex 19.6305 60.6643 3.2
      vertex 20 60.7897 0
      vertex 19.6305 60.6643 0
    endloop
  endfacet
  facet normal -0.751862 -0.659321 0
    outer loop
      vertex 20.366 62.1558 0
      vertex 20.1088 62.4491 3.2
      vertex 20.1088 62.4491 0
    endloop
  endfacet
  facet normal -0.751862 -0.659321 0
    outer loop
      vertex 20.1088 62.4491 3.2
      vertex 20.366 62.1558 0
      vertex 20.366 62.1558 3.2
    endloop
  endfacet
  facet normal 0.946926 0.321452 0
    outer loop
      vertex 18.634 61.1558 3.2
      vertex 18.5086 61.5252 0
      vertex 18.5086 61.5252 3.2
    endloop
  endfacet
  facet normal 0.946926 0.321452 0
    outer loop
      vertex 18.5086 61.5252 0
      vertex 18.634 61.1558 3.2
      vertex 18.634 61.1558 0
    endloop
  endfacet
  facet normal -0.896975 0.442081 0
    outer loop
      vertex 20.2934 61.047 0
      vertex 20.4659 61.397 3.2
      vertex 20.4659 61.397 0
    endloop
  endfacet
  facet normal -0.896975 0.442081 0
    outer loop
      vertex 20.4659 61.397 3.2
      vertex 20.2934 61.047 0
      vertex 20.2934 61.047 3.2
    endloop
  endfacet
  facet normal 0.0653621 0.997862 -0
    outer loop
      vertex 19.6305 60.6643 0
      vertex 19.2412 60.6898 3.2
      vertex 19.6305 60.6643 3.2
    endloop
  endfacet
  facet normal 0.0653621 0.997862 0
    outer loop
      vertex 19.2412 60.6898 3.2
      vertex 19.6305 60.6643 0
      vertex 19.2412 60.6898 0
    endloop
  endfacet
  facet normal -0.946952 -0.321374 0
    outer loop
      vertex 20.4914 61.7863 0
      vertex 20.366 62.1558 3.2
      vertex 20.366 62.1558 0
    endloop
  endfacet
  facet normal -0.946952 -0.321374 0
    outer loop
      vertex 20.366 62.1558 3.2
      vertex 20.4914 61.7863 0
      vertex 20.4914 61.7863 3.2
    endloop
  endfacet
  facet normal 0.896925 -0.442182 0
    outer loop
      vertex 18.5341 61.9146 3.2
      vertex 18.7066 62.2645 0
      vertex 18.7066 62.2645 3.2
    endloop
  endfacet
  facet normal 0.896925 -0.442182 0
    outer loop
      vertex 18.7066 62.2645 0
      vertex 18.5341 61.9146 3.2
      vertex 18.5341 61.9146 0
    endloop
  endfacet
  facet normal 0.659339 -0.751846 0
    outer loop
      vertex 18.7066 62.2645 0
      vertex 19 62.5218 3.2
      vertex 18.7066 62.2645 3.2
    endloop
  endfacet
  facet normal 0.659339 -0.751846 0
    outer loop
      vertex 19 62.5218 3.2
      vertex 18.7066 62.2645 0
      vertex 19 62.5218 0
    endloop
  endfacet
  facet normal 0.321374 -0.946952 0
    outer loop
      vertex 19 62.5218 0
      vertex 19.3695 62.6472 3.2
      vertex 19 62.5218 3.2
    endloop
  endfacet
  facet normal 0.321374 -0.946952 0
    outer loop
      vertex 19.3695 62.6472 3.2
      vertex 19 62.5218 0
      vertex 19.3695 62.6472 0
    endloop
  endfacet
  facet normal -0.442287 -0.896874 0
    outer loop
      vertex 19.7588 62.6217 0
      vertex 20.1088 62.4491 3.2
      vertex 19.7588 62.6217 3.2
    endloop
  endfacet
  facet normal -0.442287 -0.896874 -0
    outer loop
      vertex 20.1088 62.4491 3.2
      vertex 19.7588 62.6217 0
      vertex 20.1088 62.4491 0
    endloop
  endfacet
  facet normal 0.997863 -0.0653454 0
    outer loop
      vertex 18.5086 61.5252 3.2
      vertex 18.5341 61.9146 0
      vertex 18.5341 61.9146 3.2
    endloop
  endfacet
  facet normal 0.997863 -0.0653454 0
    outer loop
      vertex 18.5341 61.9146 0
      vertex 18.5086 61.5252 3.2
      vertex 18.5086 61.5252 0
    endloop
  endfacet
  facet normal 0.779918 0.625882 0
    outer loop
      vertex 21.2516 62.8989 3.2
      vertex 21.0074 63.2032 0
      vertex 21.0074 63.2032 3.2
    endloop
  endfacet
  facet normal 0.779918 0.625882 0
    outer loop
      vertex 21.0074 63.2032 0
      vertex 21.2516 62.8989 3.2
      vertex 21.2516 62.8989 0
    endloop
  endfacet
  facet normal -0.994051 0.108913 0
    outer loop
      vertex 22.8481 63.3642 0
      vertex 22.8906 63.7521 3.2
      vertex 22.8906 63.7521 0
    endloop
  endfacet
  facet normal -0.994051 0.108913 0
    outer loop
      vertex 22.8906 63.7521 3.2
      vertex 22.8481 63.3642 0
      vertex 22.8481 63.3642 3.2
    endloop
  endfacet
  facet normal -0.96004 -0.279862 0
    outer loop
      vertex 22.8906 63.7521 0
      vertex 22.7814 64.1267 3.2
      vertex 22.7814 64.1267 0
    endloop
  endfacet
  facet normal -0.96004 -0.279862 0
    outer loop
      vertex 22.7814 64.1267 3.2
      vertex 22.8906 63.7521 0
      vertex 22.8906 63.7521 3.2
    endloop
  endfacet
  facet normal -0.279931 0.96002 0
    outer loop
      vertex 22.3561 62.7779 0
      vertex 21.9816 62.6687 3.2
      vertex 22.3561 62.7779 3.2
    endloop
  endfacet
  facet normal -0.279931 0.96002 0
    outer loop
      vertex 21.9816 62.6687 3.2
      vertex 22.3561 62.7779 0
      vertex 21.9816 62.6687 0
    endloop
  endfacet
  facet normal 0.108913 0.994051 -0
    outer loop
      vertex 21.9816 62.6687 0
      vertex 21.5937 62.7112 3.2
      vertex 21.9816 62.6687 3.2
    endloop
  endfacet
  facet normal 0.108913 0.994051 0
    outer loop
      vertex 21.5937 62.7112 3.2
      vertex 21.9816 62.6687 0
      vertex 21.5937 62.7112 0
    endloop
  endfacet
  facet normal 0.625882 -0.779918 0
    outer loop
      vertex 21.1284 64.3077 0
      vertex 21.4327 64.5519 3.2
      vertex 21.1284 64.3077 3.2
    endloop
  endfacet
  facet normal 0.625882 -0.779918 0
    outer loop
      vertex 21.4327 64.5519 3.2
      vertex 21.1284 64.3077 0
      vertex 21.4327 64.5519 0
    endloop
  endfacet
  facet normal -0.876708 0.481023 0
    outer loop
      vertex 22.6604 63.0221 0
      vertex 22.8481 63.3642 3.2
      vertex 22.8481 63.3642 0
    endloop
  endfacet
  facet normal -0.876708 0.481023 0
    outer loop
      vertex 22.8481 63.3642 3.2
      vertex 22.6604 63.0221 0
      vertex 22.6604 63.0221 3.2
    endloop
  endfacet
  facet normal -0.108913 -0.994051 0
    outer loop
      vertex 21.8072 64.6611 0
      vertex 22.1951 64.6186 3.2
      vertex 21.8072 64.6611 3.2
    endloop
  endfacet
  facet normal -0.108913 -0.994051 -0
    outer loop
      vertex 22.1951 64.6186 3.2
      vertex 21.8072 64.6611 0
      vertex 22.1951 64.6186 0
    endloop
  endfacet
  facet normal -0.625882 0.779918 0
    outer loop
      vertex 22.6604 63.0221 0
      vertex 22.3561 62.7779 3.2
      vertex 22.6604 63.0221 3.2
    endloop
  endfacet
  facet normal -0.625882 0.779918 0
    outer loop
      vertex 22.3561 62.7779 3.2
      vertex 22.6604 63.0221 0
      vertex 22.3561 62.7779 0
    endloop
  endfacet
  facet normal 0.96004 0.279862 0
    outer loop
      vertex 21.0074 63.2032 3.2
      vertex 20.8982 63.5778 0
      vertex 20.8982 63.5778 3.2
    endloop
  endfacet
  facet normal 0.96004 0.279862 0
    outer loop
      vertex 20.8982 63.5778 0
      vertex 21.0074 63.2032 3.2
      vertex 21.0074 63.2032 0
    endloop
  endfacet
  facet normal -0.480826 -0.876816 0
    outer loop
      vertex 22.1951 64.6186 0
      vertex 22.5372 64.431 3.2
      vertex 22.1951 64.6186 3.2
    endloop
  endfacet
  facet normal -0.480826 -0.876816 -0
    outer loop
      vertex 22.5372 64.431 3.2
      vertex 22.1951 64.6186 0
      vertex 22.5372 64.431 0
    endloop
  endfacet
  facet normal -0.779918 -0.625882 0
    outer loop
      vertex 22.7814 64.1267 0
      vertex 22.5372 64.431 3.2
      vertex 22.5372 64.431 0
    endloop
  endfacet
  facet normal -0.779918 -0.625882 0
    outer loop
      vertex 22.5372 64.431 3.2
      vertex 22.7814 64.1267 0
      vertex 22.7814 64.1267 3.2
    endloop
  endfacet
  facet normal 0.481023 0.876708 -0
    outer loop
      vertex 21.5937 62.7112 0
      vertex 21.2516 62.8989 3.2
      vertex 21.5937 62.7112 3.2
    endloop
  endfacet
  facet normal 0.481023 0.876708 0
    outer loop
      vertex 21.2516 62.8989 3.2
      vertex 21.5937 62.7112 0
      vertex 21.2516 62.8989 0
    endloop
  endfacet
  facet normal 0.279931 -0.96002 0
    outer loop
      vertex 21.4327 64.5519 0
      vertex 21.8072 64.6611 3.2
      vertex 21.4327 64.5519 3.2
    endloop
  endfacet
  facet normal 0.279931 -0.96002 0
    outer loop
      vertex 21.8072 64.6611 3.2
      vertex 21.4327 64.5519 0
      vertex 21.8072 64.6611 0
    endloop
  endfacet
  facet normal 0.876708 -0.481023 0
    outer loop
      vertex 20.9407 63.9656 3.2
      vertex 21.1284 64.3077 0
      vertex 21.1284 64.3077 3.2
    endloop
  endfacet
  facet normal 0.876708 -0.481023 0
    outer loop
      vertex 21.1284 64.3077 0
      vertex 20.9407 63.9656 3.2
      vertex 20.9407 63.9656 0
    endloop
  endfacet
  facet normal 0.994048 -0.10894 0
    outer loop
      vertex 20.8982 63.5778 3.2
      vertex 20.9407 63.9656 0
      vertex 20.9407 63.9656 3.2
    endloop
  endfacet
  facet normal 0.994048 -0.10894 0
    outer loop
      vertex 20.9407 63.9656 0
      vertex 20.8982 63.5778 3.2
      vertex 20.8982 63.5778 0
    endloop
  endfacet
  facet normal -0.152211 -0.988348 0
    outer loop
      vertex 23.4136 67.3709 0
      vertex 23.7993 67.3115 3.2
      vertex 23.4136 67.3709 3.2
    endloop
  endfacet
  facet normal -0.152211 -0.988348 -0
    outer loop
      vertex 23.7993 67.3115 3.2
      vertex 23.4136 67.3709 0
      vertex 23.7993 67.3115 0
    endloop
  endfacet
  facet normal -0.971307 -0.237829 0
    outer loop
      vertex 24.4563 66.4154 0
      vertex 24.3635 66.7944 3.2
      vertex 24.3635 66.7944 0
    endloop
  endfacet
  facet normal -0.971307 -0.237829 0
    outer loop
      vertex 24.3635 66.7944 3.2
      vertex 24.4563 66.4154 0
      vertex 24.4563 66.4154 3.2
    endloop
  endfacet
  facet normal 0.518711 0.85495 -0
    outer loop
      vertex 23.1152 65.4321 0
      vertex 22.7816 65.6345 3.2
      vertex 23.1152 65.4321 3.2
    endloop
  endfacet
  facet normal 0.518711 0.85495 0
    outer loop
      vertex 22.7816 65.6345 3.2
      vertex 23.1152 65.4321 0
      vertex 22.7816 65.6345 0
    endloop
  endfacet
  facet normal -0.85495 0.518711 0
    outer loop
      vertex 24.1945 65.6962 0
      vertex 24.3969 66.0298 3.2
      vertex 24.3969 66.0298 0
    endloop
  endfacet
  facet normal -0.85495 0.518711 0
    outer loop
      vertex 24.3969 66.0298 3.2
      vertex 24.1945 65.6962 0
      vertex 24.1945 65.6962 3.2
    endloop
  endfacet
  facet normal -0.237587 0.971366 0
    outer loop
      vertex 23.8799 65.4655 0
      vertex 23.5009 65.3728 3.2
      vertex 23.8799 65.4655 3.2
    endloop
  endfacet
  facet normal -0.237587 0.971366 0
    outer loop
      vertex 23.5009 65.3728 3.2
      vertex 23.8799 65.4655 0
      vertex 23.5009 65.3728 0
    endloop
  endfacet
  facet normal -0.988342 0.15225 0
    outer loop
      vertex 24.3969 66.0298 0
      vertex 24.4563 66.4154 3.2
      vertex 24.4563 66.4154 0
    endloop
  endfacet
  facet normal -0.988342 0.15225 0
    outer loop
      vertex 24.4563 66.4154 3.2
      vertex 24.3969 66.0298 0
      vertex 24.3969 66.0298 3.2
    endloop
  endfacet
  facet normal 0.591353 -0.806413 0
    outer loop
      vertex 22.72 67.0474 0
      vertex 23.0346 67.2781 3.2
      vertex 22.72 67.0474 3.2
    endloop
  endfacet
  facet normal 0.591353 -0.806413 0
    outer loop
      vertex 23.0346 67.2781 3.2
      vertex 22.72 67.0474 0
      vertex 23.0346 67.2781 0
    endloop
  endfacet
  facet normal 0.237829 -0.971307 0
    outer loop
      vertex 23.0346 67.2781 0
      vertex 23.4136 67.3709 3.2
      vertex 23.0346 67.2781 3.2
    endloop
  endfacet
  facet normal 0.237829 -0.971307 0
    outer loop
      vertex 23.4136 67.3709 3.2
      vertex 23.0346 67.2781 0
      vertex 23.4136 67.3709 0
    endloop
  endfacet
  facet normal -0.591353 0.806413 0
    outer loop
      vertex 24.1945 65.6962 0
      vertex 23.8799 65.4655 3.2
      vertex 24.1945 65.6962 3.2
    endloop
  endfacet
  facet normal -0.591353 0.806413 0
    outer loop
      vertex 23.8799 65.4655 3.2
      vertex 24.1945 65.6962 0
      vertex 23.8799 65.4655 0
    endloop
  endfacet
  facet normal -0.518824 -0.854881 0
    outer loop
      vertex 23.7993 67.3115 0
      vertex 24.1328 67.1091 3.2
      vertex 23.7993 67.3115 3.2
    endloop
  endfacet
  facet normal -0.518824 -0.854881 -0
    outer loop
      vertex 24.1328 67.1091 3.2
      vertex 23.7993 67.3115 0
      vertex 24.1328 67.1091 0
    endloop
  endfacet
  facet normal 0.854836 -0.518898 0
    outer loop
      vertex 22.5175 66.7138 3.2
      vertex 22.72 67.0474 0
      vertex 22.72 67.0474 3.2
    endloop
  endfacet
  facet normal 0.854836 -0.518898 0
    outer loop
      vertex 22.72 67.0474 0
      vertex 22.5175 66.7138 3.2
      vertex 22.5175 66.7138 0
    endloop
  endfacet
  facet normal 0.988381 -0.151999 0
    outer loop
      vertex 22.4582 66.3282 3.2
      vertex 22.5175 66.7138 0
      vertex 22.5175 66.7138 3.2
    endloop
  endfacet
  facet normal 0.988381 -0.151999 0
    outer loop
      vertex 22.5175 66.7138 0
      vertex 22.4582 66.3282 3.2
      vertex 22.4582 66.3282 0
    endloop
  endfacet
  facet normal -0.806503 -0.59123 0
    outer loop
      vertex 24.3635 66.7944 0
      vertex 24.1328 67.1091 3.2
      vertex 24.1328 67.1091 0
    endloop
  endfacet
  facet normal -0.806503 -0.59123 0
    outer loop
      vertex 24.1328 67.1091 3.2
      vertex 24.3635 66.7944 0
      vertex 24.3635 66.7944 3.2
    endloop
  endfacet
  facet normal 0.971366 0.237587 0
    outer loop
      vertex 22.5509 65.9492 3.2
      vertex 22.4582 66.3282 0
      vertex 22.4582 66.3282 3.2
    endloop
  endfacet
  facet normal 0.971366 0.237587 0
    outer loop
      vertex 22.4582 66.3282 0
      vertex 22.5509 65.9492 3.2
      vertex 22.5509 65.9492 0
    endloop
  endfacet
  facet normal 0.151961 0.988387 -0
    outer loop
      vertex 23.5009 65.3728 0
      vertex 23.1152 65.4321 3.2
      vertex 23.5009 65.3728 3.2
    endloop
  endfacet
  facet normal 0.151961 0.988387 0
    outer loop
      vertex 23.1152 65.4321 3.2
      vertex 23.5009 65.3728 0
      vertex 23.1152 65.4321 0
    endloop
  endfacet
  facet normal 0.806503 0.59123 0
    outer loop
      vertex 22.7816 65.6345 3.2
      vertex 22.5509 65.9492 0
      vertex 22.5509 65.9492 3.2
    endloop
  endfacet
  facet normal 0.806503 0.59123 0
    outer loop
      vertex 22.5509 65.9492 0
      vertex 22.7816 65.6345 3.2
      vertex 22.7816 65.6345 0
    endloop
  endfacet
  facet normal 0.555646 -0.831419 0
    outer loop
      vertex 14.2929 70.1571 0
      vertex 14.6173 70.3739 3.2
      vertex 14.2929 70.1571 3.2
    endloop
  endfacet
  facet normal 0.555646 -0.831419 0
    outer loop
      vertex 14.6173 70.3739 3.2
      vertex 14.2929 70.1571 0
      vertex 14.6173 70.3739 0
    endloop
  endfacet
  facet normal -0.831419 -0.555646 0
    outer loop
      vertex 15.9239 69.8327 0
      vertex 15.7071 70.1571 3.2
      vertex 15.7071 70.1571 0
    endloop
  endfacet
  facet normal -0.831419 -0.555646 0
    outer loop
      vertex 15.7071 70.1571 3.2
      vertex 15.9239 69.8327 0
      vertex 15.9239 69.8327 3.2
    endloop
  endfacet
  facet normal -0.980797 -0.195032 0
    outer loop
      vertex 16 69.45 0
      vertex 15.9239 69.8327 3.2
      vertex 15.9239 69.8327 0
    endloop
  endfacet
  facet normal -0.980797 -0.195032 0
    outer loop
      vertex 15.9239 69.8327 3.2
      vertex 16 69.45 0
      vertex 16 69.45 3.2
    endloop
  endfacet
  facet normal 0.831419 -0.555646 0
    outer loop
      vertex 14.0761 69.8327 3.2
      vertex 14.2929 70.1571 0
      vertex 14.2929 70.1571 3.2
    endloop
  endfacet
  facet normal 0.831419 -0.555646 0
    outer loop
      vertex 14.2929 70.1571 0
      vertex 14.0761 69.8327 3.2
      vertex 14.0761 69.8327 0
    endloop
  endfacet
  facet normal 0.195032 0.980797 -0
    outer loop
      vertex 15 68.45 0
      vertex 14.6173 68.5261 3.2
      vertex 15 68.45 3.2
    endloop
  endfacet
  facet normal 0.195032 0.980797 0
    outer loop
      vertex 14.6173 68.5261 3.2
      vertex 15 68.45 0
      vertex 14.6173 68.5261 0
    endloop
  endfacet
  facet normal -0.195032 0.980797 0
    outer loop
      vertex 15.3827 68.5261 0
      vertex 15 68.45 3.2
      vertex 15.3827 68.5261 3.2
    endloop
  endfacet
  facet normal -0.195032 0.980797 0
    outer loop
      vertex 15 68.45 3.2
      vertex 15.3827 68.5261 0
      vertex 15 68.45 0
    endloop
  endfacet
  facet normal -0.555646 0.831419 0
    outer loop
      vertex 15.7071 68.7429 0
      vertex 15.3827 68.5261 3.2
      vertex 15.7071 68.7429 3.2
    endloop
  endfacet
  facet normal -0.555646 0.831419 0
    outer loop
      vertex 15.3827 68.5261 3.2
      vertex 15.7071 68.7429 0
      vertex 15.3827 68.5261 0
    endloop
  endfacet
  facet normal -0.831419 0.555646 0
    outer loop
      vertex 15.7071 68.7429 0
      vertex 15.9239 69.0673 3.2
      vertex 15.9239 69.0673 0
    endloop
  endfacet
  facet normal -0.831419 0.555646 0
    outer loop
      vertex 15.9239 69.0673 3.2
      vertex 15.7071 68.7429 0
      vertex 15.7071 68.7429 3.2
    endloop
  endfacet
  facet normal 0.980797 -0.195032 0
    outer loop
      vertex 14 69.45 3.2
      vertex 14.0761 69.8327 0
      vertex 14.0761 69.8327 3.2
    endloop
  endfacet
  facet normal 0.980797 -0.195032 0
    outer loop
      vertex 14.0761 69.8327 0
      vertex 14 69.45 3.2
      vertex 14 69.45 0
    endloop
  endfacet
  facet normal -0.980797 0.195032 0
    outer loop
      vertex 15.9239 69.0673 0
      vertex 16 69.45 3.2
      vertex 16 69.45 0
    endloop
  endfacet
  facet normal -0.980797 0.195032 0
    outer loop
      vertex 16 69.45 3.2
      vertex 15.9239 69.0673 0
      vertex 15.9239 69.0673 3.2
    endloop
  endfacet
  facet normal 0.195032 -0.980797 0
    outer loop
      vertex 14.6173 70.3739 0
      vertex 15 70.45 3.2
      vertex 14.6173 70.3739 3.2
    endloop
  endfacet
  facet normal 0.195032 -0.980797 0
    outer loop
      vertex 15 70.45 3.2
      vertex 14.6173 70.3739 0
      vertex 15 70.45 0
    endloop
  endfacet
  facet normal -0.195032 -0.980797 0
    outer loop
      vertex 15 70.45 0
      vertex 15.3827 70.3739 3.2
      vertex 15 70.45 3.2
    endloop
  endfacet
  facet normal -0.195032 -0.980797 -0
    outer loop
      vertex 15.3827 70.3739 3.2
      vertex 15 70.45 0
      vertex 15.3827 70.3739 0
    endloop
  endfacet
  facet normal 0.831419 0.555646 0
    outer loop
      vertex 14.2929 68.7429 3.2
      vertex 14.0761 69.0673 0
      vertex 14.0761 69.0673 3.2
    endloop
  endfacet
  facet normal 0.831419 0.555646 0
    outer loop
      vertex 14.0761 69.0673 0
      vertex 14.2929 68.7429 3.2
      vertex 14.2929 68.7429 0
    endloop
  endfacet
  facet normal -0.555646 -0.831419 0
    outer loop
      vertex 15.3827 70.3739 0
      vertex 15.7071 70.1571 3.2
      vertex 15.3827 70.3739 3.2
    endloop
  endfacet
  facet normal -0.555646 -0.831419 -0
    outer loop
      vertex 15.7071 70.1571 3.2
      vertex 15.3827 70.3739 0
      vertex 15.7071 70.1571 0
    endloop
  endfacet
  facet normal 0.980797 0.195032 0
    outer loop
      vertex 14.0761 69.0673 3.2
      vertex 14 69.45 0
      vertex 14 69.45 3.2
    endloop
  endfacet
  facet normal 0.980797 0.195032 0
    outer loop
      vertex 14 69.45 0
      vertex 14.0761 69.0673 3.2
      vertex 14.0761 69.0673 0
    endloop
  endfacet
  facet normal 0.555646 0.831419 -0
    outer loop
      vertex 14.6173 68.5261 0
      vertex 14.2929 68.7429 3.2
      vertex 14.6173 68.5261 3.2
    endloop
  endfacet
  facet normal 0.555646 0.831419 0
    outer loop
      vertex 14.2929 68.7429 3.2
      vertex 14.6173 68.5261 0
      vertex 14.2929 68.7429 0
    endloop
  endfacet
  facet normal 0.321097 -0.947046 0
    outer loop
      vertex 52.757 50.2273 0
      vertex 52.8561 50.2609 3.2
      vertex 52.757 50.2273 3.2
    endloop
  endfacet
  facet normal 0.321097 -0.947046 0
    outer loop
      vertex 52.8561 50.2609 3.2
      vertex 52.757 50.2273 0
      vertex 52.8561 50.2609 0
    endloop
  endfacet
  facet normal -0.194929 0.980817 0
    outer loop
      vertex 0.695587 88.6931 0
      vertex 0.592941 88.6727 3.2
      vertex 0.695587 88.6931 3.2
    endloop
  endfacet
  facet normal -0.194929 0.980817 0
    outer loop
      vertex 0.592941 88.6727 3.2
      vertex 0.695587 88.6931 0
      vertex 0.592941 88.6727 0
    endloop
  endfacet
  facet normal -0.946859 -0.321648 0
    outer loop
      vertex 0.0608978 50.6939 0
      vertex 0.0272675 50.7929 3.2
      vertex 0.0272675 50.7929 0
    endloop
  endfacet
  facet normal -0.946859 -0.321648 0
    outer loop
      vertex 0.0272675 50.7929 3.2
      vertex 0.0608978 50.6939 0
      vertex 0.0608978 50.6939 3.2
    endloop
  endfacet
  facet normal 0.321097 0.947046 -0
    outer loop
      vertex 52.8561 88.6391 0
      vertex 52.757 88.6727 3.2
      vertex 52.8561 88.6391 3.2
    endloop
  endfacet
  facet normal 0.321097 0.947046 0
    outer loop
      vertex 52.757 88.6727 3.2
      vertex 52.8561 88.6391 0
      vertex 52.757 88.6727 0
    endloop
  endfacet
  facet normal -0.321126 0.947036 0
    outer loop
      vertex 0.592941 88.6727 0
      vertex 0.493851 88.6391 3.2
      vertex 0.592941 88.6727 3.2
    endloop
  endfacet
  facet normal -0.321126 0.947036 0
    outer loop
      vertex 0.493851 88.6391 3.2
      vertex 0.592941 88.6727 0
      vertex 0.493851 88.6391 0
    endloop
  endfacet
  facet normal 0.195013 0.980801 -0
    outer loop
      vertex 52.757 88.6727 0
      vertex 52.6544 88.6931 3.2
      vertex 52.757 88.6727 3.2
    endloop
  endfacet
  facet normal 0.195013 0.980801 0
    outer loop
      vertex 52.6544 88.6931 3.2
      vertex 52.757 88.6727 0
      vertex 52.6544 88.6931 0
    endloop
  endfacet
  facet normal -0.555269 -0.831671 0
    outer loop
      vertex 0.312988 50.3653 0
      vertex 0.400009 50.3072 3.2
      vertex 0.312988 50.3653 3.2
    endloop
  endfacet
  facet normal -0.555269 -0.831671 -0
    outer loop
      vertex 0.400009 50.3072 3.2
      vertex 0.312988 50.3653 0
      vertex 0.400009 50.3072 0
    endloop
  endfacet
  facet normal 0.751925 0.659248 0
    outer loop
      vertex 53.1847 88.387 3.2
      vertex 53.1157 88.4657 0
      vertex 53.1157 88.4657 3.2
    endloop
  endfacet
  facet normal 0.751925 0.659248 0
    outer loop
      vertex 53.1157 88.4657 0
      vertex 53.1847 88.387 3.2
      vertex 53.1847 88.387 0
    endloop
  endfacet
  facet normal 0 0 -1
    outer loop
      vertex 8 69.45 0
      vertex 6.96539 71.6219 0
      vertex 7.28004 71.8526 0
    endloop
  endfacet
  facet normal 0 0 -1
    outer loop
      vertex 6.70711 70.1571 0
      vertex 8 69.45 0
      vertex 6.92388 69.8327 0
    endloop
  endfacet
  facet normal 0 0 -1
    outer loop
      vertex 8 69.45 0
      vertex 6.70711 70.1571 0
      vertex 6.96539 71.6219 0
    endloop
  endfacet
  facet normal 0 0 -1
    outer loop
      vertex 6.70711 70.1571 0
      vertex 6.58639 71.5291 0
      vertex 6.96539 71.6219 0
    endloop
  endfacet
  facet normal 0 0 -1
    outer loop
      vertex 6.38268 70.3739 0
      vertex 6.58639 71.5291 0
      vertex 6.70711 70.1571 0
    endloop
  endfacet
  facet normal 0 0 -1
    outer loop
      vertex 6.38268 70.3739 0
      vertex 6.20075 71.5885 0
      vertex 6.58639 71.5291 0
    endloop
  endfacet
  facet normal 0 0 -1
    outer loop
      vertex 6 70.45 0
      vertex 6.20075 71.5885 0
      vertex 6.38268 70.3739 0
    endloop
  endfacet
  facet normal 0 0 -1
    outer loop
      vertex 6 70.45 0
      vertex 5.86718 71.7909 0
      vertex 6.20075 71.5885 0
    endloop
  endfacet
  facet normal 0 0 -1
    outer loop
      vertex 5.61732 70.3739 0
      vertex 5.86718 71.7909 0
      vertex 6 70.45 0
    endloop
  endfacet
  facet normal -0 0 -1
    outer loop
      vertex 5.86718 71.7909 0
      vertex 5.61732 70.3739 0
      vertex 5.63646 72.1056 0
    endloop
  endfacet
  facet normal 0 0 -1
    outer loop
      vertex 5.29289 70.1571 0
      vertex 5.63646 72.1056 0
      vertex 5.61732 70.3739 0
    endloop
  endfacet
  facet normal -0 0 -1
    outer loop
      vertex 5.63646 72.1056 0
      vertex 5.29289 70.1571 0
      vertex 5.54372 72.4846 0
    endloop
  endfacet
  facet normal 0 0 -1
    outer loop
      vertex 6.70711 68.7429 0
      vertex 8.29289 68.7429 0
      vertex 6.96539 67.2781 0
    endloop
  endfacet
  facet normal 0 0 -1
    outer loop
      vertex 8 69.45 0
      vertex 7.48246 72.1862 0
      vertex 7.54181 72.5718 0
    endloop
  endfacet
  facet normal 0 0 -1
    outer loop
      vertex 8.29289 68.7429 0
      vertex 6.70711 68.7429 0
      vertex 8.07612 69.0673 0
    endloop
  endfacet
  facet normal 0 0 -1
    outer loop
      vertex 6.92388 69.8327 0
      vertex 8 69.45 0
      vertex 7 69.45 0
    endloop
  endfacet
  facet normal 0 0 -1
    outer loop
      vertex 8 69.45 0
      vertex 7.28004 71.8526 0
      vertex 7.48246 72.1862 0
    endloop
  endfacet
  facet normal 0 -0 -1
    outer loop
      vertex 6.92388 69.0673 0
      vertex 8.07612 69.0673 0
      vertex 6.70711 68.7429 0
    endloop
  endfacet
  facet normal -0 0 -1
    outer loop
      vertex 8 69.45 0
      vertex 6.92388 69.0673 0
      vertex 7 69.45 0
    endloop
  endfacet
  facet normal 0 0 -1
    outer loop
      vertex 8.07612 69.0673 0
      vertex 6.92388 69.0673 0
      vertex 8 69.45 0
    endloop
  endfacet
  facet normal 0 0 -1
    outer loop
      vertex 6.58639 67.3709 0
      vertex 6.70711 68.7429 0
      vertex 6.96539 67.2781 0
    endloop
  endfacet
  facet normal 0 0 -1
    outer loop
      vertex 6.58639 67.3709 0
      vertex 6.38268 68.5261 0
      vertex 6.70711 68.7429 0
    endloop
  endfacet
  facet normal 0 0 -1
    outer loop
      vertex 6.20075 67.3115 0
      vertex 6.38268 68.5261 0
      vertex 6.58639 67.3709 0
    endloop
  endfacet
  facet normal 0 0 -1
    outer loop
      vertex 6.20075 67.3115 0
      vertex 6 68.45 0
      vertex 6.38268 68.5261 0
    endloop
  endfacet
  facet normal 0 0 -1
    outer loop
      vertex 5.86718 67.1091 0
      vertex 6 68.45 0
      vertex 6.20075 67.3115 0
    endloop
  endfacet
  facet normal 0 0 -1
    outer loop
      vertex 5.61732 68.5261 0
      vertex 5.86718 67.1091 0
      vertex 5.63646 66.7944 0
    endloop
  endfacet
  facet normal 0 0 -1
    outer loop
      vertex 5.86718 67.1091 0
      vertex 5.61732 68.5261 0
      vertex 6 68.45 0
    endloop
  endfacet
  facet normal 0 0 -1
    outer loop
      vertex 5.29289 68.7429 0
      vertex 5.63646 66.7944 0
      vertex 5.54372 66.4154 0
    endloop
  endfacet
  facet normal 0 0 -1
    outer loop
      vertex 5.63646 66.7944 0
      vertex 5.29289 68.7429 0
      vertex 5.61732 68.5261 0
    endloop
  endfacet
  facet normal 0 0 -1
    outer loop
      vertex 8.93782 72.95 0
      vertex 7.44907 72.9508 0
      vertex 8.19276 74.2389 0
    endloop
  endfacet
  facet normal -0 0 -1
    outer loop
      vertex 8.19276 74.2389 0
      vertex 7.44907 72.9508 0
      vertex 7.80489 74.2814 0
    endloop
  endfacet
  facet normal 0 0 -1
    outer loop
      vertex 7.21836 73.2655 0
      vertex 7.80489 74.2814 0
      vertex 7.44907 72.9508 0
    endloop
  endfacet
  facet normal -0 0 -1
    outer loop
      vertex 7.80489 74.2814 0
      vertex 7.21836 73.2655 0
      vertex 7.46281 74.469 0
    endloop
  endfacet
  facet normal 0 0 -1
    outer loop
      vertex 6.88479 73.4679 0
      vertex 7.46281 74.469 0
      vertex 7.21836 73.2655 0
    endloop
  endfacet
  facet normal -0 0 -1
    outer loop
      vertex 7.46281 74.469 0
      vertex 6.88479 73.4679 0
      vertex 7.21859 74.7733 0
    endloop
  endfacet
  facet normal 0 0 -1
    outer loop
      vertex 6.49915 73.5272 0
      vertex 7.21859 74.7733 0
      vertex 6.88479 73.4679 0
    endloop
  endfacet
  facet normal 0 0 -1
    outer loop
      vertex 11.0086 74.5156 0
      vertex 9.05932 74.9344 0
      vertex 9.1018 75.3222 0
    endloop
  endfacet
  facet normal 0 0 -1
    outer loop
      vertex 8.19276 74.2389 0
      vertex 9.19509 73.2434 0
      vertex 8.93782 72.95 0
    endloop
  endfacet
  facet normal 0 0 -1
    outer loop
      vertex 9.54503 73.4159 0
      vertex 8.87164 74.5923 0
      vertex 9.05932 74.9344 0
    endloop
  endfacet
  facet normal 0 0 -1
    outer loop
      vertex 7.44907 72.9508 0
      vertex 8.8124 72.5805 0
      vertex 7.54181 72.5718 0
    endloop
  endfacet
  facet normal 0 0 -1
    outer loop
      vertex 9.0105 71.8412 0
      vertex 7.54181 72.5718 0
      vertex 8.83792 72.1912 0
    endloop
  endfacet
  facet normal 0 0 -1
    outer loop
      vertex 9.54503 73.4159 0
      vertex 8.56735 74.3481 0
      vertex 8.87164 74.5923 0
    endloop
  endfacet
  facet normal 0 0 -1
    outer loop
      vertex 7.54181 72.5718 0
      vertex 8.8124 72.5805 0
      vertex 8.83792 72.1912 0
    endloop
  endfacet
  facet normal 0 0 -1
    outer loop
      vertex 9.19509 73.2434 0
      vertex 8.19276 74.2389 0
      vertex 8.56735 74.3481 0
    endloop
  endfacet
  facet normal 0 0 -1
    outer loop
      vertex 7.54181 72.5718 0
      vertex 8.29289 70.1571 0
      vertex 8.07612 69.8327 0
    endloop
  endfacet
  facet normal 0 0 -1
    outer loop
      vertex 7.54181 72.5718 0
      vertex 8.07612 69.8327 0
      vertex 8 69.45 0
    endloop
  endfacet
  facet normal -0 0 -1
    outer loop
      vertex 8.61732 68.5261 0
      vertex 7.28004 67.0474 0
      vertex 8.29289 68.7429 0
    endloop
  endfacet
  facet normal 0 0 -1
    outer loop
      vertex 6.96539 67.2781 0
      vertex 8.29289 68.7429 0
      vertex 7.28004 67.0474 0
    endloop
  endfacet
  facet normal 0 0 -1
    outer loop
      vertex 8.8124 72.5805 0
      vertex 7.44907 72.9508 0
      vertex 8.93782 72.95 0
    endloop
  endfacet
  facet normal 0 0 -1
    outer loop
      vertex 7.21836 65.6345 0
      vertex 7.80489 64.6186 0
      vertex 7.46281 64.431 0
    endloop
  endfacet
  facet normal 0 0 -1
    outer loop
      vertex 7.80489 64.6186 0
      vertex 7.44907 65.9492 0
      vertex 7.54181 66.3282 0
    endloop
  endfacet
  facet normal 0 0 -1
    outer loop
      vertex 6.88479 65.4321 0
      vertex 7.46281 64.431 0
      vertex 7.21859 64.1267 0
    endloop
  endfacet
  facet normal 0 0 -1
    outer loop
      vertex 7.80489 64.6186 0
      vertex 7.21836 65.6345 0
      vertex 7.44907 65.9492 0
    endloop
  endfacet
  facet normal 0 0 -1
    outer loop
      vertex 6.49915 65.3728 0
      vertex 7.21859 64.1267 0
      vertex 7.10941 63.7521 0
    endloop
  endfacet
  facet normal 0 0 -1
    outer loop
      vertex 7.46281 64.431 0
      vertex 6.88479 65.4321 0
      vertex 7.21836 65.6345 0
    endloop
  endfacet
  facet normal -0 0 -1
    outer loop
      vertex 9.93437 65.4586 0
      vertex 8.87164 64.3077 0
      vertex 9.54503 65.4841 0
    endloop
  endfacet
  facet normal 0 0 -1
    outer loop
      vertex 8.56735 64.5519 0
      vertex 9.54503 65.4841 0
      vertex 8.87164 64.3077 0
    endloop
  endfacet
  facet normal -0 0 -1
    outer loop
      vertex 9.54503 65.4841 0
      vertex 8.56735 64.5519 0
      vertex 9.19509 65.6566 0
    endloop
  endfacet
  facet normal 0 0 -1
    outer loop
      vertex 8.19276 64.6611 0
      vertex 9.19509 65.6566 0
      vertex 8.56735 64.5519 0
    endloop
  endfacet
  facet normal -0 0 -1
    outer loop
      vertex 9.19509 65.6566 0
      vertex 8.19276 64.6611 0
      vertex 8.93782 65.95 0
    endloop
  endfacet
  facet normal 0 0 -1
    outer loop
      vertex 7.54181 66.3282 0
      vertex 8.19276 64.6611 0
      vertex 7.80489 64.6186 0
    endloop
  endfacet
  facet normal 0 0 -1
    outer loop
      vertex 8.19276 64.6611 0
      vertex 7.54181 66.3282 0
      vertex 8.93782 65.95 0
    endloop
  endfacet
  facet normal 0 0 -1
    outer loop
      vertex 8.93782 65.95 0
      vertex 7.54181 66.3282 0
      vertex 8.8124 66.3195 0
    endloop
  endfacet
  facet normal 0 0 -1
    outer loop
      vertex 8.83792 66.7088 0
      vertex 7.48246 66.7138 0
      vertex 9.0105 67.0588 0
    endloop
  endfacet
  facet normal 0 0 -1
    outer loop
      vertex 7.28004 67.0474 0
      vertex 9.0105 67.0588 0
      vertex 7.48246 66.7138 0
    endloop
  endfacet
  facet normal -0 0 -1
    outer loop
      vertex 9.0105 67.0588 0
      vertex 7.28004 67.0474 0
      vertex 8.61732 68.5261 0
    endloop
  endfacet
  facet normal 0 0 -1
    outer loop
      vertex 9.70711 68.7429 0
      vertex 11.2929 68.7429 0
      vertex 10.0627 67.4159 0
    endloop
  endfacet
  facet normal 0 0 -1
    outer loop
      vertex 11 69.45 0
      vertex 10.6699 71.95 0
      vertex 10.7953 72.3195 0
    endloop
  endfacet
  facet normal 0 0 -1
    outer loop
      vertex 11.0761 69.0673 0
      vertex 9.92388 69.0673 0
      vertex 11 69.45 0
    endloop
  endfacet
  facet normal 0 0 -1
    outer loop
      vertex 9.92388 69.8327 0
      vertex 11 69.45 0
      vertex 10 69.45 0
    endloop
  endfacet
  facet normal 0 0 -1
    outer loop
      vertex 11.2929 68.7429 0
      vertex 9.70711 68.7429 0
      vertex 11.0761 69.0673 0
    endloop
  endfacet
  facet normal 0 0 -1
    outer loop
      vertex 11 69.45 0
      vertex 10.4126 71.6566 0
      vertex 10.6699 71.95 0
    endloop
  endfacet
  facet normal 0 0 -1
    outer loop
      vertex 11 69.45 0
      vertex 9.92388 69.8327 0
      vertex 10.4126 71.6566 0
    endloop
  endfacet
  facet normal -0 0 -1
    outer loop
      vertex 11 69.45 0
      vertex 9.92388 69.0673 0
      vertex 10 69.45 0
    endloop
  endfacet
  facet normal -0 0 -1
    outer loop
      vertex 11.0761 69.0673 0
      vertex 9.70711 68.7429 0
      vertex 9.92388 69.0673 0
    endloop
  endfacet
  facet normal 0 0 -1
    outer loop
      vertex 9.67332 67.4414 0
      vertex 9.70711 68.7429 0
      vertex 10.0627 67.4159 0
    endloop
  endfacet
  facet normal 0 0 -1
    outer loop
      vertex 9.67332 67.4414 0
      vertex 9.38268 68.5261 0
      vertex 9.70711 68.7429 0
    endloop
  endfacet
  facet normal 0 0 -1
    outer loop
      vertex 9.30385 67.316 0
      vertex 9.38268 68.5261 0
      vertex 9.67332 67.4414 0
    endloop
  endfacet
  facet normal 0 0 -1
    outer loop
      vertex 9 68.45 0
      vertex 9.30385 67.316 0
      vertex 9.0105 67.0588 0
    endloop
  endfacet
  facet normal 0 0 -1
    outer loop
      vertex 9.30385 67.316 0
      vertex 9 68.45 0
      vertex 9.38268 68.5261 0
    endloop
  endfacet
  facet normal 0 0 -1
    outer loop
      vertex 7.48246 66.7138 0
      vertex 8.83792 66.7088 0
      vertex 7.54181 66.3282 0
    endloop
  endfacet
  facet normal 0 0 -1
    outer loop
      vertex 9.0105 67.0588 0
      vertex 8.61732 68.5261 0
      vertex 9 68.45 0
    endloop
  endfacet
  facet normal 0 0 -1
    outer loop
      vertex 7.54181 66.3282 0
      vertex 8.83792 66.7088 0
      vertex 8.8124 66.3195 0
    endloop
  endfacet
  facet normal -0 0 -1
    outer loop
      vertex 11.3912 73.8528 0
      vertex 10.5972 73.0588 0
      vertex 11.134 74.1461 0
    endloop
  endfacet
  facet normal 0 0 -1
    outer loop
      vertex 10.3038 73.316 0
      vertex 11.134 74.1461 0
      vertex 10.5972 73.0588 0
    endloop
  endfacet
  facet normal -0 0 -1
    outer loop
      vertex 11.134 74.1461 0
      vertex 10.3038 73.316 0
      vertex 11.0086 74.5156 0
    endloop
  endfacet
  facet normal 0 0 -1
    outer loop
      vertex 9.93437 73.4414 0
      vertex 11.0086 74.5156 0
      vertex 10.3038 73.316 0
    endloop
  endfacet
  facet normal 0 0 -1
    outer loop
      vertex 11.0086 74.5156 0
      vertex 10.6305 76.2528 0
      vertex 11 76.3782 0
    endloop
  endfacet
  facet normal 0 0 -1
    outer loop
      vertex 9.05932 74.9344 0
      vertex 11.0086 74.5156 0
      vertex 9.93437 73.4414 0
    endloop
  endfacet
  facet normal 0 -0 -1
    outer loop
      vertex 10.2412 76.2783 0
      vertex 11.0086 74.5156 0
      vertex 9.1018 75.3222 0
    endloop
  endfacet
  facet normal 0 0 -1
    outer loop
      vertex 11.0086 74.5156 0
      vertex 10.2412 76.2783 0
      vertex 10.6305 76.2528 0
    endloop
  endfacet
  facet normal -0 0 -1
    outer loop
      vertex 10.2412 76.2783 0
      vertex 9.1018 75.3222 0
      vertex 9.89124 76.4509 0
    endloop
  endfacet
  facet normal 0 0 -1
    outer loop
      vertex 9.05932 74.9344 0
      vertex 9.93437 73.4414 0
      vertex 9.54503 73.4159 0
    endloop
  endfacet
  facet normal 0 0 -1
    outer loop
      vertex 8.99261 75.6968 0
      vertex 9.89124 76.4509 0
      vertex 9.1018 75.3222 0
    endloop
  endfacet
  facet normal 0 0 -1
    outer loop
      vertex 8.56735 74.3481 0
      vertex 9.54503 73.4159 0
      vertex 9.19509 73.2434 0
    endloop
  endfacet
  facet normal 0 0 -1
    outer loop
      vertex 10.4126 71.6566 0
      vertex 9.92388 69.8327 0
      vertex 10.0627 71.4841 0
    endloop
  endfacet
  facet normal 0 0 -1
    outer loop
      vertex 9.70711 70.1571 0
      vertex 10.0627 71.4841 0
      vertex 9.92388 69.8327 0
    endloop
  endfacet
  facet normal 0 0 -1
    outer loop
      vertex 9.70711 70.1571 0
      vertex 9.67332 71.4586 0
      vertex 10.0627 71.4841 0
    endloop
  endfacet
  facet normal 0 0 -1
    outer loop
      vertex 9.38268 70.3739 0
      vertex 9.67332 71.4586 0
      vertex 9.70711 70.1571 0
    endloop
  endfacet
  facet normal 0 0 -1
    outer loop
      vertex 9.38268 70.3739 0
      vertex 9.30385 71.584 0
      vertex 9.67332 71.4586 0
    endloop
  endfacet
  facet normal 0 0 -1
    outer loop
      vertex 9 70.45 0
      vertex 9.30385 71.584 0
      vertex 9.38268 70.3739 0
    endloop
  endfacet
  facet normal -0 0 -1
    outer loop
      vertex 9.30385 71.584 0
      vertex 9 70.45 0
      vertex 9.0105 71.8412 0
    endloop
  endfacet
  facet normal 0 0 -1
    outer loop
      vertex 8.61732 70.3739 0
      vertex 9.0105 71.8412 0
      vertex 9 70.45 0
    endloop
  endfacet
  facet normal 0 0 -1
    outer loop
      vertex 7.54181 72.5718 0
      vertex 8.61732 70.3739 0
      vertex 8.29289 70.1571 0
    endloop
  endfacet
  facet normal 0 0 -1
    outer loop
      vertex 7.54181 72.5718 0
      vertex 9.0105 71.8412 0
      vertex 8.61732 70.3739 0
    endloop
  endfacet
  facet normal 0 0 -1
    outer loop
      vertex 12.8636 77.4941 0
      vertex 11.4659 76.9854 0
      vertex 11.4914 77.3748 0
    endloop
  endfacet
  facet normal 0 0 -1
    outer loop
      vertex 11.8695 75.6376 0
      vertex 11.2934 76.6355 0
      vertex 11.4659 76.9854 0
    endloop
  endfacet
  facet normal 0 0 -1
    outer loop
      vertex 11 76.3782 0
      vertex 11.5 75.5122 0
      vertex 11.2066 75.2549 0
    endloop
  endfacet
  facet normal 0 0 -1
    outer loop
      vertex 11 76.3782 0
      vertex 11.2066 75.2549 0
      vertex 11.0341 74.905 0
    endloop
  endfacet
  facet normal 0 0 -1
    outer loop
      vertex 11.5 75.5122 0
      vertex 11 76.3782 0
      vertex 11.2934 76.6355 0
    endloop
  endfacet
  facet normal 0 0 -1
    outer loop
      vertex 11.0086 74.5156 0
      vertex 11 76.3782 0
      vertex 11.0341 74.905 0
    endloop
  endfacet
  facet normal 0 0 -1
    outer loop
      vertex 10.0627 67.4159 0
      vertex 11.2929 68.7429 0
      vertex 10.4126 67.2434 0
    endloop
  endfacet
  facet normal 0 0 -1
    outer loop
      vertex 11.2934 62.2645 0
      vertex 11.8695 63.2624 0
      vertex 11.4659 61.9146 0
    endloop
  endfacet
  facet normal -0 0 -1
    outer loop
      vertex 11.8695 63.2624 0
      vertex 11.2934 62.2645 0
      vertex 11.5 63.3878 0
    endloop
  endfacet
  facet normal 0 0 -1
    outer loop
      vertex 11 62.5218 0
      vertex 11.5 63.3878 0
      vertex 11.2934 62.2645 0
    endloop
  endfacet
  facet normal -0 0 -1
    outer loop
      vertex 11.5 63.3878 0
      vertex 11 62.5218 0
      vertex 11.2066 63.6451 0
    endloop
  endfacet
  facet normal -0 0 -1
    outer loop
      vertex 11.2066 63.6451 0
      vertex 10.6305 62.6472 0
      vertex 11.0341 63.995 0
    endloop
  endfacet
  facet normal 0 0 -1
    outer loop
      vertex 10.6305 62.6472 0
      vertex 11.2066 63.6451 0
      vertex 11 62.5218 0
    endloop
  endfacet
  facet normal -0 0 -1
    outer loop
      vertex 14.2929 74.7429 0
      vertex 12.9659 74.3873 0
      vertex 12.9914 74.7767 0
    endloop
  endfacet
  facet normal 0 0 -1
    outer loop
      vertex 13.3695 73.0395 0
      vertex 12.7934 74.0374 0
      vertex 12.9659 74.3873 0
    endloop
  endfacet
  facet normal 0 0 -1
    outer loop
      vertex 12.5 73.7801 0
      vertex 13 72.9141 0
      vertex 12.7066 72.6568 0
    endloop
  endfacet
  facet normal 0 0 -1
    outer loop
      vertex 12.1305 73.6547 0
      vertex 12.7066 72.6568 0
      vertex 12.5341 72.3069 0
    endloop
  endfacet
  facet normal 0 0 -1
    outer loop
      vertex 13 72.9141 0
      vertex 12.5 73.7801 0
      vertex 12.7934 74.0374 0
    endloop
  endfacet
  facet normal 0 0 -1
    outer loop
      vertex 10.7953 72.3195 0
      vertex 12.5341 72.3069 0
      vertex 12.5086 71.9175 0
    endloop
  endfacet
  facet normal -0 0 -1
    outer loop
      vertex 13.6305 71.0566 0
      vertex 12.9239 69.8327 0
      vertex 13.2412 71.0822 0
    endloop
  endfacet
  facet normal 0 0 -1
    outer loop
      vertex 12.7071 70.1571 0
      vertex 13.2412 71.0822 0
      vertex 12.9239 69.8327 0
    endloop
  endfacet
  facet normal -0 0 -1
    outer loop
      vertex 13.2412 71.0822 0
      vertex 12.7071 70.1571 0
      vertex 12.8912 71.2547 0
    endloop
  endfacet
  facet normal 0 0 -1
    outer loop
      vertex 12.3827 70.3739 0
      vertex 12.8912 71.2547 0
      vertex 12.7071 70.1571 0
    endloop
  endfacet
  facet normal -0 0 -1
    outer loop
      vertex 12.8912 71.2547 0
      vertex 12.3827 70.3739 0
      vertex 12.634 71.5481 0
    endloop
  endfacet
  facet normal 0 0 -1
    outer loop
      vertex 12 70.45 0
      vertex 12.634 71.5481 0
      vertex 12.3827 70.3739 0
    endloop
  endfacet
  facet normal -0 0 -1
    outer loop
      vertex 12.634 71.5481 0
      vertex 12 70.45 0
      vertex 12.5086 71.9175 0
    endloop
  endfacet
  facet normal 0 0 -1
    outer loop
      vertex 12.7066 72.6568 0
      vertex 12.1305 73.6547 0
      vertex 12.5 73.7801 0
    endloop
  endfacet
  facet normal 0 0 -1
    outer loop
      vertex 11.6173 70.3739 0
      vertex 12.5086 71.9175 0
      vertex 12 70.45 0
    endloop
  endfacet
  facet normal 0 0 -1
    outer loop
      vertex 12.5341 72.3069 0
      vertex 11.7412 73.6802 0
      vertex 12.1305 73.6547 0
    endloop
  endfacet
  facet normal 0 0 -1
    outer loop
      vertex 10.7953 72.3195 0
      vertex 12.5086 71.9175 0
      vertex 11.6173 70.3739 0
    endloop
  endfacet
  facet normal 0 0 -1
    outer loop
      vertex 10.7698 72.7088 0
      vertex 12.5341 72.3069 0
      vertex 10.7953 72.3195 0
    endloop
  endfacet
  facet normal 0 0 -1
    outer loop
      vertex 10.7953 72.3195 0
      vertex 11.6173 70.3739 0
      vertex 11.2929 70.1571 0
    endloop
  endfacet
  facet normal 0 0 -1
    outer loop
      vertex 12.5341 72.3069 0
      vertex 10.7698 72.7088 0
      vertex 11.7412 73.6802 0
    endloop
  endfacet
  facet normal 0 0 -1
    outer loop
      vertex 10.7953 72.3195 0
      vertex 11.2929 70.1571 0
      vertex 11.0761 69.8327 0
    endloop
  endfacet
  facet normal -0 0 -1
    outer loop
      vertex 11.7412 73.6802 0
      vertex 10.7698 72.7088 0
      vertex 11.3912 73.8528 0
    endloop
  endfacet
  facet normal 0 0 -1
    outer loop
      vertex 10.7953 72.3195 0
      vertex 11.0761 69.8327 0
      vertex 11 69.45 0
    endloop
  endfacet
  facet normal 0 0 -1
    outer loop
      vertex 12.7934 64.8626 0
      vertex 13.3695 65.8605 0
      vertex 12.9659 64.5127 0
    endloop
  endfacet
  facet normal -0 0 -1
    outer loop
      vertex 13.3695 65.8605 0
      vertex 12.7934 64.8626 0
      vertex 13 65.9859 0
    endloop
  endfacet
  facet normal 0 0 -1
    outer loop
      vertex 12.5 65.1199 0
      vertex 13 65.9859 0
      vertex 12.7934 64.8626 0
    endloop
  endfacet
  facet normal -0 0 -1
    outer loop
      vertex 13 65.9859 0
      vertex 12.5 65.1199 0
      vertex 12.7066 66.2432 0
    endloop
  endfacet
  facet normal -0 0 -1
    outer loop
      vertex 12.7066 66.2432 0
      vertex 12.1305 65.2453 0
      vertex 12.5341 66.5931 0
    endloop
  endfacet
  facet normal 0 0 -1
    outer loop
      vertex 12.1305 65.2453 0
      vertex 12.7066 66.2432 0
      vertex 12.5 65.1199 0
    endloop
  endfacet
  facet normal 0 0 -1
    outer loop
      vertex 15.5865 78.0968 0
      vertex 14.4135 78.0968 0
      vertex 14.422 78.4869 0
    endloop
  endfacet
  facet normal 0 0 -1
    outer loop
      vertex 13.9745 77.4699 0
      vertex 14.6173 76.3739 0
      vertex 14.2929 76.1571 0
    endloop
  endfacet
  facet normal 0 0 -1
    outer loop
      vertex 15 76.45 0
      vertex 14.2563 77.7397 0
      vertex 14.4135 78.0968 0
    endloop
  endfacet
  facet normal 0 0 -1
    outer loop
      vertex 13.6108 77.3285 0
      vertex 14.2929 76.1571 0
      vertex 14.0761 75.8327 0
    endloop
  endfacet
  facet normal 0 0 -1
    outer loop
      vertex 12.6088 75.4395 0
      vertex 14.0761 75.8327 0
      vertex 14 75.45 0
    endloop
  endfacet
  facet normal 0 0 -1
    outer loop
      vertex 14.6173 76.3739 0
      vertex 13.9745 77.4699 0
      vertex 14.2563 77.7397 0
    endloop
  endfacet
  facet normal 0 0 -1
    outer loop
      vertex 15.7066 67.4607 0
      vertex 14.2934 67.4607 0
      vertex 15 68.45 0
    endloop
  endfacet
  facet normal -0 0 -1
    outer loop
      vertex 15 68.45 0
      vertex 14.2934 67.4607 0
      vertex 14.6173 68.5261 0
    endloop
  endfacet
  facet normal 0 0 -1
    outer loop
      vertex 14 67.7179 0
      vertex 14.6173 68.5261 0
      vertex 14.2934 67.4607 0
    endloop
  endfacet
  facet normal -0 0 -1
    outer loop
      vertex 14.6173 68.5261 0
      vertex 14 67.7179 0
      vertex 14.2929 68.7429 0
    endloop
  endfacet
  facet normal 0 0 -1
    outer loop
      vertex 13.6305 67.8434 0
      vertex 14.2929 68.7429 0
      vertex 14 67.7179 0
    endloop
  endfacet
  facet normal -0 0 -1
    outer loop
      vertex 14.2929 68.7429 0
      vertex 13.6305 67.8434 0
      vertex 14.0761 69.0673 0
    endloop
  endfacet
  facet normal 0 0 -1
    outer loop
      vertex 12.9239 69.0673 0
      vertex 14.0761 69.0673 0
      vertex 13.6305 67.8434 0
    endloop
  endfacet
  facet normal 0 0 -1
    outer loop
      vertex 14.0761 69.0673 0
      vertex 12.9239 69.0673 0
      vertex 14 69.45 0
    endloop
  endfacet
  facet normal 0 0 -1
    outer loop
      vertex 12.9239 69.8327 0
      vertex 14 69.45 0
      vertex 13 69.45 0
    endloop
  endfacet
  facet normal 0 0 -1
    outer loop
      vertex 12.9239 69.0673 0
      vertex 13.6305 67.8434 0
      vertex 13.2412 67.8178 0
    endloop
  endfacet
  facet normal 0 0 -1
    outer loop
      vertex 14 69.45 0
      vertex 13.6305 71.0566 0
      vertex 14 71.1821 0
    endloop
  endfacet
  facet normal 0 0 -1
    outer loop
      vertex 14 69.45 0
      vertex 12.9239 69.8327 0
      vertex 13.6305 71.0566 0
    endloop
  endfacet
  facet normal -0 0 -1
    outer loop
      vertex 14 69.45 0
      vertex 12.9239 69.0673 0
      vertex 13 69.45 0
    endloop
  endfacet
  facet normal 0 0 -1
    outer loop
      vertex 12.7071 68.7429 0
      vertex 13.2412 67.8178 0
      vertex 12.8912 67.6453 0
    endloop
  endfacet
  facet normal 0 0 -1
    outer loop
      vertex 13.2412 67.8178 0
      vertex 12.7071 68.7429 0
      vertex 12.9239 69.0673 0
    endloop
  endfacet
  facet normal 0 0 -1
    outer loop
      vertex 12.3827 68.5261 0
      vertex 12.8912 67.6453 0
      vertex 12.634 67.3519 0
    endloop
  endfacet
  facet normal 0 0 -1
    outer loop
      vertex 12 68.45 0
      vertex 12.634 67.3519 0
      vertex 12.5086 66.9825 0
    endloop
  endfacet
  facet normal 0 0 -1
    outer loop
      vertex 12.8912 67.6453 0
      vertex 12.3827 68.5261 0
      vertex 12.7071 68.7429 0
    endloop
  endfacet
  facet normal 0 0 -1
    outer loop
      vertex 11.7412 65.2198 0
      vertex 12.5341 66.5931 0
      vertex 12.1305 65.2453 0
    endloop
  endfacet
  facet normal 0 0 -1
    outer loop
      vertex 10.7698 66.1912 0
      vertex 12.5341 66.5931 0
      vertex 11.7412 65.2198 0
    endloop
  endfacet
  facet normal 0 0 -1
    outer loop
      vertex 12.634 67.3519 0
      vertex 12 68.45 0
      vertex 12.3827 68.5261 0
    endloop
  endfacet
  facet normal 0 -0 -1
    outer loop
      vertex 10.7953 66.5805 0
      vertex 12.5341 66.5931 0
      vertex 10.7698 66.1912 0
    endloop
  endfacet
  facet normal 0 0 -1
    outer loop
      vertex 10.6699 66.95 0
      vertex 12.5086 66.9825 0
      vertex 10.7953 66.5805 0
    endloop
  endfacet
  facet normal 0 0 -1
    outer loop
      vertex 10.7698 66.1912 0
      vertex 11.7412 65.2198 0
      vertex 11.3912 65.0472 0
    endloop
  endfacet
  facet normal 0 0 -1
    outer loop
      vertex 12.5086 66.9825 0
      vertex 11.6173 68.5261 0
      vertex 12 68.45 0
    endloop
  endfacet
  facet normal 0 0 -1
    outer loop
      vertex 10.5972 65.8412 0
      vertex 11.3912 65.0472 0
      vertex 11.134 64.7538 0
    endloop
  endfacet
  facet normal -0 0 -1
    outer loop
      vertex 12.5086 66.9825 0
      vertex 10.6699 66.95 0
      vertex 11.6173 68.5261 0
    endloop
  endfacet
  facet normal 0 0 -1
    outer loop
      vertex 10.3038 65.584 0
      vertex 11.134 64.7538 0
      vertex 11.0086 64.3844 0
    endloop
  endfacet
  facet normal 0 0 -1
    outer loop
      vertex 10.4126 67.2434 0
      vertex 11.6173 68.5261 0
      vertex 10.6699 66.95 0
    endloop
  endfacet
  facet normal 0 0 -1
    outer loop
      vertex 10.2412 62.6217 0
      vertex 11.0341 63.995 0
      vertex 10.6305 62.6472 0
    endloop
  endfacet
  facet normal -0 0 -1
    outer loop
      vertex 11.6173 68.5261 0
      vertex 10.4126 67.2434 0
      vertex 11.2929 68.7429 0
    endloop
  endfacet
  facet normal 0 0 -1
    outer loop
      vertex 10.5972 73.0588 0
      vertex 11.3912 73.8528 0
      vertex 10.7698 72.7088 0
    endloop
  endfacet
  facet normal -0 0 -1
    outer loop
      vertex 12.5341 66.5931 0
      vertex 10.7953 66.5805 0
      vertex 12.5086 66.9825 0
    endloop
  endfacet
  facet normal 0 0 -1
    outer loop
      vertex 9.1018 63.5778 0
      vertex 11.0341 63.995 0
      vertex 10.2412 62.6217 0
    endloop
  endfacet
  facet normal 0 0 -1
    outer loop
      vertex 11.3912 65.0472 0
      vertex 10.5972 65.8412 0
      vertex 10.7698 66.1912 0
    endloop
  endfacet
  facet normal 0 0 -1
    outer loop
      vertex 11.134 64.7538 0
      vertex 10.3038 65.584 0
      vertex 10.5972 65.8412 0
    endloop
  endfacet
  facet normal 0 0 -1
    outer loop
      vertex 9.05932 63.9656 0
      vertex 11.0341 63.995 0
      vertex 9.1018 63.5778 0
    endloop
  endfacet
  facet normal 0 0 -1
    outer loop
      vertex 11.0086 64.3844 0
      vertex 9.93437 65.4586 0
      vertex 10.3038 65.584 0
    endloop
  endfacet
  facet normal 0 0 -1
    outer loop
      vertex 9.1018 63.5778 0
      vertex 10.2412 62.6217 0
      vertex 9.89124 62.4491 0
    endloop
  endfacet
  facet normal 0 0 -1
    outer loop
      vertex 8.99261 63.2032 0
      vertex 9.89124 62.4491 0
      vertex 9.63398 62.1558 0
    endloop
  endfacet
  facet normal -0 0 -1
    outer loop
      vertex 11.0341 63.995 0
      vertex 9.05932 63.9656 0
      vertex 11.0086 64.3844 0
    endloop
  endfacet
  facet normal 0 0 -1
    outer loop
      vertex 8.74839 62.8989 0
      vertex 9.63398 62.1558 0
      vertex 9.50856 61.7863 0
    endloop
  endfacet
  facet normal -0 0 -1
    outer loop
      vertex 11.0086 64.3844 0
      vertex 9.05932 63.9656 0
      vertex 9.93437 65.4586 0
    endloop
  endfacet
  facet normal 0 0 -1
    outer loop
      vertex 15.8912 72.8414 0
      vertex 14.1088 72.8414 0
      vertex 15 74.45 0
    endloop
  endfacet
  facet normal -0 0 -1
    outer loop
      vertex 15 74.45 0
      vertex 14.1088 72.8414 0
      vertex 14.6173 74.5261 0
    endloop
  endfacet
  facet normal 0 0 -1
    outer loop
      vertex 13.7588 73.014 0
      vertex 14.6173 74.5261 0
      vertex 14.1088 72.8414 0
    endloop
  endfacet
  facet normal -0 0 -1
    outer loop
      vertex 14.6173 74.5261 0
      vertex 13.7588 73.014 0
      vertex 14.2929 74.7429 0
    endloop
  endfacet
  facet normal 0 0 -1
    outer loop
      vertex 12.9659 74.3873 0
      vertex 14.2929 74.7429 0
      vertex 13.7588 73.014 0
    endloop
  endfacet
  facet normal 0 0 -1
    outer loop
      vertex 14.2929 74.7429 0
      vertex 12.9914 74.7767 0
      vertex 14.0761 75.0673 0
    endloop
  endfacet
  facet normal -0 0 -1
    outer loop
      vertex 14.0761 75.0673 0
      vertex 12.9914 74.7767 0
      vertex 14 75.45 0
    endloop
  endfacet
  facet normal 0 0 -1
    outer loop
      vertex 12.866 75.1461 0
      vertex 14 75.45 0
      vertex 12.9914 74.7767 0
    endloop
  endfacet
  facet normal 0 0 -1
    outer loop
      vertex 12.9659 74.3873 0
      vertex 13.7588 73.014 0
      vertex 13.3695 73.0395 0
    endloop
  endfacet
  facet normal 0 0 -1
    outer loop
      vertex 12.6088 75.4395 0
      vertex 14 75.45 0
      vertex 12.866 75.1461 0
    endloop
  endfacet
  facet normal 0 0 -1
    outer loop
      vertex 12.7934 74.0374 0
      vertex 13.3695 73.0395 0
      vertex 13 72.9141 0
    endloop
  endfacet
  facet normal 0 0 -1
    outer loop
      vertex 14.2929 76.1571 0
      vertex 13.6108 77.3285 0
      vertex 13.9745 77.4699 0
    endloop
  endfacet
  facet normal -0 0 -1
    outer loop
      vertex 14.0761 75.8327 0
      vertex 12.6088 75.4395 0
      vertex 13.2207 77.337 0
    endloop
  endfacet
  facet normal 0 0 -1
    outer loop
      vertex 14.0761 75.8327 0
      vertex 13.2207 77.337 0
      vertex 13.6108 77.3285 0
    endloop
  endfacet
  facet normal 0 0 -1
    outer loop
      vertex 12.2588 75.6121 0
      vertex 13.2207 77.337 0
      vertex 12.6088 75.4395 0
    endloop
  endfacet
  facet normal -0 0 -1
    outer loop
      vertex 13.2207 77.337 0
      vertex 12.2588 75.6121 0
      vertex 12.8636 77.4941 0
    endloop
  endfacet
  facet normal 0 0 -1
    outer loop
      vertex 11.4659 76.9854 0
      vertex 12.8636 77.4941 0
      vertex 12.2588 75.6121 0
    endloop
  endfacet
  facet normal -0 0 -1
    outer loop
      vertex 12.8636 77.4941 0
      vertex 11.4914 77.3748 0
      vertex 12.5938 77.776 0
    endloop
  endfacet
  facet normal 0 0 -1
    outer loop
      vertex 15.7437 61.1603 0
      vertex 14.2563 61.1603 0
      vertex 15 62.45 0
    endloop
  endfacet
  facet normal -0 0 -1
    outer loop
      vertex 15 62.45 0
      vertex 14.2563 61.1603 0
      vertex 14.6173 62.5261 0
    endloop
  endfacet
  facet normal 0 0 -1
    outer loop
      vertex 13.9745 61.4301 0
      vertex 14.6173 62.5261 0
      vertex 14.2563 61.1603 0
    endloop
  endfacet
  facet normal -0 0 -1
    outer loop
      vertex 14.6173 62.5261 0
      vertex 13.9745 61.4301 0
      vertex 14.2929 62.7429 0
    endloop
  endfacet
  facet normal 0 0 -1
    outer loop
      vertex 13.6108 61.5715 0
      vertex 14.2929 62.7429 0
      vertex 13.9745 61.4301 0
    endloop
  endfacet
  facet normal -0 0 -1
    outer loop
      vertex 14.2929 62.7429 0
      vertex 13.6108 61.5715 0
      vertex 14.0761 63.0673 0
    endloop
  endfacet
  facet normal 0 0 -1
    outer loop
      vertex 17.0761 69.0673 0
      vertex 15.9239 69.0673 0
      vertex 16 69.45 0
    endloop
  endfacet
  facet normal 0 0 -1
    outer loop
      vertex 16.3695 67.8434 0
      vertex 15.7071 68.7429 0
      vertex 15.9239 69.0673 0
    endloop
  endfacet
  facet normal 0 0 -1
    outer loop
      vertex 15.3827 68.5261 0
      vertex 16 67.7179 0
      vertex 15.7066 67.4607 0
    endloop
  endfacet
  facet normal 0 0 -1
    outer loop
      vertex 14.4659 67.1107 0
      vertex 15.7066 67.4607 0
      vertex 15.5341 67.1107 0
    endloop
  endfacet
  facet normal 0 0 -1
    outer loop
      vertex 16 67.7179 0
      vertex 15.3827 68.5261 0
      vertex 15.7071 68.7429 0
    endloop
  endfacet
  facet normal 0 0 -1
    outer loop
      vertex 14.4914 66.7214 0
      vertex 15.5341 67.1107 0
      vertex 15.5086 66.7214 0
    endloop
  endfacet
  facet normal 0 0 -1
    outer loop
      vertex 15.8912 66.0586 0
      vertex 14.1088 66.0586 0
      vertex 15.634 66.3519 0
    endloop
  endfacet
  facet normal 0 0 -1
    outer loop
      vertex 15.634 66.3519 0
      vertex 14.366 66.3519 0
      vertex 15.5086 66.7214 0
    endloop
  endfacet
  facet normal 0 0 -1
    outer loop
      vertex 14.4659 67.1107 0
      vertex 15.5341 67.1107 0
      vertex 14.4914 66.7214 0
    endloop
  endfacet
  facet normal 0 0 -1
    outer loop
      vertex 14.1088 66.0586 0
      vertex 15 64.45 0
      vertex 14.6173 64.3739 0
    endloop
  endfacet
  facet normal 0 0 -1
    outer loop
      vertex 15.7066 67.4607 0
      vertex 15 68.45 0
      vertex 15.3827 68.5261 0
    endloop
  endfacet
  facet normal 0 0 -1
    outer loop
      vertex 14.2934 67.4607 0
      vertex 15.7066 67.4607 0
      vertex 14.4659 67.1107 0
    endloop
  endfacet
  facet normal -0 0 -1
    outer loop
      vertex 15.5086 66.7214 0
      vertex 14.366 66.3519 0
      vertex 14.4914 66.7214 0
    endloop
  endfacet
  facet normal 0 0 -1
    outer loop
      vertex 13.7588 65.886 0
      vertex 14.6173 64.3739 0
      vertex 14.2929 64.1571 0
    endloop
  endfacet
  facet normal -0 0 -1
    outer loop
      vertex 15.634 66.3519 0
      vertex 14.1088 66.0586 0
      vertex 14.366 66.3519 0
    endloop
  endfacet
  facet normal 0 0 -1
    outer loop
      vertex 12.9914 64.1233 0
      vertex 14.2929 64.1571 0
      vertex 14.0761 63.8327 0
    endloop
  endfacet
  facet normal 0 0 -1
    outer loop
      vertex 12.9914 64.1233 0
      vertex 14.0761 63.8327 0
      vertex 14 63.45 0
    endloop
  endfacet
  facet normal 0 0 -1
    outer loop
      vertex 14.6173 64.3739 0
      vertex 13.7588 65.886 0
      vertex 14.1088 66.0586 0
    endloop
  endfacet
  facet normal 0 0 -1
    outer loop
      vertex 13.2207 61.563 0
      vertex 14.0761 63.0673 0
      vertex 13.6108 61.5715 0
    endloop
  endfacet
  facet normal 0 0 -1
    outer loop
      vertex 12.6088 63.4605 0
      vertex 14.0761 63.0673 0
      vertex 13.2207 61.563 0
    endloop
  endfacet
  facet normal 0 0 -1
    outer loop
      vertex 12.9659 64.5127 0
      vertex 14.2929 64.1571 0
      vertex 12.9914 64.1233 0
    endloop
  endfacet
  facet normal 0 0 -1
    outer loop
      vertex 14.0761 63.0673 0
      vertex 12.6088 63.4605 0
      vertex 14 63.45 0
    endloop
  endfacet
  facet normal 0 0 -1
    outer loop
      vertex 14.2929 64.1571 0
      vertex 12.9659 64.5127 0
      vertex 13.7588 65.886 0
    endloop
  endfacet
  facet normal 0 0 -1
    outer loop
      vertex 13.7588 65.886 0
      vertex 12.9659 64.5127 0
      vertex 13.3695 65.8605 0
    endloop
  endfacet
  facet normal 0 0 -1
    outer loop
      vertex 14 63.45 0
      vertex 12.866 63.7538 0
      vertex 12.9914 64.1233 0
    endloop
  endfacet
  facet normal 0 0 -1
    outer loop
      vertex 12.2588 63.2879 0
      vertex 13.2207 61.563 0
      vertex 12.8636 61.4059 0
    endloop
  endfacet
  facet normal 0 0 -1
    outer loop
      vertex 14 63.45 0
      vertex 12.6088 63.4605 0
      vertex 12.866 63.7538 0
    endloop
  endfacet
  facet normal 0 0 -1
    outer loop
      vertex 11.4914 61.5252 0
      vertex 12.8636 61.4059 0
      vertex 12.5938 61.124 0
    endloop
  endfacet
  facet normal 0 0 -1
    outer loop
      vertex 11.4914 61.5252 0
      vertex 12.5938 61.124 0
      vertex 12.4524 60.7604 0
    endloop
  endfacet
  facet normal 0 0 -1
    outer loop
      vertex 13.2207 61.563 0
      vertex 12.2588 63.2879 0
      vertex 12.6088 63.4605 0
    endloop
  endfacet
  facet normal 0 0 -1
    outer loop
      vertex 17.3912 63.4605 0
      vertex 15.9239 63.0673 0
      vertex 16 63.45 0
    endloop
  endfacet
  facet normal 0 0 -1
    outer loop
      vertex 15.3827 62.5261 0
      vertex 16.0255 61.4301 0
      vertex 15.7437 61.1603 0
    endloop
  endfacet
  facet normal 0 0 -1
    outer loop
      vertex 16.3892 61.5715 0
      vertex 15.7071 62.7429 0
      vertex 15.9239 63.0673 0
    endloop
  endfacet
  facet normal 0 0 -1
    outer loop
      vertex 14.4135 60.8032 0
      vertex 15.5865 60.8032 0
      vertex 14.422 60.4131 0
    endloop
  endfacet
  facet normal 0 0 -1
    outer loop
      vertex 16.0255 61.4301 0
      vertex 15.3827 62.5261 0
      vertex 15.7071 62.7429 0
    endloop
  endfacet
  facet normal 0 0 -1
    outer loop
      vertex 14.422 60.4131 0
      vertex 15.5865 60.8032 0
      vertex 15.578 60.4131 0
    endloop
  endfacet
  facet normal 0 0 -1
    outer loop
      vertex 15.7071 76.1571 0
      vertex 16.3892 77.3285 0
      vertex 15.9239 75.8327 0
    endloop
  endfacet
  facet normal -0 0 -1
    outer loop
      vertex 16.3892 77.3285 0
      vertex 15.7071 76.1571 0
      vertex 16.0255 77.4699 0
    endloop
  endfacet
  facet normal 0 0 -1
    outer loop
      vertex 15.3827 76.3739 0
      vertex 16.0255 77.4699 0
      vertex 15.7071 76.1571 0
    endloop
  endfacet
  facet normal -0 0 -1
    outer loop
      vertex 16.0255 77.4699 0
      vertex 15.3827 76.3739 0
      vertex 15.7437 77.7397 0
    endloop
  endfacet
  facet normal 0 0 -1
    outer loop
      vertex 14.4135 78.0968 0
      vertex 15.7437 77.7397 0
      vertex 15 76.45 0
    endloop
  endfacet
  facet normal 0 0 -1
    outer loop
      vertex 15 76.45 0
      vertex 15.7437 77.7397 0
      vertex 15.3827 76.3739 0
    endloop
  endfacet
  facet normal 0 0 -1
    outer loop
      vertex 19.2047 66.5805 0
      vertex 17.4659 66.5931 0
      vertex 17.4914 66.9825 0
    endloop
  endfacet
  facet normal 0 0 -1
    outer loop
      vertex 17.8695 65.2453 0
      vertex 17.2934 66.2432 0
      vertex 17.4659 66.5931 0
    endloop
  endfacet
  facet normal 0 0 -1
    outer loop
      vertex 17 65.9859 0
      vertex 17.5 65.1199 0
      vertex 17.2066 64.8626 0
    endloop
  endfacet
  facet normal 0 0 -1
    outer loop
      vertex 16.6305 65.8605 0
      vertex 17.2066 64.8626 0
      vertex 17.0341 64.5127 0
    endloop
  endfacet
  facet normal 0 0 -1
    outer loop
      vertex 17.5 65.1199 0
      vertex 17 65.9859 0
      vertex 17.2934 66.2432 0
    endloop
  endfacet
  facet normal 0 0 -1
    outer loop
      vertex 15.7071 64.1571 0
      vertex 17.0341 64.5127 0
      vertex 17.0086 64.1233 0
    endloop
  endfacet
  facet normal 0 0 -1
    outer loop
      vertex 18.5086 77.3748 0
      vertex 17.4062 77.776 0
      vertex 17.5476 78.1396 0
    endloop
  endfacet
  facet normal 0 0 -1
    outer loop
      vertex 16.7793 77.337 0
      vertex 17.7412 75.6121 0
      vertex 17.3912 75.4395 0
    endloop
  endfacet
  facet normal 0 0 -1
    outer loop
      vertex 18.5341 76.9854 0
      vertex 17.1364 77.4941 0
      vertex 17.4062 77.776 0
    endloop
  endfacet
  facet normal 0 0 -1
    outer loop
      vertex 16 75.45 0
      vertex 17.3912 75.4395 0
      vertex 17.134 75.1461 0
    endloop
  endfacet
  facet normal 0 0 -1
    outer loop
      vertex 16 75.45 0
      vertex 17.134 75.1461 0
      vertex 17.0086 74.7767 0
    endloop
  endfacet
  facet normal 0 0 -1
    outer loop
      vertex 17.7412 75.6121 0
      vertex 16.7793 77.337 0
      vertex 17.1364 77.4941 0
    endloop
  endfacet
  facet normal 0 0 -1
    outer loop
      vertex 16.2412 73.014 0
      vertex 17.0341 74.3873 0
      vertex 16.6305 73.0395 0
    endloop
  endfacet
  facet normal 0 0 -1
    outer loop
      vertex 17.0341 74.3873 0
      vertex 15.7071 74.7429 0
      vertex 17.0086 74.7767 0
    endloop
  endfacet
  facet normal 0 0 -1
    outer loop
      vertex 15.9239 75.8327 0
      vertex 17.3912 75.4395 0
      vertex 16 75.45 0
    endloop
  endfacet
  facet normal -0 0 -1
    outer loop
      vertex 17.0341 74.3873 0
      vertex 16.2412 73.014 0
      vertex 15.7071 74.7429 0
    endloop
  endfacet
  facet normal 0 0 -1
    outer loop
      vertex 17.3912 75.4395 0
      vertex 15.9239 75.8327 0
      vertex 16.7793 77.337 0
    endloop
  endfacet
  facet normal 0 0 -1
    outer loop
      vertex 16.7793 77.337 0
      vertex 15.9239 75.8327 0
      vertex 16.3892 77.3285 0
    endloop
  endfacet
  facet normal 0 0 -1
    outer loop
      vertex 17.0086 74.7767 0
      vertex 15.9239 75.0673 0
      vertex 16 75.45 0
    endloop
  endfacet
  facet normal 0 0 -1
    outer loop
      vertex 15.3827 74.5261 0
      vertex 16.2412 73.014 0
      vertex 15.8912 72.8414 0
    endloop
  endfacet
  facet normal -0 0 -1
    outer loop
      vertex 17.0086 74.7767 0
      vertex 15.7071 74.7429 0
      vertex 15.9239 75.0673 0
    endloop
  endfacet
  facet normal 0 0 -1
    outer loop
      vertex 14.366 72.5481 0
      vertex 15.8912 72.8414 0
      vertex 15.634 72.5481 0
    endloop
  endfacet
  facet normal 0 0 -1
    outer loop
      vertex 14.4914 72.1786 0
      vertex 15.634 72.5481 0
      vertex 15.5086 72.1786 0
    endloop
  endfacet
  facet normal 0 0 -1
    outer loop
      vertex 16.2412 73.014 0
      vertex 15.3827 74.5261 0
      vertex 15.7071 74.7429 0
    endloop
  endfacet
  facet normal 0 0 -1
    outer loop
      vertex 15.7066 71.4393 0
      vertex 14.2934 71.4393 0
      vertex 15.5341 71.7893 0
    endloop
  endfacet
  facet normal 0 0 -1
    outer loop
      vertex 15.5341 71.7893 0
      vertex 14.4659 71.7893 0
      vertex 15.5086 72.1786 0
    endloop
  endfacet
  facet normal 0 0 -1
    outer loop
      vertex 14.366 72.5481 0
      vertex 15.634 72.5481 0
      vertex 14.4914 72.1786 0
    endloop
  endfacet
  facet normal 0 0 -1
    outer loop
      vertex 14.2934 71.4393 0
      vertex 15 70.45 0
      vertex 14.6173 70.3739 0
    endloop
  endfacet
  facet normal 0 0 -1
    outer loop
      vertex 15.8912 72.8414 0
      vertex 15 74.45 0
      vertex 15.3827 74.5261 0
    endloop
  endfacet
  facet normal 0 0 -1
    outer loop
      vertex 14.1088 72.8414 0
      vertex 15.8912 72.8414 0
      vertex 14.366 72.5481 0
    endloop
  endfacet
  facet normal -0 0 -1
    outer loop
      vertex 15.5086 72.1786 0
      vertex 14.4659 71.7893 0
      vertex 14.4914 72.1786 0
    endloop
  endfacet
  facet normal -0 0 -1
    outer loop
      vertex 15.5341 71.7893 0
      vertex 14.2934 71.4393 0
      vertex 14.4659 71.7893 0
    endloop
  endfacet
  facet normal 0 0 -1
    outer loop
      vertex 14 71.1821 0
      vertex 14.6173 70.3739 0
      vertex 14.2929 70.1571 0
    endloop
  endfacet
  facet normal 0 0 -1
    outer loop
      vertex 14 71.1821 0
      vertex 14.2929 70.1571 0
      vertex 14.0761 69.8327 0
    endloop
  endfacet
  facet normal 0 0 -1
    outer loop
      vertex 14 71.1821 0
      vertex 14.0761 69.8327 0
      vertex 14 69.45 0
    endloop
  endfacet
  facet normal 0 0 -1
    outer loop
      vertex 14.6173 70.3739 0
      vertex 14 71.1821 0
      vertex 14.2934 71.4393 0
    endloop
  endfacet
  facet normal 0 0 -1
    outer loop
      vertex 17.1364 61.4059 0
      vertex 18.5341 61.9146 0
      vertex 17.4062 61.124 0
    endloop
  endfacet
  facet normal -0 0 -1
    outer loop
      vertex 18.5341 61.9146 0
      vertex 17.1364 61.4059 0
      vertex 17.7412 63.2879 0
    endloop
  endfacet
  facet normal 0 0 -1
    outer loop
      vertex 16.7793 61.563 0
      vertex 17.7412 63.2879 0
      vertex 17.1364 61.4059 0
    endloop
  endfacet
  facet normal -0 0 -1
    outer loop
      vertex 17.7412 63.2879 0
      vertex 16.7793 61.563 0
      vertex 17.3912 63.4605 0
    endloop
  endfacet
  facet normal 0 0 -1
    outer loop
      vertex 15.9239 63.0673 0
      vertex 17.3912 63.4605 0
      vertex 16.7793 61.563 0
    endloop
  endfacet
  facet normal -0 0 -1
    outer loop
      vertex 17.3912 63.4605 0
      vertex 16 63.45 0
      vertex 17.134 63.7538 0
    endloop
  endfacet
  facet normal -0 0 -1
    outer loop
      vertex 17.134 63.7538 0
      vertex 16 63.45 0
      vertex 17.0086 64.1233 0
    endloop
  endfacet
  facet normal 0 0 -1
    outer loop
      vertex 15.9239 63.8327 0
      vertex 17.0086 64.1233 0
      vertex 16 63.45 0
    endloop
  endfacet
  facet normal 0 0 -1
    outer loop
      vertex 15.9239 63.0673 0
      vertex 16.7793 61.563 0
      vertex 16.3892 61.5715 0
    endloop
  endfacet
  facet normal 0 0 -1
    outer loop
      vertex 15.7071 64.1571 0
      vertex 17.0086 64.1233 0
      vertex 15.9239 63.8327 0
    endloop
  endfacet
  facet normal 0 0 -1
    outer loop
      vertex 15.7071 62.7429 0
      vertex 16.3892 61.5715 0
      vertex 16.0255 61.4301 0
    endloop
  endfacet
  facet normal 0 0 -1
    outer loop
      vertex 17.2066 64.8626 0
      vertex 16.6305 65.8605 0
      vertex 17 65.9859 0
    endloop
  endfacet
  facet normal 0 -0 -1
    outer loop
      vertex 16.2412 65.886 0
      vertex 17.0341 64.5127 0
      vertex 15.7071 64.1571 0
    endloop
  endfacet
  facet normal 0 0 -1
    outer loop
      vertex 17.0341 64.5127 0
      vertex 16.2412 65.886 0
      vertex 16.6305 65.8605 0
    endloop
  endfacet
  facet normal 0 0 -1
    outer loop
      vertex 15.3827 64.3739 0
      vertex 16.2412 65.886 0
      vertex 15.7071 64.1571 0
    endloop
  endfacet
  facet normal -0 0 -1
    outer loop
      vertex 16.2412 65.886 0
      vertex 15.3827 64.3739 0
      vertex 15.8912 66.0586 0
    endloop
  endfacet
  facet normal 0 0 -1
    outer loop
      vertex 15 64.45 0
      vertex 15.8912 66.0586 0
      vertex 15.3827 64.3739 0
    endloop
  endfacet
  facet normal 0 0 -1
    outer loop
      vertex 14.1088 66.0586 0
      vertex 15.8912 66.0586 0
      vertex 15 64.45 0
    endloop
  endfacet
  facet normal 0 0 -1
    outer loop
      vertex 17.2934 72.6568 0
      vertex 17.8695 73.6547 0
      vertex 17.4659 72.3069 0
    endloop
  endfacet
  facet normal -0 0 -1
    outer loop
      vertex 17.8695 73.6547 0
      vertex 17.2934 72.6568 0
      vertex 17.5 73.7801 0
    endloop
  endfacet
  facet normal 0 0 -1
    outer loop
      vertex 17 72.9141 0
      vertex 17.5 73.7801 0
      vertex 17.2934 72.6568 0
    endloop
  endfacet
  facet normal -0 0 -1
    outer loop
      vertex 17.5 73.7801 0
      vertex 17 72.9141 0
      vertex 17.2066 74.0374 0
    endloop
  endfacet
  facet normal -0 0 -1
    outer loop
      vertex 17.2066 74.0374 0
      vertex 16.6305 73.0395 0
      vertex 17.0341 74.3873 0
    endloop
  endfacet
  facet normal 0 0 -1
    outer loop
      vertex 16.6305 73.0395 0
      vertex 17.2066 74.0374 0
      vertex 17 72.9141 0
    endloop
  endfacet
  facet normal -0 0 -1
    outer loop
      vertex 19.4028 65.8412 0
      vertex 18.6088 65.0472 0
      vertex 19.2302 66.1912 0
    endloop
  endfacet
  facet normal 0 0 -1
    outer loop
      vertex 19.3695 62.6472 0
      vertex 18.9659 63.995 0
      vertex 18.9914 64.3844 0
    endloop
  endfacet
  facet normal 0 0 -1
    outer loop
      vertex 19.3695 62.6472 0
      vertex 18.7934 63.6451 0
      vertex 18.9659 63.995 0
    endloop
  endfacet
  facet normal 0 0 -1
    outer loop
      vertex 18.5 63.3878 0
      vertex 19 62.5218 0
      vertex 18.7066 62.2645 0
    endloop
  endfacet
  facet normal 0 0 -1
    outer loop
      vertex 18.1305 63.2624 0
      vertex 18.7066 62.2645 0
      vertex 18.5341 61.9146 0
    endloop
  endfacet
  facet normal 0 0 -1
    outer loop
      vertex 19 62.5218 0
      vertex 18.5 63.3878 0
      vertex 18.7934 63.6451 0
    endloop
  endfacet
  facet normal 0 0 -1
    outer loop
      vertex 17.4062 61.124 0
      vertex 18.5086 61.5252 0
      vertex 17.5476 60.7604 0
    endloop
  endfacet
  facet normal 0 0 -1
    outer loop
      vertex 19.2047 66.5805 0
      vertex 18.9239 69.0673 0
      vertex 19 69.45 0
    endloop
  endfacet
  facet normal 0 0 -1
    outer loop
      vertex 18.2588 65.2198 0
      vertex 19.2302 66.1912 0
      vertex 18.6088 65.0472 0
    endloop
  endfacet
  facet normal 0 0 -1
    outer loop
      vertex 19.2047 66.5805 0
      vertex 18.7071 68.7429 0
      vertex 18.9239 69.0673 0
    endloop
  endfacet
  facet normal 0 0 -1
    outer loop
      vertex 17.4659 66.5931 0
      vertex 19.2302 66.1912 0
      vertex 18.2588 65.2198 0
    endloop
  endfacet
  facet normal 0 0 -1
    outer loop
      vertex 19.2047 66.5805 0
      vertex 18.3827 68.5261 0
      vertex 18.7071 68.7429 0
    endloop
  endfacet
  facet normal 0 0 -1
    outer loop
      vertex 17.4659 66.5931 0
      vertex 19.2047 66.5805 0
      vertex 19.2302 66.1912 0
    endloop
  endfacet
  facet normal 0 0 -1
    outer loop
      vertex 19.2047 66.5805 0
      vertex 17.4914 66.9825 0
      vertex 18.3827 68.5261 0
    endloop
  endfacet
  facet normal 0 0 -1
    outer loop
      vertex 17.4659 66.5931 0
      vertex 18.2588 65.2198 0
      vertex 17.8695 65.2453 0
    endloop
  endfacet
  facet normal 0 0 -1
    outer loop
      vertex 18.3827 68.5261 0
      vertex 17.4914 66.9825 0
      vertex 18 68.45 0
    endloop
  endfacet
  facet normal 0 0 -1
    outer loop
      vertex 17.2934 66.2432 0
      vertex 17.8695 65.2453 0
      vertex 17.5 65.1199 0
    endloop
  endfacet
  facet normal 0 0 -1
    outer loop
      vertex 17.366 67.3519 0
      vertex 18 68.45 0
      vertex 17.4914 66.9825 0
    endloop
  endfacet
  facet normal -0 0 -1
    outer loop
      vertex 18 68.45 0
      vertex 17.366 67.3519 0
      vertex 17.6173 68.5261 0
    endloop
  endfacet
  facet normal 0 0 -1
    outer loop
      vertex 17.1088 67.6453 0
      vertex 17.6173 68.5261 0
      vertex 17.366 67.3519 0
    endloop
  endfacet
  facet normal -0 0 -1
    outer loop
      vertex 17.6173 68.5261 0
      vertex 17.1088 67.6453 0
      vertex 17.2929 68.7429 0
    endloop
  endfacet
  facet normal 0 0 -1
    outer loop
      vertex 16.7588 67.8178 0
      vertex 17.2929 68.7429 0
      vertex 17.1088 67.6453 0
    endloop
  endfacet
  facet normal -0 0 -1
    outer loop
      vertex 17.2929 68.7429 0
      vertex 16.7588 67.8178 0
      vertex 17.0761 69.0673 0
    endloop
  endfacet
  facet normal 0 0 -1
    outer loop
      vertex 16.3695 67.8434 0
      vertex 17.0761 69.0673 0
      vertex 16.7588 67.8178 0
    endloop
  endfacet
  facet normal 0 0 -1
    outer loop
      vertex 18.7934 75.2549 0
      vertex 19.3695 76.2528 0
      vertex 18.9659 74.905 0
    endloop
  endfacet
  facet normal -0 0 -1
    outer loop
      vertex 19.3695 76.2528 0
      vertex 18.7934 75.2549 0
      vertex 19 76.3782 0
    endloop
  endfacet
  facet normal 0 0 -1
    outer loop
      vertex 18.5 75.5122 0
      vertex 19 76.3782 0
      vertex 18.7934 75.2549 0
    endloop
  endfacet
  facet normal -0 0 -1
    outer loop
      vertex 19 76.3782 0
      vertex 18.5 75.5122 0
      vertex 18.7066 76.6355 0
    endloop
  endfacet
  facet normal -0 0 -1
    outer loop
      vertex 18.7066 76.6355 0
      vertex 18.1305 75.6376 0
      vertex 18.5341 76.9854 0
    endloop
  endfacet
  facet normal 0 0 -1
    outer loop
      vertex 18.1305 75.6376 0
      vertex 18.7066 76.6355 0
      vertex 18.5 75.5122 0
    endloop
  endfacet
  facet normal 0 0 -1
    outer loop
      vertex 18.9914 74.5156 0
      vertex 20.9407 74.9344 0
      vertex 20.0656 73.4414 0
    endloop
  endfacet
  facet normal 0 0 -1
    outer loop
      vertex 20.8982 75.3222 0
      vertex 20.366 76.7442 0
      vertex 20.4914 77.1137 0
    endloop
  endfacet
  facet normal 0 0 -1
    outer loop
      vertex 20.8982 75.3222 0
      vertex 20.1088 76.4509 0
      vertex 20.366 76.7442 0
    endloop
  endfacet
  facet normal 0 0 -1
    outer loop
      vertex 18.9659 74.905 0
      vertex 20.9407 74.9344 0
      vertex 18.9914 74.5156 0
    endloop
  endfacet
  facet normal 0 0 -1
    outer loop
      vertex 20.8982 75.3222 0
      vertex 19.7588 76.2783 0
      vertex 20.1088 76.4509 0
    endloop
  endfacet
  facet normal 0 0 -1
    outer loop
      vertex 18.9914 74.5156 0
      vertex 20.0656 73.4414 0
      vertex 19.6962 73.316 0
    endloop
  endfacet
  facet normal 0 0 -1
    outer loop
      vertex 18.866 74.1461 0
      vertex 19.6962 73.316 0
      vertex 19.4028 73.0588 0
    endloop
  endfacet
  facet normal -0 0 -1
    outer loop
      vertex 20.9407 74.9344 0
      vertex 18.9659 74.905 0
      vertex 20.8982 75.3222 0
    endloop
  endfacet
  facet normal 0 0 -1
    outer loop
      vertex 18.6088 73.8528 0
      vertex 19.4028 73.0588 0
      vertex 19.2302 72.7088 0
    endloop
  endfacet
  facet normal 0 0 -1
    outer loop
      vertex 17.4659 72.3069 0
      vertex 19.2047 72.3195 0
      vertex 17.4914 71.9175 0
    endloop
  endfacet
  facet normal -0 0 -1
    outer loop
      vertex 19.9373 71.4841 0
      vertex 18.7071 70.1571 0
      vertex 19.5874 71.6566 0
    endloop
  endfacet
  facet normal 0 0 -1
    outer loop
      vertex 18.3827 70.3739 0
      vertex 19.5874 71.6566 0
      vertex 18.7071 70.1571 0
    endloop
  endfacet
  facet normal -0 0 -1
    outer loop
      vertex 20.8982 75.3222 0
      vertex 18.9659 74.905 0
      vertex 19.7588 76.2783 0
    endloop
  endfacet
  facet normal 0 0 -1
    outer loop
      vertex 19.7588 76.2783 0
      vertex 18.9659 74.905 0
      vertex 19.3695 76.2528 0
    endloop
  endfacet
  facet normal -0 0 -1
    outer loop
      vertex 19.5874 71.6566 0
      vertex 18.3827 70.3739 0
      vertex 19.3301 71.95 0
    endloop
  endfacet
  facet normal 0 0 -1
    outer loop
      vertex 19.6962 73.316 0
      vertex 18.866 74.1461 0
      vertex 18.9914 74.5156 0
    endloop
  endfacet
  facet normal 0 0 -1
    outer loop
      vertex 17.4914 71.9175 0
      vertex 19.3301 71.95 0
      vertex 18.3827 70.3739 0
    endloop
  endfacet
  facet normal 0 0 -1
    outer loop
      vertex 19.4028 73.0588 0
      vertex 18.6088 73.8528 0
      vertex 18.866 74.1461 0
    endloop
  endfacet
  facet normal -0 0 -1
    outer loop
      vertex 19.3301 71.95 0
      vertex 17.4914 71.9175 0
      vertex 19.2047 72.3195 0
    endloop
  endfacet
  facet normal -0 0 -1
    outer loop
      vertex 19.2047 72.3195 0
      vertex 17.4659 72.3069 0
      vertex 19.2302 72.7088 0
    endloop
  endfacet
  facet normal 0 0 -1
    outer loop
      vertex 17.4914 71.9175 0
      vertex 18.3827 70.3739 0
      vertex 18 70.45 0
    endloop
  endfacet
  facet normal 0 0 -1
    outer loop
      vertex 19.2302 72.7088 0
      vertex 18.2588 73.6802 0
      vertex 18.6088 73.8528 0
    endloop
  endfacet
  facet normal 0 0 -1
    outer loop
      vertex 17.366 71.5481 0
      vertex 18 70.45 0
      vertex 17.6173 70.3739 0
    endloop
  endfacet
  facet normal -0 0 -1
    outer loop
      vertex 19.2302 72.7088 0
      vertex 17.4659 72.3069 0
      vertex 18.2588 73.6802 0
    endloop
  endfacet
  facet normal 0 0 -1
    outer loop
      vertex 18.2588 73.6802 0
      vertex 17.4659 72.3069 0
      vertex 17.8695 73.6547 0
    endloop
  endfacet
  facet normal 0 0 -1
    outer loop
      vertex 18 70.45 0
      vertex 17.366 71.5481 0
      vertex 17.4914 71.9175 0
    endloop
  endfacet
  facet normal 0 0 -1
    outer loop
      vertex 17.1088 71.2547 0
      vertex 17.6173 70.3739 0
      vertex 17.2929 70.1571 0
    endloop
  endfacet
  facet normal 0 0 -1
    outer loop
      vertex 17.6173 70.3739 0
      vertex 17.1088 71.2547 0
      vertex 17.366 71.5481 0
    endloop
  endfacet
  facet normal 0 0 -1
    outer loop
      vertex 16.7588 71.0822 0
      vertex 17.2929 70.1571 0
      vertex 17.0761 69.8327 0
    endloop
  endfacet
  facet normal 0 0 -1
    outer loop
      vertex 15.9239 69.8327 0
      vertex 17.0761 69.8327 0
      vertex 17 69.45 0
    endloop
  endfacet
  facet normal 0 0 -1
    outer loop
      vertex 15.9239 69.0673 0
      vertex 17.0761 69.0673 0
      vertex 16.3695 67.8434 0
    endloop
  endfacet
  facet normal 0 0 -1
    outer loop
      vertex 15.9239 69.8327 0
      vertex 17 69.45 0
      vertex 16 69.45 0
    endloop
  endfacet
  facet normal 0 0 -1
    outer loop
      vertex 17.0761 69.0673 0
      vertex 16 69.45 0
      vertex 17 69.45 0
    endloop
  endfacet
  facet normal 0 0 -1
    outer loop
      vertex 17.2929 70.1571 0
      vertex 16.7588 71.0822 0
      vertex 17.1088 71.2547 0
    endloop
  endfacet
  facet normal 0 0 -1
    outer loop
      vertex 15.7071 68.7429 0
      vertex 16.3695 67.8434 0
      vertex 16 67.7179 0
    endloop
  endfacet
  facet normal 0 -0 -1
    outer loop
      vertex 16.3695 71.0566 0
      vertex 17.0761 69.8327 0
      vertex 15.9239 69.8327 0
    endloop
  endfacet
  facet normal 0 0 -1
    outer loop
      vertex 17.0761 69.8327 0
      vertex 16.3695 71.0566 0
      vertex 16.7588 71.0822 0
    endloop
  endfacet
  facet normal 0 0 -1
    outer loop
      vertex 15.7071 70.1571 0
      vertex 16.3695 71.0566 0
      vertex 15.9239 69.8327 0
    endloop
  endfacet
  facet normal -0 0 -1
    outer loop
      vertex 16.3695 71.0566 0
      vertex 15.7071 70.1571 0
      vertex 16 71.1821 0
    endloop
  endfacet
  facet normal 0 0 -1
    outer loop
      vertex 15.3827 70.3739 0
      vertex 16 71.1821 0
      vertex 15.7071 70.1571 0
    endloop
  endfacet
  facet normal -0 0 -1
    outer loop
      vertex 16 71.1821 0
      vertex 15.3827 70.3739 0
      vertex 15.7066 71.4393 0
    endloop
  endfacet
  facet normal 0 0 -1
    outer loop
      vertex 14.2934 71.4393 0
      vertex 15.7066 71.4393 0
      vertex 15 70.45 0
    endloop
  endfacet
  facet normal 0 0 -1
    outer loop
      vertex 15 70.45 0
      vertex 15.7066 71.4393 0
      vertex 15.3827 70.3739 0
    endloop
  endfacet
  facet normal 0 0 -1
    outer loop
      vertex 21.4327 64.5519 0
      vertex 20.455 65.4841 0
      vertex 20.8049 65.6566 0
    endloop
  endfacet
  facet normal -0 0 -1
    outer loop
      vertex 21.0074 63.2032 0
      vertex 20.1088 62.4491 0
      vertex 20.8982 63.5778 0
    endloop
  endfacet
  facet normal 0 0 -1
    outer loop
      vertex 19.7588 62.6217 0
      vertex 20.8982 63.5778 0
      vertex 20.1088 62.4491 0
    endloop
  endfacet
  facet normal 0 0 -1
    outer loop
      vertex 18.9914 64.3844 0
      vertex 19.7588 62.6217 0
      vertex 19.3695 62.6472 0
    endloop
  endfacet
  facet normal 0 0 -1
    outer loop
      vertex 20.8982 63.5778 0
      vertex 20.0656 65.4586 0
      vertex 20.455 65.4841 0
    endloop
  endfacet
  facet normal 0 0 -1
    outer loop
      vertex 19.7588 62.6217 0
      vertex 18.9914 64.3844 0
      vertex 20.8982 63.5778 0
    endloop
  endfacet
  facet normal 0 0 -1
    outer loop
      vertex 20.8982 63.5778 0
      vertex 18.9914 64.3844 0
      vertex 20.0656 65.4586 0
    endloop
  endfacet
  facet normal 0 0 -1
    outer loop
      vertex 18.7934 63.6451 0
      vertex 19.3695 62.6472 0
      vertex 19 62.5218 0
    endloop
  endfacet
  facet normal -0 0 -1
    outer loop
      vertex 20.0656 65.4586 0
      vertex 18.9914 64.3844 0
      vertex 19.6962 65.584 0
    endloop
  endfacet
  facet normal 0 0 -1
    outer loop
      vertex 18.866 64.7538 0
      vertex 19.6962 65.584 0
      vertex 18.9914 64.3844 0
    endloop
  endfacet
  facet normal 0 0 -1
    outer loop
      vertex 18.6088 65.0472 0
      vertex 19.4028 65.8412 0
      vertex 18.866 64.7538 0
    endloop
  endfacet
  facet normal -0 0 -1
    outer loop
      vertex 19.6962 65.584 0
      vertex 18.866 64.7538 0
      vertex 19.4028 65.8412 0
    endloop
  endfacet
  facet normal -0 0 -1
    outer loop
      vertex 22.4582 72.5718 0
      vertex 21.1621 72.1912 0
      vertex 21.1876 72.5805 0
    endloop
  endfacet
  facet normal 0 0 -1
    outer loop
      vertex 20.9895 71.8412 0
      vertex 21.3827 70.3739 0
      vertex 21 70.45 0
    endloop
  endfacet
  facet normal -0 0 -1
    outer loop
      vertex 22.72 71.8526 0
      vertex 20.9895 71.8412 0
      vertex 21.1621 72.1912 0
    endloop
  endfacet
  facet normal 0 0 -1
    outer loop
      vertex 21 70.45 0
      vertex 20.6962 71.584 0
      vertex 20.9895 71.8412 0
    endloop
  endfacet
  facet normal 0 0 -1
    outer loop
      vertex 20.6173 70.3739 0
      vertex 20.6962 71.584 0
      vertex 21 70.45 0
    endloop
  endfacet
  facet normal 0 0 -1
    outer loop
      vertex 20.6173 70.3739 0
      vertex 20.3267 71.4586 0
      vertex 20.6962 71.584 0
    endloop
  endfacet
  facet normal 0 0 -1
    outer loop
      vertex 20.2929 70.1571 0
      vertex 20.3267 71.4586 0
      vertex 20.6173 70.3739 0
    endloop
  endfacet
  facet normal 0 0 -1
    outer loop
      vertex 18.9239 69.8327 0
      vertex 20.2929 70.1571 0
      vertex 20.0761 69.8327 0
    endloop
  endfacet
  facet normal 0 0 -1
    outer loop
      vertex 19 69.45 0
      vertex 20.0761 69.8327 0
      vertex 20 69.45 0
    endloop
  endfacet
  facet normal 0 0 -1
    outer loop
      vertex 20.2929 70.1571 0
      vertex 19.9373 71.4841 0
      vertex 20.3267 71.4586 0
    endloop
  endfacet
  facet normal 0 0 -1
    outer loop
      vertex 19 69.45 0
      vertex 20.0761 69.0673 0
      vertex 19.5874 67.2434 0
    endloop
  endfacet
  facet normal 0 0 -1
    outer loop
      vertex 19 69.45 0
      vertex 19.5874 67.2434 0
      vertex 19.3301 66.95 0
    endloop
  endfacet
  facet normal 0 0 -1
    outer loop
      vertex 18.7071 70.1571 0
      vertex 20.2929 70.1571 0
      vertex 18.9239 69.8327 0
    endloop
  endfacet
  facet normal 0 0 -1
    outer loop
      vertex 20.0761 69.0673 0
      vertex 19 69.45 0
      vertex 20 69.45 0
    endloop
  endfacet
  facet normal 0 0 -1
    outer loop
      vertex 18.9239 69.8327 0
      vertex 20.0761 69.8327 0
      vertex 19 69.45 0
    endloop
  endfacet
  facet normal 0 0 -1
    outer loop
      vertex 19 69.45 0
      vertex 19.3301 66.95 0
      vertex 19.2047 66.5805 0
    endloop
  endfacet
  facet normal 0 0 -1
    outer loop
      vertex 20.2929 70.1571 0
      vertex 18.7071 70.1571 0
      vertex 19.9373 71.4841 0
    endloop
  endfacet
  facet normal 0 0 -1
    outer loop
      vertex 20.9895 71.8412 0
      vertex 22.72 71.8526 0
      vertex 21.3827 70.3739 0
    endloop
  endfacet
  facet normal 0 0 -1
    outer loop
      vertex 22.72 71.8526 0
      vertex 21.1621 72.1912 0
      vertex 22.5175 72.1862 0
    endloop
  endfacet
  facet normal 0 0 -1
    outer loop
      vertex 21.0622 72.95 0
      vertex 22.4582 72.5718 0
      vertex 21.1876 72.5805 0
    endloop
  endfacet
  facet normal 0 -0 -1
    outer loop
      vertex 21.8072 74.2389 0
      vertex 22.4582 72.5718 0
      vertex 21.0622 72.95 0
    endloop
  endfacet
  facet normal 0 0 -1
    outer loop
      vertex 21.1621 72.1912 0
      vertex 22.4582 72.5718 0
      vertex 22.5175 72.1862 0
    endloop
  endfacet
  facet normal 0 0 -1
    outer loop
      vertex 22.4582 72.5718 0
      vertex 21.8072 74.2389 0
      vertex 22.1951 74.2814 0
    endloop
  endfacet
  facet normal 0 0 -1
    outer loop
      vertex 20.8049 73.2434 0
      vertex 21.8072 74.2389 0
      vertex 21.0622 72.95 0
    endloop
  endfacet
  facet normal -0 0 -1
    outer loop
      vertex 21.8072 74.2389 0
      vertex 20.8049 73.2434 0
      vertex 21.4327 74.3481 0
    endloop
  endfacet
  facet normal 0 0 -1
    outer loop
      vertex 20.455 73.4159 0
      vertex 21.4327 74.3481 0
      vertex 20.8049 73.2434 0
    endloop
  endfacet
  facet normal -0 0 -1
    outer loop
      vertex 21.4327 74.3481 0
      vertex 20.455 73.4159 0
      vertex 21.1284 74.5923 0
    endloop
  endfacet
  facet normal 0 0 -1
    outer loop
      vertex 20.0656 73.4414 0
      vertex 21.1284 74.5923 0
      vertex 20.455 73.4159 0
    endloop
  endfacet
  facet normal 0 0 -1
    outer loop
      vertex 21.7071 68.7429 0
      vertex 21.1621 66.7088 0
      vertex 21.3827 68.5261 0
    endloop
  endfacet
  facet normal 0 0 -1
    outer loop
      vertex 20.9895 67.0588 0
      vertex 21.3827 68.5261 0
      vertex 21.1621 66.7088 0
    endloop
  endfacet
  facet normal 0 0 -1
    outer loop
      vertex 21.3827 68.5261 0
      vertex 20.9895 67.0588 0
      vertex 21 68.45 0
    endloop
  endfacet
  facet normal 0 0 -1
    outer loop
      vertex 20.6962 67.316 0
      vertex 21 68.45 0
      vertex 20.9895 67.0588 0
    endloop
  endfacet
  facet normal 0 0 -1
    outer loop
      vertex 20.6962 67.316 0
      vertex 20.6173 68.5261 0
      vertex 21 68.45 0
    endloop
  endfacet
  facet normal 0 0 -1
    outer loop
      vertex 20.3267 67.4414 0
      vertex 20.6173 68.5261 0
      vertex 20.6962 67.316 0
    endloop
  endfacet
  facet normal 0 0 -1
    outer loop
      vertex 20.3267 67.4414 0
      vertex 20.2929 68.7429 0
      vertex 20.6173 68.5261 0
    endloop
  endfacet
  facet normal 0 0 -1
    outer loop
      vertex 19.9373 67.4159 0
      vertex 20.2929 68.7429 0
      vertex 20.3267 67.4414 0
    endloop
  endfacet
  facet normal -0 0 -1
    outer loop
      vertex 20.2929 68.7429 0
      vertex 19.9373 67.4159 0
      vertex 20.0761 69.0673 0
    endloop
  endfacet
  facet normal 0 0 -1
    outer loop
      vertex 19.5874 67.2434 0
      vertex 20.0761 69.0673 0
      vertex 19.9373 67.4159 0
    endloop
  endfacet
  facet normal 0 0 -1
    outer loop
      vertex 22.5372 74.469 0
      vertex 23.1152 73.4679 0
      vertex 22.7816 73.2655 0
    endloop
  endfacet
  facet normal 0 0 -1
    outer loop
      vertex 23.1152 73.4679 0
      vertex 22.7814 74.7733 0
      vertex 22.8906 75.1479 0
    endloop
  endfacet
  facet normal 0 0 -1
    outer loop
      vertex 22.1951 74.2814 0
      vertex 22.7816 73.2655 0
      vertex 22.5509 72.9508 0
    endloop
  endfacet
  facet normal 0 0 -1
    outer loop
      vertex 23.1152 73.4679 0
      vertex 22.5372 74.469 0
      vertex 22.7814 74.7733 0
    endloop
  endfacet
  facet normal 0 0 -1
    outer loop
      vertex 22.1951 74.2814 0
      vertex 22.5509 72.9508 0
      vertex 22.4582 72.5718 0
    endloop
  endfacet
  facet normal 0 0 -1
    outer loop
      vertex 22.7816 73.2655 0
      vertex 22.1951 74.2814 0
      vertex 22.5372 74.469 0
    endloop
  endfacet
  facet normal -0 0 -1
    outer loop
      vertex 23.0346 71.6219 0
      vertex 21.7071 70.1571 0
      vertex 22.72 71.8526 0
    endloop
  endfacet
  facet normal 0 0 -1
    outer loop
      vertex 21.3827 70.3739 0
      vertex 22.72 71.8526 0
      vertex 21.7071 70.1571 0
    endloop
  endfacet
  facet normal 0 0 -1
    outer loop
      vertex 22.1951 64.6186 0
      vertex 21.9239 69.0673 0
      vertex 22 69.45 0
    endloop
  endfacet
  facet normal 0 0 -1
    outer loop
      vertex 21.0622 65.95 0
      vertex 22.1951 64.6186 0
      vertex 21.8072 64.6611 0
    endloop
  endfacet
  facet normal 0 0 -1
    outer loop
      vertex 22.1951 64.6186 0
      vertex 21.7071 68.7429 0
      vertex 21.9239 69.0673 0
    endloop
  endfacet
  facet normal 0 0 -1
    outer loop
      vertex 20.8049 65.6566 0
      vertex 21.8072 64.6611 0
      vertex 21.4327 64.5519 0
    endloop
  endfacet
  facet normal 0 0 -1
    outer loop
      vertex 21.1621 66.7088 0
      vertex 22.1951 64.6186 0
      vertex 21.1876 66.3195 0
    endloop
  endfacet
  facet normal 0 0 -1
    outer loop
      vertex 22.1951 64.6186 0
      vertex 21.1621 66.7088 0
      vertex 21.7071 68.7429 0
    endloop
  endfacet
  facet normal 0 0 -1
    outer loop
      vertex 20.455 65.4841 0
      vertex 21.4327 64.5519 0
      vertex 21.1284 64.3077 0
    endloop
  endfacet
  facet normal 0 0 -1
    outer loop
      vertex 22.1951 64.6186 0
      vertex 21.0622 65.95 0
      vertex 21.1876 66.3195 0
    endloop
  endfacet
  facet normal 0 0 -1
    outer loop
      vertex 20.455 65.4841 0
      vertex 21.1284 64.3077 0
      vertex 20.9407 63.9656 0
    endloop
  endfacet
  facet normal 0 0 -1
    outer loop
      vertex 20.455 65.4841 0
      vertex 20.9407 63.9656 0
      vertex 20.8982 63.5778 0
    endloop
  endfacet
  facet normal 0 0 -1
    outer loop
      vertex 21.8072 64.6611 0
      vertex 20.8049 65.6566 0
      vertex 21.0622 65.95 0
    endloop
  endfacet
  facet normal -0 0 -1
    outer loop
      vertex 23.5009 65.3728 0
      vertex 22.7814 64.1267 0
      vertex 23.1152 65.4321 0
    endloop
  endfacet
  facet normal 0 0 -1
    outer loop
      vertex 22.5372 64.431 0
      vertex 23.1152 65.4321 0
      vertex 22.7814 64.1267 0
    endloop
  endfacet
  facet normal -0 0 -1
    outer loop
      vertex 23.1152 65.4321 0
      vertex 22.5372 64.431 0
      vertex 22.7816 65.6345 0
    endloop
  endfacet
  facet normal 0 0 -1
    outer loop
      vertex 22.1951 64.6186 0
      vertex 22.7816 65.6345 0
      vertex 22.5372 64.431 0
    endloop
  endfacet
  facet normal -0 0 -1
    outer loop
      vertex 22.7816 65.6345 0
      vertex 22.1951 64.6186 0
      vertex 22.5509 65.9492 0
    endloop
  endfacet
  facet normal 0 0 -1
    outer loop
      vertex 22 69.45 0
      vertex 22.4582 66.3282 0
      vertex 22.1951 64.6186 0
    endloop
  endfacet
  facet normal -0 0 -1
    outer loop
      vertex 22.5509 65.9492 0
      vertex 22.1951 64.6186 0
      vertex 22.4582 66.3282 0
    endloop
  endfacet
  facet normal 0 0 -1
    outer loop
      vertex 24.3635 72.1056 0
      vertex 24.7071 70.1571 0
      vertex 24.3827 70.3739 0
    endloop
  endfacet
  facet normal 0 0 -1
    outer loop
      vertex 24.7071 70.1571 0
      vertex 24.3635 72.1056 0
      vertex 24.4563 72.4846 0
    endloop
  endfacet
  facet normal 0 0 -1
    outer loop
      vertex 24.3827 70.3739 0
      vertex 24.1328 71.7909 0
      vertex 24.3635 72.1056 0
    endloop
  endfacet
  facet normal 0 0 -1
    outer loop
      vertex 24 70.45 0
      vertex 24.1328 71.7909 0
      vertex 24.3827 70.3739 0
    endloop
  endfacet
  facet normal 0 0 -1
    outer loop
      vertex 24 70.45 0
      vertex 23.7993 71.5885 0
      vertex 24.1328 71.7909 0
    endloop
  endfacet
  facet normal 0 0 -1
    outer loop
      vertex 23.6173 70.3739 0
      vertex 23.7993 71.5885 0
      vertex 24 70.45 0
    endloop
  endfacet
  facet normal 0 0 -1
    outer loop
      vertex 23.6173 70.3739 0
      vertex 23.4136 71.5291 0
      vertex 23.7993 71.5885 0
    endloop
  endfacet
  facet normal 0 0 -1
    outer loop
      vertex 23.2929 70.1571 0
      vertex 23.4136 71.5291 0
      vertex 23.6173 70.3739 0
    endloop
  endfacet
  facet normal 0 0 -1
    outer loop
      vertex 21.9239 69.8327 0
      vertex 23.0761 69.8327 0
      vertex 22 69.45 0
    endloop
  endfacet
  facet normal 0 0 -1
    outer loop
      vertex 23.2929 70.1571 0
      vertex 23.0346 71.6219 0
      vertex 23.4136 71.5291 0
    endloop
  endfacet
  facet normal 0 0 -1
    outer loop
      vertex 22 69.45 0
      vertex 23.0761 69.8327 0
      vertex 23 69.45 0
    endloop
  endfacet
  facet normal 0 0 -1
    outer loop
      vertex 22 69.45 0
      vertex 22.72 67.0474 0
      vertex 22.5175 66.7138 0
    endloop
  endfacet
  facet normal 0 0 -1
    outer loop
      vertex 23.0761 69.8327 0
      vertex 21.9239 69.8327 0
      vertex 23.2929 70.1571 0
    endloop
  endfacet
  facet normal 0 0 -1
    outer loop
      vertex 23.0761 69.0673 0
      vertex 22 69.45 0
      vertex 23 69.45 0
    endloop
  endfacet
  facet normal 0 0 -1
    outer loop
      vertex 21.7071 70.1571 0
      vertex 23.2929 70.1571 0
      vertex 21.9239 69.8327 0
    endloop
  endfacet
  facet normal 0 0 -1
    outer loop
      vertex 22 69.45 0
      vertex 22.5175 66.7138 0
      vertex 22.4582 66.3282 0
    endloop
  endfacet
  facet normal 0 0 -1
    outer loop
      vertex 23.2929 70.1571 0
      vertex 21.7071 70.1571 0
      vertex 23.0346 71.6219 0
    endloop
  endfacet
  facet normal 0 0 -1
    outer loop
      vertex 52.55 50.2 0
      vertex 53.35 51 0
      vertex 53.3431 50.8956 0
    endloop
  endfacet
  facet normal 0 0 -1
    outer loop
      vertex 53.35 51 0
      vertex 40.1 69.45 0
      vertex 53.35 87.9 0
    endloop
  endfacet
  facet normal 0 0 -1
    outer loop
      vertex 52.55 50.2 0
      vertex 53.3431 50.8956 0
      vertex 53.3227 50.7929 0
    endloop
  endfacet
  facet normal 0 0 -1
    outer loop
      vertex 40.0625 69.7347 0
      vertex 53.35 87.9 0
      vertex 40.1 69.45 0
    endloop
  endfacet
  facet normal 0 0 -1
    outer loop
      vertex 52.55 50.2 0
      vertex 53.3227 50.7929 0
      vertex 53.2891 50.6939 0
    endloop
  endfacet
  facet normal 0 0 -1
    outer loop
      vertex 39.9526 70 0
      vertex 53.35 87.9 0
      vertex 40.0625 69.7347 0
    endloop
  endfacet
  facet normal 0 0 -1
    outer loop
      vertex 52.55 50.2 0
      vertex 53.2891 50.6939 0
      vertex 53.2428 50.6 0
    endloop
  endfacet
  facet normal 0 0 -1
    outer loop
      vertex 39.7778 70.2278 0
      vertex 53.35 87.9 0
      vertex 39.9526 70 0
    endloop
  endfacet
  facet normal 0 0 -1
    outer loop
      vertex 52.55 50.2 0
      vertex 53.2428 50.6 0
      vertex 53.1847 50.513 0
    endloop
  endfacet
  facet normal 0 0 -1
    outer loop
      vertex 39.55 70.4026 0
      vertex 53.35 87.9 0
      vertex 39.7778 70.2278 0
    endloop
  endfacet
  facet normal 0 0 -1
    outer loop
      vertex 52.55 50.2 0
      vertex 53.1847 50.513 0
      vertex 53.1157 50.4343 0
    endloop
  endfacet
  facet normal 0 -0 -1
    outer loop
      vertex 52.55 88.7 0
      vertex 53.35 87.9 0
      vertex 39.55 70.4026 0
    endloop
  endfacet
  facet normal 0 0 -1
    outer loop
      vertex 52.55 50.2 0
      vertex 53.1157 50.4343 0
      vertex 53.037 50.3653 0
    endloop
  endfacet
  facet normal 0 0 -1
    outer loop
      vertex 53.35 87.9 0
      vertex 52.55 88.7 0
      vertex 53.3431 88.0044 0
    endloop
  endfacet
  facet normal 0 0 -1
    outer loop
      vertex 52.55 50.2 0
      vertex 53.037 50.3653 0
      vertex 52.95 50.3072 0
    endloop
  endfacet
  facet normal 0 0 -1
    outer loop
      vertex 53.3227 88.1071 0
      vertex 52.55 88.7 0
      vertex 53.2891 88.2061 0
    endloop
  endfacet
  facet normal 0 0 -1
    outer loop
      vertex 52.55 50.2 0
      vertex 52.95 50.3072 0
      vertex 52.8561 50.2609 0
    endloop
  endfacet
  facet normal 0 0 -1
    outer loop
      vertex 53.2891 88.2061 0
      vertex 52.55 88.7 0
      vertex 53.2428 88.3 0
    endloop
  endfacet
  facet normal 0 0 -1
    outer loop
      vertex 52.55 50.2 0
      vertex 52.8561 50.2609 0
      vertex 52.757 50.2273 0
    endloop
  endfacet
  facet normal 0 0 -1
    outer loop
      vertex 53.2428 88.3 0
      vertex 52.55 88.7 0
      vertex 53.1847 88.387 0
    endloop
  endfacet
  facet normal 0 0 -1
    outer loop
      vertex 52.55 50.2 0
      vertex 52.757 50.2273 0
      vertex 52.6544 50.2069 0
    endloop
  endfacet
  facet normal 0 0 -1
    outer loop
      vertex 53.1847 88.387 0
      vertex 52.55 88.7 0
      vertex 53.1157 88.4657 0
    endloop
  endfacet
  facet normal -0 0 -1
    outer loop
      vertex 53.35 51 0
      vertex 52.55 50.2 0
      vertex 39.55 68.4974 0
    endloop
  endfacet
  facet normal 0 0 -1
    outer loop
      vertex 53.037 88.5347 0
      vertex 52.55 88.7 0
      vertex 52.95 88.5928 0
    endloop
  endfacet
  facet normal 0 0 -1
    outer loop
      vertex 52.95 88.5928 0
      vertex 52.55 88.7 0
      vertex 52.8561 88.6391 0
    endloop
  endfacet
  facet normal 0 0 -1
    outer loop
      vertex 53.35 51 0
      vertex 40.0625 69.1653 0
      vertex 40.1 69.45 0
    endloop
  endfacet
  facet normal 0 0 -1
    outer loop
      vertex 53.35 51 0
      vertex 39.9526 68.9 0
      vertex 40.0625 69.1653 0
    endloop
  endfacet
  facet normal 0 0 -1
    outer loop
      vertex 53.35 51 0
      vertex 39.7778 68.6722 0
      vertex 39.9526 68.9 0
    endloop
  endfacet
  facet normal 0 0 -1
    outer loop
      vertex 53.35 51 0
      vertex 39.55 68.4974 0
      vertex 39.7778 68.6722 0
    endloop
  endfacet
  facet normal 0 0 -1
    outer loop
      vertex 52.55 50.2 0
      vertex 39.2847 68.3875 0
      vertex 39.55 68.4974 0
    endloop
  endfacet
  facet normal 0 0 -1
    outer loop
      vertex 52.55 50.2 0
      vertex 39 68.35 0
      vertex 39.2847 68.3875 0
    endloop
  endfacet
  facet normal 0 0 -1
    outer loop
      vertex 52.55 50.2 0
      vertex 38.7153 68.3875 0
      vertex 39 68.35 0
    endloop
  endfacet
  facet normal 0 0 -1
    outer loop
      vertex 22.6604 63.0221 0
      vertex 38.7153 68.3875 0
      vertex 52.55 50.2 0
    endloop
  endfacet
  facet normal -0 0 -1
    outer loop
      vertex 38.7153 68.3875 0
      vertex 22.6604 63.0221 0
      vertex 38.45 68.4974 0
    endloop
  endfacet
  facet normal 0 0 -1
    outer loop
      vertex 37.9375 69.1653 0
      vertex 25 69.45 0
      vertex 37.9 69.45 0
    endloop
  endfacet
  facet normal 0 0 -1
    outer loop
      vertex 24.4563 66.4154 0
      vertex 37.9375 69.1653 0
      vertex 38.0474 68.9 0
    endloop
  endfacet
  facet normal 0 0 -1
    outer loop
      vertex 24.3969 66.0298 0
      vertex 38.0474 68.9 0
      vertex 38.2222 68.6722 0
    endloop
  endfacet
  facet normal 0 -0 -1
    outer loop
      vertex 22.8481 63.3642 0
      vertex 38.45 68.4974 0
      vertex 22.6604 63.0221 0
    endloop
  endfacet
  facet normal -0 0 -1
    outer loop
      vertex 37.9375 69.1653 0
      vertex 24.9239 69.0673 0
      vertex 25 69.45 0
    endloop
  endfacet
  facet normal 0 0 -1
    outer loop
      vertex 37.9375 69.1653 0
      vertex 24.4563 66.4154 0
      vertex 24.9239 69.0673 0
    endloop
  endfacet
  facet normal 0 0 -1
    outer loop
      vertex 24.9239 69.0673 0
      vertex 24.4563 66.4154 0
      vertex 24.7071 68.7429 0
    endloop
  endfacet
  facet normal 0 0 -1
    outer loop
      vertex 38.0474 68.9 0
      vertex 24.3969 66.0298 0
      vertex 24.4563 66.4154 0
    endloop
  endfacet
  facet normal -0 0 -1
    outer loop
      vertex 38.45 68.4974 0
      vertex 24.3969 66.0298 0
      vertex 38.2222 68.6722 0
    endloop
  endfacet
  facet normal 0 -0 -1
    outer loop
      vertex 24.3969 66.0298 0
      vertex 38.45 68.4974 0
      vertex 24.1945 65.6962 0
    endloop
  endfacet
  facet normal 0 0 -1
    outer loop
      vertex 24.1945 65.6962 0
      vertex 22.8481 63.3642 0
      vertex 23.8799 65.4655 0
    endloop
  endfacet
  facet normal 0 -0 -1
    outer loop
      vertex 22.8906 63.7521 0
      vertex 23.8799 65.4655 0
      vertex 22.8481 63.3642 0
    endloop
  endfacet
  facet normal 0 0 -1
    outer loop
      vertex 22.7814 64.1267 0
      vertex 23.5009 65.3728 0
      vertex 22.8906 63.7521 0
    endloop
  endfacet
  facet normal 0 0 -1
    outer loop
      vertex 23.8799 65.4655 0
      vertex 22.8906 63.7521 0
      vertex 23.5009 65.3728 0
    endloop
  endfacet
  facet normal 0 -0 -1
    outer loop
      vertex 24.1945 65.6962 0
      vertex 38.45 68.4974 0
      vertex 22.8481 63.3642 0
    endloop
  endfacet
  facet normal 0 0 -1
    outer loop
      vertex 52.55 50.2 0
      vertex 22.3561 62.7779 0
      vertex 22.6604 63.0221 0
    endloop
  endfacet
  facet normal 0 0 -1
    outer loop
      vertex 20.2934 61.047 0
      vertex 22.3561 62.7779 0
      vertex 52.55 50.2 0
    endloop
  endfacet
  facet normal 0 0 -1
    outer loop
      vertex 22.3561 62.7779 0
      vertex 20.2934 61.047 0
      vertex 21.9816 62.6687 0
    endloop
  endfacet
  facet normal 0 0 -1
    outer loop
      vertex 20.1088 62.4491 0
      vertex 21.0074 63.2032 0
      vertex 20.366 62.1558 0
    endloop
  endfacet
  facet normal -0 0 -1
    outer loop
      vertex 21.2516 62.8989 0
      vertex 20.366 62.1558 0
      vertex 21.0074 63.2032 0
    endloop
  endfacet
  facet normal 0 0 -1
    outer loop
      vertex 20.366 62.1558 0
      vertex 21.2516 62.8989 0
      vertex 20.4914 61.7863 0
    endloop
  endfacet
  facet normal -0 0 -1
    outer loop
      vertex 21.5937 62.7112 0
      vertex 20.4914 61.7863 0
      vertex 21.2516 62.8989 0
    endloop
  endfacet
  facet normal 0 -0 -1
    outer loop
      vertex 20.4659 61.397 0
      vertex 21.9816 62.6687 0
      vertex 20.2934 61.047 0
    endloop
  endfacet
  facet normal 0 0 -1
    outer loop
      vertex 21.5937 62.7112 0
      vertex 20.4659 61.397 0
      vertex 20.4914 61.7863 0
    endloop
  endfacet
  facet normal -0 0 -1
    outer loop
      vertex 21.9816 62.6687 0
      vertex 20.4659 61.397 0
      vertex 21.5937 62.7112 0
    endloop
  endfacet
  facet normal 0 0 -1
    outer loop
      vertex 52.55 50.2 0
      vertex 20 60.7897 0
      vertex 20.2934 61.047 0
    endloop
  endfacet
  facet normal 0 0 -1
    outer loop
      vertex 52.55 50.2 0
      vertex 19.6305 60.6643 0
      vertex 20 60.7897 0
    endloop
  endfacet
  facet normal 0 0 -1
    outer loop
      vertex 17.1001 59.7433 0
      vertex 19.6305 60.6643 0
      vertex 52.55 50.2 0
    endloop
  endfacet
  facet normal 0 0 -1
    outer loop
      vertex 18.7066 62.2645 0
      vertex 18.1305 63.2624 0
      vertex 18.5 63.3878 0
    endloop
  endfacet
  facet normal 0 0 -1
    outer loop
      vertex 18.5341 61.9146 0
      vertex 17.7412 63.2879 0
      vertex 18.1305 63.2624 0
    endloop
  endfacet
  facet normal 0 0 -1
    outer loop
      vertex 17.5476 60.7604 0
      vertex 18.5086 61.5252 0
      vertex 18.634 61.1558 0
    endloop
  endfacet
  facet normal -0 0 -1
    outer loop
      vertex 18.5086 61.5252 0
      vertex 17.4062 61.124 0
      vertex 18.5341 61.9146 0
    endloop
  endfacet
  facet normal -0 0 -1
    outer loop
      vertex 18.8912 60.8624 0
      vertex 17.5476 60.7604 0
      vertex 18.634 61.1558 0
    endloop
  endfacet
  facet normal 0 0 -1
    outer loop
      vertex 17.5391 60.3703 0
      vertex 18.8912 60.8624 0
      vertex 19.2412 60.6898 0
    endloop
  endfacet
  facet normal -0 0 -1
    outer loop
      vertex 19.6305 60.6643 0
      vertex 17.1001 59.7433 0
      vertex 19.2412 60.6898 0
    endloop
  endfacet
  facet normal 0 0 -1
    outer loop
      vertex 18.8912 60.8624 0
      vertex 17.5391 60.3703 0
      vertex 17.5476 60.7604 0
    endloop
  endfacet
  facet normal 0 0 -1
    outer loop
      vertex 19.2412 60.6898 0
      vertex 17.382 60.0132 0
      vertex 17.5391 60.3703 0
    endloop
  endfacet
  facet normal 0 0 -1
    outer loop
      vertex 19.2412 60.6898 0
      vertex 17.1001 59.7433 0
      vertex 17.382 60.0132 0
    endloop
  endfacet
  facet normal 0 0 -1
    outer loop
      vertex 52.55 50.2 0
      vertex 16.7365 59.6019 0
      vertex 17.1001 59.7433 0
    endloop
  endfacet
  facet normal 0 0 -1
    outer loop
      vertex 0.800003 50.2 0
      vertex 16.7365 59.6019 0
      vertex 52.55 50.2 0
    endloop
  endfacet
  facet normal 0 0 -1
    outer loop
      vertex 15.7437 61.1603 0
      vertex 15 62.45 0
      vertex 15.3827 62.5261 0
    endloop
  endfacet
  facet normal 0 0 -1
    outer loop
      vertex 15.5865 60.8032 0
      vertex 14.4135 60.8032 0
      vertex 15.7437 61.1603 0
    endloop
  endfacet
  facet normal 0 0 -1
    outer loop
      vertex 14.422 60.4131 0
      vertex 15.578 60.4131 0
      vertex 15.7194 60.0494 0
    endloop
  endfacet
  facet normal 0 0 -1
    outer loop
      vertex 14.2563 61.1603 0
      vertex 15.7437 61.1603 0
      vertex 14.4135 60.8032 0
    endloop
  endfacet
  facet normal 0 0 -1
    outer loop
      vertex 14.2806 60.0494 0
      vertex 15.7194 60.0494 0
      vertex 15.9893 59.7676 0
    endloop
  endfacet
  facet normal 0 0 -1
    outer loop
      vertex 14.0107 59.7676 0
      vertex 15.9893 59.7676 0
      vertex 16.3464 59.6104 0
    endloop
  endfacet
  facet normal 0 0 -1
    outer loop
      vertex 15.7194 60.0494 0
      vertex 14.2806 60.0494 0
      vertex 14.422 60.4131 0
    endloop
  endfacet
  facet normal -0 0 -1
    outer loop
      vertex 16.7365 59.6019 0
      vertex 0.800003 50.2 0
      vertex 16.3464 59.6104 0
    endloop
  endfacet
  facet normal 0 0 -1
    outer loop
      vertex 15.9893 59.7676 0
      vertex 14.0107 59.7676 0
      vertex 14.2806 60.0494 0
    endloop
  endfacet
  facet normal 0 0 -1
    outer loop
      vertex 16.3464 59.6104 0
      vertex 13.6536 59.6104 0
      vertex 14.0107 59.7676 0
    endloop
  endfacet
  facet normal -0 0 -1
    outer loop
      vertex 16.3464 59.6104 0
      vertex 0.800003 50.2 0
      vertex 13.6536 59.6104 0
    endloop
  endfacet
  facet normal 0 0 -1
    outer loop
      vertex 11.366 61.1558 0
      vertex 12.4524 60.7604 0
      vertex 12.4609 60.3703 0
    endloop
  endfacet
  facet normal 0 0 -1
    outer loop
      vertex 11.4659 61.9146 0
      vertex 12.8636 61.4059 0
      vertex 11.4914 61.5252 0
    endloop
  endfacet
  facet normal 0 0 -1
    outer loop
      vertex 12.8636 61.4059 0
      vertex 11.4659 61.9146 0
      vertex 12.2588 63.2879 0
    endloop
  endfacet
  facet normal 0 0 -1
    outer loop
      vertex 12.2588 63.2879 0
      vertex 11.4659 61.9146 0
      vertex 11.8695 63.2624 0
    endloop
  endfacet
  facet normal 0 0 -1
    outer loop
      vertex 11.1088 60.8624 0
      vertex 12.4609 60.3703 0
      vertex 12.618 60.0132 0
    endloop
  endfacet
  facet normal 0 0 -1
    outer loop
      vertex 12.4524 60.7604 0
      vertex 11.366 61.1558 0
      vertex 11.4914 61.5252 0
    endloop
  endfacet
  facet normal 0 0 -1
    outer loop
      vertex 10.7588 60.6898 0
      vertex 12.618 60.0132 0
      vertex 12.8999 59.7433 0
    endloop
  endfacet
  facet normal 0 0 -1
    outer loop
      vertex 12.4609 60.3703 0
      vertex 11.1088 60.8624 0
      vertex 11.366 61.1558 0
    endloop
  endfacet
  facet normal 0 0 -1
    outer loop
      vertex 12.618 60.0132 0
      vertex 10.7588 60.6898 0
      vertex 11.1088 60.8624 0
    endloop
  endfacet
  facet normal 0 0 -1
    outer loop
      vertex 12.8999 59.7433 0
      vertex 10.3695 60.6643 0
      vertex 10.7588 60.6898 0
    endloop
  endfacet
  facet normal 0 0 -1
    outer loop
      vertex 0.800003 50.2 0
      vertex 12.8999 59.7433 0
      vertex 13.2635 59.6019 0
    endloop
  endfacet
  facet normal -0 0 -1
    outer loop
      vertex 12.8999 59.7433 0
      vertex 0.800003 50.2 0
      vertex 10.3695 60.6643 0
    endloop
  endfacet
  facet normal 0 0 -1
    outer loop
      vertex 8.40631 62.7112 0
      vertex 9.50856 61.7863 0
      vertex 9.53407 61.397 0
    endloop
  endfacet
  facet normal 0 0 -1
    outer loop
      vertex 8.87164 64.3077 0
      vertex 9.93437 65.4586 0
      vertex 9.05932 63.9656 0
    endloop
  endfacet
  facet normal 0 0 -1
    outer loop
      vertex 9.89124 62.4491 0
      vertex 8.99261 63.2032 0
      vertex 9.1018 63.5778 0
    endloop
  endfacet
  facet normal 0 0 -1
    outer loop
      vertex 9.63398 62.1558 0
      vertex 8.74839 62.8989 0
      vertex 8.99261 63.2032 0
    endloop
  endfacet
  facet normal 0 0 -1
    outer loop
      vertex 8.01845 62.6687 0
      vertex 9.53407 61.397 0
      vertex 9.70665 61.047 0
    endloop
  endfacet
  facet normal 0 0 -1
    outer loop
      vertex 9.50856 61.7863 0
      vertex 8.40631 62.7112 0
      vertex 8.74839 62.8989 0
    endloop
  endfacet
  facet normal 0 0 -1
    outer loop
      vertex 9.53407 61.397 0
      vertex 8.01845 62.6687 0
      vertex 8.40631 62.7112 0
    endloop
  endfacet
  facet normal 0 0 -1
    outer loop
      vertex 9.70665 61.047 0
      vertex 7.64385 62.7779 0
      vertex 8.01845 62.6687 0
    endloop
  endfacet
  facet normal 0 0 -1
    outer loop
      vertex 0 51 0
      vertex 9.70665 61.047 0
      vertex 10 60.7897 0
    endloop
  endfacet
  facet normal -0 0 -1
    outer loop
      vertex 9.70665 61.047 0
      vertex 0 51 0
      vertex 7.64385 62.7779 0
    endloop
  endfacet
  facet normal 0 0 -1
    outer loop
      vertex 6.12015 65.4655 0
      vertex 7.10941 63.7521 0
      vertex 7.15188 63.3642 0
    endloop
  endfacet
  facet normal 0 0 -1
    outer loop
      vertex 7.21859 64.1267 0
      vertex 6.49915 65.3728 0
      vertex 6.88479 65.4321 0
    endloop
  endfacet
  facet normal 0 0 -1
    outer loop
      vertex 7.10941 63.7521 0
      vertex 6.12015 65.4655 0
      vertex 6.49915 65.3728 0
    endloop
  endfacet
  facet normal 0 0 -1
    outer loop
      vertex 7.15188 63.3642 0
      vertex 5.80549 65.6962 0
      vertex 6.12015 65.4655 0
    endloop
  endfacet
  facet normal 0 0 -1
    outer loop
      vertex 0 51 0
      vertex 7.15188 63.3642 0
      vertex 7.33956 63.0221 0
    endloop
  endfacet
  facet normal -0 0 -1
    outer loop
      vertex 7.15188 63.3642 0
      vertex 0 51 0
      vertex 5.80549 65.6962 0
    endloop
  endfacet
  facet normal 0 0 -1
    outer loop
      vertex 5.54372 66.4154 0
      vertex 5.07612 69.0673 0
      vertex 5.29289 68.7429 0
    endloop
  endfacet
  facet normal 0 0 -1
    outer loop
      vertex 0 51 0
      vertex 5.54372 66.4154 0
      vertex 5.60307 66.0298 0
    endloop
  endfacet
  facet normal -0 0 -1
    outer loop
      vertex 5.54372 66.4154 0
      vertex 0 51 0
      vertex 5.07612 69.0673 0
    endloop
  endfacet
  facet normal -0 0 -1
    outer loop
      vertex 5.80549 65.6962 0
      vertex 0 51 0
      vertex 5.60307 66.0298 0
    endloop
  endfacet
  facet normal -0 0 -1
    outer loop
      vertex 7.64385 62.7779 0
      vertex 0 51 0
      vertex 7.33956 63.0221 0
    endloop
  endfacet
  facet normal 0 0 -1
    outer loop
      vertex 0 51 0
      vertex 10 60.7897 0
      vertex 0.800003 50.2 0
    endloop
  endfacet
  facet normal -0 0 -1
    outer loop
      vertex 10.3695 60.6643 0
      vertex 0.800003 50.2 0
      vertex 10 60.7897 0
    endloop
  endfacet
  facet normal 0 0 -1
    outer loop
      vertex 13.6536 59.6104 0
      vertex 0.800003 50.2 0
      vertex 13.2635 59.6019 0
    endloop
  endfacet
  facet normal 0 0 -1
    outer loop
      vertex 52.8561 88.6391 0
      vertex 52.55 88.7 0
      vertex 52.757 88.6727 0
    endloop
  endfacet
  facet normal 0 0 -1
    outer loop
      vertex 52.757 88.6727 0
      vertex 52.55 88.7 0
      vertex 52.6544 88.6931 0
    endloop
  endfacet
  facet normal 0 0 -1
    outer loop
      vertex 53.1157 88.4657 0
      vertex 52.55 88.7 0
      vertex 53.037 88.5347 0
    endloop
  endfacet
  facet normal 0 0 -1
    outer loop
      vertex 53.3431 88.0044 0
      vertex 52.55 88.7 0
      vertex 53.3227 88.1071 0
    endloop
  endfacet
  facet normal 0 0 -1
    outer loop
      vertex 39.2847 70.5125 0
      vertex 52.55 88.7 0
      vertex 39.55 70.4026 0
    endloop
  endfacet
  facet normal 0 0 -1
    outer loop
      vertex 39 70.55 0
      vertex 52.55 88.7 0
      vertex 39.2847 70.5125 0
    endloop
  endfacet
  facet normal 0 0 -1
    outer loop
      vertex 38.7153 70.5125 0
      vertex 52.55 88.7 0
      vertex 39 70.55 0
    endloop
  endfacet
  facet normal 0 0 -1
    outer loop
      vertex 22.6604 75.8779 0
      vertex 38.7153 70.5125 0
      vertex 38.45 70.4026 0
    endloop
  endfacet
  facet normal 0 0 -1
    outer loop
      vertex 24.3969 72.8702 0
      vertex 38.45 70.4026 0
      vertex 38.2222 70.2278 0
    endloop
  endfacet
  facet normal 0 0 -1
    outer loop
      vertex 25 69.45 0
      vertex 37.9375 69.7347 0
      vertex 37.9 69.45 0
    endloop
  endfacet
  facet normal 0 0 -1
    outer loop
      vertex 24.9239 69.8327 0
      vertex 37.9375 69.7347 0
      vertex 25 69.45 0
    endloop
  endfacet
  facet normal 0 0 -1
    outer loop
      vertex 24.4563 72.4846 0
      vertex 37.9375 69.7347 0
      vertex 24.9239 69.8327 0
    endloop
  endfacet
  facet normal 0 0 -1
    outer loop
      vertex 37.9375 69.7347 0
      vertex 24.4563 72.4846 0
      vertex 38.0474 70 0
    endloop
  endfacet
  facet normal 0 0 -1
    outer loop
      vertex 24.3969 72.8702 0
      vertex 38.0474 70 0
      vertex 24.4563 72.4846 0
    endloop
  endfacet
  facet normal 0 0 -1
    outer loop
      vertex 24.4563 72.4846 0
      vertex 24.9239 69.8327 0
      vertex 24.7071 70.1571 0
    endloop
  endfacet
  facet normal 0 0 -1
    outer loop
      vertex 38.0474 70 0
      vertex 24.3969 72.8702 0
      vertex 38.2222 70.2278 0
    endloop
  endfacet
  facet normal 0 0 -1
    outer loop
      vertex 38.45 70.4026 0
      vertex 24.3969 72.8702 0
      vertex 24.1945 73.2038 0
    endloop
  endfacet
  facet normal 0 0 -1
    outer loop
      vertex 38.45 70.4026 0
      vertex 24.1945 73.2038 0
      vertex 22.8481 75.5358 0
    endloop
  endfacet
  facet normal 0 0 -1
    outer loop
      vertex 22.8481 75.5358 0
      vertex 24.1945 73.2038 0
      vertex 23.8799 73.4345 0
    endloop
  endfacet
  facet normal 0 0 -1
    outer loop
      vertex 22.8906 75.1479 0
      vertex 23.8799 73.4345 0
      vertex 23.5009 73.5272 0
    endloop
  endfacet
  facet normal 0 0 -1
    outer loop
      vertex 22.8906 75.1479 0
      vertex 23.5009 73.5272 0
      vertex 23.1152 73.4679 0
    endloop
  endfacet
  facet normal 0 0 -1
    outer loop
      vertex 23.8799 73.4345 0
      vertex 22.8906 75.1479 0
      vertex 22.8481 75.5358 0
    endloop
  endfacet
  facet normal 0 0 -1
    outer loop
      vertex 38.45 70.4026 0
      vertex 22.8481 75.5358 0
      vertex 22.6604 75.8779 0
    endloop
  endfacet
  facet normal 0 0 -1
    outer loop
      vertex 38.7153 70.5125 0
      vertex 22.6604 75.8779 0
      vertex 52.55 88.7 0
    endloop
  endfacet
  facet normal 0 0 -1
    outer loop
      vertex 22.3561 76.1221 0
      vertex 52.55 88.7 0
      vertex 22.6604 75.8779 0
    endloop
  endfacet
  facet normal 0 0 -1
    outer loop
      vertex 20.2934 77.853 0
      vertex 22.3561 76.1221 0
      vertex 21.9816 76.2313 0
    endloop
  endfacet
  facet normal 0 0 -1
    outer loop
      vertex 20.4659 77.503 0
      vertex 21.9816 76.2313 0
      vertex 21.5937 76.1888 0
    endloop
  endfacet
  facet normal -0 0 -1
    outer loop
      vertex 21.1284 74.5923 0
      vertex 20.0656 73.4414 0
      vertex 20.9407 74.9344 0
    endloop
  endfacet
  facet normal 0 0 -1
    outer loop
      vertex 20.4914 77.1137 0
      vertex 21.0074 75.6968 0
      vertex 20.8982 75.3222 0
    endloop
  endfacet
  facet normal 0 0 -1
    outer loop
      vertex 20.4914 77.1137 0
      vertex 21.2516 76.0011 0
      vertex 21.0074 75.6968 0
    endloop
  endfacet
  facet normal 0 0 -1
    outer loop
      vertex 20.4914 77.1137 0
      vertex 21.5937 76.1888 0
      vertex 21.2516 76.0011 0
    endloop
  endfacet
  facet normal 0 0 -1
    outer loop
      vertex 20.4659 77.503 0
      vertex 21.5937 76.1888 0
      vertex 20.4914 77.1137 0
    endloop
  endfacet
  facet normal 0 0 -1
    outer loop
      vertex 21.9816 76.2313 0
      vertex 20.4659 77.503 0
      vertex 20.2934 77.853 0
    endloop
  endfacet
  facet normal 0 0 -1
    outer loop
      vertex 22.3561 76.1221 0
      vertex 20.2934 77.853 0
      vertex 52.55 88.7 0
    endloop
  endfacet
  facet normal 0 0 -1
    outer loop
      vertex 20 78.1103 0
      vertex 52.55 88.7 0
      vertex 20.2934 77.853 0
    endloop
  endfacet
  facet normal 0 0 -1
    outer loop
      vertex 19.6305 78.2357 0
      vertex 52.55 88.7 0
      vertex 20 78.1103 0
    endloop
  endfacet
  facet normal 0 0 -1
    outer loop
      vertex 17.1001 79.1567 0
      vertex 19.6305 78.2357 0
      vertex 19.2412 78.2102 0
    endloop
  endfacet
  facet normal 0 0 -1
    outer loop
      vertex 17.7412 75.6121 0
      vertex 18.5341 76.9854 0
      vertex 18.1305 75.6376 0
    endloop
  endfacet
  facet normal 0 0 -1
    outer loop
      vertex 17.1364 77.4941 0
      vertex 18.5341 76.9854 0
      vertex 17.7412 75.6121 0
    endloop
  endfacet
  facet normal 0 0 -1
    outer loop
      vertex 17.4062 77.776 0
      vertex 18.5086 77.3748 0
      vertex 18.5341 76.9854 0
    endloop
  endfacet
  facet normal 0 0 -1
    outer loop
      vertex 18.5086 77.3748 0
      vertex 17.5476 78.1396 0
      vertex 18.634 77.7442 0
    endloop
  endfacet
  facet normal 0 0 -1
    outer loop
      vertex 17.5476 78.1396 0
      vertex 18.8912 78.0376 0
      vertex 18.634 77.7442 0
    endloop
  endfacet
  facet normal 0 0 -1
    outer loop
      vertex 17.5391 78.5297 0
      vertex 18.8912 78.0376 0
      vertex 17.5476 78.1396 0
    endloop
  endfacet
  facet normal 0 0 -1
    outer loop
      vertex 18.8912 78.0376 0
      vertex 17.5391 78.5297 0
      vertex 19.2412 78.2102 0
    endloop
  endfacet
  facet normal 0 0 -1
    outer loop
      vertex 17.382 78.8868 0
      vertex 19.2412 78.2102 0
      vertex 17.5391 78.5297 0
    endloop
  endfacet
  facet normal 0 0 -1
    outer loop
      vertex 17.1001 79.1567 0
      vertex 19.2412 78.2102 0
      vertex 17.382 78.8868 0
    endloop
  endfacet
  facet normal 0 0 -1
    outer loop
      vertex 19.6305 78.2357 0
      vertex 17.1001 79.1567 0
      vertex 52.55 88.7 0
    endloop
  endfacet
  facet normal 0 0 -1
    outer loop
      vertex 16.7365 79.2981 0
      vertex 52.55 88.7 0
      vertex 17.1001 79.1567 0
    endloop
  endfacet
  facet normal 0 0 -1
    outer loop
      vertex 0.800003 88.7 0
      vertex 16.7365 79.2981 0
      vertex 16.3464 79.2896 0
    endloop
  endfacet
  facet normal 0 0 -1
    outer loop
      vertex 14.4135 78.0968 0
      vertex 15.5865 78.0968 0
      vertex 15.7437 77.7397 0
    endloop
  endfacet
  facet normal 0 0 -1
    outer loop
      vertex 14.2563 77.7397 0
      vertex 15 76.45 0
      vertex 14.6173 76.3739 0
    endloop
  endfacet
  facet normal 0 0 -1
    outer loop
      vertex 15.5865 78.0968 0
      vertex 14.422 78.4869 0
      vertex 15.578 78.4869 0
    endloop
  endfacet
  facet normal 0 0 -1
    outer loop
      vertex 15.578 78.4869 0
      vertex 14.422 78.4869 0
      vertex 15.7194 78.8506 0
    endloop
  endfacet
  facet normal 0 0 -1
    outer loop
      vertex 14.2806 78.8506 0
      vertex 15.7194 78.8506 0
      vertex 14.422 78.4869 0
    endloop
  endfacet
  facet normal 0 0 -1
    outer loop
      vertex 15.7194 78.8506 0
      vertex 14.2806 78.8506 0
      vertex 15.9893 79.1324 0
    endloop
  endfacet
  facet normal 0 0 -1
    outer loop
      vertex 14.0107 79.1324 0
      vertex 15.9893 79.1324 0
      vertex 14.2806 78.8506 0
    endloop
  endfacet
  facet normal 0 0 -1
    outer loop
      vertex 15.9893 79.1324 0
      vertex 14.0107 79.1324 0
      vertex 16.3464 79.2896 0
    endloop
  endfacet
  facet normal 0 0 -1
    outer loop
      vertex 13.6536 79.2896 0
      vertex 16.3464 79.2896 0
      vertex 14.0107 79.1324 0
    endloop
  endfacet
  facet normal 0 0 -1
    outer loop
      vertex 0.800003 88.7 0
      vertex 16.3464 79.2896 0
      vertex 13.6536 79.2896 0
    endloop
  endfacet
  facet normal 0 0 -1
    outer loop
      vertex 0.800003 88.7 0
      vertex 13.6536 79.2896 0
      vertex 13.2635 79.2981 0
    endloop
  endfacet
  facet normal -0 0 -1
    outer loop
      vertex 12.5938 77.776 0
      vertex 11.4914 77.3748 0
      vertex 12.4524 78.1396 0
    endloop
  endfacet
  facet normal 0 0 -1
    outer loop
      vertex 11.4659 76.9854 0
      vertex 12.2588 75.6121 0
      vertex 11.8695 75.6376 0
    endloop
  endfacet
  facet normal 0 0 -1
    outer loop
      vertex 11.2934 76.6355 0
      vertex 11.8695 75.6376 0
      vertex 11.5 75.5122 0
    endloop
  endfacet
  facet normal 0 0 -1
    outer loop
      vertex 11.366 77.7442 0
      vertex 12.4524 78.1396 0
      vertex 11.4914 77.3748 0
    endloop
  endfacet
  facet normal -0 0 -1
    outer loop
      vertex 12.4524 78.1396 0
      vertex 11.366 77.7442 0
      vertex 12.4609 78.5297 0
    endloop
  endfacet
  facet normal 0 0 -1
    outer loop
      vertex 11.1088 78.0376 0
      vertex 12.4609 78.5297 0
      vertex 11.366 77.7442 0
    endloop
  endfacet
  facet normal -0 0 -1
    outer loop
      vertex 12.4609 78.5297 0
      vertex 11.1088 78.0376 0
      vertex 12.618 78.8868 0
    endloop
  endfacet
  facet normal 0 0 -1
    outer loop
      vertex 10.7588 78.2102 0
      vertex 12.618 78.8868 0
      vertex 11.1088 78.0376 0
    endloop
  endfacet
  facet normal -0 0 -1
    outer loop
      vertex 12.618 78.8868 0
      vertex 10.7588 78.2102 0
      vertex 12.8999 79.1567 0
    endloop
  endfacet
  facet normal 0 0 -1
    outer loop
      vertex 10.3695 78.2357 0
      vertex 12.8999 79.1567 0
      vertex 10.7588 78.2102 0
    endloop
  endfacet
  facet normal 0 0 -1
    outer loop
      vertex 0.800003 88.7 0
      vertex 12.8999 79.1567 0
      vertex 10.3695 78.2357 0
    endloop
  endfacet
  facet normal 0 0 -1
    outer loop
      vertex 0.800003 88.7 0
      vertex 10.3695 78.2357 0
      vertex 10 78.1103 0
    endloop
  endfacet
  facet normal -0 0 -1
    outer loop
      vertex 9.89124 76.4509 0
      vertex 8.99261 75.6968 0
      vertex 9.63398 76.7442 0
    endloop
  endfacet
  facet normal 0 0 -1
    outer loop
      vertex 8.74839 76.0011 0
      vertex 9.63398 76.7442 0
      vertex 8.99261 75.6968 0
    endloop
  endfacet
  facet normal -0 0 -1
    outer loop
      vertex 9.63398 76.7442 0
      vertex 8.74839 76.0011 0
      vertex 9.50856 77.1137 0
    endloop
  endfacet
  facet normal 0 0 -1
    outer loop
      vertex 8.40631 76.1888 0
      vertex 9.50856 77.1137 0
      vertex 8.74839 76.0011 0
    endloop
  endfacet
  facet normal -0 0 -1
    outer loop
      vertex 9.50856 77.1137 0
      vertex 8.40631 76.1888 0
      vertex 9.53407 77.503 0
    endloop
  endfacet
  facet normal 0 0 -1
    outer loop
      vertex 8.01845 76.2313 0
      vertex 9.53407 77.503 0
      vertex 8.40631 76.1888 0
    endloop
  endfacet
  facet normal -0 0 -1
    outer loop
      vertex 9.53407 77.503 0
      vertex 8.01845 76.2313 0
      vertex 9.70665 77.853 0
    endloop
  endfacet
  facet normal 0 0 -1
    outer loop
      vertex 7.64385 76.1221 0
      vertex 9.70665 77.853 0
      vertex 8.01845 76.2313 0
    endloop
  endfacet
  facet normal 0 0 -1
    outer loop
      vertex 0 87.9 0
      vertex 9.70665 77.853 0
      vertex 7.64385 76.1221 0
    endloop
  endfacet
  facet normal 0 0 -1
    outer loop
      vertex 0 87.9 0
      vertex 7.64385 76.1221 0
      vertex 7.33956 75.8779 0
    endloop
  endfacet
  facet normal -0 0 -1
    outer loop
      vertex 7.21859 74.7733 0
      vertex 6.49915 73.5272 0
      vertex 7.10941 75.1479 0
    endloop
  endfacet
  facet normal 0 0 -1
    outer loop
      vertex 6.12015 73.4345 0
      vertex 7.10941 75.1479 0
      vertex 6.49915 73.5272 0
    endloop
  endfacet
  facet normal -0 0 -1
    outer loop
      vertex 7.10941 75.1479 0
      vertex 6.12015 73.4345 0
      vertex 7.15188 75.5358 0
    endloop
  endfacet
  facet normal 0 0 -1
    outer loop
      vertex 5.80549 73.2038 0
      vertex 7.15188 75.5358 0
      vertex 6.12015 73.4345 0
    endloop
  endfacet
  facet normal 0 0 -1
    outer loop
      vertex 0 87.9 0
      vertex 7.15188 75.5358 0
      vertex 5.80549 73.2038 0
    endloop
  endfacet
  facet normal 0 0 -1
    outer loop
      vertex 0 87.9 0
      vertex 5.80549 73.2038 0
      vertex 5.60307 72.8702 0
    endloop
  endfacet
  facet normal 0 0 -1
    outer loop
      vertex 5.07612 69.8327 0
      vertex 5.54372 72.4846 0
      vertex 5.29289 70.1571 0
    endloop
  endfacet
  facet normal 0 0 -1
    outer loop
      vertex 0 87.9 0
      vertex 5.54372 72.4846 0
      vertex 5.07612 69.8327 0
    endloop
  endfacet
  facet normal 0 0 -1
    outer loop
      vertex 0 87.9 0
      vertex 5.07612 69.8327 0
      vertex 5 69.45 0
    endloop
  endfacet
  facet normal -0 0 -1
    outer loop
      vertex 5.07612 69.0673 0
      vertex 0 51 0
      vertex 5 69.45 0
    endloop
  endfacet
  facet normal 0 0 -1
    outer loop
      vertex 16.7365 79.2981 0
      vertex 0.800003 88.7 0
      vertex 52.55 88.7 0
    endloop
  endfacet
  facet normal 0 0 -1
    outer loop
      vertex 12.8999 79.1567 0
      vertex 0.800003 88.7 0
      vertex 13.2635 79.2981 0
    endloop
  endfacet
  facet normal 0 0 -1
    outer loop
      vertex 9.70665 77.853 0
      vertex 0 87.9 0
      vertex 10 78.1103 0
    endloop
  endfacet
  facet normal 0 0 -1
    outer loop
      vertex 7.15188 75.5358 0
      vertex 0 87.9 0
      vertex 7.33956 75.8779 0
    endloop
  endfacet
  facet normal 0 0 -1
    outer loop
      vertex 0 87.9 0
      vertex 5 69.45 0
      vertex 0 51 0
    endloop
  endfacet
  facet normal 0 0 -1
    outer loop
      vertex 0 51 0
      vertex 0.800003 50.2 0
      vertex 0.695587 50.2069 0
    endloop
  endfacet
  facet normal 0 0 -1
    outer loop
      vertex 5.54372 72.4846 0
      vertex 0 87.9 0
      vertex 5.60307 72.8702 0
    endloop
  endfacet
  facet normal 0 0 -1
    outer loop
      vertex 0 51 0
      vertex 0.695587 50.2069 0
      vertex 0.592941 50.2273 0
    endloop
  endfacet
  facet normal 0 0 -1
    outer loop
      vertex 10 78.1103 0
      vertex 0 87.9 0
      vertex 0.800003 88.7 0
    endloop
  endfacet
  facet normal 0 0 -1
    outer loop
      vertex 0 51 0
      vertex 0.592941 50.2273 0
      vertex 0.493851 50.2609 0
    endloop
  endfacet
  facet normal 0 0 -1
    outer loop
      vertex 0.800003 88.7 0
      vertex 0 87.9 0
      vertex 0.695587 88.6931 0
    endloop
  endfacet
  facet normal 0 0 -1
    outer loop
      vertex 0 51 0
      vertex 0.493851 50.2609 0
      vertex 0.400009 50.3072 0
    endloop
  endfacet
  facet normal 0 0 -1
    outer loop
      vertex 0.695587 88.6931 0
      vertex 0 87.9 0
      vertex 0.592941 88.6727 0
    endloop
  endfacet
  facet normal 0 0 -1
    outer loop
      vertex 0 51 0
      vertex 0.400009 50.3072 0
      vertex 0.312988 50.3653 0
    endloop
  endfacet
  facet normal 0 0 -1
    outer loop
      vertex 0.592941 88.6727 0
      vertex 0 87.9 0
      vertex 0.493851 88.6391 0
    endloop
  endfacet
  facet normal 0 0 -1
    outer loop
      vertex 0 51 0
      vertex 0.312988 50.3653 0
      vertex 0.234314 50.4343 0
    endloop
  endfacet
  facet normal 0 0 -1
    outer loop
      vertex 0.493851 88.6391 0
      vertex 0 87.9 0
      vertex 0.400009 88.5928 0
    endloop
  endfacet
  facet normal 0 0 -1
    outer loop
      vertex 0 51 0
      vertex 0.234314 50.4343 0
      vertex 0.165314 50.513 0
    endloop
  endfacet
  facet normal 0 0 -1
    outer loop
      vertex 0.400009 88.5928 0
      vertex 0 87.9 0
      vertex 0.312988 88.5347 0
    endloop
  endfacet
  facet normal 0 0 -1
    outer loop
      vertex 0 51 0
      vertex 0.165314 50.513 0
      vertex 0.107178 50.6 0
    endloop
  endfacet
  facet normal 0 0 -1
    outer loop
      vertex 0.312988 88.5347 0
      vertex 0 87.9 0
      vertex 0.234314 88.4657 0
    endloop
  endfacet
  facet normal 0 0 -1
    outer loop
      vertex 0 51 0
      vertex 0.107178 50.6 0
      vertex 0.0608978 50.6939 0
    endloop
  endfacet
  facet normal 0 0 -1
    outer loop
      vertex 0.234314 88.4657 0
      vertex 0 87.9 0
      vertex 0.165314 88.387 0
    endloop
  endfacet
  facet normal 0 0 -1
    outer loop
      vertex 0 51 0
      vertex 0.0608978 50.6939 0
      vertex 0.0272675 50.7929 0
    endloop
  endfacet
  facet normal 0 0 -1
    outer loop
      vertex 0.165314 88.387 0
      vertex 0 87.9 0
      vertex 0.107178 88.3 0
    endloop
  endfacet
  facet normal 0 0 -1
    outer loop
      vertex 0 51 0
      vertex 0.0272675 50.7929 0
      vertex 0.0068512 50.8956 0
    endloop
  endfacet
  facet normal 0 0 -1
    outer loop
      vertex 0.107178 88.3 0
      vertex 0 87.9 0
      vertex 0.0608978 88.2061 0
    endloop
  endfacet
  facet normal 0 0 -1
    outer loop
      vertex 0.0608978 88.2061 0
      vertex 0 87.9 0
      vertex 0.0272675 88.1071 0
    endloop
  endfacet
  facet normal 0 0 -1
    outer loop
      vertex 0.0272675 88.1071 0
      vertex 0 87.9 0
      vertex 0.0068512 88.0044 0
    endloop
  endfacet
  facet normal 0 0 -1
    outer loop
      vertex 24.3635 66.7944 0
      vertex 24.7071 68.7429 0
      vertex 24.4563 66.4154 0
    endloop
  endfacet
  facet normal 0 0 -1
    outer loop
      vertex 24.7071 68.7429 0
      vertex 24.3635 66.7944 0
      vertex 24.3827 68.5261 0
    endloop
  endfacet
  facet normal 0 0 -1
    outer loop
      vertex 24.1328 67.1091 0
      vertex 24.3827 68.5261 0
      vertex 24.3635 66.7944 0
    endloop
  endfacet
  facet normal 0 0 -1
    outer loop
      vertex 24.1328 67.1091 0
      vertex 24 68.45 0
      vertex 24.3827 68.5261 0
    endloop
  endfacet
  facet normal 0 0 -1
    outer loop
      vertex 23.7993 67.3115 0
      vertex 24 68.45 0
      vertex 24.1328 67.1091 0
    endloop
  endfacet
  facet normal 0 0 -1
    outer loop
      vertex 23.7993 67.3115 0
      vertex 23.6173 68.5261 0
      vertex 24 68.45 0
    endloop
  endfacet
  facet normal 0 0 -1
    outer loop
      vertex 23.4136 67.3709 0
      vertex 23.6173 68.5261 0
      vertex 23.7993 67.3115 0
    endloop
  endfacet
  facet normal 0 0 -1
    outer loop
      vertex 23.4136 67.3709 0
      vertex 23.2929 68.7429 0
      vertex 23.6173 68.5261 0
    endloop
  endfacet
  facet normal 0 0 -1
    outer loop
      vertex 23.0346 67.2781 0
      vertex 23.2929 68.7429 0
      vertex 23.4136 67.3709 0
    endloop
  endfacet
  facet normal 0 0 -1
    outer loop
      vertex 22 69.45 0
      vertex 23.2929 68.7429 0
      vertex 23.0346 67.2781 0
    endloop
  endfacet
  facet normal 0 0 -1
    outer loop
      vertex 22 69.45 0
      vertex 23.0346 67.2781 0
      vertex 22.72 67.0474 0
    endloop
  endfacet
  facet normal 0 0 -1
    outer loop
      vertex 23.2929 68.7429 0
      vertex 22 69.45 0
      vertex 23.0761 69.0673 0
    endloop
  endfacet
  facet normal -0.83145 0.5556 0
    outer loop
      vertex 0.107178 88.3 0
      vertex 0.165314 88.387 3.2
      vertex 0.165314 88.387 0
    endloop
  endfacet
  facet normal -0.83145 0.5556 0
    outer loop
      vertex 0.165314 88.387 3.2
      vertex 0.107178 88.3 0
      vertex 0.107178 88.3 3.2
    endloop
  endfacet
  facet normal 0.980837 -0.19483 0
    outer loop
      vertex 53.3227 50.7929 3.2
      vertex 53.3431 50.8956 0
      vertex 53.3431 50.8956 3.2
    endloop
  endfacet
  facet normal 0.980837 -0.19483 0
    outer loop
      vertex 53.3431 50.8956 0
      vertex 53.3227 50.7929 3.2
      vertex 53.3227 50.7929 0
    endloop
  endfacet
  facet normal -0.065938 0.997824 0
    outer loop
      vertex 0.800003 88.7 0
      vertex 0.695587 88.6931 3.2
      vertex 0.800003 88.7 3.2
    endloop
  endfacet
  facet normal -0.065938 0.997824 0
    outer loop
      vertex 0.695587 88.6931 3.2
      vertex 0.800003 88.7 0
      vertex 0.695587 88.6931 0
    endloop
  endfacet
  facet normal 0 -1 0
    outer loop
      vertex 0.800003 50.2 0
      vertex 52.55 50.2 3.2
      vertex 0.800003 50.2 3.2
    endloop
  endfacet
  facet normal 0 -1 -0
    outer loop
      vertex 52.55 50.2 3.2
      vertex 0.800003 50.2 0
      vertex 52.55 50.2 0
    endloop
  endfacet
  facet normal 0.659248 0.751925 -0
    outer loop
      vertex 53.1157 88.4657 0
      vertex 53.037 88.5347 3.2
      vertex 53.1157 88.4657 3.2
    endloop
  endfacet
  facet normal 0.659248 0.751925 0
    outer loop
      vertex 53.037 88.5347 3.2
      vertex 53.1157 88.4657 0
      vertex 53.037 88.5347 0
    endloop
  endfacet
  facet normal 0.659248 -0.751925 0
    outer loop
      vertex 53.037 50.3653 0
      vertex 53.1157 50.4343 3.2
      vertex 53.037 50.3653 3.2
    endloop
  endfacet
  facet normal 0.659248 -0.751925 0
    outer loop
      vertex 53.1157 50.4343 3.2
      vertex 53.037 50.3653 0
      vertex 53.1157 50.4343 0
    endloop
  endfacet
  facet normal -0.83145 -0.5556 0
    outer loop
      vertex 0.165314 50.513 0
      vertex 0.107178 50.6 3.2
      vertex 0.107178 50.6 0
    endloop
  endfacet
  facet normal -0.83145 -0.5556 0
    outer loop
      vertex 0.107178 50.6 3.2
      vertex 0.165314 50.513 0
      vertex 0.165314 50.513 3.2
    endloop
  endfacet
  facet normal 0.997823 -0.0659481 0
    outer loop
      vertex 53.3431 50.8956 3.2
      vertex 53.35 51 0
      vertex 53.35 51 3.2
    endloop
  endfacet
  facet normal 0.997823 -0.0659481 0
    outer loop
      vertex 53.35 51 0
      vertex 53.3431 50.8956 3.2
      vertex 53.3431 50.8956 0
    endloop
  endfacet
  facet normal 0.0659481 -0.997823 0
    outer loop
      vertex 52.55 50.2 0
      vertex 52.6544 50.2069 3.2
      vertex 52.55 50.2 3.2
    endloop
  endfacet
  facet normal 0.0659481 -0.997823 0
    outer loop
      vertex 52.6544 50.2069 3.2
      vertex 52.55 50.2 0
      vertex 52.6544 50.2069 0
    endloop
  endfacet
  facet normal 0.896897 -0.44224 0
    outer loop
      vertex 53.2428 50.6 3.2
      vertex 53.2891 50.6939 0
      vertex 53.2891 50.6939 3.2
    endloop
  endfacet
  facet normal 0.896897 -0.44224 0
    outer loop
      vertex 53.2891 50.6939 0
      vertex 53.2428 50.6 3.2
      vertex 53.2428 50.6 0
    endloop
  endfacet
  facet normal 1 -0 0
    outer loop
      vertex 53.35 51 3.2
      vertex 53.35 87.9 0
      vertex 53.35 87.9 3.2
    endloop
  endfacet
  facet normal 1 0 0
    outer loop
      vertex 53.35 87.9 0
      vertex 53.35 51 3.2
      vertex 53.35 51 0
    endloop
  endfacet
  facet normal 0 1 -0
    outer loop
      vertex 52.55 88.7 0
      vertex 0.800003 88.7 3.2
      vertex 52.55 88.7 3.2
    endloop
  endfacet
  facet normal 0 1 0
    outer loop
      vertex 0.800003 88.7 3.2
      vertex 52.55 88.7 0
      vertex 0.800003 88.7 0
    endloop
  endfacet
  facet normal -1 0 0
    outer loop
      vertex 0 51 0
      vertex 0 87.9 3.2
      vertex 0 87.9 0
    endloop
  endfacet
  facet normal -1 -0 0
    outer loop
      vertex 0 87.9 3.2
      vertex 0 51 0
      vertex 0 51 3.2
    endloop
  endfacet
  facet normal -0.896972 -0.442088 0
    outer loop
      vertex 0.107178 50.6 0
      vertex 0.0608978 50.6939 3.2
      vertex 0.0608978 50.6939 0
    endloop
  endfacet
  facet normal -0.896972 -0.442088 0
    outer loop
      vertex 0.0608978 50.6939 3.2
      vertex 0.107178 50.6 0
      vertex 0.107178 50.6 3.2
    endloop
  endfacet
  facet normal 0.44224 -0.896897 0
    outer loop
      vertex 52.8561 50.2609 0
      vertex 52.95 50.3072 3.2
      vertex 52.8561 50.2609 3.2
    endloop
  endfacet
  facet normal 0.44224 -0.896897 0
    outer loop
      vertex 52.95 50.3072 3.2
      vertex 52.8561 50.2609 0
      vertex 52.95 50.3072 0
    endloop
  endfacet
  facet normal -0.896972 0.442088 0
    outer loop
      vertex 0.0608978 88.2061 0
      vertex 0.107178 88.3 3.2
      vertex 0.107178 88.3 0
    endloop
  endfacet
  facet normal -0.896972 0.442088 0
    outer loop
      vertex 0.107178 88.3 3.2
      vertex 0.0608978 88.2061 0
      vertex 0.0608978 88.2061 3.2
    endloop
  endfacet
  facet normal 0.751925 -0.659248 0
    outer loop
      vertex 53.1157 50.4343 3.2
      vertex 53.1847 50.513 0
      vertex 53.1847 50.513 3.2
    endloop
  endfacet
  facet normal 0.751925 -0.659248 0
    outer loop
      vertex 53.1847 50.513 0
      vertex 53.1157 50.4343 3.2
      vertex 53.1157 50.4343 0
    endloop
  endfacet
  facet normal -0.751925 -0.659248 0
    outer loop
      vertex 0.234314 50.4343 0
      vertex 0.165314 50.513 3.2
      vertex 0.165314 50.513 0
    endloop
  endfacet
  facet normal -0.751925 -0.659248 0
    outer loop
      vertex 0.165314 50.513 3.2
      vertex 0.234314 50.4343 0
      vertex 0.234314 50.4343 3.2
    endloop
  endfacet
  facet normal -0.997854 -0.0654837 0
    outer loop
      vertex 0.0068512 50.8956 0
      vertex 0 51 3.2
      vertex 0 51 0
    endloop
  endfacet
  facet normal -0.997854 -0.0654837 0
    outer loop
      vertex 0 51 3.2
      vertex 0.0068512 50.8956 0
      vertex 0.0068512 50.8956 3.2
    endloop
  endfacet
  facet normal -0.997854 0.0654837 0
    outer loop
      vertex 0 87.9 0
      vertex 0.0068512 88.0044 3.2
      vertex 0.0068512 88.0044 0
    endloop
  endfacet
  facet normal -0.997854 0.0654837 0
    outer loop
      vertex 0.0068512 88.0044 3.2
      vertex 0 87.9 0
      vertex 0 87.9 3.2
    endloop
  endfacet
  facet normal -0.321126 -0.947036 0
    outer loop
      vertex 0.493851 50.2609 0
      vertex 0.592941 50.2273 3.2
      vertex 0.493851 50.2609 3.2
    endloop
  endfacet
  facet normal -0.321126 -0.947036 -0
    outer loop
      vertex 0.592941 50.2273 3.2
      vertex 0.493851 50.2609 0
      vertex 0.592941 50.2273 0
    endloop
  endfacet
  facet normal 0 0 1
    outer loop
      vertex 8 69.45 3.2
      vertex 6.96539 67.2781 3.2
      vertex 7.28004 67.0474 3.2
    endloop
  endfacet
  facet normal 0 0 1
    outer loop
      vertex 6.70711 68.7429 3.2
      vertex 8 69.45 3.2
      vertex 6.92388 69.0673 3.2
    endloop
  endfacet
  facet normal 0 0 1
    outer loop
      vertex 8 69.45 3.2
      vertex 6.70711 68.7429 3.2
      vertex 6.96539 67.2781 3.2
    endloop
  endfacet
  facet normal 0 0 1
    outer loop
      vertex 6.70711 68.7429 3.2
      vertex 6.58639 67.3709 3.2
      vertex 6.96539 67.2781 3.2
    endloop
  endfacet
  facet normal -0 0 1
    outer loop
      vertex 6.38268 68.5261 3.2
      vertex 6.58639 67.3709 3.2
      vertex 6.70711 68.7429 3.2
    endloop
  endfacet
  facet normal 0 0 1
    outer loop
      vertex 6.38268 68.5261 3.2
      vertex 6.20075 67.3115 3.2
      vertex 6.58639 67.3709 3.2
    endloop
  endfacet
  facet normal -0 0 1
    outer loop
      vertex 6 68.45 3.2
      vertex 6.20075 67.3115 3.2
      vertex 6.38268 68.5261 3.2
    endloop
  endfacet
  facet normal 0 0 1
    outer loop
      vertex 6 68.45 3.2
      vertex 5.86718 67.1091 3.2
      vertex 6.20075 67.3115 3.2
    endloop
  endfacet
  facet normal 0 0 1
    outer loop
      vertex 5.61732 68.5261 3.2
      vertex 5.86718 67.1091 3.2
      vertex 6 68.45 3.2
    endloop
  endfacet
  facet normal 0 0 1
    outer loop
      vertex 5.86718 67.1091 3.2
      vertex 5.61732 68.5261 3.2
      vertex 5.63646 66.7944 3.2
    endloop
  endfacet
  facet normal 0 0 1
    outer loop
      vertex 5.29289 68.7429 3.2
      vertex 5.63646 66.7944 3.2
      vertex 5.61732 68.5261 3.2
    endloop
  endfacet
  facet normal 0 0 1
    outer loop
      vertex 5.63646 66.7944 3.2
      vertex 5.29289 68.7429 3.2
      vertex 5.54372 66.4154 3.2
    endloop
  endfacet
  facet normal 0 0 1
    outer loop
      vertex 6.70711 70.1571 3.2
      vertex 8.29289 70.1571 3.2
      vertex 6.96539 71.6219 3.2
    endloop
  endfacet
  facet normal 0 0 1
    outer loop
      vertex 8 69.45 3.2
      vertex 7.48246 66.7138 3.2
      vertex 7.54181 66.3282 3.2
    endloop
  endfacet
  facet normal 0 0 1
    outer loop
      vertex 8.29289 70.1571 3.2
      vertex 6.70711 70.1571 3.2
      vertex 8.07612 69.8327 3.2
    endloop
  endfacet
  facet normal 0 0 1
    outer loop
      vertex 6.92388 69.0673 3.2
      vertex 8 69.45 3.2
      vertex 7 69.45 3.2
    endloop
  endfacet
  facet normal 0 0 1
    outer loop
      vertex 8 69.45 3.2
      vertex 7.28004 67.0474 3.2
      vertex 7.48246 66.7138 3.2
    endloop
  endfacet
  facet normal 0 -0 1
    outer loop
      vertex 6.92388 69.8327 3.2
      vertex 8.07612 69.8327 3.2
      vertex 6.70711 70.1571 3.2
    endloop
  endfacet
  facet normal 0 0 1
    outer loop
      vertex 8 69.45 3.2
      vertex 6.92388 69.8327 3.2
      vertex 7 69.45 3.2
    endloop
  endfacet
  facet normal 0 0 1
    outer loop
      vertex 8.07612 69.8327 3.2
      vertex 6.92388 69.8327 3.2
      vertex 8 69.45 3.2
    endloop
  endfacet
  facet normal -0 0 1
    outer loop
      vertex 6.58639 71.5291 3.2
      vertex 6.70711 70.1571 3.2
      vertex 6.96539 71.6219 3.2
    endloop
  endfacet
  facet normal 0 0 1
    outer loop
      vertex 6.58639 71.5291 3.2
      vertex 6.38268 70.3739 3.2
      vertex 6.70711 70.1571 3.2
    endloop
  endfacet
  facet normal 0 0 1
    outer loop
      vertex 6.20075 71.5885 3.2
      vertex 6.38268 70.3739 3.2
      vertex 6.58639 71.5291 3.2
    endloop
  endfacet
  facet normal 0 0 1
    outer loop
      vertex 6.20075 71.5885 3.2
      vertex 6 70.45 3.2
      vertex 6.38268 70.3739 3.2
    endloop
  endfacet
  facet normal 0 0 1
    outer loop
      vertex 5.86718 71.7909 3.2
      vertex 6 70.45 3.2
      vertex 6.20075 71.5885 3.2
    endloop
  endfacet
  facet normal 0 0 1
    outer loop
      vertex 5.61732 70.3739 3.2
      vertex 5.86718 71.7909 3.2
      vertex 5.63646 72.1056 3.2
    endloop
  endfacet
  facet normal 0 0 1
    outer loop
      vertex 5.86718 71.7909 3.2
      vertex 5.61732 70.3739 3.2
      vertex 6 70.45 3.2
    endloop
  endfacet
  facet normal 0 0 1
    outer loop
      vertex 5.29289 70.1571 3.2
      vertex 5.63646 72.1056 3.2
      vertex 5.54372 72.4846 3.2
    endloop
  endfacet
  facet normal 0 0 1
    outer loop
      vertex 5.63646 72.1056 3.2
      vertex 5.29289 70.1571 3.2
      vertex 5.61732 70.3739 3.2
    endloop
  endfacet
  facet normal 0 0 1
    outer loop
      vertex 8.93782 65.95 3.2
      vertex 7.44907 65.9492 3.2
      vertex 8.19276 64.6611 3.2
    endloop
  endfacet
  facet normal 0 0 1
    outer loop
      vertex 8.19276 64.6611 3.2
      vertex 7.44907 65.9492 3.2
      vertex 7.80489 64.6186 3.2
    endloop
  endfacet
  facet normal -0 0 1
    outer loop
      vertex 7.21836 65.6345 3.2
      vertex 7.80489 64.6186 3.2
      vertex 7.44907 65.9492 3.2
    endloop
  endfacet
  facet normal 0 0 1
    outer loop
      vertex 7.80489 64.6186 3.2
      vertex 7.21836 65.6345 3.2
      vertex 7.46281 64.431 3.2
    endloop
  endfacet
  facet normal -0 0 1
    outer loop
      vertex 6.88479 65.4321 3.2
      vertex 7.46281 64.431 3.2
      vertex 7.21836 65.6345 3.2
    endloop
  endfacet
  facet normal 0 0 1
    outer loop
      vertex 7.46281 64.431 3.2
      vertex 6.88479 65.4321 3.2
      vertex 7.21859 64.1267 3.2
    endloop
  endfacet
  facet normal -0 0 1
    outer loop
      vertex 6.49915 65.3728 3.2
      vertex 7.21859 64.1267 3.2
      vertex 6.88479 65.4321 3.2
    endloop
  endfacet
  facet normal 0 0 1
    outer loop
      vertex 11.0086 64.3844 3.2
      vertex 9.05932 63.9656 3.2
      vertex 9.1018 63.5778 3.2
    endloop
  endfacet
  facet normal 0 0 1
    outer loop
      vertex 8.19276 64.6611 3.2
      vertex 9.19509 65.6566 3.2
      vertex 8.93782 65.95 3.2
    endloop
  endfacet
  facet normal 0 0 1
    outer loop
      vertex 9.54503 65.4841 3.2
      vertex 8.87164 64.3077 3.2
      vertex 9.05932 63.9656 3.2
    endloop
  endfacet
  facet normal 0 0 1
    outer loop
      vertex 7.44907 65.9492 3.2
      vertex 8.8124 66.3195 3.2
      vertex 7.54181 66.3282 3.2
    endloop
  endfacet
  facet normal 0 0 1
    outer loop
      vertex 9.0105 67.0588 3.2
      vertex 7.54181 66.3282 3.2
      vertex 8.83792 66.7088 3.2
    endloop
  endfacet
  facet normal 0 0 1
    outer loop
      vertex 9.54503 65.4841 3.2
      vertex 8.56735 64.5519 3.2
      vertex 8.87164 64.3077 3.2
    endloop
  endfacet
  facet normal -0 0 1
    outer loop
      vertex 7.54181 66.3282 3.2
      vertex 8.8124 66.3195 3.2
      vertex 8.83792 66.7088 3.2
    endloop
  endfacet
  facet normal 0 0 1
    outer loop
      vertex 9.19509 65.6566 3.2
      vertex 8.19276 64.6611 3.2
      vertex 8.56735 64.5519 3.2
    endloop
  endfacet
  facet normal 0 0 1
    outer loop
      vertex 7.54181 66.3282 3.2
      vertex 8.29289 68.7429 3.2
      vertex 8.07612 69.0673 3.2
    endloop
  endfacet
  facet normal 0 0 1
    outer loop
      vertex 7.54181 66.3282 3.2
      vertex 8.07612 69.0673 3.2
      vertex 8 69.45 3.2
    endloop
  endfacet
  facet normal 0 0 1
    outer loop
      vertex 8.61732 70.3739 3.2
      vertex 7.28004 71.8526 3.2
      vertex 8.29289 70.1571 3.2
    endloop
  endfacet
  facet normal -0 0 1
    outer loop
      vertex 6.96539 71.6219 3.2
      vertex 8.29289 70.1571 3.2
      vertex 7.28004 71.8526 3.2
    endloop
  endfacet
  facet normal 0 0 1
    outer loop
      vertex 8.8124 66.3195 3.2
      vertex 7.44907 65.9492 3.2
      vertex 8.93782 65.95 3.2
    endloop
  endfacet
  facet normal 0 0 1
    outer loop
      vertex 7.21836 73.2655 3.2
      vertex 7.80489 74.2814 3.2
      vertex 7.46281 74.469 3.2
    endloop
  endfacet
  facet normal 0 0 1
    outer loop
      vertex 7.80489 74.2814 3.2
      vertex 7.44907 72.9508 3.2
      vertex 7.54181 72.5718 3.2
    endloop
  endfacet
  facet normal 0 0 1
    outer loop
      vertex 6.88479 73.4679 3.2
      vertex 7.46281 74.469 3.2
      vertex 7.21859 74.7733 3.2
    endloop
  endfacet
  facet normal 0 0 1
    outer loop
      vertex 7.80489 74.2814 3.2
      vertex 7.21836 73.2655 3.2
      vertex 7.44907 72.9508 3.2
    endloop
  endfacet
  facet normal 0 0 1
    outer loop
      vertex 6.49915 73.5272 3.2
      vertex 7.21859 74.7733 3.2
      vertex 7.10941 75.1479 3.2
    endloop
  endfacet
  facet normal 0 0 1
    outer loop
      vertex 7.46281 74.469 3.2
      vertex 6.88479 73.4679 3.2
      vertex 7.21836 73.2655 3.2
    endloop
  endfacet
  facet normal 0 0 1
    outer loop
      vertex 9.93437 73.4414 3.2
      vertex 8.87164 74.5923 3.2
      vertex 9.54503 73.4159 3.2
    endloop
  endfacet
  facet normal -0 0 1
    outer loop
      vertex 8.56735 74.3481 3.2
      vertex 9.54503 73.4159 3.2
      vertex 8.87164 74.5923 3.2
    endloop
  endfacet
  facet normal 0 0 1
    outer loop
      vertex 9.54503 73.4159 3.2
      vertex 8.56735 74.3481 3.2
      vertex 9.19509 73.2434 3.2
    endloop
  endfacet
  facet normal -0 0 1
    outer loop
      vertex 8.19276 74.2389 3.2
      vertex 9.19509 73.2434 3.2
      vertex 8.56735 74.3481 3.2
    endloop
  endfacet
  facet normal 0 0 1
    outer loop
      vertex 9.19509 73.2434 3.2
      vertex 8.19276 74.2389 3.2
      vertex 8.93782 72.95 3.2
    endloop
  endfacet
  facet normal 0 0 1
    outer loop
      vertex 7.54181 72.5718 3.2
      vertex 8.19276 74.2389 3.2
      vertex 7.80489 74.2814 3.2
    endloop
  endfacet
  facet normal 0 0 1
    outer loop
      vertex 8.19276 74.2389 3.2
      vertex 7.54181 72.5718 3.2
      vertex 8.93782 72.95 3.2
    endloop
  endfacet
  facet normal 0 0 1
    outer loop
      vertex 8.93782 72.95 3.2
      vertex 7.54181 72.5718 3.2
      vertex 8.8124 72.5805 3.2
    endloop
  endfacet
  facet normal 0 0 1
    outer loop
      vertex 8.83792 72.1912 3.2
      vertex 7.48246 72.1862 3.2
      vertex 9.0105 71.8412 3.2
    endloop
  endfacet
  facet normal -0 0 1
    outer loop
      vertex 7.28004 71.8526 3.2
      vertex 9.0105 71.8412 3.2
      vertex 7.48246 72.1862 3.2
    endloop
  endfacet
  facet normal 0 0 1
    outer loop
      vertex 9.0105 71.8412 3.2
      vertex 7.28004 71.8526 3.2
      vertex 8.61732 70.3739 3.2
    endloop
  endfacet
  facet normal 0 0 1
    outer loop
      vertex 9.70711 70.1571 3.2
      vertex 11.2929 70.1571 3.2
      vertex 10.0627 71.4841 3.2
    endloop
  endfacet
  facet normal 0 0 1
    outer loop
      vertex 11 69.45 3.2
      vertex 10.6699 66.95 3.2
      vertex 10.7953 66.5805 3.2
    endloop
  endfacet
  facet normal 0 0 1
    outer loop
      vertex 11.0761 69.8327 3.2
      vertex 9.92388 69.8327 3.2
      vertex 11 69.45 3.2
    endloop
  endfacet
  facet normal 0 0 1
    outer loop
      vertex 9.92388 69.0673 3.2
      vertex 11 69.45 3.2
      vertex 10 69.45 3.2
    endloop
  endfacet
  facet normal 0 0 1
    outer loop
      vertex 11.2929 70.1571 3.2
      vertex 9.70711 70.1571 3.2
      vertex 11.0761 69.8327 3.2
    endloop
  endfacet
  facet normal 0 0 1
    outer loop
      vertex 11 69.45 3.2
      vertex 10.4126 67.2434 3.2
      vertex 10.6699 66.95 3.2
    endloop
  endfacet
  facet normal 0 0 1
    outer loop
      vertex 11 69.45 3.2
      vertex 9.92388 69.0673 3.2
      vertex 10.4126 67.2434 3.2
    endloop
  endfacet
  facet normal 0 0 1
    outer loop
      vertex 11 69.45 3.2
      vertex 9.92388 69.8327 3.2
      vertex 10 69.45 3.2
    endloop
  endfacet
  facet normal 0 0 1
    outer loop
      vertex 11.0761 69.8327 3.2
      vertex 9.70711 70.1571 3.2
      vertex 9.92388 69.8327 3.2
    endloop
  endfacet
  facet normal -0 0 1
    outer loop
      vertex 9.67332 71.4586 3.2
      vertex 9.70711 70.1571 3.2
      vertex 10.0627 71.4841 3.2
    endloop
  endfacet
  facet normal 0 0 1
    outer loop
      vertex 9.67332 71.4586 3.2
      vertex 9.38268 70.3739 3.2
      vertex 9.70711 70.1571 3.2
    endloop
  endfacet
  facet normal 0 0 1
    outer loop
      vertex 9.30385 71.584 3.2
      vertex 9.38268 70.3739 3.2
      vertex 9.67332 71.4586 3.2
    endloop
  endfacet
  facet normal 0 0 1
    outer loop
      vertex 9 70.45 3.2
      vertex 9.30385 71.584 3.2
      vertex 9.0105 71.8412 3.2
    endloop
  endfacet
  facet normal 0 0 1
    outer loop
      vertex 9.30385 71.584 3.2
      vertex 9 70.45 3.2
      vertex 9.38268 70.3739 3.2
    endloop
  endfacet
  facet normal 0 0 1
    outer loop
      vertex 7.48246 72.1862 3.2
      vertex 8.83792 72.1912 3.2
      vertex 7.54181 72.5718 3.2
    endloop
  endfacet
  facet normal 0 0 1
    outer loop
      vertex 9.0105 71.8412 3.2
      vertex 8.61732 70.3739 3.2
      vertex 9 70.45 3.2
    endloop
  endfacet
  facet normal -0 0 1
    outer loop
      vertex 7.54181 72.5718 3.2
      vertex 8.83792 72.1912 3.2
      vertex 8.8124 72.5805 3.2
    endloop
  endfacet
  facet normal 0 0 1
    outer loop
      vertex 11.3912 65.0472 3.2
      vertex 10.5972 65.8412 3.2
      vertex 11.134 64.7538 3.2
    endloop
  endfacet
  facet normal -0 0 1
    outer loop
      vertex 10.3038 65.584 3.2
      vertex 11.134 64.7538 3.2
      vertex 10.5972 65.8412 3.2
    endloop
  endfacet
  facet normal 0 0 1
    outer loop
      vertex 11.134 64.7538 3.2
      vertex 10.3038 65.584 3.2
      vertex 11.0086 64.3844 3.2
    endloop
  endfacet
  facet normal -0 0 1
    outer loop
      vertex 9.93437 65.4586 3.2
      vertex 11.0086 64.3844 3.2
      vertex 10.3038 65.584 3.2
    endloop
  endfacet
  facet normal 0 0 1
    outer loop
      vertex 11.0086 64.3844 3.2
      vertex 10.6305 62.6472 3.2
      vertex 11 62.5218 3.2
    endloop
  endfacet
  facet normal 0 0 1
    outer loop
      vertex 9.05932 63.9656 3.2
      vertex 11.0086 64.3844 3.2
      vertex 9.93437 65.4586 3.2
    endloop
  endfacet
  facet normal 0 -0 1
    outer loop
      vertex 10.2412 62.6217 3.2
      vertex 11.0086 64.3844 3.2
      vertex 9.1018 63.5778 3.2
    endloop
  endfacet
  facet normal 0 0 1
    outer loop
      vertex 11.0086 64.3844 3.2
      vertex 10.2412 62.6217 3.2
      vertex 10.6305 62.6472 3.2
    endloop
  endfacet
  facet normal 0 0 1
    outer loop
      vertex 10.2412 62.6217 3.2
      vertex 9.1018 63.5778 3.2
      vertex 9.89124 62.4491 3.2
    endloop
  endfacet
  facet normal 0 0 1
    outer loop
      vertex 9.05932 63.9656 3.2
      vertex 9.93437 65.4586 3.2
      vertex 9.54503 65.4841 3.2
    endloop
  endfacet
  facet normal -0 0 1
    outer loop
      vertex 8.99261 63.2032 3.2
      vertex 9.89124 62.4491 3.2
      vertex 9.1018 63.5778 3.2
    endloop
  endfacet
  facet normal 0 0 1
    outer loop
      vertex 8.56735 64.5519 3.2
      vertex 9.54503 65.4841 3.2
      vertex 9.19509 65.6566 3.2
    endloop
  endfacet
  facet normal 0 0 1
    outer loop
      vertex 10.4126 67.2434 3.2
      vertex 9.92388 69.0673 3.2
      vertex 10.0627 67.4159 3.2
    endloop
  endfacet
  facet normal -0 0 1
    outer loop
      vertex 9.70711 68.7429 3.2
      vertex 10.0627 67.4159 3.2
      vertex 9.92388 69.0673 3.2
    endloop
  endfacet
  facet normal 0 0 1
    outer loop
      vertex 9.70711 68.7429 3.2
      vertex 9.67332 67.4414 3.2
      vertex 10.0627 67.4159 3.2
    endloop
  endfacet
  facet normal -0 0 1
    outer loop
      vertex 9.38268 68.5261 3.2
      vertex 9.67332 67.4414 3.2
      vertex 9.70711 68.7429 3.2
    endloop
  endfacet
  facet normal 0 0 1
    outer loop
      vertex 9.38268 68.5261 3.2
      vertex 9.30385 67.316 3.2
      vertex 9.67332 67.4414 3.2
    endloop
  endfacet
  facet normal -0 0 1
    outer loop
      vertex 9 68.45 3.2
      vertex 9.30385 67.316 3.2
      vertex 9.38268 68.5261 3.2
    endloop
  endfacet
  facet normal 0 0 1
    outer loop
      vertex 9.30385 67.316 3.2
      vertex 9 68.45 3.2
      vertex 9.0105 67.0588 3.2
    endloop
  endfacet
  facet normal 0 0 1
    outer loop
      vertex 8.61732 68.5261 3.2
      vertex 9.0105 67.0588 3.2
      vertex 9 68.45 3.2
    endloop
  endfacet
  facet normal 0 0 1
    outer loop
      vertex 7.54181 66.3282 3.2
      vertex 8.61732 68.5261 3.2
      vertex 8.29289 68.7429 3.2
    endloop
  endfacet
  facet normal 0 0 1
    outer loop
      vertex 7.54181 66.3282 3.2
      vertex 9.0105 67.0588 3.2
      vertex 8.61732 68.5261 3.2
    endloop
  endfacet
  facet normal 0 0 1
    outer loop
      vertex 12.8636 61.4059 3.2
      vertex 11.4659 61.9146 3.2
      vertex 11.4914 61.5252 3.2
    endloop
  endfacet
  facet normal 0 0 1
    outer loop
      vertex 11.8695 63.2624 3.2
      vertex 11.2934 62.2645 3.2
      vertex 11.4659 61.9146 3.2
    endloop
  endfacet
  facet normal 0 0 1
    outer loop
      vertex 11 62.5218 3.2
      vertex 11.5 63.3878 3.2
      vertex 11.2066 63.6451 3.2
    endloop
  endfacet
  facet normal 0 0 1
    outer loop
      vertex 11 62.5218 3.2
      vertex 11.2066 63.6451 3.2
      vertex 11.0341 63.995 3.2
    endloop
  endfacet
  facet normal 0 0 1
    outer loop
      vertex 11.5 63.3878 3.2
      vertex 11 62.5218 3.2
      vertex 11.2934 62.2645 3.2
    endloop
  endfacet
  facet normal 0 0 1
    outer loop
      vertex 11.0086 64.3844 3.2
      vertex 11 62.5218 3.2
      vertex 11.0341 63.995 3.2
    endloop
  endfacet
  facet normal -0 0 1
    outer loop
      vertex 10.0627 71.4841 3.2
      vertex 11.2929 70.1571 3.2
      vertex 10.4126 71.6566 3.2
    endloop
  endfacet
  facet normal -0 0 1
    outer loop
      vertex 11.2934 76.6355 3.2
      vertex 11.8695 75.6376 3.2
      vertex 11.4659 76.9854 3.2
    endloop
  endfacet
  facet normal 0 0 1
    outer loop
      vertex 11.8695 75.6376 3.2
      vertex 11.2934 76.6355 3.2
      vertex 11.5 75.5122 3.2
    endloop
  endfacet
  facet normal -0 0 1
    outer loop
      vertex 11 76.3782 3.2
      vertex 11.5 75.5122 3.2
      vertex 11.2934 76.6355 3.2
    endloop
  endfacet
  facet normal 0 0 1
    outer loop
      vertex 11.5 75.5122 3.2
      vertex 11 76.3782 3.2
      vertex 11.2066 75.2549 3.2
    endloop
  endfacet
  facet normal 0 0 1
    outer loop
      vertex 11.2066 75.2549 3.2
      vertex 10.6305 76.2528 3.2
      vertex 11.0341 74.905 3.2
    endloop
  endfacet
  facet normal -0 0 1
    outer loop
      vertex 10.6305 76.2528 3.2
      vertex 11.2066 75.2549 3.2
      vertex 11 76.3782 3.2
    endloop
  endfacet
  facet normal 0 0 1
    outer loop
      vertex 14.2929 64.1571 3.2
      vertex 12.9659 64.5127 3.2
      vertex 12.9914 64.1233 3.2
    endloop
  endfacet
  facet normal 0 0 1
    outer loop
      vertex 13.3695 65.8605 3.2
      vertex 12.7934 64.8626 3.2
      vertex 12.9659 64.5127 3.2
    endloop
  endfacet
  facet normal 0 0 1
    outer loop
      vertex 12.5 65.1199 3.2
      vertex 13 65.9859 3.2
      vertex 12.7066 66.2432 3.2
    endloop
  endfacet
  facet normal 0 0 1
    outer loop
      vertex 12.1305 65.2453 3.2
      vertex 12.7066 66.2432 3.2
      vertex 12.5341 66.5931 3.2
    endloop
  endfacet
  facet normal 0 0 1
    outer loop
      vertex 13 65.9859 3.2
      vertex 12.5 65.1199 3.2
      vertex 12.7934 64.8626 3.2
    endloop
  endfacet
  facet normal 0 0 1
    outer loop
      vertex 10.7953 66.5805 3.2
      vertex 12.5341 66.5931 3.2
      vertex 12.5086 66.9825 3.2
    endloop
  endfacet
  facet normal 0 0 1
    outer loop
      vertex 13.6305 67.8434 3.2
      vertex 12.9239 69.0673 3.2
      vertex 13.2412 67.8178 3.2
    endloop
  endfacet
  facet normal -0 0 1
    outer loop
      vertex 12.7071 68.7429 3.2
      vertex 13.2412 67.8178 3.2
      vertex 12.9239 69.0673 3.2
    endloop
  endfacet
  facet normal 0 0 1
    outer loop
      vertex 13.2412 67.8178 3.2
      vertex 12.7071 68.7429 3.2
      vertex 12.8912 67.6453 3.2
    endloop
  endfacet
  facet normal -0 0 1
    outer loop
      vertex 12.3827 68.5261 3.2
      vertex 12.8912 67.6453 3.2
      vertex 12.7071 68.7429 3.2
    endloop
  endfacet
  facet normal 0 0 1
    outer loop
      vertex 12.8912 67.6453 3.2
      vertex 12.3827 68.5261 3.2
      vertex 12.634 67.3519 3.2
    endloop
  endfacet
  facet normal -0 0 1
    outer loop
      vertex 12 68.45 3.2
      vertex 12.634 67.3519 3.2
      vertex 12.3827 68.5261 3.2
    endloop
  endfacet
  facet normal 0 0 1
    outer loop
      vertex 12.634 67.3519 3.2
      vertex 12 68.45 3.2
      vertex 12.5086 66.9825 3.2
    endloop
  endfacet
  facet normal 0 0 1
    outer loop
      vertex 12.7066 66.2432 3.2
      vertex 12.1305 65.2453 3.2
      vertex 12.5 65.1199 3.2
    endloop
  endfacet
  facet normal 0 0 1
    outer loop
      vertex 11.6173 68.5261 3.2
      vertex 12.5086 66.9825 3.2
      vertex 12 68.45 3.2
    endloop
  endfacet
  facet normal 0 0 1
    outer loop
      vertex 12.5341 66.5931 3.2
      vertex 11.7412 65.2198 3.2
      vertex 12.1305 65.2453 3.2
    endloop
  endfacet
  facet normal 0 0 1
    outer loop
      vertex 10.7953 66.5805 3.2
      vertex 12.5086 66.9825 3.2
      vertex 11.6173 68.5261 3.2
    endloop
  endfacet
  facet normal 0 0 1
    outer loop
      vertex 10.7698 66.1912 3.2
      vertex 12.5341 66.5931 3.2
      vertex 10.7953 66.5805 3.2
    endloop
  endfacet
  facet normal 0 0 1
    outer loop
      vertex 10.7953 66.5805 3.2
      vertex 11.6173 68.5261 3.2
      vertex 11.2929 68.7429 3.2
    endloop
  endfacet
  facet normal 0 0 1
    outer loop
      vertex 12.5341 66.5931 3.2
      vertex 10.7698 66.1912 3.2
      vertex 11.7412 65.2198 3.2
    endloop
  endfacet
  facet normal 0 0 1
    outer loop
      vertex 10.7953 66.5805 3.2
      vertex 11.2929 68.7429 3.2
      vertex 11.0761 69.0673 3.2
    endloop
  endfacet
  facet normal 0 0 1
    outer loop
      vertex 11.7412 65.2198 3.2
      vertex 10.7698 66.1912 3.2
      vertex 11.3912 65.0472 3.2
    endloop
  endfacet
  facet normal 0 0 1
    outer loop
      vertex 10.7953 66.5805 3.2
      vertex 11.0761 69.0673 3.2
      vertex 11 69.45 3.2
    endloop
  endfacet
  facet normal -0 0 1
    outer loop
      vertex 12.7934 74.0374 3.2
      vertex 13.3695 73.0395 3.2
      vertex 12.9659 74.3873 3.2
    endloop
  endfacet
  facet normal 0 0 1
    outer loop
      vertex 13.3695 73.0395 3.2
      vertex 12.7934 74.0374 3.2
      vertex 13 72.9141 3.2
    endloop
  endfacet
  facet normal -0 0 1
    outer loop
      vertex 12.5 73.7801 3.2
      vertex 13 72.9141 3.2
      vertex 12.7934 74.0374 3.2
    endloop
  endfacet
  facet normal 0 0 1
    outer loop
      vertex 13 72.9141 3.2
      vertex 12.5 73.7801 3.2
      vertex 12.7066 72.6568 3.2
    endloop
  endfacet
  facet normal 0 0 1
    outer loop
      vertex 12.7066 72.6568 3.2
      vertex 12.1305 73.6547 3.2
      vertex 12.5341 72.3069 3.2
    endloop
  endfacet
  facet normal -0 0 1
    outer loop
      vertex 12.1305 73.6547 3.2
      vertex 12.7066 72.6568 3.2
      vertex 12.5 73.7801 3.2
    endloop
  endfacet
  facet normal 0 0 1
    outer loop
      vertex 15.5865 60.8032 3.2
      vertex 14.4135 60.8032 3.2
      vertex 14.422 60.4131 3.2
    endloop
  endfacet
  facet normal 0 0 1
    outer loop
      vertex 13.9745 61.4301 3.2
      vertex 14.6173 62.5261 3.2
      vertex 14.2929 62.7429 3.2
    endloop
  endfacet
  facet normal 0 0 1
    outer loop
      vertex 15 62.45 3.2
      vertex 14.2563 61.1603 3.2
      vertex 14.4135 60.8032 3.2
    endloop
  endfacet
  facet normal 0 0 1
    outer loop
      vertex 13.6108 61.5715 3.2
      vertex 14.2929 62.7429 3.2
      vertex 14.0761 63.0673 3.2
    endloop
  endfacet
  facet normal 0 0 1
    outer loop
      vertex 12.6088 63.4605 3.2
      vertex 14.0761 63.0673 3.2
      vertex 14 63.45 3.2
    endloop
  endfacet
  facet normal 0 0 1
    outer loop
      vertex 14.6173 62.5261 3.2
      vertex 13.9745 61.4301 3.2
      vertex 14.2563 61.1603 3.2
    endloop
  endfacet
  facet normal 0 0 1
    outer loop
      vertex 15.7066 71.4393 3.2
      vertex 14.2934 71.4393 3.2
      vertex 15 70.45 3.2
    endloop
  endfacet
  facet normal 0 0 1
    outer loop
      vertex 15 70.45 3.2
      vertex 14.2934 71.4393 3.2
      vertex 14.6173 70.3739 3.2
    endloop
  endfacet
  facet normal -0 0 1
    outer loop
      vertex 14 71.1821 3.2
      vertex 14.6173 70.3739 3.2
      vertex 14.2934 71.4393 3.2
    endloop
  endfacet
  facet normal 0 0 1
    outer loop
      vertex 14.6173 70.3739 3.2
      vertex 14 71.1821 3.2
      vertex 14.2929 70.1571 3.2
    endloop
  endfacet
  facet normal -0 0 1
    outer loop
      vertex 13.6305 71.0566 3.2
      vertex 14.2929 70.1571 3.2
      vertex 14 71.1821 3.2
    endloop
  endfacet
  facet normal 0 0 1
    outer loop
      vertex 14.2929 70.1571 3.2
      vertex 13.6305 71.0566 3.2
      vertex 14.0761 69.8327 3.2
    endloop
  endfacet
  facet normal 0 0 1
    outer loop
      vertex 12.9239 69.8327 3.2
      vertex 14.0761 69.8327 3.2
      vertex 13.6305 71.0566 3.2
    endloop
  endfacet
  facet normal 0 0 1
    outer loop
      vertex 14.0761 69.8327 3.2
      vertex 12.9239 69.8327 3.2
      vertex 14 69.45 3.2
    endloop
  endfacet
  facet normal 0 0 1
    outer loop
      vertex 12.9239 69.0673 3.2
      vertex 14 69.45 3.2
      vertex 13 69.45 3.2
    endloop
  endfacet
  facet normal 0 0 1
    outer loop
      vertex 12.9239 69.8327 3.2
      vertex 13.6305 71.0566 3.2
      vertex 13.2412 71.0822 3.2
    endloop
  endfacet
  facet normal 0 0 1
    outer loop
      vertex 14 69.45 3.2
      vertex 13.6305 67.8434 3.2
      vertex 14 67.7179 3.2
    endloop
  endfacet
  facet normal 0 0 1
    outer loop
      vertex 14 69.45 3.2
      vertex 12.9239 69.0673 3.2
      vertex 13.6305 67.8434 3.2
    endloop
  endfacet
  facet normal 0 0 1
    outer loop
      vertex 14 69.45 3.2
      vertex 12.9239 69.8327 3.2
      vertex 13 69.45 3.2
    endloop
  endfacet
  facet normal 0 0 1
    outer loop
      vertex 12.7071 70.1571 3.2
      vertex 13.2412 71.0822 3.2
      vertex 12.8912 71.2547 3.2
    endloop
  endfacet
  facet normal 0 0 1
    outer loop
      vertex 13.2412 71.0822 3.2
      vertex 12.7071 70.1571 3.2
      vertex 12.9239 69.8327 3.2
    endloop
  endfacet
  facet normal 0 0 1
    outer loop
      vertex 12.3827 70.3739 3.2
      vertex 12.8912 71.2547 3.2
      vertex 12.634 71.5481 3.2
    endloop
  endfacet
  facet normal 0 0 1
    outer loop
      vertex 12 70.45 3.2
      vertex 12.634 71.5481 3.2
      vertex 12.5086 71.9175 3.2
    endloop
  endfacet
  facet normal 0 0 1
    outer loop
      vertex 12.8912 71.2547 3.2
      vertex 12.3827 70.3739 3.2
      vertex 12.7071 70.1571 3.2
    endloop
  endfacet
  facet normal 0 0 1
    outer loop
      vertex 11.7412 73.6802 3.2
      vertex 12.5341 72.3069 3.2
      vertex 12.1305 73.6547 3.2
    endloop
  endfacet
  facet normal -0 0 1
    outer loop
      vertex 10.7698 72.7088 3.2
      vertex 12.5341 72.3069 3.2
      vertex 11.7412 73.6802 3.2
    endloop
  endfacet
  facet normal 0 0 1
    outer loop
      vertex 12.634 71.5481 3.2
      vertex 12 70.45 3.2
      vertex 12.3827 70.3739 3.2
    endloop
  endfacet
  facet normal -0 -0 1
    outer loop
      vertex 10.7953 72.3195 3.2
      vertex 12.5341 72.3069 3.2
      vertex 10.7698 72.7088 3.2
    endloop
  endfacet
  facet normal -0 0 1
    outer loop
      vertex 10.6699 71.95 3.2
      vertex 12.5086 71.9175 3.2
      vertex 10.7953 72.3195 3.2
    endloop
  endfacet
  facet normal 0 0 1
    outer loop
      vertex 10.7698 72.7088 3.2
      vertex 11.7412 73.6802 3.2
      vertex 11.3912 73.8528 3.2
    endloop
  endfacet
  facet normal 0 0 1
    outer loop
      vertex 12.5086 71.9175 3.2
      vertex 11.6173 70.3739 3.2
      vertex 12 70.45 3.2
    endloop
  endfacet
  facet normal 0 0 1
    outer loop
      vertex 10.5972 73.0588 3.2
      vertex 11.3912 73.8528 3.2
      vertex 11.134 74.1461 3.2
    endloop
  endfacet
  facet normal 0 0 1
    outer loop
      vertex 12.5086 71.9175 3.2
      vertex 10.6699 71.95 3.2
      vertex 11.6173 70.3739 3.2
    endloop
  endfacet
  facet normal 0 0 1
    outer loop
      vertex 10.3038 73.316 3.2
      vertex 11.134 74.1461 3.2
      vertex 11.0086 74.5156 3.2
    endloop
  endfacet
  facet normal -0 0 1
    outer loop
      vertex 10.4126 71.6566 3.2
      vertex 11.6173 70.3739 3.2
      vertex 10.6699 71.95 3.2
    endloop
  endfacet
  facet normal 0 0 1
    outer loop
      vertex 10.2412 76.2783 3.2
      vertex 11.0341 74.905 3.2
      vertex 10.6305 76.2528 3.2
    endloop
  endfacet
  facet normal 0 0 1
    outer loop
      vertex 11.6173 70.3739 3.2
      vertex 10.4126 71.6566 3.2
      vertex 11.2929 70.1571 3.2
    endloop
  endfacet
  facet normal -0 0 1
    outer loop
      vertex 10.5972 65.8412 3.2
      vertex 11.3912 65.0472 3.2
      vertex 10.7698 66.1912 3.2
    endloop
  endfacet
  facet normal 0 0 1
    outer loop
      vertex 12.5341 72.3069 3.2
      vertex 10.7953 72.3195 3.2
      vertex 12.5086 71.9175 3.2
    endloop
  endfacet
  facet normal -0 0 1
    outer loop
      vertex 9.1018 75.3222 3.2
      vertex 11.0341 74.905 3.2
      vertex 10.2412 76.2783 3.2
    endloop
  endfacet
  facet normal 0 0 1
    outer loop
      vertex 11.3912 73.8528 3.2
      vertex 10.5972 73.0588 3.2
      vertex 10.7698 72.7088 3.2
    endloop
  endfacet
  facet normal 0 0 1
    outer loop
      vertex 11.134 74.1461 3.2
      vertex 10.3038 73.316 3.2
      vertex 10.5972 73.0588 3.2
    endloop
  endfacet
  facet normal -0 0 1
    outer loop
      vertex 9.05932 74.9344 3.2
      vertex 11.0341 74.905 3.2
      vertex 9.1018 75.3222 3.2
    endloop
  endfacet
  facet normal 0 0 1
    outer loop
      vertex 11.0086 74.5156 3.2
      vertex 9.93437 73.4414 3.2
      vertex 10.3038 73.316 3.2
    endloop
  endfacet
  facet normal 0 0 1
    outer loop
      vertex 9.1018 75.3222 3.2
      vertex 10.2412 76.2783 3.2
      vertex 9.89124 76.4509 3.2
    endloop
  endfacet
  facet normal 0 0 1
    outer loop
      vertex 8.99261 75.6968 3.2
      vertex 9.89124 76.4509 3.2
      vertex 9.63398 76.7442 3.2
    endloop
  endfacet
  facet normal 0 0 1
    outer loop
      vertex 11.0341 74.905 3.2
      vertex 9.05932 74.9344 3.2
      vertex 11.0086 74.5156 3.2
    endloop
  endfacet
  facet normal 0 0 1
    outer loop
      vertex 8.74839 76.0011 3.2
      vertex 9.63398 76.7442 3.2
      vertex 9.50856 77.1137 3.2
    endloop
  endfacet
  facet normal 0 0 1
    outer loop
      vertex 11.0086 74.5156 3.2
      vertex 9.05932 74.9344 3.2
      vertex 9.93437 73.4414 3.2
    endloop
  endfacet
  facet normal 0 0 1
    outer loop
      vertex 15.8912 66.0586 3.2
      vertex 14.1088 66.0586 3.2
      vertex 15 64.45 3.2
    endloop
  endfacet
  facet normal 0 0 1
    outer loop
      vertex 15 64.45 3.2
      vertex 14.1088 66.0586 3.2
      vertex 14.6173 64.3739 3.2
    endloop
  endfacet
  facet normal -0 0 1
    outer loop
      vertex 13.7588 65.886 3.2
      vertex 14.6173 64.3739 3.2
      vertex 14.1088 66.0586 3.2
    endloop
  endfacet
  facet normal 0 0 1
    outer loop
      vertex 14.6173 64.3739 3.2
      vertex 13.7588 65.886 3.2
      vertex 14.2929 64.1571 3.2
    endloop
  endfacet
  facet normal -0 0 1
    outer loop
      vertex 12.9659 64.5127 3.2
      vertex 14.2929 64.1571 3.2
      vertex 13.7588 65.886 3.2
    endloop
  endfacet
  facet normal 0 0 1
    outer loop
      vertex 14.2929 64.1571 3.2
      vertex 12.9914 64.1233 3.2
      vertex 14.0761 63.8327 3.2
    endloop
  endfacet
  facet normal 0 0 1
    outer loop
      vertex 14.0761 63.8327 3.2
      vertex 12.9914 64.1233 3.2
      vertex 14 63.45 3.2
    endloop
  endfacet
  facet normal -0 0 1
    outer loop
      vertex 12.866 63.7538 3.2
      vertex 14 63.45 3.2
      vertex 12.9914 64.1233 3.2
    endloop
  endfacet
  facet normal 0 0 1
    outer loop
      vertex 12.9659 64.5127 3.2
      vertex 13.7588 65.886 3.2
      vertex 13.3695 65.8605 3.2
    endloop
  endfacet
  facet normal -0 0 1
    outer loop
      vertex 12.6088 63.4605 3.2
      vertex 14 63.45 3.2
      vertex 12.866 63.7538 3.2
    endloop
  endfacet
  facet normal 0 0 1
    outer loop
      vertex 12.7934 64.8626 3.2
      vertex 13.3695 65.8605 3.2
      vertex 13 65.9859 3.2
    endloop
  endfacet
  facet normal 0 0 1
    outer loop
      vertex 14.2929 62.7429 3.2
      vertex 13.6108 61.5715 3.2
      vertex 13.9745 61.4301 3.2
    endloop
  endfacet
  facet normal 0 0 1
    outer loop
      vertex 14.0761 63.0673 3.2
      vertex 12.6088 63.4605 3.2
      vertex 13.2207 61.563 3.2
    endloop
  endfacet
  facet normal 0 0 1
    outer loop
      vertex 14.0761 63.0673 3.2
      vertex 13.2207 61.563 3.2
      vertex 13.6108 61.5715 3.2
    endloop
  endfacet
  facet normal -0 0 1
    outer loop
      vertex 12.2588 63.2879 3.2
      vertex 13.2207 61.563 3.2
      vertex 12.6088 63.4605 3.2
    endloop
  endfacet
  facet normal 0 0 1
    outer loop
      vertex 13.2207 61.563 3.2
      vertex 12.2588 63.2879 3.2
      vertex 12.8636 61.4059 3.2
    endloop
  endfacet
  facet normal -0 0 1
    outer loop
      vertex 11.4659 61.9146 3.2
      vertex 12.8636 61.4059 3.2
      vertex 12.2588 63.2879 3.2
    endloop
  endfacet
  facet normal 0 0 1
    outer loop
      vertex 12.8636 61.4059 3.2
      vertex 11.4914 61.5252 3.2
      vertex 12.5938 61.124 3.2
    endloop
  endfacet
  facet normal 0 0 1
    outer loop
      vertex 15.7437 77.7397 3.2
      vertex 14.2563 77.7397 3.2
      vertex 15 76.45 3.2
    endloop
  endfacet
  facet normal 0 0 1
    outer loop
      vertex 15 76.45 3.2
      vertex 14.2563 77.7397 3.2
      vertex 14.6173 76.3739 3.2
    endloop
  endfacet
  facet normal -0 0 1
    outer loop
      vertex 13.9745 77.4699 3.2
      vertex 14.6173 76.3739 3.2
      vertex 14.2563 77.7397 3.2
    endloop
  endfacet
  facet normal 0 0 1
    outer loop
      vertex 14.6173 76.3739 3.2
      vertex 13.9745 77.4699 3.2
      vertex 14.2929 76.1571 3.2
    endloop
  endfacet
  facet normal -0 0 1
    outer loop
      vertex 13.6108 77.3285 3.2
      vertex 14.2929 76.1571 3.2
      vertex 13.9745 77.4699 3.2
    endloop
  endfacet
  facet normal 0 0 1
    outer loop
      vertex 14.2929 76.1571 3.2
      vertex 13.6108 77.3285 3.2
      vertex 14.0761 75.8327 3.2
    endloop
  endfacet
  facet normal 0 0 1
    outer loop
      vertex 17.0761 69.8327 3.2
      vertex 15.9239 69.8327 3.2
      vertex 16 69.45 3.2
    endloop
  endfacet
  facet normal 0 0 1
    outer loop
      vertex 16.3695 71.0566 3.2
      vertex 15.7071 70.1571 3.2
      vertex 15.9239 69.8327 3.2
    endloop
  endfacet
  facet normal 0 0 1
    outer loop
      vertex 15.3827 70.3739 3.2
      vertex 16 71.1821 3.2
      vertex 15.7066 71.4393 3.2
    endloop
  endfacet
  facet normal -0 0 1
    outer loop
      vertex 14.4659 71.7893 3.2
      vertex 15.7066 71.4393 3.2
      vertex 15.5341 71.7893 3.2
    endloop
  endfacet
  facet normal 0 0 1
    outer loop
      vertex 16 71.1821 3.2
      vertex 15.3827 70.3739 3.2
      vertex 15.7071 70.1571 3.2
    endloop
  endfacet
  facet normal -0 0 1
    outer loop
      vertex 14.4914 72.1786 3.2
      vertex 15.5341 71.7893 3.2
      vertex 15.5086 72.1786 3.2
    endloop
  endfacet
  facet normal 0 0 1
    outer loop
      vertex 15.8912 72.8414 3.2
      vertex 14.1088 72.8414 3.2
      vertex 15.634 72.5481 3.2
    endloop
  endfacet
  facet normal 0 0 1
    outer loop
      vertex 15.634 72.5481 3.2
      vertex 14.366 72.5481 3.2
      vertex 15.5086 72.1786 3.2
    endloop
  endfacet
  facet normal 0 0 1
    outer loop
      vertex 14.4659 71.7893 3.2
      vertex 15.5341 71.7893 3.2
      vertex 14.4914 72.1786 3.2
    endloop
  endfacet
  facet normal 0 0 1
    outer loop
      vertex 14.1088 72.8414 3.2
      vertex 15 74.45 3.2
      vertex 14.6173 74.5261 3.2
    endloop
  endfacet
  facet normal 0 0 1
    outer loop
      vertex 15.7066 71.4393 3.2
      vertex 15 70.45 3.2
      vertex 15.3827 70.3739 3.2
    endloop
  endfacet
  facet normal 0 0 1
    outer loop
      vertex 14.2934 71.4393 3.2
      vertex 15.7066 71.4393 3.2
      vertex 14.4659 71.7893 3.2
    endloop
  endfacet
  facet normal 0 0 1
    outer loop
      vertex 15.5086 72.1786 3.2
      vertex 14.366 72.5481 3.2
      vertex 14.4914 72.1786 3.2
    endloop
  endfacet
  facet normal 0 0 1
    outer loop
      vertex 13.7588 73.014 3.2
      vertex 14.6173 74.5261 3.2
      vertex 14.2929 74.7429 3.2
    endloop
  endfacet
  facet normal 0 0 1
    outer loop
      vertex 15.634 72.5481 3.2
      vertex 14.1088 72.8414 3.2
      vertex 14.366 72.5481 3.2
    endloop
  endfacet
  facet normal -0 0 1
    outer loop
      vertex 12.9914 74.7767 3.2
      vertex 14.2929 74.7429 3.2
      vertex 14.0761 75.0673 3.2
    endloop
  endfacet
  facet normal 0 0 1
    outer loop
      vertex 12.9914 74.7767 3.2
      vertex 14.0761 75.0673 3.2
      vertex 14 75.45 3.2
    endloop
  endfacet
  facet normal 0 0 1
    outer loop
      vertex 14.6173 74.5261 3.2
      vertex 13.7588 73.014 3.2
      vertex 14.1088 72.8414 3.2
    endloop
  endfacet
  facet normal 0 0 1
    outer loop
      vertex 13.2207 77.337 3.2
      vertex 14.0761 75.8327 3.2
      vertex 13.6108 77.3285 3.2
    endloop
  endfacet
  facet normal 0 0 1
    outer loop
      vertex 12.6088 75.4395 3.2
      vertex 14.0761 75.8327 3.2
      vertex 13.2207 77.337 3.2
    endloop
  endfacet
  facet normal 0 0 1
    outer loop
      vertex 12.9659 74.3873 3.2
      vertex 14.2929 74.7429 3.2
      vertex 12.9914 74.7767 3.2
    endloop
  endfacet
  facet normal 0 0 1
    outer loop
      vertex 14.0761 75.8327 3.2
      vertex 12.6088 75.4395 3.2
      vertex 14 75.45 3.2
    endloop
  endfacet
  facet normal 0 0 1
    outer loop
      vertex 14.2929 74.7429 3.2
      vertex 12.9659 74.3873 3.2
      vertex 13.7588 73.014 3.2
    endloop
  endfacet
  facet normal 0 0 1
    outer loop
      vertex 13.7588 73.014 3.2
      vertex 12.9659 74.3873 3.2
      vertex 13.3695 73.0395 3.2
    endloop
  endfacet
  facet normal 0 0 1
    outer loop
      vertex 14 75.45 3.2
      vertex 12.866 75.1461 3.2
      vertex 12.9914 74.7767 3.2
    endloop
  endfacet
  facet normal 0 0 1
    outer loop
      vertex 12.2588 75.6121 3.2
      vertex 13.2207 77.337 3.2
      vertex 12.8636 77.4941 3.2
    endloop
  endfacet
  facet normal 0 0 1
    outer loop
      vertex 14 75.45 3.2
      vertex 12.6088 75.4395 3.2
      vertex 12.866 75.1461 3.2
    endloop
  endfacet
  facet normal 0 0 1
    outer loop
      vertex 11.4914 77.3748 3.2
      vertex 12.8636 77.4941 3.2
      vertex 12.5938 77.776 3.2
    endloop
  endfacet
  facet normal 0 0 1
    outer loop
      vertex 11.4914 77.3748 3.2
      vertex 12.5938 77.776 3.2
      vertex 12.4524 78.1396 3.2
    endloop
  endfacet
  facet normal 0 0 1
    outer loop
      vertex 13.2207 77.337 3.2
      vertex 12.2588 75.6121 3.2
      vertex 12.6088 75.4395 3.2
    endloop
  endfacet
  facet normal 0 0 1
    outer loop
      vertex 17.3912 75.4395 3.2
      vertex 15.9239 75.8327 3.2
      vertex 16 75.45 3.2
    endloop
  endfacet
  facet normal 0 0 1
    outer loop
      vertex 15.3827 76.3739 3.2
      vertex 16.0255 77.4699 3.2
      vertex 15.7437 77.7397 3.2
    endloop
  endfacet
  facet normal 0 0 1
    outer loop
      vertex 16.3892 77.3285 3.2
      vertex 15.7071 76.1571 3.2
      vertex 15.9239 75.8327 3.2
    endloop
  endfacet
  facet normal 0 0 1
    outer loop
      vertex 14.4135 78.0968 3.2
      vertex 15.5865 78.0968 3.2
      vertex 14.422 78.4869 3.2
    endloop
  endfacet
  facet normal 0 0 1
    outer loop
      vertex 16.0255 77.4699 3.2
      vertex 15.3827 76.3739 3.2
      vertex 15.7071 76.1571 3.2
    endloop
  endfacet
  facet normal -0 0 1
    outer loop
      vertex 14.422 78.4869 3.2
      vertex 15.5865 78.0968 3.2
      vertex 15.578 78.4869 3.2
    endloop
  endfacet
  facet normal -0 0 1
    outer loop
      vertex 15.7071 62.7429 3.2
      vertex 16.3892 61.5715 3.2
      vertex 15.9239 63.0673 3.2
    endloop
  endfacet
  facet normal 0 0 1
    outer loop
      vertex 16.3892 61.5715 3.2
      vertex 15.7071 62.7429 3.2
      vertex 16.0255 61.4301 3.2
    endloop
  endfacet
  facet normal -0 0 1
    outer loop
      vertex 15.3827 62.5261 3.2
      vertex 16.0255 61.4301 3.2
      vertex 15.7071 62.7429 3.2
    endloop
  endfacet
  facet normal 0 0 1
    outer loop
      vertex 16.0255 61.4301 3.2
      vertex 15.3827 62.5261 3.2
      vertex 15.7437 61.1603 3.2
    endloop
  endfacet
  facet normal 0 0 1
    outer loop
      vertex 14.4135 60.8032 3.2
      vertex 15.7437 61.1603 3.2
      vertex 15 62.45 3.2
    endloop
  endfacet
  facet normal -0 0 1
    outer loop
      vertex 15 62.45 3.2
      vertex 15.7437 61.1603 3.2
      vertex 15.3827 62.5261 3.2
    endloop
  endfacet
  facet normal 0 0 1
    outer loop
      vertex 19.2047 72.3195 3.2
      vertex 17.4659 72.3069 3.2
      vertex 17.4914 71.9175 3.2
    endloop
  endfacet
  facet normal 0 0 1
    outer loop
      vertex 17.8695 73.6547 3.2
      vertex 17.2934 72.6568 3.2
      vertex 17.4659 72.3069 3.2
    endloop
  endfacet
  facet normal 0 0 1
    outer loop
      vertex 17 72.9141 3.2
      vertex 17.5 73.7801 3.2
      vertex 17.2066 74.0374 3.2
    endloop
  endfacet
  facet normal 0 0 1
    outer loop
      vertex 16.6305 73.0395 3.2
      vertex 17.2066 74.0374 3.2
      vertex 17.0341 74.3873 3.2
    endloop
  endfacet
  facet normal 0 0 1
    outer loop
      vertex 17.5 73.7801 3.2
      vertex 17 72.9141 3.2
      vertex 17.2934 72.6568 3.2
    endloop
  endfacet
  facet normal -0 0 1
    outer loop
      vertex 15.7071 74.7429 3.2
      vertex 17.0341 74.3873 3.2
      vertex 17.0086 74.7767 3.2
    endloop
  endfacet
  facet normal 0 0 1
    outer loop
      vertex 18.5086 61.5252 3.2
      vertex 17.4062 61.124 3.2
      vertex 17.5476 60.7604 3.2
    endloop
  endfacet
  facet normal 0 0 1
    outer loop
      vertex 16.7793 61.563 3.2
      vertex 17.7412 63.2879 3.2
      vertex 17.3912 63.4605 3.2
    endloop
  endfacet
  facet normal 0 0 1
    outer loop
      vertex 18.5341 61.9146 3.2
      vertex 17.1364 61.4059 3.2
      vertex 17.4062 61.124 3.2
    endloop
  endfacet
  facet normal 0 0 1
    outer loop
      vertex 16 63.45 3.2
      vertex 17.3912 63.4605 3.2
      vertex 17.134 63.7538 3.2
    endloop
  endfacet
  facet normal 0 0 1
    outer loop
      vertex 16 63.45 3.2
      vertex 17.134 63.7538 3.2
      vertex 17.0086 64.1233 3.2
    endloop
  endfacet
  facet normal 0 0 1
    outer loop
      vertex 17.7412 63.2879 3.2
      vertex 16.7793 61.563 3.2
      vertex 17.1364 61.4059 3.2
    endloop
  endfacet
  facet normal 0 0 1
    outer loop
      vertex 16.2412 65.886 3.2
      vertex 17.0341 64.5127 3.2
      vertex 16.6305 65.8605 3.2
    endloop
  endfacet
  facet normal 0 0 1
    outer loop
      vertex 17.0341 64.5127 3.2
      vertex 15.7071 64.1571 3.2
      vertex 17.0086 64.1233 3.2
    endloop
  endfacet
  facet normal 0 0 1
    outer loop
      vertex 15.9239 63.0673 3.2
      vertex 17.3912 63.4605 3.2
      vertex 16 63.45 3.2
    endloop
  endfacet
  facet normal 0 0 1
    outer loop
      vertex 17.0341 64.5127 3.2
      vertex 16.2412 65.886 3.2
      vertex 15.7071 64.1571 3.2
    endloop
  endfacet
  facet normal 0 0 1
    outer loop
      vertex 17.3912 63.4605 3.2
      vertex 15.9239 63.0673 3.2
      vertex 16.7793 61.563 3.2
    endloop
  endfacet
  facet normal 0 0 1
    outer loop
      vertex 16.7793 61.563 3.2
      vertex 15.9239 63.0673 3.2
      vertex 16.3892 61.5715 3.2
    endloop
  endfacet
  facet normal 0 0 1
    outer loop
      vertex 17.0086 64.1233 3.2
      vertex 15.9239 63.8327 3.2
      vertex 16 63.45 3.2
    endloop
  endfacet
  facet normal 0 0 1
    outer loop
      vertex 15.3827 64.3739 3.2
      vertex 16.2412 65.886 3.2
      vertex 15.8912 66.0586 3.2
    endloop
  endfacet
  facet normal 0 0 1
    outer loop
      vertex 17.0086 64.1233 3.2
      vertex 15.7071 64.1571 3.2
      vertex 15.9239 63.8327 3.2
    endloop
  endfacet
  facet normal -0 0 1
    outer loop
      vertex 14.366 66.3519 3.2
      vertex 15.8912 66.0586 3.2
      vertex 15.634 66.3519 3.2
    endloop
  endfacet
  facet normal -0 0 1
    outer loop
      vertex 14.4914 66.7214 3.2
      vertex 15.634 66.3519 3.2
      vertex 15.5086 66.7214 3.2
    endloop
  endfacet
  facet normal 0 0 1
    outer loop
      vertex 16.2412 65.886 3.2
      vertex 15.3827 64.3739 3.2
      vertex 15.7071 64.1571 3.2
    endloop
  endfacet
  facet normal 0 0 1
    outer loop
      vertex 15.7066 67.4607 3.2
      vertex 14.2934 67.4607 3.2
      vertex 15.5341 67.1107 3.2
    endloop
  endfacet
  facet normal 0 0 1
    outer loop
      vertex 15.5341 67.1107 3.2
      vertex 14.4659 67.1107 3.2
      vertex 15.5086 66.7214 3.2
    endloop
  endfacet
  facet normal 0 0 1
    outer loop
      vertex 14.366 66.3519 3.2
      vertex 15.634 66.3519 3.2
      vertex 14.4914 66.7214 3.2
    endloop
  endfacet
  facet normal 0 0 1
    outer loop
      vertex 14.2934 67.4607 3.2
      vertex 15 68.45 3.2
      vertex 14.6173 68.5261 3.2
    endloop
  endfacet
  facet normal 0 0 1
    outer loop
      vertex 15.8912 66.0586 3.2
      vertex 15 64.45 3.2
      vertex 15.3827 64.3739 3.2
    endloop
  endfacet
  facet normal 0 0 1
    outer loop
      vertex 14.1088 66.0586 3.2
      vertex 15.8912 66.0586 3.2
      vertex 14.366 66.3519 3.2
    endloop
  endfacet
  facet normal 0 0 1
    outer loop
      vertex 15.5086 66.7214 3.2
      vertex 14.4659 67.1107 3.2
      vertex 14.4914 66.7214 3.2
    endloop
  endfacet
  facet normal 0 0 1
    outer loop
      vertex 15.5341 67.1107 3.2
      vertex 14.2934 67.4607 3.2
      vertex 14.4659 67.1107 3.2
    endloop
  endfacet
  facet normal 0 0 1
    outer loop
      vertex 14 67.7179 3.2
      vertex 14.6173 68.5261 3.2
      vertex 14.2929 68.7429 3.2
    endloop
  endfacet
  facet normal 0 0 1
    outer loop
      vertex 14 67.7179 3.2
      vertex 14.2929 68.7429 3.2
      vertex 14.0761 69.0673 3.2
    endloop
  endfacet
  facet normal 0 0 1
    outer loop
      vertex 14 67.7179 3.2
      vertex 14.0761 69.0673 3.2
      vertex 14 69.45 3.2
    endloop
  endfacet
  facet normal 0 0 1
    outer loop
      vertex 14.6173 68.5261 3.2
      vertex 14 67.7179 3.2
      vertex 14.2934 67.4607 3.2
    endloop
  endfacet
  facet normal -0 0 1
    outer loop
      vertex 17.1364 77.4941 3.2
      vertex 18.5341 76.9854 3.2
      vertex 17.4062 77.776 3.2
    endloop
  endfacet
  facet normal 0 0 1
    outer loop
      vertex 18.5341 76.9854 3.2
      vertex 17.1364 77.4941 3.2
      vertex 17.7412 75.6121 3.2
    endloop
  endfacet
  facet normal -0 0 1
    outer loop
      vertex 16.7793 77.337 3.2
      vertex 17.7412 75.6121 3.2
      vertex 17.1364 77.4941 3.2
    endloop
  endfacet
  facet normal 0 0 1
    outer loop
      vertex 17.7412 75.6121 3.2
      vertex 16.7793 77.337 3.2
      vertex 17.3912 75.4395 3.2
    endloop
  endfacet
  facet normal -0 0 1
    outer loop
      vertex 15.9239 75.8327 3.2
      vertex 17.3912 75.4395 3.2
      vertex 16.7793 77.337 3.2
    endloop
  endfacet
  facet normal 0 0 1
    outer loop
      vertex 17.3912 75.4395 3.2
      vertex 16 75.45 3.2
      vertex 17.134 75.1461 3.2
    endloop
  endfacet
  facet normal 0 0 1
    outer loop
      vertex 17.134 75.1461 3.2
      vertex 16 75.45 3.2
      vertex 17.0086 74.7767 3.2
    endloop
  endfacet
  facet normal -0 0 1
    outer loop
      vertex 15.9239 75.0673 3.2
      vertex 17.0086 74.7767 3.2
      vertex 16 75.45 3.2
    endloop
  endfacet
  facet normal 0 0 1
    outer loop
      vertex 15.9239 75.8327 3.2
      vertex 16.7793 77.337 3.2
      vertex 16.3892 77.3285 3.2
    endloop
  endfacet
  facet normal 0 0 1
    outer loop
      vertex 15.7071 74.7429 3.2
      vertex 17.0086 74.7767 3.2
      vertex 15.9239 75.0673 3.2
    endloop
  endfacet
  facet normal 0 0 1
    outer loop
      vertex 15.7071 76.1571 3.2
      vertex 16.3892 77.3285 3.2
      vertex 16.0255 77.4699 3.2
    endloop
  endfacet
  facet normal 0 0 1
    outer loop
      vertex 17.2066 74.0374 3.2
      vertex 16.6305 73.0395 3.2
      vertex 17 72.9141 3.2
    endloop
  endfacet
  facet normal 0 -0 1
    outer loop
      vertex 16.2412 73.014 3.2
      vertex 17.0341 74.3873 3.2
      vertex 15.7071 74.7429 3.2
    endloop
  endfacet
  facet normal 0 0 1
    outer loop
      vertex 17.0341 74.3873 3.2
      vertex 16.2412 73.014 3.2
      vertex 16.6305 73.0395 3.2
    endloop
  endfacet
  facet normal -0 0 1
    outer loop
      vertex 15.3827 74.5261 3.2
      vertex 16.2412 73.014 3.2
      vertex 15.7071 74.7429 3.2
    endloop
  endfacet
  facet normal 0 0 1
    outer loop
      vertex 16.2412 73.014 3.2
      vertex 15.3827 74.5261 3.2
      vertex 15.8912 72.8414 3.2
    endloop
  endfacet
  facet normal -0 0 1
    outer loop
      vertex 15 74.45 3.2
      vertex 15.8912 72.8414 3.2
      vertex 15.3827 74.5261 3.2
    endloop
  endfacet
  facet normal 0 0 1
    outer loop
      vertex 14.1088 72.8414 3.2
      vertex 15.8912 72.8414 3.2
      vertex 15 74.45 3.2
    endloop
  endfacet
  facet normal -0 0 1
    outer loop
      vertex 17.2934 66.2432 3.2
      vertex 17.8695 65.2453 3.2
      vertex 17.4659 66.5931 3.2
    endloop
  endfacet
  facet normal 0 0 1
    outer loop
      vertex 17.8695 65.2453 3.2
      vertex 17.2934 66.2432 3.2
      vertex 17.5 65.1199 3.2
    endloop
  endfacet
  facet normal -0 0 1
    outer loop
      vertex 17 65.9859 3.2
      vertex 17.5 65.1199 3.2
      vertex 17.2934 66.2432 3.2
    endloop
  endfacet
  facet normal 0 0 1
    outer loop
      vertex 17.5 65.1199 3.2
      vertex 17 65.9859 3.2
      vertex 17.2066 64.8626 3.2
    endloop
  endfacet
  facet normal 0 0 1
    outer loop
      vertex 17.2066 64.8626 3.2
      vertex 16.6305 65.8605 3.2
      vertex 17.0341 64.5127 3.2
    endloop
  endfacet
  facet normal -0 0 1
    outer loop
      vertex 16.6305 65.8605 3.2
      vertex 17.2066 64.8626 3.2
      vertex 17 65.9859 3.2
    endloop
  endfacet
  facet normal 0 0 1
    outer loop
      vertex 19.4028 73.0588 3.2
      vertex 18.6088 73.8528 3.2
      vertex 19.2302 72.7088 3.2
    endloop
  endfacet
  facet normal 0 0 1
    outer loop
      vertex 19.3695 76.2528 3.2
      vertex 18.9659 74.905 3.2
      vertex 18.9914 74.5156 3.2
    endloop
  endfacet
  facet normal 0 0 1
    outer loop
      vertex 19.3695 76.2528 3.2
      vertex 18.7934 75.2549 3.2
      vertex 18.9659 74.905 3.2
    endloop
  endfacet
  facet normal 0 0 1
    outer loop
      vertex 18.5 75.5122 3.2
      vertex 19 76.3782 3.2
      vertex 18.7066 76.6355 3.2
    endloop
  endfacet
  facet normal 0 0 1
    outer loop
      vertex 18.1305 75.6376 3.2
      vertex 18.7066 76.6355 3.2
      vertex 18.5341 76.9854 3.2
    endloop
  endfacet
  facet normal 0 0 1
    outer loop
      vertex 19 76.3782 3.2
      vertex 18.5 75.5122 3.2
      vertex 18.7934 75.2549 3.2
    endloop
  endfacet
  facet normal -0 0 1
    outer loop
      vertex 17.4062 77.776 3.2
      vertex 18.5086 77.3748 3.2
      vertex 17.5476 78.1396 3.2
    endloop
  endfacet
  facet normal 0 0 1
    outer loop
      vertex 19.2047 72.3195 3.2
      vertex 18.9239 69.8327 3.2
      vertex 19 69.45 3.2
    endloop
  endfacet
  facet normal -0 0 1
    outer loop
      vertex 18.2588 73.6802 3.2
      vertex 19.2302 72.7088 3.2
      vertex 18.6088 73.8528 3.2
    endloop
  endfacet
  facet normal 0 0 1
    outer loop
      vertex 19.2047 72.3195 3.2
      vertex 18.7071 70.1571 3.2
      vertex 18.9239 69.8327 3.2
    endloop
  endfacet
  facet normal 0 0 1
    outer loop
      vertex 17.4659 72.3069 3.2
      vertex 19.2302 72.7088 3.2
      vertex 18.2588 73.6802 3.2
    endloop
  endfacet
  facet normal 0 0 1
    outer loop
      vertex 19.2047 72.3195 3.2
      vertex 18.3827 70.3739 3.2
      vertex 18.7071 70.1571 3.2
    endloop
  endfacet
  facet normal 0 0 1
    outer loop
      vertex 17.4659 72.3069 3.2
      vertex 19.2047 72.3195 3.2
      vertex 19.2302 72.7088 3.2
    endloop
  endfacet
  facet normal 0 0 1
    outer loop
      vertex 19.2047 72.3195 3.2
      vertex 17.4914 71.9175 3.2
      vertex 18.3827 70.3739 3.2
    endloop
  endfacet
  facet normal 0 0 1
    outer loop
      vertex 17.4659 72.3069 3.2
      vertex 18.2588 73.6802 3.2
      vertex 17.8695 73.6547 3.2
    endloop
  endfacet
  facet normal 0 0 1
    outer loop
      vertex 18.3827 70.3739 3.2
      vertex 17.4914 71.9175 3.2
      vertex 18 70.45 3.2
    endloop
  endfacet
  facet normal 0 0 1
    outer loop
      vertex 17.2934 72.6568 3.2
      vertex 17.8695 73.6547 3.2
      vertex 17.5 73.7801 3.2
    endloop
  endfacet
  facet normal -0 0 1
    outer loop
      vertex 17.366 71.5481 3.2
      vertex 18 70.45 3.2
      vertex 17.4914 71.9175 3.2
    endloop
  endfacet
  facet normal 0 0 1
    outer loop
      vertex 18 70.45 3.2
      vertex 17.366 71.5481 3.2
      vertex 17.6173 70.3739 3.2
    endloop
  endfacet
  facet normal -0 0 1
    outer loop
      vertex 17.1088 71.2547 3.2
      vertex 17.6173 70.3739 3.2
      vertex 17.366 71.5481 3.2
    endloop
  endfacet
  facet normal 0 0 1
    outer loop
      vertex 17.6173 70.3739 3.2
      vertex 17.1088 71.2547 3.2
      vertex 17.2929 70.1571 3.2
    endloop
  endfacet
  facet normal -0 0 1
    outer loop
      vertex 16.7588 71.0822 3.2
      vertex 17.2929 70.1571 3.2
      vertex 17.1088 71.2547 3.2
    endloop
  endfacet
  facet normal 0 0 1
    outer loop
      vertex 17.2929 70.1571 3.2
      vertex 16.7588 71.0822 3.2
      vertex 17.0761 69.8327 3.2
    endloop
  endfacet
  facet normal -0 0 1
    outer loop
      vertex 16.3695 71.0566 3.2
      vertex 17.0761 69.8327 3.2
      vertex 16.7588 71.0822 3.2
    endloop
  endfacet
  facet normal -0 0 1
    outer loop
      vertex 18.7934 63.6451 3.2
      vertex 19.3695 62.6472 3.2
      vertex 18.9659 63.995 3.2
    endloop
  endfacet
  facet normal 0 0 1
    outer loop
      vertex 19.3695 62.6472 3.2
      vertex 18.7934 63.6451 3.2
      vertex 19 62.5218 3.2
    endloop
  endfacet
  facet normal -0 0 1
    outer loop
      vertex 18.5 63.3878 3.2
      vertex 19 62.5218 3.2
      vertex 18.7934 63.6451 3.2
    endloop
  endfacet
  facet normal 0 0 1
    outer loop
      vertex 19 62.5218 3.2
      vertex 18.5 63.3878 3.2
      vertex 18.7066 62.2645 3.2
    endloop
  endfacet
  facet normal 0 0 1
    outer loop
      vertex 18.7066 62.2645 3.2
      vertex 18.1305 63.2624 3.2
      vertex 18.5341 61.9146 3.2
    endloop
  endfacet
  facet normal -0 0 1
    outer loop
      vertex 18.1305 63.2624 3.2
      vertex 18.7066 62.2645 3.2
      vertex 18.5 63.3878 3.2
    endloop
  endfacet
  facet normal -0 0 1
    outer loop
      vertex 18.9914 64.3844 3.2
      vertex 20.9407 63.9656 3.2
      vertex 20.0656 65.4586 3.2
    endloop
  endfacet
  facet normal 0 0 1
    outer loop
      vertex 20.8982 63.5778 3.2
      vertex 20.366 62.1558 3.2
      vertex 20.4914 61.7863 3.2
    endloop
  endfacet
  facet normal 0 0 1
    outer loop
      vertex 20.8982 63.5778 3.2
      vertex 20.1088 62.4491 3.2
      vertex 20.366 62.1558 3.2
    endloop
  endfacet
  facet normal -0 0 1
    outer loop
      vertex 18.9659 63.995 3.2
      vertex 20.9407 63.9656 3.2
      vertex 18.9914 64.3844 3.2
    endloop
  endfacet
  facet normal 0 0 1
    outer loop
      vertex 20.8982 63.5778 3.2
      vertex 19.7588 62.6217 3.2
      vertex 20.1088 62.4491 3.2
    endloop
  endfacet
  facet normal 0 0 1
    outer loop
      vertex 18.9914 64.3844 3.2
      vertex 20.0656 65.4586 3.2
      vertex 19.6962 65.584 3.2
    endloop
  endfacet
  facet normal 0 0 1
    outer loop
      vertex 18.866 64.7538 3.2
      vertex 19.6962 65.584 3.2
      vertex 19.4028 65.8412 3.2
    endloop
  endfacet
  facet normal 0 0 1
    outer loop
      vertex 20.9407 63.9656 3.2
      vertex 18.9659 63.995 3.2
      vertex 20.8982 63.5778 3.2
    endloop
  endfacet
  facet normal 0 0 1
    outer loop
      vertex 18.6088 65.0472 3.2
      vertex 19.4028 65.8412 3.2
      vertex 19.2302 66.1912 3.2
    endloop
  endfacet
  facet normal -0 0 1
    outer loop
      vertex 17.4659 66.5931 3.2
      vertex 19.2047 66.5805 3.2
      vertex 17.4914 66.9825 3.2
    endloop
  endfacet
  facet normal 0 0 1
    outer loop
      vertex 19.9373 67.4159 3.2
      vertex 18.7071 68.7429 3.2
      vertex 19.5874 67.2434 3.2
    endloop
  endfacet
  facet normal -0 0 1
    outer loop
      vertex 18.3827 68.5261 3.2
      vertex 19.5874 67.2434 3.2
      vertex 18.7071 68.7429 3.2
    endloop
  endfacet
  facet normal 0 0 1
    outer loop
      vertex 20.8982 63.5778 3.2
      vertex 18.9659 63.995 3.2
      vertex 19.7588 62.6217 3.2
    endloop
  endfacet
  facet normal 0 0 1
    outer loop
      vertex 19.7588 62.6217 3.2
      vertex 18.9659 63.995 3.2
      vertex 19.3695 62.6472 3.2
    endloop
  endfacet
  facet normal 0 0 1
    outer loop
      vertex 19.5874 67.2434 3.2
      vertex 18.3827 68.5261 3.2
      vertex 19.3301 66.95 3.2
    endloop
  endfacet
  facet normal 0 0 1
    outer loop
      vertex 19.6962 65.584 3.2
      vertex 18.866 64.7538 3.2
      vertex 18.9914 64.3844 3.2
    endloop
  endfacet
  facet normal -0 0 1
    outer loop
      vertex 17.4914 66.9825 3.2
      vertex 19.3301 66.95 3.2
      vertex 18.3827 68.5261 3.2
    endloop
  endfacet
  facet normal 0 0 1
    outer loop
      vertex 19.4028 65.8412 3.2
      vertex 18.6088 65.0472 3.2
      vertex 18.866 64.7538 3.2
    endloop
  endfacet
  facet normal 0 0 1
    outer loop
      vertex 19.3301 66.95 3.2
      vertex 17.4914 66.9825 3.2
      vertex 19.2047 66.5805 3.2
    endloop
  endfacet
  facet normal 0 0 1
    outer loop
      vertex 19.2047 66.5805 3.2
      vertex 17.4659 66.5931 3.2
      vertex 19.2302 66.1912 3.2
    endloop
  endfacet
  facet normal 0 0 1
    outer loop
      vertex 17.4914 66.9825 3.2
      vertex 18.3827 68.5261 3.2
      vertex 18 68.45 3.2
    endloop
  endfacet
  facet normal 0 0 1
    outer loop
      vertex 19.2302 66.1912 3.2
      vertex 18.2588 65.2198 3.2
      vertex 18.6088 65.0472 3.2
    endloop
  endfacet
  facet normal 0 0 1
    outer loop
      vertex 17.366 67.3519 3.2
      vertex 18 68.45 3.2
      vertex 17.6173 68.5261 3.2
    endloop
  endfacet
  facet normal 0 0 1
    outer loop
      vertex 19.2302 66.1912 3.2
      vertex 17.4659 66.5931 3.2
      vertex 18.2588 65.2198 3.2
    endloop
  endfacet
  facet normal 0 0 1
    outer loop
      vertex 18.2588 65.2198 3.2
      vertex 17.4659 66.5931 3.2
      vertex 17.8695 65.2453 3.2
    endloop
  endfacet
  facet normal 0 0 1
    outer loop
      vertex 18 68.45 3.2
      vertex 17.366 67.3519 3.2
      vertex 17.4914 66.9825 3.2
    endloop
  endfacet
  facet normal 0 0 1
    outer loop
      vertex 17.1088 67.6453 3.2
      vertex 17.6173 68.5261 3.2
      vertex 17.2929 68.7429 3.2
    endloop
  endfacet
  facet normal 0 0 1
    outer loop
      vertex 17.6173 68.5261 3.2
      vertex 17.1088 67.6453 3.2
      vertex 17.366 67.3519 3.2
    endloop
  endfacet
  facet normal 0 0 1
    outer loop
      vertex 16.7588 67.8178 3.2
      vertex 17.2929 68.7429 3.2
      vertex 17.0761 69.0673 3.2
    endloop
  endfacet
  facet normal 0 0 1
    outer loop
      vertex 15.9239 69.0673 3.2
      vertex 17.0761 69.0673 3.2
      vertex 17 69.45 3.2
    endloop
  endfacet
  facet normal 0 0 1
    outer loop
      vertex 15.9239 69.8327 3.2
      vertex 17.0761 69.8327 3.2
      vertex 16.3695 71.0566 3.2
    endloop
  endfacet
  facet normal 0 0 1
    outer loop
      vertex 15.9239 69.0673 3.2
      vertex 17 69.45 3.2
      vertex 16 69.45 3.2
    endloop
  endfacet
  facet normal 0 0 1
    outer loop
      vertex 17.0761 69.8327 3.2
      vertex 16 69.45 3.2
      vertex 17 69.45 3.2
    endloop
  endfacet
  facet normal 0 0 1
    outer loop
      vertex 17.2929 68.7429 3.2
      vertex 16.7588 67.8178 3.2
      vertex 17.1088 67.6453 3.2
    endloop
  endfacet
  facet normal 0 0 1
    outer loop
      vertex 15.7071 70.1571 3.2
      vertex 16.3695 71.0566 3.2
      vertex 16 71.1821 3.2
    endloop
  endfacet
  facet normal 0 -0 1
    outer loop
      vertex 16.3695 67.8434 3.2
      vertex 17.0761 69.0673 3.2
      vertex 15.9239 69.0673 3.2
    endloop
  endfacet
  facet normal 0 0 1
    outer loop
      vertex 17.0761 69.0673 3.2
      vertex 16.3695 67.8434 3.2
      vertex 16.7588 67.8178 3.2
    endloop
  endfacet
  facet normal -0 0 1
    outer loop
      vertex 15.7071 68.7429 3.2
      vertex 16.3695 67.8434 3.2
      vertex 15.9239 69.0673 3.2
    endloop
  endfacet
  facet normal 0 0 1
    outer loop
      vertex 16.3695 67.8434 3.2
      vertex 15.7071 68.7429 3.2
      vertex 16 67.7179 3.2
    endloop
  endfacet
  facet normal -0 0 1
    outer loop
      vertex 15.3827 68.5261 3.2
      vertex 16 67.7179 3.2
      vertex 15.7071 68.7429 3.2
    endloop
  endfacet
  facet normal 0 0 1
    outer loop
      vertex 16 67.7179 3.2
      vertex 15.3827 68.5261 3.2
      vertex 15.7066 67.4607 3.2
    endloop
  endfacet
  facet normal 0 0 1
    outer loop
      vertex 14.2934 67.4607 3.2
      vertex 15.7066 67.4607 3.2
      vertex 15 68.45 3.2
    endloop
  endfacet
  facet normal -0 0 1
    outer loop
      vertex 15 68.45 3.2
      vertex 15.7066 67.4607 3.2
      vertex 15.3827 68.5261 3.2
    endloop
  endfacet
  facet normal 0 0 1
    outer loop
      vertex 21.4327 74.3481 3.2
      vertex 20.455 73.4159 3.2
      vertex 20.8049 73.2434 3.2
    endloop
  endfacet
  facet normal 0 0 1
    outer loop
      vertex 21.0074 75.6968 3.2
      vertex 20.1088 76.4509 3.2
      vertex 20.8982 75.3222 3.2
    endloop
  endfacet
  facet normal -0 0 1
    outer loop
      vertex 19.7588 76.2783 3.2
      vertex 20.8982 75.3222 3.2
      vertex 20.1088 76.4509 3.2
    endloop
  endfacet
  facet normal 0 0 1
    outer loop
      vertex 18.9914 74.5156 3.2
      vertex 19.7588 76.2783 3.2
      vertex 19.3695 76.2528 3.2
    endloop
  endfacet
  facet normal 0 0 1
    outer loop
      vertex 20.8982 75.3222 3.2
      vertex 20.0656 73.4414 3.2
      vertex 20.455 73.4159 3.2
    endloop
  endfacet
  facet normal 0 0 1
    outer loop
      vertex 19.7588 76.2783 3.2
      vertex 18.9914 74.5156 3.2
      vertex 20.8982 75.3222 3.2
    endloop
  endfacet
  facet normal 0 0 1
    outer loop
      vertex 20.8982 75.3222 3.2
      vertex 18.9914 74.5156 3.2
      vertex 20.0656 73.4414 3.2
    endloop
  endfacet
  facet normal 0 0 1
    outer loop
      vertex 18.7934 75.2549 3.2
      vertex 19.3695 76.2528 3.2
      vertex 19 76.3782 3.2
    endloop
  endfacet
  facet normal 0 0 1
    outer loop
      vertex 20.0656 73.4414 3.2
      vertex 18.9914 74.5156 3.2
      vertex 19.6962 73.316 3.2
    endloop
  endfacet
  facet normal -0 0 1
    outer loop
      vertex 18.866 74.1461 3.2
      vertex 19.6962 73.316 3.2
      vertex 18.9914 74.5156 3.2
    endloop
  endfacet
  facet normal -0 0 1
    outer loop
      vertex 18.6088 73.8528 3.2
      vertex 19.4028 73.0588 3.2
      vertex 18.866 74.1461 3.2
    endloop
  endfacet
  facet normal 0 0 1
    outer loop
      vertex 19.6962 73.316 3.2
      vertex 18.866 74.1461 3.2
      vertex 19.4028 73.0588 3.2
    endloop
  endfacet
  facet normal 0 0 1
    outer loop
      vertex 22.4582 66.3282 3.2
      vertex 21.1621 66.7088 3.2
      vertex 21.1876 66.3195 3.2
    endloop
  endfacet
  facet normal 0 0 1
    outer loop
      vertex 20.9895 67.0588 3.2
      vertex 21.3827 68.5261 3.2
      vertex 21 68.45 3.2
    endloop
  endfacet
  facet normal 0 0 1
    outer loop
      vertex 22.72 67.0474 3.2
      vertex 20.9895 67.0588 3.2
      vertex 21.1621 66.7088 3.2
    endloop
  endfacet
  facet normal 0 0 1
    outer loop
      vertex 21 68.45 3.2
      vertex 20.6962 67.316 3.2
      vertex 20.9895 67.0588 3.2
    endloop
  endfacet
  facet normal 0 0 1
    outer loop
      vertex 20.6173 68.5261 3.2
      vertex 20.6962 67.316 3.2
      vertex 21 68.45 3.2
    endloop
  endfacet
  facet normal 0 0 1
    outer loop
      vertex 20.6173 68.5261 3.2
      vertex 20.3267 67.4414 3.2
      vertex 20.6962 67.316 3.2
    endloop
  endfacet
  facet normal 0 0 1
    outer loop
      vertex 20.2929 68.7429 3.2
      vertex 20.3267 67.4414 3.2
      vertex 20.6173 68.5261 3.2
    endloop
  endfacet
  facet normal -0 0 1
    outer loop
      vertex 18.9239 69.0673 3.2
      vertex 20.2929 68.7429 3.2
      vertex 20.0761 69.0673 3.2
    endloop
  endfacet
  facet normal -0 0 1
    outer loop
      vertex 19 69.45 3.2
      vertex 20.0761 69.0673 3.2
      vertex 20 69.45 3.2
    endloop
  endfacet
  facet normal 0 0 1
    outer loop
      vertex 20.2929 68.7429 3.2
      vertex 19.9373 67.4159 3.2
      vertex 20.3267 67.4414 3.2
    endloop
  endfacet
  facet normal 0 0 1
    outer loop
      vertex 19 69.45 3.2
      vertex 20.0761 69.8327 3.2
      vertex 19.5874 71.6566 3.2
    endloop
  endfacet
  facet normal 0 0 1
    outer loop
      vertex 19 69.45 3.2
      vertex 19.5874 71.6566 3.2
      vertex 19.3301 71.95 3.2
    endloop
  endfacet
  facet normal 0 0 1
    outer loop
      vertex 18.7071 68.7429 3.2
      vertex 20.2929 68.7429 3.2
      vertex 18.9239 69.0673 3.2
    endloop
  endfacet
  facet normal 0 0 1
    outer loop
      vertex 20.0761 69.8327 3.2
      vertex 19 69.45 3.2
      vertex 20 69.45 3.2
    endloop
  endfacet
  facet normal 0 0 1
    outer loop
      vertex 18.9239 69.0673 3.2
      vertex 20.0761 69.0673 3.2
      vertex 19 69.45 3.2
    endloop
  endfacet
  facet normal 0 0 1
    outer loop
      vertex 19 69.45 3.2
      vertex 19.3301 71.95 3.2
      vertex 19.2047 72.3195 3.2
    endloop
  endfacet
  facet normal 0 0 1
    outer loop
      vertex 20.2929 68.7429 3.2
      vertex 18.7071 68.7429 3.2
      vertex 19.9373 67.4159 3.2
    endloop
  endfacet
  facet normal -0 0 1
    outer loop
      vertex 20.9895 67.0588 3.2
      vertex 22.72 67.0474 3.2
      vertex 21.3827 68.5261 3.2
    endloop
  endfacet
  facet normal 0 0 1
    outer loop
      vertex 22.72 67.0474 3.2
      vertex 21.1621 66.7088 3.2
      vertex 22.5175 66.7138 3.2
    endloop
  endfacet
  facet normal 0 0 1
    outer loop
      vertex 21.0622 65.95 3.2
      vertex 22.4582 66.3282 3.2
      vertex 21.1876 66.3195 3.2
    endloop
  endfacet
  facet normal 0 -0 1
    outer loop
      vertex 21.8072 64.6611 3.2
      vertex 22.4582 66.3282 3.2
      vertex 21.0622 65.95 3.2
    endloop
  endfacet
  facet normal -0 0 1
    outer loop
      vertex 21.1621 66.7088 3.2
      vertex 22.4582 66.3282 3.2
      vertex 22.5175 66.7138 3.2
    endloop
  endfacet
  facet normal 0 0 1
    outer loop
      vertex 22.4582 66.3282 3.2
      vertex 21.8072 64.6611 3.2
      vertex 22.1951 64.6186 3.2
    endloop
  endfacet
  facet normal -0 0 1
    outer loop
      vertex 20.8049 65.6566 3.2
      vertex 21.8072 64.6611 3.2
      vertex 21.0622 65.95 3.2
    endloop
  endfacet
  facet normal 0 0 1
    outer loop
      vertex 21.8072 64.6611 3.2
      vertex 20.8049 65.6566 3.2
      vertex 21.4327 64.5519 3.2
    endloop
  endfacet
  facet normal -0 0 1
    outer loop
      vertex 20.455 65.4841 3.2
      vertex 21.4327 64.5519 3.2
      vertex 20.8049 65.6566 3.2
    endloop
  endfacet
  facet normal 0 0 1
    outer loop
      vertex 21.4327 64.5519 3.2
      vertex 20.455 65.4841 3.2
      vertex 21.1284 64.3077 3.2
    endloop
  endfacet
  facet normal -0 0 1
    outer loop
      vertex 20.0656 65.4586 3.2
      vertex 21.1284 64.3077 3.2
      vertex 20.455 65.4841 3.2
    endloop
  endfacet
  facet normal 0 0 1
    outer loop
      vertex 21.7071 70.1571 3.2
      vertex 21.1621 72.1912 3.2
      vertex 21.3827 70.3739 3.2
    endloop
  endfacet
  facet normal -0 0 1
    outer loop
      vertex 20.9895 71.8412 3.2
      vertex 21.3827 70.3739 3.2
      vertex 21.1621 72.1912 3.2
    endloop
  endfacet
  facet normal 0 0 1
    outer loop
      vertex 21.3827 70.3739 3.2
      vertex 20.9895 71.8412 3.2
      vertex 21 70.45 3.2
    endloop
  endfacet
  facet normal -0 0 1
    outer loop
      vertex 20.6962 71.584 3.2
      vertex 21 70.45 3.2
      vertex 20.9895 71.8412 3.2
    endloop
  endfacet
  facet normal 0 0 1
    outer loop
      vertex 20.6962 71.584 3.2
      vertex 20.6173 70.3739 3.2
      vertex 21 70.45 3.2
    endloop
  endfacet
  facet normal -0 0 1
    outer loop
      vertex 20.3267 71.4586 3.2
      vertex 20.6173 70.3739 3.2
      vertex 20.6962 71.584 3.2
    endloop
  endfacet
  facet normal 0 0 1
    outer loop
      vertex 20.3267 71.4586 3.2
      vertex 20.2929 70.1571 3.2
      vertex 20.6173 70.3739 3.2
    endloop
  endfacet
  facet normal 0 0 1
    outer loop
      vertex 19.9373 71.4841 3.2
      vertex 20.2929 70.1571 3.2
      vertex 20.3267 71.4586 3.2
    endloop
  endfacet
  facet normal 0 0 1
    outer loop
      vertex 20.2929 70.1571 3.2
      vertex 19.9373 71.4841 3.2
      vertex 20.0761 69.8327 3.2
    endloop
  endfacet
  facet normal 0 0 1
    outer loop
      vertex 19.5874 71.6566 3.2
      vertex 20.0761 69.8327 3.2
      vertex 19.9373 71.4841 3.2
    endloop
  endfacet
  facet normal 0 0 1
    outer loop
      vertex 22.5372 64.431 3.2
      vertex 23.1152 65.4321 3.2
      vertex 22.7816 65.6345 3.2
    endloop
  endfacet
  facet normal 0 0 1
    outer loop
      vertex 23.1152 65.4321 3.2
      vertex 22.7814 64.1267 3.2
      vertex 22.8906 63.7521 3.2
    endloop
  endfacet
  facet normal 0 0 1
    outer loop
      vertex 22.1951 64.6186 3.2
      vertex 22.7816 65.6345 3.2
      vertex 22.5509 65.9492 3.2
    endloop
  endfacet
  facet normal 0 0 1
    outer loop
      vertex 23.1152 65.4321 3.2
      vertex 22.5372 64.431 3.2
      vertex 22.7814 64.1267 3.2
    endloop
  endfacet
  facet normal 0 0 1
    outer loop
      vertex 22.1951 64.6186 3.2
      vertex 22.5509 65.9492 3.2
      vertex 22.4582 66.3282 3.2
    endloop
  endfacet
  facet normal 0 0 1
    outer loop
      vertex 22.7816 65.6345 3.2
      vertex 22.1951 64.6186 3.2
      vertex 22.5372 64.431 3.2
    endloop
  endfacet
  facet normal 0 0 1
    outer loop
      vertex 23.0346 67.2781 3.2
      vertex 21.7071 68.7429 3.2
      vertex 22.72 67.0474 3.2
    endloop
  endfacet
  facet normal -0 0 1
    outer loop
      vertex 21.3827 68.5261 3.2
      vertex 22.72 67.0474 3.2
      vertex 21.7071 68.7429 3.2
    endloop
  endfacet
  facet normal 0 0 1
    outer loop
      vertex 22.1951 74.2814 3.2
      vertex 21.9239 69.8327 3.2
      vertex 22 69.45 3.2
    endloop
  endfacet
  facet normal 0 0 1
    outer loop
      vertex 21.0622 72.95 3.2
      vertex 22.1951 74.2814 3.2
      vertex 21.8072 74.2389 3.2
    endloop
  endfacet
  facet normal 0 0 1
    outer loop
      vertex 22.1951 74.2814 3.2
      vertex 21.7071 70.1571 3.2
      vertex 21.9239 69.8327 3.2
    endloop
  endfacet
  facet normal 0 0 1
    outer loop
      vertex 20.8049 73.2434 3.2
      vertex 21.8072 74.2389 3.2
      vertex 21.4327 74.3481 3.2
    endloop
  endfacet
  facet normal 0 0 1
    outer loop
      vertex 21.1621 72.1912 3.2
      vertex 22.1951 74.2814 3.2
      vertex 21.1876 72.5805 3.2
    endloop
  endfacet
  facet normal 0 0 1
    outer loop
      vertex 22.1951 74.2814 3.2
      vertex 21.1621 72.1912 3.2
      vertex 21.7071 70.1571 3.2
    endloop
  endfacet
  facet normal 0 0 1
    outer loop
      vertex 20.455 73.4159 3.2
      vertex 21.4327 74.3481 3.2
      vertex 21.1284 74.5923 3.2
    endloop
  endfacet
  facet normal 0 0 1
    outer loop
      vertex 22.1951 74.2814 3.2
      vertex 21.0622 72.95 3.2
      vertex 21.1876 72.5805 3.2
    endloop
  endfacet
  facet normal 0 0 1
    outer loop
      vertex 20.455 73.4159 3.2
      vertex 21.1284 74.5923 3.2
      vertex 20.9407 74.9344 3.2
    endloop
  endfacet
  facet normal 0 0 1
    outer loop
      vertex 20.455 73.4159 3.2
      vertex 20.9407 74.9344 3.2
      vertex 20.8982 75.3222 3.2
    endloop
  endfacet
  facet normal 0 0 1
    outer loop
      vertex 21.8072 74.2389 3.2
      vertex 20.8049 73.2434 3.2
      vertex 21.0622 72.95 3.2
    endloop
  endfacet
  facet normal 0 0 1
    outer loop
      vertex 23.5009 73.5272 3.2
      vertex 22.7814 74.7733 3.2
      vertex 23.1152 73.4679 3.2
    endloop
  endfacet
  facet normal -0 0 1
    outer loop
      vertex 22.5372 74.469 3.2
      vertex 23.1152 73.4679 3.2
      vertex 22.7814 74.7733 3.2
    endloop
  endfacet
  facet normal 0 0 1
    outer loop
      vertex 23.1152 73.4679 3.2
      vertex 22.5372 74.469 3.2
      vertex 22.7816 73.2655 3.2
    endloop
  endfacet
  facet normal -0 0 1
    outer loop
      vertex 22.1951 74.2814 3.2
      vertex 22.7816 73.2655 3.2
      vertex 22.5372 74.469 3.2
    endloop
  endfacet
  facet normal 0 0 1
    outer loop
      vertex 22.7816 73.2655 3.2
      vertex 22.1951 74.2814 3.2
      vertex 22.5509 72.9508 3.2
    endloop
  endfacet
  facet normal 0 0 1
    outer loop
      vertex 22 69.45 3.2
      vertex 22.4582 72.5718 3.2
      vertex 22.1951 74.2814 3.2
    endloop
  endfacet
  facet normal 0 0 1
    outer loop
      vertex 22.5509 72.9508 3.2
      vertex 22.1951 74.2814 3.2
      vertex 22.4582 72.5718 3.2
    endloop
  endfacet
  facet normal 0 0 1
    outer loop
      vertex 24.3635 66.7944 3.2
      vertex 24.7071 68.7429 3.2
      vertex 24.3827 68.5261 3.2
    endloop
  endfacet
  facet normal 0 0 1
    outer loop
      vertex 24.7071 68.7429 3.2
      vertex 24.3635 66.7944 3.2
      vertex 24.4563 66.4154 3.2
    endloop
  endfacet
  facet normal 0 0 1
    outer loop
      vertex 24.3827 68.5261 3.2
      vertex 24.1328 67.1091 3.2
      vertex 24.3635 66.7944 3.2
    endloop
  endfacet
  facet normal -0 0 1
    outer loop
      vertex 24 68.45 3.2
      vertex 24.1328 67.1091 3.2
      vertex 24.3827 68.5261 3.2
    endloop
  endfacet
  facet normal 0 0 1
    outer loop
      vertex 24 68.45 3.2
      vertex 23.7993 67.3115 3.2
      vertex 24.1328 67.1091 3.2
    endloop
  endfacet
  facet normal 0 0 1
    outer loop
      vertex 23.6173 68.5261 3.2
      vertex 23.7993 67.3115 3.2
      vertex 24 68.45 3.2
    endloop
  endfacet
  facet normal 0 0 1
    outer loop
      vertex 23.6173 68.5261 3.2
      vertex 23.4136 67.3709 3.2
      vertex 23.7993 67.3115 3.2
    endloop
  endfacet
  facet normal 0 0 1
    outer loop
      vertex 23.2929 68.7429 3.2
      vertex 23.4136 67.3709 3.2
      vertex 23.6173 68.5261 3.2
    endloop
  endfacet
  facet normal 0 0 1
    outer loop
      vertex 21.9239 69.0673 3.2
      vertex 23.0761 69.0673 3.2
      vertex 22 69.45 3.2
    endloop
  endfacet
  facet normal 0 0 1
    outer loop
      vertex 23.2929 68.7429 3.2
      vertex 23.0346 67.2781 3.2
      vertex 23.4136 67.3709 3.2
    endloop
  endfacet
  facet normal -0 0 1
    outer loop
      vertex 22 69.45 3.2
      vertex 23.0761 69.0673 3.2
      vertex 23 69.45 3.2
    endloop
  endfacet
  facet normal 0 0 1
    outer loop
      vertex 22 69.45 3.2
      vertex 22.72 71.8526 3.2
      vertex 22.5175 72.1862 3.2
    endloop
  endfacet
  facet normal 0 0 1
    outer loop
      vertex 23.0761 69.0673 3.2
      vertex 21.9239 69.0673 3.2
      vertex 23.2929 68.7429 3.2
    endloop
  endfacet
  facet normal 0 0 1
    outer loop
      vertex 23.0761 69.8327 3.2
      vertex 22 69.45 3.2
      vertex 23 69.45 3.2
    endloop
  endfacet
  facet normal 0 0 1
    outer loop
      vertex 21.7071 68.7429 3.2
      vertex 23.2929 68.7429 3.2
      vertex 21.9239 69.0673 3.2
    endloop
  endfacet
  facet normal 0 0 1
    outer loop
      vertex 22 69.45 3.2
      vertex 22.5175 72.1862 3.2
      vertex 22.4582 72.5718 3.2
    endloop
  endfacet
  facet normal 0 0 1
    outer loop
      vertex 23.2929 68.7429 3.2
      vertex 21.7071 68.7429 3.2
      vertex 23.0346 67.2781 3.2
    endloop
  endfacet
  facet normal 0 0 1
    outer loop
      vertex 52.55 88.7 3.2
      vertex 53.35 87.9 3.2
      vertex 53.3431 88.0044 3.2
    endloop
  endfacet
  facet normal 0 0 1
    outer loop
      vertex 53.35 87.9 3.2
      vertex 49 69.45 3.2
      vertex 53.35 51 3.2
    endloop
  endfacet
  facet normal 0 0 1
    outer loop
      vertex 52.55 88.7 3.2
      vertex 53.3431 88.0044 3.2
      vertex 53.3227 88.1071 3.2
    endloop
  endfacet
  facet normal -0 0 1
    outer loop
      vertex 48.8769 67.8857 3.2
      vertex 53.35 51 3.2
      vertex 49 69.45 3.2
    endloop
  endfacet
  facet normal 0 0 1
    outer loop
      vertex 52.55 88.7 3.2
      vertex 53.3227 88.1071 3.2
      vertex 53.2891 88.2061 3.2
    endloop
  endfacet
  facet normal -0 0 1
    outer loop
      vertex 48.5106 66.3598 3.2
      vertex 53.35 51 3.2
      vertex 48.8769 67.8857 3.2
    endloop
  endfacet
  facet normal 0 0 1
    outer loop
      vertex 52.55 88.7 3.2
      vertex 53.2891 88.2061 3.2
      vertex 53.2428 88.3 3.2
    endloop
  endfacet
  facet normal -0 0 1
    outer loop
      vertex 47.9101 64.9101 3.2
      vertex 53.35 51 3.2
      vertex 48.5106 66.3598 3.2
    endloop
  endfacet
  facet normal 0 0 1
    outer loop
      vertex 52.55 88.7 3.2
      vertex 53.2428 88.3 3.2
      vertex 53.1847 88.387 3.2
    endloop
  endfacet
  facet normal -0 0 1
    outer loop
      vertex 47.0902 63.5721 3.2
      vertex 53.35 51 3.2
      vertex 47.9101 64.9101 3.2
    endloop
  endfacet
  facet normal 0 0 1
    outer loop
      vertex 52.55 88.7 3.2
      vertex 53.1847 88.387 3.2
      vertex 53.1157 88.4657 3.2
    endloop
  endfacet
  facet normal -0 0 1
    outer loop
      vertex 46.0711 62.3789 3.2
      vertex 53.35 51 3.2
      vertex 47.0902 63.5721 3.2
    endloop
  endfacet
  facet normal 0 0 1
    outer loop
      vertex 52.55 88.7 3.2
      vertex 53.1157 88.4657 3.2
      vertex 53.037 88.5347 3.2
    endloop
  endfacet
  facet normal -0 0 1
    outer loop
      vertex 44.8779 61.3598 3.2
      vertex 53.35 51 3.2
      vertex 46.0711 62.3789 3.2
    endloop
  endfacet
  facet normal 0 0 1
    outer loop
      vertex 52.55 88.7 3.2
      vertex 53.037 88.5347 3.2
      vertex 52.95 88.5928 3.2
    endloop
  endfacet
  facet normal 0 -0 1
    outer loop
      vertex 52.55 50.2 3.2
      vertex 53.35 51 3.2
      vertex 44.8779 61.3598 3.2
    endloop
  endfacet
  facet normal 0 0 1
    outer loop
      vertex 52.55 88.7 3.2
      vertex 52.95 88.5928 3.2
      vertex 52.8561 88.6391 3.2
    endloop
  endfacet
  facet normal 0 0 1
    outer loop
      vertex 53.35 51 3.2
      vertex 52.55 50.2 3.2
      vertex 53.3431 50.8956 3.2
    endloop
  endfacet
  facet normal 0 0 1
    outer loop
      vertex 52.55 88.7 3.2
      vertex 52.8561 88.6391 3.2
      vertex 52.757 88.6727 3.2
    endloop
  endfacet
  facet normal 0 0 1
    outer loop
      vertex 53.3431 50.8956 3.2
      vertex 52.55 50.2 3.2
      vertex 53.3227 50.7929 3.2
    endloop
  endfacet
  facet normal 0 0 1
    outer loop
      vertex 52.55 88.7 3.2
      vertex 52.757 88.6727 3.2
      vertex 52.6544 88.6931 3.2
    endloop
  endfacet
  facet normal 0 0 1
    outer loop
      vertex 53.3227 50.7929 3.2
      vertex 52.55 50.2 3.2
      vertex 53.2891 50.6939 3.2
    endloop
  endfacet
  facet normal 0 0 1
    outer loop
      vertex 53.35 87.9 3.2
      vertex 52.55 88.7 3.2
      vertex 44.8779 77.5402 3.2
    endloop
  endfacet
  facet normal 0 0 1
    outer loop
      vertex 53.2891 50.6939 3.2
      vertex 52.55 50.2 3.2
      vertex 53.2428 50.6 3.2
    endloop
  endfacet
  facet normal 0 0 1
    outer loop
      vertex 53.1847 50.513 3.2
      vertex 52.55 50.2 3.2
      vertex 53.1157 50.4343 3.2
    endloop
  endfacet
  facet normal 0 0 1
    outer loop
      vertex 53.35 87.9 3.2
      vertex 48.8769 71.0143 3.2
      vertex 49 69.45 3.2
    endloop
  endfacet
  facet normal 0 0 1
    outer loop
      vertex 53.35 87.9 3.2
      vertex 48.5106 72.5402 3.2
      vertex 48.8769 71.0143 3.2
    endloop
  endfacet
  facet normal 0 0 1
    outer loop
      vertex 53.35 87.9 3.2
      vertex 47.9101 73.9899 3.2
      vertex 48.5106 72.5402 3.2
    endloop
  endfacet
  facet normal 0 0 1
    outer loop
      vertex 53.35 87.9 3.2
      vertex 47.0902 75.3279 3.2
      vertex 47.9101 73.9899 3.2
    endloop
  endfacet
  facet normal 0 0 1
    outer loop
      vertex 53.35 87.9 3.2
      vertex 46.0711 76.5211 3.2
      vertex 47.0902 75.3279 3.2
    endloop
  endfacet
  facet normal 0 0 1
    outer loop
      vertex 53.35 87.9 3.2
      vertex 44.8779 77.5402 3.2
      vertex 46.0711 76.5211 3.2
    endloop
  endfacet
  facet normal 0 0 1
    outer loop
      vertex 52.55 88.7 3.2
      vertex 43.5399 78.3601 3.2
      vertex 44.8779 77.5402 3.2
    endloop
  endfacet
  facet normal 0 0 1
    outer loop
      vertex 52.55 88.7 3.2
      vertex 42.0902 78.9606 3.2
      vertex 43.5399 78.3601 3.2
    endloop
  endfacet
  facet normal 0 0 1
    outer loop
      vertex 52.55 88.7 3.2
      vertex 40.5643 79.3269 3.2
      vertex 42.0902 78.9606 3.2
    endloop
  endfacet
  facet normal 0 0 1
    outer loop
      vertex 52.55 88.7 3.2
      vertex 39 79.45 3.2
      vertex 40.5643 79.3269 3.2
    endloop
  endfacet
  facet normal 0 0 1
    outer loop
      vertex 52.55 88.7 3.2
      vertex 37.4357 79.3269 3.2
      vertex 39 79.45 3.2
    endloop
  endfacet
  facet normal 0 0 1
    outer loop
      vertex 52.55 88.7 3.2
      vertex 35.9098 78.9606 3.2
      vertex 37.4357 79.3269 3.2
    endloop
  endfacet
  facet normal -0 0 1
    outer loop
      vertex 16.7365 79.2981 3.2
      vertex 35.9098 78.9606 3.2
      vertex 52.55 88.7 3.2
    endloop
  endfacet
  facet normal -0 0 1
    outer loop
      vertex 24.9239 69.8327 3.2
      vertex 29 69.45 3.2
      vertex 29.1231 71.0143 3.2
    endloop
  endfacet
  facet normal -0 0 1
    outer loop
      vertex 24.4563 72.4846 3.2
      vertex 29.1231 71.0143 3.2
      vertex 29.4894 72.5402 3.2
    endloop
  endfacet
  facet normal -0 0 1
    outer loop
      vertex 24.3969 72.8702 3.2
      vertex 29.4894 72.5402 3.2
      vertex 30.0899 73.9899 3.2
    endloop
  endfacet
  facet normal 0 0 1
    outer loop
      vertex 22.8481 75.5358 3.2
      vertex 30.0899 73.9899 3.2
      vertex 30.9098 75.3279 3.2
    endloop
  endfacet
  facet normal -0 0 1
    outer loop
      vertex 22.6604 75.8779 3.2
      vertex 30.9098 75.3279 3.2
      vertex 31.9289 76.5211 3.2
    endloop
  endfacet
  facet normal 0 0 1
    outer loop
      vertex 29 69.45 3.2
      vertex 24.9239 69.8327 3.2
      vertex 25 69.45 3.2
    endloop
  endfacet
  facet normal 0 0 1
    outer loop
      vertex 29.1231 71.0143 3.2
      vertex 24.4563 72.4846 3.2
      vertex 24.3635 72.1056 3.2
    endloop
  endfacet
  facet normal 0 0 1
    outer loop
      vertex 29.1231 71.0143 3.2
      vertex 24.7071 70.1571 3.2
      vertex 24.9239 69.8327 3.2
    endloop
  endfacet
  facet normal 0 0 1
    outer loop
      vertex 22.3561 76.1221 3.2
      vertex 31.9289 76.5211 3.2
      vertex 33.1221 77.5402 3.2
    endloop
  endfacet
  facet normal -0 0 1
    outer loop
      vertex 20 78.1103 3.2
      vertex 33.1221 77.5402 3.2
      vertex 34.4601 78.3601 3.2
    endloop
  endfacet
  facet normal 0 0 1
    outer loop
      vertex 29.4894 72.5402 3.2
      vertex 24.3969 72.8702 3.2
      vertex 24.4563 72.4846 3.2
    endloop
  endfacet
  facet normal -0 -0 1
    outer loop
      vertex 17.1001 79.1567 3.2
      vertex 35.9098 78.9606 3.2
      vertex 16.7365 79.2981 3.2
    endloop
  endfacet
  facet normal 0 0 1
    outer loop
      vertex 30.0899 73.9899 3.2
      vertex 24.1945 73.2038 3.2
      vertex 24.3969 72.8702 3.2
    endloop
  endfacet
  facet normal 0 0 1
    outer loop
      vertex 30.0899 73.9899 3.2
      vertex 22.8481 75.5358 3.2
      vertex 24.1945 73.2038 3.2
    endloop
  endfacet
  facet normal 0 0 1
    outer loop
      vertex 24.1945 73.2038 3.2
      vertex 22.8481 75.5358 3.2
      vertex 23.8799 73.4345 3.2
    endloop
  endfacet
  facet normal -0 -0 1
    outer loop
      vertex 22.8906 75.1479 3.2
      vertex 23.8799 73.4345 3.2
      vertex 22.8481 75.5358 3.2
    endloop
  endfacet
  facet normal -0 0 1
    outer loop
      vertex 22.7814 74.7733 3.2
      vertex 23.5009 73.5272 3.2
      vertex 22.8906 75.1479 3.2
    endloop
  endfacet
  facet normal 0 0 1
    outer loop
      vertex 23.8799 73.4345 3.2
      vertex 22.8906 75.1479 3.2
      vertex 23.5009 73.5272 3.2
    endloop
  endfacet
  facet normal 0 0 1
    outer loop
      vertex 30.9098 75.3279 3.2
      vertex 22.6604 75.8779 3.2
      vertex 22.8481 75.5358 3.2
    endloop
  endfacet
  facet normal 0 0 1
    outer loop
      vertex 31.9289 76.5211 3.2
      vertex 22.3561 76.1221 3.2
      vertex 22.6604 75.8779 3.2
    endloop
  endfacet
  facet normal 0 0 1
    outer loop
      vertex 33.1221 77.5402 3.2
      vertex 20.2934 77.853 3.2
      vertex 22.3561 76.1221 3.2
    endloop
  endfacet
  facet normal 0 0 1
    outer loop
      vertex 22.3561 76.1221 3.2
      vertex 20.2934 77.853 3.2
      vertex 21.9816 76.2313 3.2
    endloop
  endfacet
  facet normal -0 0 1
    outer loop
      vertex 20.1088 76.4509 3.2
      vertex 21.0074 75.6968 3.2
      vertex 20.366 76.7442 3.2
    endloop
  endfacet
  facet normal 0 0 1
    outer loop
      vertex 21.2516 76.0011 3.2
      vertex 20.366 76.7442 3.2
      vertex 21.0074 75.6968 3.2
    endloop
  endfacet
  facet normal -0 0 1
    outer loop
      vertex 20.366 76.7442 3.2
      vertex 21.2516 76.0011 3.2
      vertex 20.4914 77.1137 3.2
    endloop
  endfacet
  facet normal 0 0 1
    outer loop
      vertex 21.5937 76.1888 3.2
      vertex 20.4914 77.1137 3.2
      vertex 21.2516 76.0011 3.2
    endloop
  endfacet
  facet normal -0 -0 1
    outer loop
      vertex 20.4659 77.503 3.2
      vertex 21.9816 76.2313 3.2
      vertex 20.2934 77.853 3.2
    endloop
  endfacet
  facet normal 0 0 1
    outer loop
      vertex 21.5937 76.1888 3.2
      vertex 20.4659 77.503 3.2
      vertex 20.4914 77.1137 3.2
    endloop
  endfacet
  facet normal 0 0 1
    outer loop
      vertex 21.9816 76.2313 3.2
      vertex 20.4659 77.503 3.2
      vertex 21.5937 76.1888 3.2
    endloop
  endfacet
  facet normal 0 0 1
    outer loop
      vertex 33.1221 77.5402 3.2
      vertex 20 78.1103 3.2
      vertex 20.2934 77.853 3.2
    endloop
  endfacet
  facet normal 0 0 1
    outer loop
      vertex 34.4601 78.3601 3.2
      vertex 19.6305 78.2357 3.2
      vertex 20 78.1103 3.2
    endloop
  endfacet
  facet normal 0 0 1
    outer loop
      vertex 35.9098 78.9606 3.2
      vertex 19.6305 78.2357 3.2
      vertex 34.4601 78.3601 3.2
    endloop
  endfacet
  facet normal 0 0 1
    outer loop
      vertex 18.7066 76.6355 3.2
      vertex 18.1305 75.6376 3.2
      vertex 18.5 75.5122 3.2
    endloop
  endfacet
  facet normal 0 0 1
    outer loop
      vertex 18.5341 76.9854 3.2
      vertex 17.7412 75.6121 3.2
      vertex 18.1305 75.6376 3.2
    endloop
  endfacet
  facet normal 0 0 1
    outer loop
      vertex 17.5476 78.1396 3.2
      vertex 18.5086 77.3748 3.2
      vertex 18.634 77.7442 3.2
    endloop
  endfacet
  facet normal 0 0 1
    outer loop
      vertex 18.5086 77.3748 3.2
      vertex 17.4062 77.776 3.2
      vertex 18.5341 76.9854 3.2
    endloop
  endfacet
  facet normal 0 0 1
    outer loop
      vertex 18.8912 78.0376 3.2
      vertex 17.5476 78.1396 3.2
      vertex 18.634 77.7442 3.2
    endloop
  endfacet
  facet normal 0 0 1
    outer loop
      vertex 17.5391 78.5297 3.2
      vertex 18.8912 78.0376 3.2
      vertex 19.2412 78.2102 3.2
    endloop
  endfacet
  facet normal 0 0 1
    outer loop
      vertex 19.6305 78.2357 3.2
      vertex 17.1001 79.1567 3.2
      vertex 19.2412 78.2102 3.2
    endloop
  endfacet
  facet normal 0 0 1
    outer loop
      vertex 18.8912 78.0376 3.2
      vertex 17.5391 78.5297 3.2
      vertex 17.5476 78.1396 3.2
    endloop
  endfacet
  facet normal 0 0 1
    outer loop
      vertex 19.2412 78.2102 3.2
      vertex 17.382 78.8868 3.2
      vertex 17.5391 78.5297 3.2
    endloop
  endfacet
  facet normal 0 0 1
    outer loop
      vertex 19.2412 78.2102 3.2
      vertex 17.1001 79.1567 3.2
      vertex 17.382 78.8868 3.2
    endloop
  endfacet
  facet normal 0 -0 1
    outer loop
      vertex 19.6305 78.2357 3.2
      vertex 35.9098 78.9606 3.2
      vertex 17.1001 79.1567 3.2
    endloop
  endfacet
  facet normal -0 0 1
    outer loop
      vertex 0.800003 88.7 3.2
      vertex 16.7365 79.2981 3.2
      vertex 52.55 88.7 3.2
    endloop
  endfacet
  facet normal 0 0 1
    outer loop
      vertex 15.7437 77.7397 3.2
      vertex 15 76.45 3.2
      vertex 15.3827 76.3739 3.2
    endloop
  endfacet
  facet normal 0 0 1
    outer loop
      vertex 15.5865 78.0968 3.2
      vertex 14.4135 78.0968 3.2
      vertex 15.7437 77.7397 3.2
    endloop
  endfacet
  facet normal 0 0 1
    outer loop
      vertex 14.422 78.4869 3.2
      vertex 15.578 78.4869 3.2
      vertex 15.7194 78.8506 3.2
    endloop
  endfacet
  facet normal 0 0 1
    outer loop
      vertex 14.2563 77.7397 3.2
      vertex 15.7437 77.7397 3.2
      vertex 14.4135 78.0968 3.2
    endloop
  endfacet
  facet normal 0 0 1
    outer loop
      vertex 14.2806 78.8506 3.2
      vertex 15.7194 78.8506 3.2
      vertex 15.9893 79.1324 3.2
    endloop
  endfacet
  facet normal 0 0 1
    outer loop
      vertex 14.0107 79.1324 3.2
      vertex 15.9893 79.1324 3.2
      vertex 16.3464 79.2896 3.2
    endloop
  endfacet
  facet normal 0 0 1
    outer loop
      vertex 15.7194 78.8506 3.2
      vertex 14.2806 78.8506 3.2
      vertex 14.422 78.4869 3.2
    endloop
  endfacet
  facet normal 0 0 1
    outer loop
      vertex 16.7365 79.2981 3.2
      vertex 0.800003 88.7 3.2
      vertex 16.3464 79.2896 3.2
    endloop
  endfacet
  facet normal 0 0 1
    outer loop
      vertex 15.9893 79.1324 3.2
      vertex 14.0107 79.1324 3.2
      vertex 14.2806 78.8506 3.2
    endloop
  endfacet
  facet normal 0 0 1
    outer loop
      vertex 16.3464 79.2896 3.2
      vertex 13.6536 79.2896 3.2
      vertex 14.0107 79.1324 3.2
    endloop
  endfacet
  facet normal 0 0 1
    outer loop
      vertex 16.3464 79.2896 3.2
      vertex 0.800003 88.7 3.2
      vertex 13.6536 79.2896 3.2
    endloop
  endfacet
  facet normal 0 0 1
    outer loop
      vertex 11.366 77.7442 3.2
      vertex 12.4524 78.1396 3.2
      vertex 12.4609 78.5297 3.2
    endloop
  endfacet
  facet normal 0 0 1
    outer loop
      vertex 11.4659 76.9854 3.2
      vertex 12.8636 77.4941 3.2
      vertex 11.4914 77.3748 3.2
    endloop
  endfacet
  facet normal 0 0 1
    outer loop
      vertex 12.8636 77.4941 3.2
      vertex 11.4659 76.9854 3.2
      vertex 12.2588 75.6121 3.2
    endloop
  endfacet
  facet normal 0 0 1
    outer loop
      vertex 12.2588 75.6121 3.2
      vertex 11.4659 76.9854 3.2
      vertex 11.8695 75.6376 3.2
    endloop
  endfacet
  facet normal 0 0 1
    outer loop
      vertex 11.1088 78.0376 3.2
      vertex 12.4609 78.5297 3.2
      vertex 12.618 78.8868 3.2
    endloop
  endfacet
  facet normal 0 0 1
    outer loop
      vertex 12.4524 78.1396 3.2
      vertex 11.366 77.7442 3.2
      vertex 11.4914 77.3748 3.2
    endloop
  endfacet
  facet normal 0 0 1
    outer loop
      vertex 10.7588 78.2102 3.2
      vertex 12.618 78.8868 3.2
      vertex 12.8999 79.1567 3.2
    endloop
  endfacet
  facet normal 0 0 1
    outer loop
      vertex 12.4609 78.5297 3.2
      vertex 11.1088 78.0376 3.2
      vertex 11.366 77.7442 3.2
    endloop
  endfacet
  facet normal 0 0 1
    outer loop
      vertex 12.618 78.8868 3.2
      vertex 10.7588 78.2102 3.2
      vertex 11.1088 78.0376 3.2
    endloop
  endfacet
  facet normal 0 0 1
    outer loop
      vertex 12.8999 79.1567 3.2
      vertex 10.3695 78.2357 3.2
      vertex 10.7588 78.2102 3.2
    endloop
  endfacet
  facet normal 0 0 1
    outer loop
      vertex 0.800003 88.7 3.2
      vertex 12.8999 79.1567 3.2
      vertex 13.2635 79.2981 3.2
    endloop
  endfacet
  facet normal 0 0 1
    outer loop
      vertex 12.8999 79.1567 3.2
      vertex 0.800003 88.7 3.2
      vertex 10.3695 78.2357 3.2
    endloop
  endfacet
  facet normal 0 0 1
    outer loop
      vertex 8.40631 76.1888 3.2
      vertex 9.50856 77.1137 3.2
      vertex 9.53407 77.503 3.2
    endloop
  endfacet
  facet normal -0 0 1
    outer loop
      vertex 8.87164 74.5923 3.2
      vertex 9.93437 73.4414 3.2
      vertex 9.05932 74.9344 3.2
    endloop
  endfacet
  facet normal 0 0 1
    outer loop
      vertex 9.89124 76.4509 3.2
      vertex 8.99261 75.6968 3.2
      vertex 9.1018 75.3222 3.2
    endloop
  endfacet
  facet normal 0 0 1
    outer loop
      vertex 9.63398 76.7442 3.2
      vertex 8.74839 76.0011 3.2
      vertex 8.99261 75.6968 3.2
    endloop
  endfacet
  facet normal 0 0 1
    outer loop
      vertex 8.01845 76.2313 3.2
      vertex 9.53407 77.503 3.2
      vertex 9.70665 77.853 3.2
    endloop
  endfacet
  facet normal 0 0 1
    outer loop
      vertex 9.50856 77.1137 3.2
      vertex 8.40631 76.1888 3.2
      vertex 8.74839 76.0011 3.2
    endloop
  endfacet
  facet normal 0 0 1
    outer loop
      vertex 9.53407 77.503 3.2
      vertex 8.01845 76.2313 3.2
      vertex 8.40631 76.1888 3.2
    endloop
  endfacet
  facet normal 0 0 1
    outer loop
      vertex 9.70665 77.853 3.2
      vertex 7.64385 76.1221 3.2
      vertex 8.01845 76.2313 3.2
    endloop
  endfacet
  facet normal 0 0 1
    outer loop
      vertex 0 87.9 3.2
      vertex 9.70665 77.853 3.2
      vertex 10 78.1103 3.2
    endloop
  endfacet
  facet normal 0 0 1
    outer loop
      vertex 9.70665 77.853 3.2
      vertex 0 87.9 3.2
      vertex 7.64385 76.1221 3.2
    endloop
  endfacet
  facet normal 0 0 1
    outer loop
      vertex 6.12015 73.4345 3.2
      vertex 7.10941 75.1479 3.2
      vertex 7.15188 75.5358 3.2
    endloop
  endfacet
  facet normal 0 0 1
    outer loop
      vertex 7.21859 74.7733 3.2
      vertex 6.49915 73.5272 3.2
      vertex 6.88479 73.4679 3.2
    endloop
  endfacet
  facet normal 0 0 1
    outer loop
      vertex 7.10941 75.1479 3.2
      vertex 6.12015 73.4345 3.2
      vertex 6.49915 73.5272 3.2
    endloop
  endfacet
  facet normal 0 0 1
    outer loop
      vertex 7.15188 75.5358 3.2
      vertex 5.80549 73.2038 3.2
      vertex 6.12015 73.4345 3.2
    endloop
  endfacet
  facet normal 0 0 1
    outer loop
      vertex 0 87.9 3.2
      vertex 7.15188 75.5358 3.2
      vertex 7.33956 75.8779 3.2
    endloop
  endfacet
  facet normal 0 0 1
    outer loop
      vertex 7.15188 75.5358 3.2
      vertex 0 87.9 3.2
      vertex 5.80549 73.2038 3.2
    endloop
  endfacet
  facet normal 0 0 1
    outer loop
      vertex 5.54372 72.4846 3.2
      vertex 5.07612 69.8327 3.2
      vertex 5.29289 70.1571 3.2
    endloop
  endfacet
  facet normal 0 0 1
    outer loop
      vertex 0 87.9 3.2
      vertex 5.54372 72.4846 3.2
      vertex 5.60307 72.8702 3.2
    endloop
  endfacet
  facet normal 0 0 1
    outer loop
      vertex 5.54372 72.4846 3.2
      vertex 0 87.9 3.2
      vertex 5.07612 69.8327 3.2
    endloop
  endfacet
  facet normal 0 0 1
    outer loop
      vertex 5.80549 73.2038 3.2
      vertex 0 87.9 3.2
      vertex 5.60307 72.8702 3.2
    endloop
  endfacet
  facet normal 0 0 1
    outer loop
      vertex 7.64385 76.1221 3.2
      vertex 0 87.9 3.2
      vertex 7.33956 75.8779 3.2
    endloop
  endfacet
  facet normal -0 0 1
    outer loop
      vertex 0 87.9 3.2
      vertex 10 78.1103 3.2
      vertex 0.800003 88.7 3.2
    endloop
  endfacet
  facet normal 0 0 1
    outer loop
      vertex 10.3695 78.2357 3.2
      vertex 0.800003 88.7 3.2
      vertex 10 78.1103 3.2
    endloop
  endfacet
  facet normal 0 0 1
    outer loop
      vertex 13.6536 79.2896 3.2
      vertex 0.800003 88.7 3.2
      vertex 13.2635 79.2981 3.2
    endloop
  endfacet
  facet normal 0 0 1
    outer loop
      vertex 53.1157 50.4343 3.2
      vertex 52.55 50.2 3.2
      vertex 53.037 50.3653 3.2
    endloop
  endfacet
  facet normal 0 0 1
    outer loop
      vertex 53.037 50.3653 3.2
      vertex 52.55 50.2 3.2
      vertex 52.95 50.3072 3.2
    endloop
  endfacet
  facet normal 0 0 1
    outer loop
      vertex 52.95 50.3072 3.2
      vertex 52.55 50.2 3.2
      vertex 52.8561 50.2609 3.2
    endloop
  endfacet
  facet normal 0 0 1
    outer loop
      vertex 52.8561 50.2609 3.2
      vertex 52.55 50.2 3.2
      vertex 52.757 50.2273 3.2
    endloop
  endfacet
  facet normal 0 0 1
    outer loop
      vertex 52.757 50.2273 3.2
      vertex 52.55 50.2 3.2
      vertex 52.6544 50.2069 3.2
    endloop
  endfacet
  facet normal 0 0 1
    outer loop
      vertex 53.2428 50.6 3.2
      vertex 52.55 50.2 3.2
      vertex 53.1847 50.513 3.2
    endloop
  endfacet
  facet normal -0 0 1
    outer loop
      vertex 43.5399 60.5399 3.2
      vertex 52.55 50.2 3.2
      vertex 44.8779 61.3598 3.2
    endloop
  endfacet
  facet normal -0 0 1
    outer loop
      vertex 42.0902 59.9394 3.2
      vertex 52.55 50.2 3.2
      vertex 43.5399 60.5399 3.2
    endloop
  endfacet
  facet normal -0 0 1
    outer loop
      vertex 40.5643 59.5731 3.2
      vertex 52.55 50.2 3.2
      vertex 42.0902 59.9394 3.2
    endloop
  endfacet
  facet normal -0 0 1
    outer loop
      vertex 39 59.45 3.2
      vertex 52.55 50.2 3.2
      vertex 40.5643 59.5731 3.2
    endloop
  endfacet
  facet normal 0 0 1
    outer loop
      vertex 37.4357 59.5731 3.2
      vertex 52.55 50.2 3.2
      vertex 39 59.45 3.2
    endloop
  endfacet
  facet normal 0 0 1
    outer loop
      vertex 35.9098 59.9394 3.2
      vertex 52.55 50.2 3.2
      vertex 37.4357 59.5731 3.2
    endloop
  endfacet
  facet normal 0 0 1
    outer loop
      vertex 19.6305 60.6643 3.2
      vertex 35.9098 59.9394 3.2
      vertex 34.4601 60.5399 3.2
    endloop
  endfacet
  facet normal 0 0 1
    outer loop
      vertex 24.9239 69.0673 3.2
      vertex 29 69.45 3.2
      vertex 25 69.45 3.2
    endloop
  endfacet
  facet normal 0 0 1
    outer loop
      vertex 29 69.45 3.2
      vertex 24.9239 69.0673 3.2
      vertex 29.1231 67.8857 3.2
    endloop
  endfacet
  facet normal -0 0 1
    outer loop
      vertex 24.7071 68.7429 3.2
      vertex 29.1231 67.8857 3.2
      vertex 24.9239 69.0673 3.2
    endloop
  endfacet
  facet normal 0 0 1
    outer loop
      vertex 24.4563 66.4154 3.2
      vertex 29.1231 67.8857 3.2
      vertex 24.7071 68.7429 3.2
    endloop
  endfacet
  facet normal 0 0 1
    outer loop
      vertex 24.3969 66.0298 3.2
      vertex 29.4894 66.3598 3.2
      vertex 24.4563 66.4154 3.2
    endloop
  endfacet
  facet normal 0 0 1
    outer loop
      vertex 29.4894 66.3598 3.2
      vertex 24.3969 66.0298 3.2
      vertex 30.0899 64.9101 3.2
    endloop
  endfacet
  facet normal 0 0 1
    outer loop
      vertex 29.1231 67.8857 3.2
      vertex 24.4563 66.4154 3.2
      vertex 29.4894 66.3598 3.2
    endloop
  endfacet
  facet normal -0 0 1
    outer loop
      vertex 24.1945 65.6962 3.2
      vertex 30.0899 64.9101 3.2
      vertex 24.3969 66.0298 3.2
    endloop
  endfacet
  facet normal 0 0 1
    outer loop
      vertex 22.8481 63.3642 3.2
      vertex 30.0899 64.9101 3.2
      vertex 24.1945 65.6962 3.2
    endloop
  endfacet
  facet normal 0 0 1
    outer loop
      vertex 30.0899 64.9101 3.2
      vertex 22.8481 63.3642 3.2
      vertex 30.9098 63.5721 3.2
    endloop
  endfacet
  facet normal 0 0 1
    outer loop
      vertex 22.6604 63.0221 3.2
      vertex 30.9098 63.5721 3.2
      vertex 22.8481 63.3642 3.2
    endloop
  endfacet
  facet normal 0 0 1
    outer loop
      vertex 30.9098 63.5721 3.2
      vertex 22.6604 63.0221 3.2
      vertex 31.9289 62.3789 3.2
    endloop
  endfacet
  facet normal -0 0 1
    outer loop
      vertex 22.3561 62.7779 3.2
      vertex 31.9289 62.3789 3.2
      vertex 22.6604 63.0221 3.2
    endloop
  endfacet
  facet normal 0 0 1
    outer loop
      vertex 22.8481 63.3642 3.2
      vertex 24.1945 65.6962 3.2
      vertex 23.8799 65.4655 3.2
    endloop
  endfacet
  facet normal 0 0 1
    outer loop
      vertex 22.8906 63.7521 3.2
      vertex 23.8799 65.4655 3.2
      vertex 23.5009 65.3728 3.2
    endloop
  endfacet
  facet normal 0 0 1
    outer loop
      vertex 22.8906 63.7521 3.2
      vertex 23.5009 65.3728 3.2
      vertex 23.1152 65.4321 3.2
    endloop
  endfacet
  facet normal 0 0 1
    outer loop
      vertex 23.8799 65.4655 3.2
      vertex 22.8906 63.7521 3.2
      vertex 22.8481 63.3642 3.2
    endloop
  endfacet
  facet normal 0 0 1
    outer loop
      vertex 31.9289 62.3789 3.2
      vertex 22.3561 62.7779 3.2
      vertex 33.1221 61.3598 3.2
    endloop
  endfacet
  facet normal 0 0 1
    outer loop
      vertex 20.2934 61.047 3.2
      vertex 33.1221 61.3598 3.2
      vertex 22.3561 62.7779 3.2
    endloop
  endfacet
  facet normal 0 0 1
    outer loop
      vertex 20 60.7897 3.2
      vertex 33.1221 61.3598 3.2
      vertex 20.2934 61.047 3.2
    endloop
  endfacet
  facet normal 0 0 1
    outer loop
      vertex 20.2934 61.047 3.2
      vertex 22.3561 62.7779 3.2
      vertex 21.9816 62.6687 3.2
    endloop
  endfacet
  facet normal 0 0 1
    outer loop
      vertex 20.4659 61.397 3.2
      vertex 21.9816 62.6687 3.2
      vertex 21.5937 62.7112 3.2
    endloop
  endfacet
  facet normal 0 0 1
    outer loop
      vertex 21.1284 64.3077 3.2
      vertex 20.0656 65.4586 3.2
      vertex 20.9407 63.9656 3.2
    endloop
  endfacet
  facet normal 0 0 1
    outer loop
      vertex 20.4914 61.7863 3.2
      vertex 21.0074 63.2032 3.2
      vertex 20.8982 63.5778 3.2
    endloop
  endfacet
  facet normal 0 0 1
    outer loop
      vertex 20.4914 61.7863 3.2
      vertex 21.2516 62.8989 3.2
      vertex 21.0074 63.2032 3.2
    endloop
  endfacet
  facet normal 0 0 1
    outer loop
      vertex 20.4914 61.7863 3.2
      vertex 21.5937 62.7112 3.2
      vertex 21.2516 62.8989 3.2
    endloop
  endfacet
  facet normal 0 0 1
    outer loop
      vertex 20.4659 61.397 3.2
      vertex 21.5937 62.7112 3.2
      vertex 20.4914 61.7863 3.2
    endloop
  endfacet
  facet normal 0 0 1
    outer loop
      vertex 21.9816 62.6687 3.2
      vertex 20.4659 61.397 3.2
      vertex 20.2934 61.047 3.2
    endloop
  endfacet
  facet normal 0 0 1
    outer loop
      vertex 33.1221 61.3598 3.2
      vertex 20 60.7897 3.2
      vertex 34.4601 60.5399 3.2
    endloop
  endfacet
  facet normal -0 0 1
    outer loop
      vertex 19.6305 60.6643 3.2
      vertex 34.4601 60.5399 3.2
      vertex 20 60.7897 3.2
    endloop
  endfacet
  facet normal 0 0 1
    outer loop
      vertex 35.9098 59.9394 3.2
      vertex 19.6305 60.6643 3.2
      vertex 17.1001 59.7433 3.2
    endloop
  endfacet
  facet normal 0 0 1
    outer loop
      vertex 17.1001 59.7433 3.2
      vertex 19.6305 60.6643 3.2
      vertex 19.2412 60.6898 3.2
    endloop
  endfacet
  facet normal 0 0 1
    outer loop
      vertex 17.7412 63.2879 3.2
      vertex 18.5341 61.9146 3.2
      vertex 18.1305 63.2624 3.2
    endloop
  endfacet
  facet normal 0 0 1
    outer loop
      vertex 17.1364 61.4059 3.2
      vertex 18.5341 61.9146 3.2
      vertex 17.7412 63.2879 3.2
    endloop
  endfacet
  facet normal 0 0 1
    outer loop
      vertex 17.4062 61.124 3.2
      vertex 18.5086 61.5252 3.2
      vertex 18.5341 61.9146 3.2
    endloop
  endfacet
  facet normal 0 0 1
    outer loop
      vertex 18.5086 61.5252 3.2
      vertex 17.5476 60.7604 3.2
      vertex 18.634 61.1558 3.2
    endloop
  endfacet
  facet normal 0 0 1
    outer loop
      vertex 17.5476 60.7604 3.2
      vertex 18.8912 60.8624 3.2
      vertex 18.634 61.1558 3.2
    endloop
  endfacet
  facet normal 0 0 1
    outer loop
      vertex 17.5391 60.3703 3.2
      vertex 18.8912 60.8624 3.2
      vertex 17.5476 60.7604 3.2
    endloop
  endfacet
  facet normal 0 0 1
    outer loop
      vertex 18.8912 60.8624 3.2
      vertex 17.5391 60.3703 3.2
      vertex 19.2412 60.6898 3.2
    endloop
  endfacet
  facet normal 0 0 1
    outer loop
      vertex 17.382 60.0132 3.2
      vertex 19.2412 60.6898 3.2
      vertex 17.5391 60.3703 3.2
    endloop
  endfacet
  facet normal 0 0 1
    outer loop
      vertex 17.1001 59.7433 3.2
      vertex 19.2412 60.6898 3.2
      vertex 17.382 60.0132 3.2
    endloop
  endfacet
  facet normal 0 0 1
    outer loop
      vertex 35.9098 59.9394 3.2
      vertex 17.1001 59.7433 3.2
      vertex 16.7365 59.6019 3.2
    endloop
  endfacet
  facet normal 0 0 1
    outer loop
      vertex 35.9098 59.9394 3.2
      vertex 16.7365 59.6019 3.2
      vertex 52.55 50.2 3.2
    endloop
  endfacet
  facet normal 0 0 1
    outer loop
      vertex 0.800003 50.2 3.2
      vertex 16.7365 59.6019 3.2
      vertex 16.3464 59.6104 3.2
    endloop
  endfacet
  facet normal 0 0 1
    outer loop
      vertex 14.4135 60.8032 3.2
      vertex 15.5865 60.8032 3.2
      vertex 15.7437 61.1603 3.2
    endloop
  endfacet
  facet normal 0 0 1
    outer loop
      vertex 14.2563 61.1603 3.2
      vertex 15 62.45 3.2
      vertex 14.6173 62.5261 3.2
    endloop
  endfacet
  facet normal 0 0 1
    outer loop
      vertex 15.5865 60.8032 3.2
      vertex 14.422 60.4131 3.2
      vertex 15.578 60.4131 3.2
    endloop
  endfacet
  facet normal 0 0 1
    outer loop
      vertex 15.578 60.4131 3.2
      vertex 14.422 60.4131 3.2
      vertex 15.7194 60.0494 3.2
    endloop
  endfacet
  facet normal 0 0 1
    outer loop
      vertex 14.2806 60.0494 3.2
      vertex 15.7194 60.0494 3.2
      vertex 14.422 60.4131 3.2
    endloop
  endfacet
  facet normal 0 0 1
    outer loop
      vertex 15.7194 60.0494 3.2
      vertex 14.2806 60.0494 3.2
      vertex 15.9893 59.7676 3.2
    endloop
  endfacet
  facet normal 0 0 1
    outer loop
      vertex 14.0107 59.7676 3.2
      vertex 15.9893 59.7676 3.2
      vertex 14.2806 60.0494 3.2
    endloop
  endfacet
  facet normal 0 0 1
    outer loop
      vertex 15.9893 59.7676 3.2
      vertex 14.0107 59.7676 3.2
      vertex 16.3464 59.6104 3.2
    endloop
  endfacet
  facet normal 0 0 1
    outer loop
      vertex 13.6536 59.6104 3.2
      vertex 16.3464 59.6104 3.2
      vertex 14.0107 59.7676 3.2
    endloop
  endfacet
  facet normal 0 0 1
    outer loop
      vertex 0.800003 50.2 3.2
      vertex 16.3464 59.6104 3.2
      vertex 13.6536 59.6104 3.2
    endloop
  endfacet
  facet normal 0 0 1
    outer loop
      vertex 0.800003 50.2 3.2
      vertex 13.6536 59.6104 3.2
      vertex 13.2635 59.6019 3.2
    endloop
  endfacet
  facet normal 0 0 1
    outer loop
      vertex 12.5938 61.124 3.2
      vertex 11.4914 61.5252 3.2
      vertex 12.4524 60.7604 3.2
    endloop
  endfacet
  facet normal 0 0 1
    outer loop
      vertex 11.4659 61.9146 3.2
      vertex 12.2588 63.2879 3.2
      vertex 11.8695 63.2624 3.2
    endloop
  endfacet
  facet normal 0 0 1
    outer loop
      vertex 11.2934 62.2645 3.2
      vertex 11.8695 63.2624 3.2
      vertex 11.5 63.3878 3.2
    endloop
  endfacet
  facet normal -0 0 1
    outer loop
      vertex 11.366 61.1558 3.2
      vertex 12.4524 60.7604 3.2
      vertex 11.4914 61.5252 3.2
    endloop
  endfacet
  facet normal 0 0 1
    outer loop
      vertex 12.4524 60.7604 3.2
      vertex 11.366 61.1558 3.2
      vertex 12.4609 60.3703 3.2
    endloop
  endfacet
  facet normal -0 0 1
    outer loop
      vertex 11.1088 60.8624 3.2
      vertex 12.4609 60.3703 3.2
      vertex 11.366 61.1558 3.2
    endloop
  endfacet
  facet normal 0 0 1
    outer loop
      vertex 12.4609 60.3703 3.2
      vertex 11.1088 60.8624 3.2
      vertex 12.618 60.0132 3.2
    endloop
  endfacet
  facet normal -0 0 1
    outer loop
      vertex 10.7588 60.6898 3.2
      vertex 12.618 60.0132 3.2
      vertex 11.1088 60.8624 3.2
    endloop
  endfacet
  facet normal 0 0 1
    outer loop
      vertex 12.618 60.0132 3.2
      vertex 10.7588 60.6898 3.2
      vertex 12.8999 59.7433 3.2
    endloop
  endfacet
  facet normal -0 0 1
    outer loop
      vertex 10.3695 60.6643 3.2
      vertex 12.8999 59.7433 3.2
      vertex 10.7588 60.6898 3.2
    endloop
  endfacet
  facet normal 0 0 1
    outer loop
      vertex 0.800003 50.2 3.2
      vertex 12.8999 59.7433 3.2
      vertex 10.3695 60.6643 3.2
    endloop
  endfacet
  facet normal 0 0 1
    outer loop
      vertex 0.800003 50.2 3.2
      vertex 10.3695 60.6643 3.2
      vertex 10 60.7897 3.2
    endloop
  endfacet
  facet normal 0 0 1
    outer loop
      vertex 9.89124 62.4491 3.2
      vertex 8.99261 63.2032 3.2
      vertex 9.63398 62.1558 3.2
    endloop
  endfacet
  facet normal -0 0 1
    outer loop
      vertex 8.74839 62.8989 3.2
      vertex 9.63398 62.1558 3.2
      vertex 8.99261 63.2032 3.2
    endloop
  endfacet
  facet normal 0 0 1
    outer loop
      vertex 9.63398 62.1558 3.2
      vertex 8.74839 62.8989 3.2
      vertex 9.50856 61.7863 3.2
    endloop
  endfacet
  facet normal -0 0 1
    outer loop
      vertex 8.40631 62.7112 3.2
      vertex 9.50856 61.7863 3.2
      vertex 8.74839 62.8989 3.2
    endloop
  endfacet
  facet normal 0 0 1
    outer loop
      vertex 9.50856 61.7863 3.2
      vertex 8.40631 62.7112 3.2
      vertex 9.53407 61.397 3.2
    endloop
  endfacet
  facet normal -0 0 1
    outer loop
      vertex 8.01845 62.6687 3.2
      vertex 9.53407 61.397 3.2
      vertex 8.40631 62.7112 3.2
    endloop
  endfacet
  facet normal 0 0 1
    outer loop
      vertex 9.53407 61.397 3.2
      vertex 8.01845 62.6687 3.2
      vertex 9.70665 61.047 3.2
    endloop
  endfacet
  facet normal 0 0 1
    outer loop
      vertex 7.64385 62.7779 3.2
      vertex 9.70665 61.047 3.2
      vertex 8.01845 62.6687 3.2
    endloop
  endfacet
  facet normal 0 0 1
    outer loop
      vertex 0 51 3.2
      vertex 9.70665 61.047 3.2
      vertex 7.64385 62.7779 3.2
    endloop
  endfacet
  facet normal 0 0 1
    outer loop
      vertex 0 51 3.2
      vertex 7.64385 62.7779 3.2
      vertex 7.33956 63.0221 3.2
    endloop
  endfacet
  facet normal 0 0 1
    outer loop
      vertex 7.21859 64.1267 3.2
      vertex 6.49915 65.3728 3.2
      vertex 7.10941 63.7521 3.2
    endloop
  endfacet
  facet normal 0 0 1
    outer loop
      vertex 6.12015 65.4655 3.2
      vertex 7.10941 63.7521 3.2
      vertex 6.49915 65.3728 3.2
    endloop
  endfacet
  facet normal 0 0 1
    outer loop
      vertex 7.10941 63.7521 3.2
      vertex 6.12015 65.4655 3.2
      vertex 7.15188 63.3642 3.2
    endloop
  endfacet
  facet normal 0 0 1
    outer loop
      vertex 5.80549 65.6962 3.2
      vertex 7.15188 63.3642 3.2
      vertex 6.12015 65.4655 3.2
    endloop
  endfacet
  facet normal 0 0 1
    outer loop
      vertex 0 51 3.2
      vertex 7.15188 63.3642 3.2
      vertex 5.80549 65.6962 3.2
    endloop
  endfacet
  facet normal 0 0 1
    outer loop
      vertex 0 51 3.2
      vertex 5.80549 65.6962 3.2
      vertex 5.60307 66.0298 3.2
    endloop
  endfacet
  facet normal 0 0 1
    outer loop
      vertex 5.07612 69.0673 3.2
      vertex 5.54372 66.4154 3.2
      vertex 5.29289 68.7429 3.2
    endloop
  endfacet
  facet normal 0 0 1
    outer loop
      vertex 0 51 3.2
      vertex 5.54372 66.4154 3.2
      vertex 5.07612 69.0673 3.2
    endloop
  endfacet
  facet normal 0 0 1
    outer loop
      vertex 0 51 3.2
      vertex 5.07612 69.0673 3.2
      vertex 5 69.45 3.2
    endloop
  endfacet
  facet normal 0 0 1
    outer loop
      vertex 5.07612 69.8327 3.2
      vertex 0 87.9 3.2
      vertex 5 69.45 3.2
    endloop
  endfacet
  facet normal 0 0 1
    outer loop
      vertex 16.7365 59.6019 3.2
      vertex 0.800003 50.2 3.2
      vertex 52.55 50.2 3.2
    endloop
  endfacet
  facet normal 0 0 1
    outer loop
      vertex 12.8999 59.7433 3.2
      vertex 0.800003 50.2 3.2
      vertex 13.2635 59.6019 3.2
    endloop
  endfacet
  facet normal 0 0 1
    outer loop
      vertex 9.70665 61.047 3.2
      vertex 0 51 3.2
      vertex 10 60.7897 3.2
    endloop
  endfacet
  facet normal 0 0 1
    outer loop
      vertex 7.15188 63.3642 3.2
      vertex 0 51 3.2
      vertex 7.33956 63.0221 3.2
    endloop
  endfacet
  facet normal 0 0 1
    outer loop
      vertex 0 51 3.2
      vertex 5 69.45 3.2
      vertex 0 87.9 3.2
    endloop
  endfacet
  facet normal 0 0 1
    outer loop
      vertex 0 87.9 3.2
      vertex 0.800003 88.7 3.2
      vertex 0.695587 88.6931 3.2
    endloop
  endfacet
  facet normal 0 0 1
    outer loop
      vertex 5.54372 66.4154 3.2
      vertex 0 51 3.2
      vertex 5.60307 66.0298 3.2
    endloop
  endfacet
  facet normal 0 0 1
    outer loop
      vertex 0 87.9 3.2
      vertex 0.695587 88.6931 3.2
      vertex 0.592941 88.6727 3.2
    endloop
  endfacet
  facet normal 0 0 1
    outer loop
      vertex 10 60.7897 3.2
      vertex 0 51 3.2
      vertex 0.800003 50.2 3.2
    endloop
  endfacet
  facet normal 0 0 1
    outer loop
      vertex 0 87.9 3.2
      vertex 0.592941 88.6727 3.2
      vertex 0.493851 88.6391 3.2
    endloop
  endfacet
  facet normal 0 0 1
    outer loop
      vertex 0.800003 50.2 3.2
      vertex 0 51 3.2
      vertex 0.695587 50.2069 3.2
    endloop
  endfacet
  facet normal 0 0 1
    outer loop
      vertex 0 87.9 3.2
      vertex 0.493851 88.6391 3.2
      vertex 0.400009 88.5928 3.2
    endloop
  endfacet
  facet normal 0 0 1
    outer loop
      vertex 0.695587 50.2069 3.2
      vertex 0 51 3.2
      vertex 0.592941 50.2273 3.2
    endloop
  endfacet
  facet normal 0 0 1
    outer loop
      vertex 0 87.9 3.2
      vertex 0.400009 88.5928 3.2
      vertex 0.312988 88.5347 3.2
    endloop
  endfacet
  facet normal 0 0 1
    outer loop
      vertex 0.592941 50.2273 3.2
      vertex 0 51 3.2
      vertex 0.493851 50.2609 3.2
    endloop
  endfacet
  facet normal 0 0 1
    outer loop
      vertex 0 87.9 3.2
      vertex 0.312988 88.5347 3.2
      vertex 0.234314 88.4657 3.2
    endloop
  endfacet
  facet normal 0 0 1
    outer loop
      vertex 0.493851 50.2609 3.2
      vertex 0 51 3.2
      vertex 0.400009 50.3072 3.2
    endloop
  endfacet
  facet normal 0 0 1
    outer loop
      vertex 0 87.9 3.2
      vertex 0.234314 88.4657 3.2
      vertex 0.165314 88.387 3.2
    endloop
  endfacet
  facet normal 0 0 1
    outer loop
      vertex 0.400009 50.3072 3.2
      vertex 0 51 3.2
      vertex 0.312988 50.3653 3.2
    endloop
  endfacet
  facet normal 0 0 1
    outer loop
      vertex 0 87.9 3.2
      vertex 0.165314 88.387 3.2
      vertex 0.107178 88.3 3.2
    endloop
  endfacet
  facet normal 0 0 1
    outer loop
      vertex 0.312988 50.3653 3.2
      vertex 0 51 3.2
      vertex 0.234314 50.4343 3.2
    endloop
  endfacet
  facet normal 0 0 1
    outer loop
      vertex 0 87.9 3.2
      vertex 0.107178 88.3 3.2
      vertex 0.0608978 88.2061 3.2
    endloop
  endfacet
  facet normal 0 0 1
    outer loop
      vertex 0.234314 50.4343 3.2
      vertex 0 51 3.2
      vertex 0.165314 50.513 3.2
    endloop
  endfacet
  facet normal 0 0 1
    outer loop
      vertex 0 87.9 3.2
      vertex 0.0608978 88.2061 3.2
      vertex 0.0272675 88.1071 3.2
    endloop
  endfacet
  facet normal 0 0 1
    outer loop
      vertex 0.165314 50.513 3.2
      vertex 0 51 3.2
      vertex 0.107178 50.6 3.2
    endloop
  endfacet
  facet normal 0 0 1
    outer loop
      vertex 0 87.9 3.2
      vertex 0.0272675 88.1071 3.2
      vertex 0.0068512 88.0044 3.2
    endloop
  endfacet
  facet normal 0 0 1
    outer loop
      vertex 0.107178 50.6 3.2
      vertex 0 51 3.2
      vertex 0.0608978 50.6939 3.2
    endloop
  endfacet
  facet normal 0 0 1
    outer loop
      vertex 0.0608978 50.6939 3.2
      vertex 0 51 3.2
      vertex 0.0272675 50.7929 3.2
    endloop
  endfacet
  facet normal 0 0 1
    outer loop
      vertex 0.0272675 50.7929 3.2
      vertex 0 51 3.2
      vertex 0.0068512 50.8956 3.2
    endloop
  endfacet
  facet normal 0 0 1
    outer loop
      vertex 29.1231 71.0143 3.2
      vertex 24.3635 72.1056 3.2
      vertex 24.7071 70.1571 3.2
    endloop
  endfacet
  facet normal 0 0 1
    outer loop
      vertex 24.7071 70.1571 3.2
      vertex 24.3635 72.1056 3.2
      vertex 24.3827 70.3739 3.2
    endloop
  endfacet
  facet normal -0 0 1
    outer loop
      vertex 24.1328 71.7909 3.2
      vertex 24.3827 70.3739 3.2
      vertex 24.3635 72.1056 3.2
    endloop
  endfacet
  facet normal 0 0 1
    outer loop
      vertex 24.1328 71.7909 3.2
      vertex 24 70.45 3.2
      vertex 24.3827 70.3739 3.2
    endloop
  endfacet
  facet normal -0 0 1
    outer loop
      vertex 23.7993 71.5885 3.2
      vertex 24 70.45 3.2
      vertex 24.1328 71.7909 3.2
    endloop
  endfacet
  facet normal 0 0 1
    outer loop
      vertex 23.7993 71.5885 3.2
      vertex 23.6173 70.3739 3.2
      vertex 24 70.45 3.2
    endloop
  endfacet
  facet normal -0 0 1
    outer loop
      vertex 23.4136 71.5291 3.2
      vertex 23.6173 70.3739 3.2
      vertex 23.7993 71.5885 3.2
    endloop
  endfacet
  facet normal 0 0 1
    outer loop
      vertex 23.4136 71.5291 3.2
      vertex 23.2929 70.1571 3.2
      vertex 23.6173 70.3739 3.2
    endloop
  endfacet
  facet normal 0 0 1
    outer loop
      vertex 23.0346 71.6219 3.2
      vertex 23.2929 70.1571 3.2
      vertex 23.4136 71.5291 3.2
    endloop
  endfacet
  facet normal 0 0 1
    outer loop
      vertex 22 69.45 3.2
      vertex 23.2929 70.1571 3.2
      vertex 23.0346 71.6219 3.2
    endloop
  endfacet
  facet normal 0 0 1
    outer loop
      vertex 22 69.45 3.2
      vertex 23.0346 71.6219 3.2
      vertex 22.72 71.8526 3.2
    endloop
  endfacet
  facet normal 0 0 1
    outer loop
      vertex 23.2929 70.1571 3.2
      vertex 22 69.45 3.2
      vertex 23.0761 69.8327 3.2
    endloop
  endfacet
  facet normal 0.831609 -0.555362 0
    outer loop
      vertex 53.1847 50.513 3.2
      vertex 53.2428 50.6 0
      vertex 53.2428 50.6 3.2
    endloop
  endfacet
  facet normal 0.831609 -0.555362 0
    outer loop
      vertex 53.2428 50.6 0
      vertex 53.1847 50.513 3.2
      vertex 53.1847 50.513 0
    endloop
  endfacet
  facet normal 0.195013 -0.980801 0
    outer loop
      vertex 52.6544 50.2069 0
      vertex 52.757 50.2273 3.2
      vertex 52.6544 50.2069 3.2
    endloop
  endfacet
  facet normal 0.195013 -0.980801 0
    outer loop
      vertex 52.757 50.2273 3.2
      vertex 52.6544 50.2069 0
      vertex 52.757 50.2273 0
    endloop
  endfacet
  facet normal 0.44224 0.896897 -0
    outer loop
      vertex 52.95 88.5928 0
      vertex 52.8561 88.6391 3.2
      vertex 52.95 88.5928 3.2
    endloop
  endfacet
  facet normal 0.44224 0.896897 0
    outer loop
      vertex 52.8561 88.6391 3.2
      vertex 52.95 88.5928 0
      vertex 52.8561 88.6391 0
    endloop
  endfacet
  facet normal -0.980807 0.19498 0
    outer loop
      vertex 0.0068512 88.0044 0
      vertex 0.0272675 88.1071 3.2
      vertex 0.0272675 88.1071 0
    endloop
  endfacet
  facet normal -0.980807 0.19498 0
    outer loop
      vertex 0.0272675 88.1071 3.2
      vertex 0.0068512 88.0044 0
      vertex 0.0068512 88.0044 3.2
    endloop
  endfacet
  facet normal 0.946948 -0.321388 0
    outer loop
      vertex 53.2891 50.6939 3.2
      vertex 53.3227 50.7929 0
      vertex 53.3227 50.7929 3.2
    endloop
  endfacet
  facet normal 0.946948 -0.321388 0
    outer loop
      vertex 53.3227 50.7929 0
      vertex 53.2891 50.6939 3.2
      vertex 53.2891 50.6939 0
    endloop
  endfacet
  facet normal -0.194929 -0.980817 0
    outer loop
      vertex 0.592941 50.2273 0
      vertex 0.695587 50.2069 3.2
      vertex 0.592941 50.2273 3.2
    endloop
  endfacet
  facet normal -0.194929 -0.980817 -0
    outer loop
      vertex 0.695587 50.2069 3.2
      vertex 0.592941 50.2273 0
      vertex 0.695587 50.2069 0
    endloop
  endfacet
  facet normal 0.980837 0.19483 0
    outer loop
      vertex 53.3431 88.0044 3.2
      vertex 53.3227 88.1071 0
      vertex 53.3227 88.1071 3.2
    endloop
  endfacet
  facet normal 0.980837 0.19483 0
    outer loop
      vertex 53.3227 88.1071 0
      vertex 53.3431 88.0044 3.2
      vertex 53.3431 88.0044 0
    endloop
  endfacet
  facet normal -0.555269 0.831671 0
    outer loop
      vertex 0.400009 88.5928 0
      vertex 0.312988 88.5347 3.2
      vertex 0.400009 88.5928 3.2
    endloop
  endfacet
  facet normal -0.555269 0.831671 0
    outer loop
      vertex 0.312988 88.5347 3.2
      vertex 0.400009 88.5928 0
      vertex 0.312988 88.5347 0
    endloop
  endfacet
  facet normal -0.065938 -0.997824 0
    outer loop
      vertex 0.695587 50.2069 0
      vertex 0.800003 50.2 3.2
      vertex 0.695587 50.2069 3.2
    endloop
  endfacet
  facet normal -0.065938 -0.997824 -0
    outer loop
      vertex 0.800003 50.2 3.2
      vertex 0.695587 50.2069 0
      vertex 0.800003 50.2 0
    endloop
  endfacet
  facet normal -0.44246 -0.896788 0
    outer loop
      vertex 0.400009 50.3072 0
      vertex 0.493851 50.2609 3.2
      vertex 0.400009 50.3072 3.2
    endloop
  endfacet
  facet normal -0.44246 -0.896788 -0
    outer loop
      vertex 0.493851 50.2609 3.2
      vertex 0.400009 50.3072 0
      vertex 0.493851 50.2609 0
    endloop
  endfacet
  facet normal -0.751925 0.659248 0
    outer loop
      vertex 0.165314 88.387 0
      vertex 0.234314 88.4657 3.2
      vertex 0.234314 88.4657 0
    endloop
  endfacet
  facet normal -0.751925 0.659248 0
    outer loop
      vertex 0.234314 88.4657 3.2
      vertex 0.165314 88.387 0
      vertex 0.165314 88.387 3.2
    endloop
  endfacet
  facet normal -0.946859 0.321648 0
    outer loop
      vertex 0.0272675 88.1071 0
      vertex 0.0608978 88.2061 3.2
      vertex 0.0608978 88.2061 0
    endloop
  endfacet
  facet normal -0.946859 0.321648 0
    outer loop
      vertex 0.0608978 88.2061 3.2
      vertex 0.0272675 88.1071 0
      vertex 0.0272675 88.1071 3.2
    endloop
  endfacet
  facet normal 0.555362 0.831609 -0
    outer loop
      vertex 53.037 88.5347 0
      vertex 52.95 88.5928 3.2
      vertex 53.037 88.5347 3.2
    endloop
  endfacet
  facet normal 0.555362 0.831609 0
    outer loop
      vertex 52.95 88.5928 3.2
      vertex 53.037 88.5347 0
      vertex 52.95 88.5928 0
    endloop
  endfacet
  facet normal 0.831609 0.555362 0
    outer loop
      vertex 53.2428 88.3 3.2
      vertex 53.1847 88.387 0
      vertex 53.1847 88.387 3.2
    endloop
  endfacet
  facet normal 0.831609 0.555362 0
    outer loop
      vertex 53.1847 88.387 0
      vertex 53.2428 88.3 3.2
      vertex 53.2428 88.3 0
    endloop
  endfacet
  facet normal 0.0659481 0.997823 -0
    outer loop
      vertex 52.6544 88.6931 0
      vertex 52.55 88.7 3.2
      vertex 52.6544 88.6931 3.2
    endloop
  endfacet
  facet normal 0.0659481 0.997823 0
    outer loop
      vertex 52.55 88.7 3.2
      vertex 52.6544 88.6931 0
      vertex 52.55 88.7 0
    endloop
  endfacet
  facet normal -0.659371 -0.751817 0
    outer loop
      vertex 0.234314 50.4343 0
      vertex 0.312988 50.3653 3.2
      vertex 0.234314 50.4343 3.2
    endloop
  endfacet
  facet normal -0.659371 -0.751817 -0
    outer loop
      vertex 0.312988 50.3653 3.2
      vertex 0.234314 50.4343 0
      vertex 0.312988 50.3653 0
    endloop
  endfacet
  facet normal -0.980807 -0.19498 0
    outer loop
      vertex 0.0272675 50.7929 0
      vertex 0.0068512 50.8956 3.2
      vertex 0.0068512 50.8956 0
    endloop
  endfacet
  facet normal -0.980807 -0.19498 0
    outer loop
      vertex 0.0068512 50.8956 3.2
      vertex 0.0272675 50.7929 0
      vertex 0.0272675 50.7929 3.2
    endloop
  endfacet
  facet normal -0.659371 0.751817 0
    outer loop
      vertex 0.312988 88.5347 0
      vertex 0.234314 88.4657 3.2
      vertex 0.312988 88.5347 3.2
    endloop
  endfacet
  facet normal -0.659371 0.751817 0
    outer loop
      vertex 0.234314 88.4657 3.2
      vertex 0.312988 88.5347 0
      vertex 0.234314 88.4657 0
    endloop
  endfacet
  facet normal 0.997823 0.0659481 0
    outer loop
      vertex 53.35 87.9 3.2
      vertex 53.3431 88.0044 0
      vertex 53.3431 88.0044 3.2
    endloop
  endfacet
  facet normal 0.997823 0.0659481 0
    outer loop
      vertex 53.3431 88.0044 0
      vertex 53.35 87.9 3.2
      vertex 53.35 87.9 0
    endloop
  endfacet
  facet normal -0.44246 0.896788 0
    outer loop
      vertex 0.493851 88.6391 0
      vertex 0.400009 88.5928 3.2
      vertex 0.493851 88.6391 3.2
    endloop
  endfacet
  facet normal -0.44246 0.896788 0
    outer loop
      vertex 0.400009 88.5928 3.2
      vertex 0.493851 88.6391 0
      vertex 0.400009 88.5928 0
    endloop
  endfacet
  facet normal 0.896897 0.44224 0
    outer loop
      vertex 53.2891 88.2061 3.2
      vertex 53.2428 88.3 0
      vertex 53.2428 88.3 3.2
    endloop
  endfacet
  facet normal 0.896897 0.44224 0
    outer loop
      vertex 53.2428 88.3 0
      vertex 53.2891 88.2061 3.2
      vertex 53.2891 88.2061 0
    endloop
  endfacet
  facet normal 0.946948 0.321388 0
    outer loop
      vertex 53.3227 88.1071 3.2
      vertex 53.2891 88.2061 0
      vertex 53.2891 88.2061 3.2
    endloop
  endfacet
  facet normal 0.946948 0.321388 0
    outer loop
      vertex 53.2891 88.2061 0
      vertex 53.3227 88.1071 3.2
      vertex 53.3227 88.1071 0
    endloop
  endfacet
  facet normal 0.555362 -0.831609 0
    outer loop
      vertex 52.95 50.3072 0
      vertex 53.037 50.3653 3.2
      vertex 52.95 50.3072 3.2
    endloop
  endfacet
  facet normal 0.555362 -0.831609 0
    outer loop
      vertex 53.037 50.3653 3.2
      vertex 52.95 50.3072 0
      vertex 53.037 50.3653 0
    endloop
  endfacet
endsolid OpenSCAD_Model
