solid OpenSCAD_Model
  facet normal -0.996918 0.0784508 0
    outer loop
      vertex 48.8769 17.6857 1.8
      vertex 49 19.25 3.2
      vertex 49 19.25 1.8
    endloop
  endfacet
  facet normal -0.996918 0.0784508 0
    outer loop
      vertex 49 19.25 3.2
      vertex 48.8769 17.6857 1.8
      vertex 48.8769 17.6857 3.2
    endloop
  endfacet
  facet normal -0.972375 -0.233424 0
    outer loop
      vertex 48.8769 20.8143 1.8
      vertex 48.5106 22.3402 3.2
      vertex 48.5106 22.3402 1.8
    endloop
  endfacet
  facet normal -0.972375 -0.233424 0
    outer loop
      vertex 48.5106 22.3402 3.2
      vertex 48.8769 20.8143 1.8
      vertex 48.8769 20.8143 3.2
    endloop
  endfacet
  facet normal 0.760403 -0.649452 0
    outer loop
      vertex 30.9098 25.1279 3.2
      vertex 31.9289 26.3211 1.8
      vertex 31.9289 26.3211 3.2
    endloop
  endfacet
  facet normal 0.760403 -0.649452 0
    outer loop
      vertex 31.9289 26.3211 1.8
      vertex 30.9098 25.1279 3.2
      vertex 30.9098 25.1279 1.8
    endloop
  endfacet
  facet normal -0.233436 0.972372 0
    outer loop
      vertex 42.0902 9.73944 1.8
      vertex 40.5643 9.37312 3.2
      vertex 42.0902 9.73944 3.2
    endloop
  endfacet
  facet normal -0.233436 0.972372 0
    outer loop
      vertex 40.5643 9.37312 3.2
      vertex 42.0902 9.73944 1.8
      vertex 40.5643 9.37312 1.8
    endloop
  endfacet
  facet normal 0.649452 -0.760403 0
    outer loop
      vertex 31.9289 26.3211 1.8
      vertex 33.1221 27.3402 3.2
      vertex 31.9289 26.3211 3.2
    endloop
  endfacet
  facet normal 0.649452 -0.760403 0
    outer loop
      vertex 33.1221 27.3402 3.2
      vertex 31.9289 26.3211 1.8
      vertex 33.1221 27.3402 1.8
    endloop
  endfacet
  facet normal 0.0784508 -0.996918 0
    outer loop
      vertex 37.4357 29.1269 1.8
      vertex 39 29.25 3.2
      vertex 37.4357 29.1269 3.2
    endloop
  endfacet
  facet normal 0.0784508 -0.996918 0
    outer loop
      vertex 39 29.25 3.2
      vertex 37.4357 29.1269 1.8
      vertex 39 29.25 1.8
    endloop
  endfacet
  facet normal -0.0784508 -0.996918 0
    outer loop
      vertex 39 29.25 1.8
      vertex 40.5643 29.1269 3.2
      vertex 39 29.25 3.2
    endloop
  endfacet
  facet normal -0.0784508 -0.996918 -0
    outer loop
      vertex 40.5643 29.1269 3.2
      vertex 39 29.25 1.8
      vertex 40.5643 29.1269 1.8
    endloop
  endfacet
  facet normal -0.0784635 0.996917 0
    outer loop
      vertex 40.5643 9.37312 1.8
      vertex 39 9.25 3.2
      vertex 40.5643 9.37312 3.2
    endloop
  endfacet
  facet normal -0.0784635 0.996917 0
    outer loop
      vertex 39 9.25 3.2
      vertex 40.5643 9.37312 1.8
      vertex 39 9.25 1.8
    endloop
  endfacet
  facet normal -0.649452 0.760403 0
    outer loop
      vertex 46.0711 12.1789 1.8
      vertex 44.8779 11.1598 3.2
      vertex 46.0711 12.1789 3.2
    endloop
  endfacet
  facet normal -0.649452 0.760403 0
    outer loop
      vertex 44.8779 11.1598 3.2
      vertex 46.0711 12.1789 1.8
      vertex 44.8779 11.1598 1.8
    endloop
  endfacet
  facet normal -0.382691 -0.923876 0
    outer loop
      vertex 42.0902 28.7606 1.8
      vertex 43.5399 28.1601 3.2
      vertex 42.0902 28.7606 3.2
    endloop
  endfacet
  facet normal -0.382691 -0.923876 -0
    outer loop
      vertex 43.5399 28.1601 3.2
      vertex 42.0902 28.7606 1.8
      vertex 43.5399 28.1601 1.8
    endloop
  endfacet
  facet normal -0.760403 0.649452 0
    outer loop
      vertex 46.0711 12.1789 1.8
      vertex 47.0902 13.3721 3.2
      vertex 47.0902 13.3721 1.8
    endloop
  endfacet
  facet normal -0.760403 0.649452 0
    outer loop
      vertex 47.0902 13.3721 3.2
      vertex 46.0711 12.1789 1.8
      vertex 46.0711 12.1789 3.2
    endloop
  endfacet
  facet normal 0.852648 -0.522486 0
    outer loop
      vertex 30.0899 23.7899 3.2
      vertex 30.9098 25.1279 1.8
      vertex 30.9098 25.1279 3.2
    endloop
  endfacet
  facet normal 0.852648 -0.522486 0
    outer loop
      vertex 30.9098 25.1279 1.8
      vertex 30.0899 23.7899 3.2
      vertex 30.0899 23.7899 1.8
    endloop
  endfacet
  facet normal -0.760403 -0.649452 0
    outer loop
      vertex 47.0902 25.1279 1.8
      vertex 46.0711 26.3211 3.2
      vertex 46.0711 26.3211 1.8
    endloop
  endfacet
  facet normal -0.760403 -0.649452 0
    outer loop
      vertex 46.0711 26.3211 3.2
      vertex 47.0902 25.1279 1.8
      vertex 47.0902 25.1279 3.2
    endloop
  endfacet
  facet normal -0.996918 -0.0784508 0
    outer loop
      vertex 49 19.25 1.8
      vertex 48.8769 20.8143 3.2
      vertex 48.8769 20.8143 1.8
    endloop
  endfacet
  facet normal -0.996918 -0.0784508 0
    outer loop
      vertex 48.8769 20.8143 3.2
      vertex 49 19.25 1.8
      vertex 49 19.25 3.2
    endloop
  endfacet
  facet normal 0.852648 0.522486 0
    outer loop
      vertex 30.9098 13.3721 3.2
      vertex 30.0899 14.7101 1.8
      vertex 30.0899 14.7101 3.2
    endloop
  endfacet
  facet normal 0.852648 0.522486 0
    outer loop
      vertex 30.0899 14.7101 1.8
      vertex 30.9098 13.3721 3.2
      vertex 30.9098 13.3721 1.8
    endloop
  endfacet
  facet normal 0.233436 0.972372 -0
    outer loop
      vertex 37.4357 9.37312 1.8
      vertex 35.9098 9.73944 3.2
      vertex 37.4357 9.37312 3.2
    endloop
  endfacet
  facet normal 0.233436 0.972372 0
    outer loop
      vertex 35.9098 9.73944 3.2
      vertex 37.4357 9.37312 1.8
      vertex 35.9098 9.73944 1.8
    endloop
  endfacet
  facet normal 0.38267 0.923885 -0
    outer loop
      vertex 35.9098 9.73944 1.8
      vertex 34.4601 10.3399 3.2
      vertex 35.9098 9.73944 3.2
    endloop
  endfacet
  facet normal 0.38267 0.923885 0
    outer loop
      vertex 34.4601 10.3399 3.2
      vertex 35.9098 9.73944 1.8
      vertex 34.4601 10.3399 1.8
    endloop
  endfacet
  facet normal 0.972375 0.233424 0
    outer loop
      vertex 29.4894 16.1598 3.2
      vertex 29.1231 17.6857 1.8
      vertex 29.1231 17.6857 3.2
    endloop
  endfacet
  facet normal 0.972375 0.233424 0
    outer loop
      vertex 29.1231 17.6857 1.8
      vertex 29.4894 16.1598 3.2
      vertex 29.4894 16.1598 1.8
    endloop
  endfacet
  facet normal -0.852648 0.522486 0
    outer loop
      vertex 47.0902 13.3721 1.8
      vertex 47.9101 14.7101 3.2
      vertex 47.9101 14.7101 1.8
    endloop
  endfacet
  facet normal -0.852648 0.522486 0
    outer loop
      vertex 47.9101 14.7101 3.2
      vertex 47.0902 13.3721 1.8
      vertex 47.0902 13.3721 3.2
    endloop
  endfacet
  facet normal 0.996918 -0.0784508 0
    outer loop
      vertex 29 19.25 3.2
      vertex 29.1231 20.8143 1.8
      vertex 29.1231 20.8143 3.2
    endloop
  endfacet
  facet normal 0.996918 -0.0784508 0
    outer loop
      vertex 29.1231 20.8143 1.8
      vertex 29 19.25 3.2
      vertex 29 19.25 1.8
    endloop
  endfacet
  facet normal -0.852648 -0.522486 0
    outer loop
      vertex 47.9101 23.7899 1.8
      vertex 47.0902 25.1279 3.2
      vertex 47.0902 25.1279 1.8
    endloop
  endfacet
  facet normal -0.852648 -0.522486 0
    outer loop
      vertex 47.0902 25.1279 3.2
      vertex 47.9101 23.7899 1.8
      vertex 47.9101 23.7899 3.2
    endloop
  endfacet
  facet normal -0.233424 -0.972375 0
    outer loop
      vertex 40.5643 29.1269 1.8
      vertex 42.0902 28.7606 3.2
      vertex 40.5643 29.1269 3.2
    endloop
  endfacet
  facet normal -0.233424 -0.972375 -0
    outer loop
      vertex 42.0902 28.7606 3.2
      vertex 40.5643 29.1269 1.8
      vertex 42.0902 28.7606 1.8
    endloop
  endfacet
  facet normal 0.923876 0.382691 0
    outer loop
      vertex 30.0899 14.7101 3.2
      vertex 29.4894 16.1598 1.8
      vertex 29.4894 16.1598 3.2
    endloop
  endfacet
  facet normal 0.923876 0.382691 0
    outer loop
      vertex 29.4894 16.1598 1.8
      vertex 30.0899 14.7101 3.2
      vertex 30.0899 14.7101 1.8
    endloop
  endfacet
  facet normal 0.649452 0.760403 -0
    outer loop
      vertex 33.1221 11.1598 1.8
      vertex 31.9289 12.1789 3.2
      vertex 33.1221 11.1598 3.2
    endloop
  endfacet
  facet normal 0.649452 0.760403 0
    outer loop
      vertex 31.9289 12.1789 3.2
      vertex 33.1221 11.1598 1.8
      vertex 31.9289 12.1789 1.8
    endloop
  endfacet
  facet normal 0.972375 -0.233424 0
    outer loop
      vertex 29.1231 20.8143 3.2
      vertex 29.4894 22.3402 1.8
      vertex 29.4894 22.3402 3.2
    endloop
  endfacet
  facet normal 0.972375 -0.233424 0
    outer loop
      vertex 29.4894 22.3402 1.8
      vertex 29.1231 20.8143 3.2
      vertex 29.1231 20.8143 1.8
    endloop
  endfacet
  facet normal -0.972375 0.233424 0
    outer loop
      vertex 48.5106 16.1598 1.8
      vertex 48.8769 17.6857 3.2
      vertex 48.8769 17.6857 1.8
    endloop
  endfacet
  facet normal -0.972375 0.233424 0
    outer loop
      vertex 48.8769 17.6857 3.2
      vertex 48.5106 16.1598 1.8
      vertex 48.5106 16.1598 3.2
    endloop
  endfacet
  facet normal 0.923876 -0.382691 0
    outer loop
      vertex 29.4894 22.3402 3.2
      vertex 30.0899 23.7899 1.8
      vertex 30.0899 23.7899 3.2
    endloop
  endfacet
  facet normal 0.923876 -0.382691 0
    outer loop
      vertex 30.0899 23.7899 1.8
      vertex 29.4894 22.3402 3.2
      vertex 29.4894 22.3402 1.8
    endloop
  endfacet
  facet normal -0.923876 0.382691 0
    outer loop
      vertex 47.9101 14.7101 1.8
      vertex 48.5106 16.1598 3.2
      vertex 48.5106 16.1598 1.8
    endloop
  endfacet
  facet normal -0.923876 0.382691 0
    outer loop
      vertex 48.5106 16.1598 3.2
      vertex 47.9101 14.7101 1.8
      vertex 47.9101 14.7101 3.2
    endloop
  endfacet
  facet normal -0.522486 0.852648 0
    outer loop
      vertex 44.8779 11.1598 1.8
      vertex 43.5399 10.3399 3.2
      vertex 44.8779 11.1598 3.2
    endloop
  endfacet
  facet normal -0.522486 0.852648 0
    outer loop
      vertex 43.5399 10.3399 3.2
      vertex 44.8779 11.1598 1.8
      vertex 43.5399 10.3399 1.8
    endloop
  endfacet
  facet normal -0.522486 -0.852648 0
    outer loop
      vertex 43.5399 28.1601 1.8
      vertex 44.8779 27.3402 3.2
      vertex 43.5399 28.1601 3.2
    endloop
  endfacet
  facet normal -0.522486 -0.852648 -0
    outer loop
      vertex 44.8779 27.3402 3.2
      vertex 43.5399 28.1601 1.8
      vertex 44.8779 27.3402 1.8
    endloop
  endfacet
  facet normal 0.382691 -0.923876 0
    outer loop
      vertex 34.4601 28.1601 1.8
      vertex 35.9098 28.7606 3.2
      vertex 34.4601 28.1601 3.2
    endloop
  endfacet
  facet normal 0.382691 -0.923876 0
    outer loop
      vertex 35.9098 28.7606 3.2
      vertex 34.4601 28.1601 1.8
      vertex 35.9098 28.7606 1.8
    endloop
  endfacet
  facet normal 0.760403 0.649452 0
    outer loop
      vertex 31.9289 12.1789 3.2
      vertex 30.9098 13.3721 1.8
      vertex 30.9098 13.3721 3.2
    endloop
  endfacet
  facet normal 0.760403 0.649452 0
    outer loop
      vertex 30.9098 13.3721 1.8
      vertex 31.9289 12.1789 3.2
      vertex 31.9289 12.1789 1.8
    endloop
  endfacet
  facet normal 0.996918 0.0784508 0
    outer loop
      vertex 29.1231 17.6857 3.2
      vertex 29 19.25 1.8
      vertex 29 19.25 3.2
    endloop
  endfacet
  facet normal 0.996918 0.0784508 0
    outer loop
      vertex 29 19.25 1.8
      vertex 29.1231 17.6857 3.2
      vertex 29.1231 17.6857 1.8
    endloop
  endfacet
  facet normal 0 0 1
    outer loop
      vertex 40.1 19.25 1.8
      vertex 49 19.25 1.8
      vertex 48.8769 20.8143 1.8
    endloop
  endfacet
  facet normal 0 0 1
    outer loop
      vertex 40.0625 19.5347 1.8
      vertex 48.8769 20.8143 1.8
      vertex 48.5106 22.3402 1.8
    endloop
  endfacet
  facet normal 0 0 1
    outer loop
      vertex 49 19.25 1.8
      vertex 40.1 19.25 1.8
      vertex 48.8769 17.6857 1.8
    endloop
  endfacet
  facet normal 0 0 1
    outer loop
      vertex 40.0625 19.5347 1.8
      vertex 48.5106 22.3402 1.8
      vertex 47.9101 23.7899 1.8
    endloop
  endfacet
  facet normal -0 0 1
    outer loop
      vertex 40.0625 18.9653 1.8
      vertex 48.8769 17.6857 1.8
      vertex 40.1 19.25 1.8
    endloop
  endfacet
  facet normal 0 0 1
    outer loop
      vertex 39.9526 19.8 1.8
      vertex 47.9101 23.7899 1.8
      vertex 47.0902 25.1279 1.8
    endloop
  endfacet
  facet normal 0 0 1
    outer loop
      vertex 48.8769 17.6857 1.8
      vertex 40.0625 18.9653 1.8
      vertex 48.5106 16.1598 1.8
    endloop
  endfacet
  facet normal 0 0 1
    outer loop
      vertex 39.7778 20.0278 1.8
      vertex 47.0902 25.1279 1.8
      vertex 46.0711 26.3211 1.8
    endloop
  endfacet
  facet normal 0 0 1
    outer loop
      vertex 48.5106 16.1598 1.8
      vertex 40.0625 18.9653 1.8
      vertex 47.9101 14.7101 1.8
    endloop
  endfacet
  facet normal 0 0 1
    outer loop
      vertex 39.7778 20.0278 1.8
      vertex 46.0711 26.3211 1.8
      vertex 44.8779 27.3402 1.8
    endloop
  endfacet
  facet normal -0 0 1
    outer loop
      vertex 39.9526 18.7 1.8
      vertex 47.9101 14.7101 1.8
      vertex 40.0625 18.9653 1.8
    endloop
  endfacet
  facet normal 0 0 1
    outer loop
      vertex 39.55 20.2026 1.8
      vertex 44.8779 27.3402 1.8
      vertex 43.5399 28.1601 1.8
    endloop
  endfacet
  facet normal 0 0 1
    outer loop
      vertex 47.9101 14.7101 1.8
      vertex 39.9526 18.7 1.8
      vertex 47.0902 13.3721 1.8
    endloop
  endfacet
  facet normal 0 0 1
    outer loop
      vertex 39.55 20.2026 1.8
      vertex 43.5399 28.1601 1.8
      vertex 42.0902 28.7606 1.8
    endloop
  endfacet
  facet normal -0 0 1
    outer loop
      vertex 39.7778 18.4722 1.8
      vertex 47.0902 13.3721 1.8
      vertex 39.9526 18.7 1.8
    endloop
  endfacet
  facet normal 0 0 1
    outer loop
      vertex 39.2847 20.3125 1.8
      vertex 42.0902 28.7606 1.8
      vertex 40.5643 29.1269 1.8
    endloop
  endfacet
  facet normal 0 0 1
    outer loop
      vertex 47.0902 13.3721 1.8
      vertex 39.7778 18.4722 1.8
      vertex 46.0711 12.1789 1.8
    endloop
  endfacet
  facet normal 0 0 1
    outer loop
      vertex 46.0711 12.1789 1.8
      vertex 39.7778 18.4722 1.8
      vertex 44.8779 11.1598 1.8
    endloop
  endfacet
  facet normal 0 0 1
    outer loop
      vertex 48.8769 20.8143 1.8
      vertex 40.0625 19.5347 1.8
      vertex 40.1 19.25 1.8
    endloop
  endfacet
  facet normal 0 0 1
    outer loop
      vertex 47.9101 23.7899 1.8
      vertex 39.9526 19.8 1.8
      vertex 40.0625 19.5347 1.8
    endloop
  endfacet
  facet normal 0 0 1
    outer loop
      vertex 47.0902 25.1279 1.8
      vertex 39.7778 20.0278 1.8
      vertex 39.9526 19.8 1.8
    endloop
  endfacet
  facet normal 0 0 1
    outer loop
      vertex 44.8779 27.3402 1.8
      vertex 39.55 20.2026 1.8
      vertex 39.7778 20.0278 1.8
    endloop
  endfacet
  facet normal 0 0 1
    outer loop
      vertex 42.0902 28.7606 1.8
      vertex 39.2847 20.3125 1.8
      vertex 39.55 20.2026 1.8
    endloop
  endfacet
  facet normal 0 0 1
    outer loop
      vertex 39 20.35 1.8
      vertex 40.5643 29.1269 1.8
      vertex 39 29.25 1.8
    endloop
  endfacet
  facet normal 0 0 1
    outer loop
      vertex 40.5643 29.1269 1.8
      vertex 39 20.35 1.8
      vertex 39.2847 20.3125 1.8
    endloop
  endfacet
  facet normal -0 0 1
    outer loop
      vertex 37.4357 29.1269 1.8
      vertex 39 20.35 1.8
      vertex 39 29.25 1.8
    endloop
  endfacet
  facet normal 0 0 1
    outer loop
      vertex 39 20.35 1.8
      vertex 37.4357 29.1269 1.8
      vertex 38.7153 20.3125 1.8
    endloop
  endfacet
  facet normal -0 0 1
    outer loop
      vertex 35.9098 28.7606 1.8
      vertex 38.7153 20.3125 1.8
      vertex 37.4357 29.1269 1.8
    endloop
  endfacet
  facet normal 0 0 1
    outer loop
      vertex 38.7153 20.3125 1.8
      vertex 35.9098 28.7606 1.8
      vertex 38.45 20.2026 1.8
    endloop
  endfacet
  facet normal -0 0 1
    outer loop
      vertex 34.4601 28.1601 1.8
      vertex 38.45 20.2026 1.8
      vertex 35.9098 28.7606 1.8
    endloop
  endfacet
  facet normal -0 0 1
    outer loop
      vertex 33.1221 27.3402 1.8
      vertex 38.45 20.2026 1.8
      vertex 34.4601 28.1601 1.8
    endloop
  endfacet
  facet normal 0 0 1
    outer loop
      vertex 38.45 20.2026 1.8
      vertex 33.1221 27.3402 1.8
      vertex 38.2222 20.0278 1.8
    endloop
  endfacet
  facet normal -0 0 1
    outer loop
      vertex 39.55 18.2974 1.8
      vertex 44.8779 11.1598 1.8
      vertex 39.7778 18.4722 1.8
    endloop
  endfacet
  facet normal 0 0 1
    outer loop
      vertex 44.8779 11.1598 1.8
      vertex 39.55 18.2974 1.8
      vertex 43.5399 10.3399 1.8
    endloop
  endfacet
  facet normal 0 0 1
    outer loop
      vertex 43.5399 10.3399 1.8
      vertex 39.55 18.2974 1.8
      vertex 42.0902 9.73944 1.8
    endloop
  endfacet
  facet normal -0 0 1
    outer loop
      vertex 39.2847 18.1875 1.8
      vertex 42.0902 9.73944 1.8
      vertex 39.55 18.2974 1.8
    endloop
  endfacet
  facet normal 0 0 1
    outer loop
      vertex 42.0902 9.73944 1.8
      vertex 39.2847 18.1875 1.8
      vertex 40.5643 9.37312 1.8
    endloop
  endfacet
  facet normal -0 0 1
    outer loop
      vertex 39 18.15 1.8
      vertex 40.5643 9.37312 1.8
      vertex 39.2847 18.1875 1.8
    endloop
  endfacet
  facet normal 0 0 1
    outer loop
      vertex 39 18.15 1.8
      vertex 39 9.25 1.8
      vertex 40.5643 9.37312 1.8
    endloop
  endfacet
  facet normal 0 0 1
    outer loop
      vertex 37.4357 9.37312 1.8
      vertex 39 18.15 1.8
      vertex 38.7153 18.1875 1.8
    endloop
  endfacet
  facet normal 0 0 1
    outer loop
      vertex 35.9098 9.73944 1.8
      vertex 38.7153 18.1875 1.8
      vertex 38.45 18.2974 1.8
    endloop
  endfacet
  facet normal 0 0 1
    outer loop
      vertex 33.1221 11.1598 1.8
      vertex 38.45 18.2974 1.8
      vertex 38.2222 18.4722 1.8
    endloop
  endfacet
  facet normal 0 0 1
    outer loop
      vertex 30.9098 13.3721 1.8
      vertex 38.2222 18.4722 1.8
      vertex 38.0474 18.7 1.8
    endloop
  endfacet
  facet normal 0 0 1
    outer loop
      vertex 30.0899 14.7101 1.8
      vertex 38.0474 18.7 1.8
      vertex 37.9375 18.9653 1.8
    endloop
  endfacet
  facet normal 0 0 1
    outer loop
      vertex 29.1231 17.6857 1.8
      vertex 37.9375 18.9653 1.8
      vertex 37.9 19.25 1.8
    endloop
  endfacet
  facet normal 0 0 1
    outer loop
      vertex 39 18.15 1.8
      vertex 37.4357 9.37312 1.8
      vertex 39 9.25 1.8
    endloop
  endfacet
  facet normal -0 0 1
    outer loop
      vertex 31.9289 26.3211 1.8
      vertex 38.2222 20.0278 1.8
      vertex 33.1221 27.3402 1.8
    endloop
  endfacet
  facet normal -0 0 1
    outer loop
      vertex 30.9098 25.1279 1.8
      vertex 38.2222 20.0278 1.8
      vertex 31.9289 26.3211 1.8
    endloop
  endfacet
  facet normal 0 0 1
    outer loop
      vertex 38.7153 18.1875 1.8
      vertex 35.9098 9.73944 1.8
      vertex 37.4357 9.37312 1.8
    endloop
  endfacet
  facet normal 0 0 1
    outer loop
      vertex 38.2222 20.0278 1.8
      vertex 30.9098 25.1279 1.8
      vertex 38.0474 19.8 1.8
    endloop
  endfacet
  facet normal 0 0 1
    outer loop
      vertex 38.45 18.2974 1.8
      vertex 34.4601 10.3399 1.8
      vertex 35.9098 9.73944 1.8
    endloop
  endfacet
  facet normal -0 0 1
    outer loop
      vertex 30.0899 23.7899 1.8
      vertex 38.0474 19.8 1.8
      vertex 30.9098 25.1279 1.8
    endloop
  endfacet
  facet normal 0 0 1
    outer loop
      vertex 38.45 18.2974 1.8
      vertex 33.1221 11.1598 1.8
      vertex 34.4601 10.3399 1.8
    endloop
  endfacet
  facet normal 0 0 1
    outer loop
      vertex 38.0474 19.8 1.8
      vertex 30.0899 23.7899 1.8
      vertex 37.9375 19.5347 1.8
    endloop
  endfacet
  facet normal 0 0 1
    outer loop
      vertex 38.2222 18.4722 1.8
      vertex 31.9289 12.1789 1.8
      vertex 33.1221 11.1598 1.8
    endloop
  endfacet
  facet normal -0 0 1
    outer loop
      vertex 29.4894 22.3402 1.8
      vertex 37.9375 19.5347 1.8
      vertex 30.0899 23.7899 1.8
    endloop
  endfacet
  facet normal 0 0 1
    outer loop
      vertex 38.2222 18.4722 1.8
      vertex 30.9098 13.3721 1.8
      vertex 31.9289 12.1789 1.8
    endloop
  endfacet
  facet normal -0 0 1
    outer loop
      vertex 29.1231 20.8143 1.8
      vertex 37.9375 19.5347 1.8
      vertex 29.4894 22.3402 1.8
    endloop
  endfacet
  facet normal 0 0 1
    outer loop
      vertex 38.0474 18.7 1.8
      vertex 30.0899 14.7101 1.8
      vertex 30.9098 13.3721 1.8
    endloop
  endfacet
  facet normal 0 0 1
    outer loop
      vertex 37.9375 19.5347 1.8
      vertex 29.1231 20.8143 1.8
      vertex 37.9 19.25 1.8
    endloop
  endfacet
  facet normal 0 0 1
    outer loop
      vertex 37.9375 18.9653 1.8
      vertex 29.4894 16.1598 1.8
      vertex 30.0899 14.7101 1.8
    endloop
  endfacet
  facet normal 0 0 1
    outer loop
      vertex 29 19.25 1.8
      vertex 37.9 19.25 1.8
      vertex 29.1231 20.8143 1.8
    endloop
  endfacet
  facet normal 0 0 1
    outer loop
      vertex 37.9375 18.9653 1.8
      vertex 29.1231 17.6857 1.8
      vertex 29.4894 16.1598 1.8
    endloop
  endfacet
  facet normal 0 0 1
    outer loop
      vertex 37.9 19.25 1.8
      vertex 29 19.25 1.8
      vertex 29.1231 17.6857 1.8
    endloop
  endfacet
  facet normal 0.233424 -0.972375 0
    outer loop
      vertex 35.9098 28.7606 1.8
      vertex 37.4357 29.1269 3.2
      vertex 35.9098 28.7606 3.2
    endloop
  endfacet
  facet normal 0.233424 -0.972375 0
    outer loop
      vertex 37.4357 29.1269 3.2
      vertex 35.9098 28.7606 1.8
      vertex 37.4357 29.1269 1.8
    endloop
  endfacet
  facet normal -0.649452 -0.760403 0
    outer loop
      vertex 44.8779 27.3402 1.8
      vertex 46.0711 26.3211 3.2
      vertex 44.8779 27.3402 3.2
    endloop
  endfacet
  facet normal -0.649452 -0.760403 -0
    outer loop
      vertex 46.0711 26.3211 3.2
      vertex 44.8779 27.3402 1.8
      vertex 46.0711 26.3211 1.8
    endloop
  endfacet
  facet normal -0.38267 0.923885 0
    outer loop
      vertex 43.5399 10.3399 1.8
      vertex 42.0902 9.73944 3.2
      vertex 43.5399 10.3399 3.2
    endloop
  endfacet
  facet normal -0.38267 0.923885 0
    outer loop
      vertex 42.0902 9.73944 3.2
      vertex 43.5399 10.3399 1.8
      vertex 42.0902 9.73944 1.8
    endloop
  endfacet
  facet normal -0.923876 -0.382691 0
    outer loop
      vertex 48.5106 22.3402 1.8
      vertex 47.9101 23.7899 3.2
      vertex 47.9101 23.7899 1.8
    endloop
  endfacet
  facet normal -0.923876 -0.382691 0
    outer loop
      vertex 47.9101 23.7899 3.2
      vertex 48.5106 22.3402 1.8
      vertex 48.5106 22.3402 3.2
    endloop
  endfacet
  facet normal 0.0784635 0.996917 -0
    outer loop
      vertex 39 9.25 1.8
      vertex 37.4357 9.37312 3.2
      vertex 39 9.25 3.2
    endloop
  endfacet
  facet normal 0.0784635 0.996917 0
    outer loop
      vertex 37.4357 9.37312 3.2
      vertex 39 9.25 1.8
      vertex 37.4357 9.37312 1.8
    endloop
  endfacet
  facet normal 0.522486 -0.852648 0
    outer loop
      vertex 33.1221 27.3402 1.8
      vertex 34.4601 28.1601 3.2
      vertex 33.1221 27.3402 3.2
    endloop
  endfacet
  facet normal 0.522486 -0.852648 0
    outer loop
      vertex 34.4601 28.1601 3.2
      vertex 33.1221 27.3402 1.8
      vertex 34.4601 28.1601 1.8
    endloop
  endfacet
  facet normal 0.522486 0.852648 -0
    outer loop
      vertex 34.4601 10.3399 1.8
      vertex 33.1221 11.1598 3.2
      vertex 34.4601 10.3399 3.2
    endloop
  endfacet
  facet normal 0.522486 0.852648 0
    outer loop
      vertex 33.1221 11.1598 3.2
      vertex 34.4601 10.3399 1.8
      vertex 33.1221 11.1598 1.8
    endloop
  endfacet
  facet normal 0.923868 0.382711 0
    outer loop
      vertex 38.0474 18.7 1.8
      vertex 37.9375 18.9653 0
      vertex 37.9375 18.9653 1.8
    endloop
  endfacet
  facet normal 0.923868 0.382711 0
    outer loop
      vertex 37.9375 18.9653 0
      vertex 38.0474 18.7 1.8
      vertex 38.0474 18.7 0
    endloop
  endfacet
  facet normal -0.793348 -0.608768 0
    outer loop
      vertex 39.9526 19.8 0
      vertex 39.7778 20.0278 1.8
      vertex 39.7778 20.0278 0
    endloop
  endfacet
  facet normal -0.793348 -0.608768 0
    outer loop
      vertex 39.7778 20.0278 1.8
      vertex 39.9526 19.8 0
      vertex 39.9526 19.8 1.8
    endloop
  endfacet
  facet normal 0.991437 -0.13059 0
    outer loop
      vertex 37.9 19.25 1.8
      vertex 37.9375 19.5347 0
      vertex 37.9375 19.5347 1.8
    endloop
  endfacet
  facet normal 0.991437 -0.13059 0
    outer loop
      vertex 37.9375 19.5347 0
      vertex 37.9 19.25 1.8
      vertex 37.9 19.25 0
    endloop
  endfacet
  facet normal -0.923868 -0.382711 0
    outer loop
      vertex 40.0625 19.5347 0
      vertex 39.9526 19.8 1.8
      vertex 39.9526 19.8 0
    endloop
  endfacet
  facet normal -0.923868 -0.382711 0
    outer loop
      vertex 39.9526 19.8 1.8
      vertex 40.0625 19.5347 0
      vertex 40.0625 19.5347 1.8
    endloop
  endfacet
  facet normal -0.608768 0.793348 0
    outer loop
      vertex 39.7778 18.4722 0
      vertex 39.55 18.2974 1.8
      vertex 39.7778 18.4722 1.8
    endloop
  endfacet
  facet normal -0.608768 0.793348 0
    outer loop
      vertex 39.55 18.2974 1.8
      vertex 39.7778 18.4722 0
      vertex 39.55 18.2974 0
    endloop
  endfacet
  facet normal -0.991437 0.13059 0
    outer loop
      vertex 40.0625 18.9653 0
      vertex 40.1 19.25 1.8
      vertex 40.1 19.25 0
    endloop
  endfacet
  facet normal -0.991437 0.13059 0
    outer loop
      vertex 40.1 19.25 1.8
      vertex 40.0625 18.9653 0
      vertex 40.0625 18.9653 1.8
    endloop
  endfacet
  facet normal -0.382711 0.923868 0
    outer loop
      vertex 39.55 18.2974 0
      vertex 39.2847 18.1875 1.8
      vertex 39.55 18.2974 1.8
    endloop
  endfacet
  facet normal -0.382711 0.923868 0
    outer loop
      vertex 39.2847 18.1875 1.8
      vertex 39.55 18.2974 0
      vertex 39.2847 18.1875 0
    endloop
  endfacet
  facet normal -0.608768 -0.793348 0
    outer loop
      vertex 39.55 20.2026 0
      vertex 39.7778 20.0278 1.8
      vertex 39.55 20.2026 1.8
    endloop
  endfacet
  facet normal -0.608768 -0.793348 -0
    outer loop
      vertex 39.7778 20.0278 1.8
      vertex 39.55 20.2026 0
      vertex 39.7778 20.0278 0
    endloop
  endfacet
  facet normal -0.991437 -0.13059 0
    outer loop
      vertex 40.1 19.25 0
      vertex 40.0625 19.5347 1.8
      vertex 40.0625 19.5347 0
    endloop
  endfacet
  facet normal -0.991437 -0.13059 0
    outer loop
      vertex 40.0625 19.5347 1.8
      vertex 40.1 19.25 0
      vertex 40.1 19.25 1.8
    endloop
  endfacet
  facet normal -0.13059 -0.991437 0
    outer loop
      vertex 39 20.35 0
      vertex 39.2847 20.3125 1.8
      vertex 39 20.35 1.8
    endloop
  endfacet
  facet normal -0.13059 -0.991437 -0
    outer loop
      vertex 39.2847 20.3125 1.8
      vertex 39 20.35 0
      vertex 39.2847 20.3125 0
    endloop
  endfacet
  facet normal 0.382711 -0.923868 0
    outer loop
      vertex 38.45 20.2026 0
      vertex 38.7153 20.3125 1.8
      vertex 38.45 20.2026 1.8
    endloop
  endfacet
  facet normal 0.382711 -0.923868 0
    outer loop
      vertex 38.7153 20.3125 1.8
      vertex 38.45 20.2026 0
      vertex 38.7153 20.3125 0
    endloop
  endfacet
  facet normal 0.13059 -0.991437 0
    outer loop
      vertex 38.7153 20.3125 0
      vertex 39 20.35 1.8
      vertex 38.7153 20.3125 1.8
    endloop
  endfacet
  facet normal 0.13059 -0.991437 0
    outer loop
      vertex 39 20.35 1.8
      vertex 38.7153 20.3125 0
      vertex 39 20.35 0
    endloop
  endfacet
  facet normal 0.382711 0.923868 -0
    outer loop
      vertex 38.7153 18.1875 0
      vertex 38.45 18.2974 1.8
      vertex 38.7153 18.1875 1.8
    endloop
  endfacet
  facet normal 0.382711 0.923868 0
    outer loop
      vertex 38.45 18.2974 1.8
      vertex 38.7153 18.1875 0
      vertex 38.45 18.2974 0
    endloop
  endfacet
  facet normal -0.382711 -0.923868 0
    outer loop
      vertex 39.2847 20.3125 0
      vertex 39.55 20.2026 1.8
      vertex 39.2847 20.3125 1.8
    endloop
  endfacet
  facet normal -0.382711 -0.923868 -0
    outer loop
      vertex 39.55 20.2026 1.8
      vertex 39.2847 20.3125 0
      vertex 39.55 20.2026 0
    endloop
  endfacet
  facet normal 0.793348 -0.608768 0
    outer loop
      vertex 38.0474 19.8 1.8
      vertex 38.2222 20.0278 0
      vertex 38.2222 20.0278 1.8
    endloop
  endfacet
  facet normal 0.793348 -0.608768 0
    outer loop
      vertex 38.2222 20.0278 0
      vertex 38.0474 19.8 1.8
      vertex 38.0474 19.8 0
    endloop
  endfacet
  facet normal 0.991437 0.13059 0
    outer loop
      vertex 37.9375 18.9653 1.8
      vertex 37.9 19.25 0
      vertex 37.9 19.25 1.8
    endloop
  endfacet
  facet normal 0.991437 0.13059 0
    outer loop
      vertex 37.9 19.25 0
      vertex 37.9375 18.9653 1.8
      vertex 37.9375 18.9653 0
    endloop
  endfacet
  facet normal 0.13059 0.991437 -0
    outer loop
      vertex 39 18.15 0
      vertex 38.7153 18.1875 1.8
      vertex 39 18.15 1.8
    endloop
  endfacet
  facet normal 0.13059 0.991437 0
    outer loop
      vertex 38.7153 18.1875 1.8
      vertex 39 18.15 0
      vertex 38.7153 18.1875 0
    endloop
  endfacet
  facet normal 0.608768 0.793348 -0
    outer loop
      vertex 38.45 18.2974 0
      vertex 38.2222 18.4722 1.8
      vertex 38.45 18.2974 1.8
    endloop
  endfacet
  facet normal 0.608768 0.793348 0
    outer loop
      vertex 38.2222 18.4722 1.8
      vertex 38.45 18.2974 0
      vertex 38.2222 18.4722 0
    endloop
  endfacet
  facet normal 0.923868 -0.382711 0
    outer loop
      vertex 37.9375 19.5347 1.8
      vertex 38.0474 19.8 0
      vertex 38.0474 19.8 1.8
    endloop
  endfacet
  facet normal 0.923868 -0.382711 0
    outer loop
      vertex 38.0474 19.8 0
      vertex 37.9375 19.5347 1.8
      vertex 37.9375 19.5347 0
    endloop
  endfacet
  facet normal 0.793348 0.608768 0
    outer loop
      vertex 38.2222 18.4722 1.8
      vertex 38.0474 18.7 0
      vertex 38.0474 18.7 1.8
    endloop
  endfacet
  facet normal 0.793348 0.608768 0
    outer loop
      vertex 38.0474 18.7 0
      vertex 38.2222 18.4722 1.8
      vertex 38.2222 18.4722 0
    endloop
  endfacet
  facet normal -0.13059 0.991437 0
    outer loop
      vertex 39.2847 18.1875 0
      vertex 39 18.15 1.8
      vertex 39.2847 18.1875 1.8
    endloop
  endfacet
  facet normal -0.13059 0.991437 0
    outer loop
      vertex 39 18.15 1.8
      vertex 39.2847 18.1875 0
      vertex 39 18.15 0
    endloop
  endfacet
  facet normal 0.608768 -0.793348 0
    outer loop
      vertex 38.2222 20.0278 0
      vertex 38.45 20.2026 1.8
      vertex 38.2222 20.0278 1.8
    endloop
  endfacet
  facet normal 0.608768 -0.793348 0
    outer loop
      vertex 38.45 20.2026 1.8
      vertex 38.2222 20.0278 0
      vertex 38.45 20.2026 0
    endloop
  endfacet
  facet normal -0.793348 0.608768 0
    outer loop
      vertex 39.7778 18.4722 0
      vertex 39.9526 18.7 1.8
      vertex 39.9526 18.7 0
    endloop
  endfacet
  facet normal -0.793348 0.608768 0
    outer loop
      vertex 39.9526 18.7 1.8
      vertex 39.7778 18.4722 0
      vertex 39.7778 18.4722 1.8
    endloop
  endfacet
  facet normal -0.923868 0.382711 0
    outer loop
      vertex 39.9526 18.7 0
      vertex 40.0625 18.9653 1.8
      vertex 40.0625 18.9653 0
    endloop
  endfacet
  facet normal -0.923868 0.382711 0
    outer loop
      vertex 40.0625 18.9653 1.8
      vertex 39.9526 18.7 0
      vertex 39.9526 18.7 1.8
    endloop
  endfacet
  facet normal -0.980797 -0.195032 0
    outer loop
      vertex 19 19.25 0
      vertex 18.9239 19.6327 3.2
      vertex 18.9239 19.6327 0
    endloop
  endfacet
  facet normal -0.980797 -0.195032 0
    outer loop
      vertex 18.9239 19.6327 3.2
      vertex 19 19.25 0
      vertex 19 19.25 3.2
    endloop
  endfacet
  facet normal -0.831419 -0.555646 0
    outer loop
      vertex 18.9239 19.6327 0
      vertex 18.7071 19.9571 3.2
      vertex 18.7071 19.9571 0
    endloop
  endfacet
  facet normal -0.831419 -0.555646 0
    outer loop
      vertex 18.7071 19.9571 3.2
      vertex 18.9239 19.6327 0
      vertex 18.9239 19.6327 3.2
    endloop
  endfacet
  facet normal -0.555646 0.831419 0
    outer loop
      vertex 18.7071 18.5429 0
      vertex 18.3827 18.3261 3.2
      vertex 18.7071 18.5429 3.2
    endloop
  endfacet
  facet normal -0.555646 0.831419 0
    outer loop
      vertex 18.3827 18.3261 3.2
      vertex 18.7071 18.5429 0
      vertex 18.3827 18.3261 0
    endloop
  endfacet
  facet normal 0.555646 -0.831419 0
    outer loop
      vertex 17.2929 19.9571 0
      vertex 17.6173 20.1739 3.2
      vertex 17.2929 19.9571 3.2
    endloop
  endfacet
  facet normal 0.555646 -0.831419 0
    outer loop
      vertex 17.6173 20.1739 3.2
      vertex 17.2929 19.9571 0
      vertex 17.6173 20.1739 0
    endloop
  endfacet
  facet normal -0.195032 0.980797 0
    outer loop
      vertex 18.3827 18.3261 0
      vertex 18 18.25 3.2
      vertex 18.3827 18.3261 3.2
    endloop
  endfacet
  facet normal -0.195032 0.980797 0
    outer loop
      vertex 18 18.25 3.2
      vertex 18.3827 18.3261 0
      vertex 18 18.25 0
    endloop
  endfacet
  facet normal 0.195032 -0.980797 0
    outer loop
      vertex 17.6173 20.1739 0
      vertex 18 20.25 3.2
      vertex 17.6173 20.1739 3.2
    endloop
  endfacet
  facet normal 0.195032 -0.980797 0
    outer loop
      vertex 18 20.25 3.2
      vertex 17.6173 20.1739 0
      vertex 18 20.25 0
    endloop
  endfacet
  facet normal -0.555646 -0.831419 0
    outer loop
      vertex 18.3827 20.1739 0
      vertex 18.7071 19.9571 3.2
      vertex 18.3827 20.1739 3.2
    endloop
  endfacet
  facet normal -0.555646 -0.831419 -0
    outer loop
      vertex 18.7071 19.9571 3.2
      vertex 18.3827 20.1739 0
      vertex 18.7071 19.9571 0
    endloop
  endfacet
  facet normal -0.195032 -0.980797 0
    outer loop
      vertex 18 20.25 0
      vertex 18.3827 20.1739 3.2
      vertex 18 20.25 3.2
    endloop
  endfacet
  facet normal -0.195032 -0.980797 -0
    outer loop
      vertex 18.3827 20.1739 3.2
      vertex 18 20.25 0
      vertex 18.3827 20.1739 0
    endloop
  endfacet
  facet normal 0.980797 -0.195032 0
    outer loop
      vertex 17 19.25 3.2
      vertex 17.0761 19.6327 0
      vertex 17.0761 19.6327 3.2
    endloop
  endfacet
  facet normal 0.980797 -0.195032 0
    outer loop
      vertex 17.0761 19.6327 0
      vertex 17 19.25 3.2
      vertex 17 19.25 0
    endloop
  endfacet
  facet normal 0.831419 0.555646 0
    outer loop
      vertex 17.2929 18.5429 3.2
      vertex 17.0761 18.8673 0
      vertex 17.0761 18.8673 3.2
    endloop
  endfacet
  facet normal 0.831419 0.555646 0
    outer loop
      vertex 17.0761 18.8673 0
      vertex 17.2929 18.5429 3.2
      vertex 17.2929 18.5429 0
    endloop
  endfacet
  facet normal 0.980797 0.195032 0
    outer loop
      vertex 17.0761 18.8673 3.2
      vertex 17 19.25 0
      vertex 17 19.25 3.2
    endloop
  endfacet
  facet normal 0.980797 0.195032 0
    outer loop
      vertex 17 19.25 0
      vertex 17.0761 18.8673 3.2
      vertex 17.0761 18.8673 0
    endloop
  endfacet
  facet normal -0.831419 0.555646 0
    outer loop
      vertex 18.7071 18.5429 0
      vertex 18.9239 18.8673 3.2
      vertex 18.9239 18.8673 0
    endloop
  endfacet
  facet normal -0.831419 0.555646 0
    outer loop
      vertex 18.9239 18.8673 3.2
      vertex 18.7071 18.5429 0
      vertex 18.7071 18.5429 3.2
    endloop
  endfacet
  facet normal -0.980797 0.195032 0
    outer loop
      vertex 18.9239 18.8673 0
      vertex 19 19.25 3.2
      vertex 19 19.25 0
    endloop
  endfacet
  facet normal -0.980797 0.195032 0
    outer loop
      vertex 19 19.25 3.2
      vertex 18.9239 18.8673 0
      vertex 18.9239 18.8673 3.2
    endloop
  endfacet
  facet normal 0.195032 0.980797 -0
    outer loop
      vertex 18 18.25 0
      vertex 17.6173 18.3261 3.2
      vertex 18 18.25 3.2
    endloop
  endfacet
  facet normal 0.195032 0.980797 0
    outer loop
      vertex 17.6173 18.3261 3.2
      vertex 18 18.25 0
      vertex 17.6173 18.3261 0
    endloop
  endfacet
  facet normal 0.831419 -0.555646 0
    outer loop
      vertex 17.0761 19.6327 3.2
      vertex 17.2929 19.9571 0
      vertex 17.2929 19.9571 3.2
    endloop
  endfacet
  facet normal 0.831419 -0.555646 0
    outer loop
      vertex 17.2929 19.9571 0
      vertex 17.0761 19.6327 3.2
      vertex 17.0761 19.6327 0
    endloop
  endfacet
  facet normal 0.555646 0.831419 -0
    outer loop
      vertex 17.6173 18.3261 0
      vertex 17.2929 18.5429 3.2
      vertex 17.6173 18.3261 3.2
    endloop
  endfacet
  facet normal 0.555646 0.831419 0
    outer loop
      vertex 17.2929 18.5429 3.2
      vertex 17.6173 18.3261 0
      vertex 17.2929 18.5429 0
    endloop
  endfacet
  facet normal 0.0653621 -0.997862 0
    outer loop
      vertex 16.2412 22.814 0
      vertex 16.6305 22.8395 3.2
      vertex 16.2412 22.814 3.2
    endloop
  endfacet
  facet normal 0.0653621 -0.997862 0
    outer loop
      vertex 16.6305 22.8395 3.2
      vertex 16.2412 22.814 0
      vertex 16.6305 22.8395 0
    endloop
  endfacet
  facet normal -0.321374 -0.946952 0
    outer loop
      vertex 16.6305 22.8395 0
      vertex 17 22.7141 3.2
      vertex 16.6305 22.8395 3.2
    endloop
  endfacet
  facet normal -0.321374 -0.946952 -0
    outer loop
      vertex 17 22.7141 3.2
      vertex 16.6305 22.8395 0
      vertex 17 22.7141 0
    endloop
  endfacet
  facet normal 0.442287 -0.896874 0
    outer loop
      vertex 15.8912 22.6414 0
      vertex 16.2412 22.814 3.2
      vertex 15.8912 22.6414 3.2
    endloop
  endfacet
  facet normal 0.442287 -0.896874 0
    outer loop
      vertex 16.2412 22.814 3.2
      vertex 15.8912 22.6414 0
      vertex 16.2412 22.814 0
    endloop
  endfacet
  facet normal 0.751862 -0.659321 0
    outer loop
      vertex 15.634 22.3481 3.2
      vertex 15.8912 22.6414 0
      vertex 15.8912 22.6414 3.2
    endloop
  endfacet
  facet normal 0.751862 -0.659321 0
    outer loop
      vertex 15.8912 22.6414 0
      vertex 15.634 22.3481 3.2
      vertex 15.634 22.3481 0
    endloop
  endfacet
  facet normal -0.659339 -0.751846 0
    outer loop
      vertex 17 22.7141 0
      vertex 17.2934 22.4568 3.2
      vertex 17 22.7141 3.2
    endloop
  endfacet
  facet normal -0.659339 -0.751846 -0
    outer loop
      vertex 17.2934 22.4568 3.2
      vertex 17 22.7141 0
      vertex 17.2934 22.4568 0
    endloop
  endfacet
  facet normal 0.997862 0.0653621 0
    outer loop
      vertex 15.5341 21.5893 3.2
      vertex 15.5086 21.9786 0
      vertex 15.5086 21.9786 3.2
    endloop
  endfacet
  facet normal 0.997862 0.0653621 0
    outer loop
      vertex 15.5086 21.9786 0
      vertex 15.5341 21.5893 3.2
      vertex 15.5341 21.5893 0
    endloop
  endfacet
  facet normal 0.659339 0.751846 -0
    outer loop
      vertex 16 20.982 0
      vertex 15.7066 21.2393 3.2
      vertex 16 20.982 3.2
    endloop
  endfacet
  facet normal 0.659339 0.751846 0
    outer loop
      vertex 15.7066 21.2393 3.2
      vertex 16 20.982 0
      vertex 15.7066 21.2393 0
    endloop
  endfacet
  facet normal 0.896975 0.442081 0
    outer loop
      vertex 15.7066 21.2393 3.2
      vertex 15.5341 21.5893 0
      vertex 15.5341 21.5893 3.2
    endloop
  endfacet
  facet normal 0.896975 0.442081 0
    outer loop
      vertex 15.5341 21.5893 0
      vertex 15.7066 21.2393 3.2
      vertex 15.7066 21.2393 0
    endloop
  endfacet
  facet normal -0.896925 -0.442182 0
    outer loop
      vertex 17.4659 22.1069 0
      vertex 17.2934 22.4568 3.2
      vertex 17.2934 22.4568 0
    endloop
  endfacet
  facet normal -0.896925 -0.442182 0
    outer loop
      vertex 17.2934 22.4568 3.2
      vertex 17.4659 22.1069 0
      vertex 17.4659 22.1069 3.2
    endloop
  endfacet
  facet normal -0.946926 0.321452 0
    outer loop
      vertex 17.366 21.3481 0
      vertex 17.4914 21.7175 3.2
      vertex 17.4914 21.7175 0
    endloop
  endfacet
  facet normal -0.946926 0.321452 0
    outer loop
      vertex 17.4914 21.7175 3.2
      vertex 17.366 21.3481 0
      vertex 17.366 21.3481 3.2
    endloop
  endfacet
  facet normal 0.946952 -0.321374 0
    outer loop
      vertex 15.5086 21.9786 3.2
      vertex 15.634 22.3481 0
      vertex 15.634 22.3481 3.2
    endloop
  endfacet
  facet normal 0.946952 -0.321374 0
    outer loop
      vertex 15.634 22.3481 0
      vertex 15.5086 21.9786 3.2
      vertex 15.5086 21.9786 0
    endloop
  endfacet
  facet normal -0.751973 0.659194 0
    outer loop
      vertex 17.1088 21.0547 0
      vertex 17.366 21.3481 3.2
      vertex 17.366 21.3481 0
    endloop
  endfacet
  facet normal -0.751973 0.659194 0
    outer loop
      vertex 17.366 21.3481 3.2
      vertex 17.1088 21.0547 0
      vertex 17.1088 21.0547 3.2
    endloop
  endfacet
  facet normal -0.442287 0.896874 0
    outer loop
      vertex 17.1088 21.0547 0
      vertex 16.7588 20.8821 3.2
      vertex 17.1088 21.0547 3.2
    endloop
  endfacet
  facet normal -0.442287 0.896874 0
    outer loop
      vertex 16.7588 20.8821 3.2
      vertex 17.1088 21.0547 0
      vertex 16.7588 20.8821 0
    endloop
  endfacet
  facet normal -0.997863 -0.0653454 0
    outer loop
      vertex 17.4914 21.7175 0
      vertex 17.4659 22.1069 3.2
      vertex 17.4659 22.1069 0
    endloop
  endfacet
  facet normal -0.997863 -0.0653454 0
    outer loop
      vertex 17.4659 22.1069 3.2
      vertex 17.4914 21.7175 0
      vertex 17.4914 21.7175 3.2
    endloop
  endfacet
  facet normal 0.321374 0.946952 -0
    outer loop
      vertex 16.3695 20.8566 0
      vertex 16 20.982 3.2
      vertex 16.3695 20.8566 3.2
    endloop
  endfacet
  facet normal 0.321374 0.946952 0
    outer loop
      vertex 16 20.982 3.2
      vertex 16.3695 20.8566 0
      vertex 16 20.982 0
    endloop
  endfacet
  facet normal -0.0653621 0.997862 0
    outer loop
      vertex 16.7588 20.8821 0
      vertex 16.3695 20.8566 3.2
      vertex 16.7588 20.8821 3.2
    endloop
  endfacet
  facet normal -0.0653621 0.997862 0
    outer loop
      vertex 16.3695 20.8566 3.2
      vertex 16.7588 20.8821 0
      vertex 16.3695 20.8566 0
    endloop
  endfacet
  facet normal 0.896925 -0.442182 0
    outer loop
      vertex 12.5341 22.1069 3.2
      vertex 12.7066 22.4568 0
      vertex 12.7066 22.4568 3.2
    endloop
  endfacet
  facet normal 0.896925 -0.442182 0
    outer loop
      vertex 12.7066 22.4568 0
      vertex 12.5341 22.1069 3.2
      vertex 12.5341 22.1069 0
    endloop
  endfacet
  facet normal 0.659339 -0.751846 0
    outer loop
      vertex 12.7066 22.4568 0
      vertex 13 22.7141 3.2
      vertex 12.7066 22.4568 3.2
    endloop
  endfacet
  facet normal 0.659339 -0.751846 0
    outer loop
      vertex 13 22.7141 3.2
      vertex 12.7066 22.4568 0
      vertex 13 22.7141 0
    endloop
  endfacet
  facet normal 0.997863 -0.0653454 0
    outer loop
      vertex 12.5086 21.7175 3.2
      vertex 12.5341 22.1069 0
      vertex 12.5341 22.1069 3.2
    endloop
  endfacet
  facet normal 0.997863 -0.0653454 0
    outer loop
      vertex 12.5341 22.1069 0
      vertex 12.5086 21.7175 3.2
      vertex 12.5086 21.7175 0
    endloop
  endfacet
  facet normal -0.442287 -0.896874 0
    outer loop
      vertex 13.7588 22.814 0
      vertex 14.1088 22.6414 3.2
      vertex 13.7588 22.814 3.2
    endloop
  endfacet
  facet normal -0.442287 -0.896874 -0
    outer loop
      vertex 14.1088 22.6414 3.2
      vertex 13.7588 22.814 0
      vertex 14.1088 22.6414 0
    endloop
  endfacet
  facet normal 0.0653621 0.997862 -0
    outer loop
      vertex 13.6305 20.8566 0
      vertex 13.2412 20.8821 3.2
      vertex 13.6305 20.8566 3.2
    endloop
  endfacet
  facet normal 0.0653621 0.997862 0
    outer loop
      vertex 13.2412 20.8821 3.2
      vertex 13.6305 20.8566 0
      vertex 13.2412 20.8821 0
    endloop
  endfacet
  facet normal 0.321374 -0.946952 0
    outer loop
      vertex 13 22.7141 0
      vertex 13.3695 22.8395 3.2
      vertex 13 22.7141 3.2
    endloop
  endfacet
  facet normal 0.321374 -0.946952 0
    outer loop
      vertex 13.3695 22.8395 3.2
      vertex 13 22.7141 0
      vertex 13.3695 22.8395 0
    endloop
  endfacet
  facet normal 0.442287 0.896874 -0
    outer loop
      vertex 13.2412 20.8821 0
      vertex 12.8912 21.0547 3.2
      vertex 13.2412 20.8821 3.2
    endloop
  endfacet
  facet normal 0.442287 0.896874 0
    outer loop
      vertex 12.8912 21.0547 3.2
      vertex 13.2412 20.8821 0
      vertex 12.8912 21.0547 0
    endloop
  endfacet
  facet normal -0.321374 0.946952 0
    outer loop
      vertex 14 20.982 0
      vertex 13.6305 20.8566 3.2
      vertex 14 20.982 3.2
    endloop
  endfacet
  facet normal -0.321374 0.946952 0
    outer loop
      vertex 13.6305 20.8566 3.2
      vertex 14 20.982 0
      vertex 13.6305 20.8566 0
    endloop
  endfacet
  facet normal -0.0653621 -0.997862 0
    outer loop
      vertex 13.3695 22.8395 0
      vertex 13.7588 22.814 3.2
      vertex 13.3695 22.8395 3.2
    endloop
  endfacet
  facet normal -0.0653621 -0.997862 -0
    outer loop
      vertex 13.7588 22.814 3.2
      vertex 13.3695 22.8395 0
      vertex 13.7588 22.814 0
    endloop
  endfacet
  facet normal -0.896975 0.442081 0
    outer loop
      vertex 14.2934 21.2393 0
      vertex 14.4659 21.5893 3.2
      vertex 14.4659 21.5893 0
    endloop
  endfacet
  facet normal -0.896975 0.442081 0
    outer loop
      vertex 14.4659 21.5893 3.2
      vertex 14.2934 21.2393 0
      vertex 14.2934 21.2393 3.2
    endloop
  endfacet
  facet normal -0.659339 0.751846 0
    outer loop
      vertex 14.2934 21.2393 0
      vertex 14 20.982 3.2
      vertex 14.2934 21.2393 3.2
    endloop
  endfacet
  facet normal -0.659339 0.751846 0
    outer loop
      vertex 14 20.982 3.2
      vertex 14.2934 21.2393 0
      vertex 14 20.982 0
    endloop
  endfacet
  facet normal 0.751973 0.659194 0
    outer loop
      vertex 12.8912 21.0547 3.2
      vertex 12.634 21.3481 0
      vertex 12.634 21.3481 3.2
    endloop
  endfacet
  facet normal 0.751973 0.659194 0
    outer loop
      vertex 12.634 21.3481 0
      vertex 12.8912 21.0547 3.2
      vertex 12.8912 21.0547 0
    endloop
  endfacet
  facet normal 0.946926 0.321452 0
    outer loop
      vertex 12.634 21.3481 3.2
      vertex 12.5086 21.7175 0
      vertex 12.5086 21.7175 3.2
    endloop
  endfacet
  facet normal 0.946926 0.321452 0
    outer loop
      vertex 12.5086 21.7175 0
      vertex 12.634 21.3481 3.2
      vertex 12.634 21.3481 0
    endloop
  endfacet
  facet normal -0.751862 -0.659321 0
    outer loop
      vertex 14.366 22.3481 0
      vertex 14.1088 22.6414 3.2
      vertex 14.1088 22.6414 0
    endloop
  endfacet
  facet normal -0.751862 -0.659321 0
    outer loop
      vertex 14.1088 22.6414 3.2
      vertex 14.366 22.3481 0
      vertex 14.366 22.3481 3.2
    endloop
  endfacet
  facet normal -0.946952 -0.321374 0
    outer loop
      vertex 14.4914 21.9786 0
      vertex 14.366 22.3481 3.2
      vertex 14.366 22.3481 0
    endloop
  endfacet
  facet normal -0.946952 -0.321374 0
    outer loop
      vertex 14.366 22.3481 3.2
      vertex 14.4914 21.9786 0
      vertex 14.4914 21.9786 3.2
    endloop
  endfacet
  facet normal -0.997862 0.0653621 0
    outer loop
      vertex 14.4659 21.5893 0
      vertex 14.4914 21.9786 3.2
      vertex 14.4914 21.9786 0
    endloop
  endfacet
  facet normal -0.997862 0.0653621 0
    outer loop
      vertex 14.4914 21.9786 3.2
      vertex 14.4659 21.5893 0
      vertex 14.4659 21.5893 3.2
    endloop
  endfacet
  facet normal -0.195032 -0.980797 0
    outer loop
      vertex 12 20.25 0
      vertex 12.3827 20.1739 3.2
      vertex 12 20.25 3.2
    endloop
  endfacet
  facet normal -0.195032 -0.980797 -0
    outer loop
      vertex 12.3827 20.1739 3.2
      vertex 12 20.25 0
      vertex 12.3827 20.1739 0
    endloop
  endfacet
  facet normal 0.555646 0.831419 -0
    outer loop
      vertex 11.6173 18.3261 0
      vertex 11.2929 18.5429 3.2
      vertex 11.6173 18.3261 3.2
    endloop
  endfacet
  facet normal 0.555646 0.831419 0
    outer loop
      vertex 11.2929 18.5429 3.2
      vertex 11.6173 18.3261 0
      vertex 11.2929 18.5429 0
    endloop
  endfacet
  facet normal -0.980797 -0.195032 0
    outer loop
      vertex 13 19.25 0
      vertex 12.9239 19.6327 3.2
      vertex 12.9239 19.6327 0
    endloop
  endfacet
  facet normal -0.980797 -0.195032 0
    outer loop
      vertex 12.9239 19.6327 3.2
      vertex 13 19.25 0
      vertex 13 19.25 3.2
    endloop
  endfacet
  facet normal 0.555646 -0.831419 0
    outer loop
      vertex 11.2929 19.9571 0
      vertex 11.6173 20.1739 3.2
      vertex 11.2929 19.9571 3.2
    endloop
  endfacet
  facet normal 0.555646 -0.831419 0
    outer loop
      vertex 11.6173 20.1739 3.2
      vertex 11.2929 19.9571 0
      vertex 11.6173 20.1739 0
    endloop
  endfacet
  facet normal 0.980797 0.195032 0
    outer loop
      vertex 11.0761 18.8673 3.2
      vertex 11 19.25 0
      vertex 11 19.25 3.2
    endloop
  endfacet
  facet normal 0.980797 0.195032 0
    outer loop
      vertex 11 19.25 0
      vertex 11.0761 18.8673 3.2
      vertex 11.0761 18.8673 0
    endloop
  endfacet
  facet normal 0.195032 -0.980797 0
    outer loop
      vertex 11.6173 20.1739 0
      vertex 12 20.25 3.2
      vertex 11.6173 20.1739 3.2
    endloop
  endfacet
  facet normal 0.195032 -0.980797 0
    outer loop
      vertex 12 20.25 3.2
      vertex 11.6173 20.1739 0
      vertex 12 20.25 0
    endloop
  endfacet
  facet normal -0.831419 0.555646 0
    outer loop
      vertex 12.7071 18.5429 0
      vertex 12.9239 18.8673 3.2
      vertex 12.9239 18.8673 0
    endloop
  endfacet
  facet normal -0.831419 0.555646 0
    outer loop
      vertex 12.9239 18.8673 3.2
      vertex 12.7071 18.5429 0
      vertex 12.7071 18.5429 3.2
    endloop
  endfacet
  facet normal -0.555646 0.831419 0
    outer loop
      vertex 12.7071 18.5429 0
      vertex 12.3827 18.3261 3.2
      vertex 12.7071 18.5429 3.2
    endloop
  endfacet
  facet normal -0.555646 0.831419 0
    outer loop
      vertex 12.3827 18.3261 3.2
      vertex 12.7071 18.5429 0
      vertex 12.3827 18.3261 0
    endloop
  endfacet
  facet normal 0.980797 -0.195032 0
    outer loop
      vertex 11 19.25 3.2
      vertex 11.0761 19.6327 0
      vertex 11.0761 19.6327 3.2
    endloop
  endfacet
  facet normal 0.980797 -0.195032 0
    outer loop
      vertex 11.0761 19.6327 0
      vertex 11 19.25 3.2
      vertex 11 19.25 0
    endloop
  endfacet
  facet normal 0.831419 0.555646 0
    outer loop
      vertex 11.2929 18.5429 3.2
      vertex 11.0761 18.8673 0
      vertex 11.0761 18.8673 3.2
    endloop
  endfacet
  facet normal 0.831419 0.555646 0
    outer loop
      vertex 11.0761 18.8673 0
      vertex 11.2929 18.5429 3.2
      vertex 11.2929 18.5429 0
    endloop
  endfacet
  facet normal 0.831419 -0.555646 0
    outer loop
      vertex 11.0761 19.6327 3.2
      vertex 11.2929 19.9571 0
      vertex 11.2929 19.9571 3.2
    endloop
  endfacet
  facet normal 0.831419 -0.555646 0
    outer loop
      vertex 11.2929 19.9571 0
      vertex 11.0761 19.6327 3.2
      vertex 11.0761 19.6327 0
    endloop
  endfacet
  facet normal -0.980797 0.195032 0
    outer loop
      vertex 12.9239 18.8673 0
      vertex 13 19.25 3.2
      vertex 13 19.25 0
    endloop
  endfacet
  facet normal -0.980797 0.195032 0
    outer loop
      vertex 13 19.25 3.2
      vertex 12.9239 18.8673 0
      vertex 12.9239 18.8673 3.2
    endloop
  endfacet
  facet normal -0.831419 -0.555646 0
    outer loop
      vertex 12.9239 19.6327 0
      vertex 12.7071 19.9571 3.2
      vertex 12.7071 19.9571 0
    endloop
  endfacet
  facet normal -0.831419 -0.555646 0
    outer loop
      vertex 12.7071 19.9571 3.2
      vertex 12.9239 19.6327 0
      vertex 12.9239 19.6327 3.2
    endloop
  endfacet
  facet normal -0.195032 0.980797 0
    outer loop
      vertex 12.3827 18.3261 0
      vertex 12 18.25 3.2
      vertex 12.3827 18.3261 3.2
    endloop
  endfacet
  facet normal -0.195032 0.980797 0
    outer loop
      vertex 12 18.25 3.2
      vertex 12.3827 18.3261 0
      vertex 12 18.25 0
    endloop
  endfacet
  facet normal 0.195032 0.980797 -0
    outer loop
      vertex 12 18.25 0
      vertex 11.6173 18.3261 3.2
      vertex 12 18.25 3.2
    endloop
  endfacet
  facet normal 0.195032 0.980797 0
    outer loop
      vertex 11.6173 18.3261 3.2
      vertex 12 18.25 0
      vertex 11.6173 18.3261 0
    endloop
  endfacet
  facet normal -0.555646 -0.831419 0
    outer loop
      vertex 12.3827 20.1739 0
      vertex 12.7071 19.9571 3.2
      vertex 12.3827 20.1739 3.2
    endloop
  endfacet
  facet normal -0.555646 -0.831419 -0
    outer loop
      vertex 12.7071 19.9571 3.2
      vertex 12.3827 20.1739 0
      vertex 12.7071 19.9571 0
    endloop
  endfacet
  facet normal -0.946952 0.321374 0
    outer loop
      vertex 14.366 16.1519 0
      vertex 14.4914 16.5214 3.2
      vertex 14.4914 16.5214 0
    endloop
  endfacet
  facet normal -0.946952 0.321374 0
    outer loop
      vertex 14.4914 16.5214 3.2
      vertex 14.366 16.1519 0
      vertex 14.366 16.1519 3.2
    endloop
  endfacet
  facet normal -0.442287 0.896874 0
    outer loop
      vertex 14.1088 15.8586 0
      vertex 13.7588 15.686 3.2
      vertex 14.1088 15.8586 3.2
    endloop
  endfacet
  facet normal -0.442287 0.896874 0
    outer loop
      vertex 13.7588 15.686 3.2
      vertex 14.1088 15.8586 0
      vertex 13.7588 15.686 0
    endloop
  endfacet
  facet normal -0.751862 0.659321 0
    outer loop
      vertex 14.1088 15.8586 0
      vertex 14.366 16.1519 3.2
      vertex 14.366 16.1519 0
    endloop
  endfacet
  facet normal -0.751862 0.659321 0
    outer loop
      vertex 14.366 16.1519 3.2
      vertex 14.1088 15.8586 0
      vertex 14.1088 15.8586 3.2
    endloop
  endfacet
  facet normal -0.659339 -0.751846 0
    outer loop
      vertex 14 17.518 0
      vertex 14.2934 17.2607 3.2
      vertex 14 17.518 3.2
    endloop
  endfacet
  facet normal -0.659339 -0.751846 -0
    outer loop
      vertex 14.2934 17.2607 3.2
      vertex 14 17.518 0
      vertex 14.2934 17.2607 0
    endloop
  endfacet
  facet normal 0.659339 0.751846 -0
    outer loop
      vertex 13 15.7859 0
      vertex 12.7066 16.0432 3.2
      vertex 13 15.7859 3.2
    endloop
  endfacet
  facet normal 0.659339 0.751846 0
    outer loop
      vertex 12.7066 16.0432 3.2
      vertex 13 15.7859 0
      vertex 12.7066 16.0432 0
    endloop
  endfacet
  facet normal 0.321374 0.946952 -0
    outer loop
      vertex 13.3695 15.6605 0
      vertex 13 15.7859 3.2
      vertex 13.3695 15.6605 3.2
    endloop
  endfacet
  facet normal 0.321374 0.946952 0
    outer loop
      vertex 13 15.7859 3.2
      vertex 13.3695 15.6605 0
      vertex 13 15.7859 0
    endloop
  endfacet
  facet normal -0.997862 -0.0653621 0
    outer loop
      vertex 14.4914 16.5214 0
      vertex 14.4659 16.9107 3.2
      vertex 14.4659 16.9107 0
    endloop
  endfacet
  facet normal -0.997862 -0.0653621 0
    outer loop
      vertex 14.4659 16.9107 3.2
      vertex 14.4914 16.5214 0
      vertex 14.4914 16.5214 3.2
    endloop
  endfacet
  facet normal 0.896925 0.442182 0
    outer loop
      vertex 12.7066 16.0432 3.2
      vertex 12.5341 16.3931 0
      vertex 12.5341 16.3931 3.2
    endloop
  endfacet
  facet normal 0.896925 0.442182 0
    outer loop
      vertex 12.5341 16.3931 0
      vertex 12.7066 16.0432 3.2
      vertex 12.7066 16.0432 0
    endloop
  endfacet
  facet normal 0.946926 -0.321452 0
    outer loop
      vertex 12.5086 16.7825 3.2
      vertex 12.634 17.1519 0
      vertex 12.634 17.1519 3.2
    endloop
  endfacet
  facet normal 0.946926 -0.321452 0
    outer loop
      vertex 12.634 17.1519 0
      vertex 12.5086 16.7825 3.2
      vertex 12.5086 16.7825 0
    endloop
  endfacet
  facet normal -0.896975 -0.442081 0
    outer loop
      vertex 14.4659 16.9107 0
      vertex 14.2934 17.2607 3.2
      vertex 14.2934 17.2607 0
    endloop
  endfacet
  facet normal -0.896975 -0.442081 0
    outer loop
      vertex 14.2934 17.2607 3.2
      vertex 14.4659 16.9107 0
      vertex 14.4659 16.9107 3.2
    endloop
  endfacet
  facet normal -0.0653621 0.997862 0
    outer loop
      vertex 13.7588 15.686 0
      vertex 13.3695 15.6605 3.2
      vertex 13.7588 15.686 3.2
    endloop
  endfacet
  facet normal -0.0653621 0.997862 0
    outer loop
      vertex 13.3695 15.6605 3.2
      vertex 13.7588 15.686 0
      vertex 13.3695 15.6605 0
    endloop
  endfacet
  facet normal 0.751973 -0.659194 0
    outer loop
      vertex 12.634 17.1519 3.2
      vertex 12.8912 17.4453 0
      vertex 12.8912 17.4453 3.2
    endloop
  endfacet
  facet normal 0.751973 -0.659194 0
    outer loop
      vertex 12.8912 17.4453 0
      vertex 12.634 17.1519 3.2
      vertex 12.634 17.1519 0
    endloop
  endfacet
  facet normal 0.442287 -0.896874 0
    outer loop
      vertex 12.8912 17.4453 0
      vertex 13.2412 17.6179 3.2
      vertex 12.8912 17.4453 3.2
    endloop
  endfacet
  facet normal 0.442287 -0.896874 0
    outer loop
      vertex 13.2412 17.6179 3.2
      vertex 12.8912 17.4453 0
      vertex 13.2412 17.6179 0
    endloop
  endfacet
  facet normal 0.997863 0.0653454 0
    outer loop
      vertex 12.5341 16.3931 3.2
      vertex 12.5086 16.7825 0
      vertex 12.5086 16.7825 3.2
    endloop
  endfacet
  facet normal 0.997863 0.0653454 0
    outer loop
      vertex 12.5086 16.7825 0
      vertex 12.5341 16.3931 3.2
      vertex 12.5341 16.3931 0
    endloop
  endfacet
  facet normal -0.321374 -0.946952 0
    outer loop
      vertex 13.6305 17.6434 0
      vertex 14 17.518 3.2
      vertex 13.6305 17.6434 3.2
    endloop
  endfacet
  facet normal -0.321374 -0.946952 -0
    outer loop
      vertex 14 17.518 3.2
      vertex 13.6305 17.6434 0
      vertex 14 17.518 0
    endloop
  endfacet
  facet normal 0.0653621 -0.997862 0
    outer loop
      vertex 13.2412 17.6179 0
      vertex 13.6305 17.6434 3.2
      vertex 13.2412 17.6179 3.2
    endloop
  endfacet
  facet normal 0.0653621 -0.997862 0
    outer loop
      vertex 13.6305 17.6434 3.2
      vertex 13.2412 17.6179 0
      vertex 13.6305 17.6434 0
    endloop
  endfacet
  facet normal -0.997863 0.0653454 0
    outer loop
      vertex 17.4659 16.3931 0
      vertex 17.4914 16.7825 3.2
      vertex 17.4914 16.7825 0
    endloop
  endfacet
  facet normal -0.997863 0.0653454 0
    outer loop
      vertex 17.4914 16.7825 3.2
      vertex 17.4659 16.3931 0
      vertex 17.4659 16.3931 3.2
    endloop
  endfacet
  facet normal 0.442287 0.896874 -0
    outer loop
      vertex 16.2412 15.686 0
      vertex 15.8912 15.8586 3.2
      vertex 16.2412 15.686 3.2
    endloop
  endfacet
  facet normal 0.442287 0.896874 0
    outer loop
      vertex 15.8912 15.8586 3.2
      vertex 16.2412 15.686 0
      vertex 15.8912 15.8586 0
    endloop
  endfacet
  facet normal -0.0653621 -0.997862 0
    outer loop
      vertex 16.3695 17.6434 0
      vertex 16.7588 17.6179 3.2
      vertex 16.3695 17.6434 3.2
    endloop
  endfacet
  facet normal -0.0653621 -0.997862 -0
    outer loop
      vertex 16.7588 17.6179 3.2
      vertex 16.3695 17.6434 0
      vertex 16.7588 17.6179 0
    endloop
  endfacet
  facet normal -0.659339 0.751846 0
    outer loop
      vertex 17.2934 16.0432 0
      vertex 17 15.7859 3.2
      vertex 17.2934 16.0432 3.2
    endloop
  endfacet
  facet normal -0.659339 0.751846 0
    outer loop
      vertex 17 15.7859 3.2
      vertex 17.2934 16.0432 0
      vertex 17 15.7859 0
    endloop
  endfacet
  facet normal 0.751862 0.659321 0
    outer loop
      vertex 15.8912 15.8586 3.2
      vertex 15.634 16.1519 0
      vertex 15.634 16.1519 3.2
    endloop
  endfacet
  facet normal 0.751862 0.659321 0
    outer loop
      vertex 15.634 16.1519 0
      vertex 15.8912 15.8586 3.2
      vertex 15.8912 15.8586 0
    endloop
  endfacet
  facet normal -0.321374 0.946952 0
    outer loop
      vertex 17 15.7859 0
      vertex 16.6305 15.6605 3.2
      vertex 17 15.7859 3.2
    endloop
  endfacet
  facet normal -0.321374 0.946952 0
    outer loop
      vertex 16.6305 15.6605 3.2
      vertex 17 15.7859 0
      vertex 16.6305 15.6605 0
    endloop
  endfacet
  facet normal -0.751973 -0.659194 0
    outer loop
      vertex 17.366 17.1519 0
      vertex 17.1088 17.4453 3.2
      vertex 17.1088 17.4453 0
    endloop
  endfacet
  facet normal -0.751973 -0.659194 0
    outer loop
      vertex 17.1088 17.4453 3.2
      vertex 17.366 17.1519 0
      vertex 17.366 17.1519 3.2
    endloop
  endfacet
  facet normal 0.946952 0.321374 0
    outer loop
      vertex 15.634 16.1519 3.2
      vertex 15.5086 16.5214 0
      vertex 15.5086 16.5214 3.2
    endloop
  endfacet
  facet normal 0.946952 0.321374 0
    outer loop
      vertex 15.5086 16.5214 0
      vertex 15.634 16.1519 3.2
      vertex 15.634 16.1519 0
    endloop
  endfacet
  facet normal -0.896925 0.442182 0
    outer loop
      vertex 17.2934 16.0432 0
      vertex 17.4659 16.3931 3.2
      vertex 17.4659 16.3931 0
    endloop
  endfacet
  facet normal -0.896925 0.442182 0
    outer loop
      vertex 17.4659 16.3931 3.2
      vertex 17.2934 16.0432 0
      vertex 17.2934 16.0432 3.2
    endloop
  endfacet
  facet normal 0.0653621 0.997862 -0
    outer loop
      vertex 16.6305 15.6605 0
      vertex 16.2412 15.686 3.2
      vertex 16.6305 15.6605 3.2
    endloop
  endfacet
  facet normal 0.0653621 0.997862 0
    outer loop
      vertex 16.2412 15.686 3.2
      vertex 16.6305 15.6605 0
      vertex 16.2412 15.686 0
    endloop
  endfacet
  facet normal 0.896975 -0.442081 0
    outer loop
      vertex 15.5341 16.9107 3.2
      vertex 15.7066 17.2607 0
      vertex 15.7066 17.2607 3.2
    endloop
  endfacet
  facet normal 0.896975 -0.442081 0
    outer loop
      vertex 15.7066 17.2607 0
      vertex 15.5341 16.9107 3.2
      vertex 15.5341 16.9107 0
    endloop
  endfacet
  facet normal 0.659339 -0.751846 0
    outer loop
      vertex 15.7066 17.2607 0
      vertex 16 17.518 3.2
      vertex 15.7066 17.2607 3.2
    endloop
  endfacet
  facet normal 0.659339 -0.751846 0
    outer loop
      vertex 16 17.518 3.2
      vertex 15.7066 17.2607 0
      vertex 16 17.518 0
    endloop
  endfacet
  facet normal -0.946926 -0.321452 0
    outer loop
      vertex 17.4914 16.7825 0
      vertex 17.366 17.1519 3.2
      vertex 17.366 17.1519 0
    endloop
  endfacet
  facet normal -0.946926 -0.321452 0
    outer loop
      vertex 17.366 17.1519 3.2
      vertex 17.4914 16.7825 0
      vertex 17.4914 16.7825 3.2
    endloop
  endfacet
  facet normal 0.321374 -0.946952 0
    outer loop
      vertex 16 17.518 0
      vertex 16.3695 17.6434 3.2
      vertex 16 17.518 3.2
    endloop
  endfacet
  facet normal 0.321374 -0.946952 0
    outer loop
      vertex 16.3695 17.6434 3.2
      vertex 16 17.518 0
      vertex 16.3695 17.6434 0
    endloop
  endfacet
  facet normal -0.442287 -0.896874 0
    outer loop
      vertex 16.7588 17.6179 0
      vertex 17.1088 17.4453 3.2
      vertex 16.7588 17.6179 3.2
    endloop
  endfacet
  facet normal -0.442287 -0.896874 -0
    outer loop
      vertex 17.1088 17.4453 3.2
      vertex 16.7588 17.6179 0
      vertex 17.1088 17.4453 0
    endloop
  endfacet
  facet normal 0.997862 -0.0653621 0
    outer loop
      vertex 15.5086 16.5214 3.2
      vertex 15.5341 16.9107 0
      vertex 15.5341 16.9107 3.2
    endloop
  endfacet
  facet normal 0.997862 -0.0653621 0
    outer loop
      vertex 15.5341 16.9107 0
      vertex 15.5086 16.5214 3.2
      vertex 15.5086 16.5214 0
    endloop
  endfacet
  facet normal 0.195032 0.980797 -0
    outer loop
      vertex 21 18.25 0
      vertex 20.6173 18.3261 3.2
      vertex 21 18.25 3.2
    endloop
  endfacet
  facet normal 0.195032 0.980797 0
    outer loop
      vertex 20.6173 18.3261 3.2
      vertex 21 18.25 0
      vertex 20.6173 18.3261 0
    endloop
  endfacet
  facet normal -0.831419 0.555646 0
    outer loop
      vertex 21.7071 18.5429 0
      vertex 21.9239 18.8673 3.2
      vertex 21.9239 18.8673 0
    endloop
  endfacet
  facet normal -0.831419 0.555646 0
    outer loop
      vertex 21.9239 18.8673 3.2
      vertex 21.7071 18.5429 0
      vertex 21.7071 18.5429 3.2
    endloop
  endfacet
  facet normal -0.831419 -0.555646 0
    outer loop
      vertex 21.9239 19.6327 0
      vertex 21.7071 19.9571 3.2
      vertex 21.7071 19.9571 0
    endloop
  endfacet
  facet normal -0.831419 -0.555646 0
    outer loop
      vertex 21.7071 19.9571 3.2
      vertex 21.9239 19.6327 0
      vertex 21.9239 19.6327 3.2
    endloop
  endfacet
  facet normal -0.980797 -0.195032 0
    outer loop
      vertex 22 19.25 0
      vertex 21.9239 19.6327 3.2
      vertex 21.9239 19.6327 0
    endloop
  endfacet
  facet normal -0.980797 -0.195032 0
    outer loop
      vertex 21.9239 19.6327 3.2
      vertex 22 19.25 0
      vertex 22 19.25 3.2
    endloop
  endfacet
  facet normal -0.555646 -0.831419 0
    outer loop
      vertex 21.3827 20.1739 0
      vertex 21.7071 19.9571 3.2
      vertex 21.3827 20.1739 3.2
    endloop
  endfacet
  facet normal -0.555646 -0.831419 -0
    outer loop
      vertex 21.7071 19.9571 3.2
      vertex 21.3827 20.1739 0
      vertex 21.7071 19.9571 0
    endloop
  endfacet
  facet normal -0.195032 -0.980797 0
    outer loop
      vertex 21 20.25 0
      vertex 21.3827 20.1739 3.2
      vertex 21 20.25 3.2
    endloop
  endfacet
  facet normal -0.195032 -0.980797 -0
    outer loop
      vertex 21.3827 20.1739 3.2
      vertex 21 20.25 0
      vertex 21.3827 20.1739 0
    endloop
  endfacet
  facet normal 0.980797 0.195032 0
    outer loop
      vertex 20.0761 18.8673 3.2
      vertex 20 19.25 0
      vertex 20 19.25 3.2
    endloop
  endfacet
  facet normal 0.980797 0.195032 0
    outer loop
      vertex 20 19.25 0
      vertex 20.0761 18.8673 3.2
      vertex 20.0761 18.8673 0
    endloop
  endfacet
  facet normal -0.555646 0.831419 0
    outer loop
      vertex 21.7071 18.5429 0
      vertex 21.3827 18.3261 3.2
      vertex 21.7071 18.5429 3.2
    endloop
  endfacet
  facet normal -0.555646 0.831419 0
    outer loop
      vertex 21.3827 18.3261 3.2
      vertex 21.7071 18.5429 0
      vertex 21.3827 18.3261 0
    endloop
  endfacet
  facet normal 0.831419 -0.555646 0
    outer loop
      vertex 20.0761 19.6327 3.2
      vertex 20.2929 19.9571 0
      vertex 20.2929 19.9571 3.2
    endloop
  endfacet
  facet normal 0.831419 -0.555646 0
    outer loop
      vertex 20.2929 19.9571 0
      vertex 20.0761 19.6327 3.2
      vertex 20.0761 19.6327 0
    endloop
  endfacet
  facet normal -0.195032 0.980797 0
    outer loop
      vertex 21.3827 18.3261 0
      vertex 21 18.25 3.2
      vertex 21.3827 18.3261 3.2
    endloop
  endfacet
  facet normal -0.195032 0.980797 0
    outer loop
      vertex 21 18.25 3.2
      vertex 21.3827 18.3261 0
      vertex 21 18.25 0
    endloop
  endfacet
  facet normal 0.195032 -0.980797 0
    outer loop
      vertex 20.6173 20.1739 0
      vertex 21 20.25 3.2
      vertex 20.6173 20.1739 3.2
    endloop
  endfacet
  facet normal 0.195032 -0.980797 0
    outer loop
      vertex 21 20.25 3.2
      vertex 20.6173 20.1739 0
      vertex 21 20.25 0
    endloop
  endfacet
  facet normal 0.555646 -0.831419 0
    outer loop
      vertex 20.2929 19.9571 0
      vertex 20.6173 20.1739 3.2
      vertex 20.2929 19.9571 3.2
    endloop
  endfacet
  facet normal 0.555646 -0.831419 0
    outer loop
      vertex 20.6173 20.1739 3.2
      vertex 20.2929 19.9571 0
      vertex 20.6173 20.1739 0
    endloop
  endfacet
  facet normal -0.980797 0.195032 0
    outer loop
      vertex 21.9239 18.8673 0
      vertex 22 19.25 3.2
      vertex 22 19.25 0
    endloop
  endfacet
  facet normal -0.980797 0.195032 0
    outer loop
      vertex 22 19.25 3.2
      vertex 21.9239 18.8673 0
      vertex 21.9239 18.8673 3.2
    endloop
  endfacet
  facet normal 0.980797 -0.195032 0
    outer loop
      vertex 20 19.25 3.2
      vertex 20.0761 19.6327 0
      vertex 20.0761 19.6327 3.2
    endloop
  endfacet
  facet normal 0.980797 -0.195032 0
    outer loop
      vertex 20.0761 19.6327 0
      vertex 20 19.25 3.2
      vertex 20 19.25 0
    endloop
  endfacet
  facet normal 0.831419 0.555646 0
    outer loop
      vertex 20.2929 18.5429 3.2
      vertex 20.0761 18.8673 0
      vertex 20.0761 18.8673 3.2
    endloop
  endfacet
  facet normal 0.831419 0.555646 0
    outer loop
      vertex 20.0761 18.8673 0
      vertex 20.2929 18.5429 3.2
      vertex 20.2929 18.5429 0
    endloop
  endfacet
  facet normal 0.555646 0.831419 -0
    outer loop
      vertex 20.6173 18.3261 0
      vertex 20.2929 18.5429 3.2
      vertex 20.6173 18.3261 3.2
    endloop
  endfacet
  facet normal 0.555646 0.831419 0
    outer loop
      vertex 20.2929 18.5429 3.2
      vertex 20.6173 18.3261 0
      vertex 20.2929 18.5429 0
    endloop
  endfacet
  facet normal -0.442182 -0.896925 0
    outer loop
      vertex 20.455 23.2159 0
      vertex 20.8049 23.0434 3.2
      vertex 20.455 23.2159 3.2
    endloop
  endfacet
  facet normal -0.442182 -0.896925 -0
    outer loop
      vertex 20.8049 23.0434 3.2
      vertex 20.455 23.2159 0
      vertex 20.8049 23.0434 0
    endloop
  endfacet
  facet normal -0.751846 -0.659339 0
    outer loop
      vertex 21.0622 22.75 0
      vertex 20.8049 23.0434 3.2
      vertex 20.8049 23.0434 0
    endloop
  endfacet
  facet normal -0.751846 -0.659339 0
    outer loop
      vertex 20.8049 23.0434 3.2
      vertex 21.0622 22.75 0
      vertex 21.0622 22.75 3.2
    endloop
  endfacet
  facet normal -0.0653454 -0.997863 0
    outer loop
      vertex 20.0656 23.2414 0
      vertex 20.455 23.2159 3.2
      vertex 20.0656 23.2414 3.2
    endloop
  endfacet
  facet normal -0.0653454 -0.997863 -0
    outer loop
      vertex 20.455 23.2159 3.2
      vertex 20.0656 23.2414 0
      vertex 20.455 23.2159 0
    endloop
  endfacet
  facet normal -0.896874 0.442287 0
    outer loop
      vertex 20.9895 21.6412 0
      vertex 21.1621 21.9912 3.2
      vertex 21.1621 21.9912 0
    endloop
  endfacet
  facet normal -0.896874 0.442287 0
    outer loop
      vertex 21.1621 21.9912 3.2
      vertex 20.9895 21.6412 0
      vertex 20.9895 21.6412 3.2
    endloop
  endfacet
  facet normal 0.997862 -0.0653621 0
    outer loop
      vertex 19.2047 22.1195 3.2
      vertex 19.2302 22.5088 0
      vertex 19.2302 22.5088 3.2
    endloop
  endfacet
  facet normal 0.997862 -0.0653621 0
    outer loop
      vertex 19.2302 22.5088 0
      vertex 19.2047 22.1195 3.2
      vertex 19.2047 22.1195 0
    endloop
  endfacet
  facet normal -0.659321 0.751862 0
    outer loop
      vertex 20.9895 21.6412 0
      vertex 20.6962 21.384 3.2
      vertex 20.9895 21.6412 3.2
    endloop
  endfacet
  facet normal -0.659321 0.751862 0
    outer loop
      vertex 20.6962 21.384 3.2
      vertex 20.9895 21.6412 0
      vertex 20.6962 21.384 0
    endloop
  endfacet
  facet normal -0.946952 -0.321374 0
    outer loop
      vertex 21.1876 22.3805 0
      vertex 21.0622 22.75 3.2
      vertex 21.0622 22.75 0
    endloop
  endfacet
  facet normal -0.946952 -0.321374 0
    outer loop
      vertex 21.0622 22.75 3.2
      vertex 21.1876 22.3805 0
      vertex 21.1876 22.3805 3.2
    endloop
  endfacet
  facet normal 0.659194 -0.751973 0
    outer loop
      vertex 19.4028 22.8588 0
      vertex 19.6962 23.116 3.2
      vertex 19.4028 22.8588 3.2
    endloop
  endfacet
  facet normal 0.659194 -0.751973 0
    outer loop
      vertex 19.6962 23.116 3.2
      vertex 19.4028 22.8588 0
      vertex 19.6962 23.116 0
    endloop
  endfacet
  facet normal -0.321374 0.946952 0
    outer loop
      vertex 20.6962 21.384 0
      vertex 20.3267 21.2586 3.2
      vertex 20.6962 21.384 3.2
    endloop
  endfacet
  facet normal -0.321374 0.946952 0
    outer loop
      vertex 20.3267 21.2586 3.2
      vertex 20.6962 21.384 0
      vertex 20.3267 21.2586 0
    endloop
  endfacet
  facet normal 0.946952 0.321374 0
    outer loop
      vertex 19.3301 21.75 3.2
      vertex 19.2047 22.1195 0
      vertex 19.2047 22.1195 3.2
    endloop
  endfacet
  facet normal 0.946952 0.321374 0
    outer loop
      vertex 19.2047 22.1195 0
      vertex 19.3301 21.75 3.2
      vertex 19.3301 21.75 0
    endloop
  endfacet
  facet normal -0.997862 0.0653621 0
    outer loop
      vertex 21.1621 21.9912 0
      vertex 21.1876 22.3805 3.2
      vertex 21.1876 22.3805 0
    endloop
  endfacet
  facet normal -0.997862 0.0653621 0
    outer loop
      vertex 21.1876 22.3805 3.2
      vertex 21.1621 21.9912 0
      vertex 21.1621 21.9912 3.2
    endloop
  endfacet
  facet normal 0.442182 0.896925 -0
    outer loop
      vertex 19.9373 21.2841 0
      vertex 19.5874 21.4566 3.2
      vertex 19.9373 21.2841 3.2
    endloop
  endfacet
  facet normal 0.442182 0.896925 0
    outer loop
      vertex 19.5874 21.4566 3.2
      vertex 19.9373 21.2841 0
      vertex 19.5874 21.4566 0
    endloop
  endfacet
  facet normal 0.751846 0.659339 0
    outer loop
      vertex 19.5874 21.4566 3.2
      vertex 19.3301 21.75 0
      vertex 19.3301 21.75 3.2
    endloop
  endfacet
  facet normal 0.751846 0.659339 0
    outer loop
      vertex 19.3301 21.75 0
      vertex 19.5874 21.4566 3.2
      vertex 19.5874 21.4566 0
    endloop
  endfacet
  facet normal 0.321452 -0.946926 0
    outer loop
      vertex 19.6962 23.116 0
      vertex 20.0656 23.2414 3.2
      vertex 19.6962 23.116 3.2
    endloop
  endfacet
  facet normal 0.321452 -0.946926 0
    outer loop
      vertex 20.0656 23.2414 3.2
      vertex 19.6962 23.116 0
      vertex 20.0656 23.2414 0
    endloop
  endfacet
  facet normal 0.896874 -0.442287 0
    outer loop
      vertex 19.2302 22.5088 3.2
      vertex 19.4028 22.8588 0
      vertex 19.4028 22.8588 3.2
    endloop
  endfacet
  facet normal 0.896874 -0.442287 0
    outer loop
      vertex 19.4028 22.8588 0
      vertex 19.2302 22.5088 3.2
      vertex 19.2302 22.5088 0
    endloop
  endfacet
  facet normal 0.0653454 0.997863 -0
    outer loop
      vertex 20.3267 21.2586 0
      vertex 19.9373 21.2841 3.2
      vertex 20.3267 21.2586 3.2
    endloop
  endfacet
  facet normal 0.0653454 0.997863 0
    outer loop
      vertex 19.9373 21.2841 3.2
      vertex 20.3267 21.2586 0
      vertex 19.9373 21.2841 0
    endloop
  endfacet
  facet normal 0.659339 0.751846 -0
    outer loop
      vertex 17.5 23.5801 0
      vertex 17.2066 23.8374 3.2
      vertex 17.5 23.5801 3.2
    endloop
  endfacet
  facet normal 0.659339 0.751846 0
    outer loop
      vertex 17.2066 23.8374 3.2
      vertex 17.5 23.5801 0
      vertex 17.2066 23.8374 0
    endloop
  endfacet
  facet normal 0.0653621 -0.997862 0
    outer loop
      vertex 17.7412 25.4121 0
      vertex 18.1305 25.4376 3.2
      vertex 17.7412 25.4121 3.2
    endloop
  endfacet
  facet normal 0.0653621 -0.997862 0
    outer loop
      vertex 18.1305 25.4376 3.2
      vertex 17.7412 25.4121 0
      vertex 18.1305 25.4376 0
    endloop
  endfacet
  facet normal -0.321374 -0.946952 0
    outer loop
      vertex 18.1305 25.4376 0
      vertex 18.5 25.3122 3.2
      vertex 18.1305 25.4376 3.2
    endloop
  endfacet
  facet normal -0.321374 -0.946952 -0
    outer loop
      vertex 18.5 25.3122 3.2
      vertex 18.1305 25.4376 0
      vertex 18.5 25.3122 0
    endloop
  endfacet
  facet normal 0.442287 -0.896874 0
    outer loop
      vertex 17.3912 25.2395 0
      vertex 17.7412 25.4121 3.2
      vertex 17.3912 25.2395 3.2
    endloop
  endfacet
  facet normal 0.442287 -0.896874 0
    outer loop
      vertex 17.7412 25.4121 3.2
      vertex 17.3912 25.2395 0
      vertex 17.7412 25.4121 0
    endloop
  endfacet
  facet normal 0.751862 -0.659321 0
    outer loop
      vertex 17.134 24.9462 3.2
      vertex 17.3912 25.2395 0
      vertex 17.3912 25.2395 3.2
    endloop
  endfacet
  facet normal 0.751862 -0.659321 0
    outer loop
      vertex 17.3912 25.2395 0
      vertex 17.134 24.9462 3.2
      vertex 17.134 24.9462 0
    endloop
  endfacet
  facet normal 0.896925 0.442182 0
    outer loop
      vertex 17.2066 23.8374 3.2
      vertex 17.0341 24.1873 0
      vertex 17.0341 24.1873 3.2
    endloop
  endfacet
  facet normal 0.896925 0.442182 0
    outer loop
      vertex 17.0341 24.1873 0
      vertex 17.2066 23.8374 3.2
      vertex 17.2066 23.8374 0
    endloop
  endfacet
  facet normal -0.659339 -0.751846 0
    outer loop
      vertex 18.5 25.3122 0
      vertex 18.7934 25.0549 3.2
      vertex 18.5 25.3122 3.2
    endloop
  endfacet
  facet normal -0.659339 -0.751846 -0
    outer loop
      vertex 18.7934 25.0549 3.2
      vertex 18.5 25.3122 0
      vertex 18.7934 25.0549 0
    endloop
  endfacet
  facet normal -0.997863 -0.0653454 0
    outer loop
      vertex 18.9914 24.3156 0
      vertex 18.9659 24.705 3.2
      vertex 18.9659 24.705 0
    endloop
  endfacet
  facet normal -0.997863 -0.0653454 0
    outer loop
      vertex 18.9659 24.705 3.2
      vertex 18.9914 24.3156 0
      vertex 18.9914 24.3156 3.2
    endloop
  endfacet
  facet normal -0.442287 0.896874 0
    outer loop
      vertex 18.6088 23.6528 0
      vertex 18.2588 23.4802 3.2
      vertex 18.6088 23.6528 3.2
    endloop
  endfacet
  facet normal -0.442287 0.896874 0
    outer loop
      vertex 18.2588 23.4802 3.2
      vertex 18.6088 23.6528 0
      vertex 18.2588 23.4802 0
    endloop
  endfacet
  facet normal 0.321374 0.946952 -0
    outer loop
      vertex 17.8695 23.4547 0
      vertex 17.5 23.5801 3.2
      vertex 17.8695 23.4547 3.2
    endloop
  endfacet
  facet normal 0.321374 0.946952 0
    outer loop
      vertex 17.5 23.5801 3.2
      vertex 17.8695 23.4547 0
      vertex 17.5 23.5801 0
    endloop
  endfacet
  facet normal -0.896925 -0.442182 0
    outer loop
      vertex 18.9659 24.705 0
      vertex 18.7934 25.0549 3.2
      vertex 18.7934 25.0549 0
    endloop
  endfacet
  facet normal -0.896925 -0.442182 0
    outer loop
      vertex 18.7934 25.0549 3.2
      vertex 18.9659 24.705 0
      vertex 18.9659 24.705 3.2
    endloop
  endfacet
  facet normal 0.997863 0.0653454 0
    outer loop
      vertex 17.0341 24.1873 3.2
      vertex 17.0086 24.5767 0
      vertex 17.0086 24.5767 3.2
    endloop
  endfacet
  facet normal 0.997863 0.0653454 0
    outer loop
      vertex 17.0086 24.5767 0
      vertex 17.0341 24.1873 3.2
      vertex 17.0341 24.1873 0
    endloop
  endfacet
  facet normal 0.946952 -0.321374 0
    outer loop
      vertex 17.0086 24.5767 3.2
      vertex 17.134 24.9462 0
      vertex 17.134 24.9462 3.2
    endloop
  endfacet
  facet normal 0.946952 -0.321374 0
    outer loop
      vertex 17.134 24.9462 0
      vertex 17.0086 24.5767 3.2
      vertex 17.0086 24.5767 0
    endloop
  endfacet
  facet normal -0.0653621 0.997862 0
    outer loop
      vertex 18.2588 23.4802 0
      vertex 17.8695 23.4547 3.2
      vertex 18.2588 23.4802 3.2
    endloop
  endfacet
  facet normal -0.0653621 0.997862 0
    outer loop
      vertex 17.8695 23.4547 3.2
      vertex 18.2588 23.4802 0
      vertex 17.8695 23.4547 0
    endloop
  endfacet
  facet normal -0.751973 0.659194 0
    outer loop
      vertex 18.6088 23.6528 0
      vertex 18.866 23.9462 3.2
      vertex 18.866 23.9462 0
    endloop
  endfacet
  facet normal -0.751973 0.659194 0
    outer loop
      vertex 18.866 23.9462 3.2
      vertex 18.6088 23.6528 0
      vertex 18.6088 23.6528 3.2
    endloop
  endfacet
  facet normal -0.946926 0.321452 0
    outer loop
      vertex 18.866 23.9462 0
      vertex 18.9914 24.3156 3.2
      vertex 18.9914 24.3156 0
    endloop
  endfacet
  facet normal -0.946926 0.321452 0
    outer loop
      vertex 18.9914 24.3156 3.2
      vertex 18.866 23.9462 0
      vertex 18.866 23.9462 3.2
    endloop
  endfacet
  facet normal -0.980797 0.195032 0
    outer loop
      vertex 15.9239 24.8673 0
      vertex 16 25.25 3.2
      vertex 16 25.25 0
    endloop
  endfacet
  facet normal -0.980797 0.195032 0
    outer loop
      vertex 16 25.25 3.2
      vertex 15.9239 24.8673 0
      vertex 15.9239 24.8673 3.2
    endloop
  endfacet
  facet normal 0.555646 -0.831419 0
    outer loop
      vertex 14.2929 25.9571 0
      vertex 14.6173 26.1739 3.2
      vertex 14.2929 25.9571 3.2
    endloop
  endfacet
  facet normal 0.555646 -0.831419 0
    outer loop
      vertex 14.6173 26.1739 3.2
      vertex 14.2929 25.9571 0
      vertex 14.6173 26.1739 0
    endloop
  endfacet
  facet normal 0.195032 -0.980797 0
    outer loop
      vertex 14.6173 26.1739 0
      vertex 15 26.25 3.2
      vertex 14.6173 26.1739 3.2
    endloop
  endfacet
  facet normal 0.195032 -0.980797 0
    outer loop
      vertex 15 26.25 3.2
      vertex 14.6173 26.1739 0
      vertex 15 26.25 0
    endloop
  endfacet
  facet normal 0.831419 -0.555646 0
    outer loop
      vertex 14.0761 25.6327 3.2
      vertex 14.2929 25.9571 0
      vertex 14.2929 25.9571 3.2
    endloop
  endfacet
  facet normal 0.831419 -0.555646 0
    outer loop
      vertex 14.2929 25.9571 0
      vertex 14.0761 25.6327 3.2
      vertex 14.0761 25.6327 0
    endloop
  endfacet
  facet normal 0.980797 -0.195032 0
    outer loop
      vertex 14 25.25 3.2
      vertex 14.0761 25.6327 0
      vertex 14.0761 25.6327 3.2
    endloop
  endfacet
  facet normal 0.980797 -0.195032 0
    outer loop
      vertex 14.0761 25.6327 0
      vertex 14 25.25 3.2
      vertex 14 25.25 0
    endloop
  endfacet
  facet normal -0.195032 0.980797 0
    outer loop
      vertex 15.3827 24.3261 0
      vertex 15 24.25 3.2
      vertex 15.3827 24.3261 3.2
    endloop
  endfacet
  facet normal -0.195032 0.980797 0
    outer loop
      vertex 15 24.25 3.2
      vertex 15.3827 24.3261 0
      vertex 15 24.25 0
    endloop
  endfacet
  facet normal -0.831419 -0.555646 0
    outer loop
      vertex 15.9239 25.6327 0
      vertex 15.7071 25.9571 3.2
      vertex 15.7071 25.9571 0
    endloop
  endfacet
  facet normal -0.831419 -0.555646 0
    outer loop
      vertex 15.7071 25.9571 3.2
      vertex 15.9239 25.6327 0
      vertex 15.9239 25.6327 3.2
    endloop
  endfacet
  facet normal -0.980797 -0.195032 0
    outer loop
      vertex 16 25.25 0
      vertex 15.9239 25.6327 3.2
      vertex 15.9239 25.6327 0
    endloop
  endfacet
  facet normal -0.980797 -0.195032 0
    outer loop
      vertex 15.9239 25.6327 3.2
      vertex 16 25.25 0
      vertex 16 25.25 3.2
    endloop
  endfacet
  facet normal 0.555646 0.831419 -0
    outer loop
      vertex 14.6173 24.3261 0
      vertex 14.2929 24.5429 3.2
      vertex 14.6173 24.3261 3.2
    endloop
  endfacet
  facet normal 0.555646 0.831419 0
    outer loop
      vertex 14.2929 24.5429 3.2
      vertex 14.6173 24.3261 0
      vertex 14.2929 24.5429 0
    endloop
  endfacet
  facet normal 0.831419 0.555646 0
    outer loop
      vertex 14.2929 24.5429 3.2
      vertex 14.0761 24.8673 0
      vertex 14.0761 24.8673 3.2
    endloop
  endfacet
  facet normal 0.831419 0.555646 0
    outer loop
      vertex 14.0761 24.8673 0
      vertex 14.2929 24.5429 3.2
      vertex 14.2929 24.5429 0
    endloop
  endfacet
  facet normal -0.195032 -0.980797 0
    outer loop
      vertex 15 26.25 0
      vertex 15.3827 26.1739 3.2
      vertex 15 26.25 3.2
    endloop
  endfacet
  facet normal -0.195032 -0.980797 -0
    outer loop
      vertex 15.3827 26.1739 3.2
      vertex 15 26.25 0
      vertex 15.3827 26.1739 0
    endloop
  endfacet
  facet normal -0.555646 -0.831419 0
    outer loop
      vertex 15.3827 26.1739 0
      vertex 15.7071 25.9571 3.2
      vertex 15.3827 26.1739 3.2
    endloop
  endfacet
  facet normal -0.555646 -0.831419 -0
    outer loop
      vertex 15.7071 25.9571 3.2
      vertex 15.3827 26.1739 0
      vertex 15.7071 25.9571 0
    endloop
  endfacet
  facet normal 0.195032 0.980797 -0
    outer loop
      vertex 15 24.25 0
      vertex 14.6173 24.3261 3.2
      vertex 15 24.25 3.2
    endloop
  endfacet
  facet normal 0.195032 0.980797 0
    outer loop
      vertex 14.6173 24.3261 3.2
      vertex 15 24.25 0
      vertex 14.6173 24.3261 0
    endloop
  endfacet
  facet normal -0.555646 0.831419 0
    outer loop
      vertex 15.7071 24.5429 0
      vertex 15.3827 24.3261 3.2
      vertex 15.7071 24.5429 3.2
    endloop
  endfacet
  facet normal -0.555646 0.831419 0
    outer loop
      vertex 15.3827 24.3261 3.2
      vertex 15.7071 24.5429 0
      vertex 15.3827 24.3261 0
    endloop
  endfacet
  facet normal 0.980797 0.195032 0
    outer loop
      vertex 14.0761 24.8673 3.2
      vertex 14 25.25 0
      vertex 14 25.25 3.2
    endloop
  endfacet
  facet normal 0.980797 0.195032 0
    outer loop
      vertex 14 25.25 0
      vertex 14.0761 24.8673 3.2
      vertex 14.0761 24.8673 0
    endloop
  endfacet
  facet normal -0.831419 0.555646 0
    outer loop
      vertex 15.7071 24.5429 0
      vertex 15.9239 24.8673 3.2
      vertex 15.9239 24.8673 0
    endloop
  endfacet
  facet normal -0.831419 0.555646 0
    outer loop
      vertex 15.9239 24.8673 3.2
      vertex 15.7071 24.5429 0
      vertex 15.7071 24.5429 3.2
    endloop
  endfacet
  facet normal 0.896925 -0.442182 0
    outer loop
      vertex 11.0341 24.705 3.2
      vertex 11.2066 25.0549 0
      vertex 11.2066 25.0549 3.2
    endloop
  endfacet
  facet normal 0.896925 -0.442182 0
    outer loop
      vertex 11.2066 25.0549 0
      vertex 11.0341 24.705 3.2
      vertex 11.0341 24.705 0
    endloop
  endfacet
  facet normal 0.659339 -0.751846 0
    outer loop
      vertex 11.2066 25.0549 0
      vertex 11.5 25.3122 3.2
      vertex 11.2066 25.0549 3.2
    endloop
  endfacet
  facet normal 0.659339 -0.751846 0
    outer loop
      vertex 11.5 25.3122 3.2
      vertex 11.2066 25.0549 0
      vertex 11.5 25.3122 0
    endloop
  endfacet
  facet normal 0.997863 -0.0653454 0
    outer loop
      vertex 11.0086 24.3156 3.2
      vertex 11.0341 24.705 0
      vertex 11.0341 24.705 3.2
    endloop
  endfacet
  facet normal 0.997863 -0.0653454 0
    outer loop
      vertex 11.0341 24.705 0
      vertex 11.0086 24.3156 3.2
      vertex 11.0086 24.3156 0
    endloop
  endfacet
  facet normal -0.442287 -0.896874 0
    outer loop
      vertex 12.2588 25.4121 0
      vertex 12.6088 25.2395 3.2
      vertex 12.2588 25.4121 3.2
    endloop
  endfacet
  facet normal -0.442287 -0.896874 -0
    outer loop
      vertex 12.6088 25.2395 3.2
      vertex 12.2588 25.4121 0
      vertex 12.6088 25.2395 0
    endloop
  endfacet
  facet normal 0.0653621 0.997862 -0
    outer loop
      vertex 12.1305 23.4547 0
      vertex 11.7412 23.4802 3.2
      vertex 12.1305 23.4547 3.2
    endloop
  endfacet
  facet normal 0.0653621 0.997862 0
    outer loop
      vertex 11.7412 23.4802 3.2
      vertex 12.1305 23.4547 0
      vertex 11.7412 23.4802 0
    endloop
  endfacet
  facet normal 0.321374 -0.946952 0
    outer loop
      vertex 11.5 25.3122 0
      vertex 11.8695 25.4376 3.2
      vertex 11.5 25.3122 3.2
    endloop
  endfacet
  facet normal 0.321374 -0.946952 0
    outer loop
      vertex 11.8695 25.4376 3.2
      vertex 11.5 25.3122 0
      vertex 11.8695 25.4376 0
    endloop
  endfacet
  facet normal 0.442287 0.896874 -0
    outer loop
      vertex 11.7412 23.4802 0
      vertex 11.3912 23.6528 3.2
      vertex 11.7412 23.4802 3.2
    endloop
  endfacet
  facet normal 0.442287 0.896874 0
    outer loop
      vertex 11.3912 23.6528 3.2
      vertex 11.7412 23.4802 0
      vertex 11.3912 23.6528 0
    endloop
  endfacet
  facet normal -0.321374 0.946952 0
    outer loop
      vertex 12.5 23.5801 0
      vertex 12.1305 23.4547 3.2
      vertex 12.5 23.5801 3.2
    endloop
  endfacet
  facet normal -0.321374 0.946952 0
    outer loop
      vertex 12.1305 23.4547 3.2
      vertex 12.5 23.5801 0
      vertex 12.1305 23.4547 0
    endloop
  endfacet
  facet normal -0.0653621 -0.997862 0
    outer loop
      vertex 11.8695 25.4376 0
      vertex 12.2588 25.4121 3.2
      vertex 11.8695 25.4376 3.2
    endloop
  endfacet
  facet normal -0.0653621 -0.997862 -0
    outer loop
      vertex 12.2588 25.4121 3.2
      vertex 11.8695 25.4376 0
      vertex 12.2588 25.4121 0
    endloop
  endfacet
  facet normal -0.896925 0.442182 0
    outer loop
      vertex 12.7934 23.8374 0
      vertex 12.9659 24.1873 3.2
      vertex 12.9659 24.1873 0
    endloop
  endfacet
  facet normal -0.896925 0.442182 0
    outer loop
      vertex 12.9659 24.1873 3.2
      vertex 12.7934 23.8374 0
      vertex 12.7934 23.8374 3.2
    endloop
  endfacet
  facet normal -0.659339 0.751846 0
    outer loop
      vertex 12.7934 23.8374 0
      vertex 12.5 23.5801 3.2
      vertex 12.7934 23.8374 3.2
    endloop
  endfacet
  facet normal -0.659339 0.751846 0
    outer loop
      vertex 12.5 23.5801 3.2
      vertex 12.7934 23.8374 0
      vertex 12.5 23.5801 0
    endloop
  endfacet
  facet normal 0.751973 0.659194 0
    outer loop
      vertex 11.3912 23.6528 3.2
      vertex 11.134 23.9462 0
      vertex 11.134 23.9462 3.2
    endloop
  endfacet
  facet normal 0.751973 0.659194 0
    outer loop
      vertex 11.134 23.9462 0
      vertex 11.3912 23.6528 3.2
      vertex 11.3912 23.6528 0
    endloop
  endfacet
  facet normal 0.946926 0.321452 0
    outer loop
      vertex 11.134 23.9462 3.2
      vertex 11.0086 24.3156 0
      vertex 11.0086 24.3156 3.2
    endloop
  endfacet
  facet normal 0.946926 0.321452 0
    outer loop
      vertex 11.0086 24.3156 0
      vertex 11.134 23.9462 3.2
      vertex 11.134 23.9462 0
    endloop
  endfacet
  facet normal -0.751862 -0.659321 0
    outer loop
      vertex 12.866 24.9462 0
      vertex 12.6088 25.2395 3.2
      vertex 12.6088 25.2395 0
    endloop
  endfacet
  facet normal -0.751862 -0.659321 0
    outer loop
      vertex 12.6088 25.2395 3.2
      vertex 12.866 24.9462 0
      vertex 12.866 24.9462 3.2
    endloop
  endfacet
  facet normal -0.946952 -0.321374 0
    outer loop
      vertex 12.9914 24.5767 0
      vertex 12.866 24.9462 3.2
      vertex 12.866 24.9462 0
    endloop
  endfacet
  facet normal -0.946952 -0.321374 0
    outer loop
      vertex 12.866 24.9462 3.2
      vertex 12.9914 24.5767 0
      vertex 12.9914 24.5767 3.2
    endloop
  endfacet
  facet normal -0.997863 0.0653454 0
    outer loop
      vertex 12.9659 24.1873 0
      vertex 12.9914 24.5767 3.2
      vertex 12.9914 24.5767 0
    endloop
  endfacet
  facet normal -0.997863 0.0653454 0
    outer loop
      vertex 12.9914 24.5767 3.2
      vertex 12.9659 24.1873 0
      vertex 12.9659 24.1873 3.2
    endloop
  endfacet
  facet normal 0.321398 0.946944 -0
    outer loop
      vertex 9.67332 21.2586 0
      vertex 9.30385 21.384 3.2
      vertex 9.67332 21.2586 3.2
    endloop
  endfacet
  facet normal 0.321398 0.946944 0
    outer loop
      vertex 9.30385 21.384 3.2
      vertex 9.67332 21.2586 0
      vertex 9.30385 21.384 0
    endloop
  endfacet
  facet normal -0.751846 0.659339 0
    outer loop
      vertex 10.4126 21.4566 0
      vertex 10.6699 21.75 3.2
      vertex 10.6699 21.75 0
    endloop
  endfacet
  facet normal -0.751846 0.659339 0
    outer loop
      vertex 10.6699 21.75 3.2
      vertex 10.4126 21.4566 0
      vertex 10.4126 21.4566 3.2
    endloop
  endfacet
  facet normal 0.997858 0.0654132 0
    outer loop
      vertex 8.83792 21.9912 3.2
      vertex 8.8124 22.3805 0
      vertex 8.8124 22.3805 3.2
    endloop
  endfacet
  facet normal 0.997858 0.0654132 0
    outer loop
      vertex 8.8124 22.3805 0
      vertex 8.83792 21.9912 3.2
      vertex 8.83792 21.9912 0
    endloop
  endfacet
  facet normal 0.946937 -0.32142 0
    outer loop
      vertex 8.8124 22.3805 3.2
      vertex 8.93782 22.75 0
      vertex 8.93782 22.75 3.2
    endloop
  endfacet
  facet normal 0.946937 -0.32142 0
    outer loop
      vertex 8.93782 22.75 0
      vertex 8.8124 22.3805 3.2
      vertex 8.8124 22.3805 0
    endloop
  endfacet
  facet normal 0.896894 0.442246 0
    outer loop
      vertex 9.0105 21.6412 3.2
      vertex 8.83792 21.9912 0
      vertex 8.83792 21.9912 3.2
    endloop
  endfacet
  facet normal 0.896894 0.442246 0
    outer loop
      vertex 8.83792 21.9912 0
      vertex 9.0105 21.6412 3.2
      vertex 9.0105 21.6412 0
    endloop
  endfacet
  facet normal 0.659257 0.751917 -0
    outer loop
      vertex 9.30385 21.384 0
      vertex 9.0105 21.6412 3.2
      vertex 9.30385 21.384 3.2
    endloop
  endfacet
  facet normal 0.659257 0.751917 0
    outer loop
      vertex 9.0105 21.6412 3.2
      vertex 9.30385 21.384 0
      vertex 9.0105 21.6412 0
    endloop
  endfacet
  facet normal -0.442182 0.896925 0
    outer loop
      vertex 10.4126 21.4566 0
      vertex 10.0627 21.2841 3.2
      vertex 10.4126 21.4566 3.2
    endloop
  endfacet
  facet normal -0.442182 0.896925 0
    outer loop
      vertex 10.0627 21.2841 3.2
      vertex 10.4126 21.4566 0
      vertex 10.0627 21.2841 0
    endloop
  endfacet
  facet normal 0.751884 -0.659295 0
    outer loop
      vertex 8.93782 22.75 3.2
      vertex 9.19509 23.0434 0
      vertex 9.19509 23.0434 3.2
    endloop
  endfacet
  facet normal 0.751884 -0.659295 0
    outer loop
      vertex 9.19509 23.0434 0
      vertex 8.93782 22.75 3.2
      vertex 8.93782 22.75 0
    endloop
  endfacet
  facet normal 0.0653554 -0.997862 0
    outer loop
      vertex 9.54503 23.2159 0
      vertex 9.93437 23.2414 3.2
      vertex 9.54503 23.2159 3.2
    endloop
  endfacet
  facet normal 0.0653554 -0.997862 0
    outer loop
      vertex 9.93437 23.2414 3.2
      vertex 9.54503 23.2159 0
      vertex 9.93437 23.2414 0
    endloop
  endfacet
  facet normal -0.896874 -0.442287 0
    outer loop
      vertex 10.7698 22.5088 0
      vertex 10.5972 22.8588 3.2
      vertex 10.5972 22.8588 0
    endloop
  endfacet
  facet normal -0.896874 -0.442287 0
    outer loop
      vertex 10.5972 22.8588 3.2
      vertex 10.7698 22.5088 0
      vertex 10.7698 22.5088 3.2
    endloop
  endfacet
  facet normal -0.321429 -0.946934 0
    outer loop
      vertex 9.93437 23.2414 0
      vertex 10.3038 23.116 3.2
      vertex 9.93437 23.2414 3.2
    endloop
  endfacet
  facet normal -0.321429 -0.946934 -0
    outer loop
      vertex 10.3038 23.116 3.2
      vertex 9.93437 23.2414 0
      vertex 10.3038 23.116 0
    endloop
  endfacet
  facet normal -0.946952 0.321374 0
    outer loop
      vertex 10.6699 21.75 0
      vertex 10.7953 22.1195 3.2
      vertex 10.7953 22.1195 0
    endloop
  endfacet
  facet normal -0.946952 0.321374 0
    outer loop
      vertex 10.7953 22.1195 3.2
      vertex 10.6699 21.75 0
      vertex 10.6699 21.75 3.2
    endloop
  endfacet
  facet normal 0.442142 -0.896945 0
    outer loop
      vertex 9.19509 23.0434 0
      vertex 9.54503 23.2159 3.2
      vertex 9.19509 23.0434 3.2
    endloop
  endfacet
  facet normal 0.442142 -0.896945 0
    outer loop
      vertex 9.54503 23.2159 3.2
      vertex 9.19509 23.0434 0
      vertex 9.54503 23.2159 0
    endloop
  endfacet
  facet normal -0.0653487 0.997862 0
    outer loop
      vertex 10.0627 21.2841 0
      vertex 9.67332 21.2586 3.2
      vertex 10.0627 21.2841 3.2
    endloop
  endfacet
  facet normal -0.0653487 0.997862 0
    outer loop
      vertex 9.67332 21.2586 3.2
      vertex 10.0627 21.2841 0
      vertex 9.67332 21.2586 0
    endloop
  endfacet
  facet normal -0.997862 -0.0653621 0
    outer loop
      vertex 10.7953 22.1195 0
      vertex 10.7698 22.5088 3.2
      vertex 10.7698 22.5088 0
    endloop
  endfacet
  facet normal -0.997862 -0.0653621 0
    outer loop
      vertex 10.7698 22.5088 3.2
      vertex 10.7953 22.1195 0
      vertex 10.7953 22.1195 3.2
    endloop
  endfacet
  facet normal -0.659194 -0.751973 0
    outer loop
      vertex 10.3038 23.116 0
      vertex 10.5972 22.8588 3.2
      vertex 10.3038 23.116 3.2
    endloop
  endfacet
  facet normal -0.659194 -0.751973 -0
    outer loop
      vertex 10.5972 22.8588 3.2
      vertex 10.3038 23.116 0
      vertex 10.5972 22.8588 0
    endloop
  endfacet
  facet normal -0.195042 -0.980795 0
    outer loop
      vertex 9 20.25 0
      vertex 9.38268 20.1739 3.2
      vertex 9 20.25 3.2
    endloop
  endfacet
  facet normal -0.195042 -0.980795 -0
    outer loop
      vertex 9.38268 20.1739 3.2
      vertex 9 20.25 0
      vertex 9.38268 20.1739 0
    endloop
  endfacet
  facet normal 0.831454 0.555593 0
    outer loop
      vertex 8.29289 18.5429 3.2
      vertex 8.07612 18.8673 0
      vertex 8.07612 18.8673 3.2
    endloop
  endfacet
  facet normal 0.831454 0.555593 0
    outer loop
      vertex 8.07612 18.8673 0
      vertex 8.29289 18.5429 3.2
      vertex 8.29289 18.5429 0
    endloop
  endfacet
  facet normal 0.555611 0.831443 -0
    outer loop
      vertex 8.61732 18.3261 0
      vertex 8.29289 18.5429 3.2
      vertex 8.61732 18.3261 3.2
    endloop
  endfacet
  facet normal 0.555611 0.831443 0
    outer loop
      vertex 8.29289 18.5429 3.2
      vertex 8.61732 18.3261 0
      vertex 8.29289 18.5429 0
    endloop
  endfacet
  facet normal -0.980787 -0.195081 0
    outer loop
      vertex 10 19.25 0
      vertex 9.92388 19.6327 3.2
      vertex 9.92388 19.6327 0
    endloop
  endfacet
  facet normal -0.980787 -0.195081 0
    outer loop
      vertex 9.92388 19.6327 3.2
      vertex 10 19.25 0
      vertex 10 19.25 3.2
    endloop
  endfacet
  facet normal 0.555611 -0.831443 0
    outer loop
      vertex 8.29289 19.9571 0
      vertex 8.61732 20.1739 3.2
      vertex 8.29289 19.9571 3.2
    endloop
  endfacet
  facet normal 0.555611 -0.831443 0
    outer loop
      vertex 8.61732 20.1739 3.2
      vertex 8.29289 19.9571 0
      vertex 8.61732 20.1739 0
    endloop
  endfacet
  facet normal 0.980787 0.195081 0
    outer loop
      vertex 8.07612 18.8673 3.2
      vertex 8 19.25 0
      vertex 8 19.25 3.2
    endloop
  endfacet
  facet normal 0.980787 0.195081 0
    outer loop
      vertex 8 19.25 0
      vertex 8.07612 18.8673 3.2
      vertex 8.07612 18.8673 0
    endloop
  endfacet
  facet normal 0.195042 -0.980795 0
    outer loop
      vertex 8.61732 20.1739 0
      vertex 9 20.25 3.2
      vertex 8.61732 20.1739 3.2
    endloop
  endfacet
  facet normal 0.195042 -0.980795 0
    outer loop
      vertex 9 20.25 3.2
      vertex 8.61732 20.1739 0
      vertex 9 20.25 0
    endloop
  endfacet
  facet normal -0.831454 0.555593 0
    outer loop
      vertex 9.70711 18.5429 0
      vertex 9.92388 18.8673 3.2
      vertex 9.92388 18.8673 0
    endloop
  endfacet
  facet normal -0.831454 0.555593 0
    outer loop
      vertex 9.92388 18.8673 3.2
      vertex 9.70711 18.5429 0
      vertex 9.70711 18.5429 3.2
    endloop
  endfacet
  facet normal -0.555611 0.831443 0
    outer loop
      vertex 9.70711 18.5429 0
      vertex 9.38268 18.3261 3.2
      vertex 9.70711 18.5429 3.2
    endloop
  endfacet
  facet normal -0.555611 0.831443 0
    outer loop
      vertex 9.38268 18.3261 3.2
      vertex 9.70711 18.5429 0
      vertex 9.38268 18.3261 0
    endloop
  endfacet
  facet normal 0.980787 -0.195081 0
    outer loop
      vertex 8 19.25 3.2
      vertex 8.07612 19.6327 0
      vertex 8.07612 19.6327 3.2
    endloop
  endfacet
  facet normal 0.980787 -0.195081 0
    outer loop
      vertex 8.07612 19.6327 0
      vertex 8 19.25 3.2
      vertex 8 19.25 0
    endloop
  endfacet
  facet normal 0.831454 -0.555593 0
    outer loop
      vertex 8.07612 19.6327 3.2
      vertex 8.29289 19.9571 0
      vertex 8.29289 19.9571 3.2
    endloop
  endfacet
  facet normal 0.831454 -0.555593 0
    outer loop
      vertex 8.29289 19.9571 0
      vertex 8.07612 19.6327 3.2
      vertex 8.07612 19.6327 0
    endloop
  endfacet
  facet normal -0.980787 0.195081 0
    outer loop
      vertex 9.92388 18.8673 0
      vertex 10 19.25 3.2
      vertex 10 19.25 0
    endloop
  endfacet
  facet normal -0.980787 0.195081 0
    outer loop
      vertex 10 19.25 3.2
      vertex 9.92388 18.8673 0
      vertex 9.92388 18.8673 3.2
    endloop
  endfacet
  facet normal -0.831454 -0.555593 0
    outer loop
      vertex 9.92388 19.6327 0
      vertex 9.70711 19.9571 3.2
      vertex 9.70711 19.9571 0
    endloop
  endfacet
  facet normal -0.831454 -0.555593 0
    outer loop
      vertex 9.70711 19.9571 3.2
      vertex 9.92388 19.6327 0
      vertex 9.92388 19.6327 3.2
    endloop
  endfacet
  facet normal -0.195042 0.980795 0
    outer loop
      vertex 9.38268 18.3261 0
      vertex 9 18.25 3.2
      vertex 9.38268 18.3261 3.2
    endloop
  endfacet
  facet normal -0.195042 0.980795 0
    outer loop
      vertex 9 18.25 3.2
      vertex 9.38268 18.3261 0
      vertex 9 18.25 0
    endloop
  endfacet
  facet normal 0.195042 0.980795 -0
    outer loop
      vertex 9 18.25 0
      vertex 8.61732 18.3261 3.2
      vertex 9 18.25 3.2
    endloop
  endfacet
  facet normal 0.195042 0.980795 0
    outer loop
      vertex 8.61732 18.3261 3.2
      vertex 9 18.25 0
      vertex 8.61732 18.3261 0
    endloop
  endfacet
  facet normal -0.555611 -0.831443 0
    outer loop
      vertex 9.38268 20.1739 0
      vertex 9.70711 19.9571 3.2
      vertex 9.38268 20.1739 3.2
    endloop
  endfacet
  facet normal -0.555611 -0.831443 -0
    outer loop
      vertex 9.70711 19.9571 3.2
      vertex 9.38268 20.1739 0
      vertex 9.70711 19.9571 0
    endloop
  endfacet
  facet normal 0.0653554 0.997862 -0
    outer loop
      vertex 9.93437 15.2586 0
      vertex 9.54503 15.2841 3.2
      vertex 9.93437 15.2586 3.2
    endloop
  endfacet
  facet normal 0.0653554 0.997862 0
    outer loop
      vertex 9.54503 15.2841 3.2
      vertex 9.93437 15.2586 0
      vertex 9.54503 15.2841 0
    endloop
  endfacet
  facet normal 0.896894 -0.442246 0
    outer loop
      vertex 8.83792 16.5088 3.2
      vertex 9.0105 16.8588 0
      vertex 9.0105 16.8588 3.2
    endloop
  endfacet
  facet normal 0.896894 -0.442246 0
    outer loop
      vertex 9.0105 16.8588 0
      vertex 8.83792 16.5088 3.2
      vertex 8.83792 16.5088 0
    endloop
  endfacet
  facet normal 0.751884 0.659295 0
    outer loop
      vertex 9.19509 15.4566 3.2
      vertex 8.93782 15.75 0
      vertex 8.93782 15.75 3.2
    endloop
  endfacet
  facet normal 0.751884 0.659295 0
    outer loop
      vertex 8.93782 15.75 0
      vertex 9.19509 15.4566 3.2
      vertex 9.19509 15.4566 0
    endloop
  endfacet
  facet normal -0.997862 0.0653621 0
    outer loop
      vertex 10.7698 15.9912 0
      vertex 10.7953 16.3805 3.2
      vertex 10.7953 16.3805 0
    endloop
  endfacet
  facet normal -0.997862 0.0653621 0
    outer loop
      vertex 10.7953 16.3805 3.2
      vertex 10.7698 15.9912 0
      vertex 10.7698 15.9912 3.2
    endloop
  endfacet
  facet normal 0.946937 0.32142 0
    outer loop
      vertex 8.93782 15.75 3.2
      vertex 8.8124 16.1195 0
      vertex 8.8124 16.1195 3.2
    endloop
  endfacet
  facet normal 0.946937 0.32142 0
    outer loop
      vertex 8.8124 16.1195 0
      vertex 8.93782 15.75 3.2
      vertex 8.93782 15.75 0
    endloop
  endfacet
  facet normal -0.896874 0.442287 0
    outer loop
      vertex 10.5972 15.6412 0
      vertex 10.7698 15.9912 3.2
      vertex 10.7698 15.9912 0
    endloop
  endfacet
  facet normal -0.896874 0.442287 0
    outer loop
      vertex 10.7698 15.9912 3.2
      vertex 10.5972 15.6412 0
      vertex 10.5972 15.6412 3.2
    endloop
  endfacet
  facet normal 0.442142 0.896945 -0
    outer loop
      vertex 9.54503 15.2841 0
      vertex 9.19509 15.4566 3.2
      vertex 9.54503 15.2841 3.2
    endloop
  endfacet
  facet normal 0.442142 0.896945 0
    outer loop
      vertex 9.19509 15.4566 3.2
      vertex 9.54503 15.2841 0
      vertex 9.19509 15.4566 0
    endloop
  endfacet
  facet normal 0.997858 -0.0654132 0
    outer loop
      vertex 8.8124 16.1195 3.2
      vertex 8.83792 16.5088 0
      vertex 8.83792 16.5088 3.2
    endloop
  endfacet
  facet normal 0.997858 -0.0654132 0
    outer loop
      vertex 8.83792 16.5088 0
      vertex 8.8124 16.1195 3.2
      vertex 8.8124 16.1195 0
    endloop
  endfacet
  facet normal -0.442182 -0.896925 0
    outer loop
      vertex 10.0627 17.2159 0
      vertex 10.4126 17.0434 3.2
      vertex 10.0627 17.2159 3.2
    endloop
  endfacet
  facet normal -0.442182 -0.896925 -0
    outer loop
      vertex 10.4126 17.0434 3.2
      vertex 10.0627 17.2159 0
      vertex 10.4126 17.0434 0
    endloop
  endfacet
  facet normal -0.751846 -0.659339 0
    outer loop
      vertex 10.6699 16.75 0
      vertex 10.4126 17.0434 3.2
      vertex 10.4126 17.0434 0
    endloop
  endfacet
  facet normal -0.751846 -0.659339 0
    outer loop
      vertex 10.4126 17.0434 3.2
      vertex 10.6699 16.75 0
      vertex 10.6699 16.75 3.2
    endloop
  endfacet
  facet normal -0.659194 0.751973 0
    outer loop
      vertex 10.5972 15.6412 0
      vertex 10.3038 15.384 3.2
      vertex 10.5972 15.6412 3.2
    endloop
  endfacet
  facet normal -0.659194 0.751973 0
    outer loop
      vertex 10.3038 15.384 3.2
      vertex 10.5972 15.6412 0
      vertex 10.3038 15.384 0
    endloop
  endfacet
  facet normal -0.321429 0.946934 0
    outer loop
      vertex 10.3038 15.384 0
      vertex 9.93437 15.2586 3.2
      vertex 10.3038 15.384 3.2
    endloop
  endfacet
  facet normal -0.321429 0.946934 0
    outer loop
      vertex 9.93437 15.2586 3.2
      vertex 10.3038 15.384 0
      vertex 9.93437 15.2586 0
    endloop
  endfacet
  facet normal -0.946952 -0.321374 0
    outer loop
      vertex 10.7953 16.3805 0
      vertex 10.6699 16.75 3.2
      vertex 10.6699 16.75 0
    endloop
  endfacet
  facet normal -0.946952 -0.321374 0
    outer loop
      vertex 10.6699 16.75 3.2
      vertex 10.7953 16.3805 0
      vertex 10.7953 16.3805 3.2
    endloop
  endfacet
  facet normal 0.659257 -0.751917 0
    outer loop
      vertex 9.0105 16.8588 0
      vertex 9.30385 17.116 3.2
      vertex 9.0105 16.8588 3.2
    endloop
  endfacet
  facet normal 0.659257 -0.751917 0
    outer loop
      vertex 9.30385 17.116 3.2
      vertex 9.0105 16.8588 0
      vertex 9.30385 17.116 0
    endloop
  endfacet
  facet normal 0.321398 -0.946944 0
    outer loop
      vertex 9.30385 17.116 0
      vertex 9.67332 17.2414 3.2
      vertex 9.30385 17.116 3.2
    endloop
  endfacet
  facet normal 0.321398 -0.946944 0
    outer loop
      vertex 9.67332 17.2414 3.2
      vertex 9.30385 17.116 0
      vertex 9.67332 17.2414 0
    endloop
  endfacet
  facet normal -0.0653487 -0.997862 0
    outer loop
      vertex 9.67332 17.2414 0
      vertex 10.0627 17.2159 3.2
      vertex 9.67332 17.2414 3.2
    endloop
  endfacet
  facet normal -0.0653487 -0.997862 -0
    outer loop
      vertex 10.0627 17.2159 3.2
      vertex 9.67332 17.2414 0
      vertex 10.0627 17.2159 0
    endloop
  endfacet
  facet normal -0.946952 0.321374 0
    outer loop
      vertex 12.866 13.5538 0
      vertex 12.9914 13.9233 3.2
      vertex 12.9914 13.9233 0
    endloop
  endfacet
  facet normal -0.946952 0.321374 0
    outer loop
      vertex 12.9914 13.9233 3.2
      vertex 12.866 13.5538 0
      vertex 12.866 13.5538 3.2
    endloop
  endfacet
  facet normal -0.442287 0.896874 0
    outer loop
      vertex 12.6088 13.2605 0
      vertex 12.2588 13.0879 3.2
      vertex 12.6088 13.2605 3.2
    endloop
  endfacet
  facet normal -0.442287 0.896874 0
    outer loop
      vertex 12.2588 13.0879 3.2
      vertex 12.6088 13.2605 0
      vertex 12.2588 13.0879 0
    endloop
  endfacet
  facet normal -0.751862 0.659321 0
    outer loop
      vertex 12.6088 13.2605 0
      vertex 12.866 13.5538 3.2
      vertex 12.866 13.5538 0
    endloop
  endfacet
  facet normal -0.751862 0.659321 0
    outer loop
      vertex 12.866 13.5538 3.2
      vertex 12.6088 13.2605 0
      vertex 12.6088 13.2605 3.2
    endloop
  endfacet
  facet normal 0.659339 0.751846 -0
    outer loop
      vertex 11.5 13.1878 0
      vertex 11.2066 13.4451 3.2
      vertex 11.5 13.1878 3.2
    endloop
  endfacet
  facet normal 0.659339 0.751846 0
    outer loop
      vertex 11.2066 13.4451 3.2
      vertex 11.5 13.1878 0
      vertex 11.2066 13.4451 0
    endloop
  endfacet
  facet normal 0.321374 0.946952 -0
    outer loop
      vertex 11.8695 13.0624 0
      vertex 11.5 13.1878 3.2
      vertex 11.8695 13.0624 3.2
    endloop
  endfacet
  facet normal 0.321374 0.946952 0
    outer loop
      vertex 11.5 13.1878 3.2
      vertex 11.8695 13.0624 0
      vertex 11.5 13.1878 0
    endloop
  endfacet
  facet normal 0.997863 0.0653454 0
    outer loop
      vertex 11.0341 13.795 3.2
      vertex 11.0086 14.1844 0
      vertex 11.0086 14.1844 3.2
    endloop
  endfacet
  facet normal 0.997863 0.0653454 0
    outer loop
      vertex 11.0086 14.1844 0
      vertex 11.0341 13.795 3.2
      vertex 11.0341 13.795 0
    endloop
  endfacet
  facet normal 0.442287 -0.896874 0
    outer loop
      vertex 11.3912 14.8472 0
      vertex 11.7412 15.0198 3.2
      vertex 11.3912 14.8472 3.2
    endloop
  endfacet
  facet normal 0.442287 -0.896874 0
    outer loop
      vertex 11.7412 15.0198 3.2
      vertex 11.3912 14.8472 0
      vertex 11.7412 15.0198 0
    endloop
  endfacet
  facet normal 0.896925 0.442182 0
    outer loop
      vertex 11.2066 13.4451 3.2
      vertex 11.0341 13.795 0
      vertex 11.0341 13.795 3.2
    endloop
  endfacet
  facet normal 0.896925 0.442182 0
    outer loop
      vertex 11.0341 13.795 0
      vertex 11.2066 13.4451 3.2
      vertex 11.2066 13.4451 0
    endloop
  endfacet
  facet normal 0.946926 -0.321452 0
    outer loop
      vertex 11.0086 14.1844 3.2
      vertex 11.134 14.5538 0
      vertex 11.134 14.5538 3.2
    endloop
  endfacet
  facet normal 0.946926 -0.321452 0
    outer loop
      vertex 11.134 14.5538 0
      vertex 11.0086 14.1844 3.2
      vertex 11.0086 14.1844 0
    endloop
  endfacet
  facet normal -0.0653621 0.997862 0
    outer loop
      vertex 12.2588 13.0879 0
      vertex 11.8695 13.0624 3.2
      vertex 12.2588 13.0879 3.2
    endloop
  endfacet
  facet normal -0.0653621 0.997862 0
    outer loop
      vertex 11.8695 13.0624 3.2
      vertex 12.2588 13.0879 0
      vertex 11.8695 13.0624 0
    endloop
  endfacet
  facet normal -0.321374 -0.946952 0
    outer loop
      vertex 12.1305 15.0453 0
      vertex 12.5 14.9199 3.2
      vertex 12.1305 15.0453 3.2
    endloop
  endfacet
  facet normal -0.321374 -0.946952 -0
    outer loop
      vertex 12.5 14.9199 3.2
      vertex 12.1305 15.0453 0
      vertex 12.5 14.9199 0
    endloop
  endfacet
  facet normal -0.997863 -0.0653454 0
    outer loop
      vertex 12.9914 13.9233 0
      vertex 12.9659 14.3127 3.2
      vertex 12.9659 14.3127 0
    endloop
  endfacet
  facet normal -0.997863 -0.0653454 0
    outer loop
      vertex 12.9659 14.3127 3.2
      vertex 12.9914 13.9233 0
      vertex 12.9914 13.9233 3.2
    endloop
  endfacet
  facet normal -0.659339 -0.751846 0
    outer loop
      vertex 12.5 14.9199 0
      vertex 12.7934 14.6626 3.2
      vertex 12.5 14.9199 3.2
    endloop
  endfacet
  facet normal -0.659339 -0.751846 -0
    outer loop
      vertex 12.7934 14.6626 3.2
      vertex 12.5 14.9199 0
      vertex 12.7934 14.6626 0
    endloop
  endfacet
  facet normal 0.0653621 -0.997862 0
    outer loop
      vertex 11.7412 15.0198 0
      vertex 12.1305 15.0453 3.2
      vertex 11.7412 15.0198 3.2
    endloop
  endfacet
  facet normal 0.0653621 -0.997862 0
    outer loop
      vertex 12.1305 15.0453 3.2
      vertex 11.7412 15.0198 0
      vertex 12.1305 15.0453 0
    endloop
  endfacet
  facet normal 0.751973 -0.659194 0
    outer loop
      vertex 11.134 14.5538 3.2
      vertex 11.3912 14.8472 0
      vertex 11.3912 14.8472 3.2
    endloop
  endfacet
  facet normal 0.751973 -0.659194 0
    outer loop
      vertex 11.3912 14.8472 0
      vertex 11.134 14.5538 3.2
      vertex 11.134 14.5538 0
    endloop
  endfacet
  facet normal -0.896925 -0.442182 0
    outer loop
      vertex 12.9659 14.3127 0
      vertex 12.7934 14.6626 3.2
      vertex 12.7934 14.6626 0
    endloop
  endfacet
  facet normal -0.896925 -0.442182 0
    outer loop
      vertex 12.7934 14.6626 3.2
      vertex 12.9659 14.3127 0
      vertex 12.9659 14.3127 3.2
    endloop
  endfacet
  facet normal 0.980797 -0.195032 0
    outer loop
      vertex 14 13.25 3.2
      vertex 14.0761 13.6327 0
      vertex 14.0761 13.6327 3.2
    endloop
  endfacet
  facet normal 0.980797 -0.195032 0
    outer loop
      vertex 14.0761 13.6327 0
      vertex 14 13.25 3.2
      vertex 14 13.25 0
    endloop
  endfacet
  facet normal 0.555646 0.831419 -0
    outer loop
      vertex 14.6173 12.3261 0
      vertex 14.2929 12.5429 3.2
      vertex 14.6173 12.3261 3.2
    endloop
  endfacet
  facet normal 0.555646 0.831419 0
    outer loop
      vertex 14.2929 12.5429 3.2
      vertex 14.6173 12.3261 0
      vertex 14.2929 12.5429 0
    endloop
  endfacet
  facet normal -0.831419 0.555646 0
    outer loop
      vertex 15.7071 12.5429 0
      vertex 15.9239 12.8673 3.2
      vertex 15.9239 12.8673 0
    endloop
  endfacet
  facet normal -0.831419 0.555646 0
    outer loop
      vertex 15.9239 12.8673 3.2
      vertex 15.7071 12.5429 0
      vertex 15.7071 12.5429 3.2
    endloop
  endfacet
  facet normal 0.195032 -0.980797 0
    outer loop
      vertex 14.6173 14.1739 0
      vertex 15 14.25 3.2
      vertex 14.6173 14.1739 3.2
    endloop
  endfacet
  facet normal 0.195032 -0.980797 0
    outer loop
      vertex 15 14.25 3.2
      vertex 14.6173 14.1739 0
      vertex 15 14.25 0
    endloop
  endfacet
  facet normal 0.831419 0.555646 0
    outer loop
      vertex 14.2929 12.5429 3.2
      vertex 14.0761 12.8673 0
      vertex 14.0761 12.8673 3.2
    endloop
  endfacet
  facet normal 0.831419 0.555646 0
    outer loop
      vertex 14.0761 12.8673 0
      vertex 14.2929 12.5429 3.2
      vertex 14.2929 12.5429 0
    endloop
  endfacet
  facet normal -0.555646 -0.831419 0
    outer loop
      vertex 15.3827 14.1739 0
      vertex 15.7071 13.9571 3.2
      vertex 15.3827 14.1739 3.2
    endloop
  endfacet
  facet normal -0.555646 -0.831419 -0
    outer loop
      vertex 15.7071 13.9571 3.2
      vertex 15.3827 14.1739 0
      vertex 15.7071 13.9571 0
    endloop
  endfacet
  facet normal -0.195032 0.980797 0
    outer loop
      vertex 15.3827 12.3261 0
      vertex 15 12.25 3.2
      vertex 15.3827 12.3261 3.2
    endloop
  endfacet
  facet normal -0.195032 0.980797 0
    outer loop
      vertex 15 12.25 3.2
      vertex 15.3827 12.3261 0
      vertex 15 12.25 0
    endloop
  endfacet
  facet normal -0.980797 -0.195032 0
    outer loop
      vertex 16 13.25 0
      vertex 15.9239 13.6327 3.2
      vertex 15.9239 13.6327 0
    endloop
  endfacet
  facet normal -0.980797 -0.195032 0
    outer loop
      vertex 15.9239 13.6327 3.2
      vertex 16 13.25 0
      vertex 16 13.25 3.2
    endloop
  endfacet
  facet normal -0.831419 -0.555646 0
    outer loop
      vertex 15.9239 13.6327 0
      vertex 15.7071 13.9571 3.2
      vertex 15.7071 13.9571 0
    endloop
  endfacet
  facet normal -0.831419 -0.555646 0
    outer loop
      vertex 15.7071 13.9571 3.2
      vertex 15.9239 13.6327 0
      vertex 15.9239 13.6327 3.2
    endloop
  endfacet
  facet normal 0.195032 0.980797 -0
    outer loop
      vertex 15 12.25 0
      vertex 14.6173 12.3261 3.2
      vertex 15 12.25 3.2
    endloop
  endfacet
  facet normal 0.195032 0.980797 0
    outer loop
      vertex 14.6173 12.3261 3.2
      vertex 15 12.25 0
      vertex 14.6173 12.3261 0
    endloop
  endfacet
  facet normal -0.555646 0.831419 0
    outer loop
      vertex 15.7071 12.5429 0
      vertex 15.3827 12.3261 3.2
      vertex 15.7071 12.5429 3.2
    endloop
  endfacet
  facet normal -0.555646 0.831419 0
    outer loop
      vertex 15.3827 12.3261 3.2
      vertex 15.7071 12.5429 0
      vertex 15.3827 12.3261 0
    endloop
  endfacet
  facet normal -0.195032 -0.980797 0
    outer loop
      vertex 15 14.25 0
      vertex 15.3827 14.1739 3.2
      vertex 15 14.25 3.2
    endloop
  endfacet
  facet normal -0.195032 -0.980797 -0
    outer loop
      vertex 15.3827 14.1739 3.2
      vertex 15 14.25 0
      vertex 15.3827 14.1739 0
    endloop
  endfacet
  facet normal 0.555646 -0.831419 0
    outer loop
      vertex 14.2929 13.9571 0
      vertex 14.6173 14.1739 3.2
      vertex 14.2929 13.9571 3.2
    endloop
  endfacet
  facet normal 0.555646 -0.831419 0
    outer loop
      vertex 14.6173 14.1739 3.2
      vertex 14.2929 13.9571 0
      vertex 14.6173 14.1739 0
    endloop
  endfacet
  facet normal -0.980797 0.195032 0
    outer loop
      vertex 15.9239 12.8673 0
      vertex 16 13.25 3.2
      vertex 16 13.25 0
    endloop
  endfacet
  facet normal -0.980797 0.195032 0
    outer loop
      vertex 16 13.25 3.2
      vertex 15.9239 12.8673 0
      vertex 15.9239 12.8673 3.2
    endloop
  endfacet
  facet normal 0.980797 0.195032 0
    outer loop
      vertex 14.0761 12.8673 3.2
      vertex 14 13.25 0
      vertex 14 13.25 3.2
    endloop
  endfacet
  facet normal 0.980797 0.195032 0
    outer loop
      vertex 14 13.25 0
      vertex 14.0761 12.8673 3.2
      vertex 14.0761 12.8673 0
    endloop
  endfacet
  facet normal 0.831419 -0.555646 0
    outer loop
      vertex 14.0761 13.6327 3.2
      vertex 14.2929 13.9571 0
      vertex 14.2929 13.9571 3.2
    endloop
  endfacet
  facet normal 0.831419 -0.555646 0
    outer loop
      vertex 14.2929 13.9571 0
      vertex 14.0761 13.6327 3.2
      vertex 14.0761 13.6327 0
    endloop
  endfacet
  facet normal -0.896925 0.442182 0
    outer loop
      vertex 18.7934 13.4451 0
      vertex 18.9659 13.795 3.2
      vertex 18.9659 13.795 0
    endloop
  endfacet
  facet normal -0.896925 0.442182 0
    outer loop
      vertex 18.9659 13.795 3.2
      vertex 18.7934 13.4451 0
      vertex 18.7934 13.4451 3.2
    endloop
  endfacet
  facet normal -0.997863 0.0653454 0
    outer loop
      vertex 18.9659 13.795 0
      vertex 18.9914 14.1844 3.2
      vertex 18.9914 14.1844 0
    endloop
  endfacet
  facet normal -0.997863 0.0653454 0
    outer loop
      vertex 18.9914 14.1844 3.2
      vertex 18.9659 13.795 0
      vertex 18.9659 13.795 3.2
    endloop
  endfacet
  facet normal 0.442287 0.896874 -0
    outer loop
      vertex 17.7412 13.0879 0
      vertex 17.3912 13.2605 3.2
      vertex 17.7412 13.0879 3.2
    endloop
  endfacet
  facet normal 0.442287 0.896874 0
    outer loop
      vertex 17.3912 13.2605 3.2
      vertex 17.7412 13.0879 0
      vertex 17.3912 13.2605 0
    endloop
  endfacet
  facet normal -0.0653621 -0.997862 0
    outer loop
      vertex 17.8695 15.0453 0
      vertex 18.2588 15.0198 3.2
      vertex 17.8695 15.0453 3.2
    endloop
  endfacet
  facet normal -0.0653621 -0.997862 -0
    outer loop
      vertex 18.2588 15.0198 3.2
      vertex 17.8695 15.0453 0
      vertex 18.2588 15.0198 0
    endloop
  endfacet
  facet normal -0.659339 0.751846 0
    outer loop
      vertex 18.7934 13.4451 0
      vertex 18.5 13.1878 3.2
      vertex 18.7934 13.4451 3.2
    endloop
  endfacet
  facet normal -0.659339 0.751846 0
    outer loop
      vertex 18.5 13.1878 3.2
      vertex 18.7934 13.4451 0
      vertex 18.5 13.1878 0
    endloop
  endfacet
  facet normal 0.751862 0.659321 0
    outer loop
      vertex 17.3912 13.2605 3.2
      vertex 17.134 13.5538 0
      vertex 17.134 13.5538 3.2
    endloop
  endfacet
  facet normal 0.751862 0.659321 0
    outer loop
      vertex 17.134 13.5538 0
      vertex 17.3912 13.2605 3.2
      vertex 17.3912 13.2605 0
    endloop
  endfacet
  facet normal -0.321374 0.946952 0
    outer loop
      vertex 18.5 13.1878 0
      vertex 18.1305 13.0624 3.2
      vertex 18.5 13.1878 3.2
    endloop
  endfacet
  facet normal -0.321374 0.946952 0
    outer loop
      vertex 18.1305 13.0624 3.2
      vertex 18.5 13.1878 0
      vertex 18.1305 13.0624 0
    endloop
  endfacet
  facet normal -0.751973 -0.659194 0
    outer loop
      vertex 18.866 14.5538 0
      vertex 18.6088 14.8472 3.2
      vertex 18.6088 14.8472 0
    endloop
  endfacet
  facet normal -0.751973 -0.659194 0
    outer loop
      vertex 18.6088 14.8472 3.2
      vertex 18.866 14.5538 0
      vertex 18.866 14.5538 3.2
    endloop
  endfacet
  facet normal 0.946952 0.321374 0
    outer loop
      vertex 17.134 13.5538 3.2
      vertex 17.0086 13.9233 0
      vertex 17.0086 13.9233 3.2
    endloop
  endfacet
  facet normal 0.946952 0.321374 0
    outer loop
      vertex 17.0086 13.9233 0
      vertex 17.134 13.5538 3.2
      vertex 17.134 13.5538 0
    endloop
  endfacet
  facet normal 0.0653621 0.997862 -0
    outer loop
      vertex 18.1305 13.0624 0
      vertex 17.7412 13.0879 3.2
      vertex 18.1305 13.0624 3.2
    endloop
  endfacet
  facet normal 0.0653621 0.997862 0
    outer loop
      vertex 17.7412 13.0879 3.2
      vertex 18.1305 13.0624 0
      vertex 17.7412 13.0879 0
    endloop
  endfacet
  facet normal 0.896925 -0.442182 0
    outer loop
      vertex 17.0341 14.3127 3.2
      vertex 17.2066 14.6626 0
      vertex 17.2066 14.6626 3.2
    endloop
  endfacet
  facet normal 0.896925 -0.442182 0
    outer loop
      vertex 17.2066 14.6626 0
      vertex 17.0341 14.3127 3.2
      vertex 17.0341 14.3127 0
    endloop
  endfacet
  facet normal 0.659339 -0.751846 0
    outer loop
      vertex 17.2066 14.6626 0
      vertex 17.5 14.9199 3.2
      vertex 17.2066 14.6626 3.2
    endloop
  endfacet
  facet normal 0.659339 -0.751846 0
    outer loop
      vertex 17.5 14.9199 3.2
      vertex 17.2066 14.6626 0
      vertex 17.5 14.9199 0
    endloop
  endfacet
  facet normal -0.946926 -0.321452 0
    outer loop
      vertex 18.9914 14.1844 0
      vertex 18.866 14.5538 3.2
      vertex 18.866 14.5538 0
    endloop
  endfacet
  facet normal -0.946926 -0.321452 0
    outer loop
      vertex 18.866 14.5538 3.2
      vertex 18.9914 14.1844 0
      vertex 18.9914 14.1844 3.2
    endloop
  endfacet
  facet normal 0.321374 -0.946952 0
    outer loop
      vertex 17.5 14.9199 0
      vertex 17.8695 15.0453 3.2
      vertex 17.5 14.9199 3.2
    endloop
  endfacet
  facet normal 0.321374 -0.946952 0
    outer loop
      vertex 17.8695 15.0453 3.2
      vertex 17.5 14.9199 0
      vertex 17.8695 15.0453 0
    endloop
  endfacet
  facet normal -0.442287 -0.896874 0
    outer loop
      vertex 18.2588 15.0198 0
      vertex 18.6088 14.8472 3.2
      vertex 18.2588 15.0198 3.2
    endloop
  endfacet
  facet normal -0.442287 -0.896874 -0
    outer loop
      vertex 18.6088 14.8472 3.2
      vertex 18.2588 15.0198 0
      vertex 18.6088 14.8472 0
    endloop
  endfacet
  facet normal 0.997863 -0.0653454 0
    outer loop
      vertex 17.0086 13.9233 3.2
      vertex 17.0341 14.3127 0
      vertex 17.0341 14.3127 3.2
    endloop
  endfacet
  facet normal 0.997863 -0.0653454 0
    outer loop
      vertex 17.0341 14.3127 0
      vertex 17.0086 13.9233 3.2
      vertex 17.0086 13.9233 0
    endloop
  endfacet
  facet normal -0.997862 -0.0653621 0
    outer loop
      vertex 21.1876 16.1195 0
      vertex 21.1621 16.5088 3.2
      vertex 21.1621 16.5088 0
    endloop
  endfacet
  facet normal -0.997862 -0.0653621 0
    outer loop
      vertex 21.1621 16.5088 3.2
      vertex 21.1876 16.1195 0
      vertex 21.1876 16.1195 3.2
    endloop
  endfacet
  facet normal -0.896874 -0.442287 0
    outer loop
      vertex 21.1621 16.5088 0
      vertex 20.9895 16.8588 3.2
      vertex 20.9895 16.8588 0
    endloop
  endfacet
  facet normal -0.896874 -0.442287 0
    outer loop
      vertex 20.9895 16.8588 3.2
      vertex 21.1621 16.5088 0
      vertex 21.1621 16.5088 3.2
    endloop
  endfacet
  facet normal -0.659321 -0.751862 0
    outer loop
      vertex 20.6962 17.116 0
      vertex 20.9895 16.8588 3.2
      vertex 20.6962 17.116 3.2
    endloop
  endfacet
  facet normal -0.659321 -0.751862 -0
    outer loop
      vertex 20.9895 16.8588 3.2
      vertex 20.6962 17.116 0
      vertex 20.9895 16.8588 0
    endloop
  endfacet
  facet normal -0.751846 0.659339 0
    outer loop
      vertex 20.8049 15.4566 0
      vertex 21.0622 15.75 3.2
      vertex 21.0622 15.75 0
    endloop
  endfacet
  facet normal -0.751846 0.659339 0
    outer loop
      vertex 21.0622 15.75 3.2
      vertex 20.8049 15.4566 0
      vertex 20.8049 15.4566 3.2
    endloop
  endfacet
  facet normal -0.946952 0.321374 0
    outer loop
      vertex 21.0622 15.75 0
      vertex 21.1876 16.1195 3.2
      vertex 21.1876 16.1195 0
    endloop
  endfacet
  facet normal -0.946952 0.321374 0
    outer loop
      vertex 21.1876 16.1195 3.2
      vertex 21.0622 15.75 0
      vertex 21.0622 15.75 3.2
    endloop
  endfacet
  facet normal -0.0653454 0.997863 0
    outer loop
      vertex 20.455 15.2841 0
      vertex 20.0656 15.2586 3.2
      vertex 20.455 15.2841 3.2
    endloop
  endfacet
  facet normal -0.0653454 0.997863 0
    outer loop
      vertex 20.0656 15.2586 3.2
      vertex 20.455 15.2841 0
      vertex 20.0656 15.2586 0
    endloop
  endfacet
  facet normal 0.896874 0.442287 0
    outer loop
      vertex 19.4028 15.6412 3.2
      vertex 19.2302 15.9912 0
      vertex 19.2302 15.9912 3.2
    endloop
  endfacet
  facet normal 0.896874 0.442287 0
    outer loop
      vertex 19.2302 15.9912 0
      vertex 19.4028 15.6412 3.2
      vertex 19.4028 15.6412 0
    endloop
  endfacet
  facet normal -0.442182 0.896925 0
    outer loop
      vertex 20.8049 15.4566 0
      vertex 20.455 15.2841 3.2
      vertex 20.8049 15.4566 3.2
    endloop
  endfacet
  facet normal -0.442182 0.896925 0
    outer loop
      vertex 20.455 15.2841 3.2
      vertex 20.8049 15.4566 0
      vertex 20.455 15.2841 0
    endloop
  endfacet
  facet normal 0.946952 -0.321374 0
    outer loop
      vertex 19.2047 16.3805 3.2
      vertex 19.3301 16.75 0
      vertex 19.3301 16.75 3.2
    endloop
  endfacet
  facet normal 0.946952 -0.321374 0
    outer loop
      vertex 19.3301 16.75 0
      vertex 19.2047 16.3805 3.2
      vertex 19.2047 16.3805 0
    endloop
  endfacet
  facet normal 0.0653454 -0.997863 0
    outer loop
      vertex 19.9373 17.2159 0
      vertex 20.3267 17.2414 3.2
      vertex 19.9373 17.2159 3.2
    endloop
  endfacet
  facet normal 0.0653454 -0.997863 0
    outer loop
      vertex 20.3267 17.2414 3.2
      vertex 19.9373 17.2159 0
      vertex 20.3267 17.2414 0
    endloop
  endfacet
  facet normal -0.321374 -0.946952 0
    outer loop
      vertex 20.3267 17.2414 0
      vertex 20.6962 17.116 3.2
      vertex 20.3267 17.2414 3.2
    endloop
  endfacet
  facet normal -0.321374 -0.946952 -0
    outer loop
      vertex 20.6962 17.116 3.2
      vertex 20.3267 17.2414 0
      vertex 20.6962 17.116 0
    endloop
  endfacet
  facet normal 0.751846 -0.659339 0
    outer loop
      vertex 19.3301 16.75 3.2
      vertex 19.5874 17.0434 0
      vertex 19.5874 17.0434 3.2
    endloop
  endfacet
  facet normal 0.751846 -0.659339 0
    outer loop
      vertex 19.5874 17.0434 0
      vertex 19.3301 16.75 3.2
      vertex 19.3301 16.75 0
    endloop
  endfacet
  facet normal 0.997862 0.0653621 0
    outer loop
      vertex 19.2302 15.9912 3.2
      vertex 19.2047 16.3805 0
      vertex 19.2047 16.3805 3.2
    endloop
  endfacet
  facet normal 0.997862 0.0653621 0
    outer loop
      vertex 19.2047 16.3805 0
      vertex 19.2302 15.9912 3.2
      vertex 19.2302 15.9912 0
    endloop
  endfacet
  facet normal 0.659194 0.751973 -0
    outer loop
      vertex 19.6962 15.384 0
      vertex 19.4028 15.6412 3.2
      vertex 19.6962 15.384 3.2
    endloop
  endfacet
  facet normal 0.659194 0.751973 0
    outer loop
      vertex 19.4028 15.6412 3.2
      vertex 19.6962 15.384 0
      vertex 19.4028 15.6412 0
    endloop
  endfacet
  facet normal 0.321452 0.946926 -0
    outer loop
      vertex 20.0656 15.2586 0
      vertex 19.6962 15.384 3.2
      vertex 20.0656 15.2586 3.2
    endloop
  endfacet
  facet normal 0.321452 0.946926 0
    outer loop
      vertex 19.6962 15.384 3.2
      vertex 20.0656 15.2586 0
      vertex 19.6962 15.384 0
    endloop
  endfacet
  facet normal 0.442182 -0.896925 0
    outer loop
      vertex 19.5874 17.0434 0
      vertex 19.9373 17.2159 3.2
      vertex 19.5874 17.0434 3.2
    endloop
  endfacet
  facet normal 0.442182 -0.896925 0
    outer loop
      vertex 19.9373 17.2159 3.2
      vertex 19.5874 17.0434 0
      vertex 19.9373 17.2159 0
    endloop
  endfacet
  facet normal 0.195032 0.980797 -0
    outer loop
      vertex 24 18.25 0
      vertex 23.6173 18.3261 3.2
      vertex 24 18.25 3.2
    endloop
  endfacet
  facet normal 0.195032 0.980797 0
    outer loop
      vertex 23.6173 18.3261 3.2
      vertex 24 18.25 0
      vertex 23.6173 18.3261 0
    endloop
  endfacet
  facet normal -0.831419 0.555646 0
    outer loop
      vertex 24.7071 18.5429 0
      vertex 24.9239 18.8673 3.2
      vertex 24.9239 18.8673 0
    endloop
  endfacet
  facet normal -0.831419 0.555646 0
    outer loop
      vertex 24.9239 18.8673 3.2
      vertex 24.7071 18.5429 0
      vertex 24.7071 18.5429 3.2
    endloop
  endfacet
  facet normal -0.831419 -0.555646 0
    outer loop
      vertex 24.9239 19.6327 0
      vertex 24.7071 19.9571 3.2
      vertex 24.7071 19.9571 0
    endloop
  endfacet
  facet normal -0.831419 -0.555646 0
    outer loop
      vertex 24.7071 19.9571 3.2
      vertex 24.9239 19.6327 0
      vertex 24.9239 19.6327 3.2
    endloop
  endfacet
  facet normal -0.980797 -0.195032 0
    outer loop
      vertex 25 19.25 0
      vertex 24.9239 19.6327 3.2
      vertex 24.9239 19.6327 0
    endloop
  endfacet
  facet normal -0.980797 -0.195032 0
    outer loop
      vertex 24.9239 19.6327 3.2
      vertex 25 19.25 0
      vertex 25 19.25 3.2
    endloop
  endfacet
  facet normal -0.555646 -0.831419 0
    outer loop
      vertex 24.3827 20.1739 0
      vertex 24.7071 19.9571 3.2
      vertex 24.3827 20.1739 3.2
    endloop
  endfacet
  facet normal -0.555646 -0.831419 -0
    outer loop
      vertex 24.7071 19.9571 3.2
      vertex 24.3827 20.1739 0
      vertex 24.7071 19.9571 0
    endloop
  endfacet
  facet normal -0.195032 -0.980797 0
    outer loop
      vertex 24 20.25 0
      vertex 24.3827 20.1739 3.2
      vertex 24 20.25 3.2
    endloop
  endfacet
  facet normal -0.195032 -0.980797 -0
    outer loop
      vertex 24.3827 20.1739 3.2
      vertex 24 20.25 0
      vertex 24.3827 20.1739 0
    endloop
  endfacet
  facet normal 0.980797 0.195032 0
    outer loop
      vertex 23.0761 18.8673 3.2
      vertex 23 19.25 0
      vertex 23 19.25 3.2
    endloop
  endfacet
  facet normal 0.980797 0.195032 0
    outer loop
      vertex 23 19.25 0
      vertex 23.0761 18.8673 3.2
      vertex 23.0761 18.8673 0
    endloop
  endfacet
  facet normal -0.555646 0.831419 0
    outer loop
      vertex 24.7071 18.5429 0
      vertex 24.3827 18.3261 3.2
      vertex 24.7071 18.5429 3.2
    endloop
  endfacet
  facet normal -0.555646 0.831419 0
    outer loop
      vertex 24.3827 18.3261 3.2
      vertex 24.7071 18.5429 0
      vertex 24.3827 18.3261 0
    endloop
  endfacet
  facet normal 0.831419 -0.555646 0
    outer loop
      vertex 23.0761 19.6327 3.2
      vertex 23.2929 19.9571 0
      vertex 23.2929 19.9571 3.2
    endloop
  endfacet
  facet normal 0.831419 -0.555646 0
    outer loop
      vertex 23.2929 19.9571 0
      vertex 23.0761 19.6327 3.2
      vertex 23.0761 19.6327 0
    endloop
  endfacet
  facet normal -0.195032 0.980797 0
    outer loop
      vertex 24.3827 18.3261 0
      vertex 24 18.25 3.2
      vertex 24.3827 18.3261 3.2
    endloop
  endfacet
  facet normal -0.195032 0.980797 0
    outer loop
      vertex 24 18.25 3.2
      vertex 24.3827 18.3261 0
      vertex 24 18.25 0
    endloop
  endfacet
  facet normal 0.195032 -0.980797 0
    outer loop
      vertex 23.6173 20.1739 0
      vertex 24 20.25 3.2
      vertex 23.6173 20.1739 3.2
    endloop
  endfacet
  facet normal 0.195032 -0.980797 0
    outer loop
      vertex 24 20.25 3.2
      vertex 23.6173 20.1739 0
      vertex 24 20.25 0
    endloop
  endfacet
  facet normal 0.555646 -0.831419 0
    outer loop
      vertex 23.2929 19.9571 0
      vertex 23.6173 20.1739 3.2
      vertex 23.2929 19.9571 3.2
    endloop
  endfacet
  facet normal 0.555646 -0.831419 0
    outer loop
      vertex 23.6173 20.1739 3.2
      vertex 23.2929 19.9571 0
      vertex 23.6173 20.1739 0
    endloop
  endfacet
  facet normal -0.980797 0.195032 0
    outer loop
      vertex 24.9239 18.8673 0
      vertex 25 19.25 3.2
      vertex 25 19.25 0
    endloop
  endfacet
  facet normal -0.980797 0.195032 0
    outer loop
      vertex 25 19.25 3.2
      vertex 24.9239 18.8673 0
      vertex 24.9239 18.8673 3.2
    endloop
  endfacet
  facet normal 0.980797 -0.195032 0
    outer loop
      vertex 23 19.25 3.2
      vertex 23.0761 19.6327 0
      vertex 23.0761 19.6327 3.2
    endloop
  endfacet
  facet normal 0.980797 -0.195032 0
    outer loop
      vertex 23.0761 19.6327 0
      vertex 23 19.25 3.2
      vertex 23 19.25 0
    endloop
  endfacet
  facet normal 0.831419 0.555646 0
    outer loop
      vertex 23.2929 18.5429 3.2
      vertex 23.0761 18.8673 0
      vertex 23.0761 18.8673 3.2
    endloop
  endfacet
  facet normal 0.831419 0.555646 0
    outer loop
      vertex 23.0761 18.8673 0
      vertex 23.2929 18.5429 3.2
      vertex 23.2929 18.5429 0
    endloop
  endfacet
  facet normal 0.555646 0.831419 -0
    outer loop
      vertex 23.6173 18.3261 0
      vertex 23.2929 18.5429 3.2
      vertex 23.6173 18.3261 3.2
    endloop
  endfacet
  facet normal 0.555646 0.831419 0
    outer loop
      vertex 23.2929 18.5429 3.2
      vertex 23.6173 18.3261 0
      vertex 23.2929 18.5429 0
    endloop
  endfacet
  facet normal -0.591353 -0.806413 0
    outer loop
      vertex 23.8799 23.2345 0
      vertex 24.1945 23.0038 3.2
      vertex 23.8799 23.2345 3.2
    endloop
  endfacet
  facet normal -0.591353 -0.806413 -0
    outer loop
      vertex 24.1945 23.0038 3.2
      vertex 23.8799 23.2345 0
      vertex 24.1945 23.0038 0
    endloop
  endfacet
  facet normal -0.85495 -0.518711 0
    outer loop
      vertex 24.3969 22.6702 0
      vertex 24.1945 23.0038 3.2
      vertex 24.1945 23.0038 0
    endloop
  endfacet
  facet normal -0.85495 -0.518711 0
    outer loop
      vertex 24.1945 23.0038 3.2
      vertex 24.3969 22.6702 0
      vertex 24.3969 22.6702 3.2
    endloop
  endfacet
  facet normal -0.237587 -0.971366 0
    outer loop
      vertex 23.5009 23.3272 0
      vertex 23.8799 23.2345 3.2
      vertex 23.5009 23.3272 3.2
    endloop
  endfacet
  facet normal -0.237587 -0.971366 -0
    outer loop
      vertex 23.8799 23.2345 3.2
      vertex 23.5009 23.3272 0
      vertex 23.8799 23.2345 0
    endloop
  endfacet
  facet normal 0.151961 -0.988387 0
    outer loop
      vertex 23.1152 23.2679 0
      vertex 23.5009 23.3272 3.2
      vertex 23.1152 23.2679 3.2
    endloop
  endfacet
  facet normal 0.151961 -0.988387 0
    outer loop
      vertex 23.5009 23.3272 3.2
      vertex 23.1152 23.2679 0
      vertex 23.5009 23.3272 0
    endloop
  endfacet
  facet normal 0.591353 0.806413 -0
    outer loop
      vertex 23.0346 21.4219 0
      vertex 22.72 21.6526 3.2
      vertex 23.0346 21.4219 3.2
    endloop
  endfacet
  facet normal 0.591353 0.806413 0
    outer loop
      vertex 22.72 21.6526 3.2
      vertex 23.0346 21.4219 0
      vertex 22.72 21.6526 0
    endloop
  endfacet
  facet normal -0.971307 0.237829 0
    outer loop
      vertex 24.3635 21.9056 0
      vertex 24.4563 22.2846 3.2
      vertex 24.4563 22.2846 0
    endloop
  endfacet
  facet normal -0.971307 0.237829 0
    outer loop
      vertex 24.4563 22.2846 3.2
      vertex 24.3635 21.9056 0
      vertex 24.3635 21.9056 3.2
    endloop
  endfacet
  facet normal 0.806503 -0.59123 0
    outer loop
      vertex 22.5509 22.7508 3.2
      vertex 22.7816 23.0655 0
      vertex 22.7816 23.0655 3.2
    endloop
  endfacet
  facet normal 0.806503 -0.59123 0
    outer loop
      vertex 22.7816 23.0655 0
      vertex 22.5509 22.7508 3.2
      vertex 22.5509 22.7508 0
    endloop
  endfacet
  facet normal -0.806503 0.59123 0
    outer loop
      vertex 24.1328 21.5909 0
      vertex 24.3635 21.9056 3.2
      vertex 24.3635 21.9056 0
    endloop
  endfacet
  facet normal -0.806503 0.59123 0
    outer loop
      vertex 24.3635 21.9056 3.2
      vertex 24.1328 21.5909 0
      vertex 24.1328 21.5909 3.2
    endloop
  endfacet
  facet normal 0.237829 0.971307 -0
    outer loop
      vertex 23.4136 21.3291 0
      vertex 23.0346 21.4219 3.2
      vertex 23.4136 21.3291 3.2
    endloop
  endfacet
  facet normal 0.237829 0.971307 0
    outer loop
      vertex 23.0346 21.4219 3.2
      vertex 23.4136 21.3291 0
      vertex 23.0346 21.4219 0
    endloop
  endfacet
  facet normal 0.971366 -0.237587 0
    outer loop
      vertex 22.4582 22.3718 3.2
      vertex 22.5509 22.7508 0
      vertex 22.5509 22.7508 3.2
    endloop
  endfacet
  facet normal 0.971366 -0.237587 0
    outer loop
      vertex 22.5509 22.7508 0
      vertex 22.4582 22.3718 3.2
      vertex 22.4582 22.3718 0
    endloop
  endfacet
  facet normal -0.518824 0.854881 0
    outer loop
      vertex 24.1328 21.5909 0
      vertex 23.7993 21.3885 3.2
      vertex 24.1328 21.5909 3.2
    endloop
  endfacet
  facet normal -0.518824 0.854881 0
    outer loop
      vertex 23.7993 21.3885 3.2
      vertex 24.1328 21.5909 0
      vertex 23.7993 21.3885 0
    endloop
  endfacet
  facet normal -0.988342 -0.15225 0
    outer loop
      vertex 24.4563 22.2846 0
      vertex 24.3969 22.6702 3.2
      vertex 24.3969 22.6702 0
    endloop
  endfacet
  facet normal -0.988342 -0.15225 0
    outer loop
      vertex 24.3969 22.6702 3.2
      vertex 24.4563 22.2846 0
      vertex 24.4563 22.2846 3.2
    endloop
  endfacet
  facet normal 0.988381 0.151999 0
    outer loop
      vertex 22.5175 21.9862 3.2
      vertex 22.4582 22.3718 0
      vertex 22.4582 22.3718 3.2
    endloop
  endfacet
  facet normal 0.988381 0.151999 0
    outer loop
      vertex 22.4582 22.3718 0
      vertex 22.5175 21.9862 3.2
      vertex 22.5175 21.9862 0
    endloop
  endfacet
  facet normal 0.854836 0.518898 0
    outer loop
      vertex 22.72 21.6526 3.2
      vertex 22.5175 21.9862 0
      vertex 22.5175 21.9862 3.2
    endloop
  endfacet
  facet normal 0.854836 0.518898 0
    outer loop
      vertex 22.5175 21.9862 0
      vertex 22.72 21.6526 3.2
      vertex 22.72 21.6526 0
    endloop
  endfacet
  facet normal 0.518711 -0.85495 0
    outer loop
      vertex 22.7816 23.0655 0
      vertex 23.1152 23.2679 3.2
      vertex 22.7816 23.0655 3.2
    endloop
  endfacet
  facet normal 0.518711 -0.85495 0
    outer loop
      vertex 23.1152 23.2679 3.2
      vertex 22.7816 23.0655 0
      vertex 23.1152 23.2679 0
    endloop
  endfacet
  facet normal -0.152211 0.988348 0
    outer loop
      vertex 23.7993 21.3885 0
      vertex 23.4136 21.3291 3.2
      vertex 23.7993 21.3885 3.2
    endloop
  endfacet
  facet normal -0.152211 0.988348 0
    outer loop
      vertex 23.4136 21.3291 3.2
      vertex 23.7993 21.3885 0
      vertex 23.4136 21.3291 0
    endloop
  endfacet
  facet normal -0.279931 -0.96002 0
    outer loop
      vertex 21.9816 26.0313 0
      vertex 22.3561 25.9221 3.2
      vertex 21.9816 26.0313 3.2
    endloop
  endfacet
  facet normal -0.279931 -0.96002 -0
    outer loop
      vertex 22.3561 25.9221 3.2
      vertex 21.9816 26.0313 0
      vertex 22.3561 25.9221 0
    endloop
  endfacet
  facet normal -0.625882 -0.779918 0
    outer loop
      vertex 22.3561 25.9221 0
      vertex 22.6604 25.6779 3.2
      vertex 22.3561 25.9221 3.2
    endloop
  endfacet
  facet normal -0.625882 -0.779918 -0
    outer loop
      vertex 22.6604 25.6779 3.2
      vertex 22.3561 25.9221 0
      vertex 22.6604 25.6779 0
    endloop
  endfacet
  facet normal 0.108913 -0.994051 0
    outer loop
      vertex 21.5937 25.9888 0
      vertex 21.9816 26.0313 3.2
      vertex 21.5937 25.9888 3.2
    endloop
  endfacet
  facet normal 0.108913 -0.994051 0
    outer loop
      vertex 21.9816 26.0313 3.2
      vertex 21.5937 25.9888 0
      vertex 21.9816 26.0313 0
    endloop
  endfacet
  facet normal -0.96004 0.279862 0
    outer loop
      vertex 22.7814 24.5733 0
      vertex 22.8906 24.9479 3.2
      vertex 22.8906 24.9479 0
    endloop
  endfacet
  facet normal -0.96004 0.279862 0
    outer loop
      vertex 22.8906 24.9479 3.2
      vertex 22.7814 24.5733 0
      vertex 22.7814 24.5733 3.2
    endloop
  endfacet
  facet normal -0.779918 0.625882 0
    outer loop
      vertex 22.5372 24.269 0
      vertex 22.7814 24.5733 3.2
      vertex 22.7814 24.5733 0
    endloop
  endfacet
  facet normal -0.779918 0.625882 0
    outer loop
      vertex 22.7814 24.5733 3.2
      vertex 22.5372 24.269 0
      vertex 22.5372 24.269 3.2
    endloop
  endfacet
  facet normal 0.994048 0.10894 0
    outer loop
      vertex 20.9407 24.7344 3.2
      vertex 20.8982 25.1222 0
      vertex 20.8982 25.1222 3.2
    endloop
  endfacet
  facet normal 0.994048 0.10894 0
    outer loop
      vertex 20.8982 25.1222 0
      vertex 20.9407 24.7344 3.2
      vertex 20.9407 24.7344 0
    endloop
  endfacet
  facet normal -0.876708 -0.481023 0
    outer loop
      vertex 22.8481 25.3358 0
      vertex 22.6604 25.6779 3.2
      vertex 22.6604 25.6779 0
    endloop
  endfacet
  facet normal -0.876708 -0.481023 0
    outer loop
      vertex 22.6604 25.6779 3.2
      vertex 22.8481 25.3358 0
      vertex 22.8481 25.3358 3.2
    endloop
  endfacet
  facet normal 0.779918 -0.625882 0
    outer loop
      vertex 21.0074 25.4968 3.2
      vertex 21.2516 25.8011 0
      vertex 21.2516 25.8011 3.2
    endloop
  endfacet
  facet normal 0.779918 -0.625882 0
    outer loop
      vertex 21.2516 25.8011 0
      vertex 21.0074 25.4968 3.2
      vertex 21.0074 25.4968 0
    endloop
  endfacet
  facet normal -0.480826 0.876816 0
    outer loop
      vertex 22.5372 24.269 0
      vertex 22.1951 24.0814 3.2
      vertex 22.5372 24.269 3.2
    endloop
  endfacet
  facet normal -0.480826 0.876816 0
    outer loop
      vertex 22.1951 24.0814 3.2
      vertex 22.5372 24.269 0
      vertex 22.1951 24.0814 0
    endloop
  endfacet
  facet normal 0.876708 0.481023 0
    outer loop
      vertex 21.1284 24.3923 3.2
      vertex 20.9407 24.7344 0
      vertex 20.9407 24.7344 3.2
    endloop
  endfacet
  facet normal 0.876708 0.481023 0
    outer loop
      vertex 20.9407 24.7344 0
      vertex 21.1284 24.3923 3.2
      vertex 21.1284 24.3923 0
    endloop
  endfacet
  facet normal -0.994051 -0.108913 0
    outer loop
      vertex 22.8906 24.9479 0
      vertex 22.8481 25.3358 3.2
      vertex 22.8481 25.3358 0
    endloop
  endfacet
  facet normal -0.994051 -0.108913 0
    outer loop
      vertex 22.8481 25.3358 3.2
      vertex 22.8906 24.9479 0
      vertex 22.8906 24.9479 3.2
    endloop
  endfacet
  facet normal 0.481023 -0.876708 0
    outer loop
      vertex 21.2516 25.8011 0
      vertex 21.5937 25.9888 3.2
      vertex 21.2516 25.8011 3.2
    endloop
  endfacet
  facet normal 0.481023 -0.876708 0
    outer loop
      vertex 21.5937 25.9888 3.2
      vertex 21.2516 25.8011 0
      vertex 21.5937 25.9888 0
    endloop
  endfacet
  facet normal 0.279931 0.96002 -0
    outer loop
      vertex 21.8072 24.0389 0
      vertex 21.4327 24.1481 3.2
      vertex 21.8072 24.0389 3.2
    endloop
  endfacet
  facet normal 0.279931 0.96002 0
    outer loop
      vertex 21.4327 24.1481 3.2
      vertex 21.8072 24.0389 0
      vertex 21.4327 24.1481 0
    endloop
  endfacet
  facet normal 0.625882 0.779918 -0
    outer loop
      vertex 21.4327 24.1481 0
      vertex 21.1284 24.3923 3.2
      vertex 21.4327 24.1481 3.2
    endloop
  endfacet
  facet normal 0.625882 0.779918 0
    outer loop
      vertex 21.1284 24.3923 3.2
      vertex 21.4327 24.1481 0
      vertex 21.1284 24.3923 0
    endloop
  endfacet
  facet normal 0.96004 -0.279862 0
    outer loop
      vertex 20.8982 25.1222 3.2
      vertex 21.0074 25.4968 0
      vertex 21.0074 25.4968 3.2
    endloop
  endfacet
  facet normal 0.96004 -0.279862 0
    outer loop
      vertex 21.0074 25.4968 0
      vertex 20.8982 25.1222 3.2
      vertex 20.8982 25.1222 0
    endloop
  endfacet
  facet normal -0.108913 0.994051 0
    outer loop
      vertex 22.1951 24.0814 0
      vertex 21.8072 24.0389 3.2
      vertex 22.1951 24.0814 3.2
    endloop
  endfacet
  facet normal -0.108913 0.994051 0
    outer loop
      vertex 21.8072 24.0389 3.2
      vertex 22.1951 24.0814 0
      vertex 21.8072 24.0389 0
    endloop
  endfacet
  facet normal 0.0653621 -0.997862 0
    outer loop
      vertex 19.2412 28.0102 0
      vertex 19.6305 28.0357 3.2
      vertex 19.2412 28.0102 3.2
    endloop
  endfacet
  facet normal 0.0653621 -0.997862 0
    outer loop
      vertex 19.6305 28.0357 3.2
      vertex 19.2412 28.0102 0
      vertex 19.6305 28.0357 0
    endloop
  endfacet
  facet normal -0.321374 -0.946952 0
    outer loop
      vertex 19.6305 28.0357 0
      vertex 20 27.9103 3.2
      vertex 19.6305 28.0357 3.2
    endloop
  endfacet
  facet normal -0.321374 -0.946952 -0
    outer loop
      vertex 20 27.9103 3.2
      vertex 19.6305 28.0357 0
      vertex 20 27.9103 0
    endloop
  endfacet
  facet normal 0.442287 -0.896874 0
    outer loop
      vertex 18.8912 27.8376 0
      vertex 19.2412 28.0102 3.2
      vertex 18.8912 27.8376 3.2
    endloop
  endfacet
  facet normal 0.442287 -0.896874 0
    outer loop
      vertex 19.2412 28.0102 3.2
      vertex 18.8912 27.8376 0
      vertex 19.2412 28.0102 0
    endloop
  endfacet
  facet normal 0.321374 0.946952 -0
    outer loop
      vertex 19.3695 26.0528 0
      vertex 19 26.1782 3.2
      vertex 19.3695 26.0528 3.2
    endloop
  endfacet
  facet normal 0.321374 0.946952 0
    outer loop
      vertex 19 26.1782 3.2
      vertex 19.3695 26.0528 0
      vertex 19 26.1782 0
    endloop
  endfacet
  facet normal -0.997862 -0.0653621 0
    outer loop
      vertex 20.4914 26.9137 0
      vertex 20.4659 27.303 3.2
      vertex 20.4659 27.303 0
    endloop
  endfacet
  facet normal -0.997862 -0.0653621 0
    outer loop
      vertex 20.4659 27.303 3.2
      vertex 20.4914 26.9137 0
      vertex 20.4914 26.9137 3.2
    endloop
  endfacet
  facet normal 0.896925 0.442182 0
    outer loop
      vertex 18.7066 26.4355 3.2
      vertex 18.5341 26.7854 0
      vertex 18.5341 26.7854 3.2
    endloop
  endfacet
  facet normal 0.896925 0.442182 0
    outer loop
      vertex 18.5341 26.7854 0
      vertex 18.7066 26.4355 3.2
      vertex 18.7066 26.4355 0
    endloop
  endfacet
  facet normal -0.751862 0.659321 0
    outer loop
      vertex 20.1088 26.2509 0
      vertex 20.366 26.5442 3.2
      vertex 20.366 26.5442 0
    endloop
  endfacet
  facet normal -0.751862 0.659321 0
    outer loop
      vertex 20.366 26.5442 3.2
      vertex 20.1088 26.2509 0
      vertex 20.1088 26.2509 3.2
    endloop
  endfacet
  facet normal 0.751973 -0.659194 0
    outer loop
      vertex 18.634 27.5442 3.2
      vertex 18.8912 27.8376 0
      vertex 18.8912 27.8376 3.2
    endloop
  endfacet
  facet normal 0.751973 -0.659194 0
    outer loop
      vertex 18.8912 27.8376 0
      vertex 18.634 27.5442 3.2
      vertex 18.634 27.5442 0
    endloop
  endfacet
  facet normal 0.946926 -0.321452 0
    outer loop
      vertex 18.5086 27.1748 3.2
      vertex 18.634 27.5442 0
      vertex 18.634 27.5442 3.2
    endloop
  endfacet
  facet normal 0.946926 -0.321452 0
    outer loop
      vertex 18.634 27.5442 0
      vertex 18.5086 27.1748 3.2
      vertex 18.5086 27.1748 0
    endloop
  endfacet
  facet normal 0.997863 0.0653454 0
    outer loop
      vertex 18.5341 26.7854 3.2
      vertex 18.5086 27.1748 0
      vertex 18.5086 27.1748 3.2
    endloop
  endfacet
  facet normal 0.997863 0.0653454 0
    outer loop
      vertex 18.5086 27.1748 0
      vertex 18.5341 26.7854 3.2
      vertex 18.5341 26.7854 0
    endloop
  endfacet
  facet normal 0.659339 0.751846 -0
    outer loop
      vertex 19 26.1782 0
      vertex 18.7066 26.4355 3.2
      vertex 19 26.1782 3.2
    endloop
  endfacet
  facet normal 0.659339 0.751846 0
    outer loop
      vertex 18.7066 26.4355 3.2
      vertex 19 26.1782 0
      vertex 18.7066 26.4355 0
    endloop
  endfacet
  facet normal -0.896975 -0.442081 0
    outer loop
      vertex 20.4659 27.303 0
      vertex 20.2934 27.653 3.2
      vertex 20.2934 27.653 0
    endloop
  endfacet
  facet normal -0.896975 -0.442081 0
    outer loop
      vertex 20.2934 27.653 3.2
      vertex 20.4659 27.303 0
      vertex 20.4659 27.303 3.2
    endloop
  endfacet
  facet normal -0.659339 -0.751846 0
    outer loop
      vertex 20 27.9103 0
      vertex 20.2934 27.653 3.2
      vertex 20 27.9103 3.2
    endloop
  endfacet
  facet normal -0.659339 -0.751846 -0
    outer loop
      vertex 20.2934 27.653 3.2
      vertex 20 27.9103 0
      vertex 20.2934 27.653 0
    endloop
  endfacet
  facet normal -0.0653621 0.997862 0
    outer loop
      vertex 19.7588 26.0783 0
      vertex 19.3695 26.0528 3.2
      vertex 19.7588 26.0783 3.2
    endloop
  endfacet
  facet normal -0.0653621 0.997862 0
    outer loop
      vertex 19.3695 26.0528 3.2
      vertex 19.7588 26.0783 0
      vertex 19.3695 26.0528 0
    endloop
  endfacet
  facet normal -0.946952 0.321374 0
    outer loop
      vertex 20.366 26.5442 0
      vertex 20.4914 26.9137 3.2
      vertex 20.4914 26.9137 0
    endloop
  endfacet
  facet normal -0.946952 0.321374 0
    outer loop
      vertex 20.4914 26.9137 3.2
      vertex 20.366 26.5442 0
      vertex 20.366 26.5442 3.2
    endloop
  endfacet
  facet normal -0.442287 0.896874 0
    outer loop
      vertex 20.1088 26.2509 0
      vertex 19.7588 26.0783 3.2
      vertex 20.1088 26.2509 3.2
    endloop
  endfacet
  facet normal -0.442287 0.896874 0
    outer loop
      vertex 19.7588 26.0783 3.2
      vertex 20.1088 26.2509 0
      vertex 19.7588 26.0783 0
    endloop
  endfacet
  facet normal 0.402902 -0.915243 0
    outer loop
      vertex 15.9893 28.9324 0
      vertex 16.3464 29.0896 3.2
      vertex 15.9893 28.9324 3.2
    endloop
  endfacet
  facet normal 0.402902 -0.915243 0
    outer loop
      vertex 16.3464 29.0896 3.2
      vertex 15.9893 28.9324 0
      vertex 16.3464 29.0896 0
    endloop
  endfacet
  facet normal 0.0217841 -0.999763 0
    outer loop
      vertex 16.3464 29.0896 0
      vertex 16.7365 29.0981 3.2
      vertex 16.3464 29.0896 3.2
    endloop
  endfacet
  facet normal 0.0217841 -0.999763 0
    outer loop
      vertex 16.7365 29.0981 3.2
      vertex 16.3464 29.0896 0
      vertex 16.7365 29.0981 0
    endloop
  endfacet
  facet normal 0.722191 -0.691694 0
    outer loop
      vertex 15.7194 28.6506 3.2
      vertex 15.9893 28.9324 0
      vertex 15.9893 28.9324 3.2
    endloop
  endfacet
  facet normal 0.722191 -0.691694 0
    outer loop
      vertex 15.9893 28.9324 0
      vertex 15.7194 28.6506 3.2
      vertex 15.7194 28.6506 0
    endloop
  endfacet
  facet normal 0.932038 -0.36236 0
    outer loop
      vertex 15.578 28.2869 3.2
      vertex 15.7194 28.6506 0
      vertex 15.7194 28.6506 3.2
    endloop
  endfacet
  facet normal 0.932038 -0.36236 0
    outer loop
      vertex 15.7194 28.6506 0
      vertex 15.578 28.2869 3.2
      vertex 15.578 28.2869 0
    endloop
  endfacet
  facet normal -0.362446 -0.932005 0
    outer loop
      vertex 16.7365 29.0981 0
      vertex 17.1001 28.9567 3.2
      vertex 16.7365 29.0981 3.2
    endloop
  endfacet
  facet normal -0.362446 -0.932005 -0
    outer loop
      vertex 17.1001 28.9567 3.2
      vertex 16.7365 29.0981 0
      vertex 17.1001 28.9567 0
    endloop
  endfacet
  facet normal 0.915243 0.402902 0
    outer loop
      vertex 15.7437 27.5397 3.2
      vertex 15.5865 27.8968 0
      vertex 15.5865 27.8968 3.2
    endloop
  endfacet
  facet normal 0.915243 0.402902 0
    outer loop
      vertex 15.5865 27.8968 0
      vertex 15.7437 27.5397 3.2
      vertex 15.7437 27.5397 0
    endloop
  endfacet
  facet normal 0.36236 0.932038 -0
    outer loop
      vertex 16.3892 27.1285 0
      vertex 16.0255 27.2699 3.2
      vertex 16.3892 27.1285 3.2
    endloop
  endfacet
  facet normal 0.36236 0.932038 0
    outer loop
      vertex 16.0255 27.2699 3.2
      vertex 16.3892 27.1285 0
      vertex 16.0255 27.2699 0
    endloop
  endfacet
  facet normal 0.69156 0.722319 -0
    outer loop
      vertex 16.0255 27.2699 0
      vertex 15.7437 27.5397 3.2
      vertex 16.0255 27.2699 3.2
    endloop
  endfacet
  facet normal 0.69156 0.722319 0
    outer loop
      vertex 15.7437 27.5397 3.2
      vertex 16.0255 27.2699 0
      vertex 15.7437 27.5397 0
    endloop
  endfacet
  facet normal -0.999763 -0.0217841 0
    outer loop
      vertex 17.5476 27.9396 0
      vertex 17.5391 28.3297 3.2
      vertex 17.5391 28.3297 0
    endloop
  endfacet
  facet normal -0.999763 -0.0217841 0
    outer loop
      vertex 17.5391 28.3297 3.2
      vertex 17.5476 27.9396 0
      vertex 17.5476 27.9396 3.2
    endloop
  endfacet
  facet normal -0.691566 -0.722313 0
    outer loop
      vertex 17.1001 28.9567 0
      vertex 17.382 28.6868 3.2
      vertex 17.1001 28.9567 3.2
    endloop
  endfacet
  facet normal -0.691566 -0.722313 -0
    outer loop
      vertex 17.382 28.6868 3.2
      vertex 17.1001 28.9567 0
      vertex 17.382 28.6868 0
    endloop
  endfacet
  facet normal 0.999763 0.0217841 0
    outer loop
      vertex 15.5865 27.8968 3.2
      vertex 15.578 28.2869 0
      vertex 15.578 28.2869 3.2
    endloop
  endfacet
  facet normal 0.999763 0.0217841 0
    outer loop
      vertex 15.578 28.2869 0
      vertex 15.5865 27.8968 3.2
      vertex 15.5865 27.8968 0
    endloop
  endfacet
  facet normal -0.932005 0.362446 0
    outer loop
      vertex 17.4062 27.576 0
      vertex 17.5476 27.9396 3.2
      vertex 17.5476 27.9396 0
    endloop
  endfacet
  facet normal -0.932005 0.362446 0
    outer loop
      vertex 17.5476 27.9396 3.2
      vertex 17.4062 27.576 0
      vertex 17.4062 27.576 3.2
    endloop
  endfacet
  facet normal -0.722441 0.691432 0
    outer loop
      vertex 17.1364 27.2941 0
      vertex 17.4062 27.576 3.2
      vertex 17.4062 27.576 0
    endloop
  endfacet
  facet normal -0.722441 0.691432 0
    outer loop
      vertex 17.4062 27.576 3.2
      vertex 17.1364 27.2941 0
      vertex 17.1364 27.2941 3.2
    endloop
  endfacet
  facet normal -0.915338 -0.402687 0
    outer loop
      vertex 17.5391 28.3297 0
      vertex 17.382 28.6868 3.2
      vertex 17.382 28.6868 0
    endloop
  endfacet
  facet normal -0.915338 -0.402687 0
    outer loop
      vertex 17.382 28.6868 3.2
      vertex 17.5391 28.3297 0
      vertex 17.5391 28.3297 3.2
    endloop
  endfacet
  facet normal -0.0217841 0.999763 0
    outer loop
      vertex 16.7793 27.137 0
      vertex 16.3892 27.1285 3.2
      vertex 16.7793 27.137 3.2
    endloop
  endfacet
  facet normal -0.0217841 0.999763 0
    outer loop
      vertex 16.3892 27.1285 3.2
      vertex 16.7793 27.137 0
      vertex 16.3892 27.1285 0
    endloop
  endfacet
  facet normal -0.402687 0.915338 0
    outer loop
      vertex 17.1364 27.2941 0
      vertex 16.7793 27.137 3.2
      vertex 17.1364 27.2941 3.2
    endloop
  endfacet
  facet normal -0.402687 0.915338 0
    outer loop
      vertex 16.7793 27.137 3.2
      vertex 17.1364 27.2941 0
      vertex 16.7793 27.137 0
    endloop
  endfacet
  facet normal 0.691566 -0.722313 0
    outer loop
      vertex 12.618 28.6868 0
      vertex 12.8999 28.9567 3.2
      vertex 12.618 28.6868 3.2
    endloop
  endfacet
  facet normal 0.691566 -0.722313 0
    outer loop
      vertex 12.8999 28.9567 3.2
      vertex 12.618 28.6868 0
      vertex 12.8999 28.9567 0
    endloop
  endfacet
  facet normal 0.362446 -0.932005 0
    outer loop
      vertex 12.8999 28.9567 0
      vertex 13.2635 29.0981 3.2
      vertex 12.8999 28.9567 3.2
    endloop
  endfacet
  facet normal 0.362446 -0.932005 0
    outer loop
      vertex 13.2635 29.0981 3.2
      vertex 12.8999 28.9567 0
      vertex 13.2635 29.0981 0
    endloop
  endfacet
  facet normal 0.915338 -0.402687 0
    outer loop
      vertex 12.4609 28.3297 3.2
      vertex 12.618 28.6868 0
      vertex 12.618 28.6868 3.2
    endloop
  endfacet
  facet normal 0.915338 -0.402687 0
    outer loop
      vertex 12.618 28.6868 0
      vertex 12.4609 28.3297 3.2
      vertex 12.4609 28.3297 0
    endloop
  endfacet
  facet normal 0.932005 0.362446 0
    outer loop
      vertex 12.5938 27.576 3.2
      vertex 12.4524 27.9396 0
      vertex 12.4524 27.9396 3.2
    endloop
  endfacet
  facet normal 0.932005 0.362446 0
    outer loop
      vertex 12.4524 27.9396 0
      vertex 12.5938 27.576 3.2
      vertex 12.5938 27.576 0
    endloop
  endfacet
  facet normal -0.932038 -0.36236 0
    outer loop
      vertex 14.422 28.2869 0
      vertex 14.2806 28.6506 3.2
      vertex 14.2806 28.6506 0
    endloop
  endfacet
  facet normal -0.932038 -0.36236 0
    outer loop
      vertex 14.2806 28.6506 3.2
      vertex 14.422 28.2869 0
      vertex 14.422 28.2869 3.2
    endloop
  endfacet
  facet normal -0.402902 -0.915243 0
    outer loop
      vertex 13.6536 29.0896 0
      vertex 14.0107 28.9324 3.2
      vertex 13.6536 29.0896 3.2
    endloop
  endfacet
  facet normal -0.402902 -0.915243 -0
    outer loop
      vertex 14.0107 28.9324 3.2
      vertex 13.6536 29.0896 0
      vertex 14.0107 28.9324 0
    endloop
  endfacet
  facet normal -0.999763 0.0217841 0
    outer loop
      vertex 14.4135 27.8968 0
      vertex 14.422 28.2869 3.2
      vertex 14.422 28.2869 0
    endloop
  endfacet
  facet normal -0.999763 0.0217841 0
    outer loop
      vertex 14.422 28.2869 3.2
      vertex 14.4135 27.8968 0
      vertex 14.4135 27.8968 3.2
    endloop
  endfacet
  facet normal -0.36236 0.932038 0
    outer loop
      vertex 13.9745 27.2699 0
      vertex 13.6108 27.1285 3.2
      vertex 13.9745 27.2699 3.2
    endloop
  endfacet
  facet normal -0.36236 0.932038 0
    outer loop
      vertex 13.6108 27.1285 3.2
      vertex 13.9745 27.2699 0
      vertex 13.6108 27.1285 0
    endloop
  endfacet
  facet normal 0.999763 -0.0217841 0
    outer loop
      vertex 12.4524 27.9396 3.2
      vertex 12.4609 28.3297 0
      vertex 12.4609 28.3297 3.2
    endloop
  endfacet
  facet normal 0.999763 -0.0217841 0
    outer loop
      vertex 12.4609 28.3297 0
      vertex 12.4524 27.9396 3.2
      vertex 12.4524 27.9396 0
    endloop
  endfacet
  facet normal 0.402687 0.915338 -0
    outer loop
      vertex 13.2207 27.137 0
      vertex 12.8636 27.2941 3.2
      vertex 13.2207 27.137 3.2
    endloop
  endfacet
  facet normal 0.402687 0.915338 0
    outer loop
      vertex 12.8636 27.2941 3.2
      vertex 13.2207 27.137 0
      vertex 12.8636 27.2941 0
    endloop
  endfacet
  facet normal -0.0217841 -0.999763 0
    outer loop
      vertex 13.2635 29.0981 0
      vertex 13.6536 29.0896 3.2
      vertex 13.2635 29.0981 3.2
    endloop
  endfacet
  facet normal -0.0217841 -0.999763 -0
    outer loop
      vertex 13.6536 29.0896 3.2
      vertex 13.2635 29.0981 0
      vertex 13.6536 29.0896 0
    endloop
  endfacet
  facet normal -0.722191 -0.691694 0
    outer loop
      vertex 14.2806 28.6506 0
      vertex 14.0107 28.9324 3.2
      vertex 14.0107 28.9324 0
    endloop
  endfacet
  facet normal -0.722191 -0.691694 0
    outer loop
      vertex 14.0107 28.9324 3.2
      vertex 14.2806 28.6506 0
      vertex 14.2806 28.6506 3.2
    endloop
  endfacet
  facet normal -0.69156 0.722319 0
    outer loop
      vertex 14.2563 27.5397 0
      vertex 13.9745 27.2699 3.2
      vertex 14.2563 27.5397 3.2
    endloop
  endfacet
  facet normal -0.69156 0.722319 0
    outer loop
      vertex 13.9745 27.2699 3.2
      vertex 14.2563 27.5397 0
      vertex 13.9745 27.2699 0
    endloop
  endfacet
  facet normal 0.722441 0.691432 0
    outer loop
      vertex 12.8636 27.2941 3.2
      vertex 12.5938 27.576 0
      vertex 12.5938 27.576 3.2
    endloop
  endfacet
  facet normal 0.722441 0.691432 0
    outer loop
      vertex 12.5938 27.576 0
      vertex 12.8636 27.2941 3.2
      vertex 12.8636 27.2941 0
    endloop
  endfacet
  facet normal 0.0217841 0.999763 -0
    outer loop
      vertex 13.6108 27.1285 0
      vertex 13.2207 27.137 3.2
      vertex 13.6108 27.1285 3.2
    endloop
  endfacet
  facet normal 0.0217841 0.999763 0
    outer loop
      vertex 13.2207 27.137 3.2
      vertex 13.6108 27.1285 0
      vertex 13.2207 27.137 0
    endloop
  endfacet
  facet normal -0.915243 0.402902 0
    outer loop
      vertex 14.2563 27.5397 0
      vertex 14.4135 27.8968 3.2
      vertex 14.4135 27.8968 0
    endloop
  endfacet
  facet normal -0.915243 0.402902 0
    outer loop
      vertex 14.4135 27.8968 3.2
      vertex 14.2563 27.5397 0
      vertex 14.2563 27.5397 3.2
    endloop
  endfacet
  facet normal 0.896894 -0.442246 0
    outer loop
      vertex 9.53407 27.303 3.2
      vertex 9.70665 27.653 0
      vertex 9.70665 27.653 3.2
    endloop
  endfacet
  facet normal 0.896894 -0.442246 0
    outer loop
      vertex 9.70665 27.653 0
      vertex 9.53407 27.303 3.2
      vertex 9.53407 27.303 0
    endloop
  endfacet
  facet normal 0.659402 -0.75179 0
    outer loop
      vertex 9.70665 27.653 0
      vertex 10 27.9103 3.2
      vertex 9.70665 27.653 3.2
    endloop
  endfacet
  facet normal 0.659402 -0.75179 0
    outer loop
      vertex 10 27.9103 3.2
      vertex 9.70665 27.653 0
      vertex 10 27.9103 0
    endloop
  endfacet
  facet normal 0.99786 -0.0653876 0
    outer loop
      vertex 9.50856 26.9137 3.2
      vertex 9.53407 27.303 0
      vertex 9.53407 27.303 3.2
    endloop
  endfacet
  facet normal 0.99786 -0.0653876 0
    outer loop
      vertex 9.53407 27.303 0
      vertex 9.50856 26.9137 3.2
      vertex 9.50856 26.9137 0
    endloop
  endfacet
  facet normal -0.442287 -0.896874 0
    outer loop
      vertex 10.7588 28.0102 0
      vertex 11.1088 27.8376 3.2
      vertex 10.7588 28.0102 3.2
    endloop
  endfacet
  facet normal -0.442287 -0.896874 -0
    outer loop
      vertex 11.1088 27.8376 3.2
      vertex 10.7588 28.0102 0
      vertex 11.1088 27.8376 0
    endloop
  endfacet
  facet normal 0.0653621 0.997862 -0
    outer loop
      vertex 10.6305 26.0528 0
      vertex 10.2412 26.0783 3.2
      vertex 10.6305 26.0528 3.2
    endloop
  endfacet
  facet normal 0.0653621 0.997862 0
    outer loop
      vertex 10.2412 26.0783 3.2
      vertex 10.6305 26.0528 0
      vertex 10.2412 26.0783 0
    endloop
  endfacet
  facet normal 0.321374 -0.946952 0
    outer loop
      vertex 10 27.9103 0
      vertex 10.3695 28.0357 3.2
      vertex 10 27.9103 3.2
    endloop
  endfacet
  facet normal 0.321374 -0.946952 0
    outer loop
      vertex 10.3695 28.0357 3.2
      vertex 10 27.9103 0
      vertex 10.3695 28.0357 0
    endloop
  endfacet
  facet normal 0.442327 0.896854 -0
    outer loop
      vertex 10.2412 26.0783 0
      vertex 9.89124 26.2509 3.2
      vertex 10.2412 26.0783 3.2
    endloop
  endfacet
  facet normal 0.442327 0.896854 0
    outer loop
      vertex 9.89124 26.2509 3.2
      vertex 10.2412 26.0783 0
      vertex 9.89124 26.2509 0
    endloop
  endfacet
  facet normal -0.321374 0.946952 0
    outer loop
      vertex 11 26.1782 0
      vertex 10.6305 26.0528 3.2
      vertex 11 26.1782 3.2
    endloop
  endfacet
  facet normal -0.321374 0.946952 0
    outer loop
      vertex 10.6305 26.0528 3.2
      vertex 11 26.1782 0
      vertex 10.6305 26.0528 0
    endloop
  endfacet
  facet normal -0.0653621 -0.997862 0
    outer loop
      vertex 10.3695 28.0357 0
      vertex 10.7588 28.0102 3.2
      vertex 10.3695 28.0357 3.2
    endloop
  endfacet
  facet normal -0.0653621 -0.997862 -0
    outer loop
      vertex 10.7588 28.0102 3.2
      vertex 10.3695 28.0357 0
      vertex 10.7588 28.0102 0
    endloop
  endfacet
  facet normal -0.896925 0.442182 0
    outer loop
      vertex 11.2934 26.4355 0
      vertex 11.4659 26.7854 3.2
      vertex 11.4659 26.7854 0
    endloop
  endfacet
  facet normal -0.896925 0.442182 0
    outer loop
      vertex 11.4659 26.7854 3.2
      vertex 11.2934 26.4355 0
      vertex 11.2934 26.4355 3.2
    endloop
  endfacet
  facet normal -0.659339 0.751846 0
    outer loop
      vertex 11.2934 26.4355 0
      vertex 11 26.1782 3.2
      vertex 11.2934 26.4355 3.2
    endloop
  endfacet
  facet normal -0.659339 0.751846 0
    outer loop
      vertex 11 26.1782 3.2
      vertex 11.2934 26.4355 0
      vertex 11 26.1782 0
    endloop
  endfacet
  facet normal 0.751785 0.659408 0
    outer loop
      vertex 9.89124 26.2509 3.2
      vertex 9.63398 26.5442 0
      vertex 9.63398 26.5442 3.2
    endloop
  endfacet
  facet normal 0.751785 0.659408 0
    outer loop
      vertex 9.63398 26.5442 0
      vertex 9.89124 26.2509 3.2
      vertex 9.89124 26.2509 0
    endloop
  endfacet
  facet normal 0.946937 0.32142 0
    outer loop
      vertex 9.63398 26.5442 3.2
      vertex 9.50856 26.9137 0
      vertex 9.50856 26.9137 3.2
    endloop
  endfacet
  facet normal 0.946937 0.32142 0
    outer loop
      vertex 9.50856 26.9137 0
      vertex 9.63398 26.5442 3.2
      vertex 9.63398 26.5442 0
    endloop
  endfacet
  facet normal -0.751973 -0.659194 0
    outer loop
      vertex 11.366 27.5442 0
      vertex 11.1088 27.8376 3.2
      vertex 11.1088 27.8376 0
    endloop
  endfacet
  facet normal -0.751973 -0.659194 0
    outer loop
      vertex 11.1088 27.8376 3.2
      vertex 11.366 27.5442 0
      vertex 11.366 27.5442 3.2
    endloop
  endfacet
  facet normal -0.946926 -0.321452 0
    outer loop
      vertex 11.4914 27.1748 0
      vertex 11.366 27.5442 3.2
      vertex 11.366 27.5442 0
    endloop
  endfacet
  facet normal -0.946926 -0.321452 0
    outer loop
      vertex 11.366 27.5442 3.2
      vertex 11.4914 27.1748 0
      vertex 11.4914 27.1748 3.2
    endloop
  endfacet
  facet normal -0.997863 0.0653454 0
    outer loop
      vertex 11.4659 26.7854 0
      vertex 11.4914 27.1748 3.2
      vertex 11.4914 27.1748 0
    endloop
  endfacet
  facet normal -0.997863 0.0653454 0
    outer loop
      vertex 11.4914 27.1748 3.2
      vertex 11.4659 26.7854 0
      vertex 11.4659 26.7854 3.2
    endloop
  endfacet
  facet normal -0.779893 -0.625913 0
    outer loop
      vertex 8.99261 25.4968 0
      vertex 8.74839 25.8011 3.2
      vertex 8.74839 25.8011 0
    endloop
  endfacet
  facet normal -0.779893 -0.625913 0
    outer loop
      vertex 8.74839 25.8011 3.2
      vertex 8.99261 25.4968 0
      vertex 8.99261 25.4968 3.2
    endloop
  endfacet
  facet normal 0.99406 -0.108837 0
    outer loop
      vertex 7.10941 24.9479 3.2
      vertex 7.15188 25.3358 0
      vertex 7.15188 25.3358 3.2
    endloop
  endfacet
  facet normal 0.99406 -0.108837 0
    outer loop
      vertex 7.15188 25.3358 0
      vertex 7.10941 24.9479 3.2
      vertex 7.10941 24.9479 0
    endloop
  endfacet
  facet normal 0.876729 -0.480984 0
    outer loop
      vertex 7.15188 25.3358 3.2
      vertex 7.33956 25.6779 0
      vertex 7.33956 25.6779 3.2
    endloop
  endfacet
  facet normal 0.876729 -0.480984 0
    outer loop
      vertex 7.33956 25.6779 0
      vertex 7.15188 25.3358 3.2
      vertex 7.15188 25.3358 0
    endloop
  endfacet
  facet normal 0.960054 0.279815 0
    outer loop
      vertex 7.21859 24.5733 3.2
      vertex 7.10941 24.9479 0
      vertex 7.10941 24.9479 3.2
    endloop
  endfacet
  facet normal 0.960054 0.279815 0
    outer loop
      vertex 7.10941 24.9479 0
      vertex 7.21859 24.5733 3.2
      vertex 7.21859 24.5733 0
    endloop
  endfacet
  facet normal -0.108924 -0.99405 0
    outer loop
      vertex 8.01845 26.0313 0
      vertex 8.40631 25.9888 3.2
      vertex 8.01845 26.0313 3.2
    endloop
  endfacet
  facet normal -0.108924 -0.99405 -0
    outer loop
      vertex 8.40631 25.9888 3.2
      vertex 8.01845 26.0313 0
      vertex 8.40631 25.9888 0
    endloop
  endfacet
  facet normal -0.625895 0.779908 0
    outer loop
      vertex 8.87164 24.3923 0
      vertex 8.56735 24.1481 3.2
      vertex 8.87164 24.3923 3.2
    endloop
  endfacet
  facet normal -0.625895 0.779908 0
    outer loop
      vertex 8.56735 24.1481 3.2
      vertex 8.87164 24.3923 0
      vertex 8.56735 24.1481 0
    endloop
  endfacet
  facet normal 0.108921 0.99405 -0
    outer loop
      vertex 8.19276 24.0389 0
      vertex 7.80489 24.0814 3.2
      vertex 8.19276 24.0389 3.2
    endloop
  endfacet
  facet normal 0.108921 0.99405 0
    outer loop
      vertex 7.80489 24.0814 3.2
      vertex 8.19276 24.0389 0
      vertex 7.80489 24.0814 0
    endloop
  endfacet
  facet normal -0.279869 0.960038 0
    outer loop
      vertex 8.56735 24.1481 0
      vertex 8.19276 24.0389 3.2
      vertex 8.56735 24.1481 3.2
    endloop
  endfacet
  facet normal -0.279869 0.960038 0
    outer loop
      vertex 8.19276 24.0389 3.2
      vertex 8.56735 24.1481 0
      vertex 8.19276 24.0389 0
    endloop
  endfacet
  facet normal 0.480848 0.876804 -0
    outer loop
      vertex 7.80489 24.0814 0
      vertex 7.46281 24.269 3.2
      vertex 7.80489 24.0814 3.2
    endloop
  endfacet
  facet normal 0.480848 0.876804 0
    outer loop
      vertex 7.46281 24.269 3.2
      vertex 7.80489 24.0814 0
      vertex 7.46281 24.269 0
    endloop
  endfacet
  facet normal 0.279862 -0.96004 0
    outer loop
      vertex 7.64385 25.9221 0
      vertex 8.01845 26.0313 3.2
      vertex 7.64385 25.9221 3.2
    endloop
  endfacet
  facet normal 0.279862 -0.96004 0
    outer loop
      vertex 8.01845 26.0313 3.2
      vertex 7.64385 25.9221 0
      vertex 8.01845 26.0313 0
    endloop
  endfacet
  facet normal -0.481045 -0.876696 0
    outer loop
      vertex 8.40631 25.9888 0
      vertex 8.74839 25.8011 3.2
      vertex 8.40631 25.9888 3.2
    endloop
  endfacet
  facet normal -0.481045 -0.876696 -0
    outer loop
      vertex 8.74839 25.8011 3.2
      vertex 8.40631 25.9888 0
      vertex 8.74839 25.8011 0
    endloop
  endfacet
  facet normal 0.779893 0.625913 0
    outer loop
      vertex 7.46281 24.269 3.2
      vertex 7.21859 24.5733 0
      vertex 7.21859 24.5733 3.2
    endloop
  endfacet
  facet normal 0.779893 0.625913 0
    outer loop
      vertex 7.21859 24.5733 0
      vertex 7.46281 24.269 3.2
      vertex 7.46281 24.269 0
    endloop
  endfacet
  facet normal -0.960047 -0.279839 0
    outer loop
      vertex 9.1018 25.1222 0
      vertex 8.99261 25.4968 3.2
      vertex 8.99261 25.4968 0
    endloop
  endfacet
  facet normal -0.960047 -0.279839 0
    outer loop
      vertex 8.99261 25.4968 3.2
      vertex 9.1018 25.1222 0
      vertex 9.1018 25.1222 3.2
    endloop
  endfacet
  facet normal 0.625895 -0.779908 0
    outer loop
      vertex 7.33956 25.6779 0
      vertex 7.64385 25.9221 3.2
      vertex 7.33956 25.6779 3.2
    endloop
  endfacet
  facet normal 0.625895 -0.779908 0
    outer loop
      vertex 7.64385 25.9221 3.2
      vertex 7.33956 25.6779 0
      vertex 7.64385 25.9221 0
    endloop
  endfacet
  facet normal -0.994054 0.10889 0
    outer loop
      vertex 9.05932 24.7344 0
      vertex 9.1018 25.1222 3.2
      vertex 9.1018 25.1222 0
    endloop
  endfacet
  facet normal -0.994054 0.10889 0
    outer loop
      vertex 9.1018 25.1222 3.2
      vertex 9.05932 24.7344 0
      vertex 9.05932 24.7344 3.2
    endloop
  endfacet
  facet normal -0.876729 0.480984 0
    outer loop
      vertex 8.87164 24.3923 0
      vertex 9.05932 24.7344 3.2
      vertex 9.05932 24.7344 0
    endloop
  endfacet
  facet normal -0.876729 0.480984 0
    outer loop
      vertex 9.05932 24.7344 3.2
      vertex 8.87164 24.3923 0
      vertex 8.87164 24.3923 3.2
    endloop
  endfacet
  facet normal 0.152234 0.988344 -0
    outer loop
      vertex 6.58639 21.3291 0
      vertex 6.20075 21.3885 3.2
      vertex 6.58639 21.3291 3.2
    endloop
  endfacet
  facet normal 0.152234 0.988344 0
    outer loop
      vertex 6.20075 21.3885 3.2
      vertex 6.58639 21.3291 0
      vertex 6.20075 21.3885 0
    endloop
  endfacet
  facet normal 0.988361 -0.152125 0
    outer loop
      vertex 5.54372 22.2846 3.2
      vertex 5.60307 22.6702 0
      vertex 5.60307 22.6702 3.2
    endloop
  endfacet
  facet normal 0.988361 -0.152125 0
    outer loop
      vertex 5.60307 22.6702 0
      vertex 5.54372 22.2846 3.2
      vertex 5.54372 22.2846 0
    endloop
  endfacet
  facet normal 0.518745 0.854929 -0
    outer loop
      vertex 6.20075 21.3885 0
      vertex 5.86718 21.5909 3.2
      vertex 6.20075 21.3885 3.2
    endloop
  endfacet
  facet normal 0.518745 0.854929 0
    outer loop
      vertex 5.86718 21.5909 3.2
      vertex 6.20075 21.3885 0
      vertex 5.86718 21.5909 0
    endloop
  endfacet
  facet normal -0.518745 -0.854929 0
    outer loop
      vertex 6.88479 23.2679 0
      vertex 7.21836 23.0655 3.2
      vertex 6.88479 23.2679 3.2
    endloop
  endfacet
  facet normal -0.518745 -0.854929 -0
    outer loop
      vertex 7.21836 23.0655 3.2
      vertex 6.88479 23.2679 0
      vertex 7.21836 23.0655 0
    endloop
  endfacet
  facet normal -0.237829 0.971307 0
    outer loop
      vertex 6.96539 21.4219 0
      vertex 6.58639 21.3291 3.2
      vertex 6.96539 21.4219 3.2
    endloop
  endfacet
  facet normal -0.237829 0.971307 0
    outer loop
      vertex 6.58639 21.3291 3.2
      vertex 6.96539 21.4219 0
      vertex 6.58639 21.3291 0
    endloop
  endfacet
  facet normal 0.854927 -0.518748 0
    outer loop
      vertex 5.60307 22.6702 3.2
      vertex 5.80549 23.0038 0
      vertex 5.80549 23.0038 3.2
    endloop
  endfacet
  facet normal 0.854927 -0.518748 0
    outer loop
      vertex 5.80549 23.0038 0
      vertex 5.60307 22.6702 3.2
      vertex 5.60307 22.6702 0
    endloop
  endfacet
  facet normal 0.237587 -0.971366 0
    outer loop
      vertex 6.12015 23.2345 0
      vertex 6.49915 23.3272 3.2
      vertex 6.12015 23.2345 3.2
    endloop
  endfacet
  facet normal 0.237587 -0.971366 0
    outer loop
      vertex 6.49915 23.3272 3.2
      vertex 6.12015 23.2345 0
      vertex 6.49915 23.3272 0
    endloop
  endfacet
  facet normal -0.971342 -0.237684 0
    outer loop
      vertex 7.54181 22.3718 0
      vertex 7.44907 22.7508 3.2
      vertex 7.44907 22.7508 0
    endloop
  endfacet
  facet normal -0.971342 -0.237684 0
    outer loop
      vertex 7.44907 22.7508 3.2
      vertex 7.54181 22.3718 0
      vertex 7.54181 22.3718 3.2
    endloop
  endfacet
  facet normal 0.971342 0.237684 0
    outer loop
      vertex 5.63646 21.9056 3.2
      vertex 5.54372 22.2846 0
      vertex 5.54372 22.2846 3.2
    endloop
  endfacet
  facet normal 0.971342 0.237684 0
    outer loop
      vertex 5.54372 22.2846 0
      vertex 5.63646 21.9056 3.2
      vertex 5.63646 21.9056 0
    endloop
  endfacet
  facet normal 0.591279 -0.806467 0
    outer loop
      vertex 5.80549 23.0038 0
      vertex 6.12015 23.2345 3.2
      vertex 5.80549 23.0038 3.2
    endloop
  endfacet
  facet normal 0.591279 -0.806467 0
    outer loop
      vertex 6.12015 23.2345 3.2
      vertex 5.80549 23.0038 0
      vertex 6.12015 23.2345 0
    endloop
  endfacet
  facet normal -0.591291 0.806458 0
    outer loop
      vertex 7.28004 21.6526 0
      vertex 6.96539 21.4219 3.2
      vertex 7.28004 21.6526 3.2
    endloop
  endfacet
  facet normal -0.591291 0.806458 0
    outer loop
      vertex 6.96539 21.4219 3.2
      vertex 7.28004 21.6526 0
      vertex 6.96539 21.4219 0
    endloop
  endfacet
  facet normal -0.854927 0.518748 0
    outer loop
      vertex 7.28004 21.6526 0
      vertex 7.48246 21.9862 3.2
      vertex 7.48246 21.9862 0
    endloop
  endfacet
  facet normal -0.854927 0.518748 0
    outer loop
      vertex 7.48246 21.9862 3.2
      vertex 7.28004 21.6526 0
      vertex 7.28004 21.6526 3.2
    endloop
  endfacet
  facet normal -0.988361 0.152125 0
    outer loop
      vertex 7.48246 21.9862 0
      vertex 7.54181 22.3718 3.2
      vertex 7.54181 22.3718 0
    endloop
  endfacet
  facet normal -0.988361 0.152125 0
    outer loop
      vertex 7.54181 22.3718 3.2
      vertex 7.48246 21.9862 0
      vertex 7.48246 21.9862 3.2
    endloop
  endfacet
  facet normal 0.806478 0.591264 0
    outer loop
      vertex 5.86718 21.5909 3.2
      vertex 5.63646 21.9056 0
      vertex 5.63646 21.9056 3.2
    endloop
  endfacet
  facet normal 0.806478 0.591264 0
    outer loop
      vertex 5.63646 21.9056 0
      vertex 5.86718 21.5909 3.2
      vertex 5.86718 21.5909 0
    endloop
  endfacet
  facet normal -0.151984 -0.988383 0
    outer loop
      vertex 6.49915 23.3272 0
      vertex 6.88479 23.2679 3.2
      vertex 6.49915 23.3272 3.2
    endloop
  endfacet
  facet normal -0.151984 -0.988383 -0
    outer loop
      vertex 6.88479 23.2679 3.2
      vertex 6.49915 23.3272 0
      vertex 6.88479 23.2679 0
    endloop
  endfacet
  facet normal -0.806491 -0.591247 0
    outer loop
      vertex 7.44907 22.7508 0
      vertex 7.21836 23.0655 3.2
      vertex 7.21836 23.0655 0
    endloop
  endfacet
  facet normal -0.806491 -0.591247 0
    outer loop
      vertex 7.21836 23.0655 3.2
      vertex 7.44907 22.7508 0
      vertex 7.44907 22.7508 3.2
    endloop
  endfacet
  facet normal -0.195042 -0.980795 0
    outer loop
      vertex 6 20.25 0
      vertex 6.38268 20.1739 3.2
      vertex 6 20.25 3.2
    endloop
  endfacet
  facet normal -0.195042 -0.980795 -0
    outer loop
      vertex 6.38268 20.1739 3.2
      vertex 6 20.25 0
      vertex 6.38268 20.1739 0
    endloop
  endfacet
  facet normal 0.555611 0.831443 -0
    outer loop
      vertex 5.61732 18.3261 0
      vertex 5.29289 18.5429 3.2
      vertex 5.61732 18.3261 3.2
    endloop
  endfacet
  facet normal 0.555611 0.831443 0
    outer loop
      vertex 5.29289 18.5429 3.2
      vertex 5.61732 18.3261 0
      vertex 5.29289 18.5429 0
    endloop
  endfacet
  facet normal -0.980787 -0.195081 0
    outer loop
      vertex 7 19.25 0
      vertex 6.92388 19.6327 3.2
      vertex 6.92388 19.6327 0
    endloop
  endfacet
  facet normal -0.980787 -0.195081 0
    outer loop
      vertex 6.92388 19.6327 3.2
      vertex 7 19.25 0
      vertex 7 19.25 3.2
    endloop
  endfacet
  facet normal 0.555611 -0.831443 0
    outer loop
      vertex 5.29289 19.9571 0
      vertex 5.61732 20.1739 3.2
      vertex 5.29289 19.9571 3.2
    endloop
  endfacet
  facet normal 0.555611 -0.831443 0
    outer loop
      vertex 5.61732 20.1739 3.2
      vertex 5.29289 19.9571 0
      vertex 5.61732 20.1739 0
    endloop
  endfacet
  facet normal 0.980787 0.195081 0
    outer loop
      vertex 5.07612 18.8673 3.2
      vertex 5 19.25 0
      vertex 5 19.25 3.2
    endloop
  endfacet
  facet normal 0.980787 0.195081 0
    outer loop
      vertex 5 19.25 0
      vertex 5.07612 18.8673 3.2
      vertex 5.07612 18.8673 0
    endloop
  endfacet
  facet normal 0.195042 -0.980795 0
    outer loop
      vertex 5.61732 20.1739 0
      vertex 6 20.25 3.2
      vertex 5.61732 20.1739 3.2
    endloop
  endfacet
  facet normal 0.195042 -0.980795 0
    outer loop
      vertex 6 20.25 3.2
      vertex 5.61732 20.1739 0
      vertex 6 20.25 0
    endloop
  endfacet
  facet normal -0.831454 0.555593 0
    outer loop
      vertex 6.70711 18.5429 0
      vertex 6.92388 18.8673 3.2
      vertex 6.92388 18.8673 0
    endloop
  endfacet
  facet normal -0.831454 0.555593 0
    outer loop
      vertex 6.92388 18.8673 3.2
      vertex 6.70711 18.5429 0
      vertex 6.70711 18.5429 3.2
    endloop
  endfacet
  facet normal -0.555611 0.831443 0
    outer loop
      vertex 6.70711 18.5429 0
      vertex 6.38268 18.3261 3.2
      vertex 6.70711 18.5429 3.2
    endloop
  endfacet
  facet normal -0.555611 0.831443 0
    outer loop
      vertex 6.38268 18.3261 3.2
      vertex 6.70711 18.5429 0
      vertex 6.38268 18.3261 0
    endloop
  endfacet
  facet normal 0.980787 -0.195081 0
    outer loop
      vertex 5 19.25 3.2
      vertex 5.07612 19.6327 0
      vertex 5.07612 19.6327 3.2
    endloop
  endfacet
  facet normal 0.980787 -0.195081 0
    outer loop
      vertex 5.07612 19.6327 0
      vertex 5 19.25 3.2
      vertex 5 19.25 0
    endloop
  endfacet
  facet normal 0.831454 0.555593 0
    outer loop
      vertex 5.29289 18.5429 3.2
      vertex 5.07612 18.8673 0
      vertex 5.07612 18.8673 3.2
    endloop
  endfacet
  facet normal 0.831454 0.555593 0
    outer loop
      vertex 5.07612 18.8673 0
      vertex 5.29289 18.5429 3.2
      vertex 5.29289 18.5429 0
    endloop
  endfacet
  facet normal 0.831454 -0.555593 0
    outer loop
      vertex 5.07612 19.6327 3.2
      vertex 5.29289 19.9571 0
      vertex 5.29289 19.9571 3.2
    endloop
  endfacet
  facet normal 0.831454 -0.555593 0
    outer loop
      vertex 5.29289 19.9571 0
      vertex 5.07612 19.6327 3.2
      vertex 5.07612 19.6327 0
    endloop
  endfacet
  facet normal -0.980787 0.195081 0
    outer loop
      vertex 6.92388 18.8673 0
      vertex 7 19.25 3.2
      vertex 7 19.25 0
    endloop
  endfacet
  facet normal -0.980787 0.195081 0
    outer loop
      vertex 7 19.25 3.2
      vertex 6.92388 18.8673 0
      vertex 6.92388 18.8673 3.2
    endloop
  endfacet
  facet normal -0.831454 -0.555593 0
    outer loop
      vertex 6.92388 19.6327 0
      vertex 6.70711 19.9571 3.2
      vertex 6.70711 19.9571 0
    endloop
  endfacet
  facet normal -0.831454 -0.555593 0
    outer loop
      vertex 6.70711 19.9571 3.2
      vertex 6.92388 19.6327 0
      vertex 6.92388 19.6327 3.2
    endloop
  endfacet
  facet normal -0.195042 0.980795 0
    outer loop
      vertex 6.38268 18.3261 0
      vertex 6 18.25 3.2
      vertex 6.38268 18.3261 3.2
    endloop
  endfacet
  facet normal -0.195042 0.980795 0
    outer loop
      vertex 6 18.25 3.2
      vertex 6.38268 18.3261 0
      vertex 6 18.25 0
    endloop
  endfacet
  facet normal 0.195042 0.980795 -0
    outer loop
      vertex 6 18.25 0
      vertex 5.61732 18.3261 3.2
      vertex 6 18.25 3.2
    endloop
  endfacet
  facet normal 0.195042 0.980795 0
    outer loop
      vertex 5.61732 18.3261 3.2
      vertex 6 18.25 0
      vertex 5.61732 18.3261 0
    endloop
  endfacet
  facet normal -0.555611 -0.831443 0
    outer loop
      vertex 6.38268 20.1739 0
      vertex 6.70711 19.9571 3.2
      vertex 6.38268 20.1739 3.2
    endloop
  endfacet
  facet normal -0.555611 -0.831443 -0
    outer loop
      vertex 6.70711 19.9571 3.2
      vertex 6.38268 20.1739 0
      vertex 6.70711 19.9571 0
    endloop
  endfacet
  facet normal -0.518745 0.854929 0
    outer loop
      vertex 7.21836 15.4345 0
      vertex 6.88479 15.2321 3.2
      vertex 7.21836 15.4345 3.2
    endloop
  endfacet
  facet normal -0.518745 0.854929 0
    outer loop
      vertex 6.88479 15.2321 3.2
      vertex 7.21836 15.4345 0
      vertex 6.88479 15.2321 0
    endloop
  endfacet
  facet normal 0.591279 0.806467 -0
    outer loop
      vertex 6.12015 15.2655 0
      vertex 5.80549 15.4962 3.2
      vertex 6.12015 15.2655 3.2
    endloop
  endfacet
  facet normal 0.591279 0.806467 0
    outer loop
      vertex 5.80549 15.4962 3.2
      vertex 6.12015 15.2655 0
      vertex 5.80549 15.4962 0
    endloop
  endfacet
  facet normal 0.237587 0.971366 -0
    outer loop
      vertex 6.49915 15.1728 0
      vertex 6.12015 15.2655 3.2
      vertex 6.49915 15.1728 3.2
    endloop
  endfacet
  facet normal 0.237587 0.971366 0
    outer loop
      vertex 6.12015 15.2655 3.2
      vertex 6.49915 15.1728 0
      vertex 6.12015 15.2655 0
    endloop
  endfacet
  facet normal -0.151984 0.988383 0
    outer loop
      vertex 6.88479 15.2321 0
      vertex 6.49915 15.1728 3.2
      vertex 6.88479 15.2321 3.2
    endloop
  endfacet
  facet normal -0.151984 0.988383 0
    outer loop
      vertex 6.49915 15.1728 3.2
      vertex 6.88479 15.2321 0
      vertex 6.49915 15.1728 0
    endloop
  endfacet
  facet normal 0.854927 0.518748 0
    outer loop
      vertex 5.80549 15.4962 3.2
      vertex 5.60307 15.8298 0
      vertex 5.60307 15.8298 3.2
    endloop
  endfacet
  facet normal 0.854927 0.518748 0
    outer loop
      vertex 5.60307 15.8298 0
      vertex 5.80549 15.4962 3.2
      vertex 5.80549 15.4962 0
    endloop
  endfacet
  facet normal -0.971342 0.237684 0
    outer loop
      vertex 7.44907 15.7492 0
      vertex 7.54181 16.1282 3.2
      vertex 7.54181 16.1282 0
    endloop
  endfacet
  facet normal -0.971342 0.237684 0
    outer loop
      vertex 7.54181 16.1282 3.2
      vertex 7.44907 15.7492 0
      vertex 7.44907 15.7492 3.2
    endloop
  endfacet
  facet normal -0.591291 -0.806458 0
    outer loop
      vertex 6.96539 17.0781 0
      vertex 7.28004 16.8474 3.2
      vertex 6.96539 17.0781 3.2
    endloop
  endfacet
  facet normal -0.591291 -0.806458 -0
    outer loop
      vertex 7.28004 16.8474 3.2
      vertex 6.96539 17.0781 0
      vertex 7.28004 16.8474 0
    endloop
  endfacet
  facet normal -0.237829 -0.971307 0
    outer loop
      vertex 6.58639 17.1709 0
      vertex 6.96539 17.0781 3.2
      vertex 6.58639 17.1709 3.2
    endloop
  endfacet
  facet normal -0.237829 -0.971307 -0
    outer loop
      vertex 6.96539 17.0781 3.2
      vertex 6.58639 17.1709 0
      vertex 6.96539 17.0781 0
    endloop
  endfacet
  facet normal 0.806478 -0.591264 0
    outer loop
      vertex 5.63646 16.5944 3.2
      vertex 5.86718 16.9091 0
      vertex 5.86718 16.9091 3.2
    endloop
  endfacet
  facet normal 0.806478 -0.591264 0
    outer loop
      vertex 5.86718 16.9091 0
      vertex 5.63646 16.5944 3.2
      vertex 5.63646 16.5944 0
    endloop
  endfacet
  facet normal 0.971342 -0.237684 0
    outer loop
      vertex 5.54372 16.2154 3.2
      vertex 5.63646 16.5944 0
      vertex 5.63646 16.5944 3.2
    endloop
  endfacet
  facet normal 0.971342 -0.237684 0
    outer loop
      vertex 5.63646 16.5944 0
      vertex 5.54372 16.2154 3.2
      vertex 5.54372 16.2154 0
    endloop
  endfacet
  facet normal 0.988361 0.152125 0
    outer loop
      vertex 5.60307 15.8298 3.2
      vertex 5.54372 16.2154 0
      vertex 5.54372 16.2154 3.2
    endloop
  endfacet
  facet normal 0.988361 0.152125 0
    outer loop
      vertex 5.54372 16.2154 0
      vertex 5.60307 15.8298 3.2
      vertex 5.60307 15.8298 0
    endloop
  endfacet
  facet normal 0.518745 -0.854929 0
    outer loop
      vertex 5.86718 16.9091 0
      vertex 6.20075 17.1115 3.2
      vertex 5.86718 16.9091 3.2
    endloop
  endfacet
  facet normal 0.518745 -0.854929 0
    outer loop
      vertex 6.20075 17.1115 3.2
      vertex 5.86718 16.9091 0
      vertex 6.20075 17.1115 0
    endloop
  endfacet
  facet normal -0.854927 -0.518748 0
    outer loop
      vertex 7.48246 16.5138 0
      vertex 7.28004 16.8474 3.2
      vertex 7.28004 16.8474 0
    endloop
  endfacet
  facet normal -0.854927 -0.518748 0
    outer loop
      vertex 7.28004 16.8474 3.2
      vertex 7.48246 16.5138 0
      vertex 7.48246 16.5138 3.2
    endloop
  endfacet
  facet normal -0.988361 -0.152125 0
    outer loop
      vertex 7.54181 16.1282 0
      vertex 7.48246 16.5138 3.2
      vertex 7.48246 16.5138 0
    endloop
  endfacet
  facet normal -0.988361 -0.152125 0
    outer loop
      vertex 7.48246 16.5138 3.2
      vertex 7.54181 16.1282 0
      vertex 7.54181 16.1282 3.2
    endloop
  endfacet
  facet normal -0.806491 0.591247 0
    outer loop
      vertex 7.21836 15.4345 0
      vertex 7.44907 15.7492 3.2
      vertex 7.44907 15.7492 0
    endloop
  endfacet
  facet normal -0.806491 0.591247 0
    outer loop
      vertex 7.44907 15.7492 3.2
      vertex 7.21836 15.4345 0
      vertex 7.21836 15.4345 3.2
    endloop
  endfacet
  facet normal 0.152234 -0.988344 0
    outer loop
      vertex 6.20075 17.1115 0
      vertex 6.58639 17.1709 3.2
      vertex 6.20075 17.1115 3.2
    endloop
  endfacet
  facet normal 0.152234 -0.988344 0
    outer loop
      vertex 6.58639 17.1709 3.2
      vertex 6.20075 17.1115 0
      vertex 6.58639 17.1709 0
    endloop
  endfacet
  facet normal -0.108924 0.99405 0
    outer loop
      vertex 8.40631 12.5112 0
      vertex 8.01845 12.4687 3.2
      vertex 8.40631 12.5112 3.2
    endloop
  endfacet
  facet normal -0.108924 0.99405 0
    outer loop
      vertex 8.01845 12.4687 3.2
      vertex 8.40631 12.5112 0
      vertex 8.01845 12.4687 0
    endloop
  endfacet
  facet normal 0.960054 -0.279815 0
    outer loop
      vertex 7.10941 13.5521 3.2
      vertex 7.21859 13.9267 0
      vertex 7.21859 13.9267 3.2
    endloop
  endfacet
  facet normal 0.960054 -0.279815 0
    outer loop
      vertex 7.21859 13.9267 0
      vertex 7.10941 13.5521 3.2
      vertex 7.10941 13.5521 0
    endloop
  endfacet
  facet normal -0.994054 -0.10889 0
    outer loop
      vertex 9.1018 13.3778 0
      vertex 9.05932 13.7656 3.2
      vertex 9.05932 13.7656 0
    endloop
  endfacet
  facet normal -0.994054 -0.10889 0
    outer loop
      vertex 9.05932 13.7656 3.2
      vertex 9.1018 13.3778 0
      vertex 9.1018 13.3778 3.2
    endloop
  endfacet
  facet normal 0.625895 0.779908 -0
    outer loop
      vertex 7.64385 12.5779 0
      vertex 7.33956 12.8221 3.2
      vertex 7.64385 12.5779 3.2
    endloop
  endfacet
  facet normal 0.625895 0.779908 0
    outer loop
      vertex 7.33956 12.8221 3.2
      vertex 7.64385 12.5779 0
      vertex 7.33956 12.8221 0
    endloop
  endfacet
  facet normal 0.876729 0.480984 0
    outer loop
      vertex 7.33956 12.8221 3.2
      vertex 7.15188 13.1642 0
      vertex 7.15188 13.1642 3.2
    endloop
  endfacet
  facet normal 0.876729 0.480984 0
    outer loop
      vertex 7.15188 13.1642 0
      vertex 7.33956 12.8221 3.2
      vertex 7.33956 12.8221 0
    endloop
  endfacet
  facet normal -0.960047 0.279839 0
    outer loop
      vertex 8.99261 13.0032 0
      vertex 9.1018 13.3778 3.2
      vertex 9.1018 13.3778 0
    endloop
  endfacet
  facet normal -0.960047 0.279839 0
    outer loop
      vertex 9.1018 13.3778 3.2
      vertex 8.99261 13.0032 0
      vertex 8.99261 13.0032 3.2
    endloop
  endfacet
  facet normal 0.279862 0.96004 -0
    outer loop
      vertex 8.01845 12.4687 0
      vertex 7.64385 12.5779 3.2
      vertex 8.01845 12.4687 3.2
    endloop
  endfacet
  facet normal 0.279862 0.96004 0
    outer loop
      vertex 7.64385 12.5779 3.2
      vertex 8.01845 12.4687 0
      vertex 7.64385 12.5779 0
    endloop
  endfacet
  facet normal 0.99406 0.108837 0
    outer loop
      vertex 7.15188 13.1642 3.2
      vertex 7.10941 13.5521 0
      vertex 7.10941 13.5521 3.2
    endloop
  endfacet
  facet normal 0.99406 0.108837 0
    outer loop
      vertex 7.10941 13.5521 0
      vertex 7.15188 13.1642 3.2
      vertex 7.15188 13.1642 0
    endloop
  endfacet
  facet normal -0.279869 -0.960038 0
    outer loop
      vertex 8.19276 14.4611 0
      vertex 8.56735 14.3519 3.2
      vertex 8.19276 14.4611 3.2
    endloop
  endfacet
  facet normal -0.279869 -0.960038 -0
    outer loop
      vertex 8.56735 14.3519 3.2
      vertex 8.19276 14.4611 0
      vertex 8.56735 14.3519 0
    endloop
  endfacet
  facet normal -0.625895 -0.779908 0
    outer loop
      vertex 8.56735 14.3519 0
      vertex 8.87164 14.1077 3.2
      vertex 8.56735 14.3519 3.2
    endloop
  endfacet
  facet normal -0.625895 -0.779908 -0
    outer loop
      vertex 8.87164 14.1077 3.2
      vertex 8.56735 14.3519 0
      vertex 8.87164 14.1077 0
    endloop
  endfacet
  facet normal -0.779893 0.625913 0
    outer loop
      vertex 8.74839 12.6989 0
      vertex 8.99261 13.0032 3.2
      vertex 8.99261 13.0032 0
    endloop
  endfacet
  facet normal -0.779893 0.625913 0
    outer loop
      vertex 8.99261 13.0032 3.2
      vertex 8.74839 12.6989 0
      vertex 8.74839 12.6989 3.2
    endloop
  endfacet
  facet normal -0.481045 0.876696 0
    outer loop
      vertex 8.74839 12.6989 0
      vertex 8.40631 12.5112 3.2
      vertex 8.74839 12.6989 3.2
    endloop
  endfacet
  facet normal -0.481045 0.876696 0
    outer loop
      vertex 8.40631 12.5112 3.2
      vertex 8.74839 12.6989 0
      vertex 8.40631 12.5112 0
    endloop
  endfacet
  facet normal -0.876729 -0.480984 0
    outer loop
      vertex 9.05932 13.7656 0
      vertex 8.87164 14.1077 3.2
      vertex 8.87164 14.1077 0
    endloop
  endfacet
  facet normal -0.876729 -0.480984 0
    outer loop
      vertex 8.87164 14.1077 3.2
      vertex 9.05932 13.7656 0
      vertex 9.05932 13.7656 3.2
    endloop
  endfacet
  facet normal 0.779893 -0.625913 0
    outer loop
      vertex 7.21859 13.9267 3.2
      vertex 7.46281 14.231 0
      vertex 7.46281 14.231 3.2
    endloop
  endfacet
  facet normal 0.779893 -0.625913 0
    outer loop
      vertex 7.46281 14.231 0
      vertex 7.21859 13.9267 3.2
      vertex 7.21859 13.9267 0
    endloop
  endfacet
  facet normal 0.480848 -0.876804 0
    outer loop
      vertex 7.46281 14.231 0
      vertex 7.80489 14.4186 3.2
      vertex 7.46281 14.231 3.2
    endloop
  endfacet
  facet normal 0.480848 -0.876804 0
    outer loop
      vertex 7.80489 14.4186 3.2
      vertex 7.46281 14.231 0
      vertex 7.80489 14.4186 0
    endloop
  endfacet
  facet normal 0.108921 -0.99405 0
    outer loop
      vertex 7.80489 14.4186 0
      vertex 8.19276 14.4611 3.2
      vertex 7.80489 14.4186 3.2
    endloop
  endfacet
  facet normal 0.108921 -0.99405 0
    outer loop
      vertex 8.19276 14.4611 3.2
      vertex 7.80489 14.4186 0
      vertex 8.19276 14.4611 0
    endloop
  endfacet
  facet normal -0.442287 0.896874 0
    outer loop
      vertex 11.1088 10.6624 0
      vertex 10.7588 10.4898 3.2
      vertex 11.1088 10.6624 3.2
    endloop
  endfacet
  facet normal -0.442287 0.896874 0
    outer loop
      vertex 10.7588 10.4898 3.2
      vertex 11.1088 10.6624 0
      vertex 10.7588 10.4898 0
    endloop
  endfacet
  facet normal -0.321374 -0.946952 0
    outer loop
      vertex 10.6305 12.4472 0
      vertex 11 12.3218 3.2
      vertex 10.6305 12.4472 3.2
    endloop
  endfacet
  facet normal -0.321374 -0.946952 -0
    outer loop
      vertex 11 12.3218 3.2
      vertex 10.6305 12.4472 0
      vertex 11 12.3218 0
    endloop
  endfacet
  facet normal 0.99786 0.0653876 0
    outer loop
      vertex 9.53407 11.197 3.2
      vertex 9.50856 11.5863 0
      vertex 9.50856 11.5863 3.2
    endloop
  endfacet
  facet normal 0.99786 0.0653876 0
    outer loop
      vertex 9.50856 11.5863 0
      vertex 9.53407 11.197 3.2
      vertex 9.53407 11.197 0
    endloop
  endfacet
  facet normal -0.896925 -0.442182 0
    outer loop
      vertex 11.4659 11.7146 0
      vertex 11.2934 12.0645 3.2
      vertex 11.2934 12.0645 0
    endloop
  endfacet
  facet normal -0.896925 -0.442182 0
    outer loop
      vertex 11.2934 12.0645 3.2
      vertex 11.4659 11.7146 0
      vertex 11.4659 11.7146 3.2
    endloop
  endfacet
  facet normal 0.321374 0.946952 -0
    outer loop
      vertex 10.3695 10.4643 0
      vertex 10 10.5897 3.2
      vertex 10.3695 10.4643 3.2
    endloop
  endfacet
  facet normal 0.321374 0.946952 0
    outer loop
      vertex 10 10.5897 3.2
      vertex 10.3695 10.4643 0
      vertex 10 10.5897 0
    endloop
  endfacet
  facet normal -0.997863 -0.0653454 0
    outer loop
      vertex 11.4914 11.3252 0
      vertex 11.4659 11.7146 3.2
      vertex 11.4659 11.7146 0
    endloop
  endfacet
  facet normal -0.997863 -0.0653454 0
    outer loop
      vertex 11.4659 11.7146 3.2
      vertex 11.4914 11.3252 0
      vertex 11.4914 11.3252 3.2
    endloop
  endfacet
  facet normal 0.751785 -0.659408 0
    outer loop
      vertex 9.63398 11.9558 3.2
      vertex 9.89124 12.2491 0
      vertex 9.89124 12.2491 3.2
    endloop
  endfacet
  facet normal 0.751785 -0.659408 0
    outer loop
      vertex 9.89124 12.2491 0
      vertex 9.63398 11.9558 3.2
      vertex 9.63398 11.9558 0
    endloop
  endfacet
  facet normal -0.0653621 0.997862 0
    outer loop
      vertex 10.7588 10.4898 0
      vertex 10.3695 10.4643 3.2
      vertex 10.7588 10.4898 3.2
    endloop
  endfacet
  facet normal -0.0653621 0.997862 0
    outer loop
      vertex 10.3695 10.4643 3.2
      vertex 10.7588 10.4898 0
      vertex 10.3695 10.4643 0
    endloop
  endfacet
  facet normal 0.896894 0.442246 0
    outer loop
      vertex 9.70665 10.847 3.2
      vertex 9.53407 11.197 0
      vertex 9.53407 11.197 3.2
    endloop
  endfacet
  facet normal 0.896894 0.442246 0
    outer loop
      vertex 9.53407 11.197 0
      vertex 9.70665 10.847 3.2
      vertex 9.70665 10.847 0
    endloop
  endfacet
  facet normal 0.659402 0.75179 -0
    outer loop
      vertex 10 10.5897 0
      vertex 9.70665 10.847 3.2
      vertex 10 10.5897 3.2
    endloop
  endfacet
  facet normal 0.659402 0.75179 0
    outer loop
      vertex 9.70665 10.847 3.2
      vertex 10 10.5897 0
      vertex 9.70665 10.847 0
    endloop
  endfacet
  facet normal 0.0653621 -0.997862 0
    outer loop
      vertex 10.2412 12.4217 0
      vertex 10.6305 12.4472 3.2
      vertex 10.2412 12.4217 3.2
    endloop
  endfacet
  facet normal 0.0653621 -0.997862 0
    outer loop
      vertex 10.6305 12.4472 3.2
      vertex 10.2412 12.4217 0
      vertex 10.6305 12.4472 0
    endloop
  endfacet
  facet normal 0.946937 -0.32142 0
    outer loop
      vertex 9.50856 11.5863 3.2
      vertex 9.63398 11.9558 0
      vertex 9.63398 11.9558 3.2
    endloop
  endfacet
  facet normal 0.946937 -0.32142 0
    outer loop
      vertex 9.63398 11.9558 0
      vertex 9.50856 11.5863 3.2
      vertex 9.50856 11.5863 0
    endloop
  endfacet
  facet normal -0.659339 -0.751846 0
    outer loop
      vertex 11 12.3218 0
      vertex 11.2934 12.0645 3.2
      vertex 11 12.3218 3.2
    endloop
  endfacet
  facet normal -0.659339 -0.751846 -0
    outer loop
      vertex 11.2934 12.0645 3.2
      vertex 11 12.3218 0
      vertex 11.2934 12.0645 0
    endloop
  endfacet
  facet normal -0.946926 0.321452 0
    outer loop
      vertex 11.366 10.9558 0
      vertex 11.4914 11.3252 3.2
      vertex 11.4914 11.3252 0
    endloop
  endfacet
  facet normal -0.946926 0.321452 0
    outer loop
      vertex 11.4914 11.3252 3.2
      vertex 11.366 10.9558 0
      vertex 11.366 10.9558 3.2
    endloop
  endfacet
  facet normal -0.751973 0.659194 0
    outer loop
      vertex 11.1088 10.6624 0
      vertex 11.366 10.9558 3.2
      vertex 11.366 10.9558 0
    endloop
  endfacet
  facet normal -0.751973 0.659194 0
    outer loop
      vertex 11.366 10.9558 3.2
      vertex 11.1088 10.6624 0
      vertex 11.1088 10.6624 3.2
    endloop
  endfacet
  facet normal 0.442327 -0.896854 0
    outer loop
      vertex 9.89124 12.2491 0
      vertex 10.2412 12.4217 3.2
      vertex 9.89124 12.2491 3.2
    endloop
  endfacet
  facet normal 0.442327 -0.896854 0
    outer loop
      vertex 10.2412 12.4217 3.2
      vertex 9.89124 12.2491 0
      vertex 10.2412 12.4217 0
    endloop
  endfacet
  facet normal -0.402794 0.91529 0
    outer loop
      vertex 14.0107 9.56758 0
      vertex 13.6536 9.41043 3.2
      vertex 14.0107 9.56758 3.2
    endloop
  endfacet
  facet normal -0.402794 0.91529 0
    outer loop
      vertex 13.6536 9.41043 3.2
      vertex 14.0107 9.56758 0
      vertex 13.6536 9.41043 0
    endloop
  endfacet
  facet normal -0.722252 0.69163 0
    outer loop
      vertex 14.0107 9.56758 0
      vertex 14.2806 9.84943 3.2
      vertex 14.2806 9.84943 0
    endloop
  endfacet
  facet normal -0.722252 0.69163 0
    outer loop
      vertex 14.2806 9.84943 3.2
      vertex 14.0107 9.56758 0
      vertex 14.0107 9.56758 3.2
    endloop
  endfacet
  facet normal -0.932028 0.362386 0
    outer loop
      vertex 14.2806 9.84943 0
      vertex 14.422 10.2131 3.2
      vertex 14.422 10.2131 0
    endloop
  endfacet
  facet normal -0.932028 0.362386 0
    outer loop
      vertex 14.422 10.2131 3.2
      vertex 14.2806 9.84943 0
      vertex 14.2806 9.84943 3.2
    endloop
  endfacet
  facet normal -0.36236 -0.932038 0
    outer loop
      vertex 13.6108 11.3715 0
      vertex 13.9745 11.2301 3.2
      vertex 13.6108 11.3715 3.2
    endloop
  endfacet
  facet normal -0.36236 -0.932038 -0
    outer loop
      vertex 13.9745 11.2301 3.2
      vertex 13.6108 11.3715 0
      vertex 13.9745 11.2301 0
    endloop
  endfacet
  facet normal 0.362491 0.931987 -0
    outer loop
      vertex 13.2635 9.40192 0
      vertex 12.8999 9.54334 3.2
      vertex 13.2635 9.40192 3.2
    endloop
  endfacet
  facet normal 0.362491 0.931987 0
    outer loop
      vertex 12.8999 9.54334 3.2
      vertex 13.2635 9.40192 0
      vertex 12.8999 9.54334 0
    endloop
  endfacet
  facet normal -0.0218097 0.999762 0
    outer loop
      vertex 13.6536 9.41043 0
      vertex 13.2635 9.40192 3.2
      vertex 13.6536 9.41043 3.2
    endloop
  endfacet
  facet normal -0.0218097 0.999762 0
    outer loop
      vertex 13.2635 9.40192 3.2
      vertex 13.6536 9.41043 0
      vertex 13.2635 9.40192 0
    endloop
  endfacet
  facet normal -0.915243 -0.402902 0
    outer loop
      vertex 14.4135 10.6032 0
      vertex 14.2563 10.9603 3.2
      vertex 14.2563 10.9603 0
    endloop
  endfacet
  facet normal -0.915243 -0.402902 0
    outer loop
      vertex 14.2563 10.9603 3.2
      vertex 14.4135 10.6032 0
      vertex 14.4135 10.6032 3.2
    endloop
  endfacet
  facet normal 0.691445 0.722429 -0
    outer loop
      vertex 12.8999 9.54334 0
      vertex 12.618 9.81315 3.2
      vertex 12.8999 9.54334 3.2
    endloop
  endfacet
  facet normal 0.691445 0.722429 0
    outer loop
      vertex 12.618 9.81315 3.2
      vertex 12.8999 9.54334 0
      vertex 12.618 9.81315 0
    endloop
  endfacet
  facet normal -0.69156 -0.722319 0
    outer loop
      vertex 13.9745 11.2301 0
      vertex 14.2563 10.9603 3.2
      vertex 13.9745 11.2301 3.2
    endloop
  endfacet
  facet normal -0.69156 -0.722319 -0
    outer loop
      vertex 14.2563 10.9603 3.2
      vertex 13.9745 11.2301 0
      vertex 14.2563 10.9603 0
    endloop
  endfacet
  facet normal 0.999763 0.0217841 0
    outer loop
      vertex 12.4609 10.1703 3.2
      vertex 12.4524 10.5604 0
      vertex 12.4524 10.5604 3.2
    endloop
  endfacet
  facet normal 0.999763 0.0217841 0
    outer loop
      vertex 12.4524 10.5604 0
      vertex 12.4609 10.1703 3.2
      vertex 12.4609 10.1703 0
    endloop
  endfacet
  facet normal -0.999763 -0.0217841 0
    outer loop
      vertex 14.422 10.2131 0
      vertex 14.4135 10.6032 3.2
      vertex 14.4135 10.6032 0
    endloop
  endfacet
  facet normal -0.999763 -0.0217841 0
    outer loop
      vertex 14.4135 10.6032 3.2
      vertex 14.422 10.2131 0
      vertex 14.422 10.2131 3.2
    endloop
  endfacet
  facet normal 0.932005 -0.362446 0
    outer loop
      vertex 12.4524 10.5604 3.2
      vertex 12.5938 10.924 0
      vertex 12.5938 10.924 3.2
    endloop
  endfacet
  facet normal 0.932005 -0.362446 0
    outer loop
      vertex 12.5938 10.924 0
      vertex 12.4524 10.5604 3.2
      vertex 12.4524 10.5604 0
    endloop
  endfacet
  facet normal 0.722441 -0.691432 0
    outer loop
      vertex 12.5938 10.924 3.2
      vertex 12.8636 11.2059 0
      vertex 12.8636 11.2059 3.2
    endloop
  endfacet
  facet normal 0.722441 -0.691432 0
    outer loop
      vertex 12.8636 11.2059 0
      vertex 12.5938 10.924 3.2
      vertex 12.5938 10.924 0
    endloop
  endfacet
  facet normal 0.915358 0.40264 0
    outer loop
      vertex 12.618 9.81315 3.2
      vertex 12.4609 10.1703 0
      vertex 12.4609 10.1703 3.2
    endloop
  endfacet
  facet normal 0.915358 0.40264 0
    outer loop
      vertex 12.4609 10.1703 0
      vertex 12.618 9.81315 3.2
      vertex 12.618 9.81315 0
    endloop
  endfacet
  facet normal 0.0217841 -0.999763 0
    outer loop
      vertex 13.2207 11.363 0
      vertex 13.6108 11.3715 3.2
      vertex 13.2207 11.363 3.2
    endloop
  endfacet
  facet normal 0.0217841 -0.999763 0
    outer loop
      vertex 13.6108 11.3715 3.2
      vertex 13.2207 11.363 0
      vertex 13.6108 11.3715 0
    endloop
  endfacet
  facet normal 0.402687 -0.915338 0
    outer loop
      vertex 12.8636 11.2059 0
      vertex 13.2207 11.363 3.2
      vertex 12.8636 11.2059 3.2
    endloop
  endfacet
  facet normal 0.402687 -0.915338 0
    outer loop
      vertex 13.2207 11.363 3.2
      vertex 12.8636 11.2059 0
      vertex 13.2207 11.363 0
    endloop
  endfacet
  facet normal -0.915358 0.40264 0
    outer loop
      vertex 17.382 9.81315 0
      vertex 17.5391 10.1703 3.2
      vertex 17.5391 10.1703 0
    endloop
  endfacet
  facet normal -0.915358 0.40264 0
    outer loop
      vertex 17.5391 10.1703 3.2
      vertex 17.382 9.81315 0
      vertex 17.382 9.81315 3.2
    endloop
  endfacet
  facet normal 0.402794 0.91529 -0
    outer loop
      vertex 16.3464 9.41043 0
      vertex 15.9893 9.56758 3.2
      vertex 16.3464 9.41043 3.2
    endloop
  endfacet
  facet normal 0.402794 0.91529 0
    outer loop
      vertex 15.9893 9.56758 3.2
      vertex 16.3464 9.41043 0
      vertex 15.9893 9.56758 0
    endloop
  endfacet
  facet normal -0.932005 -0.362446 0
    outer loop
      vertex 17.5476 10.5604 0
      vertex 17.4062 10.924 3.2
      vertex 17.4062 10.924 0
    endloop
  endfacet
  facet normal -0.932005 -0.362446 0
    outer loop
      vertex 17.4062 10.924 3.2
      vertex 17.5476 10.5604 0
      vertex 17.5476 10.5604 3.2
    endloop
  endfacet
  facet normal -0.402687 -0.915338 0
    outer loop
      vertex 16.7793 11.363 0
      vertex 17.1364 11.2059 3.2
      vertex 16.7793 11.363 3.2
    endloop
  endfacet
  facet normal -0.402687 -0.915338 -0
    outer loop
      vertex 17.1364 11.2059 3.2
      vertex 16.7793 11.363 0
      vertex 17.1364 11.2059 0
    endloop
  endfacet
  facet normal -0.362491 0.931987 0
    outer loop
      vertex 17.1001 9.54334 0
      vertex 16.7365 9.40192 3.2
      vertex 17.1001 9.54334 3.2
    endloop
  endfacet
  facet normal -0.362491 0.931987 0
    outer loop
      vertex 16.7365 9.40192 3.2
      vertex 17.1001 9.54334 0
      vertex 16.7365 9.40192 0
    endloop
  endfacet
  facet normal -0.0217841 -0.999763 0
    outer loop
      vertex 16.3892 11.3715 0
      vertex 16.7793 11.363 3.2
      vertex 16.3892 11.3715 3.2
    endloop
  endfacet
  facet normal -0.0217841 -0.999763 -0
    outer loop
      vertex 16.7793 11.363 3.2
      vertex 16.3892 11.3715 0
      vertex 16.7793 11.363 0
    endloop
  endfacet
  facet normal 0.932028 0.362386 0
    outer loop
      vertex 15.7194 9.84943 3.2
      vertex 15.578 10.2131 0
      vertex 15.578 10.2131 3.2
    endloop
  endfacet
  facet normal 0.932028 0.362386 0
    outer loop
      vertex 15.578 10.2131 0
      vertex 15.7194 9.84943 3.2
      vertex 15.7194 9.84943 0
    endloop
  endfacet
  facet normal 0.36236 -0.932038 0
    outer loop
      vertex 16.0255 11.2301 0
      vertex 16.3892 11.3715 3.2
      vertex 16.0255 11.2301 3.2
    endloop
  endfacet
  facet normal 0.36236 -0.932038 0
    outer loop
      vertex 16.3892 11.3715 3.2
      vertex 16.0255 11.2301 0
      vertex 16.3892 11.3715 0
    endloop
  endfacet
  facet normal -0.999763 0.0217841 0
    outer loop
      vertex 17.5391 10.1703 0
      vertex 17.5476 10.5604 3.2
      vertex 17.5476 10.5604 0
    endloop
  endfacet
  facet normal -0.999763 0.0217841 0
    outer loop
      vertex 17.5476 10.5604 3.2
      vertex 17.5391 10.1703 0
      vertex 17.5391 10.1703 3.2
    endloop
  endfacet
  facet normal 0.999763 -0.0217841 0
    outer loop
      vertex 15.578 10.2131 3.2
      vertex 15.5865 10.6032 0
      vertex 15.5865 10.6032 3.2
    endloop
  endfacet
  facet normal 0.999763 -0.0217841 0
    outer loop
      vertex 15.5865 10.6032 0
      vertex 15.578 10.2131 3.2
      vertex 15.578 10.2131 0
    endloop
  endfacet
  facet normal -0.691445 0.722429 0
    outer loop
      vertex 17.382 9.81315 0
      vertex 17.1001 9.54334 3.2
      vertex 17.382 9.81315 3.2
    endloop
  endfacet
  facet normal -0.691445 0.722429 0
    outer loop
      vertex 17.1001 9.54334 3.2
      vertex 17.382 9.81315 0
      vertex 17.1001 9.54334 0
    endloop
  endfacet
  facet normal 0.0218097 0.999762 -0
    outer loop
      vertex 16.7365 9.40192 0
      vertex 16.3464 9.41043 3.2
      vertex 16.7365 9.40192 3.2
    endloop
  endfacet
  facet normal 0.0218097 0.999762 0
    outer loop
      vertex 16.3464 9.41043 3.2
      vertex 16.7365 9.40192 0
      vertex 16.3464 9.41043 0
    endloop
  endfacet
  facet normal 0.722252 0.69163 0
    outer loop
      vertex 15.9893 9.56758 3.2
      vertex 15.7194 9.84943 0
      vertex 15.7194 9.84943 3.2
    endloop
  endfacet
  facet normal 0.722252 0.69163 0
    outer loop
      vertex 15.7194 9.84943 0
      vertex 15.9893 9.56758 3.2
      vertex 15.9893 9.56758 0
    endloop
  endfacet
  facet normal 0.69156 -0.722319 0
    outer loop
      vertex 15.7437 10.9603 0
      vertex 16.0255 11.2301 3.2
      vertex 15.7437 10.9603 3.2
    endloop
  endfacet
  facet normal 0.69156 -0.722319 0
    outer loop
      vertex 16.0255 11.2301 3.2
      vertex 15.7437 10.9603 0
      vertex 16.0255 11.2301 0
    endloop
  endfacet
  facet normal -0.722441 -0.691432 0
    outer loop
      vertex 17.4062 10.924 0
      vertex 17.1364 11.2059 3.2
      vertex 17.1364 11.2059 0
    endloop
  endfacet
  facet normal -0.722441 -0.691432 0
    outer loop
      vertex 17.1364 11.2059 3.2
      vertex 17.4062 10.924 0
      vertex 17.4062 10.924 3.2
    endloop
  endfacet
  facet normal 0.915243 -0.402902 0
    outer loop
      vertex 15.5865 10.6032 3.2
      vertex 15.7437 10.9603 0
      vertex 15.7437 10.9603 3.2
    endloop
  endfacet
  facet normal 0.915243 -0.402902 0
    outer loop
      vertex 15.7437 10.9603 0
      vertex 15.5865 10.6032 3.2
      vertex 15.5865 10.6032 0
    endloop
  endfacet
  facet normal -0.997862 0.0653621 0
    outer loop
      vertex 20.4659 11.197 0
      vertex 20.4914 11.5863 3.2
      vertex 20.4914 11.5863 0
    endloop
  endfacet
  facet normal -0.997862 0.0653621 0
    outer loop
      vertex 20.4914 11.5863 3.2
      vertex 20.4659 11.197 0
      vertex 20.4659 11.197 3.2
    endloop
  endfacet
  facet normal 0.442287 0.896874 -0
    outer loop
      vertex 19.2412 10.4898 0
      vertex 18.8912 10.6624 3.2
      vertex 19.2412 10.4898 3.2
    endloop
  endfacet
  facet normal 0.442287 0.896874 0
    outer loop
      vertex 18.8912 10.6624 3.2
      vertex 19.2412 10.4898 0
      vertex 18.8912 10.6624 0
    endloop
  endfacet
  facet normal -0.0653621 -0.997862 0
    outer loop
      vertex 19.3695 12.4472 0
      vertex 19.7588 12.4217 3.2
      vertex 19.3695 12.4472 3.2
    endloop
  endfacet
  facet normal -0.0653621 -0.997862 -0
    outer loop
      vertex 19.7588 12.4217 3.2
      vertex 19.3695 12.4472 0
      vertex 19.7588 12.4217 0
    endloop
  endfacet
  facet normal -0.659339 0.751846 0
    outer loop
      vertex 20.2934 10.847 0
      vertex 20 10.5897 3.2
      vertex 20.2934 10.847 3.2
    endloop
  endfacet
  facet normal -0.659339 0.751846 0
    outer loop
      vertex 20 10.5897 3.2
      vertex 20.2934 10.847 0
      vertex 20 10.5897 0
    endloop
  endfacet
  facet normal 0.751973 0.659194 0
    outer loop
      vertex 18.8912 10.6624 3.2
      vertex 18.634 10.9558 0
      vertex 18.634 10.9558 3.2
    endloop
  endfacet
  facet normal 0.751973 0.659194 0
    outer loop
      vertex 18.634 10.9558 0
      vertex 18.8912 10.6624 3.2
      vertex 18.8912 10.6624 0
    endloop
  endfacet
  facet normal -0.321374 0.946952 0
    outer loop
      vertex 20 10.5897 0
      vertex 19.6305 10.4643 3.2
      vertex 20 10.5897 3.2
    endloop
  endfacet
  facet normal -0.321374 0.946952 0
    outer loop
      vertex 19.6305 10.4643 3.2
      vertex 20 10.5897 0
      vertex 19.6305 10.4643 0
    endloop
  endfacet
  facet normal -0.751862 -0.659321 0
    outer loop
      vertex 20.366 11.9558 0
      vertex 20.1088 12.2491 3.2
      vertex 20.1088 12.2491 0
    endloop
  endfacet
  facet normal -0.751862 -0.659321 0
    outer loop
      vertex 20.1088 12.2491 3.2
      vertex 20.366 11.9558 0
      vertex 20.366 11.9558 3.2
    endloop
  endfacet
  facet normal 0.946926 0.321452 0
    outer loop
      vertex 18.634 10.9558 3.2
      vertex 18.5086 11.3252 0
      vertex 18.5086 11.3252 3.2
    endloop
  endfacet
  facet normal 0.946926 0.321452 0
    outer loop
      vertex 18.5086 11.3252 0
      vertex 18.634 10.9558 3.2
      vertex 18.634 10.9558 0
    endloop
  endfacet
  facet normal -0.896975 0.442081 0
    outer loop
      vertex 20.2934 10.847 0
      vertex 20.4659 11.197 3.2
      vertex 20.4659 11.197 0
    endloop
  endfacet
  facet normal -0.896975 0.442081 0
    outer loop
      vertex 20.4659 11.197 3.2
      vertex 20.2934 10.847 0
      vertex 20.2934 10.847 3.2
    endloop
  endfacet
  facet normal 0.0653621 0.997862 -0
    outer loop
      vertex 19.6305 10.4643 0
      vertex 19.2412 10.4898 3.2
      vertex 19.6305 10.4643 3.2
    endloop
  endfacet
  facet normal 0.0653621 0.997862 0
    outer loop
      vertex 19.2412 10.4898 3.2
      vertex 19.6305 10.4643 0
      vertex 19.2412 10.4898 0
    endloop
  endfacet
  facet normal -0.946952 -0.321374 0
    outer loop
      vertex 20.4914 11.5863 0
      vertex 20.366 11.9558 3.2
      vertex 20.366 11.9558 0
    endloop
  endfacet
  facet normal -0.946952 -0.321374 0
    outer loop
      vertex 20.366 11.9558 3.2
      vertex 20.4914 11.5863 0
      vertex 20.4914 11.5863 3.2
    endloop
  endfacet
  facet normal 0.896925 -0.442182 0
    outer loop
      vertex 18.5341 11.7146 3.2
      vertex 18.7066 12.0645 0
      vertex 18.7066 12.0645 3.2
    endloop
  endfacet
  facet normal 0.896925 -0.442182 0
    outer loop
      vertex 18.7066 12.0645 0
      vertex 18.5341 11.7146 3.2
      vertex 18.5341 11.7146 0
    endloop
  endfacet
  facet normal 0.659339 -0.751846 0
    outer loop
      vertex 18.7066 12.0645 0
      vertex 19 12.3218 3.2
      vertex 18.7066 12.0645 3.2
    endloop
  endfacet
  facet normal 0.659339 -0.751846 0
    outer loop
      vertex 19 12.3218 3.2
      vertex 18.7066 12.0645 0
      vertex 19 12.3218 0
    endloop
  endfacet
  facet normal 0.321374 -0.946952 0
    outer loop
      vertex 19 12.3218 0
      vertex 19.3695 12.4472 3.2
      vertex 19 12.3218 3.2
    endloop
  endfacet
  facet normal 0.321374 -0.946952 0
    outer loop
      vertex 19.3695 12.4472 3.2
      vertex 19 12.3218 0
      vertex 19.3695 12.4472 0
    endloop
  endfacet
  facet normal -0.442287 -0.896874 0
    outer loop
      vertex 19.7588 12.4217 0
      vertex 20.1088 12.2491 3.2
      vertex 19.7588 12.4217 3.2
    endloop
  endfacet
  facet normal -0.442287 -0.896874 -0
    outer loop
      vertex 20.1088 12.2491 3.2
      vertex 19.7588 12.4217 0
      vertex 20.1088 12.2491 0
    endloop
  endfacet
  facet normal 0.997863 -0.0653454 0
    outer loop
      vertex 18.5086 11.3252 3.2
      vertex 18.5341 11.7146 0
      vertex 18.5341 11.7146 3.2
    endloop
  endfacet
  facet normal 0.997863 -0.0653454 0
    outer loop
      vertex 18.5341 11.7146 0
      vertex 18.5086 11.3252 3.2
      vertex 18.5086 11.3252 0
    endloop
  endfacet
  facet normal 0.779918 0.625882 0
    outer loop
      vertex 21.2516 12.6989 3.2
      vertex 21.0074 13.0032 0
      vertex 21.0074 13.0032 3.2
    endloop
  endfacet
  facet normal 0.779918 0.625882 0
    outer loop
      vertex 21.0074 13.0032 0
      vertex 21.2516 12.6989 3.2
      vertex 21.2516 12.6989 0
    endloop
  endfacet
  facet normal -0.994051 0.108913 0
    outer loop
      vertex 22.8481 13.1642 0
      vertex 22.8906 13.5521 3.2
      vertex 22.8906 13.5521 0
    endloop
  endfacet
  facet normal -0.994051 0.108913 0
    outer loop
      vertex 22.8906 13.5521 3.2
      vertex 22.8481 13.1642 0
      vertex 22.8481 13.1642 3.2
    endloop
  endfacet
  facet normal -0.96004 -0.279862 0
    outer loop
      vertex 22.8906 13.5521 0
      vertex 22.7814 13.9267 3.2
      vertex 22.7814 13.9267 0
    endloop
  endfacet
  facet normal -0.96004 -0.279862 0
    outer loop
      vertex 22.7814 13.9267 3.2
      vertex 22.8906 13.5521 0
      vertex 22.8906 13.5521 3.2
    endloop
  endfacet
  facet normal -0.279931 0.96002 0
    outer loop
      vertex 22.3561 12.5779 0
      vertex 21.9816 12.4687 3.2
      vertex 22.3561 12.5779 3.2
    endloop
  endfacet
  facet normal -0.279931 0.96002 0
    outer loop
      vertex 21.9816 12.4687 3.2
      vertex 22.3561 12.5779 0
      vertex 21.9816 12.4687 0
    endloop
  endfacet
  facet normal 0.108913 0.994051 -0
    outer loop
      vertex 21.9816 12.4687 0
      vertex 21.5937 12.5112 3.2
      vertex 21.9816 12.4687 3.2
    endloop
  endfacet
  facet normal 0.108913 0.994051 0
    outer loop
      vertex 21.5937 12.5112 3.2
      vertex 21.9816 12.4687 0
      vertex 21.5937 12.5112 0
    endloop
  endfacet
  facet normal 0.625882 -0.779918 0
    outer loop
      vertex 21.1284 14.1077 0
      vertex 21.4327 14.3519 3.2
      vertex 21.1284 14.1077 3.2
    endloop
  endfacet
  facet normal 0.625882 -0.779918 0
    outer loop
      vertex 21.4327 14.3519 3.2
      vertex 21.1284 14.1077 0
      vertex 21.4327 14.3519 0
    endloop
  endfacet
  facet normal -0.876708 0.481023 0
    outer loop
      vertex 22.6604 12.8221 0
      vertex 22.8481 13.1642 3.2
      vertex 22.8481 13.1642 0
    endloop
  endfacet
  facet normal -0.876708 0.481023 0
    outer loop
      vertex 22.8481 13.1642 3.2
      vertex 22.6604 12.8221 0
      vertex 22.6604 12.8221 3.2
    endloop
  endfacet
  facet normal -0.108913 -0.994051 0
    outer loop
      vertex 21.8072 14.4611 0
      vertex 22.1951 14.4186 3.2
      vertex 21.8072 14.4611 3.2
    endloop
  endfacet
  facet normal -0.108913 -0.994051 -0
    outer loop
      vertex 22.1951 14.4186 3.2
      vertex 21.8072 14.4611 0
      vertex 22.1951 14.4186 0
    endloop
  endfacet
  facet normal -0.625882 0.779918 0
    outer loop
      vertex 22.6604 12.8221 0
      vertex 22.3561 12.5779 3.2
      vertex 22.6604 12.8221 3.2
    endloop
  endfacet
  facet normal -0.625882 0.779918 0
    outer loop
      vertex 22.3561 12.5779 3.2
      vertex 22.6604 12.8221 0
      vertex 22.3561 12.5779 0
    endloop
  endfacet
  facet normal 0.96004 0.279862 0
    outer loop
      vertex 21.0074 13.0032 3.2
      vertex 20.8982 13.3778 0
      vertex 20.8982 13.3778 3.2
    endloop
  endfacet
  facet normal 0.96004 0.279862 0
    outer loop
      vertex 20.8982 13.3778 0
      vertex 21.0074 13.0032 3.2
      vertex 21.0074 13.0032 0
    endloop
  endfacet
  facet normal -0.480826 -0.876816 0
    outer loop
      vertex 22.1951 14.4186 0
      vertex 22.5372 14.231 3.2
      vertex 22.1951 14.4186 3.2
    endloop
  endfacet
  facet normal -0.480826 -0.876816 -0
    outer loop
      vertex 22.5372 14.231 3.2
      vertex 22.1951 14.4186 0
      vertex 22.5372 14.231 0
    endloop
  endfacet
  facet normal -0.779918 -0.625882 0
    outer loop
      vertex 22.7814 13.9267 0
      vertex 22.5372 14.231 3.2
      vertex 22.5372 14.231 0
    endloop
  endfacet
  facet normal -0.779918 -0.625882 0
    outer loop
      vertex 22.5372 14.231 3.2
      vertex 22.7814 13.9267 0
      vertex 22.7814 13.9267 3.2
    endloop
  endfacet
  facet normal 0.481023 0.876708 -0
    outer loop
      vertex 21.5937 12.5112 0
      vertex 21.2516 12.6989 3.2
      vertex 21.5937 12.5112 3.2
    endloop
  endfacet
  facet normal 0.481023 0.876708 0
    outer loop
      vertex 21.2516 12.6989 3.2
      vertex 21.5937 12.5112 0
      vertex 21.2516 12.6989 0
    endloop
  endfacet
  facet normal 0.279931 -0.96002 0
    outer loop
      vertex 21.4327 14.3519 0
      vertex 21.8072 14.4611 3.2
      vertex 21.4327 14.3519 3.2
    endloop
  endfacet
  facet normal 0.279931 -0.96002 0
    outer loop
      vertex 21.8072 14.4611 3.2
      vertex 21.4327 14.3519 0
      vertex 21.8072 14.4611 0
    endloop
  endfacet
  facet normal 0.876708 -0.481023 0
    outer loop
      vertex 20.9407 13.7656 3.2
      vertex 21.1284 14.1077 0
      vertex 21.1284 14.1077 3.2
    endloop
  endfacet
  facet normal 0.876708 -0.481023 0
    outer loop
      vertex 21.1284 14.1077 0
      vertex 20.9407 13.7656 3.2
      vertex 20.9407 13.7656 0
    endloop
  endfacet
  facet normal 0.994048 -0.10894 0
    outer loop
      vertex 20.8982 13.3778 3.2
      vertex 20.9407 13.7656 0
      vertex 20.9407 13.7656 3.2
    endloop
  endfacet
  facet normal 0.994048 -0.10894 0
    outer loop
      vertex 20.9407 13.7656 0
      vertex 20.8982 13.3778 3.2
      vertex 20.8982 13.3778 0
    endloop
  endfacet
  facet normal -0.152211 -0.988348 0
    outer loop
      vertex 23.4136 17.1709 0
      vertex 23.7993 17.1115 3.2
      vertex 23.4136 17.1709 3.2
    endloop
  endfacet
  facet normal -0.152211 -0.988348 -0
    outer loop
      vertex 23.7993 17.1115 3.2
      vertex 23.4136 17.1709 0
      vertex 23.7993 17.1115 0
    endloop
  endfacet
  facet normal -0.971307 -0.237829 0
    outer loop
      vertex 24.4563 16.2154 0
      vertex 24.3635 16.5944 3.2
      vertex 24.3635 16.5944 0
    endloop
  endfacet
  facet normal -0.971307 -0.237829 0
    outer loop
      vertex 24.3635 16.5944 3.2
      vertex 24.4563 16.2154 0
      vertex 24.4563 16.2154 3.2
    endloop
  endfacet
  facet normal 0.518711 0.85495 -0
    outer loop
      vertex 23.1152 15.2321 0
      vertex 22.7816 15.4345 3.2
      vertex 23.1152 15.2321 3.2
    endloop
  endfacet
  facet normal 0.518711 0.85495 0
    outer loop
      vertex 22.7816 15.4345 3.2
      vertex 23.1152 15.2321 0
      vertex 22.7816 15.4345 0
    endloop
  endfacet
  facet normal -0.85495 0.518711 0
    outer loop
      vertex 24.1945 15.4962 0
      vertex 24.3969 15.8298 3.2
      vertex 24.3969 15.8298 0
    endloop
  endfacet
  facet normal -0.85495 0.518711 0
    outer loop
      vertex 24.3969 15.8298 3.2
      vertex 24.1945 15.4962 0
      vertex 24.1945 15.4962 3.2
    endloop
  endfacet
  facet normal -0.237587 0.971366 0
    outer loop
      vertex 23.8799 15.2655 0
      vertex 23.5009 15.1728 3.2
      vertex 23.8799 15.2655 3.2
    endloop
  endfacet
  facet normal -0.237587 0.971366 0
    outer loop
      vertex 23.5009 15.1728 3.2
      vertex 23.8799 15.2655 0
      vertex 23.5009 15.1728 0
    endloop
  endfacet
  facet normal -0.988342 0.15225 0
    outer loop
      vertex 24.3969 15.8298 0
      vertex 24.4563 16.2154 3.2
      vertex 24.4563 16.2154 0
    endloop
  endfacet
  facet normal -0.988342 0.15225 0
    outer loop
      vertex 24.4563 16.2154 3.2
      vertex 24.3969 15.8298 0
      vertex 24.3969 15.8298 3.2
    endloop
  endfacet
  facet normal 0.591353 -0.806413 0
    outer loop
      vertex 22.72 16.8474 0
      vertex 23.0346 17.0781 3.2
      vertex 22.72 16.8474 3.2
    endloop
  endfacet
  facet normal 0.591353 -0.806413 0
    outer loop
      vertex 23.0346 17.0781 3.2
      vertex 22.72 16.8474 0
      vertex 23.0346 17.0781 0
    endloop
  endfacet
  facet normal 0.237829 -0.971307 0
    outer loop
      vertex 23.0346 17.0781 0
      vertex 23.4136 17.1709 3.2
      vertex 23.0346 17.0781 3.2
    endloop
  endfacet
  facet normal 0.237829 -0.971307 0
    outer loop
      vertex 23.4136 17.1709 3.2
      vertex 23.0346 17.0781 0
      vertex 23.4136 17.1709 0
    endloop
  endfacet
  facet normal -0.591353 0.806413 0
    outer loop
      vertex 24.1945 15.4962 0
      vertex 23.8799 15.2655 3.2
      vertex 24.1945 15.4962 3.2
    endloop
  endfacet
  facet normal -0.591353 0.806413 0
    outer loop
      vertex 23.8799 15.2655 3.2
      vertex 24.1945 15.4962 0
      vertex 23.8799 15.2655 0
    endloop
  endfacet
  facet normal -0.518824 -0.854881 0
    outer loop
      vertex 23.7993 17.1115 0
      vertex 24.1328 16.9091 3.2
      vertex 23.7993 17.1115 3.2
    endloop
  endfacet
  facet normal -0.518824 -0.854881 -0
    outer loop
      vertex 24.1328 16.9091 3.2
      vertex 23.7993 17.1115 0
      vertex 24.1328 16.9091 0
    endloop
  endfacet
  facet normal 0.854836 -0.518898 0
    outer loop
      vertex 22.5175 16.5138 3.2
      vertex 22.72 16.8474 0
      vertex 22.72 16.8474 3.2
    endloop
  endfacet
  facet normal 0.854836 -0.518898 0
    outer loop
      vertex 22.72 16.8474 0
      vertex 22.5175 16.5138 3.2
      vertex 22.5175 16.5138 0
    endloop
  endfacet
  facet normal 0.988381 -0.151999 0
    outer loop
      vertex 22.4582 16.1282 3.2
      vertex 22.5175 16.5138 0
      vertex 22.5175 16.5138 3.2
    endloop
  endfacet
  facet normal 0.988381 -0.151999 0
    outer loop
      vertex 22.5175 16.5138 0
      vertex 22.4582 16.1282 3.2
      vertex 22.4582 16.1282 0
    endloop
  endfacet
  facet normal -0.806503 -0.59123 0
    outer loop
      vertex 24.3635 16.5944 0
      vertex 24.1328 16.9091 3.2
      vertex 24.1328 16.9091 0
    endloop
  endfacet
  facet normal -0.806503 -0.59123 0
    outer loop
      vertex 24.1328 16.9091 3.2
      vertex 24.3635 16.5944 0
      vertex 24.3635 16.5944 3.2
    endloop
  endfacet
  facet normal 0.971366 0.237587 0
    outer loop
      vertex 22.5509 15.7492 3.2
      vertex 22.4582 16.1282 0
      vertex 22.4582 16.1282 3.2
    endloop
  endfacet
  facet normal 0.971366 0.237587 0
    outer loop
      vertex 22.4582 16.1282 0
      vertex 22.5509 15.7492 3.2
      vertex 22.5509 15.7492 0
    endloop
  endfacet
  facet normal 0.151961 0.988387 -0
    outer loop
      vertex 23.5009 15.1728 0
      vertex 23.1152 15.2321 3.2
      vertex 23.5009 15.1728 3.2
    endloop
  endfacet
  facet normal 0.151961 0.988387 0
    outer loop
      vertex 23.1152 15.2321 3.2
      vertex 23.5009 15.1728 0
      vertex 23.1152 15.2321 0
    endloop
  endfacet
  facet normal 0.806503 0.59123 0
    outer loop
      vertex 22.7816 15.4345 3.2
      vertex 22.5509 15.7492 0
      vertex 22.5509 15.7492 3.2
    endloop
  endfacet
  facet normal 0.806503 0.59123 0
    outer loop
      vertex 22.5509 15.7492 0
      vertex 22.7816 15.4345 3.2
      vertex 22.7816 15.4345 0
    endloop
  endfacet
  facet normal 0.555646 -0.831419 0
    outer loop
      vertex 14.2929 19.9571 0
      vertex 14.6173 20.1739 3.2
      vertex 14.2929 19.9571 3.2
    endloop
  endfacet
  facet normal 0.555646 -0.831419 0
    outer loop
      vertex 14.6173 20.1739 3.2
      vertex 14.2929 19.9571 0
      vertex 14.6173 20.1739 0
    endloop
  endfacet
  facet normal -0.831419 -0.555646 0
    outer loop
      vertex 15.9239 19.6327 0
      vertex 15.7071 19.9571 3.2
      vertex 15.7071 19.9571 0
    endloop
  endfacet
  facet normal -0.831419 -0.555646 0
    outer loop
      vertex 15.7071 19.9571 3.2
      vertex 15.9239 19.6327 0
      vertex 15.9239 19.6327 3.2
    endloop
  endfacet
  facet normal -0.980797 -0.195032 0
    outer loop
      vertex 16 19.25 0
      vertex 15.9239 19.6327 3.2
      vertex 15.9239 19.6327 0
    endloop
  endfacet
  facet normal -0.980797 -0.195032 0
    outer loop
      vertex 15.9239 19.6327 3.2
      vertex 16 19.25 0
      vertex 16 19.25 3.2
    endloop
  endfacet
  facet normal 0.831419 -0.555646 0
    outer loop
      vertex 14.0761 19.6327 3.2
      vertex 14.2929 19.9571 0
      vertex 14.2929 19.9571 3.2
    endloop
  endfacet
  facet normal 0.831419 -0.555646 0
    outer loop
      vertex 14.2929 19.9571 0
      vertex 14.0761 19.6327 3.2
      vertex 14.0761 19.6327 0
    endloop
  endfacet
  facet normal 0.195032 0.980797 -0
    outer loop
      vertex 15 18.25 0
      vertex 14.6173 18.3261 3.2
      vertex 15 18.25 3.2
    endloop
  endfacet
  facet normal 0.195032 0.980797 0
    outer loop
      vertex 14.6173 18.3261 3.2
      vertex 15 18.25 0
      vertex 14.6173 18.3261 0
    endloop
  endfacet
  facet normal -0.195032 0.980797 0
    outer loop
      vertex 15.3827 18.3261 0
      vertex 15 18.25 3.2
      vertex 15.3827 18.3261 3.2
    endloop
  endfacet
  facet normal -0.195032 0.980797 0
    outer loop
      vertex 15 18.25 3.2
      vertex 15.3827 18.3261 0
      vertex 15 18.25 0
    endloop
  endfacet
  facet normal -0.555646 0.831419 0
    outer loop
      vertex 15.7071 18.5429 0
      vertex 15.3827 18.3261 3.2
      vertex 15.7071 18.5429 3.2
    endloop
  endfacet
  facet normal -0.555646 0.831419 0
    outer loop
      vertex 15.3827 18.3261 3.2
      vertex 15.7071 18.5429 0
      vertex 15.3827 18.3261 0
    endloop
  endfacet
  facet normal -0.831419 0.555646 0
    outer loop
      vertex 15.7071 18.5429 0
      vertex 15.9239 18.8673 3.2
      vertex 15.9239 18.8673 0
    endloop
  endfacet
  facet normal -0.831419 0.555646 0
    outer loop
      vertex 15.9239 18.8673 3.2
      vertex 15.7071 18.5429 0
      vertex 15.7071 18.5429 3.2
    endloop
  endfacet
  facet normal 0.980797 -0.195032 0
    outer loop
      vertex 14 19.25 3.2
      vertex 14.0761 19.6327 0
      vertex 14.0761 19.6327 3.2
    endloop
  endfacet
  facet normal 0.980797 -0.195032 0
    outer loop
      vertex 14.0761 19.6327 0
      vertex 14 19.25 3.2
      vertex 14 19.25 0
    endloop
  endfacet
  facet normal -0.980797 0.195032 0
    outer loop
      vertex 15.9239 18.8673 0
      vertex 16 19.25 3.2
      vertex 16 19.25 0
    endloop
  endfacet
  facet normal -0.980797 0.195032 0
    outer loop
      vertex 16 19.25 3.2
      vertex 15.9239 18.8673 0
      vertex 15.9239 18.8673 3.2
    endloop
  endfacet
  facet normal 0.195032 -0.980797 0
    outer loop
      vertex 14.6173 20.1739 0
      vertex 15 20.25 3.2
      vertex 14.6173 20.1739 3.2
    endloop
  endfacet
  facet normal 0.195032 -0.980797 0
    outer loop
      vertex 15 20.25 3.2
      vertex 14.6173 20.1739 0
      vertex 15 20.25 0
    endloop
  endfacet
  facet normal -0.195032 -0.980797 0
    outer loop
      vertex 15 20.25 0
      vertex 15.3827 20.1739 3.2
      vertex 15 20.25 3.2
    endloop
  endfacet
  facet normal -0.195032 -0.980797 -0
    outer loop
      vertex 15.3827 20.1739 3.2
      vertex 15 20.25 0
      vertex 15.3827 20.1739 0
    endloop
  endfacet
  facet normal 0.831419 0.555646 0
    outer loop
      vertex 14.2929 18.5429 3.2
      vertex 14.0761 18.8673 0
      vertex 14.0761 18.8673 3.2
    endloop
  endfacet
  facet normal 0.831419 0.555646 0
    outer loop
      vertex 14.0761 18.8673 0
      vertex 14.2929 18.5429 3.2
      vertex 14.2929 18.5429 0
    endloop
  endfacet
  facet normal -0.555646 -0.831419 0
    outer loop
      vertex 15.3827 20.1739 0
      vertex 15.7071 19.9571 3.2
      vertex 15.3827 20.1739 3.2
    endloop
  endfacet
  facet normal -0.555646 -0.831419 -0
    outer loop
      vertex 15.7071 19.9571 3.2
      vertex 15.3827 20.1739 0
      vertex 15.7071 19.9571 0
    endloop
  endfacet
  facet normal 0.980797 0.195032 0
    outer loop
      vertex 14.0761 18.8673 3.2
      vertex 14 19.25 0
      vertex 14 19.25 3.2
    endloop
  endfacet
  facet normal 0.980797 0.195032 0
    outer loop
      vertex 14 19.25 0
      vertex 14.0761 18.8673 3.2
      vertex 14.0761 18.8673 0
    endloop
  endfacet
  facet normal 0.555646 0.831419 -0
    outer loop
      vertex 14.6173 18.3261 0
      vertex 14.2929 18.5429 3.2
      vertex 14.6173 18.3261 3.2
    endloop
  endfacet
  facet normal 0.555646 0.831419 0
    outer loop
      vertex 14.2929 18.5429 3.2
      vertex 14.6173 18.3261 0
      vertex 14.2929 18.5429 0
    endloop
  endfacet
  facet normal 0.321357 -0.946958 0
    outer loop
      vertex 52.757 0.0272675 0
      vertex 52.8561 0.0608978 3.2
      vertex 52.757 0.0272675 3.2
    endloop
  endfacet
  facet normal 0.321357 -0.946958 0
    outer loop
      vertex 52.8561 0.0608978 3.2
      vertex 52.757 0.0272675 0
      vertex 52.8561 0.0608978 0
    endloop
  endfacet
  facet normal -0.194929 0.980817 0
    outer loop
      vertex 0.695587 38.4931 0
      vertex 0.592941 38.4727 3.2
      vertex 0.695587 38.4931 3.2
    endloop
  endfacet
  facet normal -0.194929 0.980817 0
    outer loop
      vertex 0.592941 38.4727 3.2
      vertex 0.695587 38.4931 0
      vertex 0.592941 38.4727 0
    endloop
  endfacet
  facet normal -0.946948 -0.321386 0
    outer loop
      vertex 0.0608978 0.493851 0
      vertex 0.0272675 0.592941 3.2
      vertex 0.0272675 0.592941 0
    endloop
  endfacet
  facet normal -0.946948 -0.321386 0
    outer loop
      vertex 0.0272675 0.592941 3.2
      vertex 0.0608978 0.493851 0
      vertex 0.0608978 0.493851 3.2
    endloop
  endfacet
  facet normal 0.321097 0.947046 -0
    outer loop
      vertex 52.8561 38.4391 0
      vertex 52.757 38.4727 3.2
      vertex 52.8561 38.4391 3.2
    endloop
  endfacet
  facet normal 0.321097 0.947046 0
    outer loop
      vertex 52.757 38.4727 3.2
      vertex 52.8561 38.4391 0
      vertex 52.757 38.4727 0
    endloop
  endfacet
  facet normal -0.321126 0.947036 0
    outer loop
      vertex 0.592941 38.4727 0
      vertex 0.493851 38.4391 3.2
      vertex 0.592941 38.4727 3.2
    endloop
  endfacet
  facet normal -0.321126 0.947036 0
    outer loop
      vertex 0.493851 38.4391 3.2
      vertex 0.592941 38.4727 0
      vertex 0.493851 38.4391 0
    endloop
  endfacet
  facet normal 0.195013 0.980801 -0
    outer loop
      vertex 52.757 38.4727 0
      vertex 52.6544 38.4931 3.2
      vertex 52.757 38.4727 3.2
    endloop
  endfacet
  facet normal 0.195013 0.980801 0
    outer loop
      vertex 52.6544 38.4931 3.2
      vertex 52.757 38.4727 0
      vertex 52.6544 38.4931 0
    endloop
  endfacet
  facet normal -0.555507 -0.831512 0
    outer loop
      vertex 0.312988 0.165314 0
      vertex 0.400009 0.107178 3.2
      vertex 0.312988 0.165314 3.2
    endloop
  endfacet
  facet normal -0.555507 -0.831512 -0
    outer loop
      vertex 0.400009 0.107178 3.2
      vertex 0.312988 0.165314 0
      vertex 0.400009 0.107178 0
    endloop
  endfacet
  facet normal 0.751925 0.659248 0
    outer loop
      vertex 53.1847 38.187 3.2
      vertex 53.1157 38.2657 0
      vertex 53.1157 38.2657 3.2
    endloop
  endfacet
  facet normal 0.751925 0.659248 0
    outer loop
      vertex 53.1157 38.2657 0
      vertex 53.1847 38.187 3.2
      vertex 53.1847 38.187 0
    endloop
  endfacet
  facet normal -0.83145 0.5556 0
    outer loop
      vertex 0.107178 38.1 0
      vertex 0.165314 38.187 3.2
      vertex 0.165314 38.187 0
    endloop
  endfacet
  facet normal -0.83145 0.5556 0
    outer loop
      vertex 0.165314 38.187 3.2
      vertex 0.107178 38.1 0
      vertex 0.107178 38.1 3.2
    endloop
  endfacet
  facet normal 0.980817 -0.194929 0
    outer loop
      vertex 53.3227 0.592941 3.2
      vertex 53.3431 0.695587 0
      vertex 53.3431 0.695587 3.2
    endloop
  endfacet
  facet normal 0.980817 -0.194929 0
    outer loop
      vertex 53.3431 0.695587 0
      vertex 53.3227 0.592941 3.2
      vertex 53.3227 0.592941 0
    endloop
  endfacet
  facet normal -0.065938 0.997824 0
    outer loop
      vertex 0.800003 38.5 0
      vertex 0.695587 38.4931 3.2
      vertex 0.800003 38.5 3.2
    endloop
  endfacet
  facet normal -0.065938 0.997824 0
    outer loop
      vertex 0.695587 38.4931 3.2
      vertex 0.800003 38.5 0
      vertex 0.695587 38.4931 0
    endloop
  endfacet
  facet normal 0 -1 0
    outer loop
      vertex 0.800003 0 0
      vertex 52.55 0 3.2
      vertex 0.800003 0 3.2
    endloop
  endfacet
  facet normal 0 -1 -0
    outer loop
      vertex 52.55 0 3.2
      vertex 0.800003 0 0
      vertex 52.55 0 0
    endloop
  endfacet
  facet normal 0.659248 -0.751925 0
    outer loop
      vertex 53.037 0.165314 0
      vertex 53.1157 0.234314 3.2
      vertex 53.037 0.165314 3.2
    endloop
  endfacet
  facet normal 0.659248 -0.751925 0
    outer loop
      vertex 53.1157 0.234314 3.2
      vertex 53.037 0.165314 0
      vertex 53.1157 0.234314 0
    endloop
  endfacet
  facet normal -0.831512 -0.555507 0
    outer loop
      vertex 0.165314 0.312988 0
      vertex 0.107178 0.400009 3.2
      vertex 0.107178 0.400009 0
    endloop
  endfacet
  facet normal -0.831512 -0.555507 0
    outer loop
      vertex 0.107178 0.400009 3.2
      vertex 0.165314 0.312988 0
      vertex 0.165314 0.312988 3.2
    endloop
  endfacet
  facet normal 0.997824 -0.065938 0
    outer loop
      vertex 53.3431 0.695587 3.2
      vertex 53.35 0.800003 0
      vertex 53.35 0.800003 3.2
    endloop
  endfacet
  facet normal 0.997824 -0.065938 0
    outer loop
      vertex 53.35 0.800003 0
      vertex 53.3431 0.695587 3.2
      vertex 53.3431 0.695587 0
    endloop
  endfacet
  facet normal 0.0654837 -0.997854 0
    outer loop
      vertex 52.55 0 0
      vertex 52.6544 0.0068512 3.2
      vertex 52.55 0 3.2
    endloop
  endfacet
  facet normal 0.0654837 -0.997854 0
    outer loop
      vertex 52.6544 0.0068512 3.2
      vertex 52.55 0 0
      vertex 52.6544 0.0068512 0
    endloop
  endfacet
  facet normal 0.896788 -0.44246 0
    outer loop
      vertex 53.2428 0.400009 3.2
      vertex 53.2891 0.493851 0
      vertex 53.2891 0.493851 3.2
    endloop
  endfacet
  facet normal 0.896788 -0.44246 0
    outer loop
      vertex 53.2891 0.493851 0
      vertex 53.2428 0.400009 3.2
      vertex 53.2428 0.400009 0
    endloop
  endfacet
  facet normal 1 -0 0
    outer loop
      vertex 53.35 0.800003 3.2
      vertex 53.35 37.7 0
      vertex 53.35 37.7 3.2
    endloop
  endfacet
  facet normal 1 0 0
    outer loop
      vertex 53.35 37.7 0
      vertex 53.35 0.800003 3.2
      vertex 53.35 0.800003 0
    endloop
  endfacet
  facet normal 0 1 -0
    outer loop
      vertex 52.55 38.5 0
      vertex 0.800003 38.5 3.2
      vertex 52.55 38.5 3.2
    endloop
  endfacet
  facet normal 0 1 0
    outer loop
      vertex 0.800003 38.5 3.2
      vertex 52.55 38.5 0
      vertex 0.800003 38.5 0
    endloop
  endfacet
  facet normal -1 0 0
    outer loop
      vertex 0 0.800003 0
      vertex 0 37.7 3.2
      vertex 0 37.7 0
    endloop
  endfacet
  facet normal -1 -0 0
    outer loop
      vertex 0 37.7 3.2
      vertex 0 0.800003 0
      vertex 0 0.800003 3.2
    endloop
  endfacet
  facet normal -0.896863 -0.442308 0
    outer loop
      vertex 0.107178 0.400009 0
      vertex 0.0608978 0.493851 3.2
      vertex 0.0608978 0.493851 0
    endloop
  endfacet
  facet normal -0.896863 -0.442308 0
    outer loop
      vertex 0.0608978 0.493851 3.2
      vertex 0.107178 0.400009 0
      vertex 0.107178 0.400009 3.2
    endloop
  endfacet
  facet normal 0.442088 -0.896972 0
    outer loop
      vertex 52.8561 0.0608978 0
      vertex 52.95 0.107178 3.2
      vertex 52.8561 0.0608978 3.2
    endloop
  endfacet
  facet normal 0.442088 -0.896972 0
    outer loop
      vertex 52.95 0.107178 3.2
      vertex 52.8561 0.0608978 0
      vertex 52.95 0.107178 0
    endloop
  endfacet
  facet normal -0.896972 0.442088 0
    outer loop
      vertex 0.0608978 38.0061 0
      vertex 0.107178 38.1 3.2
      vertex 0.107178 38.1 0
    endloop
  endfacet
  facet normal -0.896972 0.442088 0
    outer loop
      vertex 0.107178 38.1 3.2
      vertex 0.0608978 38.0061 0
      vertex 0.0608978 38.0061 3.2
    endloop
  endfacet
  facet normal 0.751817 -0.659371 0
    outer loop
      vertex 53.1157 0.234314 3.2
      vertex 53.1847 0.312988 0
      vertex 53.1847 0.312988 3.2
    endloop
  endfacet
  facet normal 0.751817 -0.659371 0
    outer loop
      vertex 53.1847 0.312988 0
      vertex 53.1157 0.234314 3.2
      vertex 53.1157 0.234314 0
    endloop
  endfacet
  facet normal -0.751817 -0.659371 0
    outer loop
      vertex 0.234314 0.234314 0
      vertex 0.165314 0.312988 3.2
      vertex 0.165314 0.312988 0
    endloop
  endfacet
  facet normal -0.751817 -0.659371 0
    outer loop
      vertex 0.165314 0.312988 3.2
      vertex 0.234314 0.234314 0
      vertex 0.234314 0.234314 3.2
    endloop
  endfacet
  facet normal -0.997854 -0.0654737 0
    outer loop
      vertex 0.0068512 0.695587 0
      vertex 0 0.800003 3.2
      vertex 0 0.800003 0
    endloop
  endfacet
  facet normal -0.997854 -0.0654737 0
    outer loop
      vertex 0 0.800003 3.2
      vertex 0.0068512 0.695587 0
      vertex 0.0068512 0.695587 3.2
    endloop
  endfacet
  facet normal -0.997854 0.0654837 0
    outer loop
      vertex 0 37.7 0
      vertex 0.0068512 37.8044 3.2
      vertex 0.0068512 37.8044 0
    endloop
  endfacet
  facet normal -0.997854 0.0654837 0
    outer loop
      vertex 0.0068512 37.8044 3.2
      vertex 0 37.7 0
      vertex 0 37.7 3.2
    endloop
  endfacet
  facet normal -0.321386 -0.946948 0
    outer loop
      vertex 0.493851 0.0608978 0
      vertex 0.592941 0.0272675 3.2
      vertex 0.493851 0.0608978 3.2
    endloop
  endfacet
  facet normal -0.321386 -0.946948 -0
    outer loop
      vertex 0.592941 0.0272675 3.2
      vertex 0.493851 0.0608978 0
      vertex 0.592941 0.0272675 0
    endloop
  endfacet
  facet normal 0 0 1
    outer loop
      vertex 8 19.25 3.2
      vertex 6.96539 17.0781 3.2
      vertex 7.28004 16.8474 3.2
    endloop
  endfacet
  facet normal 0 0 1
    outer loop
      vertex 6.70711 18.5429 3.2
      vertex 8 19.25 3.2
      vertex 6.92388 18.8673 3.2
    endloop
  endfacet
  facet normal 0 0 1
    outer loop
      vertex 8 19.25 3.2
      vertex 6.70711 18.5429 3.2
      vertex 6.96539 17.0781 3.2
    endloop
  endfacet
  facet normal 0 0 1
    outer loop
      vertex 6.70711 18.5429 3.2
      vertex 6.58639 17.1709 3.2
      vertex 6.96539 17.0781 3.2
    endloop
  endfacet
  facet normal -0 0 1
    outer loop
      vertex 6.38268 18.3261 3.2
      vertex 6.58639 17.1709 3.2
      vertex 6.70711 18.5429 3.2
    endloop
  endfacet
  facet normal 0 0 1
    outer loop
      vertex 6.38268 18.3261 3.2
      vertex 6.20075 17.1115 3.2
      vertex 6.58639 17.1709 3.2
    endloop
  endfacet
  facet normal -0 0 1
    outer loop
      vertex 6 18.25 3.2
      vertex 6.20075 17.1115 3.2
      vertex 6.38268 18.3261 3.2
    endloop
  endfacet
  facet normal 0 0 1
    outer loop
      vertex 6 18.25 3.2
      vertex 5.86718 16.9091 3.2
      vertex 6.20075 17.1115 3.2
    endloop
  endfacet
  facet normal 0 0 1
    outer loop
      vertex 5.61732 18.3261 3.2
      vertex 5.86718 16.9091 3.2
      vertex 6 18.25 3.2
    endloop
  endfacet
  facet normal 0 0 1
    outer loop
      vertex 5.86718 16.9091 3.2
      vertex 5.61732 18.3261 3.2
      vertex 5.63646 16.5944 3.2
    endloop
  endfacet
  facet normal 0 0 1
    outer loop
      vertex 5.29289 18.5429 3.2
      vertex 5.63646 16.5944 3.2
      vertex 5.61732 18.3261 3.2
    endloop
  endfacet
  facet normal 0 0 1
    outer loop
      vertex 5.63646 16.5944 3.2
      vertex 5.29289 18.5429 3.2
      vertex 5.54372 16.2154 3.2
    endloop
  endfacet
  facet normal 0 0 1
    outer loop
      vertex 6.70711 19.9571 3.2
      vertex 8.29289 19.9571 3.2
      vertex 6.96539 21.4219 3.2
    endloop
  endfacet
  facet normal 0 0 1
    outer loop
      vertex 8 19.25 3.2
      vertex 7.48246 16.5138 3.2
      vertex 7.54181 16.1282 3.2
    endloop
  endfacet
  facet normal 0 0 1
    outer loop
      vertex 8.29289 19.9571 3.2
      vertex 6.70711 19.9571 3.2
      vertex 8.07612 19.6327 3.2
    endloop
  endfacet
  facet normal 0 0 1
    outer loop
      vertex 6.92388 18.8673 3.2
      vertex 8 19.25 3.2
      vertex 7 19.25 3.2
    endloop
  endfacet
  facet normal 0 0 1
    outer loop
      vertex 8 19.25 3.2
      vertex 7.28004 16.8474 3.2
      vertex 7.48246 16.5138 3.2
    endloop
  endfacet
  facet normal 0 -0 1
    outer loop
      vertex 6.92388 19.6327 3.2
      vertex 8.07612 19.6327 3.2
      vertex 6.70711 19.9571 3.2
    endloop
  endfacet
  facet normal 0 0 1
    outer loop
      vertex 8 19.25 3.2
      vertex 6.92388 19.6327 3.2
      vertex 7 19.25 3.2
    endloop
  endfacet
  facet normal 0 0 1
    outer loop
      vertex 8.07612 19.6327 3.2
      vertex 6.92388 19.6327 3.2
      vertex 8 19.25 3.2
    endloop
  endfacet
  facet normal -0 0 1
    outer loop
      vertex 6.58639 21.3291 3.2
      vertex 6.70711 19.9571 3.2
      vertex 6.96539 21.4219 3.2
    endloop
  endfacet
  facet normal 0 0 1
    outer loop
      vertex 6.58639 21.3291 3.2
      vertex 6.38268 20.1739 3.2
      vertex 6.70711 19.9571 3.2
    endloop
  endfacet
  facet normal 0 0 1
    outer loop
      vertex 6.20075 21.3885 3.2
      vertex 6.38268 20.1739 3.2
      vertex 6.58639 21.3291 3.2
    endloop
  endfacet
  facet normal 0 0 1
    outer loop
      vertex 6.20075 21.3885 3.2
      vertex 6 20.25 3.2
      vertex 6.38268 20.1739 3.2
    endloop
  endfacet
  facet normal 0 0 1
    outer loop
      vertex 5.86718 21.5909 3.2
      vertex 6 20.25 3.2
      vertex 6.20075 21.3885 3.2
    endloop
  endfacet
  facet normal 0 0 1
    outer loop
      vertex 5.61732 20.1739 3.2
      vertex 5.86718 21.5909 3.2
      vertex 5.63646 21.9056 3.2
    endloop
  endfacet
  facet normal 0 0 1
    outer loop
      vertex 5.86718 21.5909 3.2
      vertex 5.61732 20.1739 3.2
      vertex 6 20.25 3.2
    endloop
  endfacet
  facet normal 0 0 1
    outer loop
      vertex 5.29289 19.9571 3.2
      vertex 5.63646 21.9056 3.2
      vertex 5.54372 22.2846 3.2
    endloop
  endfacet
  facet normal 0 0 1
    outer loop
      vertex 5.63646 21.9056 3.2
      vertex 5.29289 19.9571 3.2
      vertex 5.61732 20.1739 3.2
    endloop
  endfacet
  facet normal 0 0 1
    outer loop
      vertex 8.93782 15.75 3.2
      vertex 7.44907 15.7492 3.2
      vertex 8.19276 14.4611 3.2
    endloop
  endfacet
  facet normal 0 0 1
    outer loop
      vertex 8.19276 14.4611 3.2
      vertex 7.44907 15.7492 3.2
      vertex 7.80489 14.4186 3.2
    endloop
  endfacet
  facet normal -0 0 1
    outer loop
      vertex 7.21836 15.4345 3.2
      vertex 7.80489 14.4186 3.2
      vertex 7.44907 15.7492 3.2
    endloop
  endfacet
  facet normal 0 0 1
    outer loop
      vertex 7.80489 14.4186 3.2
      vertex 7.21836 15.4345 3.2
      vertex 7.46281 14.231 3.2
    endloop
  endfacet
  facet normal -0 0 1
    outer loop
      vertex 6.88479 15.2321 3.2
      vertex 7.46281 14.231 3.2
      vertex 7.21836 15.4345 3.2
    endloop
  endfacet
  facet normal 0 0 1
    outer loop
      vertex 7.46281 14.231 3.2
      vertex 6.88479 15.2321 3.2
      vertex 7.21859 13.9267 3.2
    endloop
  endfacet
  facet normal -0 0 1
    outer loop
      vertex 6.49915 15.1728 3.2
      vertex 7.21859 13.9267 3.2
      vertex 6.88479 15.2321 3.2
    endloop
  endfacet
  facet normal 0 0 1
    outer loop
      vertex 11.0086 14.1844 3.2
      vertex 9.05932 13.7656 3.2
      vertex 9.1018 13.3778 3.2
    endloop
  endfacet
  facet normal 0 0 1
    outer loop
      vertex 8.19276 14.4611 3.2
      vertex 9.19509 15.4566 3.2
      vertex 8.93782 15.75 3.2
    endloop
  endfacet
  facet normal 0 0 1
    outer loop
      vertex 9.54503 15.2841 3.2
      vertex 8.87164 14.1077 3.2
      vertex 9.05932 13.7656 3.2
    endloop
  endfacet
  facet normal 0 0 1
    outer loop
      vertex 7.44907 15.7492 3.2
      vertex 8.8124 16.1195 3.2
      vertex 7.54181 16.1282 3.2
    endloop
  endfacet
  facet normal 0 0 1
    outer loop
      vertex 9.0105 16.8588 3.2
      vertex 7.54181 16.1282 3.2
      vertex 8.83792 16.5088 3.2
    endloop
  endfacet
  facet normal 0 0 1
    outer loop
      vertex 9.54503 15.2841 3.2
      vertex 8.56735 14.3519 3.2
      vertex 8.87164 14.1077 3.2
    endloop
  endfacet
  facet normal -0 0 1
    outer loop
      vertex 7.54181 16.1282 3.2
      vertex 8.8124 16.1195 3.2
      vertex 8.83792 16.5088 3.2
    endloop
  endfacet
  facet normal 0 0 1
    outer loop
      vertex 9.19509 15.4566 3.2
      vertex 8.19276 14.4611 3.2
      vertex 8.56735 14.3519 3.2
    endloop
  endfacet
  facet normal 0 0 1
    outer loop
      vertex 7.54181 16.1282 3.2
      vertex 8.29289 18.5429 3.2
      vertex 8.07612 18.8673 3.2
    endloop
  endfacet
  facet normal 0 0 1
    outer loop
      vertex 7.54181 16.1282 3.2
      vertex 8.07612 18.8673 3.2
      vertex 8 19.25 3.2
    endloop
  endfacet
  facet normal 0 0 1
    outer loop
      vertex 8.61732 20.1739 3.2
      vertex 7.28004 21.6526 3.2
      vertex 8.29289 19.9571 3.2
    endloop
  endfacet
  facet normal -0 0 1
    outer loop
      vertex 6.96539 21.4219 3.2
      vertex 8.29289 19.9571 3.2
      vertex 7.28004 21.6526 3.2
    endloop
  endfacet
  facet normal 0 0 1
    outer loop
      vertex 8.8124 16.1195 3.2
      vertex 7.44907 15.7492 3.2
      vertex 8.93782 15.75 3.2
    endloop
  endfacet
  facet normal 0 0 1
    outer loop
      vertex 7.21836 23.0655 3.2
      vertex 7.80489 24.0814 3.2
      vertex 7.46281 24.269 3.2
    endloop
  endfacet
  facet normal 0 0 1
    outer loop
      vertex 7.80489 24.0814 3.2
      vertex 7.44907 22.7508 3.2
      vertex 7.54181 22.3718 3.2
    endloop
  endfacet
  facet normal 0 0 1
    outer loop
      vertex 6.88479 23.2679 3.2
      vertex 7.46281 24.269 3.2
      vertex 7.21859 24.5733 3.2
    endloop
  endfacet
  facet normal 0 0 1
    outer loop
      vertex 7.80489 24.0814 3.2
      vertex 7.21836 23.0655 3.2
      vertex 7.44907 22.7508 3.2
    endloop
  endfacet
  facet normal 0 0 1
    outer loop
      vertex 6.49915 23.3272 3.2
      vertex 7.21859 24.5733 3.2
      vertex 7.10941 24.9479 3.2
    endloop
  endfacet
  facet normal 0 0 1
    outer loop
      vertex 7.46281 24.269 3.2
      vertex 6.88479 23.2679 3.2
      vertex 7.21836 23.0655 3.2
    endloop
  endfacet
  facet normal 0 0 1
    outer loop
      vertex 9.93437 23.2414 3.2
      vertex 8.87164 24.3923 3.2
      vertex 9.54503 23.2159 3.2
    endloop
  endfacet
  facet normal -0 0 1
    outer loop
      vertex 8.56735 24.1481 3.2
      vertex 9.54503 23.2159 3.2
      vertex 8.87164 24.3923 3.2
    endloop
  endfacet
  facet normal 0 0 1
    outer loop
      vertex 9.54503 23.2159 3.2
      vertex 8.56735 24.1481 3.2
      vertex 9.19509 23.0434 3.2
    endloop
  endfacet
  facet normal -0 0 1
    outer loop
      vertex 8.19276 24.0389 3.2
      vertex 9.19509 23.0434 3.2
      vertex 8.56735 24.1481 3.2
    endloop
  endfacet
  facet normal 0 0 1
    outer loop
      vertex 9.19509 23.0434 3.2
      vertex 8.19276 24.0389 3.2
      vertex 8.93782 22.75 3.2
    endloop
  endfacet
  facet normal 0 0 1
    outer loop
      vertex 7.54181 22.3718 3.2
      vertex 8.19276 24.0389 3.2
      vertex 7.80489 24.0814 3.2
    endloop
  endfacet
  facet normal 0 0 1
    outer loop
      vertex 8.19276 24.0389 3.2
      vertex 7.54181 22.3718 3.2
      vertex 8.93782 22.75 3.2
    endloop
  endfacet
  facet normal 0 0 1
    outer loop
      vertex 8.93782 22.75 3.2
      vertex 7.54181 22.3718 3.2
      vertex 8.8124 22.3805 3.2
    endloop
  endfacet
  facet normal 0 0 1
    outer loop
      vertex 8.83792 21.9912 3.2
      vertex 7.48246 21.9862 3.2
      vertex 9.0105 21.6412 3.2
    endloop
  endfacet
  facet normal -0 0 1
    outer loop
      vertex 7.28004 21.6526 3.2
      vertex 9.0105 21.6412 3.2
      vertex 7.48246 21.9862 3.2
    endloop
  endfacet
  facet normal 0 0 1
    outer loop
      vertex 9.0105 21.6412 3.2
      vertex 7.28004 21.6526 3.2
      vertex 8.61732 20.1739 3.2
    endloop
  endfacet
  facet normal 0 0 1
    outer loop
      vertex 9.70711 19.9571 3.2
      vertex 11.2929 19.9571 3.2
      vertex 10.0627 21.2841 3.2
    endloop
  endfacet
  facet normal 0 0 1
    outer loop
      vertex 11 19.25 3.2
      vertex 10.6699 16.75 3.2
      vertex 10.7953 16.3805 3.2
    endloop
  endfacet
  facet normal 0 0 1
    outer loop
      vertex 11.0761 19.6327 3.2
      vertex 9.92388 19.6327 3.2
      vertex 11 19.25 3.2
    endloop
  endfacet
  facet normal 0 0 1
    outer loop
      vertex 9.92388 18.8673 3.2
      vertex 11 19.25 3.2
      vertex 10 19.25 3.2
    endloop
  endfacet
  facet normal 0 0 1
    outer loop
      vertex 11.2929 19.9571 3.2
      vertex 9.70711 19.9571 3.2
      vertex 11.0761 19.6327 3.2
    endloop
  endfacet
  facet normal 0 0 1
    outer loop
      vertex 11 19.25 3.2
      vertex 10.4126 17.0434 3.2
      vertex 10.6699 16.75 3.2
    endloop
  endfacet
  facet normal 0 0 1
    outer loop
      vertex 11 19.25 3.2
      vertex 9.92388 18.8673 3.2
      vertex 10.4126 17.0434 3.2
    endloop
  endfacet
  facet normal 0 0 1
    outer loop
      vertex 11 19.25 3.2
      vertex 9.92388 19.6327 3.2
      vertex 10 19.25 3.2
    endloop
  endfacet
  facet normal 0 0 1
    outer loop
      vertex 11.0761 19.6327 3.2
      vertex 9.70711 19.9571 3.2
      vertex 9.92388 19.6327 3.2
    endloop
  endfacet
  facet normal -0 0 1
    outer loop
      vertex 9.67332 21.2586 3.2
      vertex 9.70711 19.9571 3.2
      vertex 10.0627 21.2841 3.2
    endloop
  endfacet
  facet normal 0 0 1
    outer loop
      vertex 9.67332 21.2586 3.2
      vertex 9.38268 20.1739 3.2
      vertex 9.70711 19.9571 3.2
    endloop
  endfacet
  facet normal 0 0 1
    outer loop
      vertex 9.30385 21.384 3.2
      vertex 9.38268 20.1739 3.2
      vertex 9.67332 21.2586 3.2
    endloop
  endfacet
  facet normal 0 0 1
    outer loop
      vertex 9 20.25 3.2
      vertex 9.30385 21.384 3.2
      vertex 9.0105 21.6412 3.2
    endloop
  endfacet
  facet normal 0 0 1
    outer loop
      vertex 9.30385 21.384 3.2
      vertex 9 20.25 3.2
      vertex 9.38268 20.1739 3.2
    endloop
  endfacet
  facet normal 0 0 1
    outer loop
      vertex 7.48246 21.9862 3.2
      vertex 8.83792 21.9912 3.2
      vertex 7.54181 22.3718 3.2
    endloop
  endfacet
  facet normal 0 0 1
    outer loop
      vertex 9.0105 21.6412 3.2
      vertex 8.61732 20.1739 3.2
      vertex 9 20.25 3.2
    endloop
  endfacet
  facet normal -0 0 1
    outer loop
      vertex 7.54181 22.3718 3.2
      vertex 8.83792 21.9912 3.2
      vertex 8.8124 22.3805 3.2
    endloop
  endfacet
  facet normal 0 0 1
    outer loop
      vertex 11.3912 14.8472 3.2
      vertex 10.5972 15.6412 3.2
      vertex 11.134 14.5538 3.2
    endloop
  endfacet
  facet normal -0 0 1
    outer loop
      vertex 10.3038 15.384 3.2
      vertex 11.134 14.5538 3.2
      vertex 10.5972 15.6412 3.2
    endloop
  endfacet
  facet normal 0 0 1
    outer loop
      vertex 11.134 14.5538 3.2
      vertex 10.3038 15.384 3.2
      vertex 11.0086 14.1844 3.2
    endloop
  endfacet
  facet normal -0 0 1
    outer loop
      vertex 9.93437 15.2586 3.2
      vertex 11.0086 14.1844 3.2
      vertex 10.3038 15.384 3.2
    endloop
  endfacet
  facet normal 0 0 1
    outer loop
      vertex 11.0086 14.1844 3.2
      vertex 10.6305 12.4472 3.2
      vertex 11 12.3218 3.2
    endloop
  endfacet
  facet normal 0 0 1
    outer loop
      vertex 9.05932 13.7656 3.2
      vertex 11.0086 14.1844 3.2
      vertex 9.93437 15.2586 3.2
    endloop
  endfacet
  facet normal 0 -0 1
    outer loop
      vertex 10.2412 12.4217 3.2
      vertex 11.0086 14.1844 3.2
      vertex 9.1018 13.3778 3.2
    endloop
  endfacet
  facet normal 0 0 1
    outer loop
      vertex 11.0086 14.1844 3.2
      vertex 10.2412 12.4217 3.2
      vertex 10.6305 12.4472 3.2
    endloop
  endfacet
  facet normal 0 0 1
    outer loop
      vertex 10.2412 12.4217 3.2
      vertex 9.1018 13.3778 3.2
      vertex 9.89124 12.2491 3.2
    endloop
  endfacet
  facet normal 0 0 1
    outer loop
      vertex 9.05932 13.7656 3.2
      vertex 9.93437 15.2586 3.2
      vertex 9.54503 15.2841 3.2
    endloop
  endfacet
  facet normal -0 0 1
    outer loop
      vertex 8.99261 13.0032 3.2
      vertex 9.89124 12.2491 3.2
      vertex 9.1018 13.3778 3.2
    endloop
  endfacet
  facet normal 0 0 1
    outer loop
      vertex 8.56735 14.3519 3.2
      vertex 9.54503 15.2841 3.2
      vertex 9.19509 15.4566 3.2
    endloop
  endfacet
  facet normal 0 0 1
    outer loop
      vertex 10.4126 17.0434 3.2
      vertex 9.92388 18.8673 3.2
      vertex 10.0627 17.2159 3.2
    endloop
  endfacet
  facet normal -0 0 1
    outer loop
      vertex 9.70711 18.5429 3.2
      vertex 10.0627 17.2159 3.2
      vertex 9.92388 18.8673 3.2
    endloop
  endfacet
  facet normal 0 0 1
    outer loop
      vertex 9.70711 18.5429 3.2
      vertex 9.67332 17.2414 3.2
      vertex 10.0627 17.2159 3.2
    endloop
  endfacet
  facet normal -0 0 1
    outer loop
      vertex 9.38268 18.3261 3.2
      vertex 9.67332 17.2414 3.2
      vertex 9.70711 18.5429 3.2
    endloop
  endfacet
  facet normal 0 0 1
    outer loop
      vertex 9.38268 18.3261 3.2
      vertex 9.30385 17.116 3.2
      vertex 9.67332 17.2414 3.2
    endloop
  endfacet
  facet normal -0 0 1
    outer loop
      vertex 9 18.25 3.2
      vertex 9.30385 17.116 3.2
      vertex 9.38268 18.3261 3.2
    endloop
  endfacet
  facet normal 0 0 1
    outer loop
      vertex 9.30385 17.116 3.2
      vertex 9 18.25 3.2
      vertex 9.0105 16.8588 3.2
    endloop
  endfacet
  facet normal 0 0 1
    outer loop
      vertex 8.61732 18.3261 3.2
      vertex 9.0105 16.8588 3.2
      vertex 9 18.25 3.2
    endloop
  endfacet
  facet normal 0 0 1
    outer loop
      vertex 7.54181 16.1282 3.2
      vertex 8.61732 18.3261 3.2
      vertex 8.29289 18.5429 3.2
    endloop
  endfacet
  facet normal 0 0 1
    outer loop
      vertex 7.54181 16.1282 3.2
      vertex 9.0105 16.8588 3.2
      vertex 8.61732 18.3261 3.2
    endloop
  endfacet
  facet normal 0 0 1
    outer loop
      vertex 12.8636 11.2059 3.2
      vertex 11.4659 11.7146 3.2
      vertex 11.4914 11.3252 3.2
    endloop
  endfacet
  facet normal 0 0 1
    outer loop
      vertex 11.8695 13.0624 3.2
      vertex 11.2934 12.0645 3.2
      vertex 11.4659 11.7146 3.2
    endloop
  endfacet
  facet normal 0 0 1
    outer loop
      vertex 11 12.3218 3.2
      vertex 11.5 13.1878 3.2
      vertex 11.2066 13.4451 3.2
    endloop
  endfacet
  facet normal 0 0 1
    outer loop
      vertex 11 12.3218 3.2
      vertex 11.2066 13.4451 3.2
      vertex 11.0341 13.795 3.2
    endloop
  endfacet
  facet normal 0 0 1
    outer loop
      vertex 11.5 13.1878 3.2
      vertex 11 12.3218 3.2
      vertex 11.2934 12.0645 3.2
    endloop
  endfacet
  facet normal 0 0 1
    outer loop
      vertex 11.0086 14.1844 3.2
      vertex 11 12.3218 3.2
      vertex 11.0341 13.795 3.2
    endloop
  endfacet
  facet normal -0 0 1
    outer loop
      vertex 10.0627 21.2841 3.2
      vertex 11.2929 19.9571 3.2
      vertex 10.4126 21.4566 3.2
    endloop
  endfacet
  facet normal -0 0 1
    outer loop
      vertex 11.2934 26.4355 3.2
      vertex 11.8695 25.4376 3.2
      vertex 11.4659 26.7854 3.2
    endloop
  endfacet
  facet normal 0 0 1
    outer loop
      vertex 11.8695 25.4376 3.2
      vertex 11.2934 26.4355 3.2
      vertex 11.5 25.3122 3.2
    endloop
  endfacet
  facet normal -0 0 1
    outer loop
      vertex 11 26.1782 3.2
      vertex 11.5 25.3122 3.2
      vertex 11.2934 26.4355 3.2
    endloop
  endfacet
  facet normal 0 0 1
    outer loop
      vertex 11.5 25.3122 3.2
      vertex 11 26.1782 3.2
      vertex 11.2066 25.0549 3.2
    endloop
  endfacet
  facet normal 0 0 1
    outer loop
      vertex 11.2066 25.0549 3.2
      vertex 10.6305 26.0528 3.2
      vertex 11.0341 24.705 3.2
    endloop
  endfacet
  facet normal -0 0 1
    outer loop
      vertex 10.6305 26.0528 3.2
      vertex 11.2066 25.0549 3.2
      vertex 11 26.1782 3.2
    endloop
  endfacet
  facet normal 0 0 1
    outer loop
      vertex 14.2929 13.9571 3.2
      vertex 12.9659 14.3127 3.2
      vertex 12.9914 13.9233 3.2
    endloop
  endfacet
  facet normal 0 0 1
    outer loop
      vertex 13.3695 15.6605 3.2
      vertex 12.7934 14.6626 3.2
      vertex 12.9659 14.3127 3.2
    endloop
  endfacet
  facet normal 0 0 1
    outer loop
      vertex 12.5 14.9199 3.2
      vertex 13 15.7859 3.2
      vertex 12.7066 16.0432 3.2
    endloop
  endfacet
  facet normal 0 0 1
    outer loop
      vertex 12.1305 15.0453 3.2
      vertex 12.7066 16.0432 3.2
      vertex 12.5341 16.3931 3.2
    endloop
  endfacet
  facet normal 0 0 1
    outer loop
      vertex 13 15.7859 3.2
      vertex 12.5 14.9199 3.2
      vertex 12.7934 14.6626 3.2
    endloop
  endfacet
  facet normal 0 0 1
    outer loop
      vertex 10.7953 16.3805 3.2
      vertex 12.5341 16.3931 3.2
      vertex 12.5086 16.7825 3.2
    endloop
  endfacet
  facet normal 0 0 1
    outer loop
      vertex 13.6305 17.6434 3.2
      vertex 12.9239 18.8673 3.2
      vertex 13.2412 17.6179 3.2
    endloop
  endfacet
  facet normal -0 0 1
    outer loop
      vertex 12.7071 18.5429 3.2
      vertex 13.2412 17.6179 3.2
      vertex 12.9239 18.8673 3.2
    endloop
  endfacet
  facet normal 0 0 1
    outer loop
      vertex 13.2412 17.6179 3.2
      vertex 12.7071 18.5429 3.2
      vertex 12.8912 17.4453 3.2
    endloop
  endfacet
  facet normal -0 0 1
    outer loop
      vertex 12.3827 18.3261 3.2
      vertex 12.8912 17.4453 3.2
      vertex 12.7071 18.5429 3.2
    endloop
  endfacet
  facet normal 0 0 1
    outer loop
      vertex 12.8912 17.4453 3.2
      vertex 12.3827 18.3261 3.2
      vertex 12.634 17.1519 3.2
    endloop
  endfacet
  facet normal -0 0 1
    outer loop
      vertex 12 18.25 3.2
      vertex 12.634 17.1519 3.2
      vertex 12.3827 18.3261 3.2
    endloop
  endfacet
  facet normal 0 0 1
    outer loop
      vertex 12.634 17.1519 3.2
      vertex 12 18.25 3.2
      vertex 12.5086 16.7825 3.2
    endloop
  endfacet
  facet normal 0 0 1
    outer loop
      vertex 12.7066 16.0432 3.2
      vertex 12.1305 15.0453 3.2
      vertex 12.5 14.9199 3.2
    endloop
  endfacet
  facet normal 0 0 1
    outer loop
      vertex 11.6173 18.3261 3.2
      vertex 12.5086 16.7825 3.2
      vertex 12 18.25 3.2
    endloop
  endfacet
  facet normal 0 0 1
    outer loop
      vertex 12.5341 16.3931 3.2
      vertex 11.7412 15.0198 3.2
      vertex 12.1305 15.0453 3.2
    endloop
  endfacet
  facet normal 0 0 1
    outer loop
      vertex 10.7953 16.3805 3.2
      vertex 12.5086 16.7825 3.2
      vertex 11.6173 18.3261 3.2
    endloop
  endfacet
  facet normal 0 0 1
    outer loop
      vertex 10.7698 15.9912 3.2
      vertex 12.5341 16.3931 3.2
      vertex 10.7953 16.3805 3.2
    endloop
  endfacet
  facet normal 0 0 1
    outer loop
      vertex 10.7953 16.3805 3.2
      vertex 11.6173 18.3261 3.2
      vertex 11.2929 18.5429 3.2
    endloop
  endfacet
  facet normal 0 0 1
    outer loop
      vertex 12.5341 16.3931 3.2
      vertex 10.7698 15.9912 3.2
      vertex 11.7412 15.0198 3.2
    endloop
  endfacet
  facet normal 0 0 1
    outer loop
      vertex 10.7953 16.3805 3.2
      vertex 11.2929 18.5429 3.2
      vertex 11.0761 18.8673 3.2
    endloop
  endfacet
  facet normal 0 0 1
    outer loop
      vertex 11.7412 15.0198 3.2
      vertex 10.7698 15.9912 3.2
      vertex 11.3912 14.8472 3.2
    endloop
  endfacet
  facet normal 0 0 1
    outer loop
      vertex 10.7953 16.3805 3.2
      vertex 11.0761 18.8673 3.2
      vertex 11 19.25 3.2
    endloop
  endfacet
  facet normal -0 0 1
    outer loop
      vertex 12.7934 23.8374 3.2
      vertex 13.3695 22.8395 3.2
      vertex 12.9659 24.1873 3.2
    endloop
  endfacet
  facet normal 0 0 1
    outer loop
      vertex 13.3695 22.8395 3.2
      vertex 12.7934 23.8374 3.2
      vertex 13 22.7141 3.2
    endloop
  endfacet
  facet normal -0 0 1
    outer loop
      vertex 12.5 23.5801 3.2
      vertex 13 22.7141 3.2
      vertex 12.7934 23.8374 3.2
    endloop
  endfacet
  facet normal 0 0 1
    outer loop
      vertex 13 22.7141 3.2
      vertex 12.5 23.5801 3.2
      vertex 12.7066 22.4568 3.2
    endloop
  endfacet
  facet normal 0 0 1
    outer loop
      vertex 12.7066 22.4568 3.2
      vertex 12.1305 23.4547 3.2
      vertex 12.5341 22.1069 3.2
    endloop
  endfacet
  facet normal -0 0 1
    outer loop
      vertex 12.1305 23.4547 3.2
      vertex 12.7066 22.4568 3.2
      vertex 12.5 23.5801 3.2
    endloop
  endfacet
  facet normal 0 0 1
    outer loop
      vertex 15.5865 10.6032 3.2
      vertex 14.4135 10.6032 3.2
      vertex 14.422 10.2131 3.2
    endloop
  endfacet
  facet normal 0 0 1
    outer loop
      vertex 13.9745 11.2301 3.2
      vertex 14.6173 12.3261 3.2
      vertex 14.2929 12.5429 3.2
    endloop
  endfacet
  facet normal 0 0 1
    outer loop
      vertex 15 12.25 3.2
      vertex 14.2563 10.9603 3.2
      vertex 14.4135 10.6032 3.2
    endloop
  endfacet
  facet normal 0 0 1
    outer loop
      vertex 13.6108 11.3715 3.2
      vertex 14.2929 12.5429 3.2
      vertex 14.0761 12.8673 3.2
    endloop
  endfacet
  facet normal 0 0 1
    outer loop
      vertex 12.6088 13.2605 3.2
      vertex 14.0761 12.8673 3.2
      vertex 14 13.25 3.2
    endloop
  endfacet
  facet normal 0 0 1
    outer loop
      vertex 14.6173 12.3261 3.2
      vertex 13.9745 11.2301 3.2
      vertex 14.2563 10.9603 3.2
    endloop
  endfacet
  facet normal 0 0 1
    outer loop
      vertex 15.7066 21.2393 3.2
      vertex 14.2934 21.2393 3.2
      vertex 15 20.25 3.2
    endloop
  endfacet
  facet normal 0 0 1
    outer loop
      vertex 15 20.25 3.2
      vertex 14.2934 21.2393 3.2
      vertex 14.6173 20.1739 3.2
    endloop
  endfacet
  facet normal -0 0 1
    outer loop
      vertex 14 20.982 3.2
      vertex 14.6173 20.1739 3.2
      vertex 14.2934 21.2393 3.2
    endloop
  endfacet
  facet normal 0 0 1
    outer loop
      vertex 14.6173 20.1739 3.2
      vertex 14 20.982 3.2
      vertex 14.2929 19.9571 3.2
    endloop
  endfacet
  facet normal -0 0 1
    outer loop
      vertex 13.6305 20.8566 3.2
      vertex 14.2929 19.9571 3.2
      vertex 14 20.982 3.2
    endloop
  endfacet
  facet normal 0 0 1
    outer loop
      vertex 14.2929 19.9571 3.2
      vertex 13.6305 20.8566 3.2
      vertex 14.0761 19.6327 3.2
    endloop
  endfacet
  facet normal 0 0 1
    outer loop
      vertex 12.9239 19.6327 3.2
      vertex 14.0761 19.6327 3.2
      vertex 13.6305 20.8566 3.2
    endloop
  endfacet
  facet normal 0 0 1
    outer loop
      vertex 14.0761 19.6327 3.2
      vertex 12.9239 19.6327 3.2
      vertex 14 19.25 3.2
    endloop
  endfacet
  facet normal 0 0 1
    outer loop
      vertex 12.9239 18.8673 3.2
      vertex 14 19.25 3.2
      vertex 13 19.25 3.2
    endloop
  endfacet
  facet normal 0 0 1
    outer loop
      vertex 12.9239 19.6327 3.2
      vertex 13.6305 20.8566 3.2
      vertex 13.2412 20.8821 3.2
    endloop
  endfacet
  facet normal 0 0 1
    outer loop
      vertex 14 19.25 3.2
      vertex 13.6305 17.6434 3.2
      vertex 14 17.518 3.2
    endloop
  endfacet
  facet normal 0 0 1
    outer loop
      vertex 14 19.25 3.2
      vertex 12.9239 18.8673 3.2
      vertex 13.6305 17.6434 3.2
    endloop
  endfacet
  facet normal 0 0 1
    outer loop
      vertex 14 19.25 3.2
      vertex 12.9239 19.6327 3.2
      vertex 13 19.25 3.2
    endloop
  endfacet
  facet normal 0 0 1
    outer loop
      vertex 12.7071 19.9571 3.2
      vertex 13.2412 20.8821 3.2
      vertex 12.8912 21.0547 3.2
    endloop
  endfacet
  facet normal 0 0 1
    outer loop
      vertex 13.2412 20.8821 3.2
      vertex 12.7071 19.9571 3.2
      vertex 12.9239 19.6327 3.2
    endloop
  endfacet
  facet normal 0 0 1
    outer loop
      vertex 12.3827 20.1739 3.2
      vertex 12.8912 21.0547 3.2
      vertex 12.634 21.3481 3.2
    endloop
  endfacet
  facet normal 0 0 1
    outer loop
      vertex 12 20.25 3.2
      vertex 12.634 21.3481 3.2
      vertex 12.5086 21.7175 3.2
    endloop
  endfacet
  facet normal 0 0 1
    outer loop
      vertex 12.8912 21.0547 3.2
      vertex 12.3827 20.1739 3.2
      vertex 12.7071 19.9571 3.2
    endloop
  endfacet
  facet normal 0 0 1
    outer loop
      vertex 11.7412 23.4802 3.2
      vertex 12.5341 22.1069 3.2
      vertex 12.1305 23.4547 3.2
    endloop
  endfacet
  facet normal -0 0 1
    outer loop
      vertex 10.7698 22.5088 3.2
      vertex 12.5341 22.1069 3.2
      vertex 11.7412 23.4802 3.2
    endloop
  endfacet
  facet normal 0 0 1
    outer loop
      vertex 12.634 21.3481 3.2
      vertex 12 20.25 3.2
      vertex 12.3827 20.1739 3.2
    endloop
  endfacet
  facet normal -0 -0 1
    outer loop
      vertex 10.7953 22.1195 3.2
      vertex 12.5341 22.1069 3.2
      vertex 10.7698 22.5088 3.2
    endloop
  endfacet
  facet normal -0 0 1
    outer loop
      vertex 10.6699 21.75 3.2
      vertex 12.5086 21.7175 3.2
      vertex 10.7953 22.1195 3.2
    endloop
  endfacet
  facet normal 0 0 1
    outer loop
      vertex 10.7698 22.5088 3.2
      vertex 11.7412 23.4802 3.2
      vertex 11.3912 23.6528 3.2
    endloop
  endfacet
  facet normal 0 0 1
    outer loop
      vertex 12.5086 21.7175 3.2
      vertex 11.6173 20.1739 3.2
      vertex 12 20.25 3.2
    endloop
  endfacet
  facet normal 0 0 1
    outer loop
      vertex 10.5972 22.8588 3.2
      vertex 11.3912 23.6528 3.2
      vertex 11.134 23.9462 3.2
    endloop
  endfacet
  facet normal 0 0 1
    outer loop
      vertex 12.5086 21.7175 3.2
      vertex 10.6699 21.75 3.2
      vertex 11.6173 20.1739 3.2
    endloop
  endfacet
  facet normal 0 0 1
    outer loop
      vertex 10.3038 23.116 3.2
      vertex 11.134 23.9462 3.2
      vertex 11.0086 24.3156 3.2
    endloop
  endfacet
  facet normal -0 0 1
    outer loop
      vertex 10.4126 21.4566 3.2
      vertex 11.6173 20.1739 3.2
      vertex 10.6699 21.75 3.2
    endloop
  endfacet
  facet normal 0 0 1
    outer loop
      vertex 10.2412 26.0783 3.2
      vertex 11.0341 24.705 3.2
      vertex 10.6305 26.0528 3.2
    endloop
  endfacet
  facet normal 0 0 1
    outer loop
      vertex 11.6173 20.1739 3.2
      vertex 10.4126 21.4566 3.2
      vertex 11.2929 19.9571 3.2
    endloop
  endfacet
  facet normal -0 0 1
    outer loop
      vertex 10.5972 15.6412 3.2
      vertex 11.3912 14.8472 3.2
      vertex 10.7698 15.9912 3.2
    endloop
  endfacet
  facet normal 0 0 1
    outer loop
      vertex 12.5341 22.1069 3.2
      vertex 10.7953 22.1195 3.2
      vertex 12.5086 21.7175 3.2
    endloop
  endfacet
  facet normal -0 0 1
    outer loop
      vertex 9.1018 25.1222 3.2
      vertex 11.0341 24.705 3.2
      vertex 10.2412 26.0783 3.2
    endloop
  endfacet
  facet normal 0 0 1
    outer loop
      vertex 11.3912 23.6528 3.2
      vertex 10.5972 22.8588 3.2
      vertex 10.7698 22.5088 3.2
    endloop
  endfacet
  facet normal 0 0 1
    outer loop
      vertex 11.134 23.9462 3.2
      vertex 10.3038 23.116 3.2
      vertex 10.5972 22.8588 3.2
    endloop
  endfacet
  facet normal -0 0 1
    outer loop
      vertex 9.05932 24.7344 3.2
      vertex 11.0341 24.705 3.2
      vertex 9.1018 25.1222 3.2
    endloop
  endfacet
  facet normal 0 0 1
    outer loop
      vertex 11.0086 24.3156 3.2
      vertex 9.93437 23.2414 3.2
      vertex 10.3038 23.116 3.2
    endloop
  endfacet
  facet normal 0 0 1
    outer loop
      vertex 9.1018 25.1222 3.2
      vertex 10.2412 26.0783 3.2
      vertex 9.89124 26.2509 3.2
    endloop
  endfacet
  facet normal 0 0 1
    outer loop
      vertex 8.99261 25.4968 3.2
      vertex 9.89124 26.2509 3.2
      vertex 9.63398 26.5442 3.2
    endloop
  endfacet
  facet normal 0 0 1
    outer loop
      vertex 11.0341 24.705 3.2
      vertex 9.05932 24.7344 3.2
      vertex 11.0086 24.3156 3.2
    endloop
  endfacet
  facet normal 0 0 1
    outer loop
      vertex 8.74839 25.8011 3.2
      vertex 9.63398 26.5442 3.2
      vertex 9.50856 26.9137 3.2
    endloop
  endfacet
  facet normal 0 0 1
    outer loop
      vertex 11.0086 24.3156 3.2
      vertex 9.05932 24.7344 3.2
      vertex 9.93437 23.2414 3.2
    endloop
  endfacet
  facet normal 0 0 1
    outer loop
      vertex 15.8912 15.8586 3.2
      vertex 14.1088 15.8586 3.2
      vertex 15 14.25 3.2
    endloop
  endfacet
  facet normal 0 0 1
    outer loop
      vertex 15 14.25 3.2
      vertex 14.1088 15.8586 3.2
      vertex 14.6173 14.1739 3.2
    endloop
  endfacet
  facet normal -0 0 1
    outer loop
      vertex 13.7588 15.686 3.2
      vertex 14.6173 14.1739 3.2
      vertex 14.1088 15.8586 3.2
    endloop
  endfacet
  facet normal 0 0 1
    outer loop
      vertex 14.6173 14.1739 3.2
      vertex 13.7588 15.686 3.2
      vertex 14.2929 13.9571 3.2
    endloop
  endfacet
  facet normal -0 0 1
    outer loop
      vertex 12.9659 14.3127 3.2
      vertex 14.2929 13.9571 3.2
      vertex 13.7588 15.686 3.2
    endloop
  endfacet
  facet normal 0 0 1
    outer loop
      vertex 14.2929 13.9571 3.2
      vertex 12.9914 13.9233 3.2
      vertex 14.0761 13.6327 3.2
    endloop
  endfacet
  facet normal 0 0 1
    outer loop
      vertex 14.0761 13.6327 3.2
      vertex 12.9914 13.9233 3.2
      vertex 14 13.25 3.2
    endloop
  endfacet
  facet normal -0 0 1
    outer loop
      vertex 12.866 13.5538 3.2
      vertex 14 13.25 3.2
      vertex 12.9914 13.9233 3.2
    endloop
  endfacet
  facet normal 0 0 1
    outer loop
      vertex 12.9659 14.3127 3.2
      vertex 13.7588 15.686 3.2
      vertex 13.3695 15.6605 3.2
    endloop
  endfacet
  facet normal -0 0 1
    outer loop
      vertex 12.6088 13.2605 3.2
      vertex 14 13.25 3.2
      vertex 12.866 13.5538 3.2
    endloop
  endfacet
  facet normal 0 0 1
    outer loop
      vertex 12.7934 14.6626 3.2
      vertex 13.3695 15.6605 3.2
      vertex 13 15.7859 3.2
    endloop
  endfacet
  facet normal 0 0 1
    outer loop
      vertex 14.2929 12.5429 3.2
      vertex 13.6108 11.3715 3.2
      vertex 13.9745 11.2301 3.2
    endloop
  endfacet
  facet normal 0 0 1
    outer loop
      vertex 14.0761 12.8673 3.2
      vertex 12.6088 13.2605 3.2
      vertex 13.2207 11.363 3.2
    endloop
  endfacet
  facet normal 0 0 1
    outer loop
      vertex 14.0761 12.8673 3.2
      vertex 13.2207 11.363 3.2
      vertex 13.6108 11.3715 3.2
    endloop
  endfacet
  facet normal -0 0 1
    outer loop
      vertex 12.2588 13.0879 3.2
      vertex 13.2207 11.363 3.2
      vertex 12.6088 13.2605 3.2
    endloop
  endfacet
  facet normal 0 0 1
    outer loop
      vertex 13.2207 11.363 3.2
      vertex 12.2588 13.0879 3.2
      vertex 12.8636 11.2059 3.2
    endloop
  endfacet
  facet normal -0 0 1
    outer loop
      vertex 11.4659 11.7146 3.2
      vertex 12.8636 11.2059 3.2
      vertex 12.2588 13.0879 3.2
    endloop
  endfacet
  facet normal 0 0 1
    outer loop
      vertex 12.8636 11.2059 3.2
      vertex 11.4914 11.3252 3.2
      vertex 12.5938 10.924 3.2
    endloop
  endfacet
  facet normal 0 0 1
    outer loop
      vertex 15.7437 27.5397 3.2
      vertex 14.2563 27.5397 3.2
      vertex 15 26.25 3.2
    endloop
  endfacet
  facet normal 0 0 1
    outer loop
      vertex 15 26.25 3.2
      vertex 14.2563 27.5397 3.2
      vertex 14.6173 26.1739 3.2
    endloop
  endfacet
  facet normal -0 0 1
    outer loop
      vertex 13.9745 27.2699 3.2
      vertex 14.6173 26.1739 3.2
      vertex 14.2563 27.5397 3.2
    endloop
  endfacet
  facet normal 0 0 1
    outer loop
      vertex 14.6173 26.1739 3.2
      vertex 13.9745 27.2699 3.2
      vertex 14.2929 25.9571 3.2
    endloop
  endfacet
  facet normal -0 0 1
    outer loop
      vertex 13.6108 27.1285 3.2
      vertex 14.2929 25.9571 3.2
      vertex 13.9745 27.2699 3.2
    endloop
  endfacet
  facet normal 0 0 1
    outer loop
      vertex 14.2929 25.9571 3.2
      vertex 13.6108 27.1285 3.2
      vertex 14.0761 25.6327 3.2
    endloop
  endfacet
  facet normal 0 0 1
    outer loop
      vertex 17.0761 19.6327 3.2
      vertex 15.9239 19.6327 3.2
      vertex 16 19.25 3.2
    endloop
  endfacet
  facet normal 0 0 1
    outer loop
      vertex 16.3695 20.8566 3.2
      vertex 15.7071 19.9571 3.2
      vertex 15.9239 19.6327 3.2
    endloop
  endfacet
  facet normal 0 0 1
    outer loop
      vertex 15.3827 20.1739 3.2
      vertex 16 20.982 3.2
      vertex 15.7066 21.2393 3.2
    endloop
  endfacet
  facet normal -0 0 1
    outer loop
      vertex 14.4659 21.5893 3.2
      vertex 15.7066 21.2393 3.2
      vertex 15.5341 21.5893 3.2
    endloop
  endfacet
  facet normal 0 0 1
    outer loop
      vertex 16 20.982 3.2
      vertex 15.3827 20.1739 3.2
      vertex 15.7071 19.9571 3.2
    endloop
  endfacet
  facet normal -0 0 1
    outer loop
      vertex 14.4914 21.9786 3.2
      vertex 15.5341 21.5893 3.2
      vertex 15.5086 21.9786 3.2
    endloop
  endfacet
  facet normal 0 0 1
    outer loop
      vertex 15.8912 22.6414 3.2
      vertex 14.1088 22.6414 3.2
      vertex 15.634 22.3481 3.2
    endloop
  endfacet
  facet normal 0 0 1
    outer loop
      vertex 15.634 22.3481 3.2
      vertex 14.366 22.3481 3.2
      vertex 15.5086 21.9786 3.2
    endloop
  endfacet
  facet normal 0 0 1
    outer loop
      vertex 14.4659 21.5893 3.2
      vertex 15.5341 21.5893 3.2
      vertex 14.4914 21.9786 3.2
    endloop
  endfacet
  facet normal 0 0 1
    outer loop
      vertex 14.1088 22.6414 3.2
      vertex 15 24.25 3.2
      vertex 14.6173 24.3261 3.2
    endloop
  endfacet
  facet normal 0 0 1
    outer loop
      vertex 15.7066 21.2393 3.2
      vertex 15 20.25 3.2
      vertex 15.3827 20.1739 3.2
    endloop
  endfacet
  facet normal 0 0 1
    outer loop
      vertex 14.2934 21.2393 3.2
      vertex 15.7066 21.2393 3.2
      vertex 14.4659 21.5893 3.2
    endloop
  endfacet
  facet normal 0 0 1
    outer loop
      vertex 15.5086 21.9786 3.2
      vertex 14.366 22.3481 3.2
      vertex 14.4914 21.9786 3.2
    endloop
  endfacet
  facet normal 0 0 1
    outer loop
      vertex 13.7588 22.814 3.2
      vertex 14.6173 24.3261 3.2
      vertex 14.2929 24.5429 3.2
    endloop
  endfacet
  facet normal 0 0 1
    outer loop
      vertex 15.634 22.3481 3.2
      vertex 14.1088 22.6414 3.2
      vertex 14.366 22.3481 3.2
    endloop
  endfacet
  facet normal -0 0 1
    outer loop
      vertex 12.9914 24.5767 3.2
      vertex 14.2929 24.5429 3.2
      vertex 14.0761 24.8673 3.2
    endloop
  endfacet
  facet normal 0 0 1
    outer loop
      vertex 12.9914 24.5767 3.2
      vertex 14.0761 24.8673 3.2
      vertex 14 25.25 3.2
    endloop
  endfacet
  facet normal 0 0 1
    outer loop
      vertex 14.6173 24.3261 3.2
      vertex 13.7588 22.814 3.2
      vertex 14.1088 22.6414 3.2
    endloop
  endfacet
  facet normal 0 0 1
    outer loop
      vertex 13.2207 27.137 3.2
      vertex 14.0761 25.6327 3.2
      vertex 13.6108 27.1285 3.2
    endloop
  endfacet
  facet normal 0 0 1
    outer loop
      vertex 12.6088 25.2395 3.2
      vertex 14.0761 25.6327 3.2
      vertex 13.2207 27.137 3.2
    endloop
  endfacet
  facet normal 0 0 1
    outer loop
      vertex 12.9659 24.1873 3.2
      vertex 14.2929 24.5429 3.2
      vertex 12.9914 24.5767 3.2
    endloop
  endfacet
  facet normal 0 0 1
    outer loop
      vertex 14.0761 25.6327 3.2
      vertex 12.6088 25.2395 3.2
      vertex 14 25.25 3.2
    endloop
  endfacet
  facet normal 0 0 1
    outer loop
      vertex 14.2929 24.5429 3.2
      vertex 12.9659 24.1873 3.2
      vertex 13.7588 22.814 3.2
    endloop
  endfacet
  facet normal 0 0 1
    outer loop
      vertex 13.7588 22.814 3.2
      vertex 12.9659 24.1873 3.2
      vertex 13.3695 22.8395 3.2
    endloop
  endfacet
  facet normal 0 0 1
    outer loop
      vertex 14 25.25 3.2
      vertex 12.866 24.9462 3.2
      vertex 12.9914 24.5767 3.2
    endloop
  endfacet
  facet normal 0 0 1
    outer loop
      vertex 12.2588 25.4121 3.2
      vertex 13.2207 27.137 3.2
      vertex 12.8636 27.2941 3.2
    endloop
  endfacet
  facet normal 0 0 1
    outer loop
      vertex 14 25.25 3.2
      vertex 12.6088 25.2395 3.2
      vertex 12.866 24.9462 3.2
    endloop
  endfacet
  facet normal 0 0 1
    outer loop
      vertex 11.4914 27.1748 3.2
      vertex 12.8636 27.2941 3.2
      vertex 12.5938 27.576 3.2
    endloop
  endfacet
  facet normal 0 0 1
    outer loop
      vertex 11.4914 27.1748 3.2
      vertex 12.5938 27.576 3.2
      vertex 12.4524 27.9396 3.2
    endloop
  endfacet
  facet normal 0 0 1
    outer loop
      vertex 13.2207 27.137 3.2
      vertex 12.2588 25.4121 3.2
      vertex 12.6088 25.2395 3.2
    endloop
  endfacet
  facet normal 0 0 1
    outer loop
      vertex 17.3912 25.2395 3.2
      vertex 15.9239 25.6327 3.2
      vertex 16 25.25 3.2
    endloop
  endfacet
  facet normal 0 0 1
    outer loop
      vertex 15.3827 26.1739 3.2
      vertex 16.0255 27.2699 3.2
      vertex 15.7437 27.5397 3.2
    endloop
  endfacet
  facet normal 0 0 1
    outer loop
      vertex 16.3892 27.1285 3.2
      vertex 15.7071 25.9571 3.2
      vertex 15.9239 25.6327 3.2
    endloop
  endfacet
  facet normal 0 0 1
    outer loop
      vertex 14.4135 27.8968 3.2
      vertex 15.5865 27.8968 3.2
      vertex 14.422 28.2869 3.2
    endloop
  endfacet
  facet normal 0 0 1
    outer loop
      vertex 16.0255 27.2699 3.2
      vertex 15.3827 26.1739 3.2
      vertex 15.7071 25.9571 3.2
    endloop
  endfacet
  facet normal -0 0 1
    outer loop
      vertex 14.422 28.2869 3.2
      vertex 15.5865 27.8968 3.2
      vertex 15.578 28.2869 3.2
    endloop
  endfacet
  facet normal -0 0 1
    outer loop
      vertex 15.7071 12.5429 3.2
      vertex 16.3892 11.3715 3.2
      vertex 15.9239 12.8673 3.2
    endloop
  endfacet
  facet normal 0 0 1
    outer loop
      vertex 16.3892 11.3715 3.2
      vertex 15.7071 12.5429 3.2
      vertex 16.0255 11.2301 3.2
    endloop
  endfacet
  facet normal -0 0 1
    outer loop
      vertex 15.3827 12.3261 3.2
      vertex 16.0255 11.2301 3.2
      vertex 15.7071 12.5429 3.2
    endloop
  endfacet
  facet normal 0 0 1
    outer loop
      vertex 16.0255 11.2301 3.2
      vertex 15.3827 12.3261 3.2
      vertex 15.7437 10.9603 3.2
    endloop
  endfacet
  facet normal 0 0 1
    outer loop
      vertex 14.4135 10.6032 3.2
      vertex 15.7437 10.9603 3.2
      vertex 15 12.25 3.2
    endloop
  endfacet
  facet normal -0 0 1
    outer loop
      vertex 15 12.25 3.2
      vertex 15.7437 10.9603 3.2
      vertex 15.3827 12.3261 3.2
    endloop
  endfacet
  facet normal 0 0 1
    outer loop
      vertex 19.2047 22.1195 3.2
      vertex 17.4659 22.1069 3.2
      vertex 17.4914 21.7175 3.2
    endloop
  endfacet
  facet normal 0 0 1
    outer loop
      vertex 17.8695 23.4547 3.2
      vertex 17.2934 22.4568 3.2
      vertex 17.4659 22.1069 3.2
    endloop
  endfacet
  facet normal 0 0 1
    outer loop
      vertex 17 22.7141 3.2
      vertex 17.5 23.5801 3.2
      vertex 17.2066 23.8374 3.2
    endloop
  endfacet
  facet normal 0 0 1
    outer loop
      vertex 16.6305 22.8395 3.2
      vertex 17.2066 23.8374 3.2
      vertex 17.0341 24.1873 3.2
    endloop
  endfacet
  facet normal 0 0 1
    outer loop
      vertex 17.5 23.5801 3.2
      vertex 17 22.7141 3.2
      vertex 17.2934 22.4568 3.2
    endloop
  endfacet
  facet normal -0 0 1
    outer loop
      vertex 15.7071 24.5429 3.2
      vertex 17.0341 24.1873 3.2
      vertex 17.0086 24.5767 3.2
    endloop
  endfacet
  facet normal 0 0 1
    outer loop
      vertex 18.5086 11.3252 3.2
      vertex 17.4062 10.924 3.2
      vertex 17.5476 10.5604 3.2
    endloop
  endfacet
  facet normal 0 0 1
    outer loop
      vertex 16.7793 11.363 3.2
      vertex 17.7412 13.0879 3.2
      vertex 17.3912 13.2605 3.2
    endloop
  endfacet
  facet normal 0 0 1
    outer loop
      vertex 18.5341 11.7146 3.2
      vertex 17.1364 11.2059 3.2
      vertex 17.4062 10.924 3.2
    endloop
  endfacet
  facet normal 0 0 1
    outer loop
      vertex 16 13.25 3.2
      vertex 17.3912 13.2605 3.2
      vertex 17.134 13.5538 3.2
    endloop
  endfacet
  facet normal 0 0 1
    outer loop
      vertex 16 13.25 3.2
      vertex 17.134 13.5538 3.2
      vertex 17.0086 13.9233 3.2
    endloop
  endfacet
  facet normal 0 0 1
    outer loop
      vertex 17.7412 13.0879 3.2
      vertex 16.7793 11.363 3.2
      vertex 17.1364 11.2059 3.2
    endloop
  endfacet
  facet normal 0 0 1
    outer loop
      vertex 16.2412 15.686 3.2
      vertex 17.0341 14.3127 3.2
      vertex 16.6305 15.6605 3.2
    endloop
  endfacet
  facet normal 0 0 1
    outer loop
      vertex 17.0341 14.3127 3.2
      vertex 15.7071 13.9571 3.2
      vertex 17.0086 13.9233 3.2
    endloop
  endfacet
  facet normal 0 0 1
    outer loop
      vertex 15.9239 12.8673 3.2
      vertex 17.3912 13.2605 3.2
      vertex 16 13.25 3.2
    endloop
  endfacet
  facet normal 0 0 1
    outer loop
      vertex 17.0341 14.3127 3.2
      vertex 16.2412 15.686 3.2
      vertex 15.7071 13.9571 3.2
    endloop
  endfacet
  facet normal 0 0 1
    outer loop
      vertex 17.3912 13.2605 3.2
      vertex 15.9239 12.8673 3.2
      vertex 16.7793 11.363 3.2
    endloop
  endfacet
  facet normal 0 0 1
    outer loop
      vertex 16.7793 11.363 3.2
      vertex 15.9239 12.8673 3.2
      vertex 16.3892 11.3715 3.2
    endloop
  endfacet
  facet normal 0 0 1
    outer loop
      vertex 17.0086 13.9233 3.2
      vertex 15.9239 13.6327 3.2
      vertex 16 13.25 3.2
    endloop
  endfacet
  facet normal 0 0 1
    outer loop
      vertex 15.3827 14.1739 3.2
      vertex 16.2412 15.686 3.2
      vertex 15.8912 15.8586 3.2
    endloop
  endfacet
  facet normal 0 0 1
    outer loop
      vertex 17.0086 13.9233 3.2
      vertex 15.7071 13.9571 3.2
      vertex 15.9239 13.6327 3.2
    endloop
  endfacet
  facet normal -0 0 1
    outer loop
      vertex 14.366 16.1519 3.2
      vertex 15.8912 15.8586 3.2
      vertex 15.634 16.1519 3.2
    endloop
  endfacet
  facet normal -0 0 1
    outer loop
      vertex 14.4914 16.5214 3.2
      vertex 15.634 16.1519 3.2
      vertex 15.5086 16.5214 3.2
    endloop
  endfacet
  facet normal 0 0 1
    outer loop
      vertex 16.2412 15.686 3.2
      vertex 15.3827 14.1739 3.2
      vertex 15.7071 13.9571 3.2
    endloop
  endfacet
  facet normal 0 0 1
    outer loop
      vertex 15.7066 17.2607 3.2
      vertex 14.2934 17.2607 3.2
      vertex 15.5341 16.9107 3.2
    endloop
  endfacet
  facet normal 0 0 1
    outer loop
      vertex 15.5341 16.9107 3.2
      vertex 14.4659 16.9107 3.2
      vertex 15.5086 16.5214 3.2
    endloop
  endfacet
  facet normal 0 0 1
    outer loop
      vertex 14.366 16.1519 3.2
      vertex 15.634 16.1519 3.2
      vertex 14.4914 16.5214 3.2
    endloop
  endfacet
  facet normal 0 0 1
    outer loop
      vertex 14.2934 17.2607 3.2
      vertex 15 18.25 3.2
      vertex 14.6173 18.3261 3.2
    endloop
  endfacet
  facet normal 0 0 1
    outer loop
      vertex 15.8912 15.8586 3.2
      vertex 15 14.25 3.2
      vertex 15.3827 14.1739 3.2
    endloop
  endfacet
  facet normal 0 0 1
    outer loop
      vertex 14.1088 15.8586 3.2
      vertex 15.8912 15.8586 3.2
      vertex 14.366 16.1519 3.2
    endloop
  endfacet
  facet normal 0 0 1
    outer loop
      vertex 15.5086 16.5214 3.2
      vertex 14.4659 16.9107 3.2
      vertex 14.4914 16.5214 3.2
    endloop
  endfacet
  facet normal 0 0 1
    outer loop
      vertex 15.5341 16.9107 3.2
      vertex 14.2934 17.2607 3.2
      vertex 14.4659 16.9107 3.2
    endloop
  endfacet
  facet normal 0 0 1
    outer loop
      vertex 14 17.518 3.2
      vertex 14.6173 18.3261 3.2
      vertex 14.2929 18.5429 3.2
    endloop
  endfacet
  facet normal 0 0 1
    outer loop
      vertex 14 17.518 3.2
      vertex 14.2929 18.5429 3.2
      vertex 14.0761 18.8673 3.2
    endloop
  endfacet
  facet normal 0 0 1
    outer loop
      vertex 14 17.518 3.2
      vertex 14.0761 18.8673 3.2
      vertex 14 19.25 3.2
    endloop
  endfacet
  facet normal 0 0 1
    outer loop
      vertex 14.6173 18.3261 3.2
      vertex 14 17.518 3.2
      vertex 14.2934 17.2607 3.2
    endloop
  endfacet
  facet normal -0 0 1
    outer loop
      vertex 17.1364 27.2941 3.2
      vertex 18.5341 26.7854 3.2
      vertex 17.4062 27.576 3.2
    endloop
  endfacet
  facet normal 0 0 1
    outer loop
      vertex 18.5341 26.7854 3.2
      vertex 17.1364 27.2941 3.2
      vertex 17.7412 25.4121 3.2
    endloop
  endfacet
  facet normal -0 0 1
    outer loop
      vertex 16.7793 27.137 3.2
      vertex 17.7412 25.4121 3.2
      vertex 17.1364 27.2941 3.2
    endloop
  endfacet
  facet normal 0 0 1
    outer loop
      vertex 17.7412 25.4121 3.2
      vertex 16.7793 27.137 3.2
      vertex 17.3912 25.2395 3.2
    endloop
  endfacet
  facet normal -0 0 1
    outer loop
      vertex 15.9239 25.6327 3.2
      vertex 17.3912 25.2395 3.2
      vertex 16.7793 27.137 3.2
    endloop
  endfacet
  facet normal 0 0 1
    outer loop
      vertex 17.3912 25.2395 3.2
      vertex 16 25.25 3.2
      vertex 17.134 24.9462 3.2
    endloop
  endfacet
  facet normal 0 0 1
    outer loop
      vertex 17.134 24.9462 3.2
      vertex 16 25.25 3.2
      vertex 17.0086 24.5767 3.2
    endloop
  endfacet
  facet normal -0 0 1
    outer loop
      vertex 15.9239 24.8673 3.2
      vertex 17.0086 24.5767 3.2
      vertex 16 25.25 3.2
    endloop
  endfacet
  facet normal 0 0 1
    outer loop
      vertex 15.9239 25.6327 3.2
      vertex 16.7793 27.137 3.2
      vertex 16.3892 27.1285 3.2
    endloop
  endfacet
  facet normal 0 0 1
    outer loop
      vertex 15.7071 24.5429 3.2
      vertex 17.0086 24.5767 3.2
      vertex 15.9239 24.8673 3.2
    endloop
  endfacet
  facet normal 0 0 1
    outer loop
      vertex 15.7071 25.9571 3.2
      vertex 16.3892 27.1285 3.2
      vertex 16.0255 27.2699 3.2
    endloop
  endfacet
  facet normal 0 0 1
    outer loop
      vertex 17.2066 23.8374 3.2
      vertex 16.6305 22.8395 3.2
      vertex 17 22.7141 3.2
    endloop
  endfacet
  facet normal 0 -0 1
    outer loop
      vertex 16.2412 22.814 3.2
      vertex 17.0341 24.1873 3.2
      vertex 15.7071 24.5429 3.2
    endloop
  endfacet
  facet normal 0 0 1
    outer loop
      vertex 17.0341 24.1873 3.2
      vertex 16.2412 22.814 3.2
      vertex 16.6305 22.8395 3.2
    endloop
  endfacet
  facet normal -0 0 1
    outer loop
      vertex 15.3827 24.3261 3.2
      vertex 16.2412 22.814 3.2
      vertex 15.7071 24.5429 3.2
    endloop
  endfacet
  facet normal 0 0 1
    outer loop
      vertex 16.2412 22.814 3.2
      vertex 15.3827 24.3261 3.2
      vertex 15.8912 22.6414 3.2
    endloop
  endfacet
  facet normal -0 0 1
    outer loop
      vertex 15 24.25 3.2
      vertex 15.8912 22.6414 3.2
      vertex 15.3827 24.3261 3.2
    endloop
  endfacet
  facet normal 0 0 1
    outer loop
      vertex 14.1088 22.6414 3.2
      vertex 15.8912 22.6414 3.2
      vertex 15 24.25 3.2
    endloop
  endfacet
  facet normal -0 0 1
    outer loop
      vertex 17.2934 16.0432 3.2
      vertex 17.8695 15.0453 3.2
      vertex 17.4659 16.3931 3.2
    endloop
  endfacet
  facet normal 0 0 1
    outer loop
      vertex 17.8695 15.0453 3.2
      vertex 17.2934 16.0432 3.2
      vertex 17.5 14.9199 3.2
    endloop
  endfacet
  facet normal -0 0 1
    outer loop
      vertex 17 15.7859 3.2
      vertex 17.5 14.9199 3.2
      vertex 17.2934 16.0432 3.2
    endloop
  endfacet
  facet normal 0 0 1
    outer loop
      vertex 17.5 14.9199 3.2
      vertex 17 15.7859 3.2
      vertex 17.2066 14.6626 3.2
    endloop
  endfacet
  facet normal 0 0 1
    outer loop
      vertex 17.2066 14.6626 3.2
      vertex 16.6305 15.6605 3.2
      vertex 17.0341 14.3127 3.2
    endloop
  endfacet
  facet normal -0 0 1
    outer loop
      vertex 16.6305 15.6605 3.2
      vertex 17.2066 14.6626 3.2
      vertex 17 15.7859 3.2
    endloop
  endfacet
  facet normal 0 0 1
    outer loop
      vertex 19.4028 22.8588 3.2
      vertex 18.6088 23.6528 3.2
      vertex 19.2302 22.5088 3.2
    endloop
  endfacet
  facet normal 0 0 1
    outer loop
      vertex 19.3695 26.0528 3.2
      vertex 18.9659 24.705 3.2
      vertex 18.9914 24.3156 3.2
    endloop
  endfacet
  facet normal 0 0 1
    outer loop
      vertex 19.3695 26.0528 3.2
      vertex 18.7934 25.0549 3.2
      vertex 18.9659 24.705 3.2
    endloop
  endfacet
  facet normal 0 0 1
    outer loop
      vertex 18.5 25.3122 3.2
      vertex 19 26.1782 3.2
      vertex 18.7066 26.4355 3.2
    endloop
  endfacet
  facet normal 0 0 1
    outer loop
      vertex 18.1305 25.4376 3.2
      vertex 18.7066 26.4355 3.2
      vertex 18.5341 26.7854 3.2
    endloop
  endfacet
  facet normal 0 0 1
    outer loop
      vertex 19 26.1782 3.2
      vertex 18.5 25.3122 3.2
      vertex 18.7934 25.0549 3.2
    endloop
  endfacet
  facet normal -0 0 1
    outer loop
      vertex 17.4062 27.576 3.2
      vertex 18.5086 27.1748 3.2
      vertex 17.5476 27.9396 3.2
    endloop
  endfacet
  facet normal 0 0 1
    outer loop
      vertex 19.2047 22.1195 3.2
      vertex 18.9239 19.6327 3.2
      vertex 19 19.25 3.2
    endloop
  endfacet
  facet normal -0 0 1
    outer loop
      vertex 18.2588 23.4802 3.2
      vertex 19.2302 22.5088 3.2
      vertex 18.6088 23.6528 3.2
    endloop
  endfacet
  facet normal 0 0 1
    outer loop
      vertex 19.2047 22.1195 3.2
      vertex 18.7071 19.9571 3.2
      vertex 18.9239 19.6327 3.2
    endloop
  endfacet
  facet normal 0 0 1
    outer loop
      vertex 17.4659 22.1069 3.2
      vertex 19.2302 22.5088 3.2
      vertex 18.2588 23.4802 3.2
    endloop
  endfacet
  facet normal 0 0 1
    outer loop
      vertex 19.2047 22.1195 3.2
      vertex 18.3827 20.1739 3.2
      vertex 18.7071 19.9571 3.2
    endloop
  endfacet
  facet normal 0 0 1
    outer loop
      vertex 17.4659 22.1069 3.2
      vertex 19.2047 22.1195 3.2
      vertex 19.2302 22.5088 3.2
    endloop
  endfacet
  facet normal 0 0 1
    outer loop
      vertex 19.2047 22.1195 3.2
      vertex 17.4914 21.7175 3.2
      vertex 18.3827 20.1739 3.2
    endloop
  endfacet
  facet normal 0 0 1
    outer loop
      vertex 17.4659 22.1069 3.2
      vertex 18.2588 23.4802 3.2
      vertex 17.8695 23.4547 3.2
    endloop
  endfacet
  facet normal 0 0 1
    outer loop
      vertex 18.3827 20.1739 3.2
      vertex 17.4914 21.7175 3.2
      vertex 18 20.25 3.2
    endloop
  endfacet
  facet normal 0 0 1
    outer loop
      vertex 17.2934 22.4568 3.2
      vertex 17.8695 23.4547 3.2
      vertex 17.5 23.5801 3.2
    endloop
  endfacet
  facet normal -0 0 1
    outer loop
      vertex 17.366 21.3481 3.2
      vertex 18 20.25 3.2
      vertex 17.4914 21.7175 3.2
    endloop
  endfacet
  facet normal 0 0 1
    outer loop
      vertex 18 20.25 3.2
      vertex 17.366 21.3481 3.2
      vertex 17.6173 20.1739 3.2
    endloop
  endfacet
  facet normal -0 0 1
    outer loop
      vertex 17.1088 21.0547 3.2
      vertex 17.6173 20.1739 3.2
      vertex 17.366 21.3481 3.2
    endloop
  endfacet
  facet normal 0 0 1
    outer loop
      vertex 17.6173 20.1739 3.2
      vertex 17.1088 21.0547 3.2
      vertex 17.2929 19.9571 3.2
    endloop
  endfacet
  facet normal -0 0 1
    outer loop
      vertex 16.7588 20.8821 3.2
      vertex 17.2929 19.9571 3.2
      vertex 17.1088 21.0547 3.2
    endloop
  endfacet
  facet normal 0 0 1
    outer loop
      vertex 17.2929 19.9571 3.2
      vertex 16.7588 20.8821 3.2
      vertex 17.0761 19.6327 3.2
    endloop
  endfacet
  facet normal -0 0 1
    outer loop
      vertex 16.3695 20.8566 3.2
      vertex 17.0761 19.6327 3.2
      vertex 16.7588 20.8821 3.2
    endloop
  endfacet
  facet normal -0 0 1
    outer loop
      vertex 18.7934 13.4451 3.2
      vertex 19.3695 12.4472 3.2
      vertex 18.9659 13.795 3.2
    endloop
  endfacet
  facet normal 0 0 1
    outer loop
      vertex 19.3695 12.4472 3.2
      vertex 18.7934 13.4451 3.2
      vertex 19 12.3218 3.2
    endloop
  endfacet
  facet normal -0 0 1
    outer loop
      vertex 18.5 13.1878 3.2
      vertex 19 12.3218 3.2
      vertex 18.7934 13.4451 3.2
    endloop
  endfacet
  facet normal 0 0 1
    outer loop
      vertex 19 12.3218 3.2
      vertex 18.5 13.1878 3.2
      vertex 18.7066 12.0645 3.2
    endloop
  endfacet
  facet normal 0 0 1
    outer loop
      vertex 18.7066 12.0645 3.2
      vertex 18.1305 13.0624 3.2
      vertex 18.5341 11.7146 3.2
    endloop
  endfacet
  facet normal -0 0 1
    outer loop
      vertex 18.1305 13.0624 3.2
      vertex 18.7066 12.0645 3.2
      vertex 18.5 13.1878 3.2
    endloop
  endfacet
  facet normal -0 0 1
    outer loop
      vertex 18.9914 14.1844 3.2
      vertex 20.9407 13.7656 3.2
      vertex 20.0656 15.2586 3.2
    endloop
  endfacet
  facet normal 0 0 1
    outer loop
      vertex 20.8982 13.3778 3.2
      vertex 20.366 11.9558 3.2
      vertex 20.4914 11.5863 3.2
    endloop
  endfacet
  facet normal 0 0 1
    outer loop
      vertex 20.8982 13.3778 3.2
      vertex 20.1088 12.2491 3.2
      vertex 20.366 11.9558 3.2
    endloop
  endfacet
  facet normal -0 0 1
    outer loop
      vertex 18.9659 13.795 3.2
      vertex 20.9407 13.7656 3.2
      vertex 18.9914 14.1844 3.2
    endloop
  endfacet
  facet normal 0 0 1
    outer loop
      vertex 20.8982 13.3778 3.2
      vertex 19.7588 12.4217 3.2
      vertex 20.1088 12.2491 3.2
    endloop
  endfacet
  facet normal 0 0 1
    outer loop
      vertex 18.9914 14.1844 3.2
      vertex 20.0656 15.2586 3.2
      vertex 19.6962 15.384 3.2
    endloop
  endfacet
  facet normal 0 0 1
    outer loop
      vertex 18.866 14.5538 3.2
      vertex 19.6962 15.384 3.2
      vertex 19.4028 15.6412 3.2
    endloop
  endfacet
  facet normal 0 0 1
    outer loop
      vertex 20.9407 13.7656 3.2
      vertex 18.9659 13.795 3.2
      vertex 20.8982 13.3778 3.2
    endloop
  endfacet
  facet normal 0 0 1
    outer loop
      vertex 18.6088 14.8472 3.2
      vertex 19.4028 15.6412 3.2
      vertex 19.2302 15.9912 3.2
    endloop
  endfacet
  facet normal -0 0 1
    outer loop
      vertex 17.4659 16.3931 3.2
      vertex 19.2047 16.3805 3.2
      vertex 17.4914 16.7825 3.2
    endloop
  endfacet
  facet normal 0 0 1
    outer loop
      vertex 19.9373 17.2159 3.2
      vertex 18.7071 18.5429 3.2
      vertex 19.5874 17.0434 3.2
    endloop
  endfacet
  facet normal -0 0 1
    outer loop
      vertex 18.3827 18.3261 3.2
      vertex 19.5874 17.0434 3.2
      vertex 18.7071 18.5429 3.2
    endloop
  endfacet
  facet normal 0 0 1
    outer loop
      vertex 20.8982 13.3778 3.2
      vertex 18.9659 13.795 3.2
      vertex 19.7588 12.4217 3.2
    endloop
  endfacet
  facet normal 0 0 1
    outer loop
      vertex 19.7588 12.4217 3.2
      vertex 18.9659 13.795 3.2
      vertex 19.3695 12.4472 3.2
    endloop
  endfacet
  facet normal 0 0 1
    outer loop
      vertex 19.5874 17.0434 3.2
      vertex 18.3827 18.3261 3.2
      vertex 19.3301 16.75 3.2
    endloop
  endfacet
  facet normal 0 0 1
    outer loop
      vertex 19.6962 15.384 3.2
      vertex 18.866 14.5538 3.2
      vertex 18.9914 14.1844 3.2
    endloop
  endfacet
  facet normal -0 0 1
    outer loop
      vertex 17.4914 16.7825 3.2
      vertex 19.3301 16.75 3.2
      vertex 18.3827 18.3261 3.2
    endloop
  endfacet
  facet normal 0 0 1
    outer loop
      vertex 19.4028 15.6412 3.2
      vertex 18.6088 14.8472 3.2
      vertex 18.866 14.5538 3.2
    endloop
  endfacet
  facet normal 0 0 1
    outer loop
      vertex 19.3301 16.75 3.2
      vertex 17.4914 16.7825 3.2
      vertex 19.2047 16.3805 3.2
    endloop
  endfacet
  facet normal 0 0 1
    outer loop
      vertex 19.2047 16.3805 3.2
      vertex 17.4659 16.3931 3.2
      vertex 19.2302 15.9912 3.2
    endloop
  endfacet
  facet normal 0 0 1
    outer loop
      vertex 17.4914 16.7825 3.2
      vertex 18.3827 18.3261 3.2
      vertex 18 18.25 3.2
    endloop
  endfacet
  facet normal 0 0 1
    outer loop
      vertex 19.2302 15.9912 3.2
      vertex 18.2588 15.0198 3.2
      vertex 18.6088 14.8472 3.2
    endloop
  endfacet
  facet normal 0 0 1
    outer loop
      vertex 17.366 17.1519 3.2
      vertex 18 18.25 3.2
      vertex 17.6173 18.3261 3.2
    endloop
  endfacet
  facet normal 0 0 1
    outer loop
      vertex 19.2302 15.9912 3.2
      vertex 17.4659 16.3931 3.2
      vertex 18.2588 15.0198 3.2
    endloop
  endfacet
  facet normal 0 0 1
    outer loop
      vertex 18.2588 15.0198 3.2
      vertex 17.4659 16.3931 3.2
      vertex 17.8695 15.0453 3.2
    endloop
  endfacet
  facet normal 0 0 1
    outer loop
      vertex 18 18.25 3.2
      vertex 17.366 17.1519 3.2
      vertex 17.4914 16.7825 3.2
    endloop
  endfacet
  facet normal 0 0 1
    outer loop
      vertex 17.1088 17.4453 3.2
      vertex 17.6173 18.3261 3.2
      vertex 17.2929 18.5429 3.2
    endloop
  endfacet
  facet normal 0 0 1
    outer loop
      vertex 17.6173 18.3261 3.2
      vertex 17.1088 17.4453 3.2
      vertex 17.366 17.1519 3.2
    endloop
  endfacet
  facet normal 0 0 1
    outer loop
      vertex 16.7588 17.6179 3.2
      vertex 17.2929 18.5429 3.2
      vertex 17.0761 18.8673 3.2
    endloop
  endfacet
  facet normal 0 0 1
    outer loop
      vertex 15.9239 18.8673 3.2
      vertex 17.0761 18.8673 3.2
      vertex 17 19.25 3.2
    endloop
  endfacet
  facet normal 0 0 1
    outer loop
      vertex 15.9239 19.6327 3.2
      vertex 17.0761 19.6327 3.2
      vertex 16.3695 20.8566 3.2
    endloop
  endfacet
  facet normal 0 0 1
    outer loop
      vertex 15.9239 18.8673 3.2
      vertex 17 19.25 3.2
      vertex 16 19.25 3.2
    endloop
  endfacet
  facet normal 0 0 1
    outer loop
      vertex 17.0761 19.6327 3.2
      vertex 16 19.25 3.2
      vertex 17 19.25 3.2
    endloop
  endfacet
  facet normal 0 0 1
    outer loop
      vertex 17.2929 18.5429 3.2
      vertex 16.7588 17.6179 3.2
      vertex 17.1088 17.4453 3.2
    endloop
  endfacet
  facet normal 0 0 1
    outer loop
      vertex 15.7071 19.9571 3.2
      vertex 16.3695 20.8566 3.2
      vertex 16 20.982 3.2
    endloop
  endfacet
  facet normal 0 -0 1
    outer loop
      vertex 16.3695 17.6434 3.2
      vertex 17.0761 18.8673 3.2
      vertex 15.9239 18.8673 3.2
    endloop
  endfacet
  facet normal 0 0 1
    outer loop
      vertex 17.0761 18.8673 3.2
      vertex 16.3695 17.6434 3.2
      vertex 16.7588 17.6179 3.2
    endloop
  endfacet
  facet normal -0 0 1
    outer loop
      vertex 15.7071 18.5429 3.2
      vertex 16.3695 17.6434 3.2
      vertex 15.9239 18.8673 3.2
    endloop
  endfacet
  facet normal 0 0 1
    outer loop
      vertex 16.3695 17.6434 3.2
      vertex 15.7071 18.5429 3.2
      vertex 16 17.518 3.2
    endloop
  endfacet
  facet normal -0 0 1
    outer loop
      vertex 15.3827 18.3261 3.2
      vertex 16 17.518 3.2
      vertex 15.7071 18.5429 3.2
    endloop
  endfacet
  facet normal 0 0 1
    outer loop
      vertex 16 17.518 3.2
      vertex 15.3827 18.3261 3.2
      vertex 15.7066 17.2607 3.2
    endloop
  endfacet
  facet normal 0 0 1
    outer loop
      vertex 14.2934 17.2607 3.2
      vertex 15.7066 17.2607 3.2
      vertex 15 18.25 3.2
    endloop
  endfacet
  facet normal -0 0 1
    outer loop
      vertex 15 18.25 3.2
      vertex 15.7066 17.2607 3.2
      vertex 15.3827 18.3261 3.2
    endloop
  endfacet
  facet normal 0 0 1
    outer loop
      vertex 21.4327 24.1481 3.2
      vertex 20.455 23.2159 3.2
      vertex 20.8049 23.0434 3.2
    endloop
  endfacet
  facet normal 0 0 1
    outer loop
      vertex 21.0074 25.4968 3.2
      vertex 20.1088 26.2509 3.2
      vertex 20.8982 25.1222 3.2
    endloop
  endfacet
  facet normal -0 0 1
    outer loop
      vertex 19.7588 26.0783 3.2
      vertex 20.8982 25.1222 3.2
      vertex 20.1088 26.2509 3.2
    endloop
  endfacet
  facet normal 0 0 1
    outer loop
      vertex 18.9914 24.3156 3.2
      vertex 19.7588 26.0783 3.2
      vertex 19.3695 26.0528 3.2
    endloop
  endfacet
  facet normal 0 0 1
    outer loop
      vertex 20.8982 25.1222 3.2
      vertex 20.0656 23.2414 3.2
      vertex 20.455 23.2159 3.2
    endloop
  endfacet
  facet normal 0 0 1
    outer loop
      vertex 19.7588 26.0783 3.2
      vertex 18.9914 24.3156 3.2
      vertex 20.8982 25.1222 3.2
    endloop
  endfacet
  facet normal 0 0 1
    outer loop
      vertex 20.8982 25.1222 3.2
      vertex 18.9914 24.3156 3.2
      vertex 20.0656 23.2414 3.2
    endloop
  endfacet
  facet normal 0 0 1
    outer loop
      vertex 18.7934 25.0549 3.2
      vertex 19.3695 26.0528 3.2
      vertex 19 26.1782 3.2
    endloop
  endfacet
  facet normal 0 0 1
    outer loop
      vertex 20.0656 23.2414 3.2
      vertex 18.9914 24.3156 3.2
      vertex 19.6962 23.116 3.2
    endloop
  endfacet
  facet normal -0 0 1
    outer loop
      vertex 18.866 23.9462 3.2
      vertex 19.6962 23.116 3.2
      vertex 18.9914 24.3156 3.2
    endloop
  endfacet
  facet normal -0 0 1
    outer loop
      vertex 18.6088 23.6528 3.2
      vertex 19.4028 22.8588 3.2
      vertex 18.866 23.9462 3.2
    endloop
  endfacet
  facet normal 0 0 1
    outer loop
      vertex 19.6962 23.116 3.2
      vertex 18.866 23.9462 3.2
      vertex 19.4028 22.8588 3.2
    endloop
  endfacet
  facet normal 0 0 1
    outer loop
      vertex 22.4582 16.1282 3.2
      vertex 21.1621 16.5088 3.2
      vertex 21.1876 16.1195 3.2
    endloop
  endfacet
  facet normal 0 0 1
    outer loop
      vertex 20.9895 16.8588 3.2
      vertex 21.3827 18.3261 3.2
      vertex 21 18.25 3.2
    endloop
  endfacet
  facet normal 0 0 1
    outer loop
      vertex 22.72 16.8474 3.2
      vertex 20.9895 16.8588 3.2
      vertex 21.1621 16.5088 3.2
    endloop
  endfacet
  facet normal 0 0 1
    outer loop
      vertex 21 18.25 3.2
      vertex 20.6962 17.116 3.2
      vertex 20.9895 16.8588 3.2
    endloop
  endfacet
  facet normal 0 0 1
    outer loop
      vertex 20.6173 18.3261 3.2
      vertex 20.6962 17.116 3.2
      vertex 21 18.25 3.2
    endloop
  endfacet
  facet normal 0 0 1
    outer loop
      vertex 20.6173 18.3261 3.2
      vertex 20.3267 17.2414 3.2
      vertex 20.6962 17.116 3.2
    endloop
  endfacet
  facet normal 0 0 1
    outer loop
      vertex 20.2929 18.5429 3.2
      vertex 20.3267 17.2414 3.2
      vertex 20.6173 18.3261 3.2
    endloop
  endfacet
  facet normal -0 0 1
    outer loop
      vertex 18.9239 18.8673 3.2
      vertex 20.2929 18.5429 3.2
      vertex 20.0761 18.8673 3.2
    endloop
  endfacet
  facet normal -0 0 1
    outer loop
      vertex 19 19.25 3.2
      vertex 20.0761 18.8673 3.2
      vertex 20 19.25 3.2
    endloop
  endfacet
  facet normal 0 0 1
    outer loop
      vertex 20.2929 18.5429 3.2
      vertex 19.9373 17.2159 3.2
      vertex 20.3267 17.2414 3.2
    endloop
  endfacet
  facet normal 0 0 1
    outer loop
      vertex 19 19.25 3.2
      vertex 20.0761 19.6327 3.2
      vertex 19.5874 21.4566 3.2
    endloop
  endfacet
  facet normal 0 0 1
    outer loop
      vertex 19 19.25 3.2
      vertex 19.5874 21.4566 3.2
      vertex 19.3301 21.75 3.2
    endloop
  endfacet
  facet normal 0 0 1
    outer loop
      vertex 18.7071 18.5429 3.2
      vertex 20.2929 18.5429 3.2
      vertex 18.9239 18.8673 3.2
    endloop
  endfacet
  facet normal 0 0 1
    outer loop
      vertex 20.0761 19.6327 3.2
      vertex 19 19.25 3.2
      vertex 20 19.25 3.2
    endloop
  endfacet
  facet normal 0 0 1
    outer loop
      vertex 18.9239 18.8673 3.2
      vertex 20.0761 18.8673 3.2
      vertex 19 19.25 3.2
    endloop
  endfacet
  facet normal 0 0 1
    outer loop
      vertex 19 19.25 3.2
      vertex 19.3301 21.75 3.2
      vertex 19.2047 22.1195 3.2
    endloop
  endfacet
  facet normal 0 0 1
    outer loop
      vertex 20.2929 18.5429 3.2
      vertex 18.7071 18.5429 3.2
      vertex 19.9373 17.2159 3.2
    endloop
  endfacet
  facet normal -0 0 1
    outer loop
      vertex 20.9895 16.8588 3.2
      vertex 22.72 16.8474 3.2
      vertex 21.3827 18.3261 3.2
    endloop
  endfacet
  facet normal 0 0 1
    outer loop
      vertex 22.72 16.8474 3.2
      vertex 21.1621 16.5088 3.2
      vertex 22.5175 16.5138 3.2
    endloop
  endfacet
  facet normal 0 0 1
    outer loop
      vertex 21.0622 15.75 3.2
      vertex 22.4582 16.1282 3.2
      vertex 21.1876 16.1195 3.2
    endloop
  endfacet
  facet normal 0 -0 1
    outer loop
      vertex 21.8072 14.4611 3.2
      vertex 22.4582 16.1282 3.2
      vertex 21.0622 15.75 3.2
    endloop
  endfacet
  facet normal -0 0 1
    outer loop
      vertex 21.1621 16.5088 3.2
      vertex 22.4582 16.1282 3.2
      vertex 22.5175 16.5138 3.2
    endloop
  endfacet
  facet normal 0 0 1
    outer loop
      vertex 22.4582 16.1282 3.2
      vertex 21.8072 14.4611 3.2
      vertex 22.1951 14.4186 3.2
    endloop
  endfacet
  facet normal -0 0 1
    outer loop
      vertex 20.8049 15.4566 3.2
      vertex 21.8072 14.4611 3.2
      vertex 21.0622 15.75 3.2
    endloop
  endfacet
  facet normal 0 0 1
    outer loop
      vertex 21.8072 14.4611 3.2
      vertex 20.8049 15.4566 3.2
      vertex 21.4327 14.3519 3.2
    endloop
  endfacet
  facet normal -0 0 1
    outer loop
      vertex 20.455 15.2841 3.2
      vertex 21.4327 14.3519 3.2
      vertex 20.8049 15.4566 3.2
    endloop
  endfacet
  facet normal 0 0 1
    outer loop
      vertex 21.4327 14.3519 3.2
      vertex 20.455 15.2841 3.2
      vertex 21.1284 14.1077 3.2
    endloop
  endfacet
  facet normal -0 0 1
    outer loop
      vertex 20.0656 15.2586 3.2
      vertex 21.1284 14.1077 3.2
      vertex 20.455 15.2841 3.2
    endloop
  endfacet
  facet normal 0 0 1
    outer loop
      vertex 21.7071 19.9571 3.2
      vertex 21.1621 21.9912 3.2
      vertex 21.3827 20.1739 3.2
    endloop
  endfacet
  facet normal -0 0 1
    outer loop
      vertex 20.9895 21.6412 3.2
      vertex 21.3827 20.1739 3.2
      vertex 21.1621 21.9912 3.2
    endloop
  endfacet
  facet normal 0 0 1
    outer loop
      vertex 21.3827 20.1739 3.2
      vertex 20.9895 21.6412 3.2
      vertex 21 20.25 3.2
    endloop
  endfacet
  facet normal -0 0 1
    outer loop
      vertex 20.6962 21.384 3.2
      vertex 21 20.25 3.2
      vertex 20.9895 21.6412 3.2
    endloop
  endfacet
  facet normal 0 0 1
    outer loop
      vertex 20.6962 21.384 3.2
      vertex 20.6173 20.1739 3.2
      vertex 21 20.25 3.2
    endloop
  endfacet
  facet normal -0 0 1
    outer loop
      vertex 20.3267 21.2586 3.2
      vertex 20.6173 20.1739 3.2
      vertex 20.6962 21.384 3.2
    endloop
  endfacet
  facet normal 0 0 1
    outer loop
      vertex 20.3267 21.2586 3.2
      vertex 20.2929 19.9571 3.2
      vertex 20.6173 20.1739 3.2
    endloop
  endfacet
  facet normal 0 0 1
    outer loop
      vertex 19.9373 21.2841 3.2
      vertex 20.2929 19.9571 3.2
      vertex 20.3267 21.2586 3.2
    endloop
  endfacet
  facet normal 0 0 1
    outer loop
      vertex 20.2929 19.9571 3.2
      vertex 19.9373 21.2841 3.2
      vertex 20.0761 19.6327 3.2
    endloop
  endfacet
  facet normal 0 0 1
    outer loop
      vertex 19.5874 21.4566 3.2
      vertex 20.0761 19.6327 3.2
      vertex 19.9373 21.2841 3.2
    endloop
  endfacet
  facet normal 0 0 1
    outer loop
      vertex 22.5372 14.231 3.2
      vertex 23.1152 15.2321 3.2
      vertex 22.7816 15.4345 3.2
    endloop
  endfacet
  facet normal 0 0 1
    outer loop
      vertex 23.1152 15.2321 3.2
      vertex 22.7814 13.9267 3.2
      vertex 22.8906 13.5521 3.2
    endloop
  endfacet
  facet normal 0 0 1
    outer loop
      vertex 22.1951 14.4186 3.2
      vertex 22.7816 15.4345 3.2
      vertex 22.5509 15.7492 3.2
    endloop
  endfacet
  facet normal 0 0 1
    outer loop
      vertex 23.1152 15.2321 3.2
      vertex 22.5372 14.231 3.2
      vertex 22.7814 13.9267 3.2
    endloop
  endfacet
  facet normal 0 0 1
    outer loop
      vertex 22.1951 14.4186 3.2
      vertex 22.5509 15.7492 3.2
      vertex 22.4582 16.1282 3.2
    endloop
  endfacet
  facet normal 0 0 1
    outer loop
      vertex 22.7816 15.4345 3.2
      vertex 22.1951 14.4186 3.2
      vertex 22.5372 14.231 3.2
    endloop
  endfacet
  facet normal 0 0 1
    outer loop
      vertex 23.0346 17.0781 3.2
      vertex 21.7071 18.5429 3.2
      vertex 22.72 16.8474 3.2
    endloop
  endfacet
  facet normal -0 0 1
    outer loop
      vertex 21.3827 18.3261 3.2
      vertex 22.72 16.8474 3.2
      vertex 21.7071 18.5429 3.2
    endloop
  endfacet
  facet normal 0 0 1
    outer loop
      vertex 22.1951 24.0814 3.2
      vertex 21.9239 19.6327 3.2
      vertex 22 19.25 3.2
    endloop
  endfacet
  facet normal 0 0 1
    outer loop
      vertex 21.0622 22.75 3.2
      vertex 22.1951 24.0814 3.2
      vertex 21.8072 24.0389 3.2
    endloop
  endfacet
  facet normal 0 0 1
    outer loop
      vertex 22.1951 24.0814 3.2
      vertex 21.7071 19.9571 3.2
      vertex 21.9239 19.6327 3.2
    endloop
  endfacet
  facet normal 0 0 1
    outer loop
      vertex 20.8049 23.0434 3.2
      vertex 21.8072 24.0389 3.2
      vertex 21.4327 24.1481 3.2
    endloop
  endfacet
  facet normal 0 0 1
    outer loop
      vertex 21.1621 21.9912 3.2
      vertex 22.1951 24.0814 3.2
      vertex 21.1876 22.3805 3.2
    endloop
  endfacet
  facet normal 0 0 1
    outer loop
      vertex 22.1951 24.0814 3.2
      vertex 21.1621 21.9912 3.2
      vertex 21.7071 19.9571 3.2
    endloop
  endfacet
  facet normal 0 0 1
    outer loop
      vertex 20.455 23.2159 3.2
      vertex 21.4327 24.1481 3.2
      vertex 21.1284 24.3923 3.2
    endloop
  endfacet
  facet normal 0 0 1
    outer loop
      vertex 22.1951 24.0814 3.2
      vertex 21.0622 22.75 3.2
      vertex 21.1876 22.3805 3.2
    endloop
  endfacet
  facet normal 0 0 1
    outer loop
      vertex 20.455 23.2159 3.2
      vertex 21.1284 24.3923 3.2
      vertex 20.9407 24.7344 3.2
    endloop
  endfacet
  facet normal 0 0 1
    outer loop
      vertex 20.455 23.2159 3.2
      vertex 20.9407 24.7344 3.2
      vertex 20.8982 25.1222 3.2
    endloop
  endfacet
  facet normal 0 0 1
    outer loop
      vertex 21.8072 24.0389 3.2
      vertex 20.8049 23.0434 3.2
      vertex 21.0622 22.75 3.2
    endloop
  endfacet
  facet normal 0 0 1
    outer loop
      vertex 23.5009 23.3272 3.2
      vertex 22.7814 24.5733 3.2
      vertex 23.1152 23.2679 3.2
    endloop
  endfacet
  facet normal -0 0 1
    outer loop
      vertex 22.5372 24.269 3.2
      vertex 23.1152 23.2679 3.2
      vertex 22.7814 24.5733 3.2
    endloop
  endfacet
  facet normal 0 0 1
    outer loop
      vertex 23.1152 23.2679 3.2
      vertex 22.5372 24.269 3.2
      vertex 22.7816 23.0655 3.2
    endloop
  endfacet
  facet normal -0 0 1
    outer loop
      vertex 22.1951 24.0814 3.2
      vertex 22.7816 23.0655 3.2
      vertex 22.5372 24.269 3.2
    endloop
  endfacet
  facet normal 0 0 1
    outer loop
      vertex 22.7816 23.0655 3.2
      vertex 22.1951 24.0814 3.2
      vertex 22.5509 22.7508 3.2
    endloop
  endfacet
  facet normal 0 0 1
    outer loop
      vertex 22 19.25 3.2
      vertex 22.4582 22.3718 3.2
      vertex 22.1951 24.0814 3.2
    endloop
  endfacet
  facet normal 0 0 1
    outer loop
      vertex 22.5509 22.7508 3.2
      vertex 22.1951 24.0814 3.2
      vertex 22.4582 22.3718 3.2
    endloop
  endfacet
  facet normal 0 0 1
    outer loop
      vertex 24.3635 16.5944 3.2
      vertex 24.7071 18.5429 3.2
      vertex 24.3827 18.3261 3.2
    endloop
  endfacet
  facet normal 0 0 1
    outer loop
      vertex 24.7071 18.5429 3.2
      vertex 24.3635 16.5944 3.2
      vertex 24.4563 16.2154 3.2
    endloop
  endfacet
  facet normal 0 0 1
    outer loop
      vertex 24.3827 18.3261 3.2
      vertex 24.1328 16.9091 3.2
      vertex 24.3635 16.5944 3.2
    endloop
  endfacet
  facet normal -0 0 1
    outer loop
      vertex 24 18.25 3.2
      vertex 24.1328 16.9091 3.2
      vertex 24.3827 18.3261 3.2
    endloop
  endfacet
  facet normal 0 0 1
    outer loop
      vertex 24 18.25 3.2
      vertex 23.7993 17.1115 3.2
      vertex 24.1328 16.9091 3.2
    endloop
  endfacet
  facet normal 0 0 1
    outer loop
      vertex 23.6173 18.3261 3.2
      vertex 23.7993 17.1115 3.2
      vertex 24 18.25 3.2
    endloop
  endfacet
  facet normal 0 0 1
    outer loop
      vertex 23.6173 18.3261 3.2
      vertex 23.4136 17.1709 3.2
      vertex 23.7993 17.1115 3.2
    endloop
  endfacet
  facet normal 0 0 1
    outer loop
      vertex 23.2929 18.5429 3.2
      vertex 23.4136 17.1709 3.2
      vertex 23.6173 18.3261 3.2
    endloop
  endfacet
  facet normal 0 0 1
    outer loop
      vertex 21.9239 18.8673 3.2
      vertex 23.0761 18.8673 3.2
      vertex 22 19.25 3.2
    endloop
  endfacet
  facet normal 0 0 1
    outer loop
      vertex 23.2929 18.5429 3.2
      vertex 23.0346 17.0781 3.2
      vertex 23.4136 17.1709 3.2
    endloop
  endfacet
  facet normal -0 0 1
    outer loop
      vertex 22 19.25 3.2
      vertex 23.0761 18.8673 3.2
      vertex 23 19.25 3.2
    endloop
  endfacet
  facet normal 0 0 1
    outer loop
      vertex 22 19.25 3.2
      vertex 22.72 21.6526 3.2
      vertex 22.5175 21.9862 3.2
    endloop
  endfacet
  facet normal 0 0 1
    outer loop
      vertex 23.0761 18.8673 3.2
      vertex 21.9239 18.8673 3.2
      vertex 23.2929 18.5429 3.2
    endloop
  endfacet
  facet normal 0 0 1
    outer loop
      vertex 23.0761 19.6327 3.2
      vertex 22 19.25 3.2
      vertex 23 19.25 3.2
    endloop
  endfacet
  facet normal 0 0 1
    outer loop
      vertex 21.7071 18.5429 3.2
      vertex 23.2929 18.5429 3.2
      vertex 21.9239 18.8673 3.2
    endloop
  endfacet
  facet normal 0 0 1
    outer loop
      vertex 22 19.25 3.2
      vertex 22.5175 21.9862 3.2
      vertex 22.4582 22.3718 3.2
    endloop
  endfacet
  facet normal 0 0 1
    outer loop
      vertex 23.2929 18.5429 3.2
      vertex 21.7071 18.5429 3.2
      vertex 23.0346 17.0781 3.2
    endloop
  endfacet
  facet normal 0 0 1
    outer loop
      vertex 52.55 38.5 3.2
      vertex 53.35 37.7 3.2
      vertex 53.3431 37.8044 3.2
    endloop
  endfacet
  facet normal 0 0 1
    outer loop
      vertex 53.35 37.7 3.2
      vertex 49 19.25 3.2
      vertex 53.35 0.800003 3.2
    endloop
  endfacet
  facet normal 0 0 1
    outer loop
      vertex 52.55 38.5 3.2
      vertex 53.3431 37.8044 3.2
      vertex 53.3227 37.9071 3.2
    endloop
  endfacet
  facet normal -0 0 1
    outer loop
      vertex 48.8769 17.6857 3.2
      vertex 53.35 0.800003 3.2
      vertex 49 19.25 3.2
    endloop
  endfacet
  facet normal 0 0 1
    outer loop
      vertex 52.55 38.5 3.2
      vertex 53.3227 37.9071 3.2
      vertex 53.2891 38.0061 3.2
    endloop
  endfacet
  facet normal -0 0 1
    outer loop
      vertex 48.5106 16.1598 3.2
      vertex 53.35 0.800003 3.2
      vertex 48.8769 17.6857 3.2
    endloop
  endfacet
  facet normal 0 0 1
    outer loop
      vertex 52.55 38.5 3.2
      vertex 53.2891 38.0061 3.2
      vertex 53.2428 38.1 3.2
    endloop
  endfacet
  facet normal -0 0 1
    outer loop
      vertex 47.9101 14.7101 3.2
      vertex 53.35 0.800003 3.2
      vertex 48.5106 16.1598 3.2
    endloop
  endfacet
  facet normal 0 0 1
    outer loop
      vertex 52.55 38.5 3.2
      vertex 53.2428 38.1 3.2
      vertex 53.1847 38.187 3.2
    endloop
  endfacet
  facet normal -0 0 1
    outer loop
      vertex 47.0902 13.3721 3.2
      vertex 53.35 0.800003 3.2
      vertex 47.9101 14.7101 3.2
    endloop
  endfacet
  facet normal 0 0 1
    outer loop
      vertex 52.55 38.5 3.2
      vertex 53.1847 38.187 3.2
      vertex 53.1157 38.2657 3.2
    endloop
  endfacet
  facet normal -0 0 1
    outer loop
      vertex 46.0711 12.1789 3.2
      vertex 53.35 0.800003 3.2
      vertex 47.0902 13.3721 3.2
    endloop
  endfacet
  facet normal 0 0 1
    outer loop
      vertex 52.55 38.5 3.2
      vertex 53.1157 38.2657 3.2
      vertex 53.037 38.3347 3.2
    endloop
  endfacet
  facet normal -0 0 1
    outer loop
      vertex 44.8779 11.1598 3.2
      vertex 53.35 0.800003 3.2
      vertex 46.0711 12.1789 3.2
    endloop
  endfacet
  facet normal 0 0 1
    outer loop
      vertex 52.55 38.5 3.2
      vertex 53.037 38.3347 3.2
      vertex 52.95 38.3928 3.2
    endloop
  endfacet
  facet normal 0 -0 1
    outer loop
      vertex 52.55 0 3.2
      vertex 53.35 0.800003 3.2
      vertex 44.8779 11.1598 3.2
    endloop
  endfacet
  facet normal 0 0 1
    outer loop
      vertex 52.55 38.5 3.2
      vertex 52.95 38.3928 3.2
      vertex 52.8561 38.4391 3.2
    endloop
  endfacet
  facet normal 0 0 1
    outer loop
      vertex 53.35 0.800003 3.2
      vertex 52.55 0 3.2
      vertex 53.3431 0.695587 3.2
    endloop
  endfacet
  facet normal 0 0 1
    outer loop
      vertex 52.55 38.5 3.2
      vertex 52.8561 38.4391 3.2
      vertex 52.757 38.4727 3.2
    endloop
  endfacet
  facet normal 0 0 1
    outer loop
      vertex 53.3431 0.695587 3.2
      vertex 52.55 0 3.2
      vertex 53.3227 0.592941 3.2
    endloop
  endfacet
  facet normal 0 0 1
    outer loop
      vertex 52.55 38.5 3.2
      vertex 52.757 38.4727 3.2
      vertex 52.6544 38.4931 3.2
    endloop
  endfacet
  facet normal 0 0 1
    outer loop
      vertex 53.3227 0.592941 3.2
      vertex 52.55 0 3.2
      vertex 53.2891 0.493851 3.2
    endloop
  endfacet
  facet normal 0 0 1
    outer loop
      vertex 53.35 37.7 3.2
      vertex 52.55 38.5 3.2
      vertex 44.8779 27.3402 3.2
    endloop
  endfacet
  facet normal 0 0 1
    outer loop
      vertex 53.2891 0.493851 3.2
      vertex 52.55 0 3.2
      vertex 53.2428 0.400009 3.2
    endloop
  endfacet
  facet normal 0 0 1
    outer loop
      vertex 53.1847 0.312988 3.2
      vertex 52.55 0 3.2
      vertex 53.1157 0.234314 3.2
    endloop
  endfacet
  facet normal 0 0 1
    outer loop
      vertex 53.35 37.7 3.2
      vertex 48.8769 20.8143 3.2
      vertex 49 19.25 3.2
    endloop
  endfacet
  facet normal 0 0 1
    outer loop
      vertex 53.35 37.7 3.2
      vertex 48.5106 22.3402 3.2
      vertex 48.8769 20.8143 3.2
    endloop
  endfacet
  facet normal 0 0 1
    outer loop
      vertex 53.35 37.7 3.2
      vertex 47.9101 23.7899 3.2
      vertex 48.5106 22.3402 3.2
    endloop
  endfacet
  facet normal 0 0 1
    outer loop
      vertex 53.35 37.7 3.2
      vertex 47.0902 25.1279 3.2
      vertex 47.9101 23.7899 3.2
    endloop
  endfacet
  facet normal 0 0 1
    outer loop
      vertex 53.35 37.7 3.2
      vertex 46.0711 26.3211 3.2
      vertex 47.0902 25.1279 3.2
    endloop
  endfacet
  facet normal 0 0 1
    outer loop
      vertex 53.35 37.7 3.2
      vertex 44.8779 27.3402 3.2
      vertex 46.0711 26.3211 3.2
    endloop
  endfacet
  facet normal 0 0 1
    outer loop
      vertex 52.55 38.5 3.2
      vertex 43.5399 28.1601 3.2
      vertex 44.8779 27.3402 3.2
    endloop
  endfacet
  facet normal 0 0 1
    outer loop
      vertex 52.55 38.5 3.2
      vertex 42.0902 28.7606 3.2
      vertex 43.5399 28.1601 3.2
    endloop
  endfacet
  facet normal 0 0 1
    outer loop
      vertex 52.55 38.5 3.2
      vertex 40.5643 29.1269 3.2
      vertex 42.0902 28.7606 3.2
    endloop
  endfacet
  facet normal 0 0 1
    outer loop
      vertex 52.55 38.5 3.2
      vertex 39 29.25 3.2
      vertex 40.5643 29.1269 3.2
    endloop
  endfacet
  facet normal 0 0 1
    outer loop
      vertex 52.55 38.5 3.2
      vertex 37.4357 29.1269 3.2
      vertex 39 29.25 3.2
    endloop
  endfacet
  facet normal 0 0 1
    outer loop
      vertex 52.55 38.5 3.2
      vertex 35.9098 28.7606 3.2
      vertex 37.4357 29.1269 3.2
    endloop
  endfacet
  facet normal -0 0 1
    outer loop
      vertex 16.7365 29.0981 3.2
      vertex 35.9098 28.7606 3.2
      vertex 52.55 38.5 3.2
    endloop
  endfacet
  facet normal -0 0 1
    outer loop
      vertex 24.9239 19.6327 3.2
      vertex 29 19.25 3.2
      vertex 29.1231 20.8143 3.2
    endloop
  endfacet
  facet normal -0 0 1
    outer loop
      vertex 24.4563 22.2846 3.2
      vertex 29.1231 20.8143 3.2
      vertex 29.4894 22.3402 3.2
    endloop
  endfacet
  facet normal -0 0 1
    outer loop
      vertex 24.3969 22.6702 3.2
      vertex 29.4894 22.3402 3.2
      vertex 30.0899 23.7899 3.2
    endloop
  endfacet
  facet normal 0 0 1
    outer loop
      vertex 22.8481 25.3358 3.2
      vertex 30.0899 23.7899 3.2
      vertex 30.9098 25.1279 3.2
    endloop
  endfacet
  facet normal -0 0 1
    outer loop
      vertex 22.6604 25.6779 3.2
      vertex 30.9098 25.1279 3.2
      vertex 31.9289 26.3211 3.2
    endloop
  endfacet
  facet normal 0 0 1
    outer loop
      vertex 29 19.25 3.2
      vertex 24.9239 19.6327 3.2
      vertex 25 19.25 3.2
    endloop
  endfacet
  facet normal 0 0 1
    outer loop
      vertex 29.1231 20.8143 3.2
      vertex 24.4563 22.2846 3.2
      vertex 24.3635 21.9056 3.2
    endloop
  endfacet
  facet normal 0 0 1
    outer loop
      vertex 29.1231 20.8143 3.2
      vertex 24.7071 19.9571 3.2
      vertex 24.9239 19.6327 3.2
    endloop
  endfacet
  facet normal 0 0 1
    outer loop
      vertex 22.3561 25.9221 3.2
      vertex 31.9289 26.3211 3.2
      vertex 33.1221 27.3402 3.2
    endloop
  endfacet
  facet normal -0 0 1
    outer loop
      vertex 20 27.9103 3.2
      vertex 33.1221 27.3402 3.2
      vertex 34.4601 28.1601 3.2
    endloop
  endfacet
  facet normal 0 0 1
    outer loop
      vertex 29.4894 22.3402 3.2
      vertex 24.3969 22.6702 3.2
      vertex 24.4563 22.2846 3.2
    endloop
  endfacet
  facet normal -0 -0 1
    outer loop
      vertex 17.1001 28.9567 3.2
      vertex 35.9098 28.7606 3.2
      vertex 16.7365 29.0981 3.2
    endloop
  endfacet
  facet normal 0 0 1
    outer loop
      vertex 30.0899 23.7899 3.2
      vertex 24.1945 23.0038 3.2
      vertex 24.3969 22.6702 3.2
    endloop
  endfacet
  facet normal 0 0 1
    outer loop
      vertex 30.0899 23.7899 3.2
      vertex 22.8481 25.3358 3.2
      vertex 24.1945 23.0038 3.2
    endloop
  endfacet
  facet normal 0 0 1
    outer loop
      vertex 24.1945 23.0038 3.2
      vertex 22.8481 25.3358 3.2
      vertex 23.8799 23.2345 3.2
    endloop
  endfacet
  facet normal -0 -0 1
    outer loop
      vertex 22.8906 24.9479 3.2
      vertex 23.8799 23.2345 3.2
      vertex 22.8481 25.3358 3.2
    endloop
  endfacet
  facet normal -0 0 1
    outer loop
      vertex 22.7814 24.5733 3.2
      vertex 23.5009 23.3272 3.2
      vertex 22.8906 24.9479 3.2
    endloop
  endfacet
  facet normal 0 0 1
    outer loop
      vertex 23.8799 23.2345 3.2
      vertex 22.8906 24.9479 3.2
      vertex 23.5009 23.3272 3.2
    endloop
  endfacet
  facet normal 0 0 1
    outer loop
      vertex 30.9098 25.1279 3.2
      vertex 22.6604 25.6779 3.2
      vertex 22.8481 25.3358 3.2
    endloop
  endfacet
  facet normal 0 0 1
    outer loop
      vertex 31.9289 26.3211 3.2
      vertex 22.3561 25.9221 3.2
      vertex 22.6604 25.6779 3.2
    endloop
  endfacet
  facet normal 0 0 1
    outer loop
      vertex 33.1221 27.3402 3.2
      vertex 20.2934 27.653 3.2
      vertex 22.3561 25.9221 3.2
    endloop
  endfacet
  facet normal 0 0 1
    outer loop
      vertex 22.3561 25.9221 3.2
      vertex 20.2934 27.653 3.2
      vertex 21.9816 26.0313 3.2
    endloop
  endfacet
  facet normal -0 0 1
    outer loop
      vertex 20.1088 26.2509 3.2
      vertex 21.0074 25.4968 3.2
      vertex 20.366 26.5442 3.2
    endloop
  endfacet
  facet normal 0 0 1
    outer loop
      vertex 21.2516 25.8011 3.2
      vertex 20.366 26.5442 3.2
      vertex 21.0074 25.4968 3.2
    endloop
  endfacet
  facet normal -0 0 1
    outer loop
      vertex 20.366 26.5442 3.2
      vertex 21.2516 25.8011 3.2
      vertex 20.4914 26.9137 3.2
    endloop
  endfacet
  facet normal 0 0 1
    outer loop
      vertex 21.5937 25.9888 3.2
      vertex 20.4914 26.9137 3.2
      vertex 21.2516 25.8011 3.2
    endloop
  endfacet
  facet normal -0 -0 1
    outer loop
      vertex 20.4659 27.303 3.2
      vertex 21.9816 26.0313 3.2
      vertex 20.2934 27.653 3.2
    endloop
  endfacet
  facet normal 0 0 1
    outer loop
      vertex 21.5937 25.9888 3.2
      vertex 20.4659 27.303 3.2
      vertex 20.4914 26.9137 3.2
    endloop
  endfacet
  facet normal 0 0 1
    outer loop
      vertex 21.9816 26.0313 3.2
      vertex 20.4659 27.303 3.2
      vertex 21.5937 25.9888 3.2
    endloop
  endfacet
  facet normal 0 0 1
    outer loop
      vertex 33.1221 27.3402 3.2
      vertex 20 27.9103 3.2
      vertex 20.2934 27.653 3.2
    endloop
  endfacet
  facet normal 0 0 1
    outer loop
      vertex 34.4601 28.1601 3.2
      vertex 19.6305 28.0357 3.2
      vertex 20 27.9103 3.2
    endloop
  endfacet
  facet normal 0 0 1
    outer loop
      vertex 35.9098 28.7606 3.2
      vertex 19.6305 28.0357 3.2
      vertex 34.4601 28.1601 3.2
    endloop
  endfacet
  facet normal 0 0 1
    outer loop
      vertex 18.7066 26.4355 3.2
      vertex 18.1305 25.4376 3.2
      vertex 18.5 25.3122 3.2
    endloop
  endfacet
  facet normal 0 0 1
    outer loop
      vertex 18.5341 26.7854 3.2
      vertex 17.7412 25.4121 3.2
      vertex 18.1305 25.4376 3.2
    endloop
  endfacet
  facet normal 0 0 1
    outer loop
      vertex 17.5476 27.9396 3.2
      vertex 18.5086 27.1748 3.2
      vertex 18.634 27.5442 3.2
    endloop
  endfacet
  facet normal 0 0 1
    outer loop
      vertex 18.5086 27.1748 3.2
      vertex 17.4062 27.576 3.2
      vertex 18.5341 26.7854 3.2
    endloop
  endfacet
  facet normal 0 0 1
    outer loop
      vertex 18.8912 27.8376 3.2
      vertex 17.5476 27.9396 3.2
      vertex 18.634 27.5442 3.2
    endloop
  endfacet
  facet normal 0 0 1
    outer loop
      vertex 17.5391 28.3297 3.2
      vertex 18.8912 27.8376 3.2
      vertex 19.2412 28.0102 3.2
    endloop
  endfacet
  facet normal 0 0 1
    outer loop
      vertex 19.6305 28.0357 3.2
      vertex 17.1001 28.9567 3.2
      vertex 19.2412 28.0102 3.2
    endloop
  endfacet
  facet normal 0 0 1
    outer loop
      vertex 18.8912 27.8376 3.2
      vertex 17.5391 28.3297 3.2
      vertex 17.5476 27.9396 3.2
    endloop
  endfacet
  facet normal 0 0 1
    outer loop
      vertex 19.2412 28.0102 3.2
      vertex 17.382 28.6868 3.2
      vertex 17.5391 28.3297 3.2
    endloop
  endfacet
  facet normal 0 0 1
    outer loop
      vertex 19.2412 28.0102 3.2
      vertex 17.1001 28.9567 3.2
      vertex 17.382 28.6868 3.2
    endloop
  endfacet
  facet normal 0 -0 1
    outer loop
      vertex 19.6305 28.0357 3.2
      vertex 35.9098 28.7606 3.2
      vertex 17.1001 28.9567 3.2
    endloop
  endfacet
  facet normal -0 0 1
    outer loop
      vertex 0.800003 38.5 3.2
      vertex 16.7365 29.0981 3.2
      vertex 52.55 38.5 3.2
    endloop
  endfacet
  facet normal 0 0 1
    outer loop
      vertex 15.7437 27.5397 3.2
      vertex 15 26.25 3.2
      vertex 15.3827 26.1739 3.2
    endloop
  endfacet
  facet normal 0 0 1
    outer loop
      vertex 15.5865 27.8968 3.2
      vertex 14.4135 27.8968 3.2
      vertex 15.7437 27.5397 3.2
    endloop
  endfacet
  facet normal 0 0 1
    outer loop
      vertex 14.422 28.2869 3.2
      vertex 15.578 28.2869 3.2
      vertex 15.7194 28.6506 3.2
    endloop
  endfacet
  facet normal 0 0 1
    outer loop
      vertex 14.2563 27.5397 3.2
      vertex 15.7437 27.5397 3.2
      vertex 14.4135 27.8968 3.2
    endloop
  endfacet
  facet normal 0 0 1
    outer loop
      vertex 14.2806 28.6506 3.2
      vertex 15.7194 28.6506 3.2
      vertex 15.9893 28.9324 3.2
    endloop
  endfacet
  facet normal 0 0 1
    outer loop
      vertex 14.0107 28.9324 3.2
      vertex 15.9893 28.9324 3.2
      vertex 16.3464 29.0896 3.2
    endloop
  endfacet
  facet normal 0 0 1
    outer loop
      vertex 15.7194 28.6506 3.2
      vertex 14.2806 28.6506 3.2
      vertex 14.422 28.2869 3.2
    endloop
  endfacet
  facet normal 0 0 1
    outer loop
      vertex 16.7365 29.0981 3.2
      vertex 0.800003 38.5 3.2
      vertex 16.3464 29.0896 3.2
    endloop
  endfacet
  facet normal 0 0 1
    outer loop
      vertex 15.9893 28.9324 3.2
      vertex 14.0107 28.9324 3.2
      vertex 14.2806 28.6506 3.2
    endloop
  endfacet
  facet normal 0 0 1
    outer loop
      vertex 16.3464 29.0896 3.2
      vertex 13.6536 29.0896 3.2
      vertex 14.0107 28.9324 3.2
    endloop
  endfacet
  facet normal 0 0 1
    outer loop
      vertex 16.3464 29.0896 3.2
      vertex 0.800003 38.5 3.2
      vertex 13.6536 29.0896 3.2
    endloop
  endfacet
  facet normal 0 0 1
    outer loop
      vertex 11.366 27.5442 3.2
      vertex 12.4524 27.9396 3.2
      vertex 12.4609 28.3297 3.2
    endloop
  endfacet
  facet normal 0 0 1
    outer loop
      vertex 11.4659 26.7854 3.2
      vertex 12.8636 27.2941 3.2
      vertex 11.4914 27.1748 3.2
    endloop
  endfacet
  facet normal 0 0 1
    outer loop
      vertex 12.8636 27.2941 3.2
      vertex 11.4659 26.7854 3.2
      vertex 12.2588 25.4121 3.2
    endloop
  endfacet
  facet normal 0 0 1
    outer loop
      vertex 12.2588 25.4121 3.2
      vertex 11.4659 26.7854 3.2
      vertex 11.8695 25.4376 3.2
    endloop
  endfacet
  facet normal 0 0 1
    outer loop
      vertex 11.1088 27.8376 3.2
      vertex 12.4609 28.3297 3.2
      vertex 12.618 28.6868 3.2
    endloop
  endfacet
  facet normal 0 0 1
    outer loop
      vertex 12.4524 27.9396 3.2
      vertex 11.366 27.5442 3.2
      vertex 11.4914 27.1748 3.2
    endloop
  endfacet
  facet normal 0 0 1
    outer loop
      vertex 10.7588 28.0102 3.2
      vertex 12.618 28.6868 3.2
      vertex 12.8999 28.9567 3.2
    endloop
  endfacet
  facet normal 0 0 1
    outer loop
      vertex 12.4609 28.3297 3.2
      vertex 11.1088 27.8376 3.2
      vertex 11.366 27.5442 3.2
    endloop
  endfacet
  facet normal 0 0 1
    outer loop
      vertex 12.618 28.6868 3.2
      vertex 10.7588 28.0102 3.2
      vertex 11.1088 27.8376 3.2
    endloop
  endfacet
  facet normal 0 0 1
    outer loop
      vertex 12.8999 28.9567 3.2
      vertex 10.3695 28.0357 3.2
      vertex 10.7588 28.0102 3.2
    endloop
  endfacet
  facet normal 0 0 1
    outer loop
      vertex 0.800003 38.5 3.2
      vertex 12.8999 28.9567 3.2
      vertex 13.2635 29.0981 3.2
    endloop
  endfacet
  facet normal 0 0 1
    outer loop
      vertex 12.8999 28.9567 3.2
      vertex 0.800003 38.5 3.2
      vertex 10.3695 28.0357 3.2
    endloop
  endfacet
  facet normal 0 0 1
    outer loop
      vertex 8.40631 25.9888 3.2
      vertex 9.50856 26.9137 3.2
      vertex 9.53407 27.303 3.2
    endloop
  endfacet
  facet normal -0 0 1
    outer loop
      vertex 8.87164 24.3923 3.2
      vertex 9.93437 23.2414 3.2
      vertex 9.05932 24.7344 3.2
    endloop
  endfacet
  facet normal 0 0 1
    outer loop
      vertex 9.89124 26.2509 3.2
      vertex 8.99261 25.4968 3.2
      vertex 9.1018 25.1222 3.2
    endloop
  endfacet
  facet normal 0 0 1
    outer loop
      vertex 9.63398 26.5442 3.2
      vertex 8.74839 25.8011 3.2
      vertex 8.99261 25.4968 3.2
    endloop
  endfacet
  facet normal 0 0 1
    outer loop
      vertex 8.01845 26.0313 3.2
      vertex 9.53407 27.303 3.2
      vertex 9.70665 27.653 3.2
    endloop
  endfacet
  facet normal 0 0 1
    outer loop
      vertex 9.50856 26.9137 3.2
      vertex 8.40631 25.9888 3.2
      vertex 8.74839 25.8011 3.2
    endloop
  endfacet
  facet normal 0 0 1
    outer loop
      vertex 9.53407 27.303 3.2
      vertex 8.01845 26.0313 3.2
      vertex 8.40631 25.9888 3.2
    endloop
  endfacet
  facet normal 0 0 1
    outer loop
      vertex 9.70665 27.653 3.2
      vertex 7.64385 25.9221 3.2
      vertex 8.01845 26.0313 3.2
    endloop
  endfacet
  facet normal 0 0 1
    outer loop
      vertex 0 37.7 3.2
      vertex 9.70665 27.653 3.2
      vertex 10 27.9103 3.2
    endloop
  endfacet
  facet normal 0 0 1
    outer loop
      vertex 9.70665 27.653 3.2
      vertex 0 37.7 3.2
      vertex 7.64385 25.9221 3.2
    endloop
  endfacet
  facet normal 0 0 1
    outer loop
      vertex 6.12015 23.2345 3.2
      vertex 7.10941 24.9479 3.2
      vertex 7.15188 25.3358 3.2
    endloop
  endfacet
  facet normal 0 0 1
    outer loop
      vertex 7.21859 24.5733 3.2
      vertex 6.49915 23.3272 3.2
      vertex 6.88479 23.2679 3.2
    endloop
  endfacet
  facet normal 0 0 1
    outer loop
      vertex 7.10941 24.9479 3.2
      vertex 6.12015 23.2345 3.2
      vertex 6.49915 23.3272 3.2
    endloop
  endfacet
  facet normal 0 0 1
    outer loop
      vertex 7.15188 25.3358 3.2
      vertex 5.80549 23.0038 3.2
      vertex 6.12015 23.2345 3.2
    endloop
  endfacet
  facet normal 0 0 1
    outer loop
      vertex 0 37.7 3.2
      vertex 7.15188 25.3358 3.2
      vertex 7.33956 25.6779 3.2
    endloop
  endfacet
  facet normal 0 0 1
    outer loop
      vertex 7.15188 25.3358 3.2
      vertex 0 37.7 3.2
      vertex 5.80549 23.0038 3.2
    endloop
  endfacet
  facet normal 0 0 1
    outer loop
      vertex 5.54372 22.2846 3.2
      vertex 5.07612 19.6327 3.2
      vertex 5.29289 19.9571 3.2
    endloop
  endfacet
  facet normal 0 0 1
    outer loop
      vertex 0 37.7 3.2
      vertex 5.54372 22.2846 3.2
      vertex 5.60307 22.6702 3.2
    endloop
  endfacet
  facet normal 0 0 1
    outer loop
      vertex 5.54372 22.2846 3.2
      vertex 0 37.7 3.2
      vertex 5.07612 19.6327 3.2
    endloop
  endfacet
  facet normal 0 0 1
    outer loop
      vertex 5.80549 23.0038 3.2
      vertex 0 37.7 3.2
      vertex 5.60307 22.6702 3.2
    endloop
  endfacet
  facet normal 0 0 1
    outer loop
      vertex 7.64385 25.9221 3.2
      vertex 0 37.7 3.2
      vertex 7.33956 25.6779 3.2
    endloop
  endfacet
  facet normal -0 0 1
    outer loop
      vertex 0 37.7 3.2
      vertex 10 27.9103 3.2
      vertex 0.800003 38.5 3.2
    endloop
  endfacet
  facet normal 0 0 1
    outer loop
      vertex 10.3695 28.0357 3.2
      vertex 0.800003 38.5 3.2
      vertex 10 27.9103 3.2
    endloop
  endfacet
  facet normal 0 0 1
    outer loop
      vertex 13.6536 29.0896 3.2
      vertex 0.800003 38.5 3.2
      vertex 13.2635 29.0981 3.2
    endloop
  endfacet
  facet normal 0 0 1
    outer loop
      vertex 53.1157 0.234314 3.2
      vertex 52.55 0 3.2
      vertex 53.037 0.165314 3.2
    endloop
  endfacet
  facet normal 0 0 1
    outer loop
      vertex 53.037 0.165314 3.2
      vertex 52.55 0 3.2
      vertex 52.95 0.107178 3.2
    endloop
  endfacet
  facet normal 0 0 1
    outer loop
      vertex 52.95 0.107178 3.2
      vertex 52.55 0 3.2
      vertex 52.8561 0.0608978 3.2
    endloop
  endfacet
  facet normal 0 0 1
    outer loop
      vertex 52.8561 0.0608978 3.2
      vertex 52.55 0 3.2
      vertex 52.757 0.0272675 3.2
    endloop
  endfacet
  facet normal 0 0 1
    outer loop
      vertex 52.757 0.0272675 3.2
      vertex 52.55 0 3.2
      vertex 52.6544 0.0068512 3.2
    endloop
  endfacet
  facet normal 0 0 1
    outer loop
      vertex 53.2428 0.400009 3.2
      vertex 52.55 0 3.2
      vertex 53.1847 0.312988 3.2
    endloop
  endfacet
  facet normal -0 0 1
    outer loop
      vertex 43.5399 10.3399 3.2
      vertex 52.55 0 3.2
      vertex 44.8779 11.1598 3.2
    endloop
  endfacet
  facet normal -0 0 1
    outer loop
      vertex 42.0902 9.73944 3.2
      vertex 52.55 0 3.2
      vertex 43.5399 10.3399 3.2
    endloop
  endfacet
  facet normal -0 0 1
    outer loop
      vertex 40.5643 9.37312 3.2
      vertex 52.55 0 3.2
      vertex 42.0902 9.73944 3.2
    endloop
  endfacet
  facet normal -0 0 1
    outer loop
      vertex 39 9.25 3.2
      vertex 52.55 0 3.2
      vertex 40.5643 9.37312 3.2
    endloop
  endfacet
  facet normal 0 0 1
    outer loop
      vertex 37.4357 9.37312 3.2
      vertex 52.55 0 3.2
      vertex 39 9.25 3.2
    endloop
  endfacet
  facet normal 0 0 1
    outer loop
      vertex 35.9098 9.73944 3.2
      vertex 52.55 0 3.2
      vertex 37.4357 9.37312 3.2
    endloop
  endfacet
  facet normal 0 0 1
    outer loop
      vertex 19.6305 10.4643 3.2
      vertex 35.9098 9.73944 3.2
      vertex 34.4601 10.3399 3.2
    endloop
  endfacet
  facet normal 0 0 1
    outer loop
      vertex 24.9239 18.8673 3.2
      vertex 29 19.25 3.2
      vertex 25 19.25 3.2
    endloop
  endfacet
  facet normal 0 0 1
    outer loop
      vertex 29 19.25 3.2
      vertex 24.9239 18.8673 3.2
      vertex 29.1231 17.6857 3.2
    endloop
  endfacet
  facet normal -0 0 1
    outer loop
      vertex 24.7071 18.5429 3.2
      vertex 29.1231 17.6857 3.2
      vertex 24.9239 18.8673 3.2
    endloop
  endfacet
  facet normal 0 0 1
    outer loop
      vertex 24.4563 16.2154 3.2
      vertex 29.1231 17.6857 3.2
      vertex 24.7071 18.5429 3.2
    endloop
  endfacet
  facet normal 0 0 1
    outer loop
      vertex 24.3969 15.8298 3.2
      vertex 29.4894 16.1598 3.2
      vertex 24.4563 16.2154 3.2
    endloop
  endfacet
  facet normal 0 0 1
    outer loop
      vertex 29.4894 16.1598 3.2
      vertex 24.3969 15.8298 3.2
      vertex 30.0899 14.7101 3.2
    endloop
  endfacet
  facet normal 0 0 1
    outer loop
      vertex 29.1231 17.6857 3.2
      vertex 24.4563 16.2154 3.2
      vertex 29.4894 16.1598 3.2
    endloop
  endfacet
  facet normal -0 0 1
    outer loop
      vertex 24.1945 15.4962 3.2
      vertex 30.0899 14.7101 3.2
      vertex 24.3969 15.8298 3.2
    endloop
  endfacet
  facet normal 0 0 1
    outer loop
      vertex 22.8481 13.1642 3.2
      vertex 30.0899 14.7101 3.2
      vertex 24.1945 15.4962 3.2
    endloop
  endfacet
  facet normal 0 0 1
    outer loop
      vertex 30.0899 14.7101 3.2
      vertex 22.8481 13.1642 3.2
      vertex 30.9098 13.3721 3.2
    endloop
  endfacet
  facet normal 0 0 1
    outer loop
      vertex 22.6604 12.8221 3.2
      vertex 30.9098 13.3721 3.2
      vertex 22.8481 13.1642 3.2
    endloop
  endfacet
  facet normal 0 0 1
    outer loop
      vertex 30.9098 13.3721 3.2
      vertex 22.6604 12.8221 3.2
      vertex 31.9289 12.1789 3.2
    endloop
  endfacet
  facet normal -0 0 1
    outer loop
      vertex 22.3561 12.5779 3.2
      vertex 31.9289 12.1789 3.2
      vertex 22.6604 12.8221 3.2
    endloop
  endfacet
  facet normal 0 0 1
    outer loop
      vertex 22.8481 13.1642 3.2
      vertex 24.1945 15.4962 3.2
      vertex 23.8799 15.2655 3.2
    endloop
  endfacet
  facet normal 0 0 1
    outer loop
      vertex 22.8906 13.5521 3.2
      vertex 23.8799 15.2655 3.2
      vertex 23.5009 15.1728 3.2
    endloop
  endfacet
  facet normal 0 0 1
    outer loop
      vertex 22.8906 13.5521 3.2
      vertex 23.5009 15.1728 3.2
      vertex 23.1152 15.2321 3.2
    endloop
  endfacet
  facet normal 0 0 1
    outer loop
      vertex 23.8799 15.2655 3.2
      vertex 22.8906 13.5521 3.2
      vertex 22.8481 13.1642 3.2
    endloop
  endfacet
  facet normal 0 0 1
    outer loop
      vertex 31.9289 12.1789 3.2
      vertex 22.3561 12.5779 3.2
      vertex 33.1221 11.1598 3.2
    endloop
  endfacet
  facet normal 0 0 1
    outer loop
      vertex 20.2934 10.847 3.2
      vertex 33.1221 11.1598 3.2
      vertex 22.3561 12.5779 3.2
    endloop
  endfacet
  facet normal 0 0 1
    outer loop
      vertex 20 10.5897 3.2
      vertex 33.1221 11.1598 3.2
      vertex 20.2934 10.847 3.2
    endloop
  endfacet
  facet normal 0 0 1
    outer loop
      vertex 20.2934 10.847 3.2
      vertex 22.3561 12.5779 3.2
      vertex 21.9816 12.4687 3.2
    endloop
  endfacet
  facet normal 0 0 1
    outer loop
      vertex 20.4659 11.197 3.2
      vertex 21.9816 12.4687 3.2
      vertex 21.5937 12.5112 3.2
    endloop
  endfacet
  facet normal 0 0 1
    outer loop
      vertex 21.1284 14.1077 3.2
      vertex 20.0656 15.2586 3.2
      vertex 20.9407 13.7656 3.2
    endloop
  endfacet
  facet normal 0 0 1
    outer loop
      vertex 20.4914 11.5863 3.2
      vertex 21.0074 13.0032 3.2
      vertex 20.8982 13.3778 3.2
    endloop
  endfacet
  facet normal 0 0 1
    outer loop
      vertex 20.4914 11.5863 3.2
      vertex 21.2516 12.6989 3.2
      vertex 21.0074 13.0032 3.2
    endloop
  endfacet
  facet normal 0 0 1
    outer loop
      vertex 20.4914 11.5863 3.2
      vertex 21.5937 12.5112 3.2
      vertex 21.2516 12.6989 3.2
    endloop
  endfacet
  facet normal 0 0 1
    outer loop
      vertex 20.4659 11.197 3.2
      vertex 21.5937 12.5112 3.2
      vertex 20.4914 11.5863 3.2
    endloop
  endfacet
  facet normal 0 0 1
    outer loop
      vertex 21.9816 12.4687 3.2
      vertex 20.4659 11.197 3.2
      vertex 20.2934 10.847 3.2
    endloop
  endfacet
  facet normal 0 0 1
    outer loop
      vertex 33.1221 11.1598 3.2
      vertex 20 10.5897 3.2
      vertex 34.4601 10.3399 3.2
    endloop
  endfacet
  facet normal -0 0 1
    outer loop
      vertex 19.6305 10.4643 3.2
      vertex 34.4601 10.3399 3.2
      vertex 20 10.5897 3.2
    endloop
  endfacet
  facet normal 0 0 1
    outer loop
      vertex 35.9098 9.73944 3.2
      vertex 19.6305 10.4643 3.2
      vertex 17.1001 9.54334 3.2
    endloop
  endfacet
  facet normal 0 0 1
    outer loop
      vertex 17.1001 9.54334 3.2
      vertex 19.6305 10.4643 3.2
      vertex 19.2412 10.4898 3.2
    endloop
  endfacet
  facet normal 0 0 1
    outer loop
      vertex 17.7412 13.0879 3.2
      vertex 18.5341 11.7146 3.2
      vertex 18.1305 13.0624 3.2
    endloop
  endfacet
  facet normal 0 0 1
    outer loop
      vertex 17.1364 11.2059 3.2
      vertex 18.5341 11.7146 3.2
      vertex 17.7412 13.0879 3.2
    endloop
  endfacet
  facet normal 0 0 1
    outer loop
      vertex 17.4062 10.924 3.2
      vertex 18.5086 11.3252 3.2
      vertex 18.5341 11.7146 3.2
    endloop
  endfacet
  facet normal 0 0 1
    outer loop
      vertex 18.5086 11.3252 3.2
      vertex 17.5476 10.5604 3.2
      vertex 18.634 10.9558 3.2
    endloop
  endfacet
  facet normal 0 0 1
    outer loop
      vertex 17.5476 10.5604 3.2
      vertex 18.8912 10.6624 3.2
      vertex 18.634 10.9558 3.2
    endloop
  endfacet
  facet normal 0 0 1
    outer loop
      vertex 17.5391 10.1703 3.2
      vertex 18.8912 10.6624 3.2
      vertex 17.5476 10.5604 3.2
    endloop
  endfacet
  facet normal 0 0 1
    outer loop
      vertex 18.8912 10.6624 3.2
      vertex 17.5391 10.1703 3.2
      vertex 19.2412 10.4898 3.2
    endloop
  endfacet
  facet normal 0 0 1
    outer loop
      vertex 17.382 9.81315 3.2
      vertex 19.2412 10.4898 3.2
      vertex 17.5391 10.1703 3.2
    endloop
  endfacet
  facet normal 0 0 1
    outer loop
      vertex 17.1001 9.54334 3.2
      vertex 19.2412 10.4898 3.2
      vertex 17.382 9.81315 3.2
    endloop
  endfacet
  facet normal 0 0 1
    outer loop
      vertex 35.9098 9.73944 3.2
      vertex 17.1001 9.54334 3.2
      vertex 16.7365 9.40192 3.2
    endloop
  endfacet
  facet normal 0 0 1
    outer loop
      vertex 35.9098 9.73944 3.2
      vertex 16.7365 9.40192 3.2
      vertex 52.55 0 3.2
    endloop
  endfacet
  facet normal 0 0 1
    outer loop
      vertex 0.800003 0 3.2
      vertex 16.7365 9.40192 3.2
      vertex 16.3464 9.41043 3.2
    endloop
  endfacet
  facet normal 0 0 1
    outer loop
      vertex 14.4135 10.6032 3.2
      vertex 15.5865 10.6032 3.2
      vertex 15.7437 10.9603 3.2
    endloop
  endfacet
  facet normal 0 0 1
    outer loop
      vertex 14.2563 10.9603 3.2
      vertex 15 12.25 3.2
      vertex 14.6173 12.3261 3.2
    endloop
  endfacet
  facet normal 0 0 1
    outer loop
      vertex 15.5865 10.6032 3.2
      vertex 14.422 10.2131 3.2
      vertex 15.578 10.2131 3.2
    endloop
  endfacet
  facet normal 0 0 1
    outer loop
      vertex 15.578 10.2131 3.2
      vertex 14.422 10.2131 3.2
      vertex 15.7194 9.84943 3.2
    endloop
  endfacet
  facet normal 0 0 1
    outer loop
      vertex 14.2806 9.84943 3.2
      vertex 15.7194 9.84943 3.2
      vertex 14.422 10.2131 3.2
    endloop
  endfacet
  facet normal 0 0 1
    outer loop
      vertex 15.7194 9.84943 3.2
      vertex 14.2806 9.84943 3.2
      vertex 15.9893 9.56758 3.2
    endloop
  endfacet
  facet normal 0 0 1
    outer loop
      vertex 14.0107 9.56758 3.2
      vertex 15.9893 9.56758 3.2
      vertex 14.2806 9.84943 3.2
    endloop
  endfacet
  facet normal 0 0 1
    outer loop
      vertex 15.9893 9.56758 3.2
      vertex 14.0107 9.56758 3.2
      vertex 16.3464 9.41043 3.2
    endloop
  endfacet
  facet normal 0 0 1
    outer loop
      vertex 13.6536 9.41043 3.2
      vertex 16.3464 9.41043 3.2
      vertex 14.0107 9.56758 3.2
    endloop
  endfacet
  facet normal 0 0 1
    outer loop
      vertex 0.800003 0 3.2
      vertex 16.3464 9.41043 3.2
      vertex 13.6536 9.41043 3.2
    endloop
  endfacet
  facet normal 0 0 1
    outer loop
      vertex 0.800003 0 3.2
      vertex 13.6536 9.41043 3.2
      vertex 13.2635 9.40192 3.2
    endloop
  endfacet
  facet normal 0 0 1
    outer loop
      vertex 12.5938 10.924 3.2
      vertex 11.4914 11.3252 3.2
      vertex 12.4524 10.5604 3.2
    endloop
  endfacet
  facet normal 0 0 1
    outer loop
      vertex 11.4659 11.7146 3.2
      vertex 12.2588 13.0879 3.2
      vertex 11.8695 13.0624 3.2
    endloop
  endfacet
  facet normal 0 0 1
    outer loop
      vertex 11.2934 12.0645 3.2
      vertex 11.8695 13.0624 3.2
      vertex 11.5 13.1878 3.2
    endloop
  endfacet
  facet normal -0 0 1
    outer loop
      vertex 11.366 10.9558 3.2
      vertex 12.4524 10.5604 3.2
      vertex 11.4914 11.3252 3.2
    endloop
  endfacet
  facet normal 0 0 1
    outer loop
      vertex 12.4524 10.5604 3.2
      vertex 11.366 10.9558 3.2
      vertex 12.4609 10.1703 3.2
    endloop
  endfacet
  facet normal -0 0 1
    outer loop
      vertex 11.1088 10.6624 3.2
      vertex 12.4609 10.1703 3.2
      vertex 11.366 10.9558 3.2
    endloop
  endfacet
  facet normal 0 0 1
    outer loop
      vertex 12.4609 10.1703 3.2
      vertex 11.1088 10.6624 3.2
      vertex 12.618 9.81315 3.2
    endloop
  endfacet
  facet normal -0 0 1
    outer loop
      vertex 10.7588 10.4898 3.2
      vertex 12.618 9.81315 3.2
      vertex 11.1088 10.6624 3.2
    endloop
  endfacet
  facet normal 0 0 1
    outer loop
      vertex 12.618 9.81315 3.2
      vertex 10.7588 10.4898 3.2
      vertex 12.8999 9.54334 3.2
    endloop
  endfacet
  facet normal -0 0 1
    outer loop
      vertex 10.3695 10.4643 3.2
      vertex 12.8999 9.54334 3.2
      vertex 10.7588 10.4898 3.2
    endloop
  endfacet
  facet normal 0 0 1
    outer loop
      vertex 0.800003 0 3.2
      vertex 12.8999 9.54334 3.2
      vertex 10.3695 10.4643 3.2
    endloop
  endfacet
  facet normal 0 0 1
    outer loop
      vertex 0.800003 0 3.2
      vertex 10.3695 10.4643 3.2
      vertex 10 10.5897 3.2
    endloop
  endfacet
  facet normal 0 0 1
    outer loop
      vertex 9.89124 12.2491 3.2
      vertex 8.99261 13.0032 3.2
      vertex 9.63398 11.9558 3.2
    endloop
  endfacet
  facet normal -0 0 1
    outer loop
      vertex 8.74839 12.6989 3.2
      vertex 9.63398 11.9558 3.2
      vertex 8.99261 13.0032 3.2
    endloop
  endfacet
  facet normal 0 0 1
    outer loop
      vertex 9.63398 11.9558 3.2
      vertex 8.74839 12.6989 3.2
      vertex 9.50856 11.5863 3.2
    endloop
  endfacet
  facet normal -0 0 1
    outer loop
      vertex 8.40631 12.5112 3.2
      vertex 9.50856 11.5863 3.2
      vertex 8.74839 12.6989 3.2
    endloop
  endfacet
  facet normal 0 0 1
    outer loop
      vertex 9.50856 11.5863 3.2
      vertex 8.40631 12.5112 3.2
      vertex 9.53407 11.197 3.2
    endloop
  endfacet
  facet normal -0 0 1
    outer loop
      vertex 8.01845 12.4687 3.2
      vertex 9.53407 11.197 3.2
      vertex 8.40631 12.5112 3.2
    endloop
  endfacet
  facet normal 0 0 1
    outer loop
      vertex 9.53407 11.197 3.2
      vertex 8.01845 12.4687 3.2
      vertex 9.70665 10.847 3.2
    endloop
  endfacet
  facet normal 0 0 1
    outer loop
      vertex 7.64385 12.5779 3.2
      vertex 9.70665 10.847 3.2
      vertex 8.01845 12.4687 3.2
    endloop
  endfacet
  facet normal 0 0 1
    outer loop
      vertex 0 0.800003 3.2
      vertex 9.70665 10.847 3.2
      vertex 7.64385 12.5779 3.2
    endloop
  endfacet
  facet normal 0 0 1
    outer loop
      vertex 0 0.800003 3.2
      vertex 7.64385 12.5779 3.2
      vertex 7.33956 12.8221 3.2
    endloop
  endfacet
  facet normal 0 0 1
    outer loop
      vertex 7.21859 13.9267 3.2
      vertex 6.49915 15.1728 3.2
      vertex 7.10941 13.5521 3.2
    endloop
  endfacet
  facet normal 0 0 1
    outer loop
      vertex 6.12015 15.2655 3.2
      vertex 7.10941 13.5521 3.2
      vertex 6.49915 15.1728 3.2
    endloop
  endfacet
  facet normal 0 0 1
    outer loop
      vertex 7.10941 13.5521 3.2
      vertex 6.12015 15.2655 3.2
      vertex 7.15188 13.1642 3.2
    endloop
  endfacet
  facet normal 0 0 1
    outer loop
      vertex 5.80549 15.4962 3.2
      vertex 7.15188 13.1642 3.2
      vertex 6.12015 15.2655 3.2
    endloop
  endfacet
  facet normal 0 0 1
    outer loop
      vertex 0 0.800003 3.2
      vertex 7.15188 13.1642 3.2
      vertex 5.80549 15.4962 3.2
    endloop
  endfacet
  facet normal 0 0 1
    outer loop
      vertex 0 0.800003 3.2
      vertex 5.80549 15.4962 3.2
      vertex 5.60307 15.8298 3.2
    endloop
  endfacet
  facet normal 0 0 1
    outer loop
      vertex 5.07612 18.8673 3.2
      vertex 5.54372 16.2154 3.2
      vertex 5.29289 18.5429 3.2
    endloop
  endfacet
  facet normal 0 0 1
    outer loop
      vertex 0 0.800003 3.2
      vertex 5.54372 16.2154 3.2
      vertex 5.07612 18.8673 3.2
    endloop
  endfacet
  facet normal 0 0 1
    outer loop
      vertex 0 0.800003 3.2
      vertex 5.07612 18.8673 3.2
      vertex 5 19.25 3.2
    endloop
  endfacet
  facet normal 0 0 1
    outer loop
      vertex 5.07612 19.6327 3.2
      vertex 0 37.7 3.2
      vertex 5 19.25 3.2
    endloop
  endfacet
  facet normal 0 0 1
    outer loop
      vertex 16.7365 9.40192 3.2
      vertex 0.800003 0 3.2
      vertex 52.55 0 3.2
    endloop
  endfacet
  facet normal 0 0 1
    outer loop
      vertex 12.8999 9.54334 3.2
      vertex 0.800003 0 3.2
      vertex 13.2635 9.40192 3.2
    endloop
  endfacet
  facet normal 0 0 1
    outer loop
      vertex 9.70665 10.847 3.2
      vertex 0 0.800003 3.2
      vertex 10 10.5897 3.2
    endloop
  endfacet
  facet normal 0 0 1
    outer loop
      vertex 7.15188 13.1642 3.2
      vertex 0 0.800003 3.2
      vertex 7.33956 12.8221 3.2
    endloop
  endfacet
  facet normal 0 0 1
    outer loop
      vertex 0 0.800003 3.2
      vertex 5 19.25 3.2
      vertex 0 37.7 3.2
    endloop
  endfacet
  facet normal 0 0 1
    outer loop
      vertex 0 37.7 3.2
      vertex 0.800003 38.5 3.2
      vertex 0.695587 38.4931 3.2
    endloop
  endfacet
  facet normal 0 0 1
    outer loop
      vertex 5.54372 16.2154 3.2
      vertex 0 0.800003 3.2
      vertex 5.60307 15.8298 3.2
    endloop
  endfacet
  facet normal 0 0 1
    outer loop
      vertex 0 37.7 3.2
      vertex 0.695587 38.4931 3.2
      vertex 0.592941 38.4727 3.2
    endloop
  endfacet
  facet normal 0 0 1
    outer loop
      vertex 10 10.5897 3.2
      vertex 0 0.800003 3.2
      vertex 0.800003 0 3.2
    endloop
  endfacet
  facet normal 0 0 1
    outer loop
      vertex 0 37.7 3.2
      vertex 0.592941 38.4727 3.2
      vertex 0.493851 38.4391 3.2
    endloop
  endfacet
  facet normal 0 0 1
    outer loop
      vertex 0.800003 0 3.2
      vertex 0 0.800003 3.2
      vertex 0.695587 0.0068512 3.2
    endloop
  endfacet
  facet normal 0 0 1
    outer loop
      vertex 0 37.7 3.2
      vertex 0.493851 38.4391 3.2
      vertex 0.400009 38.3928 3.2
    endloop
  endfacet
  facet normal 0 0 1
    outer loop
      vertex 0.695587 0.0068512 3.2
      vertex 0 0.800003 3.2
      vertex 0.592941 0.0272675 3.2
    endloop
  endfacet
  facet normal 0 0 1
    outer loop
      vertex 0 37.7 3.2
      vertex 0.400009 38.3928 3.2
      vertex 0.312988 38.3347 3.2
    endloop
  endfacet
  facet normal 0 0 1
    outer loop
      vertex 0.592941 0.0272675 3.2
      vertex 0 0.800003 3.2
      vertex 0.493851 0.0608978 3.2
    endloop
  endfacet
  facet normal 0 0 1
    outer loop
      vertex 0 37.7 3.2
      vertex 0.312988 38.3347 3.2
      vertex 0.234314 38.2657 3.2
    endloop
  endfacet
  facet normal 0 0 1
    outer loop
      vertex 0.493851 0.0608978 3.2
      vertex 0 0.800003 3.2
      vertex 0.400009 0.107178 3.2
    endloop
  endfacet
  facet normal 0 0 1
    outer loop
      vertex 0 37.7 3.2
      vertex 0.234314 38.2657 3.2
      vertex 0.165314 38.187 3.2
    endloop
  endfacet
  facet normal 0 0 1
    outer loop
      vertex 0.400009 0.107178 3.2
      vertex 0 0.800003 3.2
      vertex 0.312988 0.165314 3.2
    endloop
  endfacet
  facet normal 0 0 1
    outer loop
      vertex 0 37.7 3.2
      vertex 0.165314 38.187 3.2
      vertex 0.107178 38.1 3.2
    endloop
  endfacet
  facet normal 0 0 1
    outer loop
      vertex 0.312988 0.165314 3.2
      vertex 0 0.800003 3.2
      vertex 0.234314 0.234314 3.2
    endloop
  endfacet
  facet normal 0 0 1
    outer loop
      vertex 0 37.7 3.2
      vertex 0.107178 38.1 3.2
      vertex 0.0608978 38.0061 3.2
    endloop
  endfacet
  facet normal 0 0 1
    outer loop
      vertex 0.234314 0.234314 3.2
      vertex 0 0.800003 3.2
      vertex 0.165314 0.312988 3.2
    endloop
  endfacet
  facet normal 0 0 1
    outer loop
      vertex 0 37.7 3.2
      vertex 0.0608978 38.0061 3.2
      vertex 0.0272675 37.9071 3.2
    endloop
  endfacet
  facet normal 0 0 1
    outer loop
      vertex 0.165314 0.312988 3.2
      vertex 0 0.800003 3.2
      vertex 0.107178 0.400009 3.2
    endloop
  endfacet
  facet normal 0 0 1
    outer loop
      vertex 0 37.7 3.2
      vertex 0.0272675 37.9071 3.2
      vertex 0.0068512 37.8044 3.2
    endloop
  endfacet
  facet normal 0 0 1
    outer loop
      vertex 0.107178 0.400009 3.2
      vertex 0 0.800003 3.2
      vertex 0.0608978 0.493851 3.2
    endloop
  endfacet
  facet normal 0 0 1
    outer loop
      vertex 0.0608978 0.493851 3.2
      vertex 0 0.800003 3.2
      vertex 0.0272675 0.592941 3.2
    endloop
  endfacet
  facet normal 0 0 1
    outer loop
      vertex 0.0272675 0.592941 3.2
      vertex 0 0.800003 3.2
      vertex 0.0068512 0.695587 3.2
    endloop
  endfacet
  facet normal 0 0 1
    outer loop
      vertex 29.1231 20.8143 3.2
      vertex 24.3635 21.9056 3.2
      vertex 24.7071 19.9571 3.2
    endloop
  endfacet
  facet normal 0 0 1
    outer loop
      vertex 24.7071 19.9571 3.2
      vertex 24.3635 21.9056 3.2
      vertex 24.3827 20.1739 3.2
    endloop
  endfacet
  facet normal -0 0 1
    outer loop
      vertex 24.1328 21.5909 3.2
      vertex 24.3827 20.1739 3.2
      vertex 24.3635 21.9056 3.2
    endloop
  endfacet
  facet normal 0 0 1
    outer loop
      vertex 24.1328 21.5909 3.2
      vertex 24 20.25 3.2
      vertex 24.3827 20.1739 3.2
    endloop
  endfacet
  facet normal -0 0 1
    outer loop
      vertex 23.7993 21.3885 3.2
      vertex 24 20.25 3.2
      vertex 24.1328 21.5909 3.2
    endloop
  endfacet
  facet normal 0 0 1
    outer loop
      vertex 23.7993 21.3885 3.2
      vertex 23.6173 20.1739 3.2
      vertex 24 20.25 3.2
    endloop
  endfacet
  facet normal -0 0 1
    outer loop
      vertex 23.4136 21.3291 3.2
      vertex 23.6173 20.1739 3.2
      vertex 23.7993 21.3885 3.2
    endloop
  endfacet
  facet normal 0 0 1
    outer loop
      vertex 23.4136 21.3291 3.2
      vertex 23.2929 19.9571 3.2
      vertex 23.6173 20.1739 3.2
    endloop
  endfacet
  facet normal 0 0 1
    outer loop
      vertex 23.0346 21.4219 3.2
      vertex 23.2929 19.9571 3.2
      vertex 23.4136 21.3291 3.2
    endloop
  endfacet
  facet normal 0 0 1
    outer loop
      vertex 22 19.25 3.2
      vertex 23.2929 19.9571 3.2
      vertex 23.0346 21.4219 3.2
    endloop
  endfacet
  facet normal 0 0 1
    outer loop
      vertex 22 19.25 3.2
      vertex 23.0346 21.4219 3.2
      vertex 22.72 21.6526 3.2
    endloop
  endfacet
  facet normal 0 0 1
    outer loop
      vertex 23.2929 19.9571 3.2
      vertex 22 19.25 3.2
      vertex 23.0761 19.6327 3.2
    endloop
  endfacet
  facet normal -0.659371 0.751817 0
    outer loop
      vertex 0.312988 38.3347 0
      vertex 0.234314 38.2657 3.2
      vertex 0.312988 38.3347 3.2
    endloop
  endfacet
  facet normal -0.659371 0.751817 0
    outer loop
      vertex 0.234314 38.2657 3.2
      vertex 0.312988 38.3347 0
      vertex 0.234314 38.2657 0
    endloop
  endfacet
  facet normal 0.831671 -0.555269 0
    outer loop
      vertex 53.1847 0.312988 3.2
      vertex 53.2428 0.400009 0
      vertex 53.2428 0.400009 3.2
    endloop
  endfacet
  facet normal 0.831671 -0.555269 0
    outer loop
      vertex 53.2428 0.400009 0
      vertex 53.1847 0.312988 3.2
      vertex 53.1847 0.312988 0
    endloop
  endfacet
  facet normal 0.195163 -0.980771 0
    outer loop
      vertex 52.6544 0.0068512 0
      vertex 52.757 0.0272675 3.2
      vertex 52.6544 0.0068512 3.2
    endloop
  endfacet
  facet normal 0.195163 -0.980771 0
    outer loop
      vertex 52.757 0.0272675 3.2
      vertex 52.6544 0.0068512 0
      vertex 52.757 0.0272675 0
    endloop
  endfacet
  facet normal 0.44224 0.896897 -0
    outer loop
      vertex 52.95 38.3928 0
      vertex 52.8561 38.4391 3.2
      vertex 52.95 38.3928 3.2
    endloop
  endfacet
  facet normal 0.44224 0.896897 0
    outer loop
      vertex 52.8561 38.4391 3.2
      vertex 52.95 38.3928 0
      vertex 52.8561 38.4391 0
    endloop
  endfacet
  facet normal -0.980807 0.19498 0
    outer loop
      vertex 0.0068512 37.8044 0
      vertex 0.0272675 37.9071 3.2
      vertex 0.0272675 37.9071 0
    endloop
  endfacet
  facet normal -0.980807 0.19498 0
    outer loop
      vertex 0.0272675 37.9071 3.2
      vertex 0.0068512 37.8044 0
      vertex 0.0068512 37.8044 3.2
    endloop
  endfacet
  facet normal 0.947036 -0.321126 0
    outer loop
      vertex 53.2891 0.493851 3.2
      vertex 53.3227 0.592941 0
      vertex 53.3227 0.592941 3.2
    endloop
  endfacet
  facet normal 0.947036 -0.321126 0
    outer loop
      vertex 53.3227 0.592941 0
      vertex 53.2891 0.493851 3.2
      vertex 53.2891 0.493851 0
    endloop
  endfacet
  facet normal -0.195079 -0.980788 0
    outer loop
      vertex 0.592941 0.0272675 0
      vertex 0.695587 0.0068512 3.2
      vertex 0.592941 0.0272675 3.2
    endloop
  endfacet
  facet normal -0.195079 -0.980788 -0
    outer loop
      vertex 0.695587 0.0068512 3.2
      vertex 0.592941 0.0272675 0
      vertex 0.695587 0.0068512 0
    endloop
  endfacet
  facet normal 0.980837 0.19483 0
    outer loop
      vertex 53.3431 37.8044 3.2
      vertex 53.3227 37.9071 0
      vertex 53.3227 37.9071 3.2
    endloop
  endfacet
  facet normal 0.980837 0.19483 0
    outer loop
      vertex 53.3227 37.9071 0
      vertex 53.3431 37.8044 3.2
      vertex 53.3431 37.8044 0
    endloop
  endfacet
  facet normal -0.555269 0.831671 0
    outer loop
      vertex 0.400009 38.3928 0
      vertex 0.312988 38.3347 3.2
      vertex 0.400009 38.3928 3.2
    endloop
  endfacet
  facet normal -0.555269 0.831671 0
    outer loop
      vertex 0.312988 38.3347 3.2
      vertex 0.400009 38.3928 0
      vertex 0.312988 38.3347 0
    endloop
  endfacet
  facet normal -0.0654737 -0.997854 0
    outer loop
      vertex 0.695587 0.0068512 0
      vertex 0.800003 0 3.2
      vertex 0.695587 0.0068512 3.2
    endloop
  endfacet
  facet normal -0.0654737 -0.997854 -0
    outer loop
      vertex 0.800003 0 3.2
      vertex 0.695587 0.0068512 0
      vertex 0.800003 0 0
    endloop
  endfacet
  facet normal -0.442308 -0.896863 0
    outer loop
      vertex 0.400009 0.107178 0
      vertex 0.493851 0.0608978 3.2
      vertex 0.400009 0.107178 3.2
    endloop
  endfacet
  facet normal -0.442308 -0.896863 -0
    outer loop
      vertex 0.493851 0.0608978 3.2
      vertex 0.400009 0.107178 0
      vertex 0.493851 0.0608978 0
    endloop
  endfacet
  facet normal -0.751925 0.659248 0
    outer loop
      vertex 0.165314 38.187 0
      vertex 0.234314 38.2657 3.2
      vertex 0.234314 38.2657 0
    endloop
  endfacet
  facet normal -0.751925 0.659248 0
    outer loop
      vertex 0.234314 38.2657 3.2
      vertex 0.165314 38.187 0
      vertex 0.165314 38.187 3.2
    endloop
  endfacet
  facet normal 0.659248 0.751925 -0
    outer loop
      vertex 53.1157 38.2657 0
      vertex 53.037 38.3347 3.2
      vertex 53.1157 38.2657 3.2
    endloop
  endfacet
  facet normal 0.659248 0.751925 0
    outer loop
      vertex 53.037 38.3347 3.2
      vertex 53.1157 38.2657 0
      vertex 53.037 38.3347 0
    endloop
  endfacet
  facet normal -0.946859 0.321648 0
    outer loop
      vertex 0.0272675 37.9071 0
      vertex 0.0608978 38.0061 3.2
      vertex 0.0608978 38.0061 0
    endloop
  endfacet
  facet normal -0.946859 0.321648 0
    outer loop
      vertex 0.0608978 38.0061 3.2
      vertex 0.0272675 37.9071 0
      vertex 0.0272675 37.9071 3.2
    endloop
  endfacet
  facet normal 0.555362 0.831609 -0
    outer loop
      vertex 53.037 38.3347 0
      vertex 52.95 38.3928 3.2
      vertex 53.037 38.3347 3.2
    endloop
  endfacet
  facet normal 0.555362 0.831609 0
    outer loop
      vertex 52.95 38.3928 3.2
      vertex 53.037 38.3347 0
      vertex 52.95 38.3928 0
    endloop
  endfacet
  facet normal 0.831609 0.555362 0
    outer loop
      vertex 53.2428 38.1 3.2
      vertex 53.1847 38.187 0
      vertex 53.1847 38.187 3.2
    endloop
  endfacet
  facet normal 0.831609 0.555362 0
    outer loop
      vertex 53.1847 38.187 0
      vertex 53.2428 38.1 3.2
      vertex 53.2428 38.1 0
    endloop
  endfacet
  facet normal 0.0659481 0.997823 -0
    outer loop
      vertex 52.6544 38.4931 0
      vertex 52.55 38.5 3.2
      vertex 52.6544 38.4931 3.2
    endloop
  endfacet
  facet normal 0.0659481 0.997823 0
    outer loop
      vertex 52.55 38.5 3.2
      vertex 52.6544 38.4931 0
      vertex 52.55 38.5 0
    endloop
  endfacet
  facet normal -0.659371 -0.751817 0
    outer loop
      vertex 0.234314 0.234314 0
      vertex 0.312988 0.165314 3.2
      vertex 0.234314 0.234314 3.2
    endloop
  endfacet
  facet normal -0.659371 -0.751817 -0
    outer loop
      vertex 0.312988 0.165314 3.2
      vertex 0.234314 0.234314 0
      vertex 0.312988 0.165314 0
    endloop
  endfacet
  facet normal 0 0 -1
    outer loop
      vertex 8 19.25 0
      vertex 6.96539 21.4219 0
      vertex 7.28004 21.6526 0
    endloop
  endfacet
  facet normal 0 0 -1
    outer loop
      vertex 6.70711 19.9571 0
      vertex 8 19.25 0
      vertex 6.92388 19.6327 0
    endloop
  endfacet
  facet normal 0 0 -1
    outer loop
      vertex 8 19.25 0
      vertex 6.70711 19.9571 0
      vertex 6.96539 21.4219 0
    endloop
  endfacet
  facet normal 0 0 -1
    outer loop
      vertex 6.70711 19.9571 0
      vertex 6.58639 21.3291 0
      vertex 6.96539 21.4219 0
    endloop
  endfacet
  facet normal 0 0 -1
    outer loop
      vertex 6.38268 20.1739 0
      vertex 6.58639 21.3291 0
      vertex 6.70711 19.9571 0
    endloop
  endfacet
  facet normal 0 0 -1
    outer loop
      vertex 6.38268 20.1739 0
      vertex 6.20075 21.3885 0
      vertex 6.58639 21.3291 0
    endloop
  endfacet
  facet normal 0 0 -1
    outer loop
      vertex 6 20.25 0
      vertex 6.20075 21.3885 0
      vertex 6.38268 20.1739 0
    endloop
  endfacet
  facet normal 0 0 -1
    outer loop
      vertex 6 20.25 0
      vertex 5.86718 21.5909 0
      vertex 6.20075 21.3885 0
    endloop
  endfacet
  facet normal 0 0 -1
    outer loop
      vertex 5.61732 20.1739 0
      vertex 5.86718 21.5909 0
      vertex 6 20.25 0
    endloop
  endfacet
  facet normal -0 0 -1
    outer loop
      vertex 5.86718 21.5909 0
      vertex 5.61732 20.1739 0
      vertex 5.63646 21.9056 0
    endloop
  endfacet
  facet normal 0 0 -1
    outer loop
      vertex 5.29289 19.9571 0
      vertex 5.63646 21.9056 0
      vertex 5.61732 20.1739 0
    endloop
  endfacet
  facet normal -0 0 -1
    outer loop
      vertex 5.63646 21.9056 0
      vertex 5.29289 19.9571 0
      vertex 5.54372 22.2846 0
    endloop
  endfacet
  facet normal 0 0 -1
    outer loop
      vertex 6.70711 18.5429 0
      vertex 8.29289 18.5429 0
      vertex 6.96539 17.0781 0
    endloop
  endfacet
  facet normal 0 0 -1
    outer loop
      vertex 8 19.25 0
      vertex 7.48246 21.9862 0
      vertex 7.54181 22.3718 0
    endloop
  endfacet
  facet normal 0 0 -1
    outer loop
      vertex 8.29289 18.5429 0
      vertex 6.70711 18.5429 0
      vertex 8.07612 18.8673 0
    endloop
  endfacet
  facet normal 0 0 -1
    outer loop
      vertex 6.92388 19.6327 0
      vertex 8 19.25 0
      vertex 7 19.25 0
    endloop
  endfacet
  facet normal 0 0 -1
    outer loop
      vertex 8 19.25 0
      vertex 7.28004 21.6526 0
      vertex 7.48246 21.9862 0
    endloop
  endfacet
  facet normal 0 -0 -1
    outer loop
      vertex 6.92388 18.8673 0
      vertex 8.07612 18.8673 0
      vertex 6.70711 18.5429 0
    endloop
  endfacet
  facet normal -0 0 -1
    outer loop
      vertex 8 19.25 0
      vertex 6.92388 18.8673 0
      vertex 7 19.25 0
    endloop
  endfacet
  facet normal 0 0 -1
    outer loop
      vertex 8.07612 18.8673 0
      vertex 6.92388 18.8673 0
      vertex 8 19.25 0
    endloop
  endfacet
  facet normal 0 0 -1
    outer loop
      vertex 6.58639 17.1709 0
      vertex 6.70711 18.5429 0
      vertex 6.96539 17.0781 0
    endloop
  endfacet
  facet normal 0 0 -1
    outer loop
      vertex 6.58639 17.1709 0
      vertex 6.38268 18.3261 0
      vertex 6.70711 18.5429 0
    endloop
  endfacet
  facet normal 0 0 -1
    outer loop
      vertex 6.20075 17.1115 0
      vertex 6.38268 18.3261 0
      vertex 6.58639 17.1709 0
    endloop
  endfacet
  facet normal 0 0 -1
    outer loop
      vertex 6.20075 17.1115 0
      vertex 6 18.25 0
      vertex 6.38268 18.3261 0
    endloop
  endfacet
  facet normal 0 0 -1
    outer loop
      vertex 5.86718 16.9091 0
      vertex 6 18.25 0
      vertex 6.20075 17.1115 0
    endloop
  endfacet
  facet normal 0 0 -1
    outer loop
      vertex 5.61732 18.3261 0
      vertex 5.86718 16.9091 0
      vertex 5.63646 16.5944 0
    endloop
  endfacet
  facet normal 0 0 -1
    outer loop
      vertex 5.86718 16.9091 0
      vertex 5.61732 18.3261 0
      vertex 6 18.25 0
    endloop
  endfacet
  facet normal 0 0 -1
    outer loop
      vertex 5.29289 18.5429 0
      vertex 5.63646 16.5944 0
      vertex 5.54372 16.2154 0
    endloop
  endfacet
  facet normal 0 0 -1
    outer loop
      vertex 5.63646 16.5944 0
      vertex 5.29289 18.5429 0
      vertex 5.61732 18.3261 0
    endloop
  endfacet
  facet normal 0 0 -1
    outer loop
      vertex 8.93782 22.75 0
      vertex 7.44907 22.7508 0
      vertex 8.19276 24.0389 0
    endloop
  endfacet
  facet normal -0 0 -1
    outer loop
      vertex 8.19276 24.0389 0
      vertex 7.44907 22.7508 0
      vertex 7.80489 24.0814 0
    endloop
  endfacet
  facet normal 0 0 -1
    outer loop
      vertex 7.21836 23.0655 0
      vertex 7.80489 24.0814 0
      vertex 7.44907 22.7508 0
    endloop
  endfacet
  facet normal -0 0 -1
    outer loop
      vertex 7.80489 24.0814 0
      vertex 7.21836 23.0655 0
      vertex 7.46281 24.269 0
    endloop
  endfacet
  facet normal 0 0 -1
    outer loop
      vertex 6.88479 23.2679 0
      vertex 7.46281 24.269 0
      vertex 7.21836 23.0655 0
    endloop
  endfacet
  facet normal -0 0 -1
    outer loop
      vertex 7.46281 24.269 0
      vertex 6.88479 23.2679 0
      vertex 7.21859 24.5733 0
    endloop
  endfacet
  facet normal 0 0 -1
    outer loop
      vertex 6.49915 23.3272 0
      vertex 7.21859 24.5733 0
      vertex 6.88479 23.2679 0
    endloop
  endfacet
  facet normal 0 0 -1
    outer loop
      vertex 11.0086 24.3156 0
      vertex 9.05932 24.7344 0
      vertex 9.1018 25.1222 0
    endloop
  endfacet
  facet normal 0 0 -1
    outer loop
      vertex 8.19276 24.0389 0
      vertex 9.19509 23.0434 0
      vertex 8.93782 22.75 0
    endloop
  endfacet
  facet normal 0 0 -1
    outer loop
      vertex 9.54503 23.2159 0
      vertex 8.87164 24.3923 0
      vertex 9.05932 24.7344 0
    endloop
  endfacet
  facet normal 0 0 -1
    outer loop
      vertex 7.44907 22.7508 0
      vertex 8.8124 22.3805 0
      vertex 7.54181 22.3718 0
    endloop
  endfacet
  facet normal 0 0 -1
    outer loop
      vertex 9.0105 21.6412 0
      vertex 7.54181 22.3718 0
      vertex 8.83792 21.9912 0
    endloop
  endfacet
  facet normal 0 0 -1
    outer loop
      vertex 9.54503 23.2159 0
      vertex 8.56735 24.1481 0
      vertex 8.87164 24.3923 0
    endloop
  endfacet
  facet normal 0 0 -1
    outer loop
      vertex 7.54181 22.3718 0
      vertex 8.8124 22.3805 0
      vertex 8.83792 21.9912 0
    endloop
  endfacet
  facet normal 0 0 -1
    outer loop
      vertex 9.19509 23.0434 0
      vertex 8.19276 24.0389 0
      vertex 8.56735 24.1481 0
    endloop
  endfacet
  facet normal 0 0 -1
    outer loop
      vertex 7.54181 22.3718 0
      vertex 8.29289 19.9571 0
      vertex 8.07612 19.6327 0
    endloop
  endfacet
  facet normal 0 0 -1
    outer loop
      vertex 7.54181 22.3718 0
      vertex 8.07612 19.6327 0
      vertex 8 19.25 0
    endloop
  endfacet
  facet normal -0 0 -1
    outer loop
      vertex 8.61732 18.3261 0
      vertex 7.28004 16.8474 0
      vertex 8.29289 18.5429 0
    endloop
  endfacet
  facet normal 0 0 -1
    outer loop
      vertex 6.96539 17.0781 0
      vertex 8.29289 18.5429 0
      vertex 7.28004 16.8474 0
    endloop
  endfacet
  facet normal 0 0 -1
    outer loop
      vertex 8.8124 22.3805 0
      vertex 7.44907 22.7508 0
      vertex 8.93782 22.75 0
    endloop
  endfacet
  facet normal 0 0 -1
    outer loop
      vertex 7.21836 15.4345 0
      vertex 7.80489 14.4186 0
      vertex 7.46281 14.231 0
    endloop
  endfacet
  facet normal 0 0 -1
    outer loop
      vertex 7.80489 14.4186 0
      vertex 7.44907 15.7492 0
      vertex 7.54181 16.1282 0
    endloop
  endfacet
  facet normal 0 0 -1
    outer loop
      vertex 6.88479 15.2321 0
      vertex 7.46281 14.231 0
      vertex 7.21859 13.9267 0
    endloop
  endfacet
  facet normal 0 0 -1
    outer loop
      vertex 7.80489 14.4186 0
      vertex 7.21836 15.4345 0
      vertex 7.44907 15.7492 0
    endloop
  endfacet
  facet normal 0 0 -1
    outer loop
      vertex 6.49915 15.1728 0
      vertex 7.21859 13.9267 0
      vertex 7.10941 13.5521 0
    endloop
  endfacet
  facet normal 0 0 -1
    outer loop
      vertex 7.46281 14.231 0
      vertex 6.88479 15.2321 0
      vertex 7.21836 15.4345 0
    endloop
  endfacet
  facet normal -0 0 -1
    outer loop
      vertex 9.93437 15.2586 0
      vertex 8.87164 14.1077 0
      vertex 9.54503 15.2841 0
    endloop
  endfacet
  facet normal 0 0 -1
    outer loop
      vertex 8.56735 14.3519 0
      vertex 9.54503 15.2841 0
      vertex 8.87164 14.1077 0
    endloop
  endfacet
  facet normal -0 0 -1
    outer loop
      vertex 9.54503 15.2841 0
      vertex 8.56735 14.3519 0
      vertex 9.19509 15.4566 0
    endloop
  endfacet
  facet normal 0 0 -1
    outer loop
      vertex 8.19276 14.4611 0
      vertex 9.19509 15.4566 0
      vertex 8.56735 14.3519 0
    endloop
  endfacet
  facet normal -0 0 -1
    outer loop
      vertex 9.19509 15.4566 0
      vertex 8.19276 14.4611 0
      vertex 8.93782 15.75 0
    endloop
  endfacet
  facet normal 0 0 -1
    outer loop
      vertex 7.54181 16.1282 0
      vertex 8.19276 14.4611 0
      vertex 7.80489 14.4186 0
    endloop
  endfacet
  facet normal 0 0 -1
    outer loop
      vertex 8.19276 14.4611 0
      vertex 7.54181 16.1282 0
      vertex 8.93782 15.75 0
    endloop
  endfacet
  facet normal 0 0 -1
    outer loop
      vertex 8.93782 15.75 0
      vertex 7.54181 16.1282 0
      vertex 8.8124 16.1195 0
    endloop
  endfacet
  facet normal 0 0 -1
    outer loop
      vertex 8.83792 16.5088 0
      vertex 7.48246 16.5138 0
      vertex 9.0105 16.8588 0
    endloop
  endfacet
  facet normal 0 0 -1
    outer loop
      vertex 7.28004 16.8474 0
      vertex 9.0105 16.8588 0
      vertex 7.48246 16.5138 0
    endloop
  endfacet
  facet normal -0 0 -1
    outer loop
      vertex 9.0105 16.8588 0
      vertex 7.28004 16.8474 0
      vertex 8.61732 18.3261 0
    endloop
  endfacet
  facet normal 0 0 -1
    outer loop
      vertex 9.70711 18.5429 0
      vertex 11.2929 18.5429 0
      vertex 10.0627 17.2159 0
    endloop
  endfacet
  facet normal 0 0 -1
    outer loop
      vertex 11 19.25 0
      vertex 10.6699 21.75 0
      vertex 10.7953 22.1195 0
    endloop
  endfacet
  facet normal 0 0 -1
    outer loop
      vertex 11.0761 18.8673 0
      vertex 9.92388 18.8673 0
      vertex 11 19.25 0
    endloop
  endfacet
  facet normal 0 0 -1
    outer loop
      vertex 9.92388 19.6327 0
      vertex 11 19.25 0
      vertex 10 19.25 0
    endloop
  endfacet
  facet normal 0 0 -1
    outer loop
      vertex 11.2929 18.5429 0
      vertex 9.70711 18.5429 0
      vertex 11.0761 18.8673 0
    endloop
  endfacet
  facet normal 0 0 -1
    outer loop
      vertex 11 19.25 0
      vertex 10.4126 21.4566 0
      vertex 10.6699 21.75 0
    endloop
  endfacet
  facet normal 0 0 -1
    outer loop
      vertex 11 19.25 0
      vertex 9.92388 19.6327 0
      vertex 10.4126 21.4566 0
    endloop
  endfacet
  facet normal -0 0 -1
    outer loop
      vertex 11 19.25 0
      vertex 9.92388 18.8673 0
      vertex 10 19.25 0
    endloop
  endfacet
  facet normal -0 0 -1
    outer loop
      vertex 11.0761 18.8673 0
      vertex 9.70711 18.5429 0
      vertex 9.92388 18.8673 0
    endloop
  endfacet
  facet normal 0 0 -1
    outer loop
      vertex 9.67332 17.2414 0
      vertex 9.70711 18.5429 0
      vertex 10.0627 17.2159 0
    endloop
  endfacet
  facet normal 0 0 -1
    outer loop
      vertex 9.67332 17.2414 0
      vertex 9.38268 18.3261 0
      vertex 9.70711 18.5429 0
    endloop
  endfacet
  facet normal 0 0 -1
    outer loop
      vertex 9.30385 17.116 0
      vertex 9.38268 18.3261 0
      vertex 9.67332 17.2414 0
    endloop
  endfacet
  facet normal 0 0 -1
    outer loop
      vertex 9 18.25 0
      vertex 9.30385 17.116 0
      vertex 9.0105 16.8588 0
    endloop
  endfacet
  facet normal 0 0 -1
    outer loop
      vertex 9.30385 17.116 0
      vertex 9 18.25 0
      vertex 9.38268 18.3261 0
    endloop
  endfacet
  facet normal 0 0 -1
    outer loop
      vertex 7.48246 16.5138 0
      vertex 8.83792 16.5088 0
      vertex 7.54181 16.1282 0
    endloop
  endfacet
  facet normal 0 0 -1
    outer loop
      vertex 9.0105 16.8588 0
      vertex 8.61732 18.3261 0
      vertex 9 18.25 0
    endloop
  endfacet
  facet normal 0 0 -1
    outer loop
      vertex 7.54181 16.1282 0
      vertex 8.83792 16.5088 0
      vertex 8.8124 16.1195 0
    endloop
  endfacet
  facet normal -0 0 -1
    outer loop
      vertex 11.3912 23.6528 0
      vertex 10.5972 22.8588 0
      vertex 11.134 23.9462 0
    endloop
  endfacet
  facet normal 0 0 -1
    outer loop
      vertex 10.3038 23.116 0
      vertex 11.134 23.9462 0
      vertex 10.5972 22.8588 0
    endloop
  endfacet
  facet normal -0 0 -1
    outer loop
      vertex 11.134 23.9462 0
      vertex 10.3038 23.116 0
      vertex 11.0086 24.3156 0
    endloop
  endfacet
  facet normal 0 0 -1
    outer loop
      vertex 9.93437 23.2414 0
      vertex 11.0086 24.3156 0
      vertex 10.3038 23.116 0
    endloop
  endfacet
  facet normal 0 0 -1
    outer loop
      vertex 11.0086 24.3156 0
      vertex 10.6305 26.0528 0
      vertex 11 26.1782 0
    endloop
  endfacet
  facet normal 0 0 -1
    outer loop
      vertex 9.05932 24.7344 0
      vertex 11.0086 24.3156 0
      vertex 9.93437 23.2414 0
    endloop
  endfacet
  facet normal 0 -0 -1
    outer loop
      vertex 10.2412 26.0783 0
      vertex 11.0086 24.3156 0
      vertex 9.1018 25.1222 0
    endloop
  endfacet
  facet normal 0 0 -1
    outer loop
      vertex 11.0086 24.3156 0
      vertex 10.2412 26.0783 0
      vertex 10.6305 26.0528 0
    endloop
  endfacet
  facet normal -0 0 -1
    outer loop
      vertex 10.2412 26.0783 0
      vertex 9.1018 25.1222 0
      vertex 9.89124 26.2509 0
    endloop
  endfacet
  facet normal 0 0 -1
    outer loop
      vertex 9.05932 24.7344 0
      vertex 9.93437 23.2414 0
      vertex 9.54503 23.2159 0
    endloop
  endfacet
  facet normal 0 0 -1
    outer loop
      vertex 8.99261 25.4968 0
      vertex 9.89124 26.2509 0
      vertex 9.1018 25.1222 0
    endloop
  endfacet
  facet normal 0 0 -1
    outer loop
      vertex 8.56735 24.1481 0
      vertex 9.54503 23.2159 0
      vertex 9.19509 23.0434 0
    endloop
  endfacet
  facet normal 0 0 -1
    outer loop
      vertex 10.4126 21.4566 0
      vertex 9.92388 19.6327 0
      vertex 10.0627 21.2841 0
    endloop
  endfacet
  facet normal 0 0 -1
    outer loop
      vertex 9.70711 19.9571 0
      vertex 10.0627 21.2841 0
      vertex 9.92388 19.6327 0
    endloop
  endfacet
  facet normal 0 0 -1
    outer loop
      vertex 9.70711 19.9571 0
      vertex 9.67332 21.2586 0
      vertex 10.0627 21.2841 0
    endloop
  endfacet
  facet normal 0 0 -1
    outer loop
      vertex 9.38268 20.1739 0
      vertex 9.67332 21.2586 0
      vertex 9.70711 19.9571 0
    endloop
  endfacet
  facet normal 0 0 -1
    outer loop
      vertex 9.38268 20.1739 0
      vertex 9.30385 21.384 0
      vertex 9.67332 21.2586 0
    endloop
  endfacet
  facet normal 0 0 -1
    outer loop
      vertex 9 20.25 0
      vertex 9.30385 21.384 0
      vertex 9.38268 20.1739 0
    endloop
  endfacet
  facet normal -0 0 -1
    outer loop
      vertex 9.30385 21.384 0
      vertex 9 20.25 0
      vertex 9.0105 21.6412 0
    endloop
  endfacet
  facet normal 0 0 -1
    outer loop
      vertex 8.61732 20.1739 0
      vertex 9.0105 21.6412 0
      vertex 9 20.25 0
    endloop
  endfacet
  facet normal 0 0 -1
    outer loop
      vertex 7.54181 22.3718 0
      vertex 8.61732 20.1739 0
      vertex 8.29289 19.9571 0
    endloop
  endfacet
  facet normal 0 0 -1
    outer loop
      vertex 7.54181 22.3718 0
      vertex 9.0105 21.6412 0
      vertex 8.61732 20.1739 0
    endloop
  endfacet
  facet normal 0 0 -1
    outer loop
      vertex 12.8636 27.2941 0
      vertex 11.4659 26.7854 0
      vertex 11.4914 27.1748 0
    endloop
  endfacet
  facet normal 0 0 -1
    outer loop
      vertex 11.8695 25.4376 0
      vertex 11.2934 26.4355 0
      vertex 11.4659 26.7854 0
    endloop
  endfacet
  facet normal 0 0 -1
    outer loop
      vertex 11 26.1782 0
      vertex 11.5 25.3122 0
      vertex 11.2066 25.0549 0
    endloop
  endfacet
  facet normal 0 0 -1
    outer loop
      vertex 11 26.1782 0
      vertex 11.2066 25.0549 0
      vertex 11.0341 24.705 0
    endloop
  endfacet
  facet normal 0 0 -1
    outer loop
      vertex 11.5 25.3122 0
      vertex 11 26.1782 0
      vertex 11.2934 26.4355 0
    endloop
  endfacet
  facet normal 0 0 -1
    outer loop
      vertex 11.0086 24.3156 0
      vertex 11 26.1782 0
      vertex 11.0341 24.705 0
    endloop
  endfacet
  facet normal 0 0 -1
    outer loop
      vertex 10.0627 17.2159 0
      vertex 11.2929 18.5429 0
      vertex 10.4126 17.0434 0
    endloop
  endfacet
  facet normal 0 0 -1
    outer loop
      vertex 11.2934 12.0645 0
      vertex 11.8695 13.0624 0
      vertex 11.4659 11.7146 0
    endloop
  endfacet
  facet normal -0 0 -1
    outer loop
      vertex 11.8695 13.0624 0
      vertex 11.2934 12.0645 0
      vertex 11.5 13.1878 0
    endloop
  endfacet
  facet normal 0 0 -1
    outer loop
      vertex 11 12.3218 0
      vertex 11.5 13.1878 0
      vertex 11.2934 12.0645 0
    endloop
  endfacet
  facet normal -0 0 -1
    outer loop
      vertex 11.5 13.1878 0
      vertex 11 12.3218 0
      vertex 11.2066 13.4451 0
    endloop
  endfacet
  facet normal -0 0 -1
    outer loop
      vertex 11.2066 13.4451 0
      vertex 10.6305 12.4472 0
      vertex 11.0341 13.795 0
    endloop
  endfacet
  facet normal 0 0 -1
    outer loop
      vertex 10.6305 12.4472 0
      vertex 11.2066 13.4451 0
      vertex 11 12.3218 0
    endloop
  endfacet
  facet normal -0 0 -1
    outer loop
      vertex 14.2929 24.5429 0
      vertex 12.9659 24.1873 0
      vertex 12.9914 24.5767 0
    endloop
  endfacet
  facet normal 0 0 -1
    outer loop
      vertex 13.3695 22.8395 0
      vertex 12.7934 23.8374 0
      vertex 12.9659 24.1873 0
    endloop
  endfacet
  facet normal 0 0 -1
    outer loop
      vertex 12.5 23.5801 0
      vertex 13 22.7141 0
      vertex 12.7066 22.4568 0
    endloop
  endfacet
  facet normal 0 0 -1
    outer loop
      vertex 12.1305 23.4547 0
      vertex 12.7066 22.4568 0
      vertex 12.5341 22.1069 0
    endloop
  endfacet
  facet normal 0 0 -1
    outer loop
      vertex 13 22.7141 0
      vertex 12.5 23.5801 0
      vertex 12.7934 23.8374 0
    endloop
  endfacet
  facet normal 0 0 -1
    outer loop
      vertex 10.7953 22.1195 0
      vertex 12.5341 22.1069 0
      vertex 12.5086 21.7175 0
    endloop
  endfacet
  facet normal -0 0 -1
    outer loop
      vertex 13.6305 20.8566 0
      vertex 12.9239 19.6327 0
      vertex 13.2412 20.8821 0
    endloop
  endfacet
  facet normal 0 0 -1
    outer loop
      vertex 12.7071 19.9571 0
      vertex 13.2412 20.8821 0
      vertex 12.9239 19.6327 0
    endloop
  endfacet
  facet normal -0 0 -1
    outer loop
      vertex 13.2412 20.8821 0
      vertex 12.7071 19.9571 0
      vertex 12.8912 21.0547 0
    endloop
  endfacet
  facet normal 0 0 -1
    outer loop
      vertex 12.3827 20.1739 0
      vertex 12.8912 21.0547 0
      vertex 12.7071 19.9571 0
    endloop
  endfacet
  facet normal -0 0 -1
    outer loop
      vertex 12.8912 21.0547 0
      vertex 12.3827 20.1739 0
      vertex 12.634 21.3481 0
    endloop
  endfacet
  facet normal 0 0 -1
    outer loop
      vertex 12 20.25 0
      vertex 12.634 21.3481 0
      vertex 12.3827 20.1739 0
    endloop
  endfacet
  facet normal -0 0 -1
    outer loop
      vertex 12.634 21.3481 0
      vertex 12 20.25 0
      vertex 12.5086 21.7175 0
    endloop
  endfacet
  facet normal 0 0 -1
    outer loop
      vertex 12.7066 22.4568 0
      vertex 12.1305 23.4547 0
      vertex 12.5 23.5801 0
    endloop
  endfacet
  facet normal 0 0 -1
    outer loop
      vertex 11.6173 20.1739 0
      vertex 12.5086 21.7175 0
      vertex 12 20.25 0
    endloop
  endfacet
  facet normal 0 0 -1
    outer loop
      vertex 12.5341 22.1069 0
      vertex 11.7412 23.4802 0
      vertex 12.1305 23.4547 0
    endloop
  endfacet
  facet normal 0 0 -1
    outer loop
      vertex 10.7953 22.1195 0
      vertex 12.5086 21.7175 0
      vertex 11.6173 20.1739 0
    endloop
  endfacet
  facet normal 0 0 -1
    outer loop
      vertex 10.7698 22.5088 0
      vertex 12.5341 22.1069 0
      vertex 10.7953 22.1195 0
    endloop
  endfacet
  facet normal 0 0 -1
    outer loop
      vertex 10.7953 22.1195 0
      vertex 11.6173 20.1739 0
      vertex 11.2929 19.9571 0
    endloop
  endfacet
  facet normal 0 0 -1
    outer loop
      vertex 12.5341 22.1069 0
      vertex 10.7698 22.5088 0
      vertex 11.7412 23.4802 0
    endloop
  endfacet
  facet normal 0 0 -1
    outer loop
      vertex 10.7953 22.1195 0
      vertex 11.2929 19.9571 0
      vertex 11.0761 19.6327 0
    endloop
  endfacet
  facet normal -0 0 -1
    outer loop
      vertex 11.7412 23.4802 0
      vertex 10.7698 22.5088 0
      vertex 11.3912 23.6528 0
    endloop
  endfacet
  facet normal 0 0 -1
    outer loop
      vertex 10.7953 22.1195 0
      vertex 11.0761 19.6327 0
      vertex 11 19.25 0
    endloop
  endfacet
  facet normal 0 0 -1
    outer loop
      vertex 12.7934 14.6626 0
      vertex 13.3695 15.6605 0
      vertex 12.9659 14.3127 0
    endloop
  endfacet
  facet normal -0 0 -1
    outer loop
      vertex 13.3695 15.6605 0
      vertex 12.7934 14.6626 0
      vertex 13 15.7859 0
    endloop
  endfacet
  facet normal 0 0 -1
    outer loop
      vertex 12.5 14.9199 0
      vertex 13 15.7859 0
      vertex 12.7934 14.6626 0
    endloop
  endfacet
  facet normal -0 0 -1
    outer loop
      vertex 13 15.7859 0
      vertex 12.5 14.9199 0
      vertex 12.7066 16.0432 0
    endloop
  endfacet
  facet normal -0 0 -1
    outer loop
      vertex 12.7066 16.0432 0
      vertex 12.1305 15.0453 0
      vertex 12.5341 16.3931 0
    endloop
  endfacet
  facet normal 0 0 -1
    outer loop
      vertex 12.1305 15.0453 0
      vertex 12.7066 16.0432 0
      vertex 12.5 14.9199 0
    endloop
  endfacet
  facet normal 0 0 -1
    outer loop
      vertex 15.5865 27.8968 0
      vertex 14.4135 27.8968 0
      vertex 14.422 28.2869 0
    endloop
  endfacet
  facet normal 0 0 -1
    outer loop
      vertex 13.9745 27.2699 0
      vertex 14.6173 26.1739 0
      vertex 14.2929 25.9571 0
    endloop
  endfacet
  facet normal 0 0 -1
    outer loop
      vertex 15 26.25 0
      vertex 14.2563 27.5397 0
      vertex 14.4135 27.8968 0
    endloop
  endfacet
  facet normal 0 0 -1
    outer loop
      vertex 13.6108 27.1285 0
      vertex 14.2929 25.9571 0
      vertex 14.0761 25.6327 0
    endloop
  endfacet
  facet normal 0 0 -1
    outer loop
      vertex 12.6088 25.2395 0
      vertex 14.0761 25.6327 0
      vertex 14 25.25 0
    endloop
  endfacet
  facet normal 0 0 -1
    outer loop
      vertex 14.6173 26.1739 0
      vertex 13.9745 27.2699 0
      vertex 14.2563 27.5397 0
    endloop
  endfacet
  facet normal 0 0 -1
    outer loop
      vertex 15.7066 17.2607 0
      vertex 14.2934 17.2607 0
      vertex 15 18.25 0
    endloop
  endfacet
  facet normal -0 0 -1
    outer loop
      vertex 15 18.25 0
      vertex 14.2934 17.2607 0
      vertex 14.6173 18.3261 0
    endloop
  endfacet
  facet normal 0 0 -1
    outer loop
      vertex 14 17.518 0
      vertex 14.6173 18.3261 0
      vertex 14.2934 17.2607 0
    endloop
  endfacet
  facet normal -0 0 -1
    outer loop
      vertex 14.6173 18.3261 0
      vertex 14 17.518 0
      vertex 14.2929 18.5429 0
    endloop
  endfacet
  facet normal 0 0 -1
    outer loop
      vertex 13.6305 17.6434 0
      vertex 14.2929 18.5429 0
      vertex 14 17.518 0
    endloop
  endfacet
  facet normal -0 0 -1
    outer loop
      vertex 14.2929 18.5429 0
      vertex 13.6305 17.6434 0
      vertex 14.0761 18.8673 0
    endloop
  endfacet
  facet normal 0 0 -1
    outer loop
      vertex 12.9239 18.8673 0
      vertex 14.0761 18.8673 0
      vertex 13.6305 17.6434 0
    endloop
  endfacet
  facet normal 0 0 -1
    outer loop
      vertex 14.0761 18.8673 0
      vertex 12.9239 18.8673 0
      vertex 14 19.25 0
    endloop
  endfacet
  facet normal 0 0 -1
    outer loop
      vertex 12.9239 19.6327 0
      vertex 14 19.25 0
      vertex 13 19.25 0
    endloop
  endfacet
  facet normal 0 0 -1
    outer loop
      vertex 12.9239 18.8673 0
      vertex 13.6305 17.6434 0
      vertex 13.2412 17.6179 0
    endloop
  endfacet
  facet normal 0 0 -1
    outer loop
      vertex 14 19.25 0
      vertex 13.6305 20.8566 0
      vertex 14 20.982 0
    endloop
  endfacet
  facet normal 0 0 -1
    outer loop
      vertex 14 19.25 0
      vertex 12.9239 19.6327 0
      vertex 13.6305 20.8566 0
    endloop
  endfacet
  facet normal -0 0 -1
    outer loop
      vertex 14 19.25 0
      vertex 12.9239 18.8673 0
      vertex 13 19.25 0
    endloop
  endfacet
  facet normal 0 0 -1
    outer loop
      vertex 12.7071 18.5429 0
      vertex 13.2412 17.6179 0
      vertex 12.8912 17.4453 0
    endloop
  endfacet
  facet normal 0 0 -1
    outer loop
      vertex 13.2412 17.6179 0
      vertex 12.7071 18.5429 0
      vertex 12.9239 18.8673 0
    endloop
  endfacet
  facet normal 0 0 -1
    outer loop
      vertex 12.3827 18.3261 0
      vertex 12.8912 17.4453 0
      vertex 12.634 17.1519 0
    endloop
  endfacet
  facet normal 0 0 -1
    outer loop
      vertex 12 18.25 0
      vertex 12.634 17.1519 0
      vertex 12.5086 16.7825 0
    endloop
  endfacet
  facet normal 0 0 -1
    outer loop
      vertex 12.8912 17.4453 0
      vertex 12.3827 18.3261 0
      vertex 12.7071 18.5429 0
    endloop
  endfacet
  facet normal 0 0 -1
    outer loop
      vertex 11.7412 15.0198 0
      vertex 12.5341 16.3931 0
      vertex 12.1305 15.0453 0
    endloop
  endfacet
  facet normal 0 0 -1
    outer loop
      vertex 10.7698 15.9912 0
      vertex 12.5341 16.3931 0
      vertex 11.7412 15.0198 0
    endloop
  endfacet
  facet normal 0 0 -1
    outer loop
      vertex 12.634 17.1519 0
      vertex 12 18.25 0
      vertex 12.3827 18.3261 0
    endloop
  endfacet
  facet normal 0 -0 -1
    outer loop
      vertex 10.7953 16.3805 0
      vertex 12.5341 16.3931 0
      vertex 10.7698 15.9912 0
    endloop
  endfacet
  facet normal 0 0 -1
    outer loop
      vertex 10.6699 16.75 0
      vertex 12.5086 16.7825 0
      vertex 10.7953 16.3805 0
    endloop
  endfacet
  facet normal 0 0 -1
    outer loop
      vertex 10.7698 15.9912 0
      vertex 11.7412 15.0198 0
      vertex 11.3912 14.8472 0
    endloop
  endfacet
  facet normal 0 0 -1
    outer loop
      vertex 12.5086 16.7825 0
      vertex 11.6173 18.3261 0
      vertex 12 18.25 0
    endloop
  endfacet
  facet normal 0 0 -1
    outer loop
      vertex 10.5972 15.6412 0
      vertex 11.3912 14.8472 0
      vertex 11.134 14.5538 0
    endloop
  endfacet
  facet normal -0 0 -1
    outer loop
      vertex 12.5086 16.7825 0
      vertex 10.6699 16.75 0
      vertex 11.6173 18.3261 0
    endloop
  endfacet
  facet normal 0 0 -1
    outer loop
      vertex 10.3038 15.384 0
      vertex 11.134 14.5538 0
      vertex 11.0086 14.1844 0
    endloop
  endfacet
  facet normal 0 0 -1
    outer loop
      vertex 10.4126 17.0434 0
      vertex 11.6173 18.3261 0
      vertex 10.6699 16.75 0
    endloop
  endfacet
  facet normal 0 0 -1
    outer loop
      vertex 10.2412 12.4217 0
      vertex 11.0341 13.795 0
      vertex 10.6305 12.4472 0
    endloop
  endfacet
  facet normal -0 0 -1
    outer loop
      vertex 11.6173 18.3261 0
      vertex 10.4126 17.0434 0
      vertex 11.2929 18.5429 0
    endloop
  endfacet
  facet normal 0 0 -1
    outer loop
      vertex 10.5972 22.8588 0
      vertex 11.3912 23.6528 0
      vertex 10.7698 22.5088 0
    endloop
  endfacet
  facet normal -0 0 -1
    outer loop
      vertex 12.5341 16.3931 0
      vertex 10.7953 16.3805 0
      vertex 12.5086 16.7825 0
    endloop
  endfacet
  facet normal 0 0 -1
    outer loop
      vertex 9.1018 13.3778 0
      vertex 11.0341 13.795 0
      vertex 10.2412 12.4217 0
    endloop
  endfacet
  facet normal 0 0 -1
    outer loop
      vertex 11.3912 14.8472 0
      vertex 10.5972 15.6412 0
      vertex 10.7698 15.9912 0
    endloop
  endfacet
  facet normal 0 0 -1
    outer loop
      vertex 11.134 14.5538 0
      vertex 10.3038 15.384 0
      vertex 10.5972 15.6412 0
    endloop
  endfacet
  facet normal 0 0 -1
    outer loop
      vertex 9.05932 13.7656 0
      vertex 11.0341 13.795 0
      vertex 9.1018 13.3778 0
    endloop
  endfacet
  facet normal 0 0 -1
    outer loop
      vertex 11.0086 14.1844 0
      vertex 9.93437 15.2586 0
      vertex 10.3038 15.384 0
    endloop
  endfacet
  facet normal 0 0 -1
    outer loop
      vertex 9.1018 13.3778 0
      vertex 10.2412 12.4217 0
      vertex 9.89124 12.2491 0
    endloop
  endfacet
  facet normal 0 0 -1
    outer loop
      vertex 8.99261 13.0032 0
      vertex 9.89124 12.2491 0
      vertex 9.63398 11.9558 0
    endloop
  endfacet
  facet normal -0 0 -1
    outer loop
      vertex 11.0341 13.795 0
      vertex 9.05932 13.7656 0
      vertex 11.0086 14.1844 0
    endloop
  endfacet
  facet normal 0 0 -1
    outer loop
      vertex 8.74839 12.6989 0
      vertex 9.63398 11.9558 0
      vertex 9.50856 11.5863 0
    endloop
  endfacet
  facet normal -0 0 -1
    outer loop
      vertex 11.0086 14.1844 0
      vertex 9.05932 13.7656 0
      vertex 9.93437 15.2586 0
    endloop
  endfacet
  facet normal 0 0 -1
    outer loop
      vertex 15.8912 22.6414 0
      vertex 14.1088 22.6414 0
      vertex 15 24.25 0
    endloop
  endfacet
  facet normal -0 0 -1
    outer loop
      vertex 15 24.25 0
      vertex 14.1088 22.6414 0
      vertex 14.6173 24.3261 0
    endloop
  endfacet
  facet normal 0 0 -1
    outer loop
      vertex 13.7588 22.814 0
      vertex 14.6173 24.3261 0
      vertex 14.1088 22.6414 0
    endloop
  endfacet
  facet normal -0 0 -1
    outer loop
      vertex 14.6173 24.3261 0
      vertex 13.7588 22.814 0
      vertex 14.2929 24.5429 0
    endloop
  endfacet
  facet normal 0 0 -1
    outer loop
      vertex 12.9659 24.1873 0
      vertex 14.2929 24.5429 0
      vertex 13.7588 22.814 0
    endloop
  endfacet
  facet normal 0 0 -1
    outer loop
      vertex 14.2929 24.5429 0
      vertex 12.9914 24.5767 0
      vertex 14.0761 24.8673 0
    endloop
  endfacet
  facet normal -0 0 -1
    outer loop
      vertex 14.0761 24.8673 0
      vertex 12.9914 24.5767 0
      vertex 14 25.25 0
    endloop
  endfacet
  facet normal 0 0 -1
    outer loop
      vertex 12.866 24.9462 0
      vertex 14 25.25 0
      vertex 12.9914 24.5767 0
    endloop
  endfacet
  facet normal 0 0 -1
    outer loop
      vertex 12.9659 24.1873 0
      vertex 13.7588 22.814 0
      vertex 13.3695 22.8395 0
    endloop
  endfacet
  facet normal 0 0 -1
    outer loop
      vertex 12.6088 25.2395 0
      vertex 14 25.25 0
      vertex 12.866 24.9462 0
    endloop
  endfacet
  facet normal 0 0 -1
    outer loop
      vertex 12.7934 23.8374 0
      vertex 13.3695 22.8395 0
      vertex 13 22.7141 0
    endloop
  endfacet
  facet normal 0 0 -1
    outer loop
      vertex 14.2929 25.9571 0
      vertex 13.6108 27.1285 0
      vertex 13.9745 27.2699 0
    endloop
  endfacet
  facet normal -0 0 -1
    outer loop
      vertex 14.0761 25.6327 0
      vertex 12.6088 25.2395 0
      vertex 13.2207 27.137 0
    endloop
  endfacet
  facet normal 0 0 -1
    outer loop
      vertex 14.0761 25.6327 0
      vertex 13.2207 27.137 0
      vertex 13.6108 27.1285 0
    endloop
  endfacet
  facet normal 0 0 -1
    outer loop
      vertex 12.2588 25.4121 0
      vertex 13.2207 27.137 0
      vertex 12.6088 25.2395 0
    endloop
  endfacet
  facet normal -0 0 -1
    outer loop
      vertex 13.2207 27.137 0
      vertex 12.2588 25.4121 0
      vertex 12.8636 27.2941 0
    endloop
  endfacet
  facet normal 0 0 -1
    outer loop
      vertex 11.4659 26.7854 0
      vertex 12.8636 27.2941 0
      vertex 12.2588 25.4121 0
    endloop
  endfacet
  facet normal -0 0 -1
    outer loop
      vertex 12.8636 27.2941 0
      vertex 11.4914 27.1748 0
      vertex 12.5938 27.576 0
    endloop
  endfacet
  facet normal 0 0 -1
    outer loop
      vertex 15.7437 10.9603 0
      vertex 14.2563 10.9603 0
      vertex 15 12.25 0
    endloop
  endfacet
  facet normal -0 0 -1
    outer loop
      vertex 15 12.25 0
      vertex 14.2563 10.9603 0
      vertex 14.6173 12.3261 0
    endloop
  endfacet
  facet normal 0 0 -1
    outer loop
      vertex 13.9745 11.2301 0
      vertex 14.6173 12.3261 0
      vertex 14.2563 10.9603 0
    endloop
  endfacet
  facet normal -0 0 -1
    outer loop
      vertex 14.6173 12.3261 0
      vertex 13.9745 11.2301 0
      vertex 14.2929 12.5429 0
    endloop
  endfacet
  facet normal 0 0 -1
    outer loop
      vertex 13.6108 11.3715 0
      vertex 14.2929 12.5429 0
      vertex 13.9745 11.2301 0
    endloop
  endfacet
  facet normal -0 0 -1
    outer loop
      vertex 14.2929 12.5429 0
      vertex 13.6108 11.3715 0
      vertex 14.0761 12.8673 0
    endloop
  endfacet
  facet normal 0 0 -1
    outer loop
      vertex 17.0761 18.8673 0
      vertex 15.9239 18.8673 0
      vertex 16 19.25 0
    endloop
  endfacet
  facet normal 0 0 -1
    outer loop
      vertex 16.3695 17.6434 0
      vertex 15.7071 18.5429 0
      vertex 15.9239 18.8673 0
    endloop
  endfacet
  facet normal 0 0 -1
    outer loop
      vertex 15.3827 18.3261 0
      vertex 16 17.518 0
      vertex 15.7066 17.2607 0
    endloop
  endfacet
  facet normal 0 0 -1
    outer loop
      vertex 14.4659 16.9107 0
      vertex 15.7066 17.2607 0
      vertex 15.5341 16.9107 0
    endloop
  endfacet
  facet normal 0 0 -1
    outer loop
      vertex 16 17.518 0
      vertex 15.3827 18.3261 0
      vertex 15.7071 18.5429 0
    endloop
  endfacet
  facet normal 0 0 -1
    outer loop
      vertex 14.4914 16.5214 0
      vertex 15.5341 16.9107 0
      vertex 15.5086 16.5214 0
    endloop
  endfacet
  facet normal 0 0 -1
    outer loop
      vertex 15.8912 15.8586 0
      vertex 14.1088 15.8586 0
      vertex 15.634 16.1519 0
    endloop
  endfacet
  facet normal 0 0 -1
    outer loop
      vertex 15.634 16.1519 0
      vertex 14.366 16.1519 0
      vertex 15.5086 16.5214 0
    endloop
  endfacet
  facet normal 0 0 -1
    outer loop
      vertex 14.4659 16.9107 0
      vertex 15.5341 16.9107 0
      vertex 14.4914 16.5214 0
    endloop
  endfacet
  facet normal 0 0 -1
    outer loop
      vertex 14.1088 15.8586 0
      vertex 15 14.25 0
      vertex 14.6173 14.1739 0
    endloop
  endfacet
  facet normal 0 0 -1
    outer loop
      vertex 15.7066 17.2607 0
      vertex 15 18.25 0
      vertex 15.3827 18.3261 0
    endloop
  endfacet
  facet normal 0 0 -1
    outer loop
      vertex 14.2934 17.2607 0
      vertex 15.7066 17.2607 0
      vertex 14.4659 16.9107 0
    endloop
  endfacet
  facet normal -0 0 -1
    outer loop
      vertex 15.5086 16.5214 0
      vertex 14.366 16.1519 0
      vertex 14.4914 16.5214 0
    endloop
  endfacet
  facet normal 0 0 -1
    outer loop
      vertex 13.7588 15.686 0
      vertex 14.6173 14.1739 0
      vertex 14.2929 13.9571 0
    endloop
  endfacet
  facet normal -0 0 -1
    outer loop
      vertex 15.634 16.1519 0
      vertex 14.1088 15.8586 0
      vertex 14.366 16.1519 0
    endloop
  endfacet
  facet normal 0 0 -1
    outer loop
      vertex 12.9914 13.9233 0
      vertex 14.2929 13.9571 0
      vertex 14.0761 13.6327 0
    endloop
  endfacet
  facet normal 0 0 -1
    outer loop
      vertex 12.9914 13.9233 0
      vertex 14.0761 13.6327 0
      vertex 14 13.25 0
    endloop
  endfacet
  facet normal 0 0 -1
    outer loop
      vertex 14.6173 14.1739 0
      vertex 13.7588 15.686 0
      vertex 14.1088 15.8586 0
    endloop
  endfacet
  facet normal 0 0 -1
    outer loop
      vertex 13.2207 11.363 0
      vertex 14.0761 12.8673 0
      vertex 13.6108 11.3715 0
    endloop
  endfacet
  facet normal 0 0 -1
    outer loop
      vertex 12.6088 13.2605 0
      vertex 14.0761 12.8673 0
      vertex 13.2207 11.363 0
    endloop
  endfacet
  facet normal 0 0 -1
    outer loop
      vertex 12.9659 14.3127 0
      vertex 14.2929 13.9571 0
      vertex 12.9914 13.9233 0
    endloop
  endfacet
  facet normal 0 0 -1
    outer loop
      vertex 14.0761 12.8673 0
      vertex 12.6088 13.2605 0
      vertex 14 13.25 0
    endloop
  endfacet
  facet normal 0 0 -1
    outer loop
      vertex 14.2929 13.9571 0
      vertex 12.9659 14.3127 0
      vertex 13.7588 15.686 0
    endloop
  endfacet
  facet normal 0 0 -1
    outer loop
      vertex 13.7588 15.686 0
      vertex 12.9659 14.3127 0
      vertex 13.3695 15.6605 0
    endloop
  endfacet
  facet normal 0 0 -1
    outer loop
      vertex 14 13.25 0
      vertex 12.866 13.5538 0
      vertex 12.9914 13.9233 0
    endloop
  endfacet
  facet normal 0 0 -1
    outer loop
      vertex 12.2588 13.0879 0
      vertex 13.2207 11.363 0
      vertex 12.8636 11.2059 0
    endloop
  endfacet
  facet normal 0 0 -1
    outer loop
      vertex 14 13.25 0
      vertex 12.6088 13.2605 0
      vertex 12.866 13.5538 0
    endloop
  endfacet
  facet normal 0 0 -1
    outer loop
      vertex 11.4914 11.3252 0
      vertex 12.8636 11.2059 0
      vertex 12.5938 10.924 0
    endloop
  endfacet
  facet normal 0 0 -1
    outer loop
      vertex 11.4914 11.3252 0
      vertex 12.5938 10.924 0
      vertex 12.4524 10.5604 0
    endloop
  endfacet
  facet normal 0 0 -1
    outer loop
      vertex 13.2207 11.363 0
      vertex 12.2588 13.0879 0
      vertex 12.6088 13.2605 0
    endloop
  endfacet
  facet normal 0 0 -1
    outer loop
      vertex 17.3912 13.2605 0
      vertex 15.9239 12.8673 0
      vertex 16 13.25 0
    endloop
  endfacet
  facet normal 0 0 -1
    outer loop
      vertex 15.3827 12.3261 0
      vertex 16.0255 11.2301 0
      vertex 15.7437 10.9603 0
    endloop
  endfacet
  facet normal 0 0 -1
    outer loop
      vertex 16.3892 11.3715 0
      vertex 15.7071 12.5429 0
      vertex 15.9239 12.8673 0
    endloop
  endfacet
  facet normal 0 0 -1
    outer loop
      vertex 14.4135 10.6032 0
      vertex 15.5865 10.6032 0
      vertex 14.422 10.2131 0
    endloop
  endfacet
  facet normal 0 0 -1
    outer loop
      vertex 16.0255 11.2301 0
      vertex 15.3827 12.3261 0
      vertex 15.7071 12.5429 0
    endloop
  endfacet
  facet normal 0 0 -1
    outer loop
      vertex 14.422 10.2131 0
      vertex 15.5865 10.6032 0
      vertex 15.578 10.2131 0
    endloop
  endfacet
  facet normal 0 0 -1
    outer loop
      vertex 15.7071 25.9571 0
      vertex 16.3892 27.1285 0
      vertex 15.9239 25.6327 0
    endloop
  endfacet
  facet normal -0 0 -1
    outer loop
      vertex 16.3892 27.1285 0
      vertex 15.7071 25.9571 0
      vertex 16.0255 27.2699 0
    endloop
  endfacet
  facet normal 0 0 -1
    outer loop
      vertex 15.3827 26.1739 0
      vertex 16.0255 27.2699 0
      vertex 15.7071 25.9571 0
    endloop
  endfacet
  facet normal -0 0 -1
    outer loop
      vertex 16.0255 27.2699 0
      vertex 15.3827 26.1739 0
      vertex 15.7437 27.5397 0
    endloop
  endfacet
  facet normal 0 0 -1
    outer loop
      vertex 14.4135 27.8968 0
      vertex 15.7437 27.5397 0
      vertex 15 26.25 0
    endloop
  endfacet
  facet normal 0 0 -1
    outer loop
      vertex 15 26.25 0
      vertex 15.7437 27.5397 0
      vertex 15.3827 26.1739 0
    endloop
  endfacet
  facet normal 0 0 -1
    outer loop
      vertex 19.2047 16.3805 0
      vertex 17.4659 16.3931 0
      vertex 17.4914 16.7825 0
    endloop
  endfacet
  facet normal 0 0 -1
    outer loop
      vertex 17.8695 15.0453 0
      vertex 17.2934 16.0432 0
      vertex 17.4659 16.3931 0
    endloop
  endfacet
  facet normal 0 0 -1
    outer loop
      vertex 17 15.7859 0
      vertex 17.5 14.9199 0
      vertex 17.2066 14.6626 0
    endloop
  endfacet
  facet normal 0 0 -1
    outer loop
      vertex 16.6305 15.6605 0
      vertex 17.2066 14.6626 0
      vertex 17.0341 14.3127 0
    endloop
  endfacet
  facet normal 0 0 -1
    outer loop
      vertex 17.5 14.9199 0
      vertex 17 15.7859 0
      vertex 17.2934 16.0432 0
    endloop
  endfacet
  facet normal 0 0 -1
    outer loop
      vertex 15.7071 13.9571 0
      vertex 17.0341 14.3127 0
      vertex 17.0086 13.9233 0
    endloop
  endfacet
  facet normal 0 0 -1
    outer loop
      vertex 18.5086 27.1748 0
      vertex 17.4062 27.576 0
      vertex 17.5476 27.9396 0
    endloop
  endfacet
  facet normal 0 0 -1
    outer loop
      vertex 16.7793 27.137 0
      vertex 17.7412 25.4121 0
      vertex 17.3912 25.2395 0
    endloop
  endfacet
  facet normal 0 0 -1
    outer loop
      vertex 18.5341 26.7854 0
      vertex 17.1364 27.2941 0
      vertex 17.4062 27.576 0
    endloop
  endfacet
  facet normal 0 0 -1
    outer loop
      vertex 16 25.25 0
      vertex 17.3912 25.2395 0
      vertex 17.134 24.9462 0
    endloop
  endfacet
  facet normal 0 0 -1
    outer loop
      vertex 16 25.25 0
      vertex 17.134 24.9462 0
      vertex 17.0086 24.5767 0
    endloop
  endfacet
  facet normal 0 0 -1
    outer loop
      vertex 17.7412 25.4121 0
      vertex 16.7793 27.137 0
      vertex 17.1364 27.2941 0
    endloop
  endfacet
  facet normal 0 0 -1
    outer loop
      vertex 16.2412 22.814 0
      vertex 17.0341 24.1873 0
      vertex 16.6305 22.8395 0
    endloop
  endfacet
  facet normal 0 0 -1
    outer loop
      vertex 17.0341 24.1873 0
      vertex 15.7071 24.5429 0
      vertex 17.0086 24.5767 0
    endloop
  endfacet
  facet normal 0 0 -1
    outer loop
      vertex 15.9239 25.6327 0
      vertex 17.3912 25.2395 0
      vertex 16 25.25 0
    endloop
  endfacet
  facet normal -0 0 -1
    outer loop
      vertex 17.0341 24.1873 0
      vertex 16.2412 22.814 0
      vertex 15.7071 24.5429 0
    endloop
  endfacet
  facet normal 0 0 -1
    outer loop
      vertex 17.3912 25.2395 0
      vertex 15.9239 25.6327 0
      vertex 16.7793 27.137 0
    endloop
  endfacet
  facet normal 0 0 -1
    outer loop
      vertex 16.7793 27.137 0
      vertex 15.9239 25.6327 0
      vertex 16.3892 27.1285 0
    endloop
  endfacet
  facet normal 0 0 -1
    outer loop
      vertex 17.0086 24.5767 0
      vertex 15.9239 24.8673 0
      vertex 16 25.25 0
    endloop
  endfacet
  facet normal 0 0 -1
    outer loop
      vertex 15.3827 24.3261 0
      vertex 16.2412 22.814 0
      vertex 15.8912 22.6414 0
    endloop
  endfacet
  facet normal -0 0 -1
    outer loop
      vertex 17.0086 24.5767 0
      vertex 15.7071 24.5429 0
      vertex 15.9239 24.8673 0
    endloop
  endfacet
  facet normal 0 0 -1
    outer loop
      vertex 14.366 22.3481 0
      vertex 15.8912 22.6414 0
      vertex 15.634 22.3481 0
    endloop
  endfacet
  facet normal 0 0 -1
    outer loop
      vertex 14.4914 21.9786 0
      vertex 15.634 22.3481 0
      vertex 15.5086 21.9786 0
    endloop
  endfacet
  facet normal 0 0 -1
    outer loop
      vertex 16.2412 22.814 0
      vertex 15.3827 24.3261 0
      vertex 15.7071 24.5429 0
    endloop
  endfacet
  facet normal 0 0 -1
    outer loop
      vertex 15.7066 21.2393 0
      vertex 14.2934 21.2393 0
      vertex 15.5341 21.5893 0
    endloop
  endfacet
  facet normal 0 0 -1
    outer loop
      vertex 15.5341 21.5893 0
      vertex 14.4659 21.5893 0
      vertex 15.5086 21.9786 0
    endloop
  endfacet
  facet normal 0 0 -1
    outer loop
      vertex 14.366 22.3481 0
      vertex 15.634 22.3481 0
      vertex 14.4914 21.9786 0
    endloop
  endfacet
  facet normal 0 0 -1
    outer loop
      vertex 14.2934 21.2393 0
      vertex 15 20.25 0
      vertex 14.6173 20.1739 0
    endloop
  endfacet
  facet normal 0 0 -1
    outer loop
      vertex 15.8912 22.6414 0
      vertex 15 24.25 0
      vertex 15.3827 24.3261 0
    endloop
  endfacet
  facet normal 0 0 -1
    outer loop
      vertex 14.1088 22.6414 0
      vertex 15.8912 22.6414 0
      vertex 14.366 22.3481 0
    endloop
  endfacet
  facet normal -0 0 -1
    outer loop
      vertex 15.5086 21.9786 0
      vertex 14.4659 21.5893 0
      vertex 14.4914 21.9786 0
    endloop
  endfacet
  facet normal -0 0 -1
    outer loop
      vertex 15.5341 21.5893 0
      vertex 14.2934 21.2393 0
      vertex 14.4659 21.5893 0
    endloop
  endfacet
  facet normal 0 0 -1
    outer loop
      vertex 14 20.982 0
      vertex 14.6173 20.1739 0
      vertex 14.2929 19.9571 0
    endloop
  endfacet
  facet normal 0 0 -1
    outer loop
      vertex 14 20.982 0
      vertex 14.2929 19.9571 0
      vertex 14.0761 19.6327 0
    endloop
  endfacet
  facet normal 0 0 -1
    outer loop
      vertex 14 20.982 0
      vertex 14.0761 19.6327 0
      vertex 14 19.25 0
    endloop
  endfacet
  facet normal 0 0 -1
    outer loop
      vertex 14.6173 20.1739 0
      vertex 14 20.982 0
      vertex 14.2934 21.2393 0
    endloop
  endfacet
  facet normal 0 0 -1
    outer loop
      vertex 17.1364 11.2059 0
      vertex 18.5341 11.7146 0
      vertex 17.4062 10.924 0
    endloop
  endfacet
  facet normal -0 0 -1
    outer loop
      vertex 18.5341 11.7146 0
      vertex 17.1364 11.2059 0
      vertex 17.7412 13.0879 0
    endloop
  endfacet
  facet normal 0 0 -1
    outer loop
      vertex 16.7793 11.363 0
      vertex 17.7412 13.0879 0
      vertex 17.1364 11.2059 0
    endloop
  endfacet
  facet normal -0 0 -1
    outer loop
      vertex 17.7412 13.0879 0
      vertex 16.7793 11.363 0
      vertex 17.3912 13.2605 0
    endloop
  endfacet
  facet normal 0 0 -1
    outer loop
      vertex 15.9239 12.8673 0
      vertex 17.3912 13.2605 0
      vertex 16.7793 11.363 0
    endloop
  endfacet
  facet normal -0 0 -1
    outer loop
      vertex 17.3912 13.2605 0
      vertex 16 13.25 0
      vertex 17.134 13.5538 0
    endloop
  endfacet
  facet normal -0 0 -1
    outer loop
      vertex 17.134 13.5538 0
      vertex 16 13.25 0
      vertex 17.0086 13.9233 0
    endloop
  endfacet
  facet normal 0 0 -1
    outer loop
      vertex 15.9239 13.6327 0
      vertex 17.0086 13.9233 0
      vertex 16 13.25 0
    endloop
  endfacet
  facet normal 0 0 -1
    outer loop
      vertex 15.9239 12.8673 0
      vertex 16.7793 11.363 0
      vertex 16.3892 11.3715 0
    endloop
  endfacet
  facet normal 0 0 -1
    outer loop
      vertex 15.7071 13.9571 0
      vertex 17.0086 13.9233 0
      vertex 15.9239 13.6327 0
    endloop
  endfacet
  facet normal 0 0 -1
    outer loop
      vertex 15.7071 12.5429 0
      vertex 16.3892 11.3715 0
      vertex 16.0255 11.2301 0
    endloop
  endfacet
  facet normal 0 0 -1
    outer loop
      vertex 17.2066 14.6626 0
      vertex 16.6305 15.6605 0
      vertex 17 15.7859 0
    endloop
  endfacet
  facet normal 0 -0 -1
    outer loop
      vertex 16.2412 15.686 0
      vertex 17.0341 14.3127 0
      vertex 15.7071 13.9571 0
    endloop
  endfacet
  facet normal 0 0 -1
    outer loop
      vertex 17.0341 14.3127 0
      vertex 16.2412 15.686 0
      vertex 16.6305 15.6605 0
    endloop
  endfacet
  facet normal 0 0 -1
    outer loop
      vertex 15.3827 14.1739 0
      vertex 16.2412 15.686 0
      vertex 15.7071 13.9571 0
    endloop
  endfacet
  facet normal -0 0 -1
    outer loop
      vertex 16.2412 15.686 0
      vertex 15.3827 14.1739 0
      vertex 15.8912 15.8586 0
    endloop
  endfacet
  facet normal 0 0 -1
    outer loop
      vertex 15 14.25 0
      vertex 15.8912 15.8586 0
      vertex 15.3827 14.1739 0
    endloop
  endfacet
  facet normal 0 0 -1
    outer loop
      vertex 14.1088 15.8586 0
      vertex 15.8912 15.8586 0
      vertex 15 14.25 0
    endloop
  endfacet
  facet normal 0 0 -1
    outer loop
      vertex 17.2934 22.4568 0
      vertex 17.8695 23.4547 0
      vertex 17.4659 22.1069 0
    endloop
  endfacet
  facet normal -0 0 -1
    outer loop
      vertex 17.8695 23.4547 0
      vertex 17.2934 22.4568 0
      vertex 17.5 23.5801 0
    endloop
  endfacet
  facet normal 0 0 -1
    outer loop
      vertex 17 22.7141 0
      vertex 17.5 23.5801 0
      vertex 17.2934 22.4568 0
    endloop
  endfacet
  facet normal -0 0 -1
    outer loop
      vertex 17.5 23.5801 0
      vertex 17 22.7141 0
      vertex 17.2066 23.8374 0
    endloop
  endfacet
  facet normal -0 0 -1
    outer loop
      vertex 17.2066 23.8374 0
      vertex 16.6305 22.8395 0
      vertex 17.0341 24.1873 0
    endloop
  endfacet
  facet normal 0 0 -1
    outer loop
      vertex 16.6305 22.8395 0
      vertex 17.2066 23.8374 0
      vertex 17 22.7141 0
    endloop
  endfacet
  facet normal -0 0 -1
    outer loop
      vertex 19.4028 15.6412 0
      vertex 18.6088 14.8472 0
      vertex 19.2302 15.9912 0
    endloop
  endfacet
  facet normal 0 0 -1
    outer loop
      vertex 19.3695 12.4472 0
      vertex 18.9659 13.795 0
      vertex 18.9914 14.1844 0
    endloop
  endfacet
  facet normal 0 0 -1
    outer loop
      vertex 19.3695 12.4472 0
      vertex 18.7934 13.4451 0
      vertex 18.9659 13.795 0
    endloop
  endfacet
  facet normal 0 0 -1
    outer loop
      vertex 18.5 13.1878 0
      vertex 19 12.3218 0
      vertex 18.7066 12.0645 0
    endloop
  endfacet
  facet normal 0 0 -1
    outer loop
      vertex 18.1305 13.0624 0
      vertex 18.7066 12.0645 0
      vertex 18.5341 11.7146 0
    endloop
  endfacet
  facet normal 0 0 -1
    outer loop
      vertex 19 12.3218 0
      vertex 18.5 13.1878 0
      vertex 18.7934 13.4451 0
    endloop
  endfacet
  facet normal 0 0 -1
    outer loop
      vertex 17.4062 10.924 0
      vertex 18.5086 11.3252 0
      vertex 17.5476 10.5604 0
    endloop
  endfacet
  facet normal 0 0 -1
    outer loop
      vertex 19.2047 16.3805 0
      vertex 18.9239 18.8673 0
      vertex 19 19.25 0
    endloop
  endfacet
  facet normal 0 0 -1
    outer loop
      vertex 18.2588 15.0198 0
      vertex 19.2302 15.9912 0
      vertex 18.6088 14.8472 0
    endloop
  endfacet
  facet normal 0 0 -1
    outer loop
      vertex 19.2047 16.3805 0
      vertex 18.7071 18.5429 0
      vertex 18.9239 18.8673 0
    endloop
  endfacet
  facet normal 0 0 -1
    outer loop
      vertex 17.4659 16.3931 0
      vertex 19.2302 15.9912 0
      vertex 18.2588 15.0198 0
    endloop
  endfacet
  facet normal 0 0 -1
    outer loop
      vertex 19.2047 16.3805 0
      vertex 18.3827 18.3261 0
      vertex 18.7071 18.5429 0
    endloop
  endfacet
  facet normal 0 0 -1
    outer loop
      vertex 17.4659 16.3931 0
      vertex 19.2047 16.3805 0
      vertex 19.2302 15.9912 0
    endloop
  endfacet
  facet normal 0 0 -1
    outer loop
      vertex 19.2047 16.3805 0
      vertex 17.4914 16.7825 0
      vertex 18.3827 18.3261 0
    endloop
  endfacet
  facet normal 0 0 -1
    outer loop
      vertex 17.4659 16.3931 0
      vertex 18.2588 15.0198 0
      vertex 17.8695 15.0453 0
    endloop
  endfacet
  facet normal 0 0 -1
    outer loop
      vertex 18.3827 18.3261 0
      vertex 17.4914 16.7825 0
      vertex 18 18.25 0
    endloop
  endfacet
  facet normal 0 0 -1
    outer loop
      vertex 17.2934 16.0432 0
      vertex 17.8695 15.0453 0
      vertex 17.5 14.9199 0
    endloop
  endfacet
  facet normal 0 0 -1
    outer loop
      vertex 17.366 17.1519 0
      vertex 18 18.25 0
      vertex 17.4914 16.7825 0
    endloop
  endfacet
  facet normal -0 0 -1
    outer loop
      vertex 18 18.25 0
      vertex 17.366 17.1519 0
      vertex 17.6173 18.3261 0
    endloop
  endfacet
  facet normal 0 0 -1
    outer loop
      vertex 17.1088 17.4453 0
      vertex 17.6173 18.3261 0
      vertex 17.366 17.1519 0
    endloop
  endfacet
  facet normal -0 0 -1
    outer loop
      vertex 17.6173 18.3261 0
      vertex 17.1088 17.4453 0
      vertex 17.2929 18.5429 0
    endloop
  endfacet
  facet normal 0 0 -1
    outer loop
      vertex 16.7588 17.6179 0
      vertex 17.2929 18.5429 0
      vertex 17.1088 17.4453 0
    endloop
  endfacet
  facet normal -0 0 -1
    outer loop
      vertex 17.2929 18.5429 0
      vertex 16.7588 17.6179 0
      vertex 17.0761 18.8673 0
    endloop
  endfacet
  facet normal 0 0 -1
    outer loop
      vertex 16.3695 17.6434 0
      vertex 17.0761 18.8673 0
      vertex 16.7588 17.6179 0
    endloop
  endfacet
  facet normal 0 0 -1
    outer loop
      vertex 18.7934 25.0549 0
      vertex 19.3695 26.0528 0
      vertex 18.9659 24.705 0
    endloop
  endfacet
  facet normal -0 0 -1
    outer loop
      vertex 19.3695 26.0528 0
      vertex 18.7934 25.0549 0
      vertex 19 26.1782 0
    endloop
  endfacet
  facet normal 0 0 -1
    outer loop
      vertex 18.5 25.3122 0
      vertex 19 26.1782 0
      vertex 18.7934 25.0549 0
    endloop
  endfacet
  facet normal -0 0 -1
    outer loop
      vertex 19 26.1782 0
      vertex 18.5 25.3122 0
      vertex 18.7066 26.4355 0
    endloop
  endfacet
  facet normal -0 0 -1
    outer loop
      vertex 18.7066 26.4355 0
      vertex 18.1305 25.4376 0
      vertex 18.5341 26.7854 0
    endloop
  endfacet
  facet normal 0 0 -1
    outer loop
      vertex 18.1305 25.4376 0
      vertex 18.7066 26.4355 0
      vertex 18.5 25.3122 0
    endloop
  endfacet
  facet normal 0 0 -1
    outer loop
      vertex 18.9914 24.3156 0
      vertex 20.9407 24.7344 0
      vertex 20.0656 23.2414 0
    endloop
  endfacet
  facet normal 0 0 -1
    outer loop
      vertex 20.8982 25.1222 0
      vertex 20.366 26.5442 0
      vertex 20.4914 26.9137 0
    endloop
  endfacet
  facet normal 0 0 -1
    outer loop
      vertex 20.8982 25.1222 0
      vertex 20.1088 26.2509 0
      vertex 20.366 26.5442 0
    endloop
  endfacet
  facet normal 0 0 -1
    outer loop
      vertex 18.9659 24.705 0
      vertex 20.9407 24.7344 0
      vertex 18.9914 24.3156 0
    endloop
  endfacet
  facet normal 0 0 -1
    outer loop
      vertex 20.8982 25.1222 0
      vertex 19.7588 26.0783 0
      vertex 20.1088 26.2509 0
    endloop
  endfacet
  facet normal 0 0 -1
    outer loop
      vertex 18.9914 24.3156 0
      vertex 20.0656 23.2414 0
      vertex 19.6962 23.116 0
    endloop
  endfacet
  facet normal 0 0 -1
    outer loop
      vertex 18.866 23.9462 0
      vertex 19.6962 23.116 0
      vertex 19.4028 22.8588 0
    endloop
  endfacet
  facet normal -0 0 -1
    outer loop
      vertex 20.9407 24.7344 0
      vertex 18.9659 24.705 0
      vertex 20.8982 25.1222 0
    endloop
  endfacet
  facet normal 0 0 -1
    outer loop
      vertex 18.6088 23.6528 0
      vertex 19.4028 22.8588 0
      vertex 19.2302 22.5088 0
    endloop
  endfacet
  facet normal 0 0 -1
    outer loop
      vertex 17.4659 22.1069 0
      vertex 19.2047 22.1195 0
      vertex 17.4914 21.7175 0
    endloop
  endfacet
  facet normal -0 0 -1
    outer loop
      vertex 19.9373 21.2841 0
      vertex 18.7071 19.9571 0
      vertex 19.5874 21.4566 0
    endloop
  endfacet
  facet normal 0 0 -1
    outer loop
      vertex 18.3827 20.1739 0
      vertex 19.5874 21.4566 0
      vertex 18.7071 19.9571 0
    endloop
  endfacet
  facet normal -0 0 -1
    outer loop
      vertex 20.8982 25.1222 0
      vertex 18.9659 24.705 0
      vertex 19.7588 26.0783 0
    endloop
  endfacet
  facet normal 0 0 -1
    outer loop
      vertex 19.7588 26.0783 0
      vertex 18.9659 24.705 0
      vertex 19.3695 26.0528 0
    endloop
  endfacet
  facet normal -0 0 -1
    outer loop
      vertex 19.5874 21.4566 0
      vertex 18.3827 20.1739 0
      vertex 19.3301 21.75 0
    endloop
  endfacet
  facet normal 0 0 -1
    outer loop
      vertex 19.6962 23.116 0
      vertex 18.866 23.9462 0
      vertex 18.9914 24.3156 0
    endloop
  endfacet
  facet normal 0 0 -1
    outer loop
      vertex 17.4914 21.7175 0
      vertex 19.3301 21.75 0
      vertex 18.3827 20.1739 0
    endloop
  endfacet
  facet normal 0 0 -1
    outer loop
      vertex 19.4028 22.8588 0
      vertex 18.6088 23.6528 0
      vertex 18.866 23.9462 0
    endloop
  endfacet
  facet normal -0 0 -1
    outer loop
      vertex 19.3301 21.75 0
      vertex 17.4914 21.7175 0
      vertex 19.2047 22.1195 0
    endloop
  endfacet
  facet normal -0 0 -1
    outer loop
      vertex 19.2047 22.1195 0
      vertex 17.4659 22.1069 0
      vertex 19.2302 22.5088 0
    endloop
  endfacet
  facet normal 0 0 -1
    outer loop
      vertex 17.4914 21.7175 0
      vertex 18.3827 20.1739 0
      vertex 18 20.25 0
    endloop
  endfacet
  facet normal 0 0 -1
    outer loop
      vertex 19.2302 22.5088 0
      vertex 18.2588 23.4802 0
      vertex 18.6088 23.6528 0
    endloop
  endfacet
  facet normal 0 0 -1
    outer loop
      vertex 17.366 21.3481 0
      vertex 18 20.25 0
      vertex 17.6173 20.1739 0
    endloop
  endfacet
  facet normal -0 0 -1
    outer loop
      vertex 19.2302 22.5088 0
      vertex 17.4659 22.1069 0
      vertex 18.2588 23.4802 0
    endloop
  endfacet
  facet normal 0 0 -1
    outer loop
      vertex 18.2588 23.4802 0
      vertex 17.4659 22.1069 0
      vertex 17.8695 23.4547 0
    endloop
  endfacet
  facet normal 0 0 -1
    outer loop
      vertex 18 20.25 0
      vertex 17.366 21.3481 0
      vertex 17.4914 21.7175 0
    endloop
  endfacet
  facet normal 0 0 -1
    outer loop
      vertex 17.1088 21.0547 0
      vertex 17.6173 20.1739 0
      vertex 17.2929 19.9571 0
    endloop
  endfacet
  facet normal 0 0 -1
    outer loop
      vertex 17.6173 20.1739 0
      vertex 17.1088 21.0547 0
      vertex 17.366 21.3481 0
    endloop
  endfacet
  facet normal 0 0 -1
    outer loop
      vertex 16.7588 20.8821 0
      vertex 17.2929 19.9571 0
      vertex 17.0761 19.6327 0
    endloop
  endfacet
  facet normal 0 0 -1
    outer loop
      vertex 15.9239 19.6327 0
      vertex 17.0761 19.6327 0
      vertex 17 19.25 0
    endloop
  endfacet
  facet normal 0 0 -1
    outer loop
      vertex 15.9239 18.8673 0
      vertex 17.0761 18.8673 0
      vertex 16.3695 17.6434 0
    endloop
  endfacet
  facet normal 0 0 -1
    outer loop
      vertex 15.9239 19.6327 0
      vertex 17 19.25 0
      vertex 16 19.25 0
    endloop
  endfacet
  facet normal 0 0 -1
    outer loop
      vertex 17.0761 18.8673 0
      vertex 16 19.25 0
      vertex 17 19.25 0
    endloop
  endfacet
  facet normal 0 0 -1
    outer loop
      vertex 17.2929 19.9571 0
      vertex 16.7588 20.8821 0
      vertex 17.1088 21.0547 0
    endloop
  endfacet
  facet normal 0 0 -1
    outer loop
      vertex 15.7071 18.5429 0
      vertex 16.3695 17.6434 0
      vertex 16 17.518 0
    endloop
  endfacet
  facet normal 0 -0 -1
    outer loop
      vertex 16.3695 20.8566 0
      vertex 17.0761 19.6327 0
      vertex 15.9239 19.6327 0
    endloop
  endfacet
  facet normal 0 0 -1
    outer loop
      vertex 17.0761 19.6327 0
      vertex 16.3695 20.8566 0
      vertex 16.7588 20.8821 0
    endloop
  endfacet
  facet normal 0 0 -1
    outer loop
      vertex 15.7071 19.9571 0
      vertex 16.3695 20.8566 0
      vertex 15.9239 19.6327 0
    endloop
  endfacet
  facet normal -0 0 -1
    outer loop
      vertex 16.3695 20.8566 0
      vertex 15.7071 19.9571 0
      vertex 16 20.982 0
    endloop
  endfacet
  facet normal 0 0 -1
    outer loop
      vertex 15.3827 20.1739 0
      vertex 16 20.982 0
      vertex 15.7071 19.9571 0
    endloop
  endfacet
  facet normal -0 0 -1
    outer loop
      vertex 16 20.982 0
      vertex 15.3827 20.1739 0
      vertex 15.7066 21.2393 0
    endloop
  endfacet
  facet normal 0 0 -1
    outer loop
      vertex 14.2934 21.2393 0
      vertex 15.7066 21.2393 0
      vertex 15 20.25 0
    endloop
  endfacet
  facet normal 0 0 -1
    outer loop
      vertex 15 20.25 0
      vertex 15.7066 21.2393 0
      vertex 15.3827 20.1739 0
    endloop
  endfacet
  facet normal 0 0 -1
    outer loop
      vertex 21.4327 14.3519 0
      vertex 20.455 15.2841 0
      vertex 20.8049 15.4566 0
    endloop
  endfacet
  facet normal -0 0 -1
    outer loop
      vertex 21.0074 13.0032 0
      vertex 20.1088 12.2491 0
      vertex 20.8982 13.3778 0
    endloop
  endfacet
  facet normal 0 0 -1
    outer loop
      vertex 19.7588 12.4217 0
      vertex 20.8982 13.3778 0
      vertex 20.1088 12.2491 0
    endloop
  endfacet
  facet normal 0 0 -1
    outer loop
      vertex 18.9914 14.1844 0
      vertex 19.7588 12.4217 0
      vertex 19.3695 12.4472 0
    endloop
  endfacet
  facet normal 0 0 -1
    outer loop
      vertex 20.8982 13.3778 0
      vertex 20.0656 15.2586 0
      vertex 20.455 15.2841 0
    endloop
  endfacet
  facet normal 0 0 -1
    outer loop
      vertex 19.7588 12.4217 0
      vertex 18.9914 14.1844 0
      vertex 20.8982 13.3778 0
    endloop
  endfacet
  facet normal 0 0 -1
    outer loop
      vertex 20.8982 13.3778 0
      vertex 18.9914 14.1844 0
      vertex 20.0656 15.2586 0
    endloop
  endfacet
  facet normal 0 0 -1
    outer loop
      vertex 18.7934 13.4451 0
      vertex 19.3695 12.4472 0
      vertex 19 12.3218 0
    endloop
  endfacet
  facet normal -0 0 -1
    outer loop
      vertex 20.0656 15.2586 0
      vertex 18.9914 14.1844 0
      vertex 19.6962 15.384 0
    endloop
  endfacet
  facet normal 0 0 -1
    outer loop
      vertex 18.866 14.5538 0
      vertex 19.6962 15.384 0
      vertex 18.9914 14.1844 0
    endloop
  endfacet
  facet normal 0 0 -1
    outer loop
      vertex 18.6088 14.8472 0
      vertex 19.4028 15.6412 0
      vertex 18.866 14.5538 0
    endloop
  endfacet
  facet normal -0 0 -1
    outer loop
      vertex 19.6962 15.384 0
      vertex 18.866 14.5538 0
      vertex 19.4028 15.6412 0
    endloop
  endfacet
  facet normal -0 0 -1
    outer loop
      vertex 22.4582 22.3718 0
      vertex 21.1621 21.9912 0
      vertex 21.1876 22.3805 0
    endloop
  endfacet
  facet normal 0 0 -1
    outer loop
      vertex 20.9895 21.6412 0
      vertex 21.3827 20.1739 0
      vertex 21 20.25 0
    endloop
  endfacet
  facet normal -0 0 -1
    outer loop
      vertex 22.72 21.6526 0
      vertex 20.9895 21.6412 0
      vertex 21.1621 21.9912 0
    endloop
  endfacet
  facet normal 0 0 -1
    outer loop
      vertex 21 20.25 0
      vertex 20.6962 21.384 0
      vertex 20.9895 21.6412 0
    endloop
  endfacet
  facet normal 0 0 -1
    outer loop
      vertex 20.6173 20.1739 0
      vertex 20.6962 21.384 0
      vertex 21 20.25 0
    endloop
  endfacet
  facet normal 0 0 -1
    outer loop
      vertex 20.6173 20.1739 0
      vertex 20.3267 21.2586 0
      vertex 20.6962 21.384 0
    endloop
  endfacet
  facet normal 0 0 -1
    outer loop
      vertex 20.2929 19.9571 0
      vertex 20.3267 21.2586 0
      vertex 20.6173 20.1739 0
    endloop
  endfacet
  facet normal 0 0 -1
    outer loop
      vertex 18.9239 19.6327 0
      vertex 20.2929 19.9571 0
      vertex 20.0761 19.6327 0
    endloop
  endfacet
  facet normal 0 0 -1
    outer loop
      vertex 19 19.25 0
      vertex 20.0761 19.6327 0
      vertex 20 19.25 0
    endloop
  endfacet
  facet normal 0 0 -1
    outer loop
      vertex 20.2929 19.9571 0
      vertex 19.9373 21.2841 0
      vertex 20.3267 21.2586 0
    endloop
  endfacet
  facet normal 0 0 -1
    outer loop
      vertex 19 19.25 0
      vertex 20.0761 18.8673 0
      vertex 19.5874 17.0434 0
    endloop
  endfacet
  facet normal 0 0 -1
    outer loop
      vertex 19 19.25 0
      vertex 19.5874 17.0434 0
      vertex 19.3301 16.75 0
    endloop
  endfacet
  facet normal 0 0 -1
    outer loop
      vertex 18.7071 19.9571 0
      vertex 20.2929 19.9571 0
      vertex 18.9239 19.6327 0
    endloop
  endfacet
  facet normal 0 0 -1
    outer loop
      vertex 20.0761 18.8673 0
      vertex 19 19.25 0
      vertex 20 19.25 0
    endloop
  endfacet
  facet normal 0 0 -1
    outer loop
      vertex 18.9239 19.6327 0
      vertex 20.0761 19.6327 0
      vertex 19 19.25 0
    endloop
  endfacet
  facet normal 0 0 -1
    outer loop
      vertex 19 19.25 0
      vertex 19.3301 16.75 0
      vertex 19.2047 16.3805 0
    endloop
  endfacet
  facet normal 0 0 -1
    outer loop
      vertex 20.2929 19.9571 0
      vertex 18.7071 19.9571 0
      vertex 19.9373 21.2841 0
    endloop
  endfacet
  facet normal 0 0 -1
    outer loop
      vertex 20.9895 21.6412 0
      vertex 22.72 21.6526 0
      vertex 21.3827 20.1739 0
    endloop
  endfacet
  facet normal 0 0 -1
    outer loop
      vertex 22.72 21.6526 0
      vertex 21.1621 21.9912 0
      vertex 22.5175 21.9862 0
    endloop
  endfacet
  facet normal 0 0 -1
    outer loop
      vertex 21.0622 22.75 0
      vertex 22.4582 22.3718 0
      vertex 21.1876 22.3805 0
    endloop
  endfacet
  facet normal 0 -0 -1
    outer loop
      vertex 21.8072 24.0389 0
      vertex 22.4582 22.3718 0
      vertex 21.0622 22.75 0
    endloop
  endfacet
  facet normal 0 0 -1
    outer loop
      vertex 21.1621 21.9912 0
      vertex 22.4582 22.3718 0
      vertex 22.5175 21.9862 0
    endloop
  endfacet
  facet normal 0 0 -1
    outer loop
      vertex 22.4582 22.3718 0
      vertex 21.8072 24.0389 0
      vertex 22.1951 24.0814 0
    endloop
  endfacet
  facet normal 0 0 -1
    outer loop
      vertex 20.8049 23.0434 0
      vertex 21.8072 24.0389 0
      vertex 21.0622 22.75 0
    endloop
  endfacet
  facet normal -0 0 -1
    outer loop
      vertex 21.8072 24.0389 0
      vertex 20.8049 23.0434 0
      vertex 21.4327 24.1481 0
    endloop
  endfacet
  facet normal 0 0 -1
    outer loop
      vertex 20.455 23.2159 0
      vertex 21.4327 24.1481 0
      vertex 20.8049 23.0434 0
    endloop
  endfacet
  facet normal -0 0 -1
    outer loop
      vertex 21.4327 24.1481 0
      vertex 20.455 23.2159 0
      vertex 21.1284 24.3923 0
    endloop
  endfacet
  facet normal 0 0 -1
    outer loop
      vertex 20.0656 23.2414 0
      vertex 21.1284 24.3923 0
      vertex 20.455 23.2159 0
    endloop
  endfacet
  facet normal 0 0 -1
    outer loop
      vertex 21.7071 18.5429 0
      vertex 21.1621 16.5088 0
      vertex 21.3827 18.3261 0
    endloop
  endfacet
  facet normal 0 0 -1
    outer loop
      vertex 20.9895 16.8588 0
      vertex 21.3827 18.3261 0
      vertex 21.1621 16.5088 0
    endloop
  endfacet
  facet normal 0 0 -1
    outer loop
      vertex 21.3827 18.3261 0
      vertex 20.9895 16.8588 0
      vertex 21 18.25 0
    endloop
  endfacet
  facet normal 0 0 -1
    outer loop
      vertex 20.6962 17.116 0
      vertex 21 18.25 0
      vertex 20.9895 16.8588 0
    endloop
  endfacet
  facet normal 0 0 -1
    outer loop
      vertex 20.6962 17.116 0
      vertex 20.6173 18.3261 0
      vertex 21 18.25 0
    endloop
  endfacet
  facet normal 0 0 -1
    outer loop
      vertex 20.3267 17.2414 0
      vertex 20.6173 18.3261 0
      vertex 20.6962 17.116 0
    endloop
  endfacet
  facet normal 0 0 -1
    outer loop
      vertex 20.3267 17.2414 0
      vertex 20.2929 18.5429 0
      vertex 20.6173 18.3261 0
    endloop
  endfacet
  facet normal 0 0 -1
    outer loop
      vertex 19.9373 17.2159 0
      vertex 20.2929 18.5429 0
      vertex 20.3267 17.2414 0
    endloop
  endfacet
  facet normal -0 0 -1
    outer loop
      vertex 20.2929 18.5429 0
      vertex 19.9373 17.2159 0
      vertex 20.0761 18.8673 0
    endloop
  endfacet
  facet normal 0 0 -1
    outer loop
      vertex 19.5874 17.0434 0
      vertex 20.0761 18.8673 0
      vertex 19.9373 17.2159 0
    endloop
  endfacet
  facet normal 0 0 -1
    outer loop
      vertex 22.5372 24.269 0
      vertex 23.1152 23.2679 0
      vertex 22.7816 23.0655 0
    endloop
  endfacet
  facet normal 0 0 -1
    outer loop
      vertex 23.1152 23.2679 0
      vertex 22.7814 24.5733 0
      vertex 22.8906 24.9479 0
    endloop
  endfacet
  facet normal 0 0 -1
    outer loop
      vertex 22.1951 24.0814 0
      vertex 22.7816 23.0655 0
      vertex 22.5509 22.7508 0
    endloop
  endfacet
  facet normal 0 0 -1
    outer loop
      vertex 23.1152 23.2679 0
      vertex 22.5372 24.269 0
      vertex 22.7814 24.5733 0
    endloop
  endfacet
  facet normal 0 0 -1
    outer loop
      vertex 22.1951 24.0814 0
      vertex 22.5509 22.7508 0
      vertex 22.4582 22.3718 0
    endloop
  endfacet
  facet normal 0 0 -1
    outer loop
      vertex 22.7816 23.0655 0
      vertex 22.1951 24.0814 0
      vertex 22.5372 24.269 0
    endloop
  endfacet
  facet normal -0 0 -1
    outer loop
      vertex 23.0346 21.4219 0
      vertex 21.7071 19.9571 0
      vertex 22.72 21.6526 0
    endloop
  endfacet
  facet normal 0 0 -1
    outer loop
      vertex 21.3827 20.1739 0
      vertex 22.72 21.6526 0
      vertex 21.7071 19.9571 0
    endloop
  endfacet
  facet normal 0 0 -1
    outer loop
      vertex 22.1951 14.4186 0
      vertex 21.9239 18.8673 0
      vertex 22 19.25 0
    endloop
  endfacet
  facet normal 0 0 -1
    outer loop
      vertex 21.0622 15.75 0
      vertex 22.1951 14.4186 0
      vertex 21.8072 14.4611 0
    endloop
  endfacet
  facet normal 0 0 -1
    outer loop
      vertex 22.1951 14.4186 0
      vertex 21.7071 18.5429 0
      vertex 21.9239 18.8673 0
    endloop
  endfacet
  facet normal 0 0 -1
    outer loop
      vertex 20.8049 15.4566 0
      vertex 21.8072 14.4611 0
      vertex 21.4327 14.3519 0
    endloop
  endfacet
  facet normal 0 0 -1
    outer loop
      vertex 21.1621 16.5088 0
      vertex 22.1951 14.4186 0
      vertex 21.1876 16.1195 0
    endloop
  endfacet
  facet normal 0 0 -1
    outer loop
      vertex 22.1951 14.4186 0
      vertex 21.1621 16.5088 0
      vertex 21.7071 18.5429 0
    endloop
  endfacet
  facet normal 0 0 -1
    outer loop
      vertex 20.455 15.2841 0
      vertex 21.4327 14.3519 0
      vertex 21.1284 14.1077 0
    endloop
  endfacet
  facet normal 0 0 -1
    outer loop
      vertex 22.1951 14.4186 0
      vertex 21.0622 15.75 0
      vertex 21.1876 16.1195 0
    endloop
  endfacet
  facet normal 0 0 -1
    outer loop
      vertex 20.455 15.2841 0
      vertex 21.1284 14.1077 0
      vertex 20.9407 13.7656 0
    endloop
  endfacet
  facet normal 0 0 -1
    outer loop
      vertex 20.455 15.2841 0
      vertex 20.9407 13.7656 0
      vertex 20.8982 13.3778 0
    endloop
  endfacet
  facet normal 0 0 -1
    outer loop
      vertex 21.8072 14.4611 0
      vertex 20.8049 15.4566 0
      vertex 21.0622 15.75 0
    endloop
  endfacet
  facet normal -0 0 -1
    outer loop
      vertex 23.5009 15.1728 0
      vertex 22.7814 13.9267 0
      vertex 23.1152 15.2321 0
    endloop
  endfacet
  facet normal 0 0 -1
    outer loop
      vertex 22.5372 14.231 0
      vertex 23.1152 15.2321 0
      vertex 22.7814 13.9267 0
    endloop
  endfacet
  facet normal -0 0 -1
    outer loop
      vertex 23.1152 15.2321 0
      vertex 22.5372 14.231 0
      vertex 22.7816 15.4345 0
    endloop
  endfacet
  facet normal 0 0 -1
    outer loop
      vertex 22.1951 14.4186 0
      vertex 22.7816 15.4345 0
      vertex 22.5372 14.231 0
    endloop
  endfacet
  facet normal -0 0 -1
    outer loop
      vertex 22.7816 15.4345 0
      vertex 22.1951 14.4186 0
      vertex 22.5509 15.7492 0
    endloop
  endfacet
  facet normal 0 0 -1
    outer loop
      vertex 22 19.25 0
      vertex 22.4582 16.1282 0
      vertex 22.1951 14.4186 0
    endloop
  endfacet
  facet normal -0 0 -1
    outer loop
      vertex 22.5509 15.7492 0
      vertex 22.1951 14.4186 0
      vertex 22.4582 16.1282 0
    endloop
  endfacet
  facet normal 0 0 -1
    outer loop
      vertex 24.3635 21.9056 0
      vertex 24.7071 19.9571 0
      vertex 24.3827 20.1739 0
    endloop
  endfacet
  facet normal 0 0 -1
    outer loop
      vertex 24.7071 19.9571 0
      vertex 24.3635 21.9056 0
      vertex 24.4563 22.2846 0
    endloop
  endfacet
  facet normal 0 0 -1
    outer loop
      vertex 24.3827 20.1739 0
      vertex 24.1328 21.5909 0
      vertex 24.3635 21.9056 0
    endloop
  endfacet
  facet normal 0 0 -1
    outer loop
      vertex 24 20.25 0
      vertex 24.1328 21.5909 0
      vertex 24.3827 20.1739 0
    endloop
  endfacet
  facet normal 0 0 -1
    outer loop
      vertex 24 20.25 0
      vertex 23.7993 21.3885 0
      vertex 24.1328 21.5909 0
    endloop
  endfacet
  facet normal 0 0 -1
    outer loop
      vertex 23.6173 20.1739 0
      vertex 23.7993 21.3885 0
      vertex 24 20.25 0
    endloop
  endfacet
  facet normal 0 0 -1
    outer loop
      vertex 23.6173 20.1739 0
      vertex 23.4136 21.3291 0
      vertex 23.7993 21.3885 0
    endloop
  endfacet
  facet normal 0 0 -1
    outer loop
      vertex 23.2929 19.9571 0
      vertex 23.4136 21.3291 0
      vertex 23.6173 20.1739 0
    endloop
  endfacet
  facet normal 0 0 -1
    outer loop
      vertex 21.9239 19.6327 0
      vertex 23.0761 19.6327 0
      vertex 22 19.25 0
    endloop
  endfacet
  facet normal 0 0 -1
    outer loop
      vertex 23.2929 19.9571 0
      vertex 23.0346 21.4219 0
      vertex 23.4136 21.3291 0
    endloop
  endfacet
  facet normal 0 0 -1
    outer loop
      vertex 22 19.25 0
      vertex 23.0761 19.6327 0
      vertex 23 19.25 0
    endloop
  endfacet
  facet normal 0 0 -1
    outer loop
      vertex 22 19.25 0
      vertex 22.72 16.8474 0
      vertex 22.5175 16.5138 0
    endloop
  endfacet
  facet normal 0 0 -1
    outer loop
      vertex 23.0761 19.6327 0
      vertex 21.9239 19.6327 0
      vertex 23.2929 19.9571 0
    endloop
  endfacet
  facet normal 0 0 -1
    outer loop
      vertex 23.0761 18.8673 0
      vertex 22 19.25 0
      vertex 23 19.25 0
    endloop
  endfacet
  facet normal 0 0 -1
    outer loop
      vertex 21.7071 19.9571 0
      vertex 23.2929 19.9571 0
      vertex 21.9239 19.6327 0
    endloop
  endfacet
  facet normal 0 0 -1
    outer loop
      vertex 22 19.25 0
      vertex 22.5175 16.5138 0
      vertex 22.4582 16.1282 0
    endloop
  endfacet
  facet normal 0 0 -1
    outer loop
      vertex 23.2929 19.9571 0
      vertex 21.7071 19.9571 0
      vertex 23.0346 21.4219 0
    endloop
  endfacet
  facet normal 0 0 -1
    outer loop
      vertex 52.55 0 0
      vertex 53.35 0.800003 0
      vertex 53.3431 0.695587 0
    endloop
  endfacet
  facet normal 0 0 -1
    outer loop
      vertex 53.35 0.800003 0
      vertex 40.1 19.25 0
      vertex 53.35 37.7 0
    endloop
  endfacet
  facet normal 0 0 -1
    outer loop
      vertex 52.55 0 0
      vertex 53.3431 0.695587 0
      vertex 53.3227 0.592941 0
    endloop
  endfacet
  facet normal 0 0 -1
    outer loop
      vertex 40.0625 19.5347 0
      vertex 53.35 37.7 0
      vertex 40.1 19.25 0
    endloop
  endfacet
  facet normal 0 0 -1
    outer loop
      vertex 52.55 0 0
      vertex 53.3227 0.592941 0
      vertex 53.2891 0.493851 0
    endloop
  endfacet
  facet normal 0 0 -1
    outer loop
      vertex 39.9526 19.8 0
      vertex 53.35 37.7 0
      vertex 40.0625 19.5347 0
    endloop
  endfacet
  facet normal 0 0 -1
    outer loop
      vertex 52.55 0 0
      vertex 53.2891 0.493851 0
      vertex 53.2428 0.400009 0
    endloop
  endfacet
  facet normal 0 0 -1
    outer loop
      vertex 39.7778 20.0278 0
      vertex 53.35 37.7 0
      vertex 39.9526 19.8 0
    endloop
  endfacet
  facet normal 0 0 -1
    outer loop
      vertex 52.55 0 0
      vertex 53.2428 0.400009 0
      vertex 53.1847 0.312988 0
    endloop
  endfacet
  facet normal 0 0 -1
    outer loop
      vertex 39.55 20.2026 0
      vertex 53.35 37.7 0
      vertex 39.7778 20.0278 0
    endloop
  endfacet
  facet normal 0 0 -1
    outer loop
      vertex 52.55 0 0
      vertex 53.1847 0.312988 0
      vertex 53.1157 0.234314 0
    endloop
  endfacet
  facet normal 0 -0 -1
    outer loop
      vertex 52.55 38.5 0
      vertex 53.35 37.7 0
      vertex 39.55 20.2026 0
    endloop
  endfacet
  facet normal 0 0 -1
    outer loop
      vertex 52.55 0 0
      vertex 53.1157 0.234314 0
      vertex 53.037 0.165314 0
    endloop
  endfacet
  facet normal 0 0 -1
    outer loop
      vertex 53.35 37.7 0
      vertex 52.55 38.5 0
      vertex 53.3431 37.8044 0
    endloop
  endfacet
  facet normal 0 0 -1
    outer loop
      vertex 52.55 0 0
      vertex 53.037 0.165314 0
      vertex 52.95 0.107178 0
    endloop
  endfacet
  facet normal 0 0 -1
    outer loop
      vertex 53.3227 37.9071 0
      vertex 52.55 38.5 0
      vertex 53.2891 38.0061 0
    endloop
  endfacet
  facet normal 0 0 -1
    outer loop
      vertex 52.55 0 0
      vertex 52.95 0.107178 0
      vertex 52.8561 0.0608978 0
    endloop
  endfacet
  facet normal 0 0 -1
    outer loop
      vertex 53.2891 38.0061 0
      vertex 52.55 38.5 0
      vertex 53.2428 38.1 0
    endloop
  endfacet
  facet normal 0 0 -1
    outer loop
      vertex 52.55 0 0
      vertex 52.8561 0.0608978 0
      vertex 52.757 0.0272675 0
    endloop
  endfacet
  facet normal 0 0 -1
    outer loop
      vertex 53.2428 38.1 0
      vertex 52.55 38.5 0
      vertex 53.1847 38.187 0
    endloop
  endfacet
  facet normal 0 0 -1
    outer loop
      vertex 52.55 0 0
      vertex 52.757 0.0272675 0
      vertex 52.6544 0.0068512 0
    endloop
  endfacet
  facet normal 0 0 -1
    outer loop
      vertex 53.1847 38.187 0
      vertex 52.55 38.5 0
      vertex 53.1157 38.2657 0
    endloop
  endfacet
  facet normal -0 0 -1
    outer loop
      vertex 53.35 0.800003 0
      vertex 52.55 0 0
      vertex 39.55 18.2974 0
    endloop
  endfacet
  facet normal 0 0 -1
    outer loop
      vertex 53.037 38.3347 0
      vertex 52.55 38.5 0
      vertex 52.95 38.3928 0
    endloop
  endfacet
  facet normal 0 0 -1
    outer loop
      vertex 52.95 38.3928 0
      vertex 52.55 38.5 0
      vertex 52.8561 38.4391 0
    endloop
  endfacet
  facet normal 0 0 -1
    outer loop
      vertex 53.35 0.800003 0
      vertex 40.0625 18.9653 0
      vertex 40.1 19.25 0
    endloop
  endfacet
  facet normal 0 0 -1
    outer loop
      vertex 53.35 0.800003 0
      vertex 39.9526 18.7 0
      vertex 40.0625 18.9653 0
    endloop
  endfacet
  facet normal 0 0 -1
    outer loop
      vertex 53.35 0.800003 0
      vertex 39.7778 18.4722 0
      vertex 39.9526 18.7 0
    endloop
  endfacet
  facet normal 0 0 -1
    outer loop
      vertex 53.35 0.800003 0
      vertex 39.55 18.2974 0
      vertex 39.7778 18.4722 0
    endloop
  endfacet
  facet normal 0 0 -1
    outer loop
      vertex 52.55 0 0
      vertex 39.2847 18.1875 0
      vertex 39.55 18.2974 0
    endloop
  endfacet
  facet normal 0 0 -1
    outer loop
      vertex 52.55 0 0
      vertex 39 18.15 0
      vertex 39.2847 18.1875 0
    endloop
  endfacet
  facet normal 0 0 -1
    outer loop
      vertex 52.55 0 0
      vertex 38.7153 18.1875 0
      vertex 39 18.15 0
    endloop
  endfacet
  facet normal 0 0 -1
    outer loop
      vertex 22.6604 12.8221 0
      vertex 38.7153 18.1875 0
      vertex 52.55 0 0
    endloop
  endfacet
  facet normal -0 0 -1
    outer loop
      vertex 38.7153 18.1875 0
      vertex 22.6604 12.8221 0
      vertex 38.45 18.2974 0
    endloop
  endfacet
  facet normal 0 0 -1
    outer loop
      vertex 37.9375 18.9653 0
      vertex 25 19.25 0
      vertex 37.9 19.25 0
    endloop
  endfacet
  facet normal 0 0 -1
    outer loop
      vertex 24.4563 16.2154 0
      vertex 37.9375 18.9653 0
      vertex 38.0474 18.7 0
    endloop
  endfacet
  facet normal 0 0 -1
    outer loop
      vertex 24.3969 15.8298 0
      vertex 38.0474 18.7 0
      vertex 38.2222 18.4722 0
    endloop
  endfacet
  facet normal 0 -0 -1
    outer loop
      vertex 22.8481 13.1642 0
      vertex 38.45 18.2974 0
      vertex 22.6604 12.8221 0
    endloop
  endfacet
  facet normal -0 0 -1
    outer loop
      vertex 37.9375 18.9653 0
      vertex 24.9239 18.8673 0
      vertex 25 19.25 0
    endloop
  endfacet
  facet normal 0 0 -1
    outer loop
      vertex 37.9375 18.9653 0
      vertex 24.4563 16.2154 0
      vertex 24.9239 18.8673 0
    endloop
  endfacet
  facet normal 0 0 -1
    outer loop
      vertex 24.9239 18.8673 0
      vertex 24.4563 16.2154 0
      vertex 24.7071 18.5429 0
    endloop
  endfacet
  facet normal 0 0 -1
    outer loop
      vertex 38.0474 18.7 0
      vertex 24.3969 15.8298 0
      vertex 24.4563 16.2154 0
    endloop
  endfacet
  facet normal -0 0 -1
    outer loop
      vertex 38.45 18.2974 0
      vertex 24.3969 15.8298 0
      vertex 38.2222 18.4722 0
    endloop
  endfacet
  facet normal 0 -0 -1
    outer loop
      vertex 24.3969 15.8298 0
      vertex 38.45 18.2974 0
      vertex 24.1945 15.4962 0
    endloop
  endfacet
  facet normal 0 0 -1
    outer loop
      vertex 24.1945 15.4962 0
      vertex 22.8481 13.1642 0
      vertex 23.8799 15.2655 0
    endloop
  endfacet
  facet normal 0 -0 -1
    outer loop
      vertex 22.8906 13.5521 0
      vertex 23.8799 15.2655 0
      vertex 22.8481 13.1642 0
    endloop
  endfacet
  facet normal 0 0 -1
    outer loop
      vertex 22.7814 13.9267 0
      vertex 23.5009 15.1728 0
      vertex 22.8906 13.5521 0
    endloop
  endfacet
  facet normal 0 0 -1
    outer loop
      vertex 23.8799 15.2655 0
      vertex 22.8906 13.5521 0
      vertex 23.5009 15.1728 0
    endloop
  endfacet
  facet normal 0 -0 -1
    outer loop
      vertex 24.1945 15.4962 0
      vertex 38.45 18.2974 0
      vertex 22.8481 13.1642 0
    endloop
  endfacet
  facet normal 0 0 -1
    outer loop
      vertex 52.55 0 0
      vertex 22.3561 12.5779 0
      vertex 22.6604 12.8221 0
    endloop
  endfacet
  facet normal 0 0 -1
    outer loop
      vertex 20.2934 10.847 0
      vertex 22.3561 12.5779 0
      vertex 52.55 0 0
    endloop
  endfacet
  facet normal 0 0 -1
    outer loop
      vertex 22.3561 12.5779 0
      vertex 20.2934 10.847 0
      vertex 21.9816 12.4687 0
    endloop
  endfacet
  facet normal 0 0 -1
    outer loop
      vertex 20.1088 12.2491 0
      vertex 21.0074 13.0032 0
      vertex 20.366 11.9558 0
    endloop
  endfacet
  facet normal -0 0 -1
    outer loop
      vertex 21.2516 12.6989 0
      vertex 20.366 11.9558 0
      vertex 21.0074 13.0032 0
    endloop
  endfacet
  facet normal 0 0 -1
    outer loop
      vertex 20.366 11.9558 0
      vertex 21.2516 12.6989 0
      vertex 20.4914 11.5863 0
    endloop
  endfacet
  facet normal -0 0 -1
    outer loop
      vertex 21.5937 12.5112 0
      vertex 20.4914 11.5863 0
      vertex 21.2516 12.6989 0
    endloop
  endfacet
  facet normal 0 -0 -1
    outer loop
      vertex 20.4659 11.197 0
      vertex 21.9816 12.4687 0
      vertex 20.2934 10.847 0
    endloop
  endfacet
  facet normal 0 0 -1
    outer loop
      vertex 21.5937 12.5112 0
      vertex 20.4659 11.197 0
      vertex 20.4914 11.5863 0
    endloop
  endfacet
  facet normal -0 0 -1
    outer loop
      vertex 21.9816 12.4687 0
      vertex 20.4659 11.197 0
      vertex 21.5937 12.5112 0
    endloop
  endfacet
  facet normal 0 0 -1
    outer loop
      vertex 52.55 0 0
      vertex 20 10.5897 0
      vertex 20.2934 10.847 0
    endloop
  endfacet
  facet normal 0 0 -1
    outer loop
      vertex 52.55 0 0
      vertex 19.6305 10.4643 0
      vertex 20 10.5897 0
    endloop
  endfacet
  facet normal 0 0 -1
    outer loop
      vertex 17.1001 9.54334 0
      vertex 19.6305 10.4643 0
      vertex 52.55 0 0
    endloop
  endfacet
  facet normal 0 0 -1
    outer loop
      vertex 18.7066 12.0645 0
      vertex 18.1305 13.0624 0
      vertex 18.5 13.1878 0
    endloop
  endfacet
  facet normal 0 0 -1
    outer loop
      vertex 18.5341 11.7146 0
      vertex 17.7412 13.0879 0
      vertex 18.1305 13.0624 0
    endloop
  endfacet
  facet normal 0 0 -1
    outer loop
      vertex 17.5476 10.5604 0
      vertex 18.5086 11.3252 0
      vertex 18.634 10.9558 0
    endloop
  endfacet
  facet normal -0 0 -1
    outer loop
      vertex 18.5086 11.3252 0
      vertex 17.4062 10.924 0
      vertex 18.5341 11.7146 0
    endloop
  endfacet
  facet normal -0 0 -1
    outer loop
      vertex 18.8912 10.6624 0
      vertex 17.5476 10.5604 0
      vertex 18.634 10.9558 0
    endloop
  endfacet
  facet normal 0 0 -1
    outer loop
      vertex 17.5391 10.1703 0
      vertex 18.8912 10.6624 0
      vertex 19.2412 10.4898 0
    endloop
  endfacet
  facet normal -0 0 -1
    outer loop
      vertex 19.6305 10.4643 0
      vertex 17.1001 9.54334 0
      vertex 19.2412 10.4898 0
    endloop
  endfacet
  facet normal 0 0 -1
    outer loop
      vertex 18.8912 10.6624 0
      vertex 17.5391 10.1703 0
      vertex 17.5476 10.5604 0
    endloop
  endfacet
  facet normal 0 0 -1
    outer loop
      vertex 19.2412 10.4898 0
      vertex 17.382 9.81315 0
      vertex 17.5391 10.1703 0
    endloop
  endfacet
  facet normal 0 0 -1
    outer loop
      vertex 19.2412 10.4898 0
      vertex 17.1001 9.54334 0
      vertex 17.382 9.81315 0
    endloop
  endfacet
  facet normal 0 0 -1
    outer loop
      vertex 52.55 0 0
      vertex 16.7365 9.40192 0
      vertex 17.1001 9.54334 0
    endloop
  endfacet
  facet normal 0 0 -1
    outer loop
      vertex 0.800003 0 0
      vertex 16.7365 9.40192 0
      vertex 52.55 0 0
    endloop
  endfacet
  facet normal 0 0 -1
    outer loop
      vertex 15.7437 10.9603 0
      vertex 15 12.25 0
      vertex 15.3827 12.3261 0
    endloop
  endfacet
  facet normal 0 0 -1
    outer loop
      vertex 15.5865 10.6032 0
      vertex 14.4135 10.6032 0
      vertex 15.7437 10.9603 0
    endloop
  endfacet
  facet normal 0 0 -1
    outer loop
      vertex 14.422 10.2131 0
      vertex 15.578 10.2131 0
      vertex 15.7194 9.84943 0
    endloop
  endfacet
  facet normal 0 0 -1
    outer loop
      vertex 14.2563 10.9603 0
      vertex 15.7437 10.9603 0
      vertex 14.4135 10.6032 0
    endloop
  endfacet
  facet normal 0 0 -1
    outer loop
      vertex 14.2806 9.84943 0
      vertex 15.7194 9.84943 0
      vertex 15.9893 9.56758 0
    endloop
  endfacet
  facet normal 0 0 -1
    outer loop
      vertex 14.0107 9.56758 0
      vertex 15.9893 9.56758 0
      vertex 16.3464 9.41043 0
    endloop
  endfacet
  facet normal 0 0 -1
    outer loop
      vertex 15.7194 9.84943 0
      vertex 14.2806 9.84943 0
      vertex 14.422 10.2131 0
    endloop
  endfacet
  facet normal -0 0 -1
    outer loop
      vertex 16.7365 9.40192 0
      vertex 0.800003 0 0
      vertex 16.3464 9.41043 0
    endloop
  endfacet
  facet normal 0 0 -1
    outer loop
      vertex 15.9893 9.56758 0
      vertex 14.0107 9.56758 0
      vertex 14.2806 9.84943 0
    endloop
  endfacet
  facet normal 0 0 -1
    outer loop
      vertex 16.3464 9.41043 0
      vertex 13.6536 9.41043 0
      vertex 14.0107 9.56758 0
    endloop
  endfacet
  facet normal -0 0 -1
    outer loop
      vertex 16.3464 9.41043 0
      vertex 0.800003 0 0
      vertex 13.6536 9.41043 0
    endloop
  endfacet
  facet normal 0 0 -1
    outer loop
      vertex 11.366 10.9558 0
      vertex 12.4524 10.5604 0
      vertex 12.4609 10.1703 0
    endloop
  endfacet
  facet normal 0 0 -1
    outer loop
      vertex 11.4659 11.7146 0
      vertex 12.8636 11.2059 0
      vertex 11.4914 11.3252 0
    endloop
  endfacet
  facet normal 0 0 -1
    outer loop
      vertex 12.8636 11.2059 0
      vertex 11.4659 11.7146 0
      vertex 12.2588 13.0879 0
    endloop
  endfacet
  facet normal 0 0 -1
    outer loop
      vertex 12.2588 13.0879 0
      vertex 11.4659 11.7146 0
      vertex 11.8695 13.0624 0
    endloop
  endfacet
  facet normal 0 0 -1
    outer loop
      vertex 11.1088 10.6624 0
      vertex 12.4609 10.1703 0
      vertex 12.618 9.81315 0
    endloop
  endfacet
  facet normal 0 0 -1
    outer loop
      vertex 12.4524 10.5604 0
      vertex 11.366 10.9558 0
      vertex 11.4914 11.3252 0
    endloop
  endfacet
  facet normal 0 0 -1
    outer loop
      vertex 10.7588 10.4898 0
      vertex 12.618 9.81315 0
      vertex 12.8999 9.54334 0
    endloop
  endfacet
  facet normal 0 0 -1
    outer loop
      vertex 12.4609 10.1703 0
      vertex 11.1088 10.6624 0
      vertex 11.366 10.9558 0
    endloop
  endfacet
  facet normal 0 0 -1
    outer loop
      vertex 12.618 9.81315 0
      vertex 10.7588 10.4898 0
      vertex 11.1088 10.6624 0
    endloop
  endfacet
  facet normal 0 0 -1
    outer loop
      vertex 12.8999 9.54334 0
      vertex 10.3695 10.4643 0
      vertex 10.7588 10.4898 0
    endloop
  endfacet
  facet normal 0 0 -1
    outer loop
      vertex 0.800003 0 0
      vertex 12.8999 9.54334 0
      vertex 13.2635 9.40192 0
    endloop
  endfacet
  facet normal -0 0 -1
    outer loop
      vertex 12.8999 9.54334 0
      vertex 0.800003 0 0
      vertex 10.3695 10.4643 0
    endloop
  endfacet
  facet normal 0 0 -1
    outer loop
      vertex 8.40631 12.5112 0
      vertex 9.50856 11.5863 0
      vertex 9.53407 11.197 0
    endloop
  endfacet
  facet normal 0 0 -1
    outer loop
      vertex 8.87164 14.1077 0
      vertex 9.93437 15.2586 0
      vertex 9.05932 13.7656 0
    endloop
  endfacet
  facet normal 0 0 -1
    outer loop
      vertex 9.89124 12.2491 0
      vertex 8.99261 13.0032 0
      vertex 9.1018 13.3778 0
    endloop
  endfacet
  facet normal 0 0 -1
    outer loop
      vertex 9.63398 11.9558 0
      vertex 8.74839 12.6989 0
      vertex 8.99261 13.0032 0
    endloop
  endfacet
  facet normal 0 0 -1
    outer loop
      vertex 8.01845 12.4687 0
      vertex 9.53407 11.197 0
      vertex 9.70665 10.847 0
    endloop
  endfacet
  facet normal 0 0 -1
    outer loop
      vertex 9.50856 11.5863 0
      vertex 8.40631 12.5112 0
      vertex 8.74839 12.6989 0
    endloop
  endfacet
  facet normal 0 0 -1
    outer loop
      vertex 9.53407 11.197 0
      vertex 8.01845 12.4687 0
      vertex 8.40631 12.5112 0
    endloop
  endfacet
  facet normal 0 0 -1
    outer loop
      vertex 9.70665 10.847 0
      vertex 7.64385 12.5779 0
      vertex 8.01845 12.4687 0
    endloop
  endfacet
  facet normal 0 0 -1
    outer loop
      vertex 0 0.800003 0
      vertex 9.70665 10.847 0
      vertex 10 10.5897 0
    endloop
  endfacet
  facet normal -0 0 -1
    outer loop
      vertex 9.70665 10.847 0
      vertex 0 0.800003 0
      vertex 7.64385 12.5779 0
    endloop
  endfacet
  facet normal 0 0 -1
    outer loop
      vertex 6.12015 15.2655 0
      vertex 7.10941 13.5521 0
      vertex 7.15188 13.1642 0
    endloop
  endfacet
  facet normal 0 0 -1
    outer loop
      vertex 7.21859 13.9267 0
      vertex 6.49915 15.1728 0
      vertex 6.88479 15.2321 0
    endloop
  endfacet
  facet normal 0 0 -1
    outer loop
      vertex 7.10941 13.5521 0
      vertex 6.12015 15.2655 0
      vertex 6.49915 15.1728 0
    endloop
  endfacet
  facet normal 0 0 -1
    outer loop
      vertex 7.15188 13.1642 0
      vertex 5.80549 15.4962 0
      vertex 6.12015 15.2655 0
    endloop
  endfacet
  facet normal 0 0 -1
    outer loop
      vertex 0 0.800003 0
      vertex 7.15188 13.1642 0
      vertex 7.33956 12.8221 0
    endloop
  endfacet
  facet normal -0 0 -1
    outer loop
      vertex 7.15188 13.1642 0
      vertex 0 0.800003 0
      vertex 5.80549 15.4962 0
    endloop
  endfacet
  facet normal 0 0 -1
    outer loop
      vertex 5.54372 16.2154 0
      vertex 5.07612 18.8673 0
      vertex 5.29289 18.5429 0
    endloop
  endfacet
  facet normal 0 0 -1
    outer loop
      vertex 0 0.800003 0
      vertex 5.54372 16.2154 0
      vertex 5.60307 15.8298 0
    endloop
  endfacet
  facet normal -0 0 -1
    outer loop
      vertex 5.54372 16.2154 0
      vertex 0 0.800003 0
      vertex 5.07612 18.8673 0
    endloop
  endfacet
  facet normal -0 0 -1
    outer loop
      vertex 5.80549 15.4962 0
      vertex 0 0.800003 0
      vertex 5.60307 15.8298 0
    endloop
  endfacet
  facet normal -0 0 -1
    outer loop
      vertex 7.64385 12.5779 0
      vertex 0 0.800003 0
      vertex 7.33956 12.8221 0
    endloop
  endfacet
  facet normal 0 0 -1
    outer loop
      vertex 0 0.800003 0
      vertex 10 10.5897 0
      vertex 0.800003 0 0
    endloop
  endfacet
  facet normal -0 0 -1
    outer loop
      vertex 10.3695 10.4643 0
      vertex 0.800003 0 0
      vertex 10 10.5897 0
    endloop
  endfacet
  facet normal 0 0 -1
    outer loop
      vertex 13.6536 9.41043 0
      vertex 0.800003 0 0
      vertex 13.2635 9.40192 0
    endloop
  endfacet
  facet normal 0 0 -1
    outer loop
      vertex 52.8561 38.4391 0
      vertex 52.55 38.5 0
      vertex 52.757 38.4727 0
    endloop
  endfacet
  facet normal 0 0 -1
    outer loop
      vertex 52.757 38.4727 0
      vertex 52.55 38.5 0
      vertex 52.6544 38.4931 0
    endloop
  endfacet
  facet normal 0 0 -1
    outer loop
      vertex 53.1157 38.2657 0
      vertex 52.55 38.5 0
      vertex 53.037 38.3347 0
    endloop
  endfacet
  facet normal 0 0 -1
    outer loop
      vertex 53.3431 37.8044 0
      vertex 52.55 38.5 0
      vertex 53.3227 37.9071 0
    endloop
  endfacet
  facet normal 0 0 -1
    outer loop
      vertex 39.2847 20.3125 0
      vertex 52.55 38.5 0
      vertex 39.55 20.2026 0
    endloop
  endfacet
  facet normal 0 0 -1
    outer loop
      vertex 39 20.35 0
      vertex 52.55 38.5 0
      vertex 39.2847 20.3125 0
    endloop
  endfacet
  facet normal 0 0 -1
    outer loop
      vertex 38.7153 20.3125 0
      vertex 52.55 38.5 0
      vertex 39 20.35 0
    endloop
  endfacet
  facet normal 0 0 -1
    outer loop
      vertex 22.6604 25.6779 0
      vertex 38.7153 20.3125 0
      vertex 38.45 20.2026 0
    endloop
  endfacet
  facet normal 0 0 -1
    outer loop
      vertex 24.3969 22.6702 0
      vertex 38.45 20.2026 0
      vertex 38.2222 20.0278 0
    endloop
  endfacet
  facet normal 0 0 -1
    outer loop
      vertex 25 19.25 0
      vertex 37.9375 19.5347 0
      vertex 37.9 19.25 0
    endloop
  endfacet
  facet normal 0 0 -1
    outer loop
      vertex 24.9239 19.6327 0
      vertex 37.9375 19.5347 0
      vertex 25 19.25 0
    endloop
  endfacet
  facet normal 0 0 -1
    outer loop
      vertex 24.4563 22.2846 0
      vertex 37.9375 19.5347 0
      vertex 24.9239 19.6327 0
    endloop
  endfacet
  facet normal 0 0 -1
    outer loop
      vertex 37.9375 19.5347 0
      vertex 24.4563 22.2846 0
      vertex 38.0474 19.8 0
    endloop
  endfacet
  facet normal 0 0 -1
    outer loop
      vertex 24.3969 22.6702 0
      vertex 38.0474 19.8 0
      vertex 24.4563 22.2846 0
    endloop
  endfacet
  facet normal 0 0 -1
    outer loop
      vertex 24.4563 22.2846 0
      vertex 24.9239 19.6327 0
      vertex 24.7071 19.9571 0
    endloop
  endfacet
  facet normal 0 0 -1
    outer loop
      vertex 38.0474 19.8 0
      vertex 24.3969 22.6702 0
      vertex 38.2222 20.0278 0
    endloop
  endfacet
  facet normal 0 0 -1
    outer loop
      vertex 38.45 20.2026 0
      vertex 24.3969 22.6702 0
      vertex 24.1945 23.0038 0
    endloop
  endfacet
  facet normal 0 0 -1
    outer loop
      vertex 38.45 20.2026 0
      vertex 24.1945 23.0038 0
      vertex 22.8481 25.3358 0
    endloop
  endfacet
  facet normal 0 0 -1
    outer loop
      vertex 22.8481 25.3358 0
      vertex 24.1945 23.0038 0
      vertex 23.8799 23.2345 0
    endloop
  endfacet
  facet normal 0 0 -1
    outer loop
      vertex 22.8906 24.9479 0
      vertex 23.8799 23.2345 0
      vertex 23.5009 23.3272 0
    endloop
  endfacet
  facet normal 0 0 -1
    outer loop
      vertex 22.8906 24.9479 0
      vertex 23.5009 23.3272 0
      vertex 23.1152 23.2679 0
    endloop
  endfacet
  facet normal 0 0 -1
    outer loop
      vertex 23.8799 23.2345 0
      vertex 22.8906 24.9479 0
      vertex 22.8481 25.3358 0
    endloop
  endfacet
  facet normal 0 0 -1
    outer loop
      vertex 38.45 20.2026 0
      vertex 22.8481 25.3358 0
      vertex 22.6604 25.6779 0
    endloop
  endfacet
  facet normal 0 0 -1
    outer loop
      vertex 38.7153 20.3125 0
      vertex 22.6604 25.6779 0
      vertex 52.55 38.5 0
    endloop
  endfacet
  facet normal 0 0 -1
    outer loop
      vertex 22.3561 25.9221 0
      vertex 52.55 38.5 0
      vertex 22.6604 25.6779 0
    endloop
  endfacet
  facet normal 0 0 -1
    outer loop
      vertex 20.2934 27.653 0
      vertex 22.3561 25.9221 0
      vertex 21.9816 26.0313 0
    endloop
  endfacet
  facet normal 0 0 -1
    outer loop
      vertex 20.4659 27.303 0
      vertex 21.9816 26.0313 0
      vertex 21.5937 25.9888 0
    endloop
  endfacet
  facet normal -0 0 -1
    outer loop
      vertex 21.1284 24.3923 0
      vertex 20.0656 23.2414 0
      vertex 20.9407 24.7344 0
    endloop
  endfacet
  facet normal 0 0 -1
    outer loop
      vertex 20.4914 26.9137 0
      vertex 21.0074 25.4968 0
      vertex 20.8982 25.1222 0
    endloop
  endfacet
  facet normal 0 0 -1
    outer loop
      vertex 20.4914 26.9137 0
      vertex 21.2516 25.8011 0
      vertex 21.0074 25.4968 0
    endloop
  endfacet
  facet normal 0 0 -1
    outer loop
      vertex 20.4914 26.9137 0
      vertex 21.5937 25.9888 0
      vertex 21.2516 25.8011 0
    endloop
  endfacet
  facet normal 0 0 -1
    outer loop
      vertex 20.4659 27.303 0
      vertex 21.5937 25.9888 0
      vertex 20.4914 26.9137 0
    endloop
  endfacet
  facet normal 0 0 -1
    outer loop
      vertex 21.9816 26.0313 0
      vertex 20.4659 27.303 0
      vertex 20.2934 27.653 0
    endloop
  endfacet
  facet normal 0 0 -1
    outer loop
      vertex 22.3561 25.9221 0
      vertex 20.2934 27.653 0
      vertex 52.55 38.5 0
    endloop
  endfacet
  facet normal 0 0 -1
    outer loop
      vertex 20 27.9103 0
      vertex 52.55 38.5 0
      vertex 20.2934 27.653 0
    endloop
  endfacet
  facet normal 0 0 -1
    outer loop
      vertex 19.6305 28.0357 0
      vertex 52.55 38.5 0
      vertex 20 27.9103 0
    endloop
  endfacet
  facet normal 0 0 -1
    outer loop
      vertex 17.1001 28.9567 0
      vertex 19.6305 28.0357 0
      vertex 19.2412 28.0102 0
    endloop
  endfacet
  facet normal 0 0 -1
    outer loop
      vertex 17.7412 25.4121 0
      vertex 18.5341 26.7854 0
      vertex 18.1305 25.4376 0
    endloop
  endfacet
  facet normal 0 0 -1
    outer loop
      vertex 17.1364 27.2941 0
      vertex 18.5341 26.7854 0
      vertex 17.7412 25.4121 0
    endloop
  endfacet
  facet normal 0 0 -1
    outer loop
      vertex 17.4062 27.576 0
      vertex 18.5086 27.1748 0
      vertex 18.5341 26.7854 0
    endloop
  endfacet
  facet normal 0 0 -1
    outer loop
      vertex 18.5086 27.1748 0
      vertex 17.5476 27.9396 0
      vertex 18.634 27.5442 0
    endloop
  endfacet
  facet normal 0 0 -1
    outer loop
      vertex 17.5476 27.9396 0
      vertex 18.8912 27.8376 0
      vertex 18.634 27.5442 0
    endloop
  endfacet
  facet normal 0 0 -1
    outer loop
      vertex 17.5391 28.3297 0
      vertex 18.8912 27.8376 0
      vertex 17.5476 27.9396 0
    endloop
  endfacet
  facet normal 0 0 -1
    outer loop
      vertex 18.8912 27.8376 0
      vertex 17.5391 28.3297 0
      vertex 19.2412 28.0102 0
    endloop
  endfacet
  facet normal 0 0 -1
    outer loop
      vertex 17.382 28.6868 0
      vertex 19.2412 28.0102 0
      vertex 17.5391 28.3297 0
    endloop
  endfacet
  facet normal 0 0 -1
    outer loop
      vertex 17.1001 28.9567 0
      vertex 19.2412 28.0102 0
      vertex 17.382 28.6868 0
    endloop
  endfacet
  facet normal 0 0 -1
    outer loop
      vertex 19.6305 28.0357 0
      vertex 17.1001 28.9567 0
      vertex 52.55 38.5 0
    endloop
  endfacet
  facet normal 0 0 -1
    outer loop
      vertex 16.7365 29.0981 0
      vertex 52.55 38.5 0
      vertex 17.1001 28.9567 0
    endloop
  endfacet
  facet normal 0 0 -1
    outer loop
      vertex 0.800003 38.5 0
      vertex 16.7365 29.0981 0
      vertex 16.3464 29.0896 0
    endloop
  endfacet
  facet normal 0 0 -1
    outer loop
      vertex 14.4135 27.8968 0
      vertex 15.5865 27.8968 0
      vertex 15.7437 27.5397 0
    endloop
  endfacet
  facet normal 0 0 -1
    outer loop
      vertex 14.2563 27.5397 0
      vertex 15 26.25 0
      vertex 14.6173 26.1739 0
    endloop
  endfacet
  facet normal 0 0 -1
    outer loop
      vertex 15.5865 27.8968 0
      vertex 14.422 28.2869 0
      vertex 15.578 28.2869 0
    endloop
  endfacet
  facet normal 0 0 -1
    outer loop
      vertex 15.578 28.2869 0
      vertex 14.422 28.2869 0
      vertex 15.7194 28.6506 0
    endloop
  endfacet
  facet normal 0 0 -1
    outer loop
      vertex 14.2806 28.6506 0
      vertex 15.7194 28.6506 0
      vertex 14.422 28.2869 0
    endloop
  endfacet
  facet normal 0 0 -1
    outer loop
      vertex 15.7194 28.6506 0
      vertex 14.2806 28.6506 0
      vertex 15.9893 28.9324 0
    endloop
  endfacet
  facet normal 0 0 -1
    outer loop
      vertex 14.0107 28.9324 0
      vertex 15.9893 28.9324 0
      vertex 14.2806 28.6506 0
    endloop
  endfacet
  facet normal 0 0 -1
    outer loop
      vertex 15.9893 28.9324 0
      vertex 14.0107 28.9324 0
      vertex 16.3464 29.0896 0
    endloop
  endfacet
  facet normal 0 0 -1
    outer loop
      vertex 13.6536 29.0896 0
      vertex 16.3464 29.0896 0
      vertex 14.0107 28.9324 0
    endloop
  endfacet
  facet normal 0 0 -1
    outer loop
      vertex 0.800003 38.5 0
      vertex 16.3464 29.0896 0
      vertex 13.6536 29.0896 0
    endloop
  endfacet
  facet normal 0 0 -1
    outer loop
      vertex 0.800003 38.5 0
      vertex 13.6536 29.0896 0
      vertex 13.2635 29.0981 0
    endloop
  endfacet
  facet normal -0 0 -1
    outer loop
      vertex 12.5938 27.576 0
      vertex 11.4914 27.1748 0
      vertex 12.4524 27.9396 0
    endloop
  endfacet
  facet normal 0 0 -1
    outer loop
      vertex 11.4659 26.7854 0
      vertex 12.2588 25.4121 0
      vertex 11.8695 25.4376 0
    endloop
  endfacet
  facet normal 0 0 -1
    outer loop
      vertex 11.2934 26.4355 0
      vertex 11.8695 25.4376 0
      vertex 11.5 25.3122 0
    endloop
  endfacet
  facet normal 0 0 -1
    outer loop
      vertex 11.366 27.5442 0
      vertex 12.4524 27.9396 0
      vertex 11.4914 27.1748 0
    endloop
  endfacet
  facet normal -0 0 -1
    outer loop
      vertex 12.4524 27.9396 0
      vertex 11.366 27.5442 0
      vertex 12.4609 28.3297 0
    endloop
  endfacet
  facet normal 0 0 -1
    outer loop
      vertex 11.1088 27.8376 0
      vertex 12.4609 28.3297 0
      vertex 11.366 27.5442 0
    endloop
  endfacet
  facet normal -0 0 -1
    outer loop
      vertex 12.4609 28.3297 0
      vertex 11.1088 27.8376 0
      vertex 12.618 28.6868 0
    endloop
  endfacet
  facet normal 0 0 -1
    outer loop
      vertex 10.7588 28.0102 0
      vertex 12.618 28.6868 0
      vertex 11.1088 27.8376 0
    endloop
  endfacet
  facet normal -0 0 -1
    outer loop
      vertex 12.618 28.6868 0
      vertex 10.7588 28.0102 0
      vertex 12.8999 28.9567 0
    endloop
  endfacet
  facet normal 0 0 -1
    outer loop
      vertex 10.3695 28.0357 0
      vertex 12.8999 28.9567 0
      vertex 10.7588 28.0102 0
    endloop
  endfacet
  facet normal 0 0 -1
    outer loop
      vertex 0.800003 38.5 0
      vertex 12.8999 28.9567 0
      vertex 10.3695 28.0357 0
    endloop
  endfacet
  facet normal 0 0 -1
    outer loop
      vertex 0.800003 38.5 0
      vertex 10.3695 28.0357 0
      vertex 10 27.9103 0
    endloop
  endfacet
  facet normal -0 0 -1
    outer loop
      vertex 9.89124 26.2509 0
      vertex 8.99261 25.4968 0
      vertex 9.63398 26.5442 0
    endloop
  endfacet
  facet normal 0 0 -1
    outer loop
      vertex 8.74839 25.8011 0
      vertex 9.63398 26.5442 0
      vertex 8.99261 25.4968 0
    endloop
  endfacet
  facet normal -0 0 -1
    outer loop
      vertex 9.63398 26.5442 0
      vertex 8.74839 25.8011 0
      vertex 9.50856 26.9137 0
    endloop
  endfacet
  facet normal 0 0 -1
    outer loop
      vertex 8.40631 25.9888 0
      vertex 9.50856 26.9137 0
      vertex 8.74839 25.8011 0
    endloop
  endfacet
  facet normal -0 0 -1
    outer loop
      vertex 9.50856 26.9137 0
      vertex 8.40631 25.9888 0
      vertex 9.53407 27.303 0
    endloop
  endfacet
  facet normal 0 0 -1
    outer loop
      vertex 8.01845 26.0313 0
      vertex 9.53407 27.303 0
      vertex 8.40631 25.9888 0
    endloop
  endfacet
  facet normal -0 0 -1
    outer loop
      vertex 9.53407 27.303 0
      vertex 8.01845 26.0313 0
      vertex 9.70665 27.653 0
    endloop
  endfacet
  facet normal 0 0 -1
    outer loop
      vertex 7.64385 25.9221 0
      vertex 9.70665 27.653 0
      vertex 8.01845 26.0313 0
    endloop
  endfacet
  facet normal 0 0 -1
    outer loop
      vertex 0 37.7 0
      vertex 9.70665 27.653 0
      vertex 7.64385 25.9221 0
    endloop
  endfacet
  facet normal 0 0 -1
    outer loop
      vertex 0 37.7 0
      vertex 7.64385 25.9221 0
      vertex 7.33956 25.6779 0
    endloop
  endfacet
  facet normal -0 0 -1
    outer loop
      vertex 7.21859 24.5733 0
      vertex 6.49915 23.3272 0
      vertex 7.10941 24.9479 0
    endloop
  endfacet
  facet normal 0 0 -1
    outer loop
      vertex 6.12015 23.2345 0
      vertex 7.10941 24.9479 0
      vertex 6.49915 23.3272 0
    endloop
  endfacet
  facet normal -0 0 -1
    outer loop
      vertex 7.10941 24.9479 0
      vertex 6.12015 23.2345 0
      vertex 7.15188 25.3358 0
    endloop
  endfacet
  facet normal 0 0 -1
    outer loop
      vertex 5.80549 23.0038 0
      vertex 7.15188 25.3358 0
      vertex 6.12015 23.2345 0
    endloop
  endfacet
  facet normal 0 0 -1
    outer loop
      vertex 0 37.7 0
      vertex 7.15188 25.3358 0
      vertex 5.80549 23.0038 0
    endloop
  endfacet
  facet normal 0 0 -1
    outer loop
      vertex 0 37.7 0
      vertex 5.80549 23.0038 0
      vertex 5.60307 22.6702 0
    endloop
  endfacet
  facet normal 0 0 -1
    outer loop
      vertex 5.07612 19.6327 0
      vertex 5.54372 22.2846 0
      vertex 5.29289 19.9571 0
    endloop
  endfacet
  facet normal 0 0 -1
    outer loop
      vertex 0 37.7 0
      vertex 5.54372 22.2846 0
      vertex 5.07612 19.6327 0
    endloop
  endfacet
  facet normal 0 0 -1
    outer loop
      vertex 0 37.7 0
      vertex 5.07612 19.6327 0
      vertex 5 19.25 0
    endloop
  endfacet
  facet normal -0 0 -1
    outer loop
      vertex 5.07612 18.8673 0
      vertex 0 0.800003 0
      vertex 5 19.25 0
    endloop
  endfacet
  facet normal 0 0 -1
    outer loop
      vertex 16.7365 29.0981 0
      vertex 0.800003 38.5 0
      vertex 52.55 38.5 0
    endloop
  endfacet
  facet normal 0 0 -1
    outer loop
      vertex 12.8999 28.9567 0
      vertex 0.800003 38.5 0
      vertex 13.2635 29.0981 0
    endloop
  endfacet
  facet normal 0 0 -1
    outer loop
      vertex 9.70665 27.653 0
      vertex 0 37.7 0
      vertex 10 27.9103 0
    endloop
  endfacet
  facet normal 0 0 -1
    outer loop
      vertex 7.15188 25.3358 0
      vertex 0 37.7 0
      vertex 7.33956 25.6779 0
    endloop
  endfacet
  facet normal 0 0 -1
    outer loop
      vertex 0 37.7 0
      vertex 5 19.25 0
      vertex 0 0.800003 0
    endloop
  endfacet
  facet normal 0 0 -1
    outer loop
      vertex 0 0.800003 0
      vertex 0.800003 0 0
      vertex 0.695587 0.0068512 0
    endloop
  endfacet
  facet normal 0 0 -1
    outer loop
      vertex 5.54372 22.2846 0
      vertex 0 37.7 0
      vertex 5.60307 22.6702 0
    endloop
  endfacet
  facet normal 0 0 -1
    outer loop
      vertex 0 0.800003 0
      vertex 0.695587 0.0068512 0
      vertex 0.592941 0.0272675 0
    endloop
  endfacet
  facet normal 0 0 -1
    outer loop
      vertex 10 27.9103 0
      vertex 0 37.7 0
      vertex 0.800003 38.5 0
    endloop
  endfacet
  facet normal 0 0 -1
    outer loop
      vertex 0 0.800003 0
      vertex 0.592941 0.0272675 0
      vertex 0.493851 0.0608978 0
    endloop
  endfacet
  facet normal 0 0 -1
    outer loop
      vertex 0.800003 38.5 0
      vertex 0 37.7 0
      vertex 0.695587 38.4931 0
    endloop
  endfacet
  facet normal 0 0 -1
    outer loop
      vertex 0 0.800003 0
      vertex 0.493851 0.0608978 0
      vertex 0.400009 0.107178 0
    endloop
  endfacet
  facet normal 0 0 -1
    outer loop
      vertex 0.695587 38.4931 0
      vertex 0 37.7 0
      vertex 0.592941 38.4727 0
    endloop
  endfacet
  facet normal 0 0 -1
    outer loop
      vertex 0 0.800003 0
      vertex 0.400009 0.107178 0
      vertex 0.312988 0.165314 0
    endloop
  endfacet
  facet normal 0 0 -1
    outer loop
      vertex 0.592941 38.4727 0
      vertex 0 37.7 0
      vertex 0.493851 38.4391 0
    endloop
  endfacet
  facet normal 0 0 -1
    outer loop
      vertex 0 0.800003 0
      vertex 0.312988 0.165314 0
      vertex 0.234314 0.234314 0
    endloop
  endfacet
  facet normal 0 0 -1
    outer loop
      vertex 0.493851 38.4391 0
      vertex 0 37.7 0
      vertex 0.400009 38.3928 0
    endloop
  endfacet
  facet normal 0 0 -1
    outer loop
      vertex 0 0.800003 0
      vertex 0.234314 0.234314 0
      vertex 0.165314 0.312988 0
    endloop
  endfacet
  facet normal 0 0 -1
    outer loop
      vertex 0.400009 38.3928 0
      vertex 0 37.7 0
      vertex 0.312988 38.3347 0
    endloop
  endfacet
  facet normal 0 0 -1
    outer loop
      vertex 0 0.800003 0
      vertex 0.165314 0.312988 0
      vertex 0.107178 0.400009 0
    endloop
  endfacet
  facet normal 0 0 -1
    outer loop
      vertex 0.312988 38.3347 0
      vertex 0 37.7 0
      vertex 0.234314 38.2657 0
    endloop
  endfacet
  facet normal 0 0 -1
    outer loop
      vertex 0 0.800003 0
      vertex 0.107178 0.400009 0
      vertex 0.0608978 0.493851 0
    endloop
  endfacet
  facet normal 0 0 -1
    outer loop
      vertex 0.234314 38.2657 0
      vertex 0 37.7 0
      vertex 0.165314 38.187 0
    endloop
  endfacet
  facet normal 0 0 -1
    outer loop
      vertex 0 0.800003 0
      vertex 0.0608978 0.493851 0
      vertex 0.0272675 0.592941 0
    endloop
  endfacet
  facet normal 0 0 -1
    outer loop
      vertex 0.165314 38.187 0
      vertex 0 37.7 0
      vertex 0.107178 38.1 0
    endloop
  endfacet
  facet normal 0 0 -1
    outer loop
      vertex 0 0.800003 0
      vertex 0.0272675 0.592941 0
      vertex 0.0068512 0.695587 0
    endloop
  endfacet
  facet normal 0 0 -1
    outer loop
      vertex 0.107178 38.1 0
      vertex 0 37.7 0
      vertex 0.0608978 38.0061 0
    endloop
  endfacet
  facet normal 0 0 -1
    outer loop
      vertex 0.0608978 38.0061 0
      vertex 0 37.7 0
      vertex 0.0272675 37.9071 0
    endloop
  endfacet
  facet normal 0 0 -1
    outer loop
      vertex 0.0272675 37.9071 0
      vertex 0 37.7 0
      vertex 0.0068512 37.8044 0
    endloop
  endfacet
  facet normal 0 0 -1
    outer loop
      vertex 24.3635 16.5944 0
      vertex 24.7071 18.5429 0
      vertex 24.4563 16.2154 0
    endloop
  endfacet
  facet normal 0 0 -1
    outer loop
      vertex 24.7071 18.5429 0
      vertex 24.3635 16.5944 0
      vertex 24.3827 18.3261 0
    endloop
  endfacet
  facet normal 0 0 -1
    outer loop
      vertex 24.1328 16.9091 0
      vertex 24.3827 18.3261 0
      vertex 24.3635 16.5944 0
    endloop
  endfacet
  facet normal 0 0 -1
    outer loop
      vertex 24.1328 16.9091 0
      vertex 24 18.25 0
      vertex 24.3827 18.3261 0
    endloop
  endfacet
  facet normal 0 0 -1
    outer loop
      vertex 23.7993 17.1115 0
      vertex 24 18.25 0
      vertex 24.1328 16.9091 0
    endloop
  endfacet
  facet normal 0 0 -1
    outer loop
      vertex 23.7993 17.1115 0
      vertex 23.6173 18.3261 0
      vertex 24 18.25 0
    endloop
  endfacet
  facet normal 0 0 -1
    outer loop
      vertex 23.4136 17.1709 0
      vertex 23.6173 18.3261 0
      vertex 23.7993 17.1115 0
    endloop
  endfacet
  facet normal 0 0 -1
    outer loop
      vertex 23.4136 17.1709 0
      vertex 23.2929 18.5429 0
      vertex 23.6173 18.3261 0
    endloop
  endfacet
  facet normal 0 0 -1
    outer loop
      vertex 23.0346 17.0781 0
      vertex 23.2929 18.5429 0
      vertex 23.4136 17.1709 0
    endloop
  endfacet
  facet normal 0 0 -1
    outer loop
      vertex 22 19.25 0
      vertex 23.2929 18.5429 0
      vertex 23.0346 17.0781 0
    endloop
  endfacet
  facet normal 0 0 -1
    outer loop
      vertex 22 19.25 0
      vertex 23.0346 17.0781 0
      vertex 22.72 16.8474 0
    endloop
  endfacet
  facet normal 0 0 -1
    outer loop
      vertex 23.2929 18.5429 0
      vertex 22 19.25 0
      vertex 23.0761 18.8673 0
    endloop
  endfacet
  facet normal -0.980788 -0.195079 0
    outer loop
      vertex 0.0272675 0.592941 0
      vertex 0.0068512 0.695587 3.2
      vertex 0.0068512 0.695587 0
    endloop
  endfacet
  facet normal -0.980788 -0.195079 0
    outer loop
      vertex 0.0068512 0.695587 3.2
      vertex 0.0272675 0.592941 0
      vertex 0.0272675 0.592941 3.2
    endloop
  endfacet
  facet normal 0.997823 0.0659481 0
    outer loop
      vertex 53.35 37.7 3.2
      vertex 53.3431 37.8044 0
      vertex 53.3431 37.8044 3.2
    endloop
  endfacet
  facet normal 0.997823 0.0659481 0
    outer loop
      vertex 53.3431 37.8044 0
      vertex 53.35 37.7 3.2
      vertex 53.35 37.7 0
    endloop
  endfacet
  facet normal -0.44246 0.896788 0
    outer loop
      vertex 0.493851 38.4391 0
      vertex 0.400009 38.3928 3.2
      vertex 0.493851 38.4391 3.2
    endloop
  endfacet
  facet normal -0.44246 0.896788 0
    outer loop
      vertex 0.400009 38.3928 3.2
      vertex 0.493851 38.4391 0
      vertex 0.400009 38.3928 0
    endloop
  endfacet
  facet normal 0.896897 0.44224 0
    outer loop
      vertex 53.2891 38.0061 3.2
      vertex 53.2428 38.1 0
      vertex 53.2428 38.1 3.2
    endloop
  endfacet
  facet normal 0.896897 0.44224 0
    outer loop
      vertex 53.2428 38.1 0
      vertex 53.2891 38.0061 3.2
      vertex 53.2891 38.0061 0
    endloop
  endfacet
  facet normal 0.946948 0.321388 0
    outer loop
      vertex 53.3227 37.9071 3.2
      vertex 53.2891 38.0061 0
      vertex 53.2891 38.0061 3.2
    endloop
  endfacet
  facet normal 0.946948 0.321388 0
    outer loop
      vertex 53.2891 38.0061 0
      vertex 53.3227 37.9071 3.2
      vertex 53.3227 37.9071 0
    endloop
  endfacet
  facet normal 0.5556 -0.83145 0
    outer loop
      vertex 52.95 0.107178 0
      vertex 53.037 0.165314 3.2
      vertex 52.95 0.107178 3.2
    endloop
  endfacet
  facet normal 0.5556 -0.83145 0
    outer loop
      vertex 53.037 0.165314 3.2
      vertex 52.95 0.107178 0
      vertex 53.037 0.165314 0
    endloop
  endfacet
endsolid OpenSCAD_Model
