solid OpenSCAD_Model
  facet normal 0.522486 -0.852648 0
    outer loop
      vertex 31.1221 26.8402 1.8
      vertex 32.4601 27.6601 3.2
      vertex 31.1221 26.8402 3.2
    endloop
  endfacet
  facet normal 0.522486 -0.852648 0
    outer loop
      vertex 32.4601 27.6601 3.2
      vertex 31.1221 26.8402 1.8
      vertex 32.4601 27.6601 1.8
    endloop
  endfacet
  facet normal -0.972375 -0.233424 0
    outer loop
      vertex 46.8769 20.3143 1.8
      vertex 46.5106 21.8402 3.2
      vertex 46.5106 21.8402 1.8
    endloop
  endfacet
  facet normal -0.972375 -0.233424 0
    outer loop
      vertex 46.5106 21.8402 3.2
      vertex 46.8769 20.3143 1.8
      vertex 46.8769 20.3143 3.2
    endloop
  endfacet
  facet normal -0.972375 0.233424 0
    outer loop
      vertex 46.5106 15.6598 1.8
      vertex 46.8769 17.1857 3.2
      vertex 46.8769 17.1857 1.8
    endloop
  endfacet
  facet normal -0.972375 0.233424 0
    outer loop
      vertex 46.8769 17.1857 3.2
      vertex 46.5106 15.6598 1.8
      vertex 46.5106 15.6598 3.2
    endloop
  endfacet
  facet normal -0.923876 0.382691 0
    outer loop
      vertex 45.9101 14.2101 1.8
      vertex 46.5106 15.6598 3.2
      vertex 46.5106 15.6598 1.8
    endloop
  endfacet
  facet normal -0.923876 0.382691 0
    outer loop
      vertex 46.5106 15.6598 3.2
      vertex 45.9101 14.2101 1.8
      vertex 45.9101 14.2101 3.2
    endloop
  endfacet
  facet normal 0.923876 0.382691 0
    outer loop
      vertex 28.0899 14.2101 3.2
      vertex 27.4894 15.6598 1.8
      vertex 27.4894 15.6598 3.2
    endloop
  endfacet
  facet normal 0.923876 0.382691 0
    outer loop
      vertex 27.4894 15.6598 1.8
      vertex 28.0899 14.2101 3.2
      vertex 28.0899 14.2101 1.8
    endloop
  endfacet
  facet normal -0.996918 -0.0784508 0
    outer loop
      vertex 47 18.75 1.8
      vertex 46.8769 20.3143 3.2
      vertex 46.8769 20.3143 1.8
    endloop
  endfacet
  facet normal -0.996918 -0.0784508 0
    outer loop
      vertex 46.8769 20.3143 3.2
      vertex 47 18.75 1.8
      vertex 47 18.75 3.2
    endloop
  endfacet
  facet normal 0.972375 -0.233424 0
    outer loop
      vertex 27.1231 20.3143 3.2
      vertex 27.4894 21.8402 1.8
      vertex 27.4894 21.8402 3.2
    endloop
  endfacet
  facet normal 0.972375 -0.233424 0
    outer loop
      vertex 27.4894 21.8402 1.8
      vertex 27.1231 20.3143 3.2
      vertex 27.1231 20.3143 1.8
    endloop
  endfacet
  facet normal -0.233436 0.972372 0
    outer loop
      vertex 40.0902 9.23944 1.8
      vertex 38.5643 8.87312 3.2
      vertex 40.0902 9.23944 3.2
    endloop
  endfacet
  facet normal -0.233436 0.972372 0
    outer loop
      vertex 38.5643 8.87312 3.2
      vertex 40.0902 9.23944 1.8
      vertex 38.5643 8.87312 1.8
    endloop
  endfacet
  facet normal 0.972375 0.233424 0
    outer loop
      vertex 27.4894 15.6598 3.2
      vertex 27.1231 17.1857 1.8
      vertex 27.1231 17.1857 3.2
    endloop
  endfacet
  facet normal 0.972375 0.233424 0
    outer loop
      vertex 27.1231 17.1857 1.8
      vertex 27.4894 15.6598 3.2
      vertex 27.4894 15.6598 1.8
    endloop
  endfacet
  facet normal 0.0784508 -0.996918 0
    outer loop
      vertex 35.4357 28.6269 1.8
      vertex 37 28.75 3.2
      vertex 35.4357 28.6269 3.2
    endloop
  endfacet
  facet normal 0.0784508 -0.996918 0
    outer loop
      vertex 37 28.75 3.2
      vertex 35.4357 28.6269 1.8
      vertex 37 28.75 1.8
    endloop
  endfacet
  facet normal -0.923876 -0.382691 0
    outer loop
      vertex 46.5106 21.8402 1.8
      vertex 45.9101 23.2899 3.2
      vertex 45.9101 23.2899 1.8
    endloop
  endfacet
  facet normal -0.923876 -0.382691 0
    outer loop
      vertex 45.9101 23.2899 3.2
      vertex 46.5106 21.8402 1.8
      vertex 46.5106 21.8402 3.2
    endloop
  endfacet
  facet normal 0 0 1
    outer loop
      vertex 38.1 18.75 1.8
      vertex 47 18.75 1.8
      vertex 46.8769 20.3143 1.8
    endloop
  endfacet
  facet normal 0 0 1
    outer loop
      vertex 38.0625 19.0347 1.8
      vertex 46.8769 20.3143 1.8
      vertex 46.5106 21.8402 1.8
    endloop
  endfacet
  facet normal 0 0 1
    outer loop
      vertex 47 18.75 1.8
      vertex 38.1 18.75 1.8
      vertex 46.8769 17.1857 1.8
    endloop
  endfacet
  facet normal 0 0 1
    outer loop
      vertex 38.0625 19.0347 1.8
      vertex 46.5106 21.8402 1.8
      vertex 45.9101 23.2899 1.8
    endloop
  endfacet
  facet normal -0 0 1
    outer loop
      vertex 38.0625 18.4653 1.8
      vertex 46.8769 17.1857 1.8
      vertex 38.1 18.75 1.8
    endloop
  endfacet
  facet normal 0 0 1
    outer loop
      vertex 37.9526 19.3 1.8
      vertex 45.9101 23.2899 1.8
      vertex 45.0902 24.6279 1.8
    endloop
  endfacet
  facet normal 0 0 1
    outer loop
      vertex 46.8769 17.1857 1.8
      vertex 38.0625 18.4653 1.8
      vertex 46.5106 15.6598 1.8
    endloop
  endfacet
  facet normal 0 0 1
    outer loop
      vertex 37.7778 19.5278 1.8
      vertex 45.0902 24.6279 1.8
      vertex 44.0711 25.8211 1.8
    endloop
  endfacet
  facet normal 0 0 1
    outer loop
      vertex 46.5106 15.6598 1.8
      vertex 38.0625 18.4653 1.8
      vertex 45.9101 14.2101 1.8
    endloop
  endfacet
  facet normal 0 0 1
    outer loop
      vertex 37.7778 19.5278 1.8
      vertex 44.0711 25.8211 1.8
      vertex 42.8779 26.8402 1.8
    endloop
  endfacet
  facet normal -0 0 1
    outer loop
      vertex 37.9526 18.2 1.8
      vertex 45.9101 14.2101 1.8
      vertex 38.0625 18.4653 1.8
    endloop
  endfacet
  facet normal 0 0 1
    outer loop
      vertex 37.55 19.7026 1.8
      vertex 42.8779 26.8402 1.8
      vertex 41.5399 27.6601 1.8
    endloop
  endfacet
  facet normal 0 0 1
    outer loop
      vertex 45.9101 14.2101 1.8
      vertex 37.9526 18.2 1.8
      vertex 45.0902 12.8721 1.8
    endloop
  endfacet
  facet normal 0 0 1
    outer loop
      vertex 37.55 19.7026 1.8
      vertex 41.5399 27.6601 1.8
      vertex 40.0902 28.2606 1.8
    endloop
  endfacet
  facet normal -0 0 1
    outer loop
      vertex 37.7778 17.9722 1.8
      vertex 45.0902 12.8721 1.8
      vertex 37.9526 18.2 1.8
    endloop
  endfacet
  facet normal 0 0 1
    outer loop
      vertex 37.2847 19.8125 1.8
      vertex 40.0902 28.2606 1.8
      vertex 38.5643 28.6269 1.8
    endloop
  endfacet
  facet normal 0 0 1
    outer loop
      vertex 45.0902 12.8721 1.8
      vertex 37.7778 17.9722 1.8
      vertex 44.0711 11.6789 1.8
    endloop
  endfacet
  facet normal 0 0 1
    outer loop
      vertex 44.0711 11.6789 1.8
      vertex 37.7778 17.9722 1.8
      vertex 42.8779 10.6598 1.8
    endloop
  endfacet
  facet normal 0 0 1
    outer loop
      vertex 46.8769 20.3143 1.8
      vertex 38.0625 19.0347 1.8
      vertex 38.1 18.75 1.8
    endloop
  endfacet
  facet normal 0 0 1
    outer loop
      vertex 45.9101 23.2899 1.8
      vertex 37.9526 19.3 1.8
      vertex 38.0625 19.0347 1.8
    endloop
  endfacet
  facet normal 0 0 1
    outer loop
      vertex 45.0902 24.6279 1.8
      vertex 37.7778 19.5278 1.8
      vertex 37.9526 19.3 1.8
    endloop
  endfacet
  facet normal 0 0 1
    outer loop
      vertex 42.8779 26.8402 1.8
      vertex 37.55 19.7026 1.8
      vertex 37.7778 19.5278 1.8
    endloop
  endfacet
  facet normal 0 0 1
    outer loop
      vertex 40.0902 28.2606 1.8
      vertex 37.2847 19.8125 1.8
      vertex 37.55 19.7026 1.8
    endloop
  endfacet
  facet normal 0 0 1
    outer loop
      vertex 37 19.85 1.8
      vertex 38.5643 28.6269 1.8
      vertex 37 28.75 1.8
    endloop
  endfacet
  facet normal 0 0 1
    outer loop
      vertex 38.5643 28.6269 1.8
      vertex 37 19.85 1.8
      vertex 37.2847 19.8125 1.8
    endloop
  endfacet
  facet normal -0 0 1
    outer loop
      vertex 35.4357 28.6269 1.8
      vertex 37 19.85 1.8
      vertex 37 28.75 1.8
    endloop
  endfacet
  facet normal 0 0 1
    outer loop
      vertex 37 19.85 1.8
      vertex 35.4357 28.6269 1.8
      vertex 36.7153 19.8125 1.8
    endloop
  endfacet
  facet normal -0 0 1
    outer loop
      vertex 33.9098 28.2606 1.8
      vertex 36.7153 19.8125 1.8
      vertex 35.4357 28.6269 1.8
    endloop
  endfacet
  facet normal 0 0 1
    outer loop
      vertex 36.7153 19.8125 1.8
      vertex 33.9098 28.2606 1.8
      vertex 36.45 19.7026 1.8
    endloop
  endfacet
  facet normal -0 0 1
    outer loop
      vertex 32.4601 27.6601 1.8
      vertex 36.45 19.7026 1.8
      vertex 33.9098 28.2606 1.8
    endloop
  endfacet
  facet normal -0 0 1
    outer loop
      vertex 31.1221 26.8402 1.8
      vertex 36.45 19.7026 1.8
      vertex 32.4601 27.6601 1.8
    endloop
  endfacet
  facet normal 0 0 1
    outer loop
      vertex 36.45 19.7026 1.8
      vertex 31.1221 26.8402 1.8
      vertex 36.2222 19.5278 1.8
    endloop
  endfacet
  facet normal -0 0 1
    outer loop
      vertex 37.55 17.7974 1.8
      vertex 42.8779 10.6598 1.8
      vertex 37.7778 17.9722 1.8
    endloop
  endfacet
  facet normal 0 0 1
    outer loop
      vertex 42.8779 10.6598 1.8
      vertex 37.55 17.7974 1.8
      vertex 41.5399 9.83994 1.8
    endloop
  endfacet
  facet normal 0 0 1
    outer loop
      vertex 41.5399 9.83994 1.8
      vertex 37.55 17.7974 1.8
      vertex 40.0902 9.23944 1.8
    endloop
  endfacet
  facet normal -0 0 1
    outer loop
      vertex 37.2847 17.6875 1.8
      vertex 40.0902 9.23944 1.8
      vertex 37.55 17.7974 1.8
    endloop
  endfacet
  facet normal 0 0 1
    outer loop
      vertex 40.0902 9.23944 1.8
      vertex 37.2847 17.6875 1.8
      vertex 38.5643 8.87312 1.8
    endloop
  endfacet
  facet normal -0 0 1
    outer loop
      vertex 37 17.65 1.8
      vertex 38.5643 8.87312 1.8
      vertex 37.2847 17.6875 1.8
    endloop
  endfacet
  facet normal 0 0 1
    outer loop
      vertex 37 17.65 1.8
      vertex 37 8.75 1.8
      vertex 38.5643 8.87312 1.8
    endloop
  endfacet
  facet normal 0 0 1
    outer loop
      vertex 35.4357 8.87312 1.8
      vertex 37 17.65 1.8
      vertex 36.7153 17.6875 1.8
    endloop
  endfacet
  facet normal 0 0 1
    outer loop
      vertex 33.9098 9.23944 1.8
      vertex 36.7153 17.6875 1.8
      vertex 36.45 17.7974 1.8
    endloop
  endfacet
  facet normal 0 0 1
    outer loop
      vertex 31.1221 10.6598 1.8
      vertex 36.45 17.7974 1.8
      vertex 36.2222 17.9722 1.8
    endloop
  endfacet
  facet normal 0 0 1
    outer loop
      vertex 28.9098 12.8721 1.8
      vertex 36.2222 17.9722 1.8
      vertex 36.0474 18.2 1.8
    endloop
  endfacet
  facet normal 0 0 1
    outer loop
      vertex 28.0899 14.2101 1.8
      vertex 36.0474 18.2 1.8
      vertex 35.9375 18.4653 1.8
    endloop
  endfacet
  facet normal 0 0 1
    outer loop
      vertex 27.1231 17.1857 1.8
      vertex 35.9375 18.4653 1.8
      vertex 35.9 18.75 1.8
    endloop
  endfacet
  facet normal 0 0 1
    outer loop
      vertex 37 17.65 1.8
      vertex 35.4357 8.87312 1.8
      vertex 37 8.75 1.8
    endloop
  endfacet
  facet normal -0 0 1
    outer loop
      vertex 29.9289 25.8211 1.8
      vertex 36.2222 19.5278 1.8
      vertex 31.1221 26.8402 1.8
    endloop
  endfacet
  facet normal -0 0 1
    outer loop
      vertex 28.9098 24.6279 1.8
      vertex 36.2222 19.5278 1.8
      vertex 29.9289 25.8211 1.8
    endloop
  endfacet
  facet normal 0 0 1
    outer loop
      vertex 36.7153 17.6875 1.8
      vertex 33.9098 9.23944 1.8
      vertex 35.4357 8.87312 1.8
    endloop
  endfacet
  facet normal 0 0 1
    outer loop
      vertex 36.2222 19.5278 1.8
      vertex 28.9098 24.6279 1.8
      vertex 36.0474 19.3 1.8
    endloop
  endfacet
  facet normal 0 0 1
    outer loop
      vertex 36.45 17.7974 1.8
      vertex 32.4601 9.83994 1.8
      vertex 33.9098 9.23944 1.8
    endloop
  endfacet
  facet normal -0 0 1
    outer loop
      vertex 28.0899 23.2899 1.8
      vertex 36.0474 19.3 1.8
      vertex 28.9098 24.6279 1.8
    endloop
  endfacet
  facet normal 0 0 1
    outer loop
      vertex 36.45 17.7974 1.8
      vertex 31.1221 10.6598 1.8
      vertex 32.4601 9.83994 1.8
    endloop
  endfacet
  facet normal 0 0 1
    outer loop
      vertex 36.0474 19.3 1.8
      vertex 28.0899 23.2899 1.8
      vertex 35.9375 19.0347 1.8
    endloop
  endfacet
  facet normal 0 0 1
    outer loop
      vertex 36.2222 17.9722 1.8
      vertex 29.9289 11.6789 1.8
      vertex 31.1221 10.6598 1.8
    endloop
  endfacet
  facet normal -0 0 1
    outer loop
      vertex 27.4894 21.8402 1.8
      vertex 35.9375 19.0347 1.8
      vertex 28.0899 23.2899 1.8
    endloop
  endfacet
  facet normal 0 0 1
    outer loop
      vertex 36.2222 17.9722 1.8
      vertex 28.9098 12.8721 1.8
      vertex 29.9289 11.6789 1.8
    endloop
  endfacet
  facet normal -0 0 1
    outer loop
      vertex 27.1231 20.3143 1.8
      vertex 35.9375 19.0347 1.8
      vertex 27.4894 21.8402 1.8
    endloop
  endfacet
  facet normal 0 0 1
    outer loop
      vertex 36.0474 18.2 1.8
      vertex 28.0899 14.2101 1.8
      vertex 28.9098 12.8721 1.8
    endloop
  endfacet
  facet normal 0 0 1
    outer loop
      vertex 35.9375 19.0347 1.8
      vertex 27.1231 20.3143 1.8
      vertex 35.9 18.75 1.8
    endloop
  endfacet
  facet normal 0 0 1
    outer loop
      vertex 35.9375 18.4653 1.8
      vertex 27.4894 15.6598 1.8
      vertex 28.0899 14.2101 1.8
    endloop
  endfacet
  facet normal 0 0 1
    outer loop
      vertex 27 18.75 1.8
      vertex 35.9 18.75 1.8
      vertex 27.1231 20.3143 1.8
    endloop
  endfacet
  facet normal 0 0 1
    outer loop
      vertex 35.9375 18.4653 1.8
      vertex 27.1231 17.1857 1.8
      vertex 27.4894 15.6598 1.8
    endloop
  endfacet
  facet normal 0 0 1
    outer loop
      vertex 35.9 18.75 1.8
      vertex 27 18.75 1.8
      vertex 27.1231 17.1857 1.8
    endloop
  endfacet
  facet normal -0.233424 -0.972375 0
    outer loop
      vertex 38.5643 28.6269 1.8
      vertex 40.0902 28.2606 3.2
      vertex 38.5643 28.6269 3.2
    endloop
  endfacet
  facet normal -0.233424 -0.972375 -0
    outer loop
      vertex 40.0902 28.2606 3.2
      vertex 38.5643 28.6269 1.8
      vertex 40.0902 28.2606 1.8
    endloop
  endfacet
  facet normal 0.233436 0.972372 -0
    outer loop
      vertex 35.4357 8.87312 1.8
      vertex 33.9098 9.23944 3.2
      vertex 35.4357 8.87312 3.2
    endloop
  endfacet
  facet normal 0.233436 0.972372 0
    outer loop
      vertex 33.9098 9.23944 3.2
      vertex 35.4357 8.87312 1.8
      vertex 33.9098 9.23944 1.8
    endloop
  endfacet
  facet normal 0.649452 0.760403 -0
    outer loop
      vertex 31.1221 10.6598 1.8
      vertex 29.9289 11.6789 3.2
      vertex 31.1221 10.6598 3.2
    endloop
  endfacet
  facet normal 0.649452 0.760403 0
    outer loop
      vertex 29.9289 11.6789 3.2
      vertex 31.1221 10.6598 1.8
      vertex 29.9289 11.6789 1.8
    endloop
  endfacet
  facet normal -0.522467 0.852659 0
    outer loop
      vertex 42.8779 10.6598 1.8
      vertex 41.5399 9.83994 3.2
      vertex 42.8779 10.6598 3.2
    endloop
  endfacet
  facet normal -0.522467 0.852659 0
    outer loop
      vertex 41.5399 9.83994 3.2
      vertex 42.8779 10.6598 1.8
      vertex 41.5399 9.83994 1.8
    endloop
  endfacet
  facet normal -0.760403 -0.649452 0
    outer loop
      vertex 45.0902 24.6279 1.8
      vertex 44.0711 25.8211 3.2
      vertex 44.0711 25.8211 1.8
    endloop
  endfacet
  facet normal -0.760403 -0.649452 0
    outer loop
      vertex 44.0711 25.8211 3.2
      vertex 45.0902 24.6279 1.8
      vertex 45.0902 24.6279 3.2
    endloop
  endfacet
  facet normal -0.382691 -0.923876 0
    outer loop
      vertex 40.0902 28.2606 1.8
      vertex 41.5399 27.6601 3.2
      vertex 40.0902 28.2606 3.2
    endloop
  endfacet
  facet normal -0.382691 -0.923876 -0
    outer loop
      vertex 41.5399 27.6601 3.2
      vertex 40.0902 28.2606 1.8
      vertex 41.5399 27.6601 1.8
    endloop
  endfacet
  facet normal -0.852648 -0.522486 0
    outer loop
      vertex 45.9101 23.2899 1.8
      vertex 45.0902 24.6279 3.2
      vertex 45.0902 24.6279 1.8
    endloop
  endfacet
  facet normal -0.852648 -0.522486 0
    outer loop
      vertex 45.0902 24.6279 3.2
      vertex 45.9101 23.2899 1.8
      vertex 45.9101 23.2899 3.2
    endloop
  endfacet
  facet normal 0.382691 0.923876 -0
    outer loop
      vertex 33.9098 9.23944 1.8
      vertex 32.4601 9.83994 3.2
      vertex 33.9098 9.23944 3.2
    endloop
  endfacet
  facet normal 0.382691 0.923876 0
    outer loop
      vertex 32.4601 9.83994 3.2
      vertex 33.9098 9.23944 1.8
      vertex 32.4601 9.83994 1.8
    endloop
  endfacet
  facet normal 0.233424 -0.972375 0
    outer loop
      vertex 33.9098 28.2606 1.8
      vertex 35.4357 28.6269 3.2
      vertex 33.9098 28.2606 3.2
    endloop
  endfacet
  facet normal 0.233424 -0.972375 0
    outer loop
      vertex 35.4357 28.6269 3.2
      vertex 33.9098 28.2606 1.8
      vertex 35.4357 28.6269 1.8
    endloop
  endfacet
  facet normal -0.649452 0.760403 0
    outer loop
      vertex 44.0711 11.6789 1.8
      vertex 42.8779 10.6598 3.2
      vertex 44.0711 11.6789 3.2
    endloop
  endfacet
  facet normal -0.649452 0.760403 0
    outer loop
      vertex 42.8779 10.6598 3.2
      vertex 44.0711 11.6789 1.8
      vertex 42.8779 10.6598 1.8
    endloop
  endfacet
  facet normal 0.996918 -0.0784508 0
    outer loop
      vertex 27 18.75 3.2
      vertex 27.1231 20.3143 1.8
      vertex 27.1231 20.3143 3.2
    endloop
  endfacet
  facet normal 0.996918 -0.0784508 0
    outer loop
      vertex 27.1231 20.3143 1.8
      vertex 27 18.75 3.2
      vertex 27 18.75 1.8
    endloop
  endfacet
  facet normal 0.760403 -0.649452 0
    outer loop
      vertex 28.9098 24.6279 3.2
      vertex 29.9289 25.8211 1.8
      vertex 29.9289 25.8211 3.2
    endloop
  endfacet
  facet normal 0.760403 -0.649452 0
    outer loop
      vertex 29.9289 25.8211 1.8
      vertex 28.9098 24.6279 3.2
      vertex 28.9098 24.6279 1.8
    endloop
  endfacet
  facet normal 0.760403 0.649452 0
    outer loop
      vertex 29.9289 11.6789 3.2
      vertex 28.9098 12.8721 1.8
      vertex 28.9098 12.8721 3.2
    endloop
  endfacet
  facet normal 0.760403 0.649452 0
    outer loop
      vertex 28.9098 12.8721 1.8
      vertex 29.9289 11.6789 3.2
      vertex 29.9289 11.6789 1.8
    endloop
  endfacet
  facet normal -0.996918 0.0784508 0
    outer loop
      vertex 46.8769 17.1857 1.8
      vertex 47 18.75 3.2
      vertex 47 18.75 1.8
    endloop
  endfacet
  facet normal -0.996918 0.0784508 0
    outer loop
      vertex 47 18.75 3.2
      vertex 46.8769 17.1857 1.8
      vertex 46.8769 17.1857 3.2
    endloop
  endfacet
  facet normal -0.760403 0.649452 0
    outer loop
      vertex 44.0711 11.6789 1.8
      vertex 45.0902 12.8721 3.2
      vertex 45.0902 12.8721 1.8
    endloop
  endfacet
  facet normal -0.760403 0.649452 0
    outer loop
      vertex 45.0902 12.8721 3.2
      vertex 44.0711 11.6789 1.8
      vertex 44.0711 11.6789 3.2
    endloop
  endfacet
  facet normal 0.923876 -0.382691 0
    outer loop
      vertex 27.4894 21.8402 3.2
      vertex 28.0899 23.2899 1.8
      vertex 28.0899 23.2899 3.2
    endloop
  endfacet
  facet normal 0.923876 -0.382691 0
    outer loop
      vertex 28.0899 23.2899 1.8
      vertex 27.4894 21.8402 3.2
      vertex 27.4894 21.8402 1.8
    endloop
  endfacet
  facet normal 0.382691 -0.923876 0
    outer loop
      vertex 32.4601 27.6601 1.8
      vertex 33.9098 28.2606 3.2
      vertex 32.4601 27.6601 3.2
    endloop
  endfacet
  facet normal 0.382691 -0.923876 0
    outer loop
      vertex 33.9098 28.2606 3.2
      vertex 32.4601 27.6601 1.8
      vertex 33.9098 28.2606 1.8
    endloop
  endfacet
  facet normal -0.0784635 0.996917 0
    outer loop
      vertex 38.5643 8.87312 1.8
      vertex 37 8.75 3.2
      vertex 38.5643 8.87312 3.2
    endloop
  endfacet
  facet normal -0.0784635 0.996917 0
    outer loop
      vertex 37 8.75 3.2
      vertex 38.5643 8.87312 1.8
      vertex 37 8.75 1.8
    endloop
  endfacet
  facet normal -0.852648 0.522486 0
    outer loop
      vertex 45.0902 12.8721 1.8
      vertex 45.9101 14.2101 3.2
      vertex 45.9101 14.2101 1.8
    endloop
  endfacet
  facet normal -0.852648 0.522486 0
    outer loop
      vertex 45.9101 14.2101 3.2
      vertex 45.0902 12.8721 1.8
      vertex 45.0902 12.8721 3.2
    endloop
  endfacet
  facet normal 0.0784635 0.996917 -0
    outer loop
      vertex 37 8.75 1.8
      vertex 35.4357 8.87312 3.2
      vertex 37 8.75 3.2
    endloop
  endfacet
  facet normal 0.0784635 0.996917 0
    outer loop
      vertex 35.4357 8.87312 3.2
      vertex 37 8.75 1.8
      vertex 35.4357 8.87312 1.8
    endloop
  endfacet
  facet normal -0.649452 -0.760403 0
    outer loop
      vertex 42.8779 26.8402 1.8
      vertex 44.0711 25.8211 3.2
      vertex 42.8779 26.8402 3.2
    endloop
  endfacet
  facet normal -0.649452 -0.760403 -0
    outer loop
      vertex 44.0711 25.8211 3.2
      vertex 42.8779 26.8402 1.8
      vertex 44.0711 25.8211 1.8
    endloop
  endfacet
  facet normal -0.0784508 -0.996918 0
    outer loop
      vertex 37 28.75 1.8
      vertex 38.5643 28.6269 3.2
      vertex 37 28.75 3.2
    endloop
  endfacet
  facet normal -0.0784508 -0.996918 -0
    outer loop
      vertex 38.5643 28.6269 3.2
      vertex 37 28.75 1.8
      vertex 38.5643 28.6269 1.8
    endloop
  endfacet
  facet normal -0.382691 0.923876 0
    outer loop
      vertex 41.5399 9.83994 1.8
      vertex 40.0902 9.23944 3.2
      vertex 41.5399 9.83994 3.2
    endloop
  endfacet
  facet normal -0.382691 0.923876 0
    outer loop
      vertex 40.0902 9.23944 3.2
      vertex 41.5399 9.83994 1.8
      vertex 40.0902 9.23944 1.8
    endloop
  endfacet
  facet normal 0.852648 -0.522486 0
    outer loop
      vertex 28.0899 23.2899 3.2
      vertex 28.9098 24.6279 1.8
      vertex 28.9098 24.6279 3.2
    endloop
  endfacet
  facet normal 0.852648 -0.522486 0
    outer loop
      vertex 28.9098 24.6279 1.8
      vertex 28.0899 23.2899 3.2
      vertex 28.0899 23.2899 1.8
    endloop
  endfacet
  facet normal 0.649452 -0.760403 0
    outer loop
      vertex 29.9289 25.8211 1.8
      vertex 31.1221 26.8402 3.2
      vertex 29.9289 25.8211 3.2
    endloop
  endfacet
  facet normal 0.649452 -0.760403 0
    outer loop
      vertex 31.1221 26.8402 3.2
      vertex 29.9289 25.8211 1.8
      vertex 31.1221 26.8402 1.8
    endloop
  endfacet
  facet normal 0.522467 0.852659 -0
    outer loop
      vertex 32.4601 9.83994 1.8
      vertex 31.1221 10.6598 3.2
      vertex 32.4601 9.83994 3.2
    endloop
  endfacet
  facet normal 0.522467 0.852659 0
    outer loop
      vertex 31.1221 10.6598 3.2
      vertex 32.4601 9.83994 1.8
      vertex 31.1221 10.6598 1.8
    endloop
  endfacet
  facet normal -0.522486 -0.852648 0
    outer loop
      vertex 41.5399 27.6601 1.8
      vertex 42.8779 26.8402 3.2
      vertex 41.5399 27.6601 3.2
    endloop
  endfacet
  facet normal -0.522486 -0.852648 -0
    outer loop
      vertex 42.8779 26.8402 3.2
      vertex 41.5399 27.6601 1.8
      vertex 42.8779 26.8402 1.8
    endloop
  endfacet
  facet normal 0.996918 0.0784508 0
    outer loop
      vertex 27.1231 17.1857 3.2
      vertex 27 18.75 1.8
      vertex 27 18.75 3.2
    endloop
  endfacet
  facet normal 0.996918 0.0784508 0
    outer loop
      vertex 27 18.75 1.8
      vertex 27.1231 17.1857 3.2
      vertex 27.1231 17.1857 1.8
    endloop
  endfacet
  facet normal 0.852648 0.522486 0
    outer loop
      vertex 28.9098 12.8721 3.2
      vertex 28.0899 14.2101 1.8
      vertex 28.0899 14.2101 3.2
    endloop
  endfacet
  facet normal 0.852648 0.522486 0
    outer loop
      vertex 28.0899 14.2101 1.8
      vertex 28.9098 12.8721 3.2
      vertex 28.9098 12.8721 1.8
    endloop
  endfacet
  facet normal -0.923868 -0.382711 0
    outer loop
      vertex 38.0625 19.0347 0
      vertex 37.9526 19.3 1.8
      vertex 37.9526 19.3 0
    endloop
  endfacet
  facet normal -0.923868 -0.382711 0
    outer loop
      vertex 37.9526 19.3 1.8
      vertex 38.0625 19.0347 0
      vertex 38.0625 19.0347 1.8
    endloop
  endfacet
  facet normal -0.991437 -0.13059 0
    outer loop
      vertex 38.1 18.75 0
      vertex 38.0625 19.0347 1.8
      vertex 38.0625 19.0347 0
    endloop
  endfacet
  facet normal -0.991437 -0.13059 0
    outer loop
      vertex 38.0625 19.0347 1.8
      vertex 38.1 18.75 0
      vertex 38.1 18.75 1.8
    endloop
  endfacet
  facet normal -0.793348 -0.608768 0
    outer loop
      vertex 37.9526 19.3 0
      vertex 37.7778 19.5278 1.8
      vertex 37.7778 19.5278 0
    endloop
  endfacet
  facet normal -0.793348 -0.608768 0
    outer loop
      vertex 37.7778 19.5278 1.8
      vertex 37.9526 19.3 0
      vertex 37.9526 19.3 1.8
    endloop
  endfacet
  facet normal -0.608768 -0.793348 0
    outer loop
      vertex 37.55 19.7026 0
      vertex 37.7778 19.5278 1.8
      vertex 37.55 19.7026 1.8
    endloop
  endfacet
  facet normal -0.608768 -0.793348 -0
    outer loop
      vertex 37.7778 19.5278 1.8
      vertex 37.55 19.7026 0
      vertex 37.7778 19.5278 0
    endloop
  endfacet
  facet normal 0.923868 -0.382711 0
    outer loop
      vertex 35.9375 19.0347 1.8
      vertex 36.0474 19.3 0
      vertex 36.0474 19.3 1.8
    endloop
  endfacet
  facet normal 0.923868 -0.382711 0
    outer loop
      vertex 36.0474 19.3 0
      vertex 35.9375 19.0347 1.8
      vertex 35.9375 19.0347 0
    endloop
  endfacet
  facet normal 0.793348 -0.608768 0
    outer loop
      vertex 36.0474 19.3 1.8
      vertex 36.2222 19.5278 0
      vertex 36.2222 19.5278 1.8
    endloop
  endfacet
  facet normal 0.793348 -0.608768 0
    outer loop
      vertex 36.2222 19.5278 0
      vertex 36.0474 19.3 1.8
      vertex 36.0474 19.3 0
    endloop
  endfacet
  facet normal 0.13059 0.991437 -0
    outer loop
      vertex 37 17.65 0
      vertex 36.7153 17.6875 1.8
      vertex 37 17.65 1.8
    endloop
  endfacet
  facet normal 0.13059 0.991437 0
    outer loop
      vertex 36.7153 17.6875 1.8
      vertex 37 17.65 0
      vertex 36.7153 17.6875 0
    endloop
  endfacet
  facet normal -0.793348 0.608768 0
    outer loop
      vertex 37.7778 17.9722 0
      vertex 37.9526 18.2 1.8
      vertex 37.9526 18.2 0
    endloop
  endfacet
  facet normal -0.793348 0.608768 0
    outer loop
      vertex 37.9526 18.2 1.8
      vertex 37.7778 17.9722 0
      vertex 37.7778 17.9722 1.8
    endloop
  endfacet
  facet normal 0.923868 0.382711 0
    outer loop
      vertex 36.0474 18.2 1.8
      vertex 35.9375 18.4653 0
      vertex 35.9375 18.4653 1.8
    endloop
  endfacet
  facet normal 0.923868 0.382711 0
    outer loop
      vertex 35.9375 18.4653 0
      vertex 36.0474 18.2 1.8
      vertex 36.0474 18.2 0
    endloop
  endfacet
  facet normal -0.923868 0.382711 0
    outer loop
      vertex 37.9526 18.2 0
      vertex 38.0625 18.4653 1.8
      vertex 38.0625 18.4653 0
    endloop
  endfacet
  facet normal -0.923868 0.382711 0
    outer loop
      vertex 38.0625 18.4653 1.8
      vertex 37.9526 18.2 0
      vertex 37.9526 18.2 1.8
    endloop
  endfacet
  facet normal 0.608768 -0.793348 0
    outer loop
      vertex 36.2222 19.5278 0
      vertex 36.45 19.7026 1.8
      vertex 36.2222 19.5278 1.8
    endloop
  endfacet
  facet normal 0.608768 -0.793348 0
    outer loop
      vertex 36.45 19.7026 1.8
      vertex 36.2222 19.5278 0
      vertex 36.45 19.7026 0
    endloop
  endfacet
  facet normal -0.991437 0.13059 0
    outer loop
      vertex 38.0625 18.4653 0
      vertex 38.1 18.75 1.8
      vertex 38.1 18.75 0
    endloop
  endfacet
  facet normal -0.991437 0.13059 0
    outer loop
      vertex 38.1 18.75 1.8
      vertex 38.0625 18.4653 0
      vertex 38.0625 18.4653 1.8
    endloop
  endfacet
  facet normal 0.382711 -0.923868 0
    outer loop
      vertex 36.45 19.7026 0
      vertex 36.7153 19.8125 1.8
      vertex 36.45 19.7026 1.8
    endloop
  endfacet
  facet normal 0.382711 -0.923868 0
    outer loop
      vertex 36.7153 19.8125 1.8
      vertex 36.45 19.7026 0
      vertex 36.7153 19.8125 0
    endloop
  endfacet
  facet normal -0.382711 -0.923868 0
    outer loop
      vertex 37.2847 19.8125 0
      vertex 37.55 19.7026 1.8
      vertex 37.2847 19.8125 1.8
    endloop
  endfacet
  facet normal -0.382711 -0.923868 -0
    outer loop
      vertex 37.55 19.7026 1.8
      vertex 37.2847 19.8125 0
      vertex 37.55 19.7026 0
    endloop
  endfacet
  facet normal 0.608768 0.793348 -0
    outer loop
      vertex 36.45 17.7974 0
      vertex 36.2222 17.9722 1.8
      vertex 36.45 17.7974 1.8
    endloop
  endfacet
  facet normal 0.608768 0.793348 0
    outer loop
      vertex 36.2222 17.9722 1.8
      vertex 36.45 17.7974 0
      vertex 36.2222 17.9722 0
    endloop
  endfacet
  facet normal -0.382711 0.923868 0
    outer loop
      vertex 37.55 17.7974 0
      vertex 37.2847 17.6875 1.8
      vertex 37.55 17.7974 1.8
    endloop
  endfacet
  facet normal -0.382711 0.923868 0
    outer loop
      vertex 37.2847 17.6875 1.8
      vertex 37.55 17.7974 0
      vertex 37.2847 17.6875 0
    endloop
  endfacet
  facet normal -0.608768 0.793348 0
    outer loop
      vertex 37.7778 17.9722 0
      vertex 37.55 17.7974 1.8
      vertex 37.7778 17.9722 1.8
    endloop
  endfacet
  facet normal -0.608768 0.793348 0
    outer loop
      vertex 37.55 17.7974 1.8
      vertex 37.7778 17.9722 0
      vertex 37.55 17.7974 0
    endloop
  endfacet
  facet normal -0.13059 -0.991437 0
    outer loop
      vertex 37 19.85 0
      vertex 37.2847 19.8125 1.8
      vertex 37 19.85 1.8
    endloop
  endfacet
  facet normal -0.13059 -0.991437 -0
    outer loop
      vertex 37.2847 19.8125 1.8
      vertex 37 19.85 0
      vertex 37.2847 19.8125 0
    endloop
  endfacet
  facet normal 0.991437 -0.13059 0
    outer loop
      vertex 35.9 18.75 1.8
      vertex 35.9375 19.0347 0
      vertex 35.9375 19.0347 1.8
    endloop
  endfacet
  facet normal 0.991437 -0.13059 0
    outer loop
      vertex 35.9375 19.0347 0
      vertex 35.9 18.75 1.8
      vertex 35.9 18.75 0
    endloop
  endfacet
  facet normal 0.13059 -0.991437 0
    outer loop
      vertex 36.7153 19.8125 0
      vertex 37 19.85 1.8
      vertex 36.7153 19.8125 1.8
    endloop
  endfacet
  facet normal 0.13059 -0.991437 0
    outer loop
      vertex 37 19.85 1.8
      vertex 36.7153 19.8125 0
      vertex 37 19.85 0
    endloop
  endfacet
  facet normal 0.793348 0.608768 0
    outer loop
      vertex 36.2222 17.9722 1.8
      vertex 36.0474 18.2 0
      vertex 36.0474 18.2 1.8
    endloop
  endfacet
  facet normal 0.793348 0.608768 0
    outer loop
      vertex 36.0474 18.2 0
      vertex 36.2222 17.9722 1.8
      vertex 36.2222 17.9722 0
    endloop
  endfacet
  facet normal 0.382711 0.923868 -0
    outer loop
      vertex 36.7153 17.6875 0
      vertex 36.45 17.7974 1.8
      vertex 36.7153 17.6875 1.8
    endloop
  endfacet
  facet normal 0.382711 0.923868 0
    outer loop
      vertex 36.45 17.7974 1.8
      vertex 36.7153 17.6875 0
      vertex 36.45 17.7974 0
    endloop
  endfacet
  facet normal 0.991437 0.13059 0
    outer loop
      vertex 35.9375 18.4653 1.8
      vertex 35.9 18.75 0
      vertex 35.9 18.75 1.8
    endloop
  endfacet
  facet normal 0.991437 0.13059 0
    outer loop
      vertex 35.9 18.75 0
      vertex 35.9375 18.4653 1.8
      vertex 35.9375 18.4653 0
    endloop
  endfacet
  facet normal -0.13059 0.991437 0
    outer loop
      vertex 37.2847 17.6875 0
      vertex 37 17.65 1.8
      vertex 37.2847 17.6875 1.8
    endloop
  endfacet
  facet normal -0.13059 0.991437 0
    outer loop
      vertex 37 17.65 1.8
      vertex 37.2847 17.6875 0
      vertex 37 17.65 0
    endloop
  endfacet
  facet normal 0.195032 0.980797 -0
    outer loop
      vertex 18 17.75 0
      vertex 17.6173 17.8261 3.2
      vertex 18 17.75 3.2
    endloop
  endfacet
  facet normal 0.195032 0.980797 0
    outer loop
      vertex 17.6173 17.8261 3.2
      vertex 18 17.75 0
      vertex 17.6173 17.8261 0
    endloop
  endfacet
  facet normal -0.831419 0.555646 0
    outer loop
      vertex 18.7071 18.0429 0
      vertex 18.9239 18.3673 3.2
      vertex 18.9239 18.3673 0
    endloop
  endfacet
  facet normal -0.831419 0.555646 0
    outer loop
      vertex 18.9239 18.3673 3.2
      vertex 18.7071 18.0429 0
      vertex 18.7071 18.0429 3.2
    endloop
  endfacet
  facet normal -0.831419 -0.555646 0
    outer loop
      vertex 18.9239 19.1327 0
      vertex 18.7071 19.4571 3.2
      vertex 18.7071 19.4571 0
    endloop
  endfacet
  facet normal -0.831419 -0.555646 0
    outer loop
      vertex 18.7071 19.4571 3.2
      vertex 18.9239 19.1327 0
      vertex 18.9239 19.1327 3.2
    endloop
  endfacet
  facet normal -0.980797 -0.195032 0
    outer loop
      vertex 19 18.75 0
      vertex 18.9239 19.1327 3.2
      vertex 18.9239 19.1327 0
    endloop
  endfacet
  facet normal -0.980797 -0.195032 0
    outer loop
      vertex 18.9239 19.1327 3.2
      vertex 19 18.75 0
      vertex 19 18.75 3.2
    endloop
  endfacet
  facet normal -0.555646 -0.831419 0
    outer loop
      vertex 18.3827 19.6739 0
      vertex 18.7071 19.4571 3.2
      vertex 18.3827 19.6739 3.2
    endloop
  endfacet
  facet normal -0.555646 -0.831419 -0
    outer loop
      vertex 18.7071 19.4571 3.2
      vertex 18.3827 19.6739 0
      vertex 18.7071 19.4571 0
    endloop
  endfacet
  facet normal -0.195032 -0.980797 0
    outer loop
      vertex 18 19.75 0
      vertex 18.3827 19.6739 3.2
      vertex 18 19.75 3.2
    endloop
  endfacet
  facet normal -0.195032 -0.980797 -0
    outer loop
      vertex 18.3827 19.6739 3.2
      vertex 18 19.75 0
      vertex 18.3827 19.6739 0
    endloop
  endfacet
  facet normal 0.980797 0.195032 0
    outer loop
      vertex 17.0761 18.3673 3.2
      vertex 17 18.75 0
      vertex 17 18.75 3.2
    endloop
  endfacet
  facet normal 0.980797 0.195032 0
    outer loop
      vertex 17 18.75 0
      vertex 17.0761 18.3673 3.2
      vertex 17.0761 18.3673 0
    endloop
  endfacet
  facet normal -0.555646 0.831419 0
    outer loop
      vertex 18.7071 18.0429 0
      vertex 18.3827 17.8261 3.2
      vertex 18.7071 18.0429 3.2
    endloop
  endfacet
  facet normal -0.555646 0.831419 0
    outer loop
      vertex 18.3827 17.8261 3.2
      vertex 18.7071 18.0429 0
      vertex 18.3827 17.8261 0
    endloop
  endfacet
  facet normal 0.831419 -0.555646 0
    outer loop
      vertex 17.0761 19.1327 3.2
      vertex 17.2929 19.4571 0
      vertex 17.2929 19.4571 3.2
    endloop
  endfacet
  facet normal 0.831419 -0.555646 0
    outer loop
      vertex 17.2929 19.4571 0
      vertex 17.0761 19.1327 3.2
      vertex 17.0761 19.1327 0
    endloop
  endfacet
  facet normal -0.195032 0.980797 0
    outer loop
      vertex 18.3827 17.8261 0
      vertex 18 17.75 3.2
      vertex 18.3827 17.8261 3.2
    endloop
  endfacet
  facet normal -0.195032 0.980797 0
    outer loop
      vertex 18 17.75 3.2
      vertex 18.3827 17.8261 0
      vertex 18 17.75 0
    endloop
  endfacet
  facet normal 0.195032 -0.980797 0
    outer loop
      vertex 17.6173 19.6739 0
      vertex 18 19.75 3.2
      vertex 17.6173 19.6739 3.2
    endloop
  endfacet
  facet normal 0.195032 -0.980797 0
    outer loop
      vertex 18 19.75 3.2
      vertex 17.6173 19.6739 0
      vertex 18 19.75 0
    endloop
  endfacet
  facet normal 0.555646 -0.831419 0
    outer loop
      vertex 17.2929 19.4571 0
      vertex 17.6173 19.6739 3.2
      vertex 17.2929 19.4571 3.2
    endloop
  endfacet
  facet normal 0.555646 -0.831419 0
    outer loop
      vertex 17.6173 19.6739 3.2
      vertex 17.2929 19.4571 0
      vertex 17.6173 19.6739 0
    endloop
  endfacet
  facet normal -0.980797 0.195032 0
    outer loop
      vertex 18.9239 18.3673 0
      vertex 19 18.75 3.2
      vertex 19 18.75 0
    endloop
  endfacet
  facet normal -0.980797 0.195032 0
    outer loop
      vertex 19 18.75 3.2
      vertex 18.9239 18.3673 0
      vertex 18.9239 18.3673 3.2
    endloop
  endfacet
  facet normal 0.980797 -0.195032 0
    outer loop
      vertex 17 18.75 3.2
      vertex 17.0761 19.1327 0
      vertex 17.0761 19.1327 3.2
    endloop
  endfacet
  facet normal 0.980797 -0.195032 0
    outer loop
      vertex 17.0761 19.1327 0
      vertex 17 18.75 3.2
      vertex 17 18.75 0
    endloop
  endfacet
  facet normal 0.831419 0.555646 0
    outer loop
      vertex 17.2929 18.0429 3.2
      vertex 17.0761 18.3673 0
      vertex 17.0761 18.3673 3.2
    endloop
  endfacet
  facet normal 0.831419 0.555646 0
    outer loop
      vertex 17.0761 18.3673 0
      vertex 17.2929 18.0429 3.2
      vertex 17.2929 18.0429 0
    endloop
  endfacet
  facet normal 0.555646 0.831419 -0
    outer loop
      vertex 17.6173 17.8261 0
      vertex 17.2929 18.0429 3.2
      vertex 17.6173 17.8261 3.2
    endloop
  endfacet
  facet normal 0.555646 0.831419 0
    outer loop
      vertex 17.2929 18.0429 3.2
      vertex 17.6173 17.8261 0
      vertex 17.2929 18.0429 0
    endloop
  endfacet
  facet normal 0.0653621 -0.997862 0
    outer loop
      vertex 16.2412 22.314 0
      vertex 16.6305 22.3395 3.2
      vertex 16.2412 22.314 3.2
    endloop
  endfacet
  facet normal 0.0653621 -0.997862 0
    outer loop
      vertex 16.6305 22.3395 3.2
      vertex 16.2412 22.314 0
      vertex 16.6305 22.3395 0
    endloop
  endfacet
  facet normal -0.321374 -0.946952 0
    outer loop
      vertex 16.6305 22.3395 0
      vertex 17 22.2141 3.2
      vertex 16.6305 22.3395 3.2
    endloop
  endfacet
  facet normal -0.321374 -0.946952 -0
    outer loop
      vertex 17 22.2141 3.2
      vertex 16.6305 22.3395 0
      vertex 17 22.2141 0
    endloop
  endfacet
  facet normal 0.442287 -0.896874 0
    outer loop
      vertex 15.8912 22.1414 0
      vertex 16.2412 22.314 3.2
      vertex 15.8912 22.1414 3.2
    endloop
  endfacet
  facet normal 0.442287 -0.896874 0
    outer loop
      vertex 16.2412 22.314 3.2
      vertex 15.8912 22.1414 0
      vertex 16.2412 22.314 0
    endloop
  endfacet
  facet normal 0.751862 -0.659321 0
    outer loop
      vertex 15.634 21.8481 3.2
      vertex 15.8912 22.1414 0
      vertex 15.8912 22.1414 3.2
    endloop
  endfacet
  facet normal 0.751862 -0.659321 0
    outer loop
      vertex 15.8912 22.1414 0
      vertex 15.634 21.8481 3.2
      vertex 15.634 21.8481 0
    endloop
  endfacet
  facet normal -0.659339 -0.751846 0
    outer loop
      vertex 17 22.2141 0
      vertex 17.2934 21.9568 3.2
      vertex 17 22.2141 3.2
    endloop
  endfacet
  facet normal -0.659339 -0.751846 -0
    outer loop
      vertex 17.2934 21.9568 3.2
      vertex 17 22.2141 0
      vertex 17.2934 21.9568 0
    endloop
  endfacet
  facet normal 0.997862 0.0653621 0
    outer loop
      vertex 15.5341 21.0893 3.2
      vertex 15.5086 21.4786 0
      vertex 15.5086 21.4786 3.2
    endloop
  endfacet
  facet normal 0.997862 0.0653621 0
    outer loop
      vertex 15.5086 21.4786 0
      vertex 15.5341 21.0893 3.2
      vertex 15.5341 21.0893 0
    endloop
  endfacet
  facet normal 0.659339 0.751846 -0
    outer loop
      vertex 16 20.482 0
      vertex 15.7066 20.7393 3.2
      vertex 16 20.482 3.2
    endloop
  endfacet
  facet normal 0.659339 0.751846 0
    outer loop
      vertex 15.7066 20.7393 3.2
      vertex 16 20.482 0
      vertex 15.7066 20.7393 0
    endloop
  endfacet
  facet normal 0.896975 0.442081 0
    outer loop
      vertex 15.7066 20.7393 3.2
      vertex 15.5341 21.0893 0
      vertex 15.5341 21.0893 3.2
    endloop
  endfacet
  facet normal 0.896975 0.442081 0
    outer loop
      vertex 15.5341 21.0893 0
      vertex 15.7066 20.7393 3.2
      vertex 15.7066 20.7393 0
    endloop
  endfacet
  facet normal -0.896925 -0.442182 0
    outer loop
      vertex 17.4659 21.6069 0
      vertex 17.2934 21.9568 3.2
      vertex 17.2934 21.9568 0
    endloop
  endfacet
  facet normal -0.896925 -0.442182 0
    outer loop
      vertex 17.2934 21.9568 3.2
      vertex 17.4659 21.6069 0
      vertex 17.4659 21.6069 3.2
    endloop
  endfacet
  facet normal -0.946926 0.321452 0
    outer loop
      vertex 17.366 20.8481 0
      vertex 17.4914 21.2175 3.2
      vertex 17.4914 21.2175 0
    endloop
  endfacet
  facet normal -0.946926 0.321452 0
    outer loop
      vertex 17.4914 21.2175 3.2
      vertex 17.366 20.8481 0
      vertex 17.366 20.8481 3.2
    endloop
  endfacet
  facet normal 0.946952 -0.321374 0
    outer loop
      vertex 15.5086 21.4786 3.2
      vertex 15.634 21.8481 0
      vertex 15.634 21.8481 3.2
    endloop
  endfacet
  facet normal 0.946952 -0.321374 0
    outer loop
      vertex 15.634 21.8481 0
      vertex 15.5086 21.4786 3.2
      vertex 15.5086 21.4786 0
    endloop
  endfacet
  facet normal -0.751973 0.659194 0
    outer loop
      vertex 17.1088 20.5547 0
      vertex 17.366 20.8481 3.2
      vertex 17.366 20.8481 0
    endloop
  endfacet
  facet normal -0.751973 0.659194 0
    outer loop
      vertex 17.366 20.8481 3.2
      vertex 17.1088 20.5547 0
      vertex 17.1088 20.5547 3.2
    endloop
  endfacet
  facet normal -0.442287 0.896874 0
    outer loop
      vertex 17.1088 20.5547 0
      vertex 16.7588 20.3821 3.2
      vertex 17.1088 20.5547 3.2
    endloop
  endfacet
  facet normal -0.442287 0.896874 0
    outer loop
      vertex 16.7588 20.3821 3.2
      vertex 17.1088 20.5547 0
      vertex 16.7588 20.3821 0
    endloop
  endfacet
  facet normal -0.997863 -0.0653454 0
    outer loop
      vertex 17.4914 21.2175 0
      vertex 17.4659 21.6069 3.2
      vertex 17.4659 21.6069 0
    endloop
  endfacet
  facet normal -0.997863 -0.0653454 0
    outer loop
      vertex 17.4659 21.6069 3.2
      vertex 17.4914 21.2175 0
      vertex 17.4914 21.2175 3.2
    endloop
  endfacet
  facet normal 0.321374 0.946952 -0
    outer loop
      vertex 16.3695 20.3566 0
      vertex 16 20.482 3.2
      vertex 16.3695 20.3566 3.2
    endloop
  endfacet
  facet normal 0.321374 0.946952 0
    outer loop
      vertex 16 20.482 3.2
      vertex 16.3695 20.3566 0
      vertex 16 20.482 0
    endloop
  endfacet
  facet normal -0.0653621 0.997862 0
    outer loop
      vertex 16.7588 20.3821 0
      vertex 16.3695 20.3566 3.2
      vertex 16.7588 20.3821 3.2
    endloop
  endfacet
  facet normal -0.0653621 0.997862 0
    outer loop
      vertex 16.3695 20.3566 3.2
      vertex 16.7588 20.3821 0
      vertex 16.3695 20.3566 0
    endloop
  endfacet
  facet normal 0.896925 -0.442182 0
    outer loop
      vertex 12.5341 21.6069 3.2
      vertex 12.7066 21.9568 0
      vertex 12.7066 21.9568 3.2
    endloop
  endfacet
  facet normal 0.896925 -0.442182 0
    outer loop
      vertex 12.7066 21.9568 0
      vertex 12.5341 21.6069 3.2
      vertex 12.5341 21.6069 0
    endloop
  endfacet
  facet normal 0.659339 -0.751846 0
    outer loop
      vertex 12.7066 21.9568 0
      vertex 13 22.2141 3.2
      vertex 12.7066 21.9568 3.2
    endloop
  endfacet
  facet normal 0.659339 -0.751846 0
    outer loop
      vertex 13 22.2141 3.2
      vertex 12.7066 21.9568 0
      vertex 13 22.2141 0
    endloop
  endfacet
  facet normal 0.997863 -0.0653454 0
    outer loop
      vertex 12.5086 21.2175 3.2
      vertex 12.5341 21.6069 0
      vertex 12.5341 21.6069 3.2
    endloop
  endfacet
  facet normal 0.997863 -0.0653454 0
    outer loop
      vertex 12.5341 21.6069 0
      vertex 12.5086 21.2175 3.2
      vertex 12.5086 21.2175 0
    endloop
  endfacet
  facet normal -0.442287 -0.896874 0
    outer loop
      vertex 13.7588 22.314 0
      vertex 14.1088 22.1414 3.2
      vertex 13.7588 22.314 3.2
    endloop
  endfacet
  facet normal -0.442287 -0.896874 -0
    outer loop
      vertex 14.1088 22.1414 3.2
      vertex 13.7588 22.314 0
      vertex 14.1088 22.1414 0
    endloop
  endfacet
  facet normal 0.0653621 0.997862 -0
    outer loop
      vertex 13.6305 20.3566 0
      vertex 13.2412 20.3821 3.2
      vertex 13.6305 20.3566 3.2
    endloop
  endfacet
  facet normal 0.0653621 0.997862 0
    outer loop
      vertex 13.2412 20.3821 3.2
      vertex 13.6305 20.3566 0
      vertex 13.2412 20.3821 0
    endloop
  endfacet
  facet normal 0.321374 -0.946952 0
    outer loop
      vertex 13 22.2141 0
      vertex 13.3695 22.3395 3.2
      vertex 13 22.2141 3.2
    endloop
  endfacet
  facet normal 0.321374 -0.946952 0
    outer loop
      vertex 13.3695 22.3395 3.2
      vertex 13 22.2141 0
      vertex 13.3695 22.3395 0
    endloop
  endfacet
  facet normal 0.442287 0.896874 -0
    outer loop
      vertex 13.2412 20.3821 0
      vertex 12.8912 20.5547 3.2
      vertex 13.2412 20.3821 3.2
    endloop
  endfacet
  facet normal 0.442287 0.896874 0
    outer loop
      vertex 12.8912 20.5547 3.2
      vertex 13.2412 20.3821 0
      vertex 12.8912 20.5547 0
    endloop
  endfacet
  facet normal -0.321374 0.946952 0
    outer loop
      vertex 14 20.482 0
      vertex 13.6305 20.3566 3.2
      vertex 14 20.482 3.2
    endloop
  endfacet
  facet normal -0.321374 0.946952 0
    outer loop
      vertex 13.6305 20.3566 3.2
      vertex 14 20.482 0
      vertex 13.6305 20.3566 0
    endloop
  endfacet
  facet normal -0.0653621 -0.997862 0
    outer loop
      vertex 13.3695 22.3395 0
      vertex 13.7588 22.314 3.2
      vertex 13.3695 22.3395 3.2
    endloop
  endfacet
  facet normal -0.0653621 -0.997862 -0
    outer loop
      vertex 13.7588 22.314 3.2
      vertex 13.3695 22.3395 0
      vertex 13.7588 22.314 0
    endloop
  endfacet
  facet normal -0.896975 0.442081 0
    outer loop
      vertex 14.2934 20.7393 0
      vertex 14.4659 21.0893 3.2
      vertex 14.4659 21.0893 0
    endloop
  endfacet
  facet normal -0.896975 0.442081 0
    outer loop
      vertex 14.4659 21.0893 3.2
      vertex 14.2934 20.7393 0
      vertex 14.2934 20.7393 3.2
    endloop
  endfacet
  facet normal -0.659339 0.751846 0
    outer loop
      vertex 14.2934 20.7393 0
      vertex 14 20.482 3.2
      vertex 14.2934 20.7393 3.2
    endloop
  endfacet
  facet normal -0.659339 0.751846 0
    outer loop
      vertex 14 20.482 3.2
      vertex 14.2934 20.7393 0
      vertex 14 20.482 0
    endloop
  endfacet
  facet normal 0.751973 0.659194 0
    outer loop
      vertex 12.8912 20.5547 3.2
      vertex 12.634 20.8481 0
      vertex 12.634 20.8481 3.2
    endloop
  endfacet
  facet normal 0.751973 0.659194 0
    outer loop
      vertex 12.634 20.8481 0
      vertex 12.8912 20.5547 3.2
      vertex 12.8912 20.5547 0
    endloop
  endfacet
  facet normal 0.946926 0.321452 0
    outer loop
      vertex 12.634 20.8481 3.2
      vertex 12.5086 21.2175 0
      vertex 12.5086 21.2175 3.2
    endloop
  endfacet
  facet normal 0.946926 0.321452 0
    outer loop
      vertex 12.5086 21.2175 0
      vertex 12.634 20.8481 3.2
      vertex 12.634 20.8481 0
    endloop
  endfacet
  facet normal -0.751862 -0.659321 0
    outer loop
      vertex 14.366 21.8481 0
      vertex 14.1088 22.1414 3.2
      vertex 14.1088 22.1414 0
    endloop
  endfacet
  facet normal -0.751862 -0.659321 0
    outer loop
      vertex 14.1088 22.1414 3.2
      vertex 14.366 21.8481 0
      vertex 14.366 21.8481 3.2
    endloop
  endfacet
  facet normal -0.946952 -0.321374 0
    outer loop
      vertex 14.4914 21.4786 0
      vertex 14.366 21.8481 3.2
      vertex 14.366 21.8481 0
    endloop
  endfacet
  facet normal -0.946952 -0.321374 0
    outer loop
      vertex 14.366 21.8481 3.2
      vertex 14.4914 21.4786 0
      vertex 14.4914 21.4786 3.2
    endloop
  endfacet
  facet normal -0.997862 0.0653621 0
    outer loop
      vertex 14.4659 21.0893 0
      vertex 14.4914 21.4786 3.2
      vertex 14.4914 21.4786 0
    endloop
  endfacet
  facet normal -0.997862 0.0653621 0
    outer loop
      vertex 14.4914 21.4786 3.2
      vertex 14.4659 21.0893 0
      vertex 14.4659 21.0893 3.2
    endloop
  endfacet
  facet normal -0.195032 -0.980797 0
    outer loop
      vertex 12 19.75 0
      vertex 12.3827 19.6739 3.2
      vertex 12 19.75 3.2
    endloop
  endfacet
  facet normal -0.195032 -0.980797 -0
    outer loop
      vertex 12.3827 19.6739 3.2
      vertex 12 19.75 0
      vertex 12.3827 19.6739 0
    endloop
  endfacet
  facet normal 0.831419 0.555646 0
    outer loop
      vertex 11.2929 18.0429 3.2
      vertex 11.0761 18.3673 0
      vertex 11.0761 18.3673 3.2
    endloop
  endfacet
  facet normal 0.831419 0.555646 0
    outer loop
      vertex 11.0761 18.3673 0
      vertex 11.2929 18.0429 3.2
      vertex 11.2929 18.0429 0
    endloop
  endfacet
  facet normal 0.555646 0.831419 -0
    outer loop
      vertex 11.6173 17.8261 0
      vertex 11.2929 18.0429 3.2
      vertex 11.6173 17.8261 3.2
    endloop
  endfacet
  facet normal 0.555646 0.831419 0
    outer loop
      vertex 11.2929 18.0429 3.2
      vertex 11.6173 17.8261 0
      vertex 11.2929 18.0429 0
    endloop
  endfacet
  facet normal -0.980797 -0.195032 0
    outer loop
      vertex 13 18.75 0
      vertex 12.9239 19.1327 3.2
      vertex 12.9239 19.1327 0
    endloop
  endfacet
  facet normal -0.980797 -0.195032 0
    outer loop
      vertex 12.9239 19.1327 3.2
      vertex 13 18.75 0
      vertex 13 18.75 3.2
    endloop
  endfacet
  facet normal 0.555646 -0.831419 0
    outer loop
      vertex 11.2929 19.4571 0
      vertex 11.6173 19.6739 3.2
      vertex 11.2929 19.4571 3.2
    endloop
  endfacet
  facet normal 0.555646 -0.831419 0
    outer loop
      vertex 11.6173 19.6739 3.2
      vertex 11.2929 19.4571 0
      vertex 11.6173 19.6739 0
    endloop
  endfacet
  facet normal 0.980797 0.195032 0
    outer loop
      vertex 11.0761 18.3673 3.2
      vertex 11 18.75 0
      vertex 11 18.75 3.2
    endloop
  endfacet
  facet normal 0.980797 0.195032 0
    outer loop
      vertex 11 18.75 0
      vertex 11.0761 18.3673 3.2
      vertex 11.0761 18.3673 0
    endloop
  endfacet
  facet normal 0.195032 -0.980797 0
    outer loop
      vertex 11.6173 19.6739 0
      vertex 12 19.75 3.2
      vertex 11.6173 19.6739 3.2
    endloop
  endfacet
  facet normal 0.195032 -0.980797 0
    outer loop
      vertex 12 19.75 3.2
      vertex 11.6173 19.6739 0
      vertex 12 19.75 0
    endloop
  endfacet
  facet normal -0.831419 0.555646 0
    outer loop
      vertex 12.7071 18.0429 0
      vertex 12.9239 18.3673 3.2
      vertex 12.9239 18.3673 0
    endloop
  endfacet
  facet normal -0.831419 0.555646 0
    outer loop
      vertex 12.9239 18.3673 3.2
      vertex 12.7071 18.0429 0
      vertex 12.7071 18.0429 3.2
    endloop
  endfacet
  facet normal -0.555646 0.831419 0
    outer loop
      vertex 12.7071 18.0429 0
      vertex 12.3827 17.8261 3.2
      vertex 12.7071 18.0429 3.2
    endloop
  endfacet
  facet normal -0.555646 0.831419 0
    outer loop
      vertex 12.3827 17.8261 3.2
      vertex 12.7071 18.0429 0
      vertex 12.3827 17.8261 0
    endloop
  endfacet
  facet normal 0.980797 -0.195032 0
    outer loop
      vertex 11 18.75 3.2
      vertex 11.0761 19.1327 0
      vertex 11.0761 19.1327 3.2
    endloop
  endfacet
  facet normal 0.980797 -0.195032 0
    outer loop
      vertex 11.0761 19.1327 0
      vertex 11 18.75 3.2
      vertex 11 18.75 0
    endloop
  endfacet
  facet normal 0.831419 -0.555646 0
    outer loop
      vertex 11.0761 19.1327 3.2
      vertex 11.2929 19.4571 0
      vertex 11.2929 19.4571 3.2
    endloop
  endfacet
  facet normal 0.831419 -0.555646 0
    outer loop
      vertex 11.2929 19.4571 0
      vertex 11.0761 19.1327 3.2
      vertex 11.0761 19.1327 0
    endloop
  endfacet
  facet normal -0.980797 0.195032 0
    outer loop
      vertex 12.9239 18.3673 0
      vertex 13 18.75 3.2
      vertex 13 18.75 0
    endloop
  endfacet
  facet normal -0.980797 0.195032 0
    outer loop
      vertex 13 18.75 3.2
      vertex 12.9239 18.3673 0
      vertex 12.9239 18.3673 3.2
    endloop
  endfacet
  facet normal -0.831419 -0.555646 0
    outer loop
      vertex 12.9239 19.1327 0
      vertex 12.7071 19.4571 3.2
      vertex 12.7071 19.4571 0
    endloop
  endfacet
  facet normal -0.831419 -0.555646 0
    outer loop
      vertex 12.7071 19.4571 3.2
      vertex 12.9239 19.1327 0
      vertex 12.9239 19.1327 3.2
    endloop
  endfacet
  facet normal -0.195032 0.980797 0
    outer loop
      vertex 12.3827 17.8261 0
      vertex 12 17.75 3.2
      vertex 12.3827 17.8261 3.2
    endloop
  endfacet
  facet normal -0.195032 0.980797 0
    outer loop
      vertex 12 17.75 3.2
      vertex 12.3827 17.8261 0
      vertex 12 17.75 0
    endloop
  endfacet
  facet normal 0.195032 0.980797 -0
    outer loop
      vertex 12 17.75 0
      vertex 11.6173 17.8261 3.2
      vertex 12 17.75 3.2
    endloop
  endfacet
  facet normal 0.195032 0.980797 0
    outer loop
      vertex 11.6173 17.8261 3.2
      vertex 12 17.75 0
      vertex 11.6173 17.8261 0
    endloop
  endfacet
  facet normal -0.555646 -0.831419 0
    outer loop
      vertex 12.3827 19.6739 0
      vertex 12.7071 19.4571 3.2
      vertex 12.3827 19.6739 3.2
    endloop
  endfacet
  facet normal -0.555646 -0.831419 -0
    outer loop
      vertex 12.7071 19.4571 3.2
      vertex 12.3827 19.6739 0
      vertex 12.7071 19.4571 0
    endloop
  endfacet
  facet normal -0.946952 0.321374 0
    outer loop
      vertex 14.366 15.6519 0
      vertex 14.4914 16.0214 3.2
      vertex 14.4914 16.0214 0
    endloop
  endfacet
  facet normal -0.946952 0.321374 0
    outer loop
      vertex 14.4914 16.0214 3.2
      vertex 14.366 15.6519 0
      vertex 14.366 15.6519 3.2
    endloop
  endfacet
  facet normal -0.442287 0.896874 0
    outer loop
      vertex 14.1088 15.3586 0
      vertex 13.7588 15.186 3.2
      vertex 14.1088 15.3586 3.2
    endloop
  endfacet
  facet normal -0.442287 0.896874 0
    outer loop
      vertex 13.7588 15.186 3.2
      vertex 14.1088 15.3586 0
      vertex 13.7588 15.186 0
    endloop
  endfacet
  facet normal -0.751862 0.659321 0
    outer loop
      vertex 14.1088 15.3586 0
      vertex 14.366 15.6519 3.2
      vertex 14.366 15.6519 0
    endloop
  endfacet
  facet normal -0.751862 0.659321 0
    outer loop
      vertex 14.366 15.6519 3.2
      vertex 14.1088 15.3586 0
      vertex 14.1088 15.3586 3.2
    endloop
  endfacet
  facet normal -0.659339 -0.751846 0
    outer loop
      vertex 14 17.018 0
      vertex 14.2934 16.7607 3.2
      vertex 14 17.018 3.2
    endloop
  endfacet
  facet normal -0.659339 -0.751846 -0
    outer loop
      vertex 14.2934 16.7607 3.2
      vertex 14 17.018 0
      vertex 14.2934 16.7607 0
    endloop
  endfacet
  facet normal 0.659339 0.751846 -0
    outer loop
      vertex 13 15.2859 0
      vertex 12.7066 15.5432 3.2
      vertex 13 15.2859 3.2
    endloop
  endfacet
  facet normal 0.659339 0.751846 0
    outer loop
      vertex 12.7066 15.5432 3.2
      vertex 13 15.2859 0
      vertex 12.7066 15.5432 0
    endloop
  endfacet
  facet normal 0.321374 0.946952 -0
    outer loop
      vertex 13.3695 15.1605 0
      vertex 13 15.2859 3.2
      vertex 13.3695 15.1605 3.2
    endloop
  endfacet
  facet normal 0.321374 0.946952 0
    outer loop
      vertex 13 15.2859 3.2
      vertex 13.3695 15.1605 0
      vertex 13 15.2859 0
    endloop
  endfacet
  facet normal -0.997862 -0.0653621 0
    outer loop
      vertex 14.4914 16.0214 0
      vertex 14.4659 16.4107 3.2
      vertex 14.4659 16.4107 0
    endloop
  endfacet
  facet normal -0.997862 -0.0653621 0
    outer loop
      vertex 14.4659 16.4107 3.2
      vertex 14.4914 16.0214 0
      vertex 14.4914 16.0214 3.2
    endloop
  endfacet
  facet normal 0.896925 0.442182 0
    outer loop
      vertex 12.7066 15.5432 3.2
      vertex 12.5341 15.8931 0
      vertex 12.5341 15.8931 3.2
    endloop
  endfacet
  facet normal 0.896925 0.442182 0
    outer loop
      vertex 12.5341 15.8931 0
      vertex 12.7066 15.5432 3.2
      vertex 12.7066 15.5432 0
    endloop
  endfacet
  facet normal 0.946926 -0.321452 0
    outer loop
      vertex 12.5086 16.2825 3.2
      vertex 12.634 16.6519 0
      vertex 12.634 16.6519 3.2
    endloop
  endfacet
  facet normal 0.946926 -0.321452 0
    outer loop
      vertex 12.634 16.6519 0
      vertex 12.5086 16.2825 3.2
      vertex 12.5086 16.2825 0
    endloop
  endfacet
  facet normal -0.896975 -0.442081 0
    outer loop
      vertex 14.4659 16.4107 0
      vertex 14.2934 16.7607 3.2
      vertex 14.2934 16.7607 0
    endloop
  endfacet
  facet normal -0.896975 -0.442081 0
    outer loop
      vertex 14.2934 16.7607 3.2
      vertex 14.4659 16.4107 0
      vertex 14.4659 16.4107 3.2
    endloop
  endfacet
  facet normal -0.0653621 0.997862 0
    outer loop
      vertex 13.7588 15.186 0
      vertex 13.3695 15.1605 3.2
      vertex 13.7588 15.186 3.2
    endloop
  endfacet
  facet normal -0.0653621 0.997862 0
    outer loop
      vertex 13.3695 15.1605 3.2
      vertex 13.7588 15.186 0
      vertex 13.3695 15.1605 0
    endloop
  endfacet
  facet normal 0.751973 -0.659194 0
    outer loop
      vertex 12.634 16.6519 3.2
      vertex 12.8912 16.9453 0
      vertex 12.8912 16.9453 3.2
    endloop
  endfacet
  facet normal 0.751973 -0.659194 0
    outer loop
      vertex 12.8912 16.9453 0
      vertex 12.634 16.6519 3.2
      vertex 12.634 16.6519 0
    endloop
  endfacet
  facet normal 0.442287 -0.896874 0
    outer loop
      vertex 12.8912 16.9453 0
      vertex 13.2412 17.1179 3.2
      vertex 12.8912 16.9453 3.2
    endloop
  endfacet
  facet normal 0.442287 -0.896874 0
    outer loop
      vertex 13.2412 17.1179 3.2
      vertex 12.8912 16.9453 0
      vertex 13.2412 17.1179 0
    endloop
  endfacet
  facet normal 0.997863 0.0653454 0
    outer loop
      vertex 12.5341 15.8931 3.2
      vertex 12.5086 16.2825 0
      vertex 12.5086 16.2825 3.2
    endloop
  endfacet
  facet normal 0.997863 0.0653454 0
    outer loop
      vertex 12.5086 16.2825 0
      vertex 12.5341 15.8931 3.2
      vertex 12.5341 15.8931 0
    endloop
  endfacet
  facet normal -0.321374 -0.946952 0
    outer loop
      vertex 13.6305 17.1434 0
      vertex 14 17.018 3.2
      vertex 13.6305 17.1434 3.2
    endloop
  endfacet
  facet normal -0.321374 -0.946952 -0
    outer loop
      vertex 14 17.018 3.2
      vertex 13.6305 17.1434 0
      vertex 14 17.018 0
    endloop
  endfacet
  facet normal 0.0653621 -0.997862 0
    outer loop
      vertex 13.2412 17.1179 0
      vertex 13.6305 17.1434 3.2
      vertex 13.2412 17.1179 3.2
    endloop
  endfacet
  facet normal 0.0653621 -0.997862 0
    outer loop
      vertex 13.6305 17.1434 3.2
      vertex 13.2412 17.1179 0
      vertex 13.6305 17.1434 0
    endloop
  endfacet
  facet normal -0.896925 0.442182 0
    outer loop
      vertex 17.2934 15.5432 0
      vertex 17.4659 15.8931 3.2
      vertex 17.4659 15.8931 0
    endloop
  endfacet
  facet normal -0.896925 0.442182 0
    outer loop
      vertex 17.4659 15.8931 3.2
      vertex 17.2934 15.5432 0
      vertex 17.2934 15.5432 3.2
    endloop
  endfacet
  facet normal -0.997863 0.0653454 0
    outer loop
      vertex 17.4659 15.8931 0
      vertex 17.4914 16.2825 3.2
      vertex 17.4914 16.2825 0
    endloop
  endfacet
  facet normal -0.997863 0.0653454 0
    outer loop
      vertex 17.4914 16.2825 3.2
      vertex 17.4659 15.8931 0
      vertex 17.4659 15.8931 3.2
    endloop
  endfacet
  facet normal 0.442287 0.896874 -0
    outer loop
      vertex 16.2412 15.186 0
      vertex 15.8912 15.3586 3.2
      vertex 16.2412 15.186 3.2
    endloop
  endfacet
  facet normal 0.442287 0.896874 0
    outer loop
      vertex 15.8912 15.3586 3.2
      vertex 16.2412 15.186 0
      vertex 15.8912 15.3586 0
    endloop
  endfacet
  facet normal -0.0653621 -0.997862 0
    outer loop
      vertex 16.3695 17.1434 0
      vertex 16.7588 17.1179 3.2
      vertex 16.3695 17.1434 3.2
    endloop
  endfacet
  facet normal -0.0653621 -0.997862 -0
    outer loop
      vertex 16.7588 17.1179 3.2
      vertex 16.3695 17.1434 0
      vertex 16.7588 17.1179 0
    endloop
  endfacet
  facet normal -0.659339 0.751846 0
    outer loop
      vertex 17.2934 15.5432 0
      vertex 17 15.2859 3.2
      vertex 17.2934 15.5432 3.2
    endloop
  endfacet
  facet normal -0.659339 0.751846 0
    outer loop
      vertex 17 15.2859 3.2
      vertex 17.2934 15.5432 0
      vertex 17 15.2859 0
    endloop
  endfacet
  facet normal 0.751862 0.659321 0
    outer loop
      vertex 15.8912 15.3586 3.2
      vertex 15.634 15.6519 0
      vertex 15.634 15.6519 3.2
    endloop
  endfacet
  facet normal 0.751862 0.659321 0
    outer loop
      vertex 15.634 15.6519 0
      vertex 15.8912 15.3586 3.2
      vertex 15.8912 15.3586 0
    endloop
  endfacet
  facet normal -0.321374 0.946952 0
    outer loop
      vertex 17 15.2859 0
      vertex 16.6305 15.1605 3.2
      vertex 17 15.2859 3.2
    endloop
  endfacet
  facet normal -0.321374 0.946952 0
    outer loop
      vertex 16.6305 15.1605 3.2
      vertex 17 15.2859 0
      vertex 16.6305 15.1605 0
    endloop
  endfacet
  facet normal -0.751973 -0.659194 0
    outer loop
      vertex 17.366 16.6519 0
      vertex 17.1088 16.9453 3.2
      vertex 17.1088 16.9453 0
    endloop
  endfacet
  facet normal -0.751973 -0.659194 0
    outer loop
      vertex 17.1088 16.9453 3.2
      vertex 17.366 16.6519 0
      vertex 17.366 16.6519 3.2
    endloop
  endfacet
  facet normal 0.946952 0.321374 0
    outer loop
      vertex 15.634 15.6519 3.2
      vertex 15.5086 16.0214 0
      vertex 15.5086 16.0214 3.2
    endloop
  endfacet
  facet normal 0.946952 0.321374 0
    outer loop
      vertex 15.5086 16.0214 0
      vertex 15.634 15.6519 3.2
      vertex 15.634 15.6519 0
    endloop
  endfacet
  facet normal -0.442287 -0.896874 0
    outer loop
      vertex 16.7588 17.1179 0
      vertex 17.1088 16.9453 3.2
      vertex 16.7588 17.1179 3.2
    endloop
  endfacet
  facet normal -0.442287 -0.896874 -0
    outer loop
      vertex 17.1088 16.9453 3.2
      vertex 16.7588 17.1179 0
      vertex 17.1088 16.9453 0
    endloop
  endfacet
  facet normal 0.0653621 0.997862 -0
    outer loop
      vertex 16.6305 15.1605 0
      vertex 16.2412 15.186 3.2
      vertex 16.6305 15.1605 3.2
    endloop
  endfacet
  facet normal 0.0653621 0.997862 0
    outer loop
      vertex 16.2412 15.186 3.2
      vertex 16.6305 15.1605 0
      vertex 16.2412 15.186 0
    endloop
  endfacet
  facet normal 0.896975 -0.442081 0
    outer loop
      vertex 15.5341 16.4107 3.2
      vertex 15.7066 16.7607 0
      vertex 15.7066 16.7607 3.2
    endloop
  endfacet
  facet normal 0.896975 -0.442081 0
    outer loop
      vertex 15.7066 16.7607 0
      vertex 15.5341 16.4107 3.2
      vertex 15.5341 16.4107 0
    endloop
  endfacet
  facet normal 0.659339 -0.751846 0
    outer loop
      vertex 15.7066 16.7607 0
      vertex 16 17.018 3.2
      vertex 15.7066 16.7607 3.2
    endloop
  endfacet
  facet normal 0.659339 -0.751846 0
    outer loop
      vertex 16 17.018 3.2
      vertex 15.7066 16.7607 0
      vertex 16 17.018 0
    endloop
  endfacet
  facet normal -0.946926 -0.321452 0
    outer loop
      vertex 17.4914 16.2825 0
      vertex 17.366 16.6519 3.2
      vertex 17.366 16.6519 0
    endloop
  endfacet
  facet normal -0.946926 -0.321452 0
    outer loop
      vertex 17.366 16.6519 3.2
      vertex 17.4914 16.2825 0
      vertex 17.4914 16.2825 3.2
    endloop
  endfacet
  facet normal 0.321374 -0.946952 0
    outer loop
      vertex 16 17.018 0
      vertex 16.3695 17.1434 3.2
      vertex 16 17.018 3.2
    endloop
  endfacet
  facet normal 0.321374 -0.946952 0
    outer loop
      vertex 16.3695 17.1434 3.2
      vertex 16 17.018 0
      vertex 16.3695 17.1434 0
    endloop
  endfacet
  facet normal 0.997862 -0.0653621 0
    outer loop
      vertex 15.5086 16.0214 3.2
      vertex 15.5341 16.4107 0
      vertex 15.5341 16.4107 3.2
    endloop
  endfacet
  facet normal 0.997862 -0.0653621 0
    outer loop
      vertex 15.5341 16.4107 0
      vertex 15.5086 16.0214 3.2
      vertex 15.5086 16.0214 0
    endloop
  endfacet
  facet normal 0.195032 0.980797 -0
    outer loop
      vertex 21 17.75 0
      vertex 20.6173 17.8261 3.2
      vertex 21 17.75 3.2
    endloop
  endfacet
  facet normal 0.195032 0.980797 0
    outer loop
      vertex 20.6173 17.8261 3.2
      vertex 21 17.75 0
      vertex 20.6173 17.8261 0
    endloop
  endfacet
  facet normal -0.831419 0.555646 0
    outer loop
      vertex 21.7071 18.0429 0
      vertex 21.9239 18.3673 3.2
      vertex 21.9239 18.3673 0
    endloop
  endfacet
  facet normal -0.831419 0.555646 0
    outer loop
      vertex 21.9239 18.3673 3.2
      vertex 21.7071 18.0429 0
      vertex 21.7071 18.0429 3.2
    endloop
  endfacet
  facet normal -0.831419 -0.555646 0
    outer loop
      vertex 21.9239 19.1327 0
      vertex 21.7071 19.4571 3.2
      vertex 21.7071 19.4571 0
    endloop
  endfacet
  facet normal -0.831419 -0.555646 0
    outer loop
      vertex 21.7071 19.4571 3.2
      vertex 21.9239 19.1327 0
      vertex 21.9239 19.1327 3.2
    endloop
  endfacet
  facet normal -0.980797 -0.195032 0
    outer loop
      vertex 22 18.75 0
      vertex 21.9239 19.1327 3.2
      vertex 21.9239 19.1327 0
    endloop
  endfacet
  facet normal -0.980797 -0.195032 0
    outer loop
      vertex 21.9239 19.1327 3.2
      vertex 22 18.75 0
      vertex 22 18.75 3.2
    endloop
  endfacet
  facet normal -0.555646 -0.831419 0
    outer loop
      vertex 21.3827 19.6739 0
      vertex 21.7071 19.4571 3.2
      vertex 21.3827 19.6739 3.2
    endloop
  endfacet
  facet normal -0.555646 -0.831419 -0
    outer loop
      vertex 21.7071 19.4571 3.2
      vertex 21.3827 19.6739 0
      vertex 21.7071 19.4571 0
    endloop
  endfacet
  facet normal -0.195032 -0.980797 0
    outer loop
      vertex 21 19.75 0
      vertex 21.3827 19.6739 3.2
      vertex 21 19.75 3.2
    endloop
  endfacet
  facet normal -0.195032 -0.980797 -0
    outer loop
      vertex 21.3827 19.6739 3.2
      vertex 21 19.75 0
      vertex 21.3827 19.6739 0
    endloop
  endfacet
  facet normal 0.980797 0.195032 0
    outer loop
      vertex 20.0761 18.3673 3.2
      vertex 20 18.75 0
      vertex 20 18.75 3.2
    endloop
  endfacet
  facet normal 0.980797 0.195032 0
    outer loop
      vertex 20 18.75 0
      vertex 20.0761 18.3673 3.2
      vertex 20.0761 18.3673 0
    endloop
  endfacet
  facet normal -0.555646 0.831419 0
    outer loop
      vertex 21.7071 18.0429 0
      vertex 21.3827 17.8261 3.2
      vertex 21.7071 18.0429 3.2
    endloop
  endfacet
  facet normal -0.555646 0.831419 0
    outer loop
      vertex 21.3827 17.8261 3.2
      vertex 21.7071 18.0429 0
      vertex 21.3827 17.8261 0
    endloop
  endfacet
  facet normal 0.831419 -0.555646 0
    outer loop
      vertex 20.0761 19.1327 3.2
      vertex 20.2929 19.4571 0
      vertex 20.2929 19.4571 3.2
    endloop
  endfacet
  facet normal 0.831419 -0.555646 0
    outer loop
      vertex 20.2929 19.4571 0
      vertex 20.0761 19.1327 3.2
      vertex 20.0761 19.1327 0
    endloop
  endfacet
  facet normal 0.195032 -0.980797 0
    outer loop
      vertex 20.6173 19.6739 0
      vertex 21 19.75 3.2
      vertex 20.6173 19.6739 3.2
    endloop
  endfacet
  facet normal 0.195032 -0.980797 0
    outer loop
      vertex 21 19.75 3.2
      vertex 20.6173 19.6739 0
      vertex 21 19.75 0
    endloop
  endfacet
  facet normal 0.555646 -0.831419 0
    outer loop
      vertex 20.2929 19.4571 0
      vertex 20.6173 19.6739 3.2
      vertex 20.2929 19.4571 3.2
    endloop
  endfacet
  facet normal 0.555646 -0.831419 0
    outer loop
      vertex 20.6173 19.6739 3.2
      vertex 20.2929 19.4571 0
      vertex 20.6173 19.6739 0
    endloop
  endfacet
  facet normal -0.980797 0.195032 0
    outer loop
      vertex 21.9239 18.3673 0
      vertex 22 18.75 3.2
      vertex 22 18.75 0
    endloop
  endfacet
  facet normal -0.980797 0.195032 0
    outer loop
      vertex 22 18.75 3.2
      vertex 21.9239 18.3673 0
      vertex 21.9239 18.3673 3.2
    endloop
  endfacet
  facet normal 0.980797 -0.195032 0
    outer loop
      vertex 20 18.75 3.2
      vertex 20.0761 19.1327 0
      vertex 20.0761 19.1327 3.2
    endloop
  endfacet
  facet normal 0.980797 -0.195032 0
    outer loop
      vertex 20.0761 19.1327 0
      vertex 20 18.75 3.2
      vertex 20 18.75 0
    endloop
  endfacet
  facet normal 0.831419 0.555646 0
    outer loop
      vertex 20.2929 18.0429 3.2
      vertex 20.0761 18.3673 0
      vertex 20.0761 18.3673 3.2
    endloop
  endfacet
  facet normal 0.831419 0.555646 0
    outer loop
      vertex 20.0761 18.3673 0
      vertex 20.2929 18.0429 3.2
      vertex 20.2929 18.0429 0
    endloop
  endfacet
  facet normal -0.195032 0.980797 0
    outer loop
      vertex 21.3827 17.8261 0
      vertex 21 17.75 3.2
      vertex 21.3827 17.8261 3.2
    endloop
  endfacet
  facet normal -0.195032 0.980797 0
    outer loop
      vertex 21 17.75 3.2
      vertex 21.3827 17.8261 0
      vertex 21 17.75 0
    endloop
  endfacet
  facet normal 0.555646 0.831419 -0
    outer loop
      vertex 20.6173 17.8261 0
      vertex 20.2929 18.0429 3.2
      vertex 20.6173 17.8261 3.2
    endloop
  endfacet
  facet normal 0.555646 0.831419 0
    outer loop
      vertex 20.2929 18.0429 3.2
      vertex 20.6173 17.8261 0
      vertex 20.2929 18.0429 0
    endloop
  endfacet
  facet normal -0.442182 -0.896925 0
    outer loop
      vertex 20.455 22.7159 0
      vertex 20.8049 22.5434 3.2
      vertex 20.455 22.7159 3.2
    endloop
  endfacet
  facet normal -0.442182 -0.896925 -0
    outer loop
      vertex 20.8049 22.5434 3.2
      vertex 20.455 22.7159 0
      vertex 20.8049 22.5434 0
    endloop
  endfacet
  facet normal -0.751846 -0.659339 0
    outer loop
      vertex 21.0622 22.25 0
      vertex 20.8049 22.5434 3.2
      vertex 20.8049 22.5434 0
    endloop
  endfacet
  facet normal -0.751846 -0.659339 0
    outer loop
      vertex 20.8049 22.5434 3.2
      vertex 21.0622 22.25 0
      vertex 21.0622 22.25 3.2
    endloop
  endfacet
  facet normal -0.0653454 -0.997863 0
    outer loop
      vertex 20.0656 22.7414 0
      vertex 20.455 22.7159 3.2
      vertex 20.0656 22.7414 3.2
    endloop
  endfacet
  facet normal -0.0653454 -0.997863 -0
    outer loop
      vertex 20.455 22.7159 3.2
      vertex 20.0656 22.7414 0
      vertex 20.455 22.7159 0
    endloop
  endfacet
  facet normal -0.896874 0.442287 0
    outer loop
      vertex 20.9895 21.1412 0
      vertex 21.1621 21.4912 3.2
      vertex 21.1621 21.4912 0
    endloop
  endfacet
  facet normal -0.896874 0.442287 0
    outer loop
      vertex 21.1621 21.4912 3.2
      vertex 20.9895 21.1412 0
      vertex 20.9895 21.1412 3.2
    endloop
  endfacet
  facet normal 0.997862 -0.0653621 0
    outer loop
      vertex 19.2047 21.6195 3.2
      vertex 19.2302 22.0088 0
      vertex 19.2302 22.0088 3.2
    endloop
  endfacet
  facet normal 0.997862 -0.0653621 0
    outer loop
      vertex 19.2302 22.0088 0
      vertex 19.2047 21.6195 3.2
      vertex 19.2047 21.6195 0
    endloop
  endfacet
  facet normal -0.659321 0.751862 0
    outer loop
      vertex 20.9895 21.1412 0
      vertex 20.6962 20.884 3.2
      vertex 20.9895 21.1412 3.2
    endloop
  endfacet
  facet normal -0.659321 0.751862 0
    outer loop
      vertex 20.6962 20.884 3.2
      vertex 20.9895 21.1412 0
      vertex 20.6962 20.884 0
    endloop
  endfacet
  facet normal -0.946952 -0.321374 0
    outer loop
      vertex 21.1876 21.8805 0
      vertex 21.0622 22.25 3.2
      vertex 21.0622 22.25 0
    endloop
  endfacet
  facet normal -0.946952 -0.321374 0
    outer loop
      vertex 21.0622 22.25 3.2
      vertex 21.1876 21.8805 0
      vertex 21.1876 21.8805 3.2
    endloop
  endfacet
  facet normal 0.659194 -0.751973 0
    outer loop
      vertex 19.4028 22.3588 0
      vertex 19.6962 22.616 3.2
      vertex 19.4028 22.3588 3.2
    endloop
  endfacet
  facet normal 0.659194 -0.751973 0
    outer loop
      vertex 19.6962 22.616 3.2
      vertex 19.4028 22.3588 0
      vertex 19.6962 22.616 0
    endloop
  endfacet
  facet normal -0.321374 0.946952 0
    outer loop
      vertex 20.6962 20.884 0
      vertex 20.3267 20.7586 3.2
      vertex 20.6962 20.884 3.2
    endloop
  endfacet
  facet normal -0.321374 0.946952 0
    outer loop
      vertex 20.3267 20.7586 3.2
      vertex 20.6962 20.884 0
      vertex 20.3267 20.7586 0
    endloop
  endfacet
  facet normal 0.896874 -0.442287 0
    outer loop
      vertex 19.2302 22.0088 3.2
      vertex 19.4028 22.3588 0
      vertex 19.4028 22.3588 3.2
    endloop
  endfacet
  facet normal 0.896874 -0.442287 0
    outer loop
      vertex 19.4028 22.3588 0
      vertex 19.2302 22.0088 3.2
      vertex 19.2302 22.0088 0
    endloop
  endfacet
  facet normal 0.946952 0.321374 0
    outer loop
      vertex 19.3301 21.25 3.2
      vertex 19.2047 21.6195 0
      vertex 19.2047 21.6195 3.2
    endloop
  endfacet
  facet normal 0.946952 0.321374 0
    outer loop
      vertex 19.2047 21.6195 0
      vertex 19.3301 21.25 3.2
      vertex 19.3301 21.25 0
    endloop
  endfacet
  facet normal -0.997862 0.0653621 0
    outer loop
      vertex 21.1621 21.4912 0
      vertex 21.1876 21.8805 3.2
      vertex 21.1876 21.8805 0
    endloop
  endfacet
  facet normal -0.997862 0.0653621 0
    outer loop
      vertex 21.1876 21.8805 3.2
      vertex 21.1621 21.4912 0
      vertex 21.1621 21.4912 3.2
    endloop
  endfacet
  facet normal 0.442182 0.896925 -0
    outer loop
      vertex 19.9373 20.7841 0
      vertex 19.5874 20.9566 3.2
      vertex 19.9373 20.7841 3.2
    endloop
  endfacet
  facet normal 0.442182 0.896925 0
    outer loop
      vertex 19.5874 20.9566 3.2
      vertex 19.9373 20.7841 0
      vertex 19.5874 20.9566 0
    endloop
  endfacet
  facet normal 0.751846 0.659339 0
    outer loop
      vertex 19.5874 20.9566 3.2
      vertex 19.3301 21.25 0
      vertex 19.3301 21.25 3.2
    endloop
  endfacet
  facet normal 0.751846 0.659339 0
    outer loop
      vertex 19.3301 21.25 0
      vertex 19.5874 20.9566 3.2
      vertex 19.5874 20.9566 0
    endloop
  endfacet
  facet normal 0.321452 -0.946926 0
    outer loop
      vertex 19.6962 22.616 0
      vertex 20.0656 22.7414 3.2
      vertex 19.6962 22.616 3.2
    endloop
  endfacet
  facet normal 0.321452 -0.946926 0
    outer loop
      vertex 20.0656 22.7414 3.2
      vertex 19.6962 22.616 0
      vertex 20.0656 22.7414 0
    endloop
  endfacet
  facet normal 0.0653454 0.997863 -0
    outer loop
      vertex 20.3267 20.7586 0
      vertex 19.9373 20.7841 3.2
      vertex 20.3267 20.7586 3.2
    endloop
  endfacet
  facet normal 0.0653454 0.997863 0
    outer loop
      vertex 19.9373 20.7841 3.2
      vertex 20.3267 20.7586 0
      vertex 19.9373 20.7841 0
    endloop
  endfacet
  facet normal 0.659339 0.751846 -0
    outer loop
      vertex 17.5 23.0801 0
      vertex 17.2066 23.3374 3.2
      vertex 17.5 23.0801 3.2
    endloop
  endfacet
  facet normal 0.659339 0.751846 0
    outer loop
      vertex 17.2066 23.3374 3.2
      vertex 17.5 23.0801 0
      vertex 17.2066 23.3374 0
    endloop
  endfacet
  facet normal 0.0653621 -0.997862 0
    outer loop
      vertex 17.7412 24.9121 0
      vertex 18.1305 24.9376 3.2
      vertex 17.7412 24.9121 3.2
    endloop
  endfacet
  facet normal 0.0653621 -0.997862 0
    outer loop
      vertex 18.1305 24.9376 3.2
      vertex 17.7412 24.9121 0
      vertex 18.1305 24.9376 0
    endloop
  endfacet
  facet normal -0.321374 -0.946952 0
    outer loop
      vertex 18.1305 24.9376 0
      vertex 18.5 24.8122 3.2
      vertex 18.1305 24.9376 3.2
    endloop
  endfacet
  facet normal -0.321374 -0.946952 -0
    outer loop
      vertex 18.5 24.8122 3.2
      vertex 18.1305 24.9376 0
      vertex 18.5 24.8122 0
    endloop
  endfacet
  facet normal 0.442287 -0.896874 0
    outer loop
      vertex 17.3912 24.7395 0
      vertex 17.7412 24.9121 3.2
      vertex 17.3912 24.7395 3.2
    endloop
  endfacet
  facet normal 0.442287 -0.896874 0
    outer loop
      vertex 17.7412 24.9121 3.2
      vertex 17.3912 24.7395 0
      vertex 17.7412 24.9121 0
    endloop
  endfacet
  facet normal 0.751862 -0.659321 0
    outer loop
      vertex 17.134 24.4462 3.2
      vertex 17.3912 24.7395 0
      vertex 17.3912 24.7395 3.2
    endloop
  endfacet
  facet normal 0.751862 -0.659321 0
    outer loop
      vertex 17.3912 24.7395 0
      vertex 17.134 24.4462 3.2
      vertex 17.134 24.4462 0
    endloop
  endfacet
  facet normal 0.896925 0.442182 0
    outer loop
      vertex 17.2066 23.3374 3.2
      vertex 17.0341 23.6873 0
      vertex 17.0341 23.6873 3.2
    endloop
  endfacet
  facet normal 0.896925 0.442182 0
    outer loop
      vertex 17.0341 23.6873 0
      vertex 17.2066 23.3374 3.2
      vertex 17.2066 23.3374 0
    endloop
  endfacet
  facet normal -0.659339 -0.751846 0
    outer loop
      vertex 18.5 24.8122 0
      vertex 18.7934 24.5549 3.2
      vertex 18.5 24.8122 3.2
    endloop
  endfacet
  facet normal -0.659339 -0.751846 -0
    outer loop
      vertex 18.7934 24.5549 3.2
      vertex 18.5 24.8122 0
      vertex 18.7934 24.5549 0
    endloop
  endfacet
  facet normal -0.997863 -0.0653454 0
    outer loop
      vertex 18.9914 23.8156 0
      vertex 18.9659 24.205 3.2
      vertex 18.9659 24.205 0
    endloop
  endfacet
  facet normal -0.997863 -0.0653454 0
    outer loop
      vertex 18.9659 24.205 3.2
      vertex 18.9914 23.8156 0
      vertex 18.9914 23.8156 3.2
    endloop
  endfacet
  facet normal -0.442287 0.896874 0
    outer loop
      vertex 18.6088 23.1528 0
      vertex 18.2588 22.9802 3.2
      vertex 18.6088 23.1528 3.2
    endloop
  endfacet
  facet normal -0.442287 0.896874 0
    outer loop
      vertex 18.2588 22.9802 3.2
      vertex 18.6088 23.1528 0
      vertex 18.2588 22.9802 0
    endloop
  endfacet
  facet normal 0.321374 0.946952 -0
    outer loop
      vertex 17.8695 22.9547 0
      vertex 17.5 23.0801 3.2
      vertex 17.8695 22.9547 3.2
    endloop
  endfacet
  facet normal 0.321374 0.946952 0
    outer loop
      vertex 17.5 23.0801 3.2
      vertex 17.8695 22.9547 0
      vertex 17.5 23.0801 0
    endloop
  endfacet
  facet normal -0.896925 -0.442182 0
    outer loop
      vertex 18.9659 24.205 0
      vertex 18.7934 24.5549 3.2
      vertex 18.7934 24.5549 0
    endloop
  endfacet
  facet normal -0.896925 -0.442182 0
    outer loop
      vertex 18.7934 24.5549 3.2
      vertex 18.9659 24.205 0
      vertex 18.9659 24.205 3.2
    endloop
  endfacet
  facet normal 0.997863 0.0653454 0
    outer loop
      vertex 17.0341 23.6873 3.2
      vertex 17.0086 24.0767 0
      vertex 17.0086 24.0767 3.2
    endloop
  endfacet
  facet normal 0.997863 0.0653454 0
    outer loop
      vertex 17.0086 24.0767 0
      vertex 17.0341 23.6873 3.2
      vertex 17.0341 23.6873 0
    endloop
  endfacet
  facet normal 0.946952 -0.321374 0
    outer loop
      vertex 17.0086 24.0767 3.2
      vertex 17.134 24.4462 0
      vertex 17.134 24.4462 3.2
    endloop
  endfacet
  facet normal 0.946952 -0.321374 0
    outer loop
      vertex 17.134 24.4462 0
      vertex 17.0086 24.0767 3.2
      vertex 17.0086 24.0767 0
    endloop
  endfacet
  facet normal -0.0653621 0.997862 0
    outer loop
      vertex 18.2588 22.9802 0
      vertex 17.8695 22.9547 3.2
      vertex 18.2588 22.9802 3.2
    endloop
  endfacet
  facet normal -0.0653621 0.997862 0
    outer loop
      vertex 17.8695 22.9547 3.2
      vertex 18.2588 22.9802 0
      vertex 17.8695 22.9547 0
    endloop
  endfacet
  facet normal -0.751973 0.659194 0
    outer loop
      vertex 18.6088 23.1528 0
      vertex 18.866 23.4462 3.2
      vertex 18.866 23.4462 0
    endloop
  endfacet
  facet normal -0.751973 0.659194 0
    outer loop
      vertex 18.866 23.4462 3.2
      vertex 18.6088 23.1528 0
      vertex 18.6088 23.1528 3.2
    endloop
  endfacet
  facet normal -0.946926 0.321452 0
    outer loop
      vertex 18.866 23.4462 0
      vertex 18.9914 23.8156 3.2
      vertex 18.9914 23.8156 0
    endloop
  endfacet
  facet normal -0.946926 0.321452 0
    outer loop
      vertex 18.9914 23.8156 3.2
      vertex 18.866 23.4462 0
      vertex 18.866 23.4462 3.2
    endloop
  endfacet
  facet normal -0.980797 0.195032 0
    outer loop
      vertex 15.9239 24.3673 0
      vertex 16 24.75 3.2
      vertex 16 24.75 0
    endloop
  endfacet
  facet normal -0.980797 0.195032 0
    outer loop
      vertex 16 24.75 3.2
      vertex 15.9239 24.3673 0
      vertex 15.9239 24.3673 3.2
    endloop
  endfacet
  facet normal 0.555646 -0.831419 0
    outer loop
      vertex 14.2929 25.4571 0
      vertex 14.6173 25.6739 3.2
      vertex 14.2929 25.4571 3.2
    endloop
  endfacet
  facet normal 0.555646 -0.831419 0
    outer loop
      vertex 14.6173 25.6739 3.2
      vertex 14.2929 25.4571 0
      vertex 14.6173 25.6739 0
    endloop
  endfacet
  facet normal 0.195032 -0.980797 0
    outer loop
      vertex 14.6173 25.6739 0
      vertex 15 25.75 3.2
      vertex 14.6173 25.6739 3.2
    endloop
  endfacet
  facet normal 0.195032 -0.980797 0
    outer loop
      vertex 15 25.75 3.2
      vertex 14.6173 25.6739 0
      vertex 15 25.75 0
    endloop
  endfacet
  facet normal 0.831419 -0.555646 0
    outer loop
      vertex 14.0761 25.1327 3.2
      vertex 14.2929 25.4571 0
      vertex 14.2929 25.4571 3.2
    endloop
  endfacet
  facet normal 0.831419 -0.555646 0
    outer loop
      vertex 14.2929 25.4571 0
      vertex 14.0761 25.1327 3.2
      vertex 14.0761 25.1327 0
    endloop
  endfacet
  facet normal 0.980797 -0.195032 0
    outer loop
      vertex 14 24.75 3.2
      vertex 14.0761 25.1327 0
      vertex 14.0761 25.1327 3.2
    endloop
  endfacet
  facet normal 0.980797 -0.195032 0
    outer loop
      vertex 14.0761 25.1327 0
      vertex 14 24.75 3.2
      vertex 14 24.75 0
    endloop
  endfacet
  facet normal -0.195032 0.980797 0
    outer loop
      vertex 15.3827 23.8261 0
      vertex 15 23.75 3.2
      vertex 15.3827 23.8261 3.2
    endloop
  endfacet
  facet normal -0.195032 0.980797 0
    outer loop
      vertex 15 23.75 3.2
      vertex 15.3827 23.8261 0
      vertex 15 23.75 0
    endloop
  endfacet
  facet normal -0.831419 -0.555646 0
    outer loop
      vertex 15.9239 25.1327 0
      vertex 15.7071 25.4571 3.2
      vertex 15.7071 25.4571 0
    endloop
  endfacet
  facet normal -0.831419 -0.555646 0
    outer loop
      vertex 15.7071 25.4571 3.2
      vertex 15.9239 25.1327 0
      vertex 15.9239 25.1327 3.2
    endloop
  endfacet
  facet normal -0.980797 -0.195032 0
    outer loop
      vertex 16 24.75 0
      vertex 15.9239 25.1327 3.2
      vertex 15.9239 25.1327 0
    endloop
  endfacet
  facet normal -0.980797 -0.195032 0
    outer loop
      vertex 15.9239 25.1327 3.2
      vertex 16 24.75 0
      vertex 16 24.75 3.2
    endloop
  endfacet
  facet normal 0.555646 0.831419 -0
    outer loop
      vertex 14.6173 23.8261 0
      vertex 14.2929 24.0429 3.2
      vertex 14.6173 23.8261 3.2
    endloop
  endfacet
  facet normal 0.555646 0.831419 0
    outer loop
      vertex 14.2929 24.0429 3.2
      vertex 14.6173 23.8261 0
      vertex 14.2929 24.0429 0
    endloop
  endfacet
  facet normal 0.831419 0.555646 0
    outer loop
      vertex 14.2929 24.0429 3.2
      vertex 14.0761 24.3673 0
      vertex 14.0761 24.3673 3.2
    endloop
  endfacet
  facet normal 0.831419 0.555646 0
    outer loop
      vertex 14.0761 24.3673 0
      vertex 14.2929 24.0429 3.2
      vertex 14.2929 24.0429 0
    endloop
  endfacet
  facet normal -0.195032 -0.980797 0
    outer loop
      vertex 15 25.75 0
      vertex 15.3827 25.6739 3.2
      vertex 15 25.75 3.2
    endloop
  endfacet
  facet normal -0.195032 -0.980797 -0
    outer loop
      vertex 15.3827 25.6739 3.2
      vertex 15 25.75 0
      vertex 15.3827 25.6739 0
    endloop
  endfacet
  facet normal -0.555646 -0.831419 0
    outer loop
      vertex 15.3827 25.6739 0
      vertex 15.7071 25.4571 3.2
      vertex 15.3827 25.6739 3.2
    endloop
  endfacet
  facet normal -0.555646 -0.831419 -0
    outer loop
      vertex 15.7071 25.4571 3.2
      vertex 15.3827 25.6739 0
      vertex 15.7071 25.4571 0
    endloop
  endfacet
  facet normal 0.195032 0.980797 -0
    outer loop
      vertex 15 23.75 0
      vertex 14.6173 23.8261 3.2
      vertex 15 23.75 3.2
    endloop
  endfacet
  facet normal 0.195032 0.980797 0
    outer loop
      vertex 14.6173 23.8261 3.2
      vertex 15 23.75 0
      vertex 14.6173 23.8261 0
    endloop
  endfacet
  facet normal -0.555646 0.831419 0
    outer loop
      vertex 15.7071 24.0429 0
      vertex 15.3827 23.8261 3.2
      vertex 15.7071 24.0429 3.2
    endloop
  endfacet
  facet normal -0.555646 0.831419 0
    outer loop
      vertex 15.3827 23.8261 3.2
      vertex 15.7071 24.0429 0
      vertex 15.3827 23.8261 0
    endloop
  endfacet
  facet normal 0.980797 0.195032 0
    outer loop
      vertex 14.0761 24.3673 3.2
      vertex 14 24.75 0
      vertex 14 24.75 3.2
    endloop
  endfacet
  facet normal 0.980797 0.195032 0
    outer loop
      vertex 14 24.75 0
      vertex 14.0761 24.3673 3.2
      vertex 14.0761 24.3673 0
    endloop
  endfacet
  facet normal -0.831419 0.555646 0
    outer loop
      vertex 15.7071 24.0429 0
      vertex 15.9239 24.3673 3.2
      vertex 15.9239 24.3673 0
    endloop
  endfacet
  facet normal -0.831419 0.555646 0
    outer loop
      vertex 15.9239 24.3673 3.2
      vertex 15.7071 24.0429 0
      vertex 15.7071 24.0429 3.2
    endloop
  endfacet
  facet normal 0.896925 -0.442182 0
    outer loop
      vertex 11.0341 24.205 3.2
      vertex 11.2066 24.5549 0
      vertex 11.2066 24.5549 3.2
    endloop
  endfacet
  facet normal 0.896925 -0.442182 0
    outer loop
      vertex 11.2066 24.5549 0
      vertex 11.0341 24.205 3.2
      vertex 11.0341 24.205 0
    endloop
  endfacet
  facet normal 0.659339 -0.751846 0
    outer loop
      vertex 11.2066 24.5549 0
      vertex 11.5 24.8122 3.2
      vertex 11.2066 24.5549 3.2
    endloop
  endfacet
  facet normal 0.659339 -0.751846 0
    outer loop
      vertex 11.5 24.8122 3.2
      vertex 11.2066 24.5549 0
      vertex 11.5 24.8122 0
    endloop
  endfacet
  facet normal 0.997863 -0.0653454 0
    outer loop
      vertex 11.0086 23.8156 3.2
      vertex 11.0341 24.205 0
      vertex 11.0341 24.205 3.2
    endloop
  endfacet
  facet normal 0.997863 -0.0653454 0
    outer loop
      vertex 11.0341 24.205 0
      vertex 11.0086 23.8156 3.2
      vertex 11.0086 23.8156 0
    endloop
  endfacet
  facet normal -0.442287 -0.896874 0
    outer loop
      vertex 12.2588 24.9121 0
      vertex 12.6088 24.7395 3.2
      vertex 12.2588 24.9121 3.2
    endloop
  endfacet
  facet normal -0.442287 -0.896874 -0
    outer loop
      vertex 12.6088 24.7395 3.2
      vertex 12.2588 24.9121 0
      vertex 12.6088 24.7395 0
    endloop
  endfacet
  facet normal 0.0653621 0.997862 -0
    outer loop
      vertex 12.1305 22.9547 0
      vertex 11.7412 22.9802 3.2
      vertex 12.1305 22.9547 3.2
    endloop
  endfacet
  facet normal 0.0653621 0.997862 0
    outer loop
      vertex 11.7412 22.9802 3.2
      vertex 12.1305 22.9547 0
      vertex 11.7412 22.9802 0
    endloop
  endfacet
  facet normal 0.321374 -0.946952 0
    outer loop
      vertex 11.5 24.8122 0
      vertex 11.8695 24.9376 3.2
      vertex 11.5 24.8122 3.2
    endloop
  endfacet
  facet normal 0.321374 -0.946952 0
    outer loop
      vertex 11.8695 24.9376 3.2
      vertex 11.5 24.8122 0
      vertex 11.8695 24.9376 0
    endloop
  endfacet
  facet normal 0.442287 0.896874 -0
    outer loop
      vertex 11.7412 22.9802 0
      vertex 11.3912 23.1528 3.2
      vertex 11.7412 22.9802 3.2
    endloop
  endfacet
  facet normal 0.442287 0.896874 0
    outer loop
      vertex 11.3912 23.1528 3.2
      vertex 11.7412 22.9802 0
      vertex 11.3912 23.1528 0
    endloop
  endfacet
  facet normal -0.321374 0.946952 0
    outer loop
      vertex 12.5 23.0801 0
      vertex 12.1305 22.9547 3.2
      vertex 12.5 23.0801 3.2
    endloop
  endfacet
  facet normal -0.321374 0.946952 0
    outer loop
      vertex 12.1305 22.9547 3.2
      vertex 12.5 23.0801 0
      vertex 12.1305 22.9547 0
    endloop
  endfacet
  facet normal -0.0653621 -0.997862 0
    outer loop
      vertex 11.8695 24.9376 0
      vertex 12.2588 24.9121 3.2
      vertex 11.8695 24.9376 3.2
    endloop
  endfacet
  facet normal -0.0653621 -0.997862 -0
    outer loop
      vertex 12.2588 24.9121 3.2
      vertex 11.8695 24.9376 0
      vertex 12.2588 24.9121 0
    endloop
  endfacet
  facet normal -0.896925 0.442182 0
    outer loop
      vertex 12.7934 23.3374 0
      vertex 12.9659 23.6873 3.2
      vertex 12.9659 23.6873 0
    endloop
  endfacet
  facet normal -0.896925 0.442182 0
    outer loop
      vertex 12.9659 23.6873 3.2
      vertex 12.7934 23.3374 0
      vertex 12.7934 23.3374 3.2
    endloop
  endfacet
  facet normal -0.659339 0.751846 0
    outer loop
      vertex 12.7934 23.3374 0
      vertex 12.5 23.0801 3.2
      vertex 12.7934 23.3374 3.2
    endloop
  endfacet
  facet normal -0.659339 0.751846 0
    outer loop
      vertex 12.5 23.0801 3.2
      vertex 12.7934 23.3374 0
      vertex 12.5 23.0801 0
    endloop
  endfacet
  facet normal 0.751973 0.659194 0
    outer loop
      vertex 11.3912 23.1528 3.2
      vertex 11.134 23.4462 0
      vertex 11.134 23.4462 3.2
    endloop
  endfacet
  facet normal 0.751973 0.659194 0
    outer loop
      vertex 11.134 23.4462 0
      vertex 11.3912 23.1528 3.2
      vertex 11.3912 23.1528 0
    endloop
  endfacet
  facet normal 0.946926 0.321452 0
    outer loop
      vertex 11.134 23.4462 3.2
      vertex 11.0086 23.8156 0
      vertex 11.0086 23.8156 3.2
    endloop
  endfacet
  facet normal 0.946926 0.321452 0
    outer loop
      vertex 11.0086 23.8156 0
      vertex 11.134 23.4462 3.2
      vertex 11.134 23.4462 0
    endloop
  endfacet
  facet normal -0.751862 -0.659321 0
    outer loop
      vertex 12.866 24.4462 0
      vertex 12.6088 24.7395 3.2
      vertex 12.6088 24.7395 0
    endloop
  endfacet
  facet normal -0.751862 -0.659321 0
    outer loop
      vertex 12.6088 24.7395 3.2
      vertex 12.866 24.4462 0
      vertex 12.866 24.4462 3.2
    endloop
  endfacet
  facet normal -0.946952 -0.321374 0
    outer loop
      vertex 12.9914 24.0767 0
      vertex 12.866 24.4462 3.2
      vertex 12.866 24.4462 0
    endloop
  endfacet
  facet normal -0.946952 -0.321374 0
    outer loop
      vertex 12.866 24.4462 3.2
      vertex 12.9914 24.0767 0
      vertex 12.9914 24.0767 3.2
    endloop
  endfacet
  facet normal -0.997863 0.0653454 0
    outer loop
      vertex 12.9659 23.6873 0
      vertex 12.9914 24.0767 3.2
      vertex 12.9914 24.0767 0
    endloop
  endfacet
  facet normal -0.997863 0.0653454 0
    outer loop
      vertex 12.9914 24.0767 3.2
      vertex 12.9659 23.6873 0
      vertex 12.9659 23.6873 3.2
    endloop
  endfacet
  facet normal 0.321398 0.946944 -0
    outer loop
      vertex 9.67332 20.7586 0
      vertex 9.30385 20.884 3.2
      vertex 9.67332 20.7586 3.2
    endloop
  endfacet
  facet normal 0.321398 0.946944 0
    outer loop
      vertex 9.30385 20.884 3.2
      vertex 9.67332 20.7586 0
      vertex 9.30385 20.884 0
    endloop
  endfacet
  facet normal -0.751846 0.659339 0
    outer loop
      vertex 10.4126 20.9566 0
      vertex 10.6699 21.25 3.2
      vertex 10.6699 21.25 0
    endloop
  endfacet
  facet normal -0.751846 0.659339 0
    outer loop
      vertex 10.6699 21.25 3.2
      vertex 10.4126 20.9566 0
      vertex 10.4126 20.9566 3.2
    endloop
  endfacet
  facet normal 0.946937 -0.32142 0
    outer loop
      vertex 8.8124 21.8805 3.2
      vertex 8.93782 22.25 0
      vertex 8.93782 22.25 3.2
    endloop
  endfacet
  facet normal 0.946937 -0.32142 0
    outer loop
      vertex 8.93782 22.25 0
      vertex 8.8124 21.8805 3.2
      vertex 8.8124 21.8805 0
    endloop
  endfacet
  facet normal 0.896894 0.442246 0
    outer loop
      vertex 9.0105 21.1412 3.2
      vertex 8.83792 21.4912 0
      vertex 8.83792 21.4912 3.2
    endloop
  endfacet
  facet normal 0.896894 0.442246 0
    outer loop
      vertex 8.83792 21.4912 0
      vertex 9.0105 21.1412 3.2
      vertex 9.0105 21.1412 0
    endloop
  endfacet
  facet normal 0.659257 0.751917 -0
    outer loop
      vertex 9.30385 20.884 0
      vertex 9.0105 21.1412 3.2
      vertex 9.30385 20.884 3.2
    endloop
  endfacet
  facet normal 0.659257 0.751917 0
    outer loop
      vertex 9.0105 21.1412 3.2
      vertex 9.30385 20.884 0
      vertex 9.0105 21.1412 0
    endloop
  endfacet
  facet normal -0.442182 0.896925 0
    outer loop
      vertex 10.4126 20.9566 0
      vertex 10.0627 20.7841 3.2
      vertex 10.4126 20.9566 3.2
    endloop
  endfacet
  facet normal -0.442182 0.896925 0
    outer loop
      vertex 10.0627 20.7841 3.2
      vertex 10.4126 20.9566 0
      vertex 10.0627 20.7841 0
    endloop
  endfacet
  facet normal 0.751884 -0.659295 0
    outer loop
      vertex 8.93782 22.25 3.2
      vertex 9.19509 22.5434 0
      vertex 9.19509 22.5434 3.2
    endloop
  endfacet
  facet normal 0.751884 -0.659295 0
    outer loop
      vertex 9.19509 22.5434 0
      vertex 8.93782 22.25 3.2
      vertex 8.93782 22.25 0
    endloop
  endfacet
  facet normal 0.0653554 -0.997862 0
    outer loop
      vertex 9.54503 22.7159 0
      vertex 9.93437 22.7414 3.2
      vertex 9.54503 22.7159 3.2
    endloop
  endfacet
  facet normal 0.0653554 -0.997862 0
    outer loop
      vertex 9.93437 22.7414 3.2
      vertex 9.54503 22.7159 0
      vertex 9.93437 22.7414 0
    endloop
  endfacet
  facet normal -0.896874 -0.442287 0
    outer loop
      vertex 10.7698 22.0088 0
      vertex 10.5972 22.3588 3.2
      vertex 10.5972 22.3588 0
    endloop
  endfacet
  facet normal -0.896874 -0.442287 0
    outer loop
      vertex 10.5972 22.3588 3.2
      vertex 10.7698 22.0088 0
      vertex 10.7698 22.0088 3.2
    endloop
  endfacet
  facet normal -0.321429 -0.946934 0
    outer loop
      vertex 9.93437 22.7414 0
      vertex 10.3038 22.616 3.2
      vertex 9.93437 22.7414 3.2
    endloop
  endfacet
  facet normal -0.321429 -0.946934 -0
    outer loop
      vertex 10.3038 22.616 3.2
      vertex 9.93437 22.7414 0
      vertex 10.3038 22.616 0
    endloop
  endfacet
  facet normal 0.997858 0.0654132 0
    outer loop
      vertex 8.83792 21.4912 3.2
      vertex 8.8124 21.8805 0
      vertex 8.8124 21.8805 3.2
    endloop
  endfacet
  facet normal 0.997858 0.0654132 0
    outer loop
      vertex 8.8124 21.8805 0
      vertex 8.83792 21.4912 3.2
      vertex 8.83792 21.4912 0
    endloop
  endfacet
  facet normal -0.946952 0.321374 0
    outer loop
      vertex 10.6699 21.25 0
      vertex 10.7953 21.6195 3.2
      vertex 10.7953 21.6195 0
    endloop
  endfacet
  facet normal -0.946952 0.321374 0
    outer loop
      vertex 10.7953 21.6195 3.2
      vertex 10.6699 21.25 0
      vertex 10.6699 21.25 3.2
    endloop
  endfacet
  facet normal 0.442142 -0.896945 0
    outer loop
      vertex 9.19509 22.5434 0
      vertex 9.54503 22.7159 3.2
      vertex 9.19509 22.5434 3.2
    endloop
  endfacet
  facet normal 0.442142 -0.896945 0
    outer loop
      vertex 9.54503 22.7159 3.2
      vertex 9.19509 22.5434 0
      vertex 9.54503 22.7159 0
    endloop
  endfacet
  facet normal -0.0653487 0.997862 0
    outer loop
      vertex 10.0627 20.7841 0
      vertex 9.67332 20.7586 3.2
      vertex 10.0627 20.7841 3.2
    endloop
  endfacet
  facet normal -0.0653487 0.997862 0
    outer loop
      vertex 9.67332 20.7586 3.2
      vertex 10.0627 20.7841 0
      vertex 9.67332 20.7586 0
    endloop
  endfacet
  facet normal -0.997862 -0.0653621 0
    outer loop
      vertex 10.7953 21.6195 0
      vertex 10.7698 22.0088 3.2
      vertex 10.7698 22.0088 0
    endloop
  endfacet
  facet normal -0.997862 -0.0653621 0
    outer loop
      vertex 10.7698 22.0088 3.2
      vertex 10.7953 21.6195 0
      vertex 10.7953 21.6195 3.2
    endloop
  endfacet
  facet normal -0.659194 -0.751973 0
    outer loop
      vertex 10.3038 22.616 0
      vertex 10.5972 22.3588 3.2
      vertex 10.3038 22.616 3.2
    endloop
  endfacet
  facet normal -0.659194 -0.751973 -0
    outer loop
      vertex 10.5972 22.3588 3.2
      vertex 10.3038 22.616 0
      vertex 10.5972 22.3588 0
    endloop
  endfacet
  facet normal -0.195042 -0.980795 0
    outer loop
      vertex 9 19.75 0
      vertex 9.38268 19.6739 3.2
      vertex 9 19.75 3.2
    endloop
  endfacet
  facet normal -0.195042 -0.980795 -0
    outer loop
      vertex 9.38268 19.6739 3.2
      vertex 9 19.75 0
      vertex 9.38268 19.6739 0
    endloop
  endfacet
  facet normal 0.555611 0.831443 -0
    outer loop
      vertex 8.61732 17.8261 0
      vertex 8.29289 18.0429 3.2
      vertex 8.61732 17.8261 3.2
    endloop
  endfacet
  facet normal 0.555611 0.831443 0
    outer loop
      vertex 8.29289 18.0429 3.2
      vertex 8.61732 17.8261 0
      vertex 8.29289 18.0429 0
    endloop
  endfacet
  facet normal -0.980787 -0.195081 0
    outer loop
      vertex 10 18.75 0
      vertex 9.92388 19.1327 3.2
      vertex 9.92388 19.1327 0
    endloop
  endfacet
  facet normal -0.980787 -0.195081 0
    outer loop
      vertex 9.92388 19.1327 3.2
      vertex 10 18.75 0
      vertex 10 18.75 3.2
    endloop
  endfacet
  facet normal 0.555611 -0.831443 0
    outer loop
      vertex 8.29289 19.4571 0
      vertex 8.61732 19.6739 3.2
      vertex 8.29289 19.4571 3.2
    endloop
  endfacet
  facet normal 0.555611 -0.831443 0
    outer loop
      vertex 8.61732 19.6739 3.2
      vertex 8.29289 19.4571 0
      vertex 8.61732 19.6739 0
    endloop
  endfacet
  facet normal 0.980787 0.195081 0
    outer loop
      vertex 8.07612 18.3673 3.2
      vertex 8 18.75 0
      vertex 8 18.75 3.2
    endloop
  endfacet
  facet normal 0.980787 0.195081 0
    outer loop
      vertex 8 18.75 0
      vertex 8.07612 18.3673 3.2
      vertex 8.07612 18.3673 0
    endloop
  endfacet
  facet normal 0.195042 -0.980795 0
    outer loop
      vertex 8.61732 19.6739 0
      vertex 9 19.75 3.2
      vertex 8.61732 19.6739 3.2
    endloop
  endfacet
  facet normal 0.195042 -0.980795 0
    outer loop
      vertex 9 19.75 3.2
      vertex 8.61732 19.6739 0
      vertex 9 19.75 0
    endloop
  endfacet
  facet normal -0.831454 0.555593 0
    outer loop
      vertex 9.70711 18.0429 0
      vertex 9.92388 18.3673 3.2
      vertex 9.92388 18.3673 0
    endloop
  endfacet
  facet normal -0.831454 0.555593 0
    outer loop
      vertex 9.92388 18.3673 3.2
      vertex 9.70711 18.0429 0
      vertex 9.70711 18.0429 3.2
    endloop
  endfacet
  facet normal -0.555611 0.831443 0
    outer loop
      vertex 9.70711 18.0429 0
      vertex 9.38268 17.8261 3.2
      vertex 9.70711 18.0429 3.2
    endloop
  endfacet
  facet normal -0.555611 0.831443 0
    outer loop
      vertex 9.38268 17.8261 3.2
      vertex 9.70711 18.0429 0
      vertex 9.38268 17.8261 0
    endloop
  endfacet
  facet normal 0.980787 -0.195081 0
    outer loop
      vertex 8 18.75 3.2
      vertex 8.07612 19.1327 0
      vertex 8.07612 19.1327 3.2
    endloop
  endfacet
  facet normal 0.980787 -0.195081 0
    outer loop
      vertex 8.07612 19.1327 0
      vertex 8 18.75 3.2
      vertex 8 18.75 0
    endloop
  endfacet
  facet normal 0.831454 0.555593 0
    outer loop
      vertex 8.29289 18.0429 3.2
      vertex 8.07612 18.3673 0
      vertex 8.07612 18.3673 3.2
    endloop
  endfacet
  facet normal 0.831454 0.555593 0
    outer loop
      vertex 8.07612 18.3673 0
      vertex 8.29289 18.0429 3.2
      vertex 8.29289 18.0429 0
    endloop
  endfacet
  facet normal 0.831454 -0.555593 0
    outer loop
      vertex 8.07612 19.1327 3.2
      vertex 8.29289 19.4571 0
      vertex 8.29289 19.4571 3.2
    endloop
  endfacet
  facet normal 0.831454 -0.555593 0
    outer loop
      vertex 8.29289 19.4571 0
      vertex 8.07612 19.1327 3.2
      vertex 8.07612 19.1327 0
    endloop
  endfacet
  facet normal -0.980787 0.195081 0
    outer loop
      vertex 9.92388 18.3673 0
      vertex 10 18.75 3.2
      vertex 10 18.75 0
    endloop
  endfacet
  facet normal -0.980787 0.195081 0
    outer loop
      vertex 10 18.75 3.2
      vertex 9.92388 18.3673 0
      vertex 9.92388 18.3673 3.2
    endloop
  endfacet
  facet normal -0.831454 -0.555593 0
    outer loop
      vertex 9.92388 19.1327 0
      vertex 9.70711 19.4571 3.2
      vertex 9.70711 19.4571 0
    endloop
  endfacet
  facet normal -0.831454 -0.555593 0
    outer loop
      vertex 9.70711 19.4571 3.2
      vertex 9.92388 19.1327 0
      vertex 9.92388 19.1327 3.2
    endloop
  endfacet
  facet normal -0.195042 0.980795 0
    outer loop
      vertex 9.38268 17.8261 0
      vertex 9 17.75 3.2
      vertex 9.38268 17.8261 3.2
    endloop
  endfacet
  facet normal -0.195042 0.980795 0
    outer loop
      vertex 9 17.75 3.2
      vertex 9.38268 17.8261 0
      vertex 9 17.75 0
    endloop
  endfacet
  facet normal 0.195042 0.980795 -0
    outer loop
      vertex 9 17.75 0
      vertex 8.61732 17.8261 3.2
      vertex 9 17.75 3.2
    endloop
  endfacet
  facet normal 0.195042 0.980795 0
    outer loop
      vertex 8.61732 17.8261 3.2
      vertex 9 17.75 0
      vertex 8.61732 17.8261 0
    endloop
  endfacet
  facet normal -0.555611 -0.831443 0
    outer loop
      vertex 9.38268 19.6739 0
      vertex 9.70711 19.4571 3.2
      vertex 9.38268 19.6739 3.2
    endloop
  endfacet
  facet normal -0.555611 -0.831443 -0
    outer loop
      vertex 9.70711 19.4571 3.2
      vertex 9.38268 19.6739 0
      vertex 9.70711 19.4571 0
    endloop
  endfacet
  facet normal 0.0653554 0.997862 -0
    outer loop
      vertex 9.93437 14.7586 0
      vertex 9.54503 14.7841 3.2
      vertex 9.93437 14.7586 3.2
    endloop
  endfacet
  facet normal 0.0653554 0.997862 0
    outer loop
      vertex 9.54503 14.7841 3.2
      vertex 9.93437 14.7586 0
      vertex 9.54503 14.7841 0
    endloop
  endfacet
  facet normal 0.896894 -0.442246 0
    outer loop
      vertex 8.83792 16.0088 3.2
      vertex 9.0105 16.3588 0
      vertex 9.0105 16.3588 3.2
    endloop
  endfacet
  facet normal 0.896894 -0.442246 0
    outer loop
      vertex 9.0105 16.3588 0
      vertex 8.83792 16.0088 3.2
      vertex 8.83792 16.0088 0
    endloop
  endfacet
  facet normal 0.751884 0.659295 0
    outer loop
      vertex 9.19509 14.9566 3.2
      vertex 8.93782 15.25 0
      vertex 8.93782 15.25 3.2
    endloop
  endfacet
  facet normal 0.751884 0.659295 0
    outer loop
      vertex 8.93782 15.25 0
      vertex 9.19509 14.9566 3.2
      vertex 9.19509 14.9566 0
    endloop
  endfacet
  facet normal -0.997862 0.0653621 0
    outer loop
      vertex 10.7698 15.4912 0
      vertex 10.7953 15.8805 3.2
      vertex 10.7953 15.8805 0
    endloop
  endfacet
  facet normal -0.997862 0.0653621 0
    outer loop
      vertex 10.7953 15.8805 3.2
      vertex 10.7698 15.4912 0
      vertex 10.7698 15.4912 3.2
    endloop
  endfacet
  facet normal 0.946937 0.32142 0
    outer loop
      vertex 8.93782 15.25 3.2
      vertex 8.8124 15.6195 0
      vertex 8.8124 15.6195 3.2
    endloop
  endfacet
  facet normal 0.946937 0.32142 0
    outer loop
      vertex 8.8124 15.6195 0
      vertex 8.93782 15.25 3.2
      vertex 8.93782 15.25 0
    endloop
  endfacet
  facet normal -0.896874 0.442287 0
    outer loop
      vertex 10.5972 15.1412 0
      vertex 10.7698 15.4912 3.2
      vertex 10.7698 15.4912 0
    endloop
  endfacet
  facet normal -0.896874 0.442287 0
    outer loop
      vertex 10.7698 15.4912 3.2
      vertex 10.5972 15.1412 0
      vertex 10.5972 15.1412 3.2
    endloop
  endfacet
  facet normal 0.442142 0.896945 -0
    outer loop
      vertex 9.54503 14.7841 0
      vertex 9.19509 14.9566 3.2
      vertex 9.54503 14.7841 3.2
    endloop
  endfacet
  facet normal 0.442142 0.896945 0
    outer loop
      vertex 9.19509 14.9566 3.2
      vertex 9.54503 14.7841 0
      vertex 9.19509 14.9566 0
    endloop
  endfacet
  facet normal 0.997858 -0.0654132 0
    outer loop
      vertex 8.8124 15.6195 3.2
      vertex 8.83792 16.0088 0
      vertex 8.83792 16.0088 3.2
    endloop
  endfacet
  facet normal 0.997858 -0.0654132 0
    outer loop
      vertex 8.83792 16.0088 0
      vertex 8.8124 15.6195 3.2
      vertex 8.8124 15.6195 0
    endloop
  endfacet
  facet normal -0.442182 -0.896925 0
    outer loop
      vertex 10.0627 16.7159 0
      vertex 10.4126 16.5434 3.2
      vertex 10.0627 16.7159 3.2
    endloop
  endfacet
  facet normal -0.442182 -0.896925 -0
    outer loop
      vertex 10.4126 16.5434 3.2
      vertex 10.0627 16.7159 0
      vertex 10.4126 16.5434 0
    endloop
  endfacet
  facet normal -0.751846 -0.659339 0
    outer loop
      vertex 10.6699 16.25 0
      vertex 10.4126 16.5434 3.2
      vertex 10.4126 16.5434 0
    endloop
  endfacet
  facet normal -0.751846 -0.659339 0
    outer loop
      vertex 10.4126 16.5434 3.2
      vertex 10.6699 16.25 0
      vertex 10.6699 16.25 3.2
    endloop
  endfacet
  facet normal -0.659194 0.751973 0
    outer loop
      vertex 10.5972 15.1412 0
      vertex 10.3038 14.884 3.2
      vertex 10.5972 15.1412 3.2
    endloop
  endfacet
  facet normal -0.659194 0.751973 0
    outer loop
      vertex 10.3038 14.884 3.2
      vertex 10.5972 15.1412 0
      vertex 10.3038 14.884 0
    endloop
  endfacet
  facet normal -0.321429 0.946934 0
    outer loop
      vertex 10.3038 14.884 0
      vertex 9.93437 14.7586 3.2
      vertex 10.3038 14.884 3.2
    endloop
  endfacet
  facet normal -0.321429 0.946934 0
    outer loop
      vertex 9.93437 14.7586 3.2
      vertex 10.3038 14.884 0
      vertex 9.93437 14.7586 0
    endloop
  endfacet
  facet normal -0.946952 -0.321374 0
    outer loop
      vertex 10.7953 15.8805 0
      vertex 10.6699 16.25 3.2
      vertex 10.6699 16.25 0
    endloop
  endfacet
  facet normal -0.946952 -0.321374 0
    outer loop
      vertex 10.6699 16.25 3.2
      vertex 10.7953 15.8805 0
      vertex 10.7953 15.8805 3.2
    endloop
  endfacet
  facet normal 0.659257 -0.751917 0
    outer loop
      vertex 9.0105 16.3588 0
      vertex 9.30385 16.616 3.2
      vertex 9.0105 16.3588 3.2
    endloop
  endfacet
  facet normal 0.659257 -0.751917 0
    outer loop
      vertex 9.30385 16.616 3.2
      vertex 9.0105 16.3588 0
      vertex 9.30385 16.616 0
    endloop
  endfacet
  facet normal 0.321398 -0.946944 0
    outer loop
      vertex 9.30385 16.616 0
      vertex 9.67332 16.7414 3.2
      vertex 9.30385 16.616 3.2
    endloop
  endfacet
  facet normal 0.321398 -0.946944 0
    outer loop
      vertex 9.67332 16.7414 3.2
      vertex 9.30385 16.616 0
      vertex 9.67332 16.7414 0
    endloop
  endfacet
  facet normal -0.0653487 -0.997862 0
    outer loop
      vertex 9.67332 16.7414 0
      vertex 10.0627 16.7159 3.2
      vertex 9.67332 16.7414 3.2
    endloop
  endfacet
  facet normal -0.0653487 -0.997862 -0
    outer loop
      vertex 10.0627 16.7159 3.2
      vertex 9.67332 16.7414 0
      vertex 10.0627 16.7159 0
    endloop
  endfacet
  facet normal -0.946952 0.321374 0
    outer loop
      vertex 12.866 13.0538 0
      vertex 12.9914 13.4233 3.2
      vertex 12.9914 13.4233 0
    endloop
  endfacet
  facet normal -0.946952 0.321374 0
    outer loop
      vertex 12.9914 13.4233 3.2
      vertex 12.866 13.0538 0
      vertex 12.866 13.0538 3.2
    endloop
  endfacet
  facet normal -0.442287 0.896874 0
    outer loop
      vertex 12.6088 12.7605 0
      vertex 12.2588 12.5879 3.2
      vertex 12.6088 12.7605 3.2
    endloop
  endfacet
  facet normal -0.442287 0.896874 0
    outer loop
      vertex 12.2588 12.5879 3.2
      vertex 12.6088 12.7605 0
      vertex 12.2588 12.5879 0
    endloop
  endfacet
  facet normal -0.751862 0.659321 0
    outer loop
      vertex 12.6088 12.7605 0
      vertex 12.866 13.0538 3.2
      vertex 12.866 13.0538 0
    endloop
  endfacet
  facet normal -0.751862 0.659321 0
    outer loop
      vertex 12.866 13.0538 3.2
      vertex 12.6088 12.7605 0
      vertex 12.6088 12.7605 3.2
    endloop
  endfacet
  facet normal 0.659339 0.751846 -0
    outer loop
      vertex 11.5 12.6878 0
      vertex 11.2066 12.9451 3.2
      vertex 11.5 12.6878 3.2
    endloop
  endfacet
  facet normal 0.659339 0.751846 0
    outer loop
      vertex 11.2066 12.9451 3.2
      vertex 11.5 12.6878 0
      vertex 11.2066 12.9451 0
    endloop
  endfacet
  facet normal 0.321374 0.946952 -0
    outer loop
      vertex 11.8695 12.5624 0
      vertex 11.5 12.6878 3.2
      vertex 11.8695 12.5624 3.2
    endloop
  endfacet
  facet normal 0.321374 0.946952 0
    outer loop
      vertex 11.5 12.6878 3.2
      vertex 11.8695 12.5624 0
      vertex 11.5 12.6878 0
    endloop
  endfacet
  facet normal 0.997863 0.0653454 0
    outer loop
      vertex 11.0341 13.295 3.2
      vertex 11.0086 13.6844 0
      vertex 11.0086 13.6844 3.2
    endloop
  endfacet
  facet normal 0.997863 0.0653454 0
    outer loop
      vertex 11.0086 13.6844 0
      vertex 11.0341 13.295 3.2
      vertex 11.0341 13.295 0
    endloop
  endfacet
  facet normal 0.442287 -0.896874 0
    outer loop
      vertex 11.3912 14.3472 0
      vertex 11.7412 14.5198 3.2
      vertex 11.3912 14.3472 3.2
    endloop
  endfacet
  facet normal 0.442287 -0.896874 0
    outer loop
      vertex 11.7412 14.5198 3.2
      vertex 11.3912 14.3472 0
      vertex 11.7412 14.5198 0
    endloop
  endfacet
  facet normal 0.896925 0.442182 0
    outer loop
      vertex 11.2066 12.9451 3.2
      vertex 11.0341 13.295 0
      vertex 11.0341 13.295 3.2
    endloop
  endfacet
  facet normal 0.896925 0.442182 0
    outer loop
      vertex 11.0341 13.295 0
      vertex 11.2066 12.9451 3.2
      vertex 11.2066 12.9451 0
    endloop
  endfacet
  facet normal 0.946926 -0.321452 0
    outer loop
      vertex 11.0086 13.6844 3.2
      vertex 11.134 14.0538 0
      vertex 11.134 14.0538 3.2
    endloop
  endfacet
  facet normal 0.946926 -0.321452 0
    outer loop
      vertex 11.134 14.0538 0
      vertex 11.0086 13.6844 3.2
      vertex 11.0086 13.6844 0
    endloop
  endfacet
  facet normal -0.0653621 0.997862 0
    outer loop
      vertex 12.2588 12.5879 0
      vertex 11.8695 12.5624 3.2
      vertex 12.2588 12.5879 3.2
    endloop
  endfacet
  facet normal -0.0653621 0.997862 0
    outer loop
      vertex 11.8695 12.5624 3.2
      vertex 12.2588 12.5879 0
      vertex 11.8695 12.5624 0
    endloop
  endfacet
  facet normal -0.321374 -0.946952 0
    outer loop
      vertex 12.1305 14.5453 0
      vertex 12.5 14.4199 3.2
      vertex 12.1305 14.5453 3.2
    endloop
  endfacet
  facet normal -0.321374 -0.946952 -0
    outer loop
      vertex 12.5 14.4199 3.2
      vertex 12.1305 14.5453 0
      vertex 12.5 14.4199 0
    endloop
  endfacet
  facet normal -0.997863 -0.0653454 0
    outer loop
      vertex 12.9914 13.4233 0
      vertex 12.9659 13.8127 3.2
      vertex 12.9659 13.8127 0
    endloop
  endfacet
  facet normal -0.997863 -0.0653454 0
    outer loop
      vertex 12.9659 13.8127 3.2
      vertex 12.9914 13.4233 0
      vertex 12.9914 13.4233 3.2
    endloop
  endfacet
  facet normal -0.659339 -0.751846 0
    outer loop
      vertex 12.5 14.4199 0
      vertex 12.7934 14.1626 3.2
      vertex 12.5 14.4199 3.2
    endloop
  endfacet
  facet normal -0.659339 -0.751846 -0
    outer loop
      vertex 12.7934 14.1626 3.2
      vertex 12.5 14.4199 0
      vertex 12.7934 14.1626 0
    endloop
  endfacet
  facet normal 0.0653621 -0.997862 0
    outer loop
      vertex 11.7412 14.5198 0
      vertex 12.1305 14.5453 3.2
      vertex 11.7412 14.5198 3.2
    endloop
  endfacet
  facet normal 0.0653621 -0.997862 0
    outer loop
      vertex 12.1305 14.5453 3.2
      vertex 11.7412 14.5198 0
      vertex 12.1305 14.5453 0
    endloop
  endfacet
  facet normal 0.751973 -0.659194 0
    outer loop
      vertex 11.134 14.0538 3.2
      vertex 11.3912 14.3472 0
      vertex 11.3912 14.3472 3.2
    endloop
  endfacet
  facet normal 0.751973 -0.659194 0
    outer loop
      vertex 11.3912 14.3472 0
      vertex 11.134 14.0538 3.2
      vertex 11.134 14.0538 0
    endloop
  endfacet
  facet normal -0.896925 -0.442182 0
    outer loop
      vertex 12.9659 13.8127 0
      vertex 12.7934 14.1626 3.2
      vertex 12.7934 14.1626 0
    endloop
  endfacet
  facet normal -0.896925 -0.442182 0
    outer loop
      vertex 12.7934 14.1626 3.2
      vertex 12.9659 13.8127 0
      vertex 12.9659 13.8127 3.2
    endloop
  endfacet
  facet normal 0.980797 -0.195032 0
    outer loop
      vertex 14 12.75 3.2
      vertex 14.0761 13.1327 0
      vertex 14.0761 13.1327 3.2
    endloop
  endfacet
  facet normal 0.980797 -0.195032 0
    outer loop
      vertex 14.0761 13.1327 0
      vertex 14 12.75 3.2
      vertex 14 12.75 0
    endloop
  endfacet
  facet normal 0.555646 0.831419 -0
    outer loop
      vertex 14.6173 11.8261 0
      vertex 14.2929 12.0429 3.2
      vertex 14.6173 11.8261 3.2
    endloop
  endfacet
  facet normal 0.555646 0.831419 0
    outer loop
      vertex 14.2929 12.0429 3.2
      vertex 14.6173 11.8261 0
      vertex 14.2929 12.0429 0
    endloop
  endfacet
  facet normal -0.831419 0.555646 0
    outer loop
      vertex 15.7071 12.0429 0
      vertex 15.9239 12.3673 3.2
      vertex 15.9239 12.3673 0
    endloop
  endfacet
  facet normal -0.831419 0.555646 0
    outer loop
      vertex 15.9239 12.3673 3.2
      vertex 15.7071 12.0429 0
      vertex 15.7071 12.0429 3.2
    endloop
  endfacet
  facet normal 0.195032 -0.980797 0
    outer loop
      vertex 14.6173 13.6739 0
      vertex 15 13.75 3.2
      vertex 14.6173 13.6739 3.2
    endloop
  endfacet
  facet normal 0.195032 -0.980797 0
    outer loop
      vertex 15 13.75 3.2
      vertex 14.6173 13.6739 0
      vertex 15 13.75 0
    endloop
  endfacet
  facet normal 0.831419 0.555646 0
    outer loop
      vertex 14.2929 12.0429 3.2
      vertex 14.0761 12.3673 0
      vertex 14.0761 12.3673 3.2
    endloop
  endfacet
  facet normal 0.831419 0.555646 0
    outer loop
      vertex 14.0761 12.3673 0
      vertex 14.2929 12.0429 3.2
      vertex 14.2929 12.0429 0
    endloop
  endfacet
  facet normal -0.555646 -0.831419 0
    outer loop
      vertex 15.3827 13.6739 0
      vertex 15.7071 13.4571 3.2
      vertex 15.3827 13.6739 3.2
    endloop
  endfacet
  facet normal -0.555646 -0.831419 -0
    outer loop
      vertex 15.7071 13.4571 3.2
      vertex 15.3827 13.6739 0
      vertex 15.7071 13.4571 0
    endloop
  endfacet
  facet normal -0.195032 0.980797 0
    outer loop
      vertex 15.3827 11.8261 0
      vertex 15 11.75 3.2
      vertex 15.3827 11.8261 3.2
    endloop
  endfacet
  facet normal -0.195032 0.980797 0
    outer loop
      vertex 15 11.75 3.2
      vertex 15.3827 11.8261 0
      vertex 15 11.75 0
    endloop
  endfacet
  facet normal -0.980797 -0.195032 0
    outer loop
      vertex 16 12.75 0
      vertex 15.9239 13.1327 3.2
      vertex 15.9239 13.1327 0
    endloop
  endfacet
  facet normal -0.980797 -0.195032 0
    outer loop
      vertex 15.9239 13.1327 3.2
      vertex 16 12.75 0
      vertex 16 12.75 3.2
    endloop
  endfacet
  facet normal -0.831419 -0.555646 0
    outer loop
      vertex 15.9239 13.1327 0
      vertex 15.7071 13.4571 3.2
      vertex 15.7071 13.4571 0
    endloop
  endfacet
  facet normal -0.831419 -0.555646 0
    outer loop
      vertex 15.7071 13.4571 3.2
      vertex 15.9239 13.1327 0
      vertex 15.9239 13.1327 3.2
    endloop
  endfacet
  facet normal 0.195032 0.980797 -0
    outer loop
      vertex 15 11.75 0
      vertex 14.6173 11.8261 3.2
      vertex 15 11.75 3.2
    endloop
  endfacet
  facet normal 0.195032 0.980797 0
    outer loop
      vertex 14.6173 11.8261 3.2
      vertex 15 11.75 0
      vertex 14.6173 11.8261 0
    endloop
  endfacet
  facet normal -0.555646 0.831419 0
    outer loop
      vertex 15.7071 12.0429 0
      vertex 15.3827 11.8261 3.2
      vertex 15.7071 12.0429 3.2
    endloop
  endfacet
  facet normal -0.555646 0.831419 0
    outer loop
      vertex 15.3827 11.8261 3.2
      vertex 15.7071 12.0429 0
      vertex 15.3827 11.8261 0
    endloop
  endfacet
  facet normal -0.195032 -0.980797 0
    outer loop
      vertex 15 13.75 0
      vertex 15.3827 13.6739 3.2
      vertex 15 13.75 3.2
    endloop
  endfacet
  facet normal -0.195032 -0.980797 -0
    outer loop
      vertex 15.3827 13.6739 3.2
      vertex 15 13.75 0
      vertex 15.3827 13.6739 0
    endloop
  endfacet
  facet normal 0.555646 -0.831419 0
    outer loop
      vertex 14.2929 13.4571 0
      vertex 14.6173 13.6739 3.2
      vertex 14.2929 13.4571 3.2
    endloop
  endfacet
  facet normal 0.555646 -0.831419 0
    outer loop
      vertex 14.6173 13.6739 3.2
      vertex 14.2929 13.4571 0
      vertex 14.6173 13.6739 0
    endloop
  endfacet
  facet normal -0.980797 0.195032 0
    outer loop
      vertex 15.9239 12.3673 0
      vertex 16 12.75 3.2
      vertex 16 12.75 0
    endloop
  endfacet
  facet normal -0.980797 0.195032 0
    outer loop
      vertex 16 12.75 3.2
      vertex 15.9239 12.3673 0
      vertex 15.9239 12.3673 3.2
    endloop
  endfacet
  facet normal 0.980797 0.195032 0
    outer loop
      vertex 14.0761 12.3673 3.2
      vertex 14 12.75 0
      vertex 14 12.75 3.2
    endloop
  endfacet
  facet normal 0.980797 0.195032 0
    outer loop
      vertex 14 12.75 0
      vertex 14.0761 12.3673 3.2
      vertex 14.0761 12.3673 0
    endloop
  endfacet
  facet normal 0.831419 -0.555646 0
    outer loop
      vertex 14.0761 13.1327 3.2
      vertex 14.2929 13.4571 0
      vertex 14.2929 13.4571 3.2
    endloop
  endfacet
  facet normal 0.831419 -0.555646 0
    outer loop
      vertex 14.2929 13.4571 0
      vertex 14.0761 13.1327 3.2
      vertex 14.0761 13.1327 0
    endloop
  endfacet
  facet normal -0.997863 0.0653454 0
    outer loop
      vertex 18.9659 13.295 0
      vertex 18.9914 13.6844 3.2
      vertex 18.9914 13.6844 0
    endloop
  endfacet
  facet normal -0.997863 0.0653454 0
    outer loop
      vertex 18.9914 13.6844 3.2
      vertex 18.9659 13.295 0
      vertex 18.9659 13.295 3.2
    endloop
  endfacet
  facet normal 0.442287 0.896874 -0
    outer loop
      vertex 17.7412 12.5879 0
      vertex 17.3912 12.7605 3.2
      vertex 17.7412 12.5879 3.2
    endloop
  endfacet
  facet normal 0.442287 0.896874 0
    outer loop
      vertex 17.3912 12.7605 3.2
      vertex 17.7412 12.5879 0
      vertex 17.3912 12.7605 0
    endloop
  endfacet
  facet normal -0.0653621 -0.997862 0
    outer loop
      vertex 17.8695 14.5453 0
      vertex 18.2588 14.5198 3.2
      vertex 17.8695 14.5453 3.2
    endloop
  endfacet
  facet normal -0.0653621 -0.997862 -0
    outer loop
      vertex 18.2588 14.5198 3.2
      vertex 17.8695 14.5453 0
      vertex 18.2588 14.5198 0
    endloop
  endfacet
  facet normal -0.659339 0.751846 0
    outer loop
      vertex 18.7934 12.9451 0
      vertex 18.5 12.6878 3.2
      vertex 18.7934 12.9451 3.2
    endloop
  endfacet
  facet normal -0.659339 0.751846 0
    outer loop
      vertex 18.5 12.6878 3.2
      vertex 18.7934 12.9451 0
      vertex 18.5 12.6878 0
    endloop
  endfacet
  facet normal 0.751862 0.659321 0
    outer loop
      vertex 17.3912 12.7605 3.2
      vertex 17.134 13.0538 0
      vertex 17.134 13.0538 3.2
    endloop
  endfacet
  facet normal 0.751862 0.659321 0
    outer loop
      vertex 17.134 13.0538 0
      vertex 17.3912 12.7605 3.2
      vertex 17.3912 12.7605 0
    endloop
  endfacet
  facet normal -0.321374 0.946952 0
    outer loop
      vertex 18.5 12.6878 0
      vertex 18.1305 12.5624 3.2
      vertex 18.5 12.6878 3.2
    endloop
  endfacet
  facet normal -0.321374 0.946952 0
    outer loop
      vertex 18.1305 12.5624 3.2
      vertex 18.5 12.6878 0
      vertex 18.1305 12.5624 0
    endloop
  endfacet
  facet normal -0.751973 -0.659194 0
    outer loop
      vertex 18.866 14.0538 0
      vertex 18.6088 14.3472 3.2
      vertex 18.6088 14.3472 0
    endloop
  endfacet
  facet normal -0.751973 -0.659194 0
    outer loop
      vertex 18.6088 14.3472 3.2
      vertex 18.866 14.0538 0
      vertex 18.866 14.0538 3.2
    endloop
  endfacet
  facet normal 0.946952 0.321374 0
    outer loop
      vertex 17.134 13.0538 3.2
      vertex 17.0086 13.4233 0
      vertex 17.0086 13.4233 3.2
    endloop
  endfacet
  facet normal 0.946952 0.321374 0
    outer loop
      vertex 17.0086 13.4233 0
      vertex 17.134 13.0538 3.2
      vertex 17.134 13.0538 0
    endloop
  endfacet
  facet normal -0.896925 0.442182 0
    outer loop
      vertex 18.7934 12.9451 0
      vertex 18.9659 13.295 3.2
      vertex 18.9659 13.295 0
    endloop
  endfacet
  facet normal -0.896925 0.442182 0
    outer loop
      vertex 18.9659 13.295 3.2
      vertex 18.7934 12.9451 0
      vertex 18.7934 12.9451 3.2
    endloop
  endfacet
  facet normal 0.0653621 0.997862 -0
    outer loop
      vertex 18.1305 12.5624 0
      vertex 17.7412 12.5879 3.2
      vertex 18.1305 12.5624 3.2
    endloop
  endfacet
  facet normal 0.0653621 0.997862 0
    outer loop
      vertex 17.7412 12.5879 3.2
      vertex 18.1305 12.5624 0
      vertex 17.7412 12.5879 0
    endloop
  endfacet
  facet normal 0.896925 -0.442182 0
    outer loop
      vertex 17.0341 13.8127 3.2
      vertex 17.2066 14.1626 0
      vertex 17.2066 14.1626 3.2
    endloop
  endfacet
  facet normal 0.896925 -0.442182 0
    outer loop
      vertex 17.2066 14.1626 0
      vertex 17.0341 13.8127 3.2
      vertex 17.0341 13.8127 0
    endloop
  endfacet
  facet normal 0.659339 -0.751846 0
    outer loop
      vertex 17.2066 14.1626 0
      vertex 17.5 14.4199 3.2
      vertex 17.2066 14.1626 3.2
    endloop
  endfacet
  facet normal 0.659339 -0.751846 0
    outer loop
      vertex 17.5 14.4199 3.2
      vertex 17.2066 14.1626 0
      vertex 17.5 14.4199 0
    endloop
  endfacet
  facet normal -0.946926 -0.321452 0
    outer loop
      vertex 18.9914 13.6844 0
      vertex 18.866 14.0538 3.2
      vertex 18.866 14.0538 0
    endloop
  endfacet
  facet normal -0.946926 -0.321452 0
    outer loop
      vertex 18.866 14.0538 3.2
      vertex 18.9914 13.6844 0
      vertex 18.9914 13.6844 3.2
    endloop
  endfacet
  facet normal 0.321374 -0.946952 0
    outer loop
      vertex 17.5 14.4199 0
      vertex 17.8695 14.5453 3.2
      vertex 17.5 14.4199 3.2
    endloop
  endfacet
  facet normal 0.321374 -0.946952 0
    outer loop
      vertex 17.8695 14.5453 3.2
      vertex 17.5 14.4199 0
      vertex 17.8695 14.5453 0
    endloop
  endfacet
  facet normal -0.442287 -0.896874 0
    outer loop
      vertex 18.2588 14.5198 0
      vertex 18.6088 14.3472 3.2
      vertex 18.2588 14.5198 3.2
    endloop
  endfacet
  facet normal -0.442287 -0.896874 -0
    outer loop
      vertex 18.6088 14.3472 3.2
      vertex 18.2588 14.5198 0
      vertex 18.6088 14.3472 0
    endloop
  endfacet
  facet normal 0.997863 -0.0653454 0
    outer loop
      vertex 17.0086 13.4233 3.2
      vertex 17.0341 13.8127 0
      vertex 17.0341 13.8127 3.2
    endloop
  endfacet
  facet normal 0.997863 -0.0653454 0
    outer loop
      vertex 17.0341 13.8127 0
      vertex 17.0086 13.4233 3.2
      vertex 17.0086 13.4233 0
    endloop
  endfacet
  facet normal -0.997862 -0.0653621 0
    outer loop
      vertex 21.1876 15.6195 0
      vertex 21.1621 16.0088 3.2
      vertex 21.1621 16.0088 0
    endloop
  endfacet
  facet normal -0.997862 -0.0653621 0
    outer loop
      vertex 21.1621 16.0088 3.2
      vertex 21.1876 15.6195 0
      vertex 21.1876 15.6195 3.2
    endloop
  endfacet
  facet normal -0.896874 -0.442287 0
    outer loop
      vertex 21.1621 16.0088 0
      vertex 20.9895 16.3588 3.2
      vertex 20.9895 16.3588 0
    endloop
  endfacet
  facet normal -0.896874 -0.442287 0
    outer loop
      vertex 20.9895 16.3588 3.2
      vertex 21.1621 16.0088 0
      vertex 21.1621 16.0088 3.2
    endloop
  endfacet
  facet normal -0.659321 -0.751862 0
    outer loop
      vertex 20.6962 16.616 0
      vertex 20.9895 16.3588 3.2
      vertex 20.6962 16.616 3.2
    endloop
  endfacet
  facet normal -0.659321 -0.751862 -0
    outer loop
      vertex 20.9895 16.3588 3.2
      vertex 20.6962 16.616 0
      vertex 20.9895 16.3588 0
    endloop
  endfacet
  facet normal -0.751846 0.659339 0
    outer loop
      vertex 20.8049 14.9566 0
      vertex 21.0622 15.25 3.2
      vertex 21.0622 15.25 0
    endloop
  endfacet
  facet normal -0.751846 0.659339 0
    outer loop
      vertex 21.0622 15.25 3.2
      vertex 20.8049 14.9566 0
      vertex 20.8049 14.9566 3.2
    endloop
  endfacet
  facet normal -0.946952 0.321374 0
    outer loop
      vertex 21.0622 15.25 0
      vertex 21.1876 15.6195 3.2
      vertex 21.1876 15.6195 0
    endloop
  endfacet
  facet normal -0.946952 0.321374 0
    outer loop
      vertex 21.1876 15.6195 3.2
      vertex 21.0622 15.25 0
      vertex 21.0622 15.25 3.2
    endloop
  endfacet
  facet normal -0.0653454 0.997863 0
    outer loop
      vertex 20.455 14.7841 0
      vertex 20.0656 14.7586 3.2
      vertex 20.455 14.7841 3.2
    endloop
  endfacet
  facet normal -0.0653454 0.997863 0
    outer loop
      vertex 20.0656 14.7586 3.2
      vertex 20.455 14.7841 0
      vertex 20.0656 14.7586 0
    endloop
  endfacet
  facet normal 0.896874 0.442287 0
    outer loop
      vertex 19.4028 15.1412 3.2
      vertex 19.2302 15.4912 0
      vertex 19.2302 15.4912 3.2
    endloop
  endfacet
  facet normal 0.896874 0.442287 0
    outer loop
      vertex 19.2302 15.4912 0
      vertex 19.4028 15.1412 3.2
      vertex 19.4028 15.1412 0
    endloop
  endfacet
  facet normal -0.442182 0.896925 0
    outer loop
      vertex 20.8049 14.9566 0
      vertex 20.455 14.7841 3.2
      vertex 20.8049 14.9566 3.2
    endloop
  endfacet
  facet normal -0.442182 0.896925 0
    outer loop
      vertex 20.455 14.7841 3.2
      vertex 20.8049 14.9566 0
      vertex 20.455 14.7841 0
    endloop
  endfacet
  facet normal 0.946952 -0.321374 0
    outer loop
      vertex 19.2047 15.8805 3.2
      vertex 19.3301 16.25 0
      vertex 19.3301 16.25 3.2
    endloop
  endfacet
  facet normal 0.946952 -0.321374 0
    outer loop
      vertex 19.3301 16.25 0
      vertex 19.2047 15.8805 3.2
      vertex 19.2047 15.8805 0
    endloop
  endfacet
  facet normal 0.0653454 -0.997863 0
    outer loop
      vertex 19.9373 16.7159 0
      vertex 20.3267 16.7414 3.2
      vertex 19.9373 16.7159 3.2
    endloop
  endfacet
  facet normal 0.0653454 -0.997863 0
    outer loop
      vertex 20.3267 16.7414 3.2
      vertex 19.9373 16.7159 0
      vertex 20.3267 16.7414 0
    endloop
  endfacet
  facet normal -0.321374 -0.946952 0
    outer loop
      vertex 20.3267 16.7414 0
      vertex 20.6962 16.616 3.2
      vertex 20.3267 16.7414 3.2
    endloop
  endfacet
  facet normal -0.321374 -0.946952 -0
    outer loop
      vertex 20.6962 16.616 3.2
      vertex 20.3267 16.7414 0
      vertex 20.6962 16.616 0
    endloop
  endfacet
  facet normal 0.751846 -0.659339 0
    outer loop
      vertex 19.3301 16.25 3.2
      vertex 19.5874 16.5434 0
      vertex 19.5874 16.5434 3.2
    endloop
  endfacet
  facet normal 0.751846 -0.659339 0
    outer loop
      vertex 19.5874 16.5434 0
      vertex 19.3301 16.25 3.2
      vertex 19.3301 16.25 0
    endloop
  endfacet
  facet normal 0.997862 0.0653621 0
    outer loop
      vertex 19.2302 15.4912 3.2
      vertex 19.2047 15.8805 0
      vertex 19.2047 15.8805 3.2
    endloop
  endfacet
  facet normal 0.997862 0.0653621 0
    outer loop
      vertex 19.2047 15.8805 0
      vertex 19.2302 15.4912 3.2
      vertex 19.2302 15.4912 0
    endloop
  endfacet
  facet normal 0.659194 0.751973 -0
    outer loop
      vertex 19.6962 14.884 0
      vertex 19.4028 15.1412 3.2
      vertex 19.6962 14.884 3.2
    endloop
  endfacet
  facet normal 0.659194 0.751973 0
    outer loop
      vertex 19.4028 15.1412 3.2
      vertex 19.6962 14.884 0
      vertex 19.4028 15.1412 0
    endloop
  endfacet
  facet normal 0.321452 0.946926 -0
    outer loop
      vertex 20.0656 14.7586 0
      vertex 19.6962 14.884 3.2
      vertex 20.0656 14.7586 3.2
    endloop
  endfacet
  facet normal 0.321452 0.946926 0
    outer loop
      vertex 19.6962 14.884 3.2
      vertex 20.0656 14.7586 0
      vertex 19.6962 14.884 0
    endloop
  endfacet
  facet normal 0.442182 -0.896925 0
    outer loop
      vertex 19.5874 16.5434 0
      vertex 19.9373 16.7159 3.2
      vertex 19.5874 16.5434 3.2
    endloop
  endfacet
  facet normal 0.442182 -0.896925 0
    outer loop
      vertex 19.9373 16.7159 3.2
      vertex 19.5874 16.5434 0
      vertex 19.9373 16.7159 0
    endloop
  endfacet
  facet normal 0.195032 0.980797 -0
    outer loop
      vertex 24 17.75 0
      vertex 23.6173 17.8261 3.2
      vertex 24 17.75 3.2
    endloop
  endfacet
  facet normal 0.195032 0.980797 0
    outer loop
      vertex 23.6173 17.8261 3.2
      vertex 24 17.75 0
      vertex 23.6173 17.8261 0
    endloop
  endfacet
  facet normal -0.831419 0.555646 0
    outer loop
      vertex 24.7071 18.0429 0
      vertex 24.9239 18.3673 3.2
      vertex 24.9239 18.3673 0
    endloop
  endfacet
  facet normal -0.831419 0.555646 0
    outer loop
      vertex 24.9239 18.3673 3.2
      vertex 24.7071 18.0429 0
      vertex 24.7071 18.0429 3.2
    endloop
  endfacet
  facet normal -0.831419 -0.555646 0
    outer loop
      vertex 24.9239 19.1327 0
      vertex 24.7071 19.4571 3.2
      vertex 24.7071 19.4571 0
    endloop
  endfacet
  facet normal -0.831419 -0.555646 0
    outer loop
      vertex 24.7071 19.4571 3.2
      vertex 24.9239 19.1327 0
      vertex 24.9239 19.1327 3.2
    endloop
  endfacet
  facet normal -0.980797 -0.195032 0
    outer loop
      vertex 25 18.75 0
      vertex 24.9239 19.1327 3.2
      vertex 24.9239 19.1327 0
    endloop
  endfacet
  facet normal -0.980797 -0.195032 0
    outer loop
      vertex 24.9239 19.1327 3.2
      vertex 25 18.75 0
      vertex 25 18.75 3.2
    endloop
  endfacet
  facet normal -0.555646 -0.831419 0
    outer loop
      vertex 24.3827 19.6739 0
      vertex 24.7071 19.4571 3.2
      vertex 24.3827 19.6739 3.2
    endloop
  endfacet
  facet normal -0.555646 -0.831419 -0
    outer loop
      vertex 24.7071 19.4571 3.2
      vertex 24.3827 19.6739 0
      vertex 24.7071 19.4571 0
    endloop
  endfacet
  facet normal 0.980797 0.195032 0
    outer loop
      vertex 23.0761 18.3673 3.2
      vertex 23 18.75 0
      vertex 23 18.75 3.2
    endloop
  endfacet
  facet normal 0.980797 0.195032 0
    outer loop
      vertex 23 18.75 0
      vertex 23.0761 18.3673 3.2
      vertex 23.0761 18.3673 0
    endloop
  endfacet
  facet normal -0.555646 0.831419 0
    outer loop
      vertex 24.7071 18.0429 0
      vertex 24.3827 17.8261 3.2
      vertex 24.7071 18.0429 3.2
    endloop
  endfacet
  facet normal -0.555646 0.831419 0
    outer loop
      vertex 24.3827 17.8261 3.2
      vertex 24.7071 18.0429 0
      vertex 24.3827 17.8261 0
    endloop
  endfacet
  facet normal 0.831419 -0.555646 0
    outer loop
      vertex 23.0761 19.1327 3.2
      vertex 23.2929 19.4571 0
      vertex 23.2929 19.4571 3.2
    endloop
  endfacet
  facet normal 0.831419 -0.555646 0
    outer loop
      vertex 23.2929 19.4571 0
      vertex 23.0761 19.1327 3.2
      vertex 23.0761 19.1327 0
    endloop
  endfacet
  facet normal 0.195032 -0.980797 0
    outer loop
      vertex 23.6173 19.6739 0
      vertex 24 19.75 3.2
      vertex 23.6173 19.6739 3.2
    endloop
  endfacet
  facet normal 0.195032 -0.980797 0
    outer loop
      vertex 24 19.75 3.2
      vertex 23.6173 19.6739 0
      vertex 24 19.75 0
    endloop
  endfacet
  facet normal 0.555646 -0.831419 0
    outer loop
      vertex 23.2929 19.4571 0
      vertex 23.6173 19.6739 3.2
      vertex 23.2929 19.4571 3.2
    endloop
  endfacet
  facet normal 0.555646 -0.831419 0
    outer loop
      vertex 23.6173 19.6739 3.2
      vertex 23.2929 19.4571 0
      vertex 23.6173 19.6739 0
    endloop
  endfacet
  facet normal -0.980797 0.195032 0
    outer loop
      vertex 24.9239 18.3673 0
      vertex 25 18.75 3.2
      vertex 25 18.75 0
    endloop
  endfacet
  facet normal -0.980797 0.195032 0
    outer loop
      vertex 25 18.75 3.2
      vertex 24.9239 18.3673 0
      vertex 24.9239 18.3673 3.2
    endloop
  endfacet
  facet normal 0.980797 -0.195032 0
    outer loop
      vertex 23 18.75 3.2
      vertex 23.0761 19.1327 0
      vertex 23.0761 19.1327 3.2
    endloop
  endfacet
  facet normal 0.980797 -0.195032 0
    outer loop
      vertex 23.0761 19.1327 0
      vertex 23 18.75 3.2
      vertex 23 18.75 0
    endloop
  endfacet
  facet normal 0.831419 0.555646 0
    outer loop
      vertex 23.2929 18.0429 3.2
      vertex 23.0761 18.3673 0
      vertex 23.0761 18.3673 3.2
    endloop
  endfacet
  facet normal 0.831419 0.555646 0
    outer loop
      vertex 23.0761 18.3673 0
      vertex 23.2929 18.0429 3.2
      vertex 23.2929 18.0429 0
    endloop
  endfacet
  facet normal -0.195032 -0.980797 0
    outer loop
      vertex 24 19.75 0
      vertex 24.3827 19.6739 3.2
      vertex 24 19.75 3.2
    endloop
  endfacet
  facet normal -0.195032 -0.980797 -0
    outer loop
      vertex 24.3827 19.6739 3.2
      vertex 24 19.75 0
      vertex 24.3827 19.6739 0
    endloop
  endfacet
  facet normal -0.195032 0.980797 0
    outer loop
      vertex 24.3827 17.8261 0
      vertex 24 17.75 3.2
      vertex 24.3827 17.8261 3.2
    endloop
  endfacet
  facet normal -0.195032 0.980797 0
    outer loop
      vertex 24 17.75 3.2
      vertex 24.3827 17.8261 0
      vertex 24 17.75 0
    endloop
  endfacet
  facet normal 0.555646 0.831419 -0
    outer loop
      vertex 23.6173 17.8261 0
      vertex 23.2929 18.0429 3.2
      vertex 23.6173 17.8261 3.2
    endloop
  endfacet
  facet normal 0.555646 0.831419 0
    outer loop
      vertex 23.2929 18.0429 3.2
      vertex 23.6173 17.8261 0
      vertex 23.2929 18.0429 0
    endloop
  endfacet
  facet normal -0.591353 -0.806413 0
    outer loop
      vertex 23.8799 22.7345 0
      vertex 24.1945 22.5038 3.2
      vertex 23.8799 22.7345 3.2
    endloop
  endfacet
  facet normal -0.591353 -0.806413 -0
    outer loop
      vertex 24.1945 22.5038 3.2
      vertex 23.8799 22.7345 0
      vertex 24.1945 22.5038 0
    endloop
  endfacet
  facet normal -0.85495 -0.518711 0
    outer loop
      vertex 24.3969 22.1702 0
      vertex 24.1945 22.5038 3.2
      vertex 24.1945 22.5038 0
    endloop
  endfacet
  facet normal -0.85495 -0.518711 0
    outer loop
      vertex 24.1945 22.5038 3.2
      vertex 24.3969 22.1702 0
      vertex 24.3969 22.1702 3.2
    endloop
  endfacet
  facet normal -0.237587 -0.971366 0
    outer loop
      vertex 23.5009 22.8272 0
      vertex 23.8799 22.7345 3.2
      vertex 23.5009 22.8272 3.2
    endloop
  endfacet
  facet normal -0.237587 -0.971366 -0
    outer loop
      vertex 23.8799 22.7345 3.2
      vertex 23.5009 22.8272 0
      vertex 23.8799 22.7345 0
    endloop
  endfacet
  facet normal 0.151961 -0.988387 0
    outer loop
      vertex 23.1152 22.7679 0
      vertex 23.5009 22.8272 3.2
      vertex 23.1152 22.7679 3.2
    endloop
  endfacet
  facet normal 0.151961 -0.988387 0
    outer loop
      vertex 23.5009 22.8272 3.2
      vertex 23.1152 22.7679 0
      vertex 23.5009 22.8272 0
    endloop
  endfacet
  facet normal 0.591353 0.806413 -0
    outer loop
      vertex 23.0346 20.9219 0
      vertex 22.72 21.1526 3.2
      vertex 23.0346 20.9219 3.2
    endloop
  endfacet
  facet normal 0.591353 0.806413 0
    outer loop
      vertex 22.72 21.1526 3.2
      vertex 23.0346 20.9219 0
      vertex 22.72 21.1526 0
    endloop
  endfacet
  facet normal -0.971307 0.237829 0
    outer loop
      vertex 24.3635 21.4056 0
      vertex 24.4563 21.7846 3.2
      vertex 24.4563 21.7846 0
    endloop
  endfacet
  facet normal -0.971307 0.237829 0
    outer loop
      vertex 24.4563 21.7846 3.2
      vertex 24.3635 21.4056 0
      vertex 24.3635 21.4056 3.2
    endloop
  endfacet
  facet normal 0.806503 -0.59123 0
    outer loop
      vertex 22.5509 22.2508 3.2
      vertex 22.7816 22.5655 0
      vertex 22.7816 22.5655 3.2
    endloop
  endfacet
  facet normal 0.806503 -0.59123 0
    outer loop
      vertex 22.7816 22.5655 0
      vertex 22.5509 22.2508 3.2
      vertex 22.5509 22.2508 0
    endloop
  endfacet
  facet normal -0.806503 0.59123 0
    outer loop
      vertex 24.1328 21.0909 0
      vertex 24.3635 21.4056 3.2
      vertex 24.3635 21.4056 0
    endloop
  endfacet
  facet normal -0.806503 0.59123 0
    outer loop
      vertex 24.3635 21.4056 3.2
      vertex 24.1328 21.0909 0
      vertex 24.1328 21.0909 3.2
    endloop
  endfacet
  facet normal 0.237829 0.971307 -0
    outer loop
      vertex 23.4136 20.8291 0
      vertex 23.0346 20.9219 3.2
      vertex 23.4136 20.8291 3.2
    endloop
  endfacet
  facet normal 0.237829 0.971307 0
    outer loop
      vertex 23.0346 20.9219 3.2
      vertex 23.4136 20.8291 0
      vertex 23.0346 20.9219 0
    endloop
  endfacet
  facet normal 0.971366 -0.237587 0
    outer loop
      vertex 22.4582 21.8718 3.2
      vertex 22.5509 22.2508 0
      vertex 22.5509 22.2508 3.2
    endloop
  endfacet
  facet normal 0.971366 -0.237587 0
    outer loop
      vertex 22.5509 22.2508 0
      vertex 22.4582 21.8718 3.2
      vertex 22.4582 21.8718 0
    endloop
  endfacet
  facet normal -0.518824 0.854881 0
    outer loop
      vertex 24.1328 21.0909 0
      vertex 23.7993 20.8885 3.2
      vertex 24.1328 21.0909 3.2
    endloop
  endfacet
  facet normal -0.518824 0.854881 0
    outer loop
      vertex 23.7993 20.8885 3.2
      vertex 24.1328 21.0909 0
      vertex 23.7993 20.8885 0
    endloop
  endfacet
  facet normal 0.988381 0.151999 0
    outer loop
      vertex 22.5175 21.4862 3.2
      vertex 22.4582 21.8718 0
      vertex 22.4582 21.8718 3.2
    endloop
  endfacet
  facet normal 0.988381 0.151999 0
    outer loop
      vertex 22.4582 21.8718 0
      vertex 22.5175 21.4862 3.2
      vertex 22.5175 21.4862 0
    endloop
  endfacet
  facet normal 0.854836 0.518898 0
    outer loop
      vertex 22.72 21.1526 3.2
      vertex 22.5175 21.4862 0
      vertex 22.5175 21.4862 3.2
    endloop
  endfacet
  facet normal 0.854836 0.518898 0
    outer loop
      vertex 22.5175 21.4862 0
      vertex 22.72 21.1526 3.2
      vertex 22.72 21.1526 0
    endloop
  endfacet
  facet normal 0.518711 -0.85495 0
    outer loop
      vertex 22.7816 22.5655 0
      vertex 23.1152 22.7679 3.2
      vertex 22.7816 22.5655 3.2
    endloop
  endfacet
  facet normal 0.518711 -0.85495 0
    outer loop
      vertex 23.1152 22.7679 3.2
      vertex 22.7816 22.5655 0
      vertex 23.1152 22.7679 0
    endloop
  endfacet
  facet normal -0.988342 -0.15225 0
    outer loop
      vertex 24.4563 21.7846 0
      vertex 24.3969 22.1702 3.2
      vertex 24.3969 22.1702 0
    endloop
  endfacet
  facet normal -0.988342 -0.15225 0
    outer loop
      vertex 24.3969 22.1702 3.2
      vertex 24.4563 21.7846 0
      vertex 24.4563 21.7846 3.2
    endloop
  endfacet
  facet normal -0.152211 0.988348 0
    outer loop
      vertex 23.7993 20.8885 0
      vertex 23.4136 20.8291 3.2
      vertex 23.7993 20.8885 3.2
    endloop
  endfacet
  facet normal -0.152211 0.988348 0
    outer loop
      vertex 23.4136 20.8291 3.2
      vertex 23.7993 20.8885 0
      vertex 23.4136 20.8291 0
    endloop
  endfacet
  facet normal -0.279931 -0.96002 0
    outer loop
      vertex 21.9816 25.5313 0
      vertex 22.3561 25.4221 3.2
      vertex 21.9816 25.5313 3.2
    endloop
  endfacet
  facet normal -0.279931 -0.96002 -0
    outer loop
      vertex 22.3561 25.4221 3.2
      vertex 21.9816 25.5313 0
      vertex 22.3561 25.4221 0
    endloop
  endfacet
  facet normal -0.625882 -0.779918 0
    outer loop
      vertex 22.3561 25.4221 0
      vertex 22.6604 25.1779 3.2
      vertex 22.3561 25.4221 3.2
    endloop
  endfacet
  facet normal -0.625882 -0.779918 -0
    outer loop
      vertex 22.6604 25.1779 3.2
      vertex 22.3561 25.4221 0
      vertex 22.6604 25.1779 0
    endloop
  endfacet
  facet normal 0.108913 -0.994051 0
    outer loop
      vertex 21.5937 25.4888 0
      vertex 21.9816 25.5313 3.2
      vertex 21.5937 25.4888 3.2
    endloop
  endfacet
  facet normal 0.108913 -0.994051 0
    outer loop
      vertex 21.9816 25.5313 3.2
      vertex 21.5937 25.4888 0
      vertex 21.9816 25.5313 0
    endloop
  endfacet
  facet normal -0.96004 0.279862 0
    outer loop
      vertex 22.7814 24.0733 0
      vertex 22.8906 24.4479 3.2
      vertex 22.8906 24.4479 0
    endloop
  endfacet
  facet normal -0.96004 0.279862 0
    outer loop
      vertex 22.8906 24.4479 3.2
      vertex 22.7814 24.0733 0
      vertex 22.7814 24.0733 3.2
    endloop
  endfacet
  facet normal -0.779918 0.625882 0
    outer loop
      vertex 22.5372 23.769 0
      vertex 22.7814 24.0733 3.2
      vertex 22.7814 24.0733 0
    endloop
  endfacet
  facet normal -0.779918 0.625882 0
    outer loop
      vertex 22.7814 24.0733 3.2
      vertex 22.5372 23.769 0
      vertex 22.5372 23.769 3.2
    endloop
  endfacet
  facet normal 0.994048 0.10894 0
    outer loop
      vertex 20.9407 24.2344 3.2
      vertex 20.8982 24.6222 0
      vertex 20.8982 24.6222 3.2
    endloop
  endfacet
  facet normal 0.994048 0.10894 0
    outer loop
      vertex 20.8982 24.6222 0
      vertex 20.9407 24.2344 3.2
      vertex 20.9407 24.2344 0
    endloop
  endfacet
  facet normal -0.876708 -0.481023 0
    outer loop
      vertex 22.8481 24.8358 0
      vertex 22.6604 25.1779 3.2
      vertex 22.6604 25.1779 0
    endloop
  endfacet
  facet normal -0.876708 -0.481023 0
    outer loop
      vertex 22.6604 25.1779 3.2
      vertex 22.8481 24.8358 0
      vertex 22.8481 24.8358 3.2
    endloop
  endfacet
  facet normal 0.779918 -0.625882 0
    outer loop
      vertex 21.0074 24.9968 3.2
      vertex 21.2516 25.3011 0
      vertex 21.2516 25.3011 3.2
    endloop
  endfacet
  facet normal 0.779918 -0.625882 0
    outer loop
      vertex 21.2516 25.3011 0
      vertex 21.0074 24.9968 3.2
      vertex 21.0074 24.9968 0
    endloop
  endfacet
  facet normal -0.480826 0.876816 0
    outer loop
      vertex 22.5372 23.769 0
      vertex 22.1951 23.5814 3.2
      vertex 22.5372 23.769 3.2
    endloop
  endfacet
  facet normal -0.480826 0.876816 0
    outer loop
      vertex 22.1951 23.5814 3.2
      vertex 22.5372 23.769 0
      vertex 22.1951 23.5814 0
    endloop
  endfacet
  facet normal 0.876708 0.481023 0
    outer loop
      vertex 21.1284 23.8923 3.2
      vertex 20.9407 24.2344 0
      vertex 20.9407 24.2344 3.2
    endloop
  endfacet
  facet normal 0.876708 0.481023 0
    outer loop
      vertex 20.9407 24.2344 0
      vertex 21.1284 23.8923 3.2
      vertex 21.1284 23.8923 0
    endloop
  endfacet
  facet normal -0.994051 -0.108913 0
    outer loop
      vertex 22.8906 24.4479 0
      vertex 22.8481 24.8358 3.2
      vertex 22.8481 24.8358 0
    endloop
  endfacet
  facet normal -0.994051 -0.108913 0
    outer loop
      vertex 22.8481 24.8358 3.2
      vertex 22.8906 24.4479 0
      vertex 22.8906 24.4479 3.2
    endloop
  endfacet
  facet normal 0.481023 -0.876708 0
    outer loop
      vertex 21.2516 25.3011 0
      vertex 21.5937 25.4888 3.2
      vertex 21.2516 25.3011 3.2
    endloop
  endfacet
  facet normal 0.481023 -0.876708 0
    outer loop
      vertex 21.5937 25.4888 3.2
      vertex 21.2516 25.3011 0
      vertex 21.5937 25.4888 0
    endloop
  endfacet
  facet normal 0.279931 0.96002 -0
    outer loop
      vertex 21.8072 23.5389 0
      vertex 21.4327 23.6481 3.2
      vertex 21.8072 23.5389 3.2
    endloop
  endfacet
  facet normal 0.279931 0.96002 0
    outer loop
      vertex 21.4327 23.6481 3.2
      vertex 21.8072 23.5389 0
      vertex 21.4327 23.6481 0
    endloop
  endfacet
  facet normal 0.625882 0.779918 -0
    outer loop
      vertex 21.4327 23.6481 0
      vertex 21.1284 23.8923 3.2
      vertex 21.4327 23.6481 3.2
    endloop
  endfacet
  facet normal 0.625882 0.779918 0
    outer loop
      vertex 21.1284 23.8923 3.2
      vertex 21.4327 23.6481 0
      vertex 21.1284 23.8923 0
    endloop
  endfacet
  facet normal 0.96004 -0.279862 0
    outer loop
      vertex 20.8982 24.6222 3.2
      vertex 21.0074 24.9968 0
      vertex 21.0074 24.9968 3.2
    endloop
  endfacet
  facet normal 0.96004 -0.279862 0
    outer loop
      vertex 21.0074 24.9968 0
      vertex 20.8982 24.6222 3.2
      vertex 20.8982 24.6222 0
    endloop
  endfacet
  facet normal -0.108913 0.994051 0
    outer loop
      vertex 22.1951 23.5814 0
      vertex 21.8072 23.5389 3.2
      vertex 22.1951 23.5814 3.2
    endloop
  endfacet
  facet normal -0.108913 0.994051 0
    outer loop
      vertex 21.8072 23.5389 3.2
      vertex 22.1951 23.5814 0
      vertex 21.8072 23.5389 0
    endloop
  endfacet
  facet normal 0.0653621 -0.997862 0
    outer loop
      vertex 19.2412 27.5102 0
      vertex 19.6305 27.5357 3.2
      vertex 19.2412 27.5102 3.2
    endloop
  endfacet
  facet normal 0.0653621 -0.997862 0
    outer loop
      vertex 19.6305 27.5357 3.2
      vertex 19.2412 27.5102 0
      vertex 19.6305 27.5357 0
    endloop
  endfacet
  facet normal -0.321374 -0.946952 0
    outer loop
      vertex 19.6305 27.5357 0
      vertex 20 27.4103 3.2
      vertex 19.6305 27.5357 3.2
    endloop
  endfacet
  facet normal -0.321374 -0.946952 -0
    outer loop
      vertex 20 27.4103 3.2
      vertex 19.6305 27.5357 0
      vertex 20 27.4103 0
    endloop
  endfacet
  facet normal 0.442287 -0.896874 0
    outer loop
      vertex 18.8912 27.3376 0
      vertex 19.2412 27.5102 3.2
      vertex 18.8912 27.3376 3.2
    endloop
  endfacet
  facet normal 0.442287 -0.896874 0
    outer loop
      vertex 19.2412 27.5102 3.2
      vertex 18.8912 27.3376 0
      vertex 19.2412 27.5102 0
    endloop
  endfacet
  facet normal 0.321374 0.946952 -0
    outer loop
      vertex 19.3695 25.5528 0
      vertex 19 25.6782 3.2
      vertex 19.3695 25.5528 3.2
    endloop
  endfacet
  facet normal 0.321374 0.946952 0
    outer loop
      vertex 19 25.6782 3.2
      vertex 19.3695 25.5528 0
      vertex 19 25.6782 0
    endloop
  endfacet
  facet normal -0.997862 -0.0653621 0
    outer loop
      vertex 20.4914 26.4137 0
      vertex 20.4659 26.803 3.2
      vertex 20.4659 26.803 0
    endloop
  endfacet
  facet normal -0.997862 -0.0653621 0
    outer loop
      vertex 20.4659 26.803 3.2
      vertex 20.4914 26.4137 0
      vertex 20.4914 26.4137 3.2
    endloop
  endfacet
  facet normal 0.896925 0.442182 0
    outer loop
      vertex 18.7066 25.9355 3.2
      vertex 18.5341 26.2854 0
      vertex 18.5341 26.2854 3.2
    endloop
  endfacet
  facet normal 0.896925 0.442182 0
    outer loop
      vertex 18.5341 26.2854 0
      vertex 18.7066 25.9355 3.2
      vertex 18.7066 25.9355 0
    endloop
  endfacet
  facet normal -0.751862 0.659321 0
    outer loop
      vertex 20.1088 25.7509 0
      vertex 20.366 26.0442 3.2
      vertex 20.366 26.0442 0
    endloop
  endfacet
  facet normal -0.751862 0.659321 0
    outer loop
      vertex 20.366 26.0442 3.2
      vertex 20.1088 25.7509 0
      vertex 20.1088 25.7509 3.2
    endloop
  endfacet
  facet normal 0.946926 -0.321452 0
    outer loop
      vertex 18.5086 26.6748 3.2
      vertex 18.634 27.0442 0
      vertex 18.634 27.0442 3.2
    endloop
  endfacet
  facet normal 0.946926 -0.321452 0
    outer loop
      vertex 18.634 27.0442 0
      vertex 18.5086 26.6748 3.2
      vertex 18.5086 26.6748 0
    endloop
  endfacet
  facet normal 0.997863 0.0653454 0
    outer loop
      vertex 18.5341 26.2854 3.2
      vertex 18.5086 26.6748 0
      vertex 18.5086 26.6748 3.2
    endloop
  endfacet
  facet normal 0.997863 0.0653454 0
    outer loop
      vertex 18.5086 26.6748 0
      vertex 18.5341 26.2854 3.2
      vertex 18.5341 26.2854 0
    endloop
  endfacet
  facet normal 0.659339 0.751846 -0
    outer loop
      vertex 19 25.6782 0
      vertex 18.7066 25.9355 3.2
      vertex 19 25.6782 3.2
    endloop
  endfacet
  facet normal 0.659339 0.751846 0
    outer loop
      vertex 18.7066 25.9355 3.2
      vertex 19 25.6782 0
      vertex 18.7066 25.9355 0
    endloop
  endfacet
  facet normal -0.896975 -0.442081 0
    outer loop
      vertex 20.4659 26.803 0
      vertex 20.2934 27.153 3.2
      vertex 20.2934 27.153 0
    endloop
  endfacet
  facet normal -0.896975 -0.442081 0
    outer loop
      vertex 20.2934 27.153 3.2
      vertex 20.4659 26.803 0
      vertex 20.4659 26.803 3.2
    endloop
  endfacet
  facet normal -0.659339 -0.751846 0
    outer loop
      vertex 20 27.4103 0
      vertex 20.2934 27.153 3.2
      vertex 20 27.4103 3.2
    endloop
  endfacet
  facet normal -0.659339 -0.751846 -0
    outer loop
      vertex 20.2934 27.153 3.2
      vertex 20 27.4103 0
      vertex 20.2934 27.153 0
    endloop
  endfacet
  facet normal -0.0653621 0.997862 0
    outer loop
      vertex 19.7588 25.5783 0
      vertex 19.3695 25.5528 3.2
      vertex 19.7588 25.5783 3.2
    endloop
  endfacet
  facet normal -0.0653621 0.997862 0
    outer loop
      vertex 19.3695 25.5528 3.2
      vertex 19.7588 25.5783 0
      vertex 19.3695 25.5528 0
    endloop
  endfacet
  facet normal -0.946952 0.321374 0
    outer loop
      vertex 20.366 26.0442 0
      vertex 20.4914 26.4137 3.2
      vertex 20.4914 26.4137 0
    endloop
  endfacet
  facet normal -0.946952 0.321374 0
    outer loop
      vertex 20.4914 26.4137 3.2
      vertex 20.366 26.0442 0
      vertex 20.366 26.0442 3.2
    endloop
  endfacet
  facet normal 0.751973 -0.659194 0
    outer loop
      vertex 18.634 27.0442 3.2
      vertex 18.8912 27.3376 0
      vertex 18.8912 27.3376 3.2
    endloop
  endfacet
  facet normal 0.751973 -0.659194 0
    outer loop
      vertex 18.8912 27.3376 0
      vertex 18.634 27.0442 3.2
      vertex 18.634 27.0442 0
    endloop
  endfacet
  facet normal -0.442287 0.896874 0
    outer loop
      vertex 20.1088 25.7509 0
      vertex 19.7588 25.5783 3.2
      vertex 20.1088 25.7509 3.2
    endloop
  endfacet
  facet normal -0.442287 0.896874 0
    outer loop
      vertex 19.7588 25.5783 3.2
      vertex 20.1088 25.7509 0
      vertex 19.7588 25.5783 0
    endloop
  endfacet
  facet normal 0.402902 -0.915243 0
    outer loop
      vertex 15.9893 28.4324 0
      vertex 16.3464 28.5896 3.2
      vertex 15.9893 28.4324 3.2
    endloop
  endfacet
  facet normal 0.402902 -0.915243 0
    outer loop
      vertex 16.3464 28.5896 3.2
      vertex 15.9893 28.4324 0
      vertex 16.3464 28.5896 0
    endloop
  endfacet
  facet normal 0.0217841 -0.999763 0
    outer loop
      vertex 16.3464 28.5896 0
      vertex 16.7365 28.5981 3.2
      vertex 16.3464 28.5896 3.2
    endloop
  endfacet
  facet normal 0.0217841 -0.999763 0
    outer loop
      vertex 16.7365 28.5981 3.2
      vertex 16.3464 28.5896 0
      vertex 16.7365 28.5981 0
    endloop
  endfacet
  facet normal 0.722191 -0.691694 0
    outer loop
      vertex 15.7194 28.1506 3.2
      vertex 15.9893 28.4324 0
      vertex 15.9893 28.4324 3.2
    endloop
  endfacet
  facet normal 0.722191 -0.691694 0
    outer loop
      vertex 15.9893 28.4324 0
      vertex 15.7194 28.1506 3.2
      vertex 15.7194 28.1506 0
    endloop
  endfacet
  facet normal 0.932038 -0.36236 0
    outer loop
      vertex 15.578 27.7869 3.2
      vertex 15.7194 28.1506 0
      vertex 15.7194 28.1506 3.2
    endloop
  endfacet
  facet normal 0.932038 -0.36236 0
    outer loop
      vertex 15.7194 28.1506 0
      vertex 15.578 27.7869 3.2
      vertex 15.578 27.7869 0
    endloop
  endfacet
  facet normal -0.362446 -0.932005 0
    outer loop
      vertex 16.7365 28.5981 0
      vertex 17.1001 28.4567 3.2
      vertex 16.7365 28.5981 3.2
    endloop
  endfacet
  facet normal -0.362446 -0.932005 -0
    outer loop
      vertex 17.1001 28.4567 3.2
      vertex 16.7365 28.5981 0
      vertex 17.1001 28.4567 0
    endloop
  endfacet
  facet normal 0.915243 0.402902 0
    outer loop
      vertex 15.7437 27.0397 3.2
      vertex 15.5865 27.3968 0
      vertex 15.5865 27.3968 3.2
    endloop
  endfacet
  facet normal 0.915243 0.402902 0
    outer loop
      vertex 15.5865 27.3968 0
      vertex 15.7437 27.0397 3.2
      vertex 15.7437 27.0397 0
    endloop
  endfacet
  facet normal 0.36236 0.932038 -0
    outer loop
      vertex 16.3892 26.6285 0
      vertex 16.0255 26.7699 3.2
      vertex 16.3892 26.6285 3.2
    endloop
  endfacet
  facet normal 0.36236 0.932038 0
    outer loop
      vertex 16.0255 26.7699 3.2
      vertex 16.3892 26.6285 0
      vertex 16.0255 26.7699 0
    endloop
  endfacet
  facet normal 0.69156 0.722319 -0
    outer loop
      vertex 16.0255 26.7699 0
      vertex 15.7437 27.0397 3.2
      vertex 16.0255 26.7699 3.2
    endloop
  endfacet
  facet normal 0.69156 0.722319 0
    outer loop
      vertex 15.7437 27.0397 3.2
      vertex 16.0255 26.7699 0
      vertex 15.7437 27.0397 0
    endloop
  endfacet
  facet normal -0.999763 -0.0217841 0
    outer loop
      vertex 17.5476 27.4396 0
      vertex 17.5391 27.8297 3.2
      vertex 17.5391 27.8297 0
    endloop
  endfacet
  facet normal -0.999763 -0.0217841 0
    outer loop
      vertex 17.5391 27.8297 3.2
      vertex 17.5476 27.4396 0
      vertex 17.5476 27.4396 3.2
    endloop
  endfacet
  facet normal -0.691566 -0.722313 0
    outer loop
      vertex 17.1001 28.4567 0
      vertex 17.382 28.1868 3.2
      vertex 17.1001 28.4567 3.2
    endloop
  endfacet
  facet normal -0.691566 -0.722313 -0
    outer loop
      vertex 17.382 28.1868 3.2
      vertex 17.1001 28.4567 0
      vertex 17.382 28.1868 0
    endloop
  endfacet
  facet normal 0.999763 0.0217841 0
    outer loop
      vertex 15.5865 27.3968 3.2
      vertex 15.578 27.7869 0
      vertex 15.578 27.7869 3.2
    endloop
  endfacet
  facet normal 0.999763 0.0217841 0
    outer loop
      vertex 15.578 27.7869 0
      vertex 15.5865 27.3968 3.2
      vertex 15.5865 27.3968 0
    endloop
  endfacet
  facet normal -0.932005 0.362446 0
    outer loop
      vertex 17.4062 27.076 0
      vertex 17.5476 27.4396 3.2
      vertex 17.5476 27.4396 0
    endloop
  endfacet
  facet normal -0.932005 0.362446 0
    outer loop
      vertex 17.5476 27.4396 3.2
      vertex 17.4062 27.076 0
      vertex 17.4062 27.076 3.2
    endloop
  endfacet
  facet normal -0.722441 0.691432 0
    outer loop
      vertex 17.1364 26.7941 0
      vertex 17.4062 27.076 3.2
      vertex 17.4062 27.076 0
    endloop
  endfacet
  facet normal -0.722441 0.691432 0
    outer loop
      vertex 17.4062 27.076 3.2
      vertex 17.1364 26.7941 0
      vertex 17.1364 26.7941 3.2
    endloop
  endfacet
  facet normal -0.915338 -0.402687 0
    outer loop
      vertex 17.5391 27.8297 0
      vertex 17.382 28.1868 3.2
      vertex 17.382 28.1868 0
    endloop
  endfacet
  facet normal -0.915338 -0.402687 0
    outer loop
      vertex 17.382 28.1868 3.2
      vertex 17.5391 27.8297 0
      vertex 17.5391 27.8297 3.2
    endloop
  endfacet
  facet normal -0.0217841 0.999763 0
    outer loop
      vertex 16.7793 26.637 0
      vertex 16.3892 26.6285 3.2
      vertex 16.7793 26.637 3.2
    endloop
  endfacet
  facet normal -0.0217841 0.999763 0
    outer loop
      vertex 16.3892 26.6285 3.2
      vertex 16.7793 26.637 0
      vertex 16.3892 26.6285 0
    endloop
  endfacet
  facet normal -0.402687 0.915338 0
    outer loop
      vertex 17.1364 26.7941 0
      vertex 16.7793 26.637 3.2
      vertex 17.1364 26.7941 3.2
    endloop
  endfacet
  facet normal -0.402687 0.915338 0
    outer loop
      vertex 16.7793 26.637 3.2
      vertex 17.1364 26.7941 0
      vertex 16.7793 26.637 0
    endloop
  endfacet
  facet normal 0.691566 -0.722313 0
    outer loop
      vertex 12.618 28.1868 0
      vertex 12.8999 28.4567 3.2
      vertex 12.618 28.1868 3.2
    endloop
  endfacet
  facet normal 0.691566 -0.722313 0
    outer loop
      vertex 12.8999 28.4567 3.2
      vertex 12.618 28.1868 0
      vertex 12.8999 28.4567 0
    endloop
  endfacet
  facet normal 0.362446 -0.932005 0
    outer loop
      vertex 12.8999 28.4567 0
      vertex 13.2635 28.5981 3.2
      vertex 12.8999 28.4567 3.2
    endloop
  endfacet
  facet normal 0.362446 -0.932005 0
    outer loop
      vertex 13.2635 28.5981 3.2
      vertex 12.8999 28.4567 0
      vertex 13.2635 28.5981 0
    endloop
  endfacet
  facet normal 0.915338 -0.402687 0
    outer loop
      vertex 12.4609 27.8297 3.2
      vertex 12.618 28.1868 0
      vertex 12.618 28.1868 3.2
    endloop
  endfacet
  facet normal 0.915338 -0.402687 0
    outer loop
      vertex 12.618 28.1868 0
      vertex 12.4609 27.8297 3.2
      vertex 12.4609 27.8297 0
    endloop
  endfacet
  facet normal 0.932005 0.362446 0
    outer loop
      vertex 12.5938 27.076 3.2
      vertex 12.4524 27.4396 0
      vertex 12.4524 27.4396 3.2
    endloop
  endfacet
  facet normal 0.932005 0.362446 0
    outer loop
      vertex 12.4524 27.4396 0
      vertex 12.5938 27.076 3.2
      vertex 12.5938 27.076 0
    endloop
  endfacet
  facet normal -0.932038 -0.36236 0
    outer loop
      vertex 14.422 27.7869 0
      vertex 14.2806 28.1506 3.2
      vertex 14.2806 28.1506 0
    endloop
  endfacet
  facet normal -0.932038 -0.36236 0
    outer loop
      vertex 14.2806 28.1506 3.2
      vertex 14.422 27.7869 0
      vertex 14.422 27.7869 3.2
    endloop
  endfacet
  facet normal -0.402902 -0.915243 0
    outer loop
      vertex 13.6536 28.5896 0
      vertex 14.0107 28.4324 3.2
      vertex 13.6536 28.5896 3.2
    endloop
  endfacet
  facet normal -0.402902 -0.915243 -0
    outer loop
      vertex 14.0107 28.4324 3.2
      vertex 13.6536 28.5896 0
      vertex 14.0107 28.4324 0
    endloop
  endfacet
  facet normal -0.999763 0.0217841 0
    outer loop
      vertex 14.4135 27.3968 0
      vertex 14.422 27.7869 3.2
      vertex 14.422 27.7869 0
    endloop
  endfacet
  facet normal -0.999763 0.0217841 0
    outer loop
      vertex 14.422 27.7869 3.2
      vertex 14.4135 27.3968 0
      vertex 14.4135 27.3968 3.2
    endloop
  endfacet
  facet normal -0.36236 0.932038 0
    outer loop
      vertex 13.9745 26.7699 0
      vertex 13.6108 26.6285 3.2
      vertex 13.9745 26.7699 3.2
    endloop
  endfacet
  facet normal -0.36236 0.932038 0
    outer loop
      vertex 13.6108 26.6285 3.2
      vertex 13.9745 26.7699 0
      vertex 13.6108 26.6285 0
    endloop
  endfacet
  facet normal 0.999763 -0.0217841 0
    outer loop
      vertex 12.4524 27.4396 3.2
      vertex 12.4609 27.8297 0
      vertex 12.4609 27.8297 3.2
    endloop
  endfacet
  facet normal 0.999763 -0.0217841 0
    outer loop
      vertex 12.4609 27.8297 0
      vertex 12.4524 27.4396 3.2
      vertex 12.4524 27.4396 0
    endloop
  endfacet
  facet normal 0.402687 0.915338 -0
    outer loop
      vertex 13.2207 26.637 0
      vertex 12.8636 26.7941 3.2
      vertex 13.2207 26.637 3.2
    endloop
  endfacet
  facet normal 0.402687 0.915338 0
    outer loop
      vertex 12.8636 26.7941 3.2
      vertex 13.2207 26.637 0
      vertex 12.8636 26.7941 0
    endloop
  endfacet
  facet normal -0.722191 -0.691694 0
    outer loop
      vertex 14.2806 28.1506 0
      vertex 14.0107 28.4324 3.2
      vertex 14.0107 28.4324 0
    endloop
  endfacet
  facet normal -0.722191 -0.691694 0
    outer loop
      vertex 14.0107 28.4324 3.2
      vertex 14.2806 28.1506 0
      vertex 14.2806 28.1506 3.2
    endloop
  endfacet
  facet normal -0.69156 0.722319 0
    outer loop
      vertex 14.2563 27.0397 0
      vertex 13.9745 26.7699 3.2
      vertex 14.2563 27.0397 3.2
    endloop
  endfacet
  facet normal -0.69156 0.722319 0
    outer loop
      vertex 13.9745 26.7699 3.2
      vertex 14.2563 27.0397 0
      vertex 13.9745 26.7699 0
    endloop
  endfacet
  facet normal 0.722441 0.691432 0
    outer loop
      vertex 12.8636 26.7941 3.2
      vertex 12.5938 27.076 0
      vertex 12.5938 27.076 3.2
    endloop
  endfacet
  facet normal 0.722441 0.691432 0
    outer loop
      vertex 12.5938 27.076 0
      vertex 12.8636 26.7941 3.2
      vertex 12.8636 26.7941 0
    endloop
  endfacet
  facet normal 0.0217841 0.999763 -0
    outer loop
      vertex 13.6108 26.6285 0
      vertex 13.2207 26.637 3.2
      vertex 13.6108 26.6285 3.2
    endloop
  endfacet
  facet normal 0.0217841 0.999763 0
    outer loop
      vertex 13.2207 26.637 3.2
      vertex 13.6108 26.6285 0
      vertex 13.2207 26.637 0
    endloop
  endfacet
  facet normal -0.915243 0.402902 0
    outer loop
      vertex 14.2563 27.0397 0
      vertex 14.4135 27.3968 3.2
      vertex 14.4135 27.3968 0
    endloop
  endfacet
  facet normal -0.915243 0.402902 0
    outer loop
      vertex 14.4135 27.3968 3.2
      vertex 14.2563 27.0397 0
      vertex 14.2563 27.0397 3.2
    endloop
  endfacet
  facet normal -0.0217841 -0.999763 0
    outer loop
      vertex 13.2635 28.5981 0
      vertex 13.6536 28.5896 3.2
      vertex 13.2635 28.5981 3.2
    endloop
  endfacet
  facet normal -0.0217841 -0.999763 -0
    outer loop
      vertex 13.6536 28.5896 3.2
      vertex 13.2635 28.5981 0
      vertex 13.6536 28.5896 0
    endloop
  endfacet
  facet normal 0.896894 -0.442246 0
    outer loop
      vertex 9.53407 26.803 3.2
      vertex 9.70665 27.153 0
      vertex 9.70665 27.153 3.2
    endloop
  endfacet
  facet normal 0.896894 -0.442246 0
    outer loop
      vertex 9.70665 27.153 0
      vertex 9.53407 26.803 3.2
      vertex 9.53407 26.803 0
    endloop
  endfacet
  facet normal 0.659402 -0.75179 0
    outer loop
      vertex 9.70665 27.153 0
      vertex 10 27.4103 3.2
      vertex 9.70665 27.153 3.2
    endloop
  endfacet
  facet normal 0.659402 -0.75179 0
    outer loop
      vertex 10 27.4103 3.2
      vertex 9.70665 27.153 0
      vertex 10 27.4103 0
    endloop
  endfacet
  facet normal 0.99786 -0.0653876 0
    outer loop
      vertex 9.50856 26.4137 3.2
      vertex 9.53407 26.803 0
      vertex 9.53407 26.803 3.2
    endloop
  endfacet
  facet normal 0.99786 -0.0653876 0
    outer loop
      vertex 9.53407 26.803 0
      vertex 9.50856 26.4137 3.2
      vertex 9.50856 26.4137 0
    endloop
  endfacet
  facet normal -0.442287 -0.896874 0
    outer loop
      vertex 10.7588 27.5102 0
      vertex 11.1088 27.3376 3.2
      vertex 10.7588 27.5102 3.2
    endloop
  endfacet
  facet normal -0.442287 -0.896874 -0
    outer loop
      vertex 11.1088 27.3376 3.2
      vertex 10.7588 27.5102 0
      vertex 11.1088 27.3376 0
    endloop
  endfacet
  facet normal 0.0653621 0.997862 -0
    outer loop
      vertex 10.6305 25.5528 0
      vertex 10.2412 25.5783 3.2
      vertex 10.6305 25.5528 3.2
    endloop
  endfacet
  facet normal 0.0653621 0.997862 0
    outer loop
      vertex 10.2412 25.5783 3.2
      vertex 10.6305 25.5528 0
      vertex 10.2412 25.5783 0
    endloop
  endfacet
  facet normal 0.321374 -0.946952 0
    outer loop
      vertex 10 27.4103 0
      vertex 10.3695 27.5357 3.2
      vertex 10 27.4103 3.2
    endloop
  endfacet
  facet normal 0.321374 -0.946952 0
    outer loop
      vertex 10.3695 27.5357 3.2
      vertex 10 27.4103 0
      vertex 10.3695 27.5357 0
    endloop
  endfacet
  facet normal 0.442327 0.896854 -0
    outer loop
      vertex 10.2412 25.5783 0
      vertex 9.89124 25.7509 3.2
      vertex 10.2412 25.5783 3.2
    endloop
  endfacet
  facet normal 0.442327 0.896854 0
    outer loop
      vertex 9.89124 25.7509 3.2
      vertex 10.2412 25.5783 0
      vertex 9.89124 25.7509 0
    endloop
  endfacet
  facet normal -0.321374 0.946952 0
    outer loop
      vertex 11 25.6782 0
      vertex 10.6305 25.5528 3.2
      vertex 11 25.6782 3.2
    endloop
  endfacet
  facet normal -0.321374 0.946952 0
    outer loop
      vertex 10.6305 25.5528 3.2
      vertex 11 25.6782 0
      vertex 10.6305 25.5528 0
    endloop
  endfacet
  facet normal -0.0653621 -0.997862 0
    outer loop
      vertex 10.3695 27.5357 0
      vertex 10.7588 27.5102 3.2
      vertex 10.3695 27.5357 3.2
    endloop
  endfacet
  facet normal -0.0653621 -0.997862 -0
    outer loop
      vertex 10.7588 27.5102 3.2
      vertex 10.3695 27.5357 0
      vertex 10.7588 27.5102 0
    endloop
  endfacet
  facet normal -0.896925 0.442182 0
    outer loop
      vertex 11.2934 25.9355 0
      vertex 11.4659 26.2854 3.2
      vertex 11.4659 26.2854 0
    endloop
  endfacet
  facet normal -0.896925 0.442182 0
    outer loop
      vertex 11.4659 26.2854 3.2
      vertex 11.2934 25.9355 0
      vertex 11.2934 25.9355 3.2
    endloop
  endfacet
  facet normal -0.659339 0.751846 0
    outer loop
      vertex 11.2934 25.9355 0
      vertex 11 25.6782 3.2
      vertex 11.2934 25.9355 3.2
    endloop
  endfacet
  facet normal -0.659339 0.751846 0
    outer loop
      vertex 11 25.6782 3.2
      vertex 11.2934 25.9355 0
      vertex 11 25.6782 0
    endloop
  endfacet
  facet normal 0.751785 0.659408 0
    outer loop
      vertex 9.89124 25.7509 3.2
      vertex 9.63398 26.0442 0
      vertex 9.63398 26.0442 3.2
    endloop
  endfacet
  facet normal 0.751785 0.659408 0
    outer loop
      vertex 9.63398 26.0442 0
      vertex 9.89124 25.7509 3.2
      vertex 9.89124 25.7509 0
    endloop
  endfacet
  facet normal 0.946937 0.32142 0
    outer loop
      vertex 9.63398 26.0442 3.2
      vertex 9.50856 26.4137 0
      vertex 9.50856 26.4137 3.2
    endloop
  endfacet
  facet normal 0.946937 0.32142 0
    outer loop
      vertex 9.50856 26.4137 0
      vertex 9.63398 26.0442 3.2
      vertex 9.63398 26.0442 0
    endloop
  endfacet
  facet normal -0.751973 -0.659194 0
    outer loop
      vertex 11.366 27.0442 0
      vertex 11.1088 27.3376 3.2
      vertex 11.1088 27.3376 0
    endloop
  endfacet
  facet normal -0.751973 -0.659194 0
    outer loop
      vertex 11.1088 27.3376 3.2
      vertex 11.366 27.0442 0
      vertex 11.366 27.0442 3.2
    endloop
  endfacet
  facet normal -0.946926 -0.321452 0
    outer loop
      vertex 11.4914 26.6748 0
      vertex 11.366 27.0442 3.2
      vertex 11.366 27.0442 0
    endloop
  endfacet
  facet normal -0.946926 -0.321452 0
    outer loop
      vertex 11.366 27.0442 3.2
      vertex 11.4914 26.6748 0
      vertex 11.4914 26.6748 3.2
    endloop
  endfacet
  facet normal -0.997863 0.0653454 0
    outer loop
      vertex 11.4659 26.2854 0
      vertex 11.4914 26.6748 3.2
      vertex 11.4914 26.6748 0
    endloop
  endfacet
  facet normal -0.997863 0.0653454 0
    outer loop
      vertex 11.4914 26.6748 3.2
      vertex 11.4659 26.2854 0
      vertex 11.4659 26.2854 3.2
    endloop
  endfacet
  facet normal -0.779893 -0.625913 0
    outer loop
      vertex 8.99261 24.9968 0
      vertex 8.74839 25.3011 3.2
      vertex 8.74839 25.3011 0
    endloop
  endfacet
  facet normal -0.779893 -0.625913 0
    outer loop
      vertex 8.74839 25.3011 3.2
      vertex 8.99261 24.9968 0
      vertex 8.99261 24.9968 3.2
    endloop
  endfacet
  facet normal 0.99406 -0.108837 0
    outer loop
      vertex 7.10941 24.4479 3.2
      vertex 7.15188 24.8358 0
      vertex 7.15188 24.8358 3.2
    endloop
  endfacet
  facet normal 0.99406 -0.108837 0
    outer loop
      vertex 7.15188 24.8358 0
      vertex 7.10941 24.4479 3.2
      vertex 7.10941 24.4479 0
    endloop
  endfacet
  facet normal 0.876729 -0.480984 0
    outer loop
      vertex 7.15188 24.8358 3.2
      vertex 7.33956 25.1779 0
      vertex 7.33956 25.1779 3.2
    endloop
  endfacet
  facet normal 0.876729 -0.480984 0
    outer loop
      vertex 7.33956 25.1779 0
      vertex 7.15188 24.8358 3.2
      vertex 7.15188 24.8358 0
    endloop
  endfacet
  facet normal 0.960054 0.279815 0
    outer loop
      vertex 7.21859 24.0733 3.2
      vertex 7.10941 24.4479 0
      vertex 7.10941 24.4479 3.2
    endloop
  endfacet
  facet normal 0.960054 0.279815 0
    outer loop
      vertex 7.10941 24.4479 0
      vertex 7.21859 24.0733 3.2
      vertex 7.21859 24.0733 0
    endloop
  endfacet
  facet normal -0.108924 -0.99405 0
    outer loop
      vertex 8.01845 25.5313 0
      vertex 8.40631 25.4888 3.2
      vertex 8.01845 25.5313 3.2
    endloop
  endfacet
  facet normal -0.108924 -0.99405 -0
    outer loop
      vertex 8.40631 25.4888 3.2
      vertex 8.01845 25.5313 0
      vertex 8.40631 25.4888 0
    endloop
  endfacet
  facet normal -0.625895 0.779908 0
    outer loop
      vertex 8.87164 23.8923 0
      vertex 8.56735 23.6481 3.2
      vertex 8.87164 23.8923 3.2
    endloop
  endfacet
  facet normal -0.625895 0.779908 0
    outer loop
      vertex 8.56735 23.6481 3.2
      vertex 8.87164 23.8923 0
      vertex 8.56735 23.6481 0
    endloop
  endfacet
  facet normal 0.108921 0.99405 -0
    outer loop
      vertex 8.19276 23.5389 0
      vertex 7.80489 23.5814 3.2
      vertex 8.19276 23.5389 3.2
    endloop
  endfacet
  facet normal 0.108921 0.99405 0
    outer loop
      vertex 7.80489 23.5814 3.2
      vertex 8.19276 23.5389 0
      vertex 7.80489 23.5814 0
    endloop
  endfacet
  facet normal -0.279869 0.960038 0
    outer loop
      vertex 8.56735 23.6481 0
      vertex 8.19276 23.5389 3.2
      vertex 8.56735 23.6481 3.2
    endloop
  endfacet
  facet normal -0.279869 0.960038 0
    outer loop
      vertex 8.19276 23.5389 3.2
      vertex 8.56735 23.6481 0
      vertex 8.19276 23.5389 0
    endloop
  endfacet
  facet normal 0.480848 0.876804 -0
    outer loop
      vertex 7.80489 23.5814 0
      vertex 7.46281 23.769 3.2
      vertex 7.80489 23.5814 3.2
    endloop
  endfacet
  facet normal 0.480848 0.876804 0
    outer loop
      vertex 7.46281 23.769 3.2
      vertex 7.80489 23.5814 0
      vertex 7.46281 23.769 0
    endloop
  endfacet
  facet normal 0.279862 -0.96004 0
    outer loop
      vertex 7.64385 25.4221 0
      vertex 8.01845 25.5313 3.2
      vertex 7.64385 25.4221 3.2
    endloop
  endfacet
  facet normal 0.279862 -0.96004 0
    outer loop
      vertex 8.01845 25.5313 3.2
      vertex 7.64385 25.4221 0
      vertex 8.01845 25.5313 0
    endloop
  endfacet
  facet normal -0.481045 -0.876696 0
    outer loop
      vertex 8.40631 25.4888 0
      vertex 8.74839 25.3011 3.2
      vertex 8.40631 25.4888 3.2
    endloop
  endfacet
  facet normal -0.481045 -0.876696 -0
    outer loop
      vertex 8.74839 25.3011 3.2
      vertex 8.40631 25.4888 0
      vertex 8.74839 25.3011 0
    endloop
  endfacet
  facet normal 0.779893 0.625913 0
    outer loop
      vertex 7.46281 23.769 3.2
      vertex 7.21859 24.0733 0
      vertex 7.21859 24.0733 3.2
    endloop
  endfacet
  facet normal 0.779893 0.625913 0
    outer loop
      vertex 7.21859 24.0733 0
      vertex 7.46281 23.769 3.2
      vertex 7.46281 23.769 0
    endloop
  endfacet
  facet normal -0.960047 -0.279839 0
    outer loop
      vertex 9.1018 24.6222 0
      vertex 8.99261 24.9968 3.2
      vertex 8.99261 24.9968 0
    endloop
  endfacet
  facet normal -0.960047 -0.279839 0
    outer loop
      vertex 8.99261 24.9968 3.2
      vertex 9.1018 24.6222 0
      vertex 9.1018 24.6222 3.2
    endloop
  endfacet
  facet normal 0.625895 -0.779908 0
    outer loop
      vertex 7.33956 25.1779 0
      vertex 7.64385 25.4221 3.2
      vertex 7.33956 25.1779 3.2
    endloop
  endfacet
  facet normal 0.625895 -0.779908 0
    outer loop
      vertex 7.64385 25.4221 3.2
      vertex 7.33956 25.1779 0
      vertex 7.64385 25.4221 0
    endloop
  endfacet
  facet normal -0.994054 0.10889 0
    outer loop
      vertex 9.05932 24.2344 0
      vertex 9.1018 24.6222 3.2
      vertex 9.1018 24.6222 0
    endloop
  endfacet
  facet normal -0.994054 0.10889 0
    outer loop
      vertex 9.1018 24.6222 3.2
      vertex 9.05932 24.2344 0
      vertex 9.05932 24.2344 3.2
    endloop
  endfacet
  facet normal -0.876729 0.480984 0
    outer loop
      vertex 8.87164 23.8923 0
      vertex 9.05932 24.2344 3.2
      vertex 9.05932 24.2344 0
    endloop
  endfacet
  facet normal -0.876729 0.480984 0
    outer loop
      vertex 9.05932 24.2344 3.2
      vertex 8.87164 23.8923 0
      vertex 8.87164 23.8923 3.2
    endloop
  endfacet
  facet normal 0.152234 0.988344 -0
    outer loop
      vertex 6.58639 20.8291 0
      vertex 6.20075 20.8885 3.2
      vertex 6.58639 20.8291 3.2
    endloop
  endfacet
  facet normal 0.152234 0.988344 0
    outer loop
      vertex 6.20075 20.8885 3.2
      vertex 6.58639 20.8291 0
      vertex 6.20075 20.8885 0
    endloop
  endfacet
  facet normal 0.988361 -0.152125 0
    outer loop
      vertex 5.54372 21.7846 3.2
      vertex 5.60307 22.1702 0
      vertex 5.60307 22.1702 3.2
    endloop
  endfacet
  facet normal 0.988361 -0.152125 0
    outer loop
      vertex 5.60307 22.1702 0
      vertex 5.54372 21.7846 3.2
      vertex 5.54372 21.7846 0
    endloop
  endfacet
  facet normal 0.518745 0.854929 -0
    outer loop
      vertex 6.20075 20.8885 0
      vertex 5.86718 21.0909 3.2
      vertex 6.20075 20.8885 3.2
    endloop
  endfacet
  facet normal 0.518745 0.854929 0
    outer loop
      vertex 5.86718 21.0909 3.2
      vertex 6.20075 20.8885 0
      vertex 5.86718 21.0909 0
    endloop
  endfacet
  facet normal -0.518745 -0.854929 0
    outer loop
      vertex 6.88479 22.7679 0
      vertex 7.21836 22.5655 3.2
      vertex 6.88479 22.7679 3.2
    endloop
  endfacet
  facet normal -0.518745 -0.854929 -0
    outer loop
      vertex 7.21836 22.5655 3.2
      vertex 6.88479 22.7679 0
      vertex 7.21836 22.5655 0
    endloop
  endfacet
  facet normal -0.237829 0.971307 0
    outer loop
      vertex 6.96539 20.9219 0
      vertex 6.58639 20.8291 3.2
      vertex 6.96539 20.9219 3.2
    endloop
  endfacet
  facet normal -0.237829 0.971307 0
    outer loop
      vertex 6.58639 20.8291 3.2
      vertex 6.96539 20.9219 0
      vertex 6.58639 20.8291 0
    endloop
  endfacet
  facet normal 0.854927 -0.518748 0
    outer loop
      vertex 5.60307 22.1702 3.2
      vertex 5.80549 22.5038 0
      vertex 5.80549 22.5038 3.2
    endloop
  endfacet
  facet normal 0.854927 -0.518748 0
    outer loop
      vertex 5.80549 22.5038 0
      vertex 5.60307 22.1702 3.2
      vertex 5.60307 22.1702 0
    endloop
  endfacet
  facet normal 0.237587 -0.971366 0
    outer loop
      vertex 6.12015 22.7345 0
      vertex 6.49915 22.8272 3.2
      vertex 6.12015 22.7345 3.2
    endloop
  endfacet
  facet normal 0.237587 -0.971366 0
    outer loop
      vertex 6.49915 22.8272 3.2
      vertex 6.12015 22.7345 0
      vertex 6.49915 22.8272 0
    endloop
  endfacet
  facet normal -0.971342 -0.237684 0
    outer loop
      vertex 7.54181 21.8718 0
      vertex 7.44907 22.2508 3.2
      vertex 7.44907 22.2508 0
    endloop
  endfacet
  facet normal -0.971342 -0.237684 0
    outer loop
      vertex 7.44907 22.2508 3.2
      vertex 7.54181 21.8718 0
      vertex 7.54181 21.8718 3.2
    endloop
  endfacet
  facet normal 0.971342 0.237684 0
    outer loop
      vertex 5.63646 21.4056 3.2
      vertex 5.54372 21.7846 0
      vertex 5.54372 21.7846 3.2
    endloop
  endfacet
  facet normal 0.971342 0.237684 0
    outer loop
      vertex 5.54372 21.7846 0
      vertex 5.63646 21.4056 3.2
      vertex 5.63646 21.4056 0
    endloop
  endfacet
  facet normal 0.591279 -0.806467 0
    outer loop
      vertex 5.80549 22.5038 0
      vertex 6.12015 22.7345 3.2
      vertex 5.80549 22.5038 3.2
    endloop
  endfacet
  facet normal 0.591279 -0.806467 0
    outer loop
      vertex 6.12015 22.7345 3.2
      vertex 5.80549 22.5038 0
      vertex 6.12015 22.7345 0
    endloop
  endfacet
  facet normal -0.591291 0.806458 0
    outer loop
      vertex 7.28004 21.1526 0
      vertex 6.96539 20.9219 3.2
      vertex 7.28004 21.1526 3.2
    endloop
  endfacet
  facet normal -0.591291 0.806458 0
    outer loop
      vertex 6.96539 20.9219 3.2
      vertex 7.28004 21.1526 0
      vertex 6.96539 20.9219 0
    endloop
  endfacet
  facet normal -0.854927 0.518748 0
    outer loop
      vertex 7.28004 21.1526 0
      vertex 7.48246 21.4862 3.2
      vertex 7.48246 21.4862 0
    endloop
  endfacet
  facet normal -0.854927 0.518748 0
    outer loop
      vertex 7.48246 21.4862 3.2
      vertex 7.28004 21.1526 0
      vertex 7.28004 21.1526 3.2
    endloop
  endfacet
  facet normal -0.988361 0.152125 0
    outer loop
      vertex 7.48246 21.4862 0
      vertex 7.54181 21.8718 3.2
      vertex 7.54181 21.8718 0
    endloop
  endfacet
  facet normal -0.988361 0.152125 0
    outer loop
      vertex 7.54181 21.8718 3.2
      vertex 7.48246 21.4862 0
      vertex 7.48246 21.4862 3.2
    endloop
  endfacet
  facet normal 0.806478 0.591264 0
    outer loop
      vertex 5.86718 21.0909 3.2
      vertex 5.63646 21.4056 0
      vertex 5.63646 21.4056 3.2
    endloop
  endfacet
  facet normal 0.806478 0.591264 0
    outer loop
      vertex 5.63646 21.4056 0
      vertex 5.86718 21.0909 3.2
      vertex 5.86718 21.0909 0
    endloop
  endfacet
  facet normal -0.151984 -0.988383 0
    outer loop
      vertex 6.49915 22.8272 0
      vertex 6.88479 22.7679 3.2
      vertex 6.49915 22.8272 3.2
    endloop
  endfacet
  facet normal -0.151984 -0.988383 -0
    outer loop
      vertex 6.88479 22.7679 3.2
      vertex 6.49915 22.8272 0
      vertex 6.88479 22.7679 0
    endloop
  endfacet
  facet normal -0.806491 -0.591247 0
    outer loop
      vertex 7.44907 22.2508 0
      vertex 7.21836 22.5655 3.2
      vertex 7.21836 22.5655 0
    endloop
  endfacet
  facet normal -0.806491 -0.591247 0
    outer loop
      vertex 7.21836 22.5655 3.2
      vertex 7.44907 22.2508 0
      vertex 7.44907 22.2508 3.2
    endloop
  endfacet
  facet normal -0.195042 -0.980795 0
    outer loop
      vertex 6 19.75 0
      vertex 6.38268 19.6739 3.2
      vertex 6 19.75 3.2
    endloop
  endfacet
  facet normal -0.195042 -0.980795 -0
    outer loop
      vertex 6.38268 19.6739 3.2
      vertex 6 19.75 0
      vertex 6.38268 19.6739 0
    endloop
  endfacet
  facet normal 0.831454 0.555593 0
    outer loop
      vertex 5.29289 18.0429 3.2
      vertex 5.07612 18.3673 0
      vertex 5.07612 18.3673 3.2
    endloop
  endfacet
  facet normal 0.831454 0.555593 0
    outer loop
      vertex 5.07612 18.3673 0
      vertex 5.29289 18.0429 3.2
      vertex 5.29289 18.0429 0
    endloop
  endfacet
  facet normal 0.555611 0.831443 -0
    outer loop
      vertex 5.61732 17.8261 0
      vertex 5.29289 18.0429 3.2
      vertex 5.61732 17.8261 3.2
    endloop
  endfacet
  facet normal 0.555611 0.831443 0
    outer loop
      vertex 5.29289 18.0429 3.2
      vertex 5.61732 17.8261 0
      vertex 5.29289 18.0429 0
    endloop
  endfacet
  facet normal -0.980787 -0.195081 0
    outer loop
      vertex 7 18.75 0
      vertex 6.92388 19.1327 3.2
      vertex 6.92388 19.1327 0
    endloop
  endfacet
  facet normal -0.980787 -0.195081 0
    outer loop
      vertex 6.92388 19.1327 3.2
      vertex 7 18.75 0
      vertex 7 18.75 3.2
    endloop
  endfacet
  facet normal 0.555611 -0.831443 0
    outer loop
      vertex 5.29289 19.4571 0
      vertex 5.61732 19.6739 3.2
      vertex 5.29289 19.4571 3.2
    endloop
  endfacet
  facet normal 0.555611 -0.831443 0
    outer loop
      vertex 5.61732 19.6739 3.2
      vertex 5.29289 19.4571 0
      vertex 5.61732 19.6739 0
    endloop
  endfacet
  facet normal 0.980787 0.195081 0
    outer loop
      vertex 5.07612 18.3673 3.2
      vertex 5 18.75 0
      vertex 5 18.75 3.2
    endloop
  endfacet
  facet normal 0.980787 0.195081 0
    outer loop
      vertex 5 18.75 0
      vertex 5.07612 18.3673 3.2
      vertex 5.07612 18.3673 0
    endloop
  endfacet
  facet normal 0.195042 -0.980795 0
    outer loop
      vertex 5.61732 19.6739 0
      vertex 6 19.75 3.2
      vertex 5.61732 19.6739 3.2
    endloop
  endfacet
  facet normal 0.195042 -0.980795 0
    outer loop
      vertex 6 19.75 3.2
      vertex 5.61732 19.6739 0
      vertex 6 19.75 0
    endloop
  endfacet
  facet normal -0.831454 0.555593 0
    outer loop
      vertex 6.70711 18.0429 0
      vertex 6.92388 18.3673 3.2
      vertex 6.92388 18.3673 0
    endloop
  endfacet
  facet normal -0.831454 0.555593 0
    outer loop
      vertex 6.92388 18.3673 3.2
      vertex 6.70711 18.0429 0
      vertex 6.70711 18.0429 3.2
    endloop
  endfacet
  facet normal -0.555611 0.831443 0
    outer loop
      vertex 6.70711 18.0429 0
      vertex 6.38268 17.8261 3.2
      vertex 6.70711 18.0429 3.2
    endloop
  endfacet
  facet normal -0.555611 0.831443 0
    outer loop
      vertex 6.38268 17.8261 3.2
      vertex 6.70711 18.0429 0
      vertex 6.38268 17.8261 0
    endloop
  endfacet
  facet normal 0.980787 -0.195081 0
    outer loop
      vertex 5 18.75 3.2
      vertex 5.07612 19.1327 0
      vertex 5.07612 19.1327 3.2
    endloop
  endfacet
  facet normal 0.980787 -0.195081 0
    outer loop
      vertex 5.07612 19.1327 0
      vertex 5 18.75 3.2
      vertex 5 18.75 0
    endloop
  endfacet
  facet normal 0.831454 -0.555593 0
    outer loop
      vertex 5.07612 19.1327 3.2
      vertex 5.29289 19.4571 0
      vertex 5.29289 19.4571 3.2
    endloop
  endfacet
  facet normal 0.831454 -0.555593 0
    outer loop
      vertex 5.29289 19.4571 0
      vertex 5.07612 19.1327 3.2
      vertex 5.07612 19.1327 0
    endloop
  endfacet
  facet normal -0.980787 0.195081 0
    outer loop
      vertex 6.92388 18.3673 0
      vertex 7 18.75 3.2
      vertex 7 18.75 0
    endloop
  endfacet
  facet normal -0.980787 0.195081 0
    outer loop
      vertex 7 18.75 3.2
      vertex 6.92388 18.3673 0
      vertex 6.92388 18.3673 3.2
    endloop
  endfacet
  facet normal -0.831454 -0.555593 0
    outer loop
      vertex 6.92388 19.1327 0
      vertex 6.70711 19.4571 3.2
      vertex 6.70711 19.4571 0
    endloop
  endfacet
  facet normal -0.831454 -0.555593 0
    outer loop
      vertex 6.70711 19.4571 3.2
      vertex 6.92388 19.1327 0
      vertex 6.92388 19.1327 3.2
    endloop
  endfacet
  facet normal -0.195042 0.980795 0
    outer loop
      vertex 6.38268 17.8261 0
      vertex 6 17.75 3.2
      vertex 6.38268 17.8261 3.2
    endloop
  endfacet
  facet normal -0.195042 0.980795 0
    outer loop
      vertex 6 17.75 3.2
      vertex 6.38268 17.8261 0
      vertex 6 17.75 0
    endloop
  endfacet
  facet normal 0.195042 0.980795 -0
    outer loop
      vertex 6 17.75 0
      vertex 5.61732 17.8261 3.2
      vertex 6 17.75 3.2
    endloop
  endfacet
  facet normal 0.195042 0.980795 0
    outer loop
      vertex 5.61732 17.8261 3.2
      vertex 6 17.75 0
      vertex 5.61732 17.8261 0
    endloop
  endfacet
  facet normal -0.555611 -0.831443 0
    outer loop
      vertex 6.38268 19.6739 0
      vertex 6.70711 19.4571 3.2
      vertex 6.38268 19.6739 3.2
    endloop
  endfacet
  facet normal -0.555611 -0.831443 -0
    outer loop
      vertex 6.70711 19.4571 3.2
      vertex 6.38268 19.6739 0
      vertex 6.70711 19.4571 0
    endloop
  endfacet
  facet normal -0.518745 0.854929 0
    outer loop
      vertex 7.21836 14.9345 0
      vertex 6.88479 14.7321 3.2
      vertex 7.21836 14.9345 3.2
    endloop
  endfacet
  facet normal -0.518745 0.854929 0
    outer loop
      vertex 6.88479 14.7321 3.2
      vertex 7.21836 14.9345 0
      vertex 6.88479 14.7321 0
    endloop
  endfacet
  facet normal 0.591279 0.806467 -0
    outer loop
      vertex 6.12015 14.7655 0
      vertex 5.80549 14.9962 3.2
      vertex 6.12015 14.7655 3.2
    endloop
  endfacet
  facet normal 0.591279 0.806467 0
    outer loop
      vertex 5.80549 14.9962 3.2
      vertex 6.12015 14.7655 0
      vertex 5.80549 14.9962 0
    endloop
  endfacet
  facet normal 0.237587 0.971366 -0
    outer loop
      vertex 6.49915 14.6728 0
      vertex 6.12015 14.7655 3.2
      vertex 6.49915 14.6728 3.2
    endloop
  endfacet
  facet normal 0.237587 0.971366 0
    outer loop
      vertex 6.12015 14.7655 3.2
      vertex 6.49915 14.6728 0
      vertex 6.12015 14.7655 0
    endloop
  endfacet
  facet normal -0.151984 0.988383 0
    outer loop
      vertex 6.88479 14.7321 0
      vertex 6.49915 14.6728 3.2
      vertex 6.88479 14.7321 3.2
    endloop
  endfacet
  facet normal -0.151984 0.988383 0
    outer loop
      vertex 6.49915 14.6728 3.2
      vertex 6.88479 14.7321 0
      vertex 6.49915 14.6728 0
    endloop
  endfacet
  facet normal 0.854927 0.518748 0
    outer loop
      vertex 5.80549 14.9962 3.2
      vertex 5.60307 15.3298 0
      vertex 5.60307 15.3298 3.2
    endloop
  endfacet
  facet normal 0.854927 0.518748 0
    outer loop
      vertex 5.60307 15.3298 0
      vertex 5.80549 14.9962 3.2
      vertex 5.80549 14.9962 0
    endloop
  endfacet
  facet normal -0.971342 0.237684 0
    outer loop
      vertex 7.44907 15.2492 0
      vertex 7.54181 15.6282 3.2
      vertex 7.54181 15.6282 0
    endloop
  endfacet
  facet normal -0.971342 0.237684 0
    outer loop
      vertex 7.54181 15.6282 3.2
      vertex 7.44907 15.2492 0
      vertex 7.44907 15.2492 3.2
    endloop
  endfacet
  facet normal -0.591291 -0.806458 0
    outer loop
      vertex 6.96539 16.5781 0
      vertex 7.28004 16.3474 3.2
      vertex 6.96539 16.5781 3.2
    endloop
  endfacet
  facet normal -0.591291 -0.806458 -0
    outer loop
      vertex 7.28004 16.3474 3.2
      vertex 6.96539 16.5781 0
      vertex 7.28004 16.3474 0
    endloop
  endfacet
  facet normal -0.237829 -0.971307 0
    outer loop
      vertex 6.58639 16.6709 0
      vertex 6.96539 16.5781 3.2
      vertex 6.58639 16.6709 3.2
    endloop
  endfacet
  facet normal -0.237829 -0.971307 -0
    outer loop
      vertex 6.96539 16.5781 3.2
      vertex 6.58639 16.6709 0
      vertex 6.96539 16.5781 0
    endloop
  endfacet
  facet normal 0.806478 -0.591264 0
    outer loop
      vertex 5.63646 16.0944 3.2
      vertex 5.86718 16.4091 0
      vertex 5.86718 16.4091 3.2
    endloop
  endfacet
  facet normal 0.806478 -0.591264 0
    outer loop
      vertex 5.86718 16.4091 0
      vertex 5.63646 16.0944 3.2
      vertex 5.63646 16.0944 0
    endloop
  endfacet
  facet normal 0.971342 -0.237684 0
    outer loop
      vertex 5.54372 15.7154 3.2
      vertex 5.63646 16.0944 0
      vertex 5.63646 16.0944 3.2
    endloop
  endfacet
  facet normal 0.971342 -0.237684 0
    outer loop
      vertex 5.63646 16.0944 0
      vertex 5.54372 15.7154 3.2
      vertex 5.54372 15.7154 0
    endloop
  endfacet
  facet normal 0.988361 0.152125 0
    outer loop
      vertex 5.60307 15.3298 3.2
      vertex 5.54372 15.7154 0
      vertex 5.54372 15.7154 3.2
    endloop
  endfacet
  facet normal 0.988361 0.152125 0
    outer loop
      vertex 5.54372 15.7154 0
      vertex 5.60307 15.3298 3.2
      vertex 5.60307 15.3298 0
    endloop
  endfacet
  facet normal 0.518745 -0.854929 0
    outer loop
      vertex 5.86718 16.4091 0
      vertex 6.20075 16.6115 3.2
      vertex 5.86718 16.4091 3.2
    endloop
  endfacet
  facet normal 0.518745 -0.854929 0
    outer loop
      vertex 6.20075 16.6115 3.2
      vertex 5.86718 16.4091 0
      vertex 6.20075 16.6115 0
    endloop
  endfacet
  facet normal -0.854927 -0.518748 0
    outer loop
      vertex 7.48246 16.0138 0
      vertex 7.28004 16.3474 3.2
      vertex 7.28004 16.3474 0
    endloop
  endfacet
  facet normal -0.854927 -0.518748 0
    outer loop
      vertex 7.28004 16.3474 3.2
      vertex 7.48246 16.0138 0
      vertex 7.48246 16.0138 3.2
    endloop
  endfacet
  facet normal -0.988361 -0.152125 0
    outer loop
      vertex 7.54181 15.6282 0
      vertex 7.48246 16.0138 3.2
      vertex 7.48246 16.0138 0
    endloop
  endfacet
  facet normal -0.988361 -0.152125 0
    outer loop
      vertex 7.48246 16.0138 3.2
      vertex 7.54181 15.6282 0
      vertex 7.54181 15.6282 3.2
    endloop
  endfacet
  facet normal -0.806491 0.591247 0
    outer loop
      vertex 7.21836 14.9345 0
      vertex 7.44907 15.2492 3.2
      vertex 7.44907 15.2492 0
    endloop
  endfacet
  facet normal -0.806491 0.591247 0
    outer loop
      vertex 7.44907 15.2492 3.2
      vertex 7.21836 14.9345 0
      vertex 7.21836 14.9345 3.2
    endloop
  endfacet
  facet normal 0.152234 -0.988344 0
    outer loop
      vertex 6.20075 16.6115 0
      vertex 6.58639 16.6709 3.2
      vertex 6.20075 16.6115 3.2
    endloop
  endfacet
  facet normal 0.152234 -0.988344 0
    outer loop
      vertex 6.58639 16.6709 3.2
      vertex 6.20075 16.6115 0
      vertex 6.58639 16.6709 0
    endloop
  endfacet
  facet normal -0.108924 0.99405 0
    outer loop
      vertex 8.40631 12.0112 0
      vertex 8.01845 11.9687 3.2
      vertex 8.40631 12.0112 3.2
    endloop
  endfacet
  facet normal -0.108924 0.99405 0
    outer loop
      vertex 8.01845 11.9687 3.2
      vertex 8.40631 12.0112 0
      vertex 8.01845 11.9687 0
    endloop
  endfacet
  facet normal 0.960054 -0.279815 0
    outer loop
      vertex 7.10941 13.0521 3.2
      vertex 7.21859 13.4267 0
      vertex 7.21859 13.4267 3.2
    endloop
  endfacet
  facet normal 0.960054 -0.279815 0
    outer loop
      vertex 7.21859 13.4267 0
      vertex 7.10941 13.0521 3.2
      vertex 7.10941 13.0521 0
    endloop
  endfacet
  facet normal -0.994054 -0.10889 0
    outer loop
      vertex 9.1018 12.8778 0
      vertex 9.05932 13.2656 3.2
      vertex 9.05932 13.2656 0
    endloop
  endfacet
  facet normal -0.994054 -0.10889 0
    outer loop
      vertex 9.05932 13.2656 3.2
      vertex 9.1018 12.8778 0
      vertex 9.1018 12.8778 3.2
    endloop
  endfacet
  facet normal 0.625895 0.779908 -0
    outer loop
      vertex 7.64385 12.0779 0
      vertex 7.33956 12.3221 3.2
      vertex 7.64385 12.0779 3.2
    endloop
  endfacet
  facet normal 0.625895 0.779908 0
    outer loop
      vertex 7.33956 12.3221 3.2
      vertex 7.64385 12.0779 0
      vertex 7.33956 12.3221 0
    endloop
  endfacet
  facet normal 0.876729 0.480984 0
    outer loop
      vertex 7.33956 12.3221 3.2
      vertex 7.15188 12.6642 0
      vertex 7.15188 12.6642 3.2
    endloop
  endfacet
  facet normal 0.876729 0.480984 0
    outer loop
      vertex 7.15188 12.6642 0
      vertex 7.33956 12.3221 3.2
      vertex 7.33956 12.3221 0
    endloop
  endfacet
  facet normal -0.960047 0.279839 0
    outer loop
      vertex 8.99261 12.5032 0
      vertex 9.1018 12.8778 3.2
      vertex 9.1018 12.8778 0
    endloop
  endfacet
  facet normal -0.960047 0.279839 0
    outer loop
      vertex 9.1018 12.8778 3.2
      vertex 8.99261 12.5032 0
      vertex 8.99261 12.5032 3.2
    endloop
  endfacet
  facet normal 0.279862 0.96004 -0
    outer loop
      vertex 8.01845 11.9687 0
      vertex 7.64385 12.0779 3.2
      vertex 8.01845 11.9687 3.2
    endloop
  endfacet
  facet normal 0.279862 0.96004 0
    outer loop
      vertex 7.64385 12.0779 3.2
      vertex 8.01845 11.9687 0
      vertex 7.64385 12.0779 0
    endloop
  endfacet
  facet normal 0.99406 0.108837 0
    outer loop
      vertex 7.15188 12.6642 3.2
      vertex 7.10941 13.0521 0
      vertex 7.10941 13.0521 3.2
    endloop
  endfacet
  facet normal 0.99406 0.108837 0
    outer loop
      vertex 7.10941 13.0521 0
      vertex 7.15188 12.6642 3.2
      vertex 7.15188 12.6642 0
    endloop
  endfacet
  facet normal -0.279869 -0.960038 0
    outer loop
      vertex 8.19276 13.9611 0
      vertex 8.56735 13.8519 3.2
      vertex 8.19276 13.9611 3.2
    endloop
  endfacet
  facet normal -0.279869 -0.960038 -0
    outer loop
      vertex 8.56735 13.8519 3.2
      vertex 8.19276 13.9611 0
      vertex 8.56735 13.8519 0
    endloop
  endfacet
  facet normal -0.625895 -0.779908 0
    outer loop
      vertex 8.56735 13.8519 0
      vertex 8.87164 13.6077 3.2
      vertex 8.56735 13.8519 3.2
    endloop
  endfacet
  facet normal -0.625895 -0.779908 -0
    outer loop
      vertex 8.87164 13.6077 3.2
      vertex 8.56735 13.8519 0
      vertex 8.87164 13.6077 0
    endloop
  endfacet
  facet normal -0.779893 0.625913 0
    outer loop
      vertex 8.74839 12.1989 0
      vertex 8.99261 12.5032 3.2
      vertex 8.99261 12.5032 0
    endloop
  endfacet
  facet normal -0.779893 0.625913 0
    outer loop
      vertex 8.99261 12.5032 3.2
      vertex 8.74839 12.1989 0
      vertex 8.74839 12.1989 3.2
    endloop
  endfacet
  facet normal -0.481045 0.876696 0
    outer loop
      vertex 8.74839 12.1989 0
      vertex 8.40631 12.0112 3.2
      vertex 8.74839 12.1989 3.2
    endloop
  endfacet
  facet normal -0.481045 0.876696 0
    outer loop
      vertex 8.40631 12.0112 3.2
      vertex 8.74839 12.1989 0
      vertex 8.40631 12.0112 0
    endloop
  endfacet
  facet normal -0.876729 -0.480984 0
    outer loop
      vertex 9.05932 13.2656 0
      vertex 8.87164 13.6077 3.2
      vertex 8.87164 13.6077 0
    endloop
  endfacet
  facet normal -0.876729 -0.480984 0
    outer loop
      vertex 8.87164 13.6077 3.2
      vertex 9.05932 13.2656 0
      vertex 9.05932 13.2656 3.2
    endloop
  endfacet
  facet normal 0.779893 -0.625913 0
    outer loop
      vertex 7.21859 13.4267 3.2
      vertex 7.46281 13.731 0
      vertex 7.46281 13.731 3.2
    endloop
  endfacet
  facet normal 0.779893 -0.625913 0
    outer loop
      vertex 7.46281 13.731 0
      vertex 7.21859 13.4267 3.2
      vertex 7.21859 13.4267 0
    endloop
  endfacet
  facet normal 0.480848 -0.876804 0
    outer loop
      vertex 7.46281 13.731 0
      vertex 7.80489 13.9186 3.2
      vertex 7.46281 13.731 3.2
    endloop
  endfacet
  facet normal 0.480848 -0.876804 0
    outer loop
      vertex 7.80489 13.9186 3.2
      vertex 7.46281 13.731 0
      vertex 7.80489 13.9186 0
    endloop
  endfacet
  facet normal 0.108921 -0.99405 0
    outer loop
      vertex 7.80489 13.9186 0
      vertex 8.19276 13.9611 3.2
      vertex 7.80489 13.9186 3.2
    endloop
  endfacet
  facet normal 0.108921 -0.99405 0
    outer loop
      vertex 8.19276 13.9611 3.2
      vertex 7.80489 13.9186 0
      vertex 8.19276 13.9611 0
    endloop
  endfacet
  facet normal -0.442184 0.896924 0
    outer loop
      vertex 11.1088 10.1624 0
      vertex 10.7588 9.98985 3.2
      vertex 11.1088 10.1624 3.2
    endloop
  endfacet
  facet normal -0.442184 0.896924 0
    outer loop
      vertex 10.7588 9.98985 3.2
      vertex 11.1088 10.1624 0
      vertex 10.7588 9.98985 0
    endloop
  endfacet
  facet normal -0.321374 -0.946952 0
    outer loop
      vertex 10.6305 11.9472 0
      vertex 11 11.8218 3.2
      vertex 10.6305 11.9472 3.2
    endloop
  endfacet
  facet normal -0.321374 -0.946952 -0
    outer loop
      vertex 11 11.8218 3.2
      vertex 10.6305 11.9472 0
      vertex 11 11.8218 0
    endloop
  endfacet
  facet normal 0.99786 0.0653876 0
    outer loop
      vertex 9.53407 10.697 3.2
      vertex 9.50856 11.0863 0
      vertex 9.50856 11.0863 3.2
    endloop
  endfacet
  facet normal 0.99786 0.0653876 0
    outer loop
      vertex 9.50856 11.0863 0
      vertex 9.53407 10.697 3.2
      vertex 9.53407 10.697 0
    endloop
  endfacet
  facet normal -0.896925 -0.442182 0
    outer loop
      vertex 11.4659 11.2146 0
      vertex 11.2934 11.5645 3.2
      vertex 11.2934 11.5645 0
    endloop
  endfacet
  facet normal -0.896925 -0.442182 0
    outer loop
      vertex 11.2934 11.5645 3.2
      vertex 11.4659 11.2146 0
      vertex 11.4659 11.2146 3.2
    endloop
  endfacet
  facet normal 0.321305 0.946976 -0
    outer loop
      vertex 10.3695 9.96433 0
      vertex 10 10.0897 3.2
      vertex 10.3695 9.96433 3.2
    endloop
  endfacet
  facet normal 0.321305 0.946976 0
    outer loop
      vertex 10 10.0897 3.2
      vertex 10.3695 9.96433 0
      vertex 10 10.0897 0
    endloop
  endfacet
  facet normal 0.751785 -0.659408 0
    outer loop
      vertex 9.63398 11.4558 3.2
      vertex 9.89124 11.7491 0
      vertex 9.89124 11.7491 3.2
    endloop
  endfacet
  facet normal 0.751785 -0.659408 0
    outer loop
      vertex 9.89124 11.7491 0
      vertex 9.63398 11.4558 3.2
      vertex 9.63398 11.4558 0
    endloop
  endfacet
  facet normal -0.0654132 0.997858 0
    outer loop
      vertex 10.7588 9.98985 0
      vertex 10.3695 9.96433 3.2
      vertex 10.7588 9.98985 3.2
    endloop
  endfacet
  facet normal -0.0654132 0.997858 0
    outer loop
      vertex 10.3695 9.96433 3.2
      vertex 10.7588 9.98985 0
      vertex 10.3695 9.96433 0
    endloop
  endfacet
  facet normal 0.896894 0.442246 0
    outer loop
      vertex 9.70665 10.347 3.2
      vertex 9.53407 10.697 0
      vertex 9.53407 10.697 3.2
    endloop
  endfacet
  facet normal 0.896894 0.442246 0
    outer loop
      vertex 9.53407 10.697 0
      vertex 9.70665 10.347 3.2
      vertex 9.70665 10.347 0
    endloop
  endfacet
  facet normal 0.659402 0.75179 -0
    outer loop
      vertex 10 10.0897 0
      vertex 9.70665 10.347 3.2
      vertex 10 10.0897 3.2
    endloop
  endfacet
  facet normal 0.659402 0.75179 0
    outer loop
      vertex 9.70665 10.347 3.2
      vertex 10 10.0897 0
      vertex 9.70665 10.347 0
    endloop
  endfacet
  facet normal 0.0653621 -0.997862 0
    outer loop
      vertex 10.2412 11.9217 0
      vertex 10.6305 11.9472 3.2
      vertex 10.2412 11.9217 3.2
    endloop
  endfacet
  facet normal 0.0653621 -0.997862 0
    outer loop
      vertex 10.6305 11.9472 3.2
      vertex 10.2412 11.9217 0
      vertex 10.6305 11.9472 0
    endloop
  endfacet
  facet normal 0.946937 -0.32142 0
    outer loop
      vertex 9.50856 11.0863 3.2
      vertex 9.63398 11.4558 0
      vertex 9.63398 11.4558 3.2
    endloop
  endfacet
  facet normal 0.946937 -0.32142 0
    outer loop
      vertex 9.63398 11.4558 0
      vertex 9.50856 11.0863 3.2
      vertex 9.50856 11.0863 0
    endloop
  endfacet
  facet normal -0.659339 -0.751846 0
    outer loop
      vertex 11 11.8218 0
      vertex 11.2934 11.5645 3.2
      vertex 11 11.8218 3.2
    endloop
  endfacet
  facet normal -0.659339 -0.751846 -0
    outer loop
      vertex 11.2934 11.5645 3.2
      vertex 11 11.8218 0
      vertex 11.2934 11.5645 0
    endloop
  endfacet
  facet normal -0.946926 0.321452 0
    outer loop
      vertex 11.366 10.4558 0
      vertex 11.4914 10.8252 3.2
      vertex 11.4914 10.8252 0
    endloop
  endfacet
  facet normal -0.946926 0.321452 0
    outer loop
      vertex 11.4914 10.8252 3.2
      vertex 11.366 10.4558 0
      vertex 11.366 10.4558 3.2
    endloop
  endfacet
  facet normal -0.751973 0.659194 0
    outer loop
      vertex 11.1088 10.1624 0
      vertex 11.366 10.4558 3.2
      vertex 11.366 10.4558 0
    endloop
  endfacet
  facet normal -0.751973 0.659194 0
    outer loop
      vertex 11.366 10.4558 3.2
      vertex 11.1088 10.1624 0
      vertex 11.1088 10.1624 3.2
    endloop
  endfacet
  facet normal -0.997863 -0.0653454 0
    outer loop
      vertex 11.4914 10.8252 0
      vertex 11.4659 11.2146 3.2
      vertex 11.4659 11.2146 0
    endloop
  endfacet
  facet normal -0.997863 -0.0653454 0
    outer loop
      vertex 11.4659 11.2146 3.2
      vertex 11.4914 10.8252 0
      vertex 11.4914 10.8252 3.2
    endloop
  endfacet
  facet normal 0.442327 -0.896854 0
    outer loop
      vertex 9.89124 11.7491 0
      vertex 10.2412 11.9217 3.2
      vertex 9.89124 11.7491 3.2
    endloop
  endfacet
  facet normal 0.442327 -0.896854 0
    outer loop
      vertex 10.2412 11.9217 3.2
      vertex 9.89124 11.7491 0
      vertex 10.2412 11.9217 0
    endloop
  endfacet
  facet normal -0.402794 0.91529 0
    outer loop
      vertex 14.0107 9.06758 0
      vertex 13.6536 8.91043 3.2
      vertex 14.0107 9.06758 3.2
    endloop
  endfacet
  facet normal -0.402794 0.91529 0
    outer loop
      vertex 13.6536 8.91043 3.2
      vertex 14.0107 9.06758 0
      vertex 13.6536 8.91043 0
    endloop
  endfacet
  facet normal -0.722252 0.69163 0
    outer loop
      vertex 14.0107 9.06758 0
      vertex 14.2806 9.34943 3.2
      vertex 14.2806 9.34943 0
    endloop
  endfacet
  facet normal -0.722252 0.69163 0
    outer loop
      vertex 14.2806 9.34943 3.2
      vertex 14.0107 9.06758 0
      vertex 14.0107 9.06758 3.2
    endloop
  endfacet
  facet normal -0.932022 0.362403 0
    outer loop
      vertex 14.2806 9.34943 0
      vertex 14.422 9.71308 3.2
      vertex 14.422 9.71308 0
    endloop
  endfacet
  facet normal -0.932022 0.362403 0
    outer loop
      vertex 14.422 9.71308 3.2
      vertex 14.2806 9.34943 0
      vertex 14.2806 9.34943 3.2
    endloop
  endfacet
  facet normal -0.36236 -0.932038 0
    outer loop
      vertex 13.6108 10.8715 0
      vertex 13.9745 10.7301 3.2
      vertex 13.6108 10.8715 3.2
    endloop
  endfacet
  facet normal -0.36236 -0.932038 -0
    outer loop
      vertex 13.9745 10.7301 3.2
      vertex 13.6108 10.8715 0
      vertex 13.9745 10.7301 0
    endloop
  endfacet
  facet normal 0.362491 0.931987 -0
    outer loop
      vertex 13.2635 8.90192 0
      vertex 12.8999 9.04334 3.2
      vertex 13.2635 8.90192 3.2
    endloop
  endfacet
  facet normal 0.362491 0.931987 0
    outer loop
      vertex 12.8999 9.04334 3.2
      vertex 13.2635 8.90192 0
      vertex 12.8999 9.04334 0
    endloop
  endfacet
  facet normal -0.0218097 0.999762 0
    outer loop
      vertex 13.6536 8.91043 0
      vertex 13.2635 8.90192 3.2
      vertex 13.6536 8.91043 3.2
    endloop
  endfacet
  facet normal -0.0218097 0.999762 0
    outer loop
      vertex 13.2635 8.90192 3.2
      vertex 13.6536 8.91043 0
      vertex 13.2635 8.90192 0
    endloop
  endfacet
  facet normal -0.915243 -0.402902 0
    outer loop
      vertex 14.4135 10.1032 0
      vertex 14.2563 10.4603 3.2
      vertex 14.2563 10.4603 0
    endloop
  endfacet
  facet normal -0.915243 -0.402902 0
    outer loop
      vertex 14.2563 10.4603 3.2
      vertex 14.4135 10.1032 0
      vertex 14.4135 10.1032 3.2
    endloop
  endfacet
  facet normal 0.691445 0.722429 -0
    outer loop
      vertex 12.8999 9.04334 0
      vertex 12.618 9.31315 3.2
      vertex 12.8999 9.04334 3.2
    endloop
  endfacet
  facet normal 0.691445 0.722429 0
    outer loop
      vertex 12.618 9.31315 3.2
      vertex 12.8999 9.04334 0
      vertex 12.618 9.31315 0
    endloop
  endfacet
  facet normal -0.69156 -0.722319 0
    outer loop
      vertex 13.9745 10.7301 0
      vertex 14.2563 10.4603 3.2
      vertex 13.9745 10.7301 3.2
    endloop
  endfacet
  facet normal -0.69156 -0.722319 -0
    outer loop
      vertex 14.2563 10.4603 3.2
      vertex 13.9745 10.7301 0
      vertex 14.2563 10.4603 0
    endloop
  endfacet
  facet normal 0.999763 0.0217836 0
    outer loop
      vertex 12.4609 9.67029 3.2
      vertex 12.4524 10.0604 0
      vertex 12.4524 10.0604 3.2
    endloop
  endfacet
  facet normal 0.999763 0.0217836 0
    outer loop
      vertex 12.4524 10.0604 0
      vertex 12.4609 9.67029 3.2
      vertex 12.4609 9.67029 0
    endloop
  endfacet
  facet normal -0.999763 -0.021783 0
    outer loop
      vertex 14.422 9.71308 0
      vertex 14.4135 10.1032 3.2
      vertex 14.4135 10.1032 0
    endloop
  endfacet
  facet normal -0.999763 -0.021783 0
    outer loop
      vertex 14.4135 10.1032 3.2
      vertex 14.422 9.71308 0
      vertex 14.422 9.71308 3.2
    endloop
  endfacet
  facet normal 0.932005 -0.362446 0
    outer loop
      vertex 12.4524 10.0604 3.2
      vertex 12.5938 10.424 0
      vertex 12.5938 10.424 3.2
    endloop
  endfacet
  facet normal 0.932005 -0.362446 0
    outer loop
      vertex 12.5938 10.424 0
      vertex 12.4524 10.0604 3.2
      vertex 12.4524 10.0604 0
    endloop
  endfacet
  facet normal 0.722441 -0.691432 0
    outer loop
      vertex 12.5938 10.424 3.2
      vertex 12.8636 10.7059 0
      vertex 12.8636 10.7059 3.2
    endloop
  endfacet
  facet normal 0.722441 -0.691432 0
    outer loop
      vertex 12.8636 10.7059 0
      vertex 12.5938 10.424 3.2
      vertex 12.5938 10.424 0
    endloop
  endfacet
  facet normal 0.915354 0.402649 0
    outer loop
      vertex 12.618 9.31315 3.2
      vertex 12.4609 9.67029 0
      vertex 12.4609 9.67029 3.2
    endloop
  endfacet
  facet normal 0.915354 0.402649 0
    outer loop
      vertex 12.4609 9.67029 0
      vertex 12.618 9.31315 3.2
      vertex 12.618 9.31315 0
    endloop
  endfacet
  facet normal 0.0217841 -0.999763 0
    outer loop
      vertex 13.2207 10.863 0
      vertex 13.6108 10.8715 3.2
      vertex 13.2207 10.863 3.2
    endloop
  endfacet
  facet normal 0.0217841 -0.999763 0
    outer loop
      vertex 13.6108 10.8715 3.2
      vertex 13.2207 10.863 0
      vertex 13.6108 10.8715 0
    endloop
  endfacet
  facet normal 0.402687 -0.915338 0
    outer loop
      vertex 12.8636 10.7059 0
      vertex 13.2207 10.863 3.2
      vertex 12.8636 10.7059 3.2
    endloop
  endfacet
  facet normal 0.402687 -0.915338 0
    outer loop
      vertex 13.2207 10.863 3.2
      vertex 12.8636 10.7059 0
      vertex 13.2207 10.863 0
    endloop
  endfacet
  facet normal -0.915354 0.402649 0
    outer loop
      vertex 17.382 9.31315 0
      vertex 17.5391 9.67029 3.2
      vertex 17.5391 9.67029 0
    endloop
  endfacet
  facet normal -0.915354 0.402649 0
    outer loop
      vertex 17.5391 9.67029 3.2
      vertex 17.382 9.31315 0
      vertex 17.382 9.31315 3.2
    endloop
  endfacet
  facet normal 0.402794 0.91529 -0
    outer loop
      vertex 16.3464 8.91043 0
      vertex 15.9893 9.06758 3.2
      vertex 16.3464 8.91043 3.2
    endloop
  endfacet
  facet normal 0.402794 0.91529 0
    outer loop
      vertex 15.9893 9.06758 3.2
      vertex 16.3464 8.91043 0
      vertex 15.9893 9.06758 0
    endloop
  endfacet
  facet normal -0.932005 -0.362446 0
    outer loop
      vertex 17.5476 10.0604 0
      vertex 17.4062 10.424 3.2
      vertex 17.4062 10.424 0
    endloop
  endfacet
  facet normal -0.932005 -0.362446 0
    outer loop
      vertex 17.4062 10.424 3.2
      vertex 17.5476 10.0604 0
      vertex 17.5476 10.0604 3.2
    endloop
  endfacet
  facet normal -0.402687 -0.915338 0
    outer loop
      vertex 16.7793 10.863 0
      vertex 17.1364 10.7059 3.2
      vertex 16.7793 10.863 3.2
    endloop
  endfacet
  facet normal -0.402687 -0.915338 -0
    outer loop
      vertex 17.1364 10.7059 3.2
      vertex 16.7793 10.863 0
      vertex 17.1364 10.7059 0
    endloop
  endfacet
  facet normal -0.362491 0.931987 0
    outer loop
      vertex 17.1001 9.04334 0
      vertex 16.7365 8.90192 3.2
      vertex 17.1001 9.04334 3.2
    endloop
  endfacet
  facet normal -0.362491 0.931987 0
    outer loop
      vertex 16.7365 8.90192 3.2
      vertex 17.1001 9.04334 0
      vertex 16.7365 8.90192 0
    endloop
  endfacet
  facet normal -0.0217841 -0.999763 0
    outer loop
      vertex 16.3892 10.8715 0
      vertex 16.7793 10.863 3.2
      vertex 16.3892 10.8715 3.2
    endloop
  endfacet
  facet normal -0.0217841 -0.999763 -0
    outer loop
      vertex 16.7793 10.863 3.2
      vertex 16.3892 10.8715 0
      vertex 16.7793 10.863 0
    endloop
  endfacet
  facet normal 0.932022 0.362403 0
    outer loop
      vertex 15.7194 9.34943 3.2
      vertex 15.578 9.71308 0
      vertex 15.578 9.71308 3.2
    endloop
  endfacet
  facet normal 0.932022 0.362403 0
    outer loop
      vertex 15.578 9.71308 0
      vertex 15.7194 9.34943 3.2
      vertex 15.7194 9.34943 0
    endloop
  endfacet
  facet normal 0.36236 -0.932038 0
    outer loop
      vertex 16.0255 10.7301 0
      vertex 16.3892 10.8715 3.2
      vertex 16.0255 10.7301 3.2
    endloop
  endfacet
  facet normal 0.36236 -0.932038 0
    outer loop
      vertex 16.3892 10.8715 3.2
      vertex 16.0255 10.7301 0
      vertex 16.3892 10.8715 0
    endloop
  endfacet
  facet normal -0.999763 0.0217836 0
    outer loop
      vertex 17.5391 9.67029 0
      vertex 17.5476 10.0604 3.2
      vertex 17.5476 10.0604 0
    endloop
  endfacet
  facet normal -0.999763 0.0217836 0
    outer loop
      vertex 17.5476 10.0604 3.2
      vertex 17.5391 9.67029 0
      vertex 17.5391 9.67029 3.2
    endloop
  endfacet
  facet normal 0.999763 -0.021783 0
    outer loop
      vertex 15.578 9.71308 3.2
      vertex 15.5865 10.1032 0
      vertex 15.5865 10.1032 3.2
    endloop
  endfacet
  facet normal 0.999763 -0.021783 0
    outer loop
      vertex 15.5865 10.1032 0
      vertex 15.578 9.71308 3.2
      vertex 15.578 9.71308 0
    endloop
  endfacet
  facet normal -0.691445 0.722429 0
    outer loop
      vertex 17.382 9.31315 0
      vertex 17.1001 9.04334 3.2
      vertex 17.382 9.31315 3.2
    endloop
  endfacet
  facet normal -0.691445 0.722429 0
    outer loop
      vertex 17.1001 9.04334 3.2
      vertex 17.382 9.31315 0
      vertex 17.1001 9.04334 0
    endloop
  endfacet
  facet normal 0.0218097 0.999762 -0
    outer loop
      vertex 16.7365 8.90192 0
      vertex 16.3464 8.91043 3.2
      vertex 16.7365 8.90192 3.2
    endloop
  endfacet
  facet normal 0.0218097 0.999762 0
    outer loop
      vertex 16.3464 8.91043 3.2
      vertex 16.7365 8.90192 0
      vertex 16.3464 8.91043 0
    endloop
  endfacet
  facet normal 0.722252 0.69163 0
    outer loop
      vertex 15.9893 9.06758 3.2
      vertex 15.7194 9.34943 0
      vertex 15.7194 9.34943 3.2
    endloop
  endfacet
  facet normal 0.722252 0.69163 0
    outer loop
      vertex 15.7194 9.34943 0
      vertex 15.9893 9.06758 3.2
      vertex 15.9893 9.06758 0
    endloop
  endfacet
  facet normal 0.69156 -0.722319 0
    outer loop
      vertex 15.7437 10.4603 0
      vertex 16.0255 10.7301 3.2
      vertex 15.7437 10.4603 3.2
    endloop
  endfacet
  facet normal 0.69156 -0.722319 0
    outer loop
      vertex 16.0255 10.7301 3.2
      vertex 15.7437 10.4603 0
      vertex 16.0255 10.7301 0
    endloop
  endfacet
  facet normal -0.722441 -0.691432 0
    outer loop
      vertex 17.4062 10.424 0
      vertex 17.1364 10.7059 3.2
      vertex 17.1364 10.7059 0
    endloop
  endfacet
  facet normal -0.722441 -0.691432 0
    outer loop
      vertex 17.1364 10.7059 3.2
      vertex 17.4062 10.424 0
      vertex 17.4062 10.424 3.2
    endloop
  endfacet
  facet normal 0.915243 -0.402902 0
    outer loop
      vertex 15.5865 10.1032 3.2
      vertex 15.7437 10.4603 0
      vertex 15.7437 10.4603 3.2
    endloop
  endfacet
  facet normal 0.915243 -0.402902 0
    outer loop
      vertex 15.7437 10.4603 0
      vertex 15.5865 10.1032 3.2
      vertex 15.5865 10.1032 0
    endloop
  endfacet
  facet normal -0.896975 0.442081 0
    outer loop
      vertex 20.2934 10.347 0
      vertex 20.4659 10.697 3.2
      vertex 20.4659 10.697 0
    endloop
  endfacet
  facet normal -0.896975 0.442081 0
    outer loop
      vertex 20.4659 10.697 3.2
      vertex 20.2934 10.347 0
      vertex 20.2934 10.347 3.2
    endloop
  endfacet
  facet normal -0.997862 0.0653621 0
    outer loop
      vertex 20.4659 10.697 0
      vertex 20.4914 11.0863 3.2
      vertex 20.4914 11.0863 0
    endloop
  endfacet
  facet normal -0.997862 0.0653621 0
    outer loop
      vertex 20.4914 11.0863 3.2
      vertex 20.4659 10.697 0
      vertex 20.4659 10.697 3.2
    endloop
  endfacet
  facet normal 0.442184 0.896924 -0
    outer loop
      vertex 19.2412 9.98985 0
      vertex 18.8912 10.1624 3.2
      vertex 19.2412 9.98985 3.2
    endloop
  endfacet
  facet normal 0.442184 0.896924 0
    outer loop
      vertex 18.8912 10.1624 3.2
      vertex 19.2412 9.98985 0
      vertex 18.8912 10.1624 0
    endloop
  endfacet
  facet normal -0.0653621 -0.997862 0
    outer loop
      vertex 19.3695 11.9472 0
      vertex 19.7588 11.9217 3.2
      vertex 19.3695 11.9472 3.2
    endloop
  endfacet
  facet normal -0.0653621 -0.997862 -0
    outer loop
      vertex 19.7588 11.9217 3.2
      vertex 19.3695 11.9472 0
      vertex 19.7588 11.9217 0
    endloop
  endfacet
  facet normal -0.659339 0.751846 0
    outer loop
      vertex 20.2934 10.347 0
      vertex 20 10.0897 3.2
      vertex 20.2934 10.347 3.2
    endloop
  endfacet
  facet normal -0.659339 0.751846 0
    outer loop
      vertex 20 10.0897 3.2
      vertex 20.2934 10.347 0
      vertex 20 10.0897 0
    endloop
  endfacet
  facet normal 0.751973 0.659194 0
    outer loop
      vertex 18.8912 10.1624 3.2
      vertex 18.634 10.4558 0
      vertex 18.634 10.4558 3.2
    endloop
  endfacet
  facet normal 0.751973 0.659194 0
    outer loop
      vertex 18.634 10.4558 0
      vertex 18.8912 10.1624 3.2
      vertex 18.8912 10.1624 0
    endloop
  endfacet
  facet normal -0.321305 0.946976 0
    outer loop
      vertex 20 10.0897 0
      vertex 19.6305 9.96433 3.2
      vertex 20 10.0897 3.2
    endloop
  endfacet
  facet normal -0.321305 0.946976 0
    outer loop
      vertex 19.6305 9.96433 3.2
      vertex 20 10.0897 0
      vertex 19.6305 9.96433 0
    endloop
  endfacet
  facet normal -0.751862 -0.659321 0
    outer loop
      vertex 20.366 11.4558 0
      vertex 20.1088 11.7491 3.2
      vertex 20.1088 11.7491 0
    endloop
  endfacet
  facet normal -0.751862 -0.659321 0
    outer loop
      vertex 20.1088 11.7491 3.2
      vertex 20.366 11.4558 0
      vertex 20.366 11.4558 3.2
    endloop
  endfacet
  facet normal 0.946926 0.321452 0
    outer loop
      vertex 18.634 10.4558 3.2
      vertex 18.5086 10.8252 0
      vertex 18.5086 10.8252 3.2
    endloop
  endfacet
  facet normal 0.946926 0.321452 0
    outer loop
      vertex 18.5086 10.8252 0
      vertex 18.634 10.4558 3.2
      vertex 18.634 10.4558 0
    endloop
  endfacet
  facet normal 0.0654132 0.997858 -0
    outer loop
      vertex 19.6305 9.96433 0
      vertex 19.2412 9.98985 3.2
      vertex 19.6305 9.96433 3.2
    endloop
  endfacet
  facet normal 0.0654132 0.997858 0
    outer loop
      vertex 19.2412 9.98985 3.2
      vertex 19.6305 9.96433 0
      vertex 19.2412 9.98985 0
    endloop
  endfacet
  facet normal 0.896925 -0.442182 0
    outer loop
      vertex 18.5341 11.2146 3.2
      vertex 18.7066 11.5645 0
      vertex 18.7066 11.5645 3.2
    endloop
  endfacet
  facet normal 0.896925 -0.442182 0
    outer loop
      vertex 18.7066 11.5645 0
      vertex 18.5341 11.2146 3.2
      vertex 18.5341 11.2146 0
    endloop
  endfacet
  facet normal 0.659339 -0.751846 0
    outer loop
      vertex 18.7066 11.5645 0
      vertex 19 11.8218 3.2
      vertex 18.7066 11.5645 3.2
    endloop
  endfacet
  facet normal 0.659339 -0.751846 0
    outer loop
      vertex 19 11.8218 3.2
      vertex 18.7066 11.5645 0
      vertex 19 11.8218 0
    endloop
  endfacet
  facet normal -0.946952 -0.321374 0
    outer loop
      vertex 20.4914 11.0863 0
      vertex 20.366 11.4558 3.2
      vertex 20.366 11.4558 0
    endloop
  endfacet
  facet normal -0.946952 -0.321374 0
    outer loop
      vertex 20.366 11.4558 3.2
      vertex 20.4914 11.0863 0
      vertex 20.4914 11.0863 3.2
    endloop
  endfacet
  facet normal 0.321374 -0.946952 0
    outer loop
      vertex 19 11.8218 0
      vertex 19.3695 11.9472 3.2
      vertex 19 11.8218 3.2
    endloop
  endfacet
  facet normal 0.321374 -0.946952 0
    outer loop
      vertex 19.3695 11.9472 3.2
      vertex 19 11.8218 0
      vertex 19.3695 11.9472 0
    endloop
  endfacet
  facet normal -0.442287 -0.896874 0
    outer loop
      vertex 19.7588 11.9217 0
      vertex 20.1088 11.7491 3.2
      vertex 19.7588 11.9217 3.2
    endloop
  endfacet
  facet normal -0.442287 -0.896874 -0
    outer loop
      vertex 20.1088 11.7491 3.2
      vertex 19.7588 11.9217 0
      vertex 20.1088 11.7491 0
    endloop
  endfacet
  facet normal 0.997863 -0.0653454 0
    outer loop
      vertex 18.5086 10.8252 3.2
      vertex 18.5341 11.2146 0
      vertex 18.5341 11.2146 3.2
    endloop
  endfacet
  facet normal 0.997863 -0.0653454 0
    outer loop
      vertex 18.5341 11.2146 0
      vertex 18.5086 10.8252 3.2
      vertex 18.5086 10.8252 0
    endloop
  endfacet
  facet normal 0.779918 0.625882 0
    outer loop
      vertex 21.2516 12.1989 3.2
      vertex 21.0074 12.5032 0
      vertex 21.0074 12.5032 3.2
    endloop
  endfacet
  facet normal 0.779918 0.625882 0
    outer loop
      vertex 21.0074 12.5032 0
      vertex 21.2516 12.1989 3.2
      vertex 21.2516 12.1989 0
    endloop
  endfacet
  facet normal -0.994051 0.108913 0
    outer loop
      vertex 22.8481 12.6642 0
      vertex 22.8906 13.0521 3.2
      vertex 22.8906 13.0521 0
    endloop
  endfacet
  facet normal -0.994051 0.108913 0
    outer loop
      vertex 22.8906 13.0521 3.2
      vertex 22.8481 12.6642 0
      vertex 22.8481 12.6642 3.2
    endloop
  endfacet
  facet normal -0.96004 -0.279862 0
    outer loop
      vertex 22.8906 13.0521 0
      vertex 22.7814 13.4267 3.2
      vertex 22.7814 13.4267 0
    endloop
  endfacet
  facet normal -0.96004 -0.279862 0
    outer loop
      vertex 22.7814 13.4267 3.2
      vertex 22.8906 13.0521 0
      vertex 22.8906 13.0521 3.2
    endloop
  endfacet
  facet normal -0.279931 0.96002 0
    outer loop
      vertex 22.3561 12.0779 0
      vertex 21.9816 11.9687 3.2
      vertex 22.3561 12.0779 3.2
    endloop
  endfacet
  facet normal -0.279931 0.96002 0
    outer loop
      vertex 21.9816 11.9687 3.2
      vertex 22.3561 12.0779 0
      vertex 21.9816 11.9687 0
    endloop
  endfacet
  facet normal 0.108913 0.994051 -0
    outer loop
      vertex 21.9816 11.9687 0
      vertex 21.5937 12.0112 3.2
      vertex 21.9816 11.9687 3.2
    endloop
  endfacet
  facet normal 0.108913 0.994051 0
    outer loop
      vertex 21.5937 12.0112 3.2
      vertex 21.9816 11.9687 0
      vertex 21.5937 12.0112 0
    endloop
  endfacet
  facet normal 0.625882 -0.779918 0
    outer loop
      vertex 21.1284 13.6077 0
      vertex 21.4327 13.8519 3.2
      vertex 21.1284 13.6077 3.2
    endloop
  endfacet
  facet normal 0.625882 -0.779918 0
    outer loop
      vertex 21.4327 13.8519 3.2
      vertex 21.1284 13.6077 0
      vertex 21.4327 13.8519 0
    endloop
  endfacet
  facet normal -0.876708 0.481023 0
    outer loop
      vertex 22.6604 12.3221 0
      vertex 22.8481 12.6642 3.2
      vertex 22.8481 12.6642 0
    endloop
  endfacet
  facet normal -0.876708 0.481023 0
    outer loop
      vertex 22.8481 12.6642 3.2
      vertex 22.6604 12.3221 0
      vertex 22.6604 12.3221 3.2
    endloop
  endfacet
  facet normal 0.481023 0.876708 -0
    outer loop
      vertex 21.5937 12.0112 0
      vertex 21.2516 12.1989 3.2
      vertex 21.5937 12.0112 3.2
    endloop
  endfacet
  facet normal 0.481023 0.876708 0
    outer loop
      vertex 21.2516 12.1989 3.2
      vertex 21.5937 12.0112 0
      vertex 21.2516 12.1989 0
    endloop
  endfacet
  facet normal -0.108913 -0.994051 0
    outer loop
      vertex 21.8072 13.9611 0
      vertex 22.1951 13.9186 3.2
      vertex 21.8072 13.9611 3.2
    endloop
  endfacet
  facet normal -0.108913 -0.994051 -0
    outer loop
      vertex 22.1951 13.9186 3.2
      vertex 21.8072 13.9611 0
      vertex 22.1951 13.9186 0
    endloop
  endfacet
  facet normal -0.625882 0.779918 0
    outer loop
      vertex 22.6604 12.3221 0
      vertex 22.3561 12.0779 3.2
      vertex 22.6604 12.3221 3.2
    endloop
  endfacet
  facet normal -0.625882 0.779918 0
    outer loop
      vertex 22.3561 12.0779 3.2
      vertex 22.6604 12.3221 0
      vertex 22.3561 12.0779 0
    endloop
  endfacet
  facet normal 0.96004 0.279862 0
    outer loop
      vertex 21.0074 12.5032 3.2
      vertex 20.8982 12.8778 0
      vertex 20.8982 12.8778 3.2
    endloop
  endfacet
  facet normal 0.96004 0.279862 0
    outer loop
      vertex 20.8982 12.8778 0
      vertex 21.0074 12.5032 3.2
      vertex 21.0074 12.5032 0
    endloop
  endfacet
  facet normal -0.480826 -0.876816 0
    outer loop
      vertex 22.1951 13.9186 0
      vertex 22.5372 13.731 3.2
      vertex 22.1951 13.9186 3.2
    endloop
  endfacet
  facet normal -0.480826 -0.876816 -0
    outer loop
      vertex 22.5372 13.731 3.2
      vertex 22.1951 13.9186 0
      vertex 22.5372 13.731 0
    endloop
  endfacet
  facet normal -0.779918 -0.625882 0
    outer loop
      vertex 22.7814 13.4267 0
      vertex 22.5372 13.731 3.2
      vertex 22.5372 13.731 0
    endloop
  endfacet
  facet normal -0.779918 -0.625882 0
    outer loop
      vertex 22.5372 13.731 3.2
      vertex 22.7814 13.4267 0
      vertex 22.7814 13.4267 3.2
    endloop
  endfacet
  facet normal 0.279931 -0.96002 0
    outer loop
      vertex 21.4327 13.8519 0
      vertex 21.8072 13.9611 3.2
      vertex 21.4327 13.8519 3.2
    endloop
  endfacet
  facet normal 0.279931 -0.96002 0
    outer loop
      vertex 21.8072 13.9611 3.2
      vertex 21.4327 13.8519 0
      vertex 21.8072 13.9611 0
    endloop
  endfacet
  facet normal 0.876708 -0.481023 0
    outer loop
      vertex 20.9407 13.2656 3.2
      vertex 21.1284 13.6077 0
      vertex 21.1284 13.6077 3.2
    endloop
  endfacet
  facet normal 0.876708 -0.481023 0
    outer loop
      vertex 21.1284 13.6077 0
      vertex 20.9407 13.2656 3.2
      vertex 20.9407 13.2656 0
    endloop
  endfacet
  facet normal 0.994048 -0.10894 0
    outer loop
      vertex 20.8982 12.8778 3.2
      vertex 20.9407 13.2656 0
      vertex 20.9407 13.2656 3.2
    endloop
  endfacet
  facet normal 0.994048 -0.10894 0
    outer loop
      vertex 20.9407 13.2656 0
      vertex 20.8982 12.8778 3.2
      vertex 20.8982 12.8778 0
    endloop
  endfacet
  facet normal -0.152211 -0.988348 0
    outer loop
      vertex 23.4136 16.6709 0
      vertex 23.7993 16.6115 3.2
      vertex 23.4136 16.6709 3.2
    endloop
  endfacet
  facet normal -0.152211 -0.988348 -0
    outer loop
      vertex 23.7993 16.6115 3.2
      vertex 23.4136 16.6709 0
      vertex 23.7993 16.6115 0
    endloop
  endfacet
  facet normal -0.971307 -0.237829 0
    outer loop
      vertex 24.4563 15.7154 0
      vertex 24.3635 16.0944 3.2
      vertex 24.3635 16.0944 0
    endloop
  endfacet
  facet normal -0.971307 -0.237829 0
    outer loop
      vertex 24.3635 16.0944 3.2
      vertex 24.4563 15.7154 0
      vertex 24.4563 15.7154 3.2
    endloop
  endfacet
  facet normal 0.518711 0.85495 -0
    outer loop
      vertex 23.1152 14.7321 0
      vertex 22.7816 14.9345 3.2
      vertex 23.1152 14.7321 3.2
    endloop
  endfacet
  facet normal 0.518711 0.85495 0
    outer loop
      vertex 22.7816 14.9345 3.2
      vertex 23.1152 14.7321 0
      vertex 22.7816 14.9345 0
    endloop
  endfacet
  facet normal -0.85495 0.518711 0
    outer loop
      vertex 24.1945 14.9962 0
      vertex 24.3969 15.3298 3.2
      vertex 24.3969 15.3298 0
    endloop
  endfacet
  facet normal -0.85495 0.518711 0
    outer loop
      vertex 24.3969 15.3298 3.2
      vertex 24.1945 14.9962 0
      vertex 24.1945 14.9962 3.2
    endloop
  endfacet
  facet normal -0.237587 0.971366 0
    outer loop
      vertex 23.8799 14.7655 0
      vertex 23.5009 14.6728 3.2
      vertex 23.8799 14.7655 3.2
    endloop
  endfacet
  facet normal -0.237587 0.971366 0
    outer loop
      vertex 23.5009 14.6728 3.2
      vertex 23.8799 14.7655 0
      vertex 23.5009 14.6728 0
    endloop
  endfacet
  facet normal -0.988342 0.15225 0
    outer loop
      vertex 24.3969 15.3298 0
      vertex 24.4563 15.7154 3.2
      vertex 24.4563 15.7154 0
    endloop
  endfacet
  facet normal -0.988342 0.15225 0
    outer loop
      vertex 24.4563 15.7154 3.2
      vertex 24.3969 15.3298 0
      vertex 24.3969 15.3298 3.2
    endloop
  endfacet
  facet normal 0.591353 -0.806413 0
    outer loop
      vertex 22.72 16.3474 0
      vertex 23.0346 16.5781 3.2
      vertex 22.72 16.3474 3.2
    endloop
  endfacet
  facet normal 0.591353 -0.806413 0
    outer loop
      vertex 23.0346 16.5781 3.2
      vertex 22.72 16.3474 0
      vertex 23.0346 16.5781 0
    endloop
  endfacet
  facet normal 0.237829 -0.971307 0
    outer loop
      vertex 23.0346 16.5781 0
      vertex 23.4136 16.6709 3.2
      vertex 23.0346 16.5781 3.2
    endloop
  endfacet
  facet normal 0.237829 -0.971307 0
    outer loop
      vertex 23.4136 16.6709 3.2
      vertex 23.0346 16.5781 0
      vertex 23.4136 16.6709 0
    endloop
  endfacet
  facet normal -0.591353 0.806413 0
    outer loop
      vertex 24.1945 14.9962 0
      vertex 23.8799 14.7655 3.2
      vertex 24.1945 14.9962 3.2
    endloop
  endfacet
  facet normal -0.591353 0.806413 0
    outer loop
      vertex 23.8799 14.7655 3.2
      vertex 24.1945 14.9962 0
      vertex 23.8799 14.7655 0
    endloop
  endfacet
  facet normal -0.518824 -0.854881 0
    outer loop
      vertex 23.7993 16.6115 0
      vertex 24.1328 16.4091 3.2
      vertex 23.7993 16.6115 3.2
    endloop
  endfacet
  facet normal -0.518824 -0.854881 -0
    outer loop
      vertex 24.1328 16.4091 3.2
      vertex 23.7993 16.6115 0
      vertex 24.1328 16.4091 0
    endloop
  endfacet
  facet normal 0.854836 -0.518898 0
    outer loop
      vertex 22.5175 16.0138 3.2
      vertex 22.72 16.3474 0
      vertex 22.72 16.3474 3.2
    endloop
  endfacet
  facet normal 0.854836 -0.518898 0
    outer loop
      vertex 22.72 16.3474 0
      vertex 22.5175 16.0138 3.2
      vertex 22.5175 16.0138 0
    endloop
  endfacet
  facet normal 0.988381 -0.151999 0
    outer loop
      vertex 22.4582 15.6282 3.2
      vertex 22.5175 16.0138 0
      vertex 22.5175 16.0138 3.2
    endloop
  endfacet
  facet normal 0.988381 -0.151999 0
    outer loop
      vertex 22.5175 16.0138 0
      vertex 22.4582 15.6282 3.2
      vertex 22.4582 15.6282 0
    endloop
  endfacet
  facet normal -0.806503 -0.59123 0
    outer loop
      vertex 24.3635 16.0944 0
      vertex 24.1328 16.4091 3.2
      vertex 24.1328 16.4091 0
    endloop
  endfacet
  facet normal -0.806503 -0.59123 0
    outer loop
      vertex 24.1328 16.4091 3.2
      vertex 24.3635 16.0944 0
      vertex 24.3635 16.0944 3.2
    endloop
  endfacet
  facet normal 0.971366 0.237587 0
    outer loop
      vertex 22.5509 15.2492 3.2
      vertex 22.4582 15.6282 0
      vertex 22.4582 15.6282 3.2
    endloop
  endfacet
  facet normal 0.971366 0.237587 0
    outer loop
      vertex 22.4582 15.6282 0
      vertex 22.5509 15.2492 3.2
      vertex 22.5509 15.2492 0
    endloop
  endfacet
  facet normal 0.151961 0.988387 -0
    outer loop
      vertex 23.5009 14.6728 0
      vertex 23.1152 14.7321 3.2
      vertex 23.5009 14.6728 3.2
    endloop
  endfacet
  facet normal 0.151961 0.988387 0
    outer loop
      vertex 23.1152 14.7321 3.2
      vertex 23.5009 14.6728 0
      vertex 23.1152 14.7321 0
    endloop
  endfacet
  facet normal 0.806503 0.59123 0
    outer loop
      vertex 22.7816 14.9345 3.2
      vertex 22.5509 15.2492 0
      vertex 22.5509 15.2492 3.2
    endloop
  endfacet
  facet normal 0.806503 0.59123 0
    outer loop
      vertex 22.5509 15.2492 0
      vertex 22.7816 14.9345 3.2
      vertex 22.7816 14.9345 0
    endloop
  endfacet
  facet normal 0.555646 -0.831419 0
    outer loop
      vertex 14.2929 19.4571 0
      vertex 14.6173 19.6739 3.2
      vertex 14.2929 19.4571 3.2
    endloop
  endfacet
  facet normal 0.555646 -0.831419 0
    outer loop
      vertex 14.6173 19.6739 3.2
      vertex 14.2929 19.4571 0
      vertex 14.6173 19.6739 0
    endloop
  endfacet
  facet normal -0.831419 -0.555646 0
    outer loop
      vertex 15.9239 19.1327 0
      vertex 15.7071 19.4571 3.2
      vertex 15.7071 19.4571 0
    endloop
  endfacet
  facet normal -0.831419 -0.555646 0
    outer loop
      vertex 15.7071 19.4571 3.2
      vertex 15.9239 19.1327 0
      vertex 15.9239 19.1327 3.2
    endloop
  endfacet
  facet normal -0.980797 -0.195032 0
    outer loop
      vertex 16 18.75 0
      vertex 15.9239 19.1327 3.2
      vertex 15.9239 19.1327 0
    endloop
  endfacet
  facet normal -0.980797 -0.195032 0
    outer loop
      vertex 15.9239 19.1327 3.2
      vertex 16 18.75 0
      vertex 16 18.75 3.2
    endloop
  endfacet
  facet normal 0.831419 -0.555646 0
    outer loop
      vertex 14.0761 19.1327 3.2
      vertex 14.2929 19.4571 0
      vertex 14.2929 19.4571 3.2
    endloop
  endfacet
  facet normal 0.831419 -0.555646 0
    outer loop
      vertex 14.2929 19.4571 0
      vertex 14.0761 19.1327 3.2
      vertex 14.0761 19.1327 0
    endloop
  endfacet
  facet normal 0.195032 0.980797 -0
    outer loop
      vertex 15 17.75 0
      vertex 14.6173 17.8261 3.2
      vertex 15 17.75 3.2
    endloop
  endfacet
  facet normal 0.195032 0.980797 0
    outer loop
      vertex 14.6173 17.8261 3.2
      vertex 15 17.75 0
      vertex 14.6173 17.8261 0
    endloop
  endfacet
  facet normal -0.195032 0.980797 0
    outer loop
      vertex 15.3827 17.8261 0
      vertex 15 17.75 3.2
      vertex 15.3827 17.8261 3.2
    endloop
  endfacet
  facet normal -0.195032 0.980797 0
    outer loop
      vertex 15 17.75 3.2
      vertex 15.3827 17.8261 0
      vertex 15 17.75 0
    endloop
  endfacet
  facet normal -0.555646 0.831419 0
    outer loop
      vertex 15.7071 18.0429 0
      vertex 15.3827 17.8261 3.2
      vertex 15.7071 18.0429 3.2
    endloop
  endfacet
  facet normal -0.555646 0.831419 0
    outer loop
      vertex 15.3827 17.8261 3.2
      vertex 15.7071 18.0429 0
      vertex 15.3827 17.8261 0
    endloop
  endfacet
  facet normal -0.831419 0.555646 0
    outer loop
      vertex 15.7071 18.0429 0
      vertex 15.9239 18.3673 3.2
      vertex 15.9239 18.3673 0
    endloop
  endfacet
  facet normal -0.831419 0.555646 0
    outer loop
      vertex 15.9239 18.3673 3.2
      vertex 15.7071 18.0429 0
      vertex 15.7071 18.0429 3.2
    endloop
  endfacet
  facet normal 0.980797 -0.195032 0
    outer loop
      vertex 14 18.75 3.2
      vertex 14.0761 19.1327 0
      vertex 14.0761 19.1327 3.2
    endloop
  endfacet
  facet normal 0.980797 -0.195032 0
    outer loop
      vertex 14.0761 19.1327 0
      vertex 14 18.75 3.2
      vertex 14 18.75 0
    endloop
  endfacet
  facet normal -0.980797 0.195032 0
    outer loop
      vertex 15.9239 18.3673 0
      vertex 16 18.75 3.2
      vertex 16 18.75 0
    endloop
  endfacet
  facet normal -0.980797 0.195032 0
    outer loop
      vertex 16 18.75 3.2
      vertex 15.9239 18.3673 0
      vertex 15.9239 18.3673 3.2
    endloop
  endfacet
  facet normal 0.195032 -0.980797 0
    outer loop
      vertex 14.6173 19.6739 0
      vertex 15 19.75 3.2
      vertex 14.6173 19.6739 3.2
    endloop
  endfacet
  facet normal 0.195032 -0.980797 0
    outer loop
      vertex 15 19.75 3.2
      vertex 14.6173 19.6739 0
      vertex 15 19.75 0
    endloop
  endfacet
  facet normal -0.195032 -0.980797 0
    outer loop
      vertex 15 19.75 0
      vertex 15.3827 19.6739 3.2
      vertex 15 19.75 3.2
    endloop
  endfacet
  facet normal -0.195032 -0.980797 -0
    outer loop
      vertex 15.3827 19.6739 3.2
      vertex 15 19.75 0
      vertex 15.3827 19.6739 0
    endloop
  endfacet
  facet normal -0.555646 -0.831419 0
    outer loop
      vertex 15.3827 19.6739 0
      vertex 15.7071 19.4571 3.2
      vertex 15.3827 19.6739 3.2
    endloop
  endfacet
  facet normal -0.555646 -0.831419 -0
    outer loop
      vertex 15.7071 19.4571 3.2
      vertex 15.3827 19.6739 0
      vertex 15.7071 19.4571 0
    endloop
  endfacet
  facet normal 0.831419 0.555646 0
    outer loop
      vertex 14.2929 18.0429 3.2
      vertex 14.0761 18.3673 0
      vertex 14.0761 18.3673 3.2
    endloop
  endfacet
  facet normal 0.831419 0.555646 0
    outer loop
      vertex 14.0761 18.3673 0
      vertex 14.2929 18.0429 3.2
      vertex 14.2929 18.0429 0
    endloop
  endfacet
  facet normal 0.980797 0.195032 0
    outer loop
      vertex 14.0761 18.3673 3.2
      vertex 14 18.75 0
      vertex 14 18.75 3.2
    endloop
  endfacet
  facet normal 0.980797 0.195032 0
    outer loop
      vertex 14 18.75 0
      vertex 14.0761 18.3673 3.2
      vertex 14.0761 18.3673 0
    endloop
  endfacet
  facet normal 0.555646 0.831419 -0
    outer loop
      vertex 14.6173 17.8261 0
      vertex 14.2929 18.0429 3.2
      vertex 14.6173 17.8261 3.2
    endloop
  endfacet
  facet normal 0.555646 0.831419 0
    outer loop
      vertex 14.2929 18.0429 3.2
      vertex 14.6173 17.8261 0
      vertex 14.2929 18.0429 0
    endloop
  endfacet
  facet normal 0.321357 -0.946958 0
    outer loop
      vertex 51.757 0.0272675 0
      vertex 51.8561 0.0608978 3.2
      vertex 51.757 0.0272675 3.2
    endloop
  endfacet
  facet normal 0.321357 -0.946958 0
    outer loop
      vertex 51.8561 0.0608978 3.2
      vertex 51.757 0.0272675 0
      vertex 51.8561 0.0608978 0
    endloop
  endfacet
  facet normal -0.194929 0.980817 0
    outer loop
      vertex 0.695587 37.4931 0
      vertex 0.592941 37.4727 3.2
      vertex 0.695587 37.4931 3.2
    endloop
  endfacet
  facet normal -0.194929 0.980817 0
    outer loop
      vertex 0.592941 37.4727 3.2
      vertex 0.695587 37.4931 0
      vertex 0.592941 37.4727 0
    endloop
  endfacet
  facet normal -0.946948 -0.321386 0
    outer loop
      vertex 0.0608978 0.493851 0
      vertex 0.0272675 0.592941 3.2
      vertex 0.0272675 0.592941 0
    endloop
  endfacet
  facet normal -0.946948 -0.321386 0
    outer loop
      vertex 0.0272675 0.592941 3.2
      vertex 0.0608978 0.493851 0
      vertex 0.0608978 0.493851 3.2
    endloop
  endfacet
  facet normal 0.321097 0.947046 -0
    outer loop
      vertex 51.8561 37.4391 0
      vertex 51.757 37.4727 3.2
      vertex 51.8561 37.4391 3.2
    endloop
  endfacet
  facet normal 0.321097 0.947046 0
    outer loop
      vertex 51.757 37.4727 3.2
      vertex 51.8561 37.4391 0
      vertex 51.757 37.4727 0
    endloop
  endfacet
  facet normal -0.321126 0.947036 0
    outer loop
      vertex 0.592941 37.4727 0
      vertex 0.493851 37.4391 3.2
      vertex 0.592941 37.4727 3.2
    endloop
  endfacet
  facet normal -0.321126 0.947036 0
    outer loop
      vertex 0.493851 37.4391 3.2
      vertex 0.592941 37.4727 0
      vertex 0.493851 37.4391 0
    endloop
  endfacet
  facet normal 0.195013 0.980801 -0
    outer loop
      vertex 51.757 37.4727 0
      vertex 51.6544 37.4931 3.2
      vertex 51.757 37.4727 3.2
    endloop
  endfacet
  facet normal 0.195013 0.980801 0
    outer loop
      vertex 51.6544 37.4931 3.2
      vertex 51.757 37.4727 0
      vertex 51.6544 37.4931 0
    endloop
  endfacet
  facet normal -0.555507 -0.831512 0
    outer loop
      vertex 0.312988 0.165314 0
      vertex 0.400009 0.107178 3.2
      vertex 0.312988 0.165314 3.2
    endloop
  endfacet
  facet normal -0.555507 -0.831512 -0
    outer loop
      vertex 0.400009 0.107178 3.2
      vertex 0.312988 0.165314 0
      vertex 0.400009 0.107178 0
    endloop
  endfacet
  facet normal 0.751925 0.659248 0
    outer loop
      vertex 52.1847 37.187 3.2
      vertex 52.1157 37.2657 0
      vertex 52.1157 37.2657 3.2
    endloop
  endfacet
  facet normal 0.751925 0.659248 0
    outer loop
      vertex 52.1157 37.2657 0
      vertex 52.1847 37.187 3.2
      vertex 52.1847 37.187 0
    endloop
  endfacet
  facet normal 0 0 -1
    outer loop
      vertex 8 18.75 0
      vertex 6.96539 20.9219 0
      vertex 7.28004 21.1526 0
    endloop
  endfacet
  facet normal 0 0 -1
    outer loop
      vertex 6.70711 19.4571 0
      vertex 8 18.75 0
      vertex 6.92388 19.1327 0
    endloop
  endfacet
  facet normal 0 0 -1
    outer loop
      vertex 8 18.75 0
      vertex 6.70711 19.4571 0
      vertex 6.96539 20.9219 0
    endloop
  endfacet
  facet normal 0 0 -1
    outer loop
      vertex 6.70711 19.4571 0
      vertex 6.58639 20.8291 0
      vertex 6.96539 20.9219 0
    endloop
  endfacet
  facet normal 0 0 -1
    outer loop
      vertex 6.38268 19.6739 0
      vertex 6.58639 20.8291 0
      vertex 6.70711 19.4571 0
    endloop
  endfacet
  facet normal 0 0 -1
    outer loop
      vertex 6.38268 19.6739 0
      vertex 6.20075 20.8885 0
      vertex 6.58639 20.8291 0
    endloop
  endfacet
  facet normal 0 0 -1
    outer loop
      vertex 6 19.75 0
      vertex 6.20075 20.8885 0
      vertex 6.38268 19.6739 0
    endloop
  endfacet
  facet normal 0 0 -1
    outer loop
      vertex 6 19.75 0
      vertex 5.86718 21.0909 0
      vertex 6.20075 20.8885 0
    endloop
  endfacet
  facet normal 0 0 -1
    outer loop
      vertex 5.61732 19.6739 0
      vertex 5.86718 21.0909 0
      vertex 6 19.75 0
    endloop
  endfacet
  facet normal -0 0 -1
    outer loop
      vertex 5.86718 21.0909 0
      vertex 5.61732 19.6739 0
      vertex 5.63646 21.4056 0
    endloop
  endfacet
  facet normal 0 0 -1
    outer loop
      vertex 5.29289 19.4571 0
      vertex 5.63646 21.4056 0
      vertex 5.61732 19.6739 0
    endloop
  endfacet
  facet normal -0 0 -1
    outer loop
      vertex 5.63646 21.4056 0
      vertex 5.29289 19.4571 0
      vertex 5.54372 21.7846 0
    endloop
  endfacet
  facet normal 0 0 -1
    outer loop
      vertex 6.70711 18.0429 0
      vertex 8.29289 18.0429 0
      vertex 6.96539 16.5781 0
    endloop
  endfacet
  facet normal 0 0 -1
    outer loop
      vertex 8 18.75 0
      vertex 7.48246 21.4862 0
      vertex 7.54181 21.8718 0
    endloop
  endfacet
  facet normal 0 0 -1
    outer loop
      vertex 8.29289 18.0429 0
      vertex 6.70711 18.0429 0
      vertex 8.07612 18.3673 0
    endloop
  endfacet
  facet normal 0 0 -1
    outer loop
      vertex 6.92388 19.1327 0
      vertex 8 18.75 0
      vertex 7 18.75 0
    endloop
  endfacet
  facet normal 0 0 -1
    outer loop
      vertex 8 18.75 0
      vertex 7.28004 21.1526 0
      vertex 7.48246 21.4862 0
    endloop
  endfacet
  facet normal 0 -0 -1
    outer loop
      vertex 6.92388 18.3673 0
      vertex 8.07612 18.3673 0
      vertex 6.70711 18.0429 0
    endloop
  endfacet
  facet normal -0 0 -1
    outer loop
      vertex 8 18.75 0
      vertex 6.92388 18.3673 0
      vertex 7 18.75 0
    endloop
  endfacet
  facet normal 0 0 -1
    outer loop
      vertex 8.07612 18.3673 0
      vertex 6.92388 18.3673 0
      vertex 8 18.75 0
    endloop
  endfacet
  facet normal 0 0 -1
    outer loop
      vertex 6.58639 16.6709 0
      vertex 6.70711 18.0429 0
      vertex 6.96539 16.5781 0
    endloop
  endfacet
  facet normal 0 0 -1
    outer loop
      vertex 6.58639 16.6709 0
      vertex 6.38268 17.8261 0
      vertex 6.70711 18.0429 0
    endloop
  endfacet
  facet normal 0 0 -1
    outer loop
      vertex 6.20075 16.6115 0
      vertex 6.38268 17.8261 0
      vertex 6.58639 16.6709 0
    endloop
  endfacet
  facet normal 0 0 -1
    outer loop
      vertex 6.20075 16.6115 0
      vertex 6 17.75 0
      vertex 6.38268 17.8261 0
    endloop
  endfacet
  facet normal 0 0 -1
    outer loop
      vertex 5.86718 16.4091 0
      vertex 6 17.75 0
      vertex 6.20075 16.6115 0
    endloop
  endfacet
  facet normal 0 0 -1
    outer loop
      vertex 5.61732 17.8261 0
      vertex 5.86718 16.4091 0
      vertex 5.63646 16.0944 0
    endloop
  endfacet
  facet normal 0 0 -1
    outer loop
      vertex 5.86718 16.4091 0
      vertex 5.61732 17.8261 0
      vertex 6 17.75 0
    endloop
  endfacet
  facet normal 0 0 -1
    outer loop
      vertex 5.29289 18.0429 0
      vertex 5.63646 16.0944 0
      vertex 5.54372 15.7154 0
    endloop
  endfacet
  facet normal 0 0 -1
    outer loop
      vertex 5.63646 16.0944 0
      vertex 5.29289 18.0429 0
      vertex 5.61732 17.8261 0
    endloop
  endfacet
  facet normal 0 0 -1
    outer loop
      vertex 8.93782 22.25 0
      vertex 7.44907 22.2508 0
      vertex 8.19276 23.5389 0
    endloop
  endfacet
  facet normal -0 0 -1
    outer loop
      vertex 8.19276 23.5389 0
      vertex 7.44907 22.2508 0
      vertex 7.80489 23.5814 0
    endloop
  endfacet
  facet normal 0 0 -1
    outer loop
      vertex 7.21836 22.5655 0
      vertex 7.80489 23.5814 0
      vertex 7.44907 22.2508 0
    endloop
  endfacet
  facet normal -0 0 -1
    outer loop
      vertex 7.80489 23.5814 0
      vertex 7.21836 22.5655 0
      vertex 7.46281 23.769 0
    endloop
  endfacet
  facet normal 0 0 -1
    outer loop
      vertex 6.88479 22.7679 0
      vertex 7.46281 23.769 0
      vertex 7.21836 22.5655 0
    endloop
  endfacet
  facet normal -0 0 -1
    outer loop
      vertex 7.46281 23.769 0
      vertex 6.88479 22.7679 0
      vertex 7.21859 24.0733 0
    endloop
  endfacet
  facet normal 0 0 -1
    outer loop
      vertex 6.49915 22.8272 0
      vertex 7.21859 24.0733 0
      vertex 6.88479 22.7679 0
    endloop
  endfacet
  facet normal 0 0 -1
    outer loop
      vertex 11.0086 23.8156 0
      vertex 9.05932 24.2344 0
      vertex 9.1018 24.6222 0
    endloop
  endfacet
  facet normal 0 0 -1
    outer loop
      vertex 8.19276 23.5389 0
      vertex 9.19509 22.5434 0
      vertex 8.93782 22.25 0
    endloop
  endfacet
  facet normal 0 0 -1
    outer loop
      vertex 9.54503 22.7159 0
      vertex 8.87164 23.8923 0
      vertex 9.05932 24.2344 0
    endloop
  endfacet
  facet normal 0 0 -1
    outer loop
      vertex 7.44907 22.2508 0
      vertex 8.8124 21.8805 0
      vertex 7.54181 21.8718 0
    endloop
  endfacet
  facet normal 0 0 -1
    outer loop
      vertex 9.0105 21.1412 0
      vertex 7.54181 21.8718 0
      vertex 8.83792 21.4912 0
    endloop
  endfacet
  facet normal 0 0 -1
    outer loop
      vertex 9.54503 22.7159 0
      vertex 8.56735 23.6481 0
      vertex 8.87164 23.8923 0
    endloop
  endfacet
  facet normal 0 0 -1
    outer loop
      vertex 7.54181 21.8718 0
      vertex 8.8124 21.8805 0
      vertex 8.83792 21.4912 0
    endloop
  endfacet
  facet normal 0 0 -1
    outer loop
      vertex 9.19509 22.5434 0
      vertex 8.19276 23.5389 0
      vertex 8.56735 23.6481 0
    endloop
  endfacet
  facet normal 0 0 -1
    outer loop
      vertex 7.54181 21.8718 0
      vertex 8.29289 19.4571 0
      vertex 8.07612 19.1327 0
    endloop
  endfacet
  facet normal 0 0 -1
    outer loop
      vertex 7.54181 21.8718 0
      vertex 8.07612 19.1327 0
      vertex 8 18.75 0
    endloop
  endfacet
  facet normal -0 0 -1
    outer loop
      vertex 8.61732 17.8261 0
      vertex 7.28004 16.3474 0
      vertex 8.29289 18.0429 0
    endloop
  endfacet
  facet normal 0 0 -1
    outer loop
      vertex 6.96539 16.5781 0
      vertex 8.29289 18.0429 0
      vertex 7.28004 16.3474 0
    endloop
  endfacet
  facet normal 0 0 -1
    outer loop
      vertex 8.8124 21.8805 0
      vertex 7.44907 22.2508 0
      vertex 8.93782 22.25 0
    endloop
  endfacet
  facet normal 0 0 -1
    outer loop
      vertex 7.21836 14.9345 0
      vertex 7.80489 13.9186 0
      vertex 7.46281 13.731 0
    endloop
  endfacet
  facet normal 0 0 -1
    outer loop
      vertex 7.80489 13.9186 0
      vertex 7.44907 15.2492 0
      vertex 7.54181 15.6282 0
    endloop
  endfacet
  facet normal 0 0 -1
    outer loop
      vertex 6.88479 14.7321 0
      vertex 7.46281 13.731 0
      vertex 7.21859 13.4267 0
    endloop
  endfacet
  facet normal 0 0 -1
    outer loop
      vertex 7.80489 13.9186 0
      vertex 7.21836 14.9345 0
      vertex 7.44907 15.2492 0
    endloop
  endfacet
  facet normal 0 0 -1
    outer loop
      vertex 6.49915 14.6728 0
      vertex 7.21859 13.4267 0
      vertex 7.10941 13.0521 0
    endloop
  endfacet
  facet normal 0 0 -1
    outer loop
      vertex 7.46281 13.731 0
      vertex 6.88479 14.7321 0
      vertex 7.21836 14.9345 0
    endloop
  endfacet
  facet normal -0 0 -1
    outer loop
      vertex 9.93437 14.7586 0
      vertex 8.87164 13.6077 0
      vertex 9.54503 14.7841 0
    endloop
  endfacet
  facet normal 0 0 -1
    outer loop
      vertex 8.56735 13.8519 0
      vertex 9.54503 14.7841 0
      vertex 8.87164 13.6077 0
    endloop
  endfacet
  facet normal -0 0 -1
    outer loop
      vertex 9.54503 14.7841 0
      vertex 8.56735 13.8519 0
      vertex 9.19509 14.9566 0
    endloop
  endfacet
  facet normal 0 0 -1
    outer loop
      vertex 8.19276 13.9611 0
      vertex 9.19509 14.9566 0
      vertex 8.56735 13.8519 0
    endloop
  endfacet
  facet normal -0 0 -1
    outer loop
      vertex 9.19509 14.9566 0
      vertex 8.19276 13.9611 0
      vertex 8.93782 15.25 0
    endloop
  endfacet
  facet normal 0 0 -1
    outer loop
      vertex 7.54181 15.6282 0
      vertex 8.19276 13.9611 0
      vertex 7.80489 13.9186 0
    endloop
  endfacet
  facet normal 0 0 -1
    outer loop
      vertex 8.19276 13.9611 0
      vertex 7.54181 15.6282 0
      vertex 8.93782 15.25 0
    endloop
  endfacet
  facet normal 0 0 -1
    outer loop
      vertex 8.93782 15.25 0
      vertex 7.54181 15.6282 0
      vertex 8.8124 15.6195 0
    endloop
  endfacet
  facet normal 0 0 -1
    outer loop
      vertex 8.83792 16.0088 0
      vertex 7.48246 16.0138 0
      vertex 9.0105 16.3588 0
    endloop
  endfacet
  facet normal 0 0 -1
    outer loop
      vertex 7.28004 16.3474 0
      vertex 9.0105 16.3588 0
      vertex 7.48246 16.0138 0
    endloop
  endfacet
  facet normal -0 0 -1
    outer loop
      vertex 9.0105 16.3588 0
      vertex 7.28004 16.3474 0
      vertex 8.61732 17.8261 0
    endloop
  endfacet
  facet normal 0 0 -1
    outer loop
      vertex 9.70711 18.0429 0
      vertex 11.2929 18.0429 0
      vertex 10.0627 16.7159 0
    endloop
  endfacet
  facet normal 0 0 -1
    outer loop
      vertex 11 18.75 0
      vertex 10.6699 21.25 0
      vertex 10.7953 21.6195 0
    endloop
  endfacet
  facet normal 0 0 -1
    outer loop
      vertex 11.0761 18.3673 0
      vertex 9.92388 18.3673 0
      vertex 11 18.75 0
    endloop
  endfacet
  facet normal 0 0 -1
    outer loop
      vertex 9.92388 19.1327 0
      vertex 11 18.75 0
      vertex 10 18.75 0
    endloop
  endfacet
  facet normal 0 0 -1
    outer loop
      vertex 11.2929 18.0429 0
      vertex 9.70711 18.0429 0
      vertex 11.0761 18.3673 0
    endloop
  endfacet
  facet normal 0 0 -1
    outer loop
      vertex 11 18.75 0
      vertex 10.4126 20.9566 0
      vertex 10.6699 21.25 0
    endloop
  endfacet
  facet normal 0 0 -1
    outer loop
      vertex 11 18.75 0
      vertex 9.92388 19.1327 0
      vertex 10.4126 20.9566 0
    endloop
  endfacet
  facet normal -0 0 -1
    outer loop
      vertex 11 18.75 0
      vertex 9.92388 18.3673 0
      vertex 10 18.75 0
    endloop
  endfacet
  facet normal -0 0 -1
    outer loop
      vertex 11.0761 18.3673 0
      vertex 9.70711 18.0429 0
      vertex 9.92388 18.3673 0
    endloop
  endfacet
  facet normal 0 0 -1
    outer loop
      vertex 9.67332 16.7414 0
      vertex 9.70711 18.0429 0
      vertex 10.0627 16.7159 0
    endloop
  endfacet
  facet normal 0 0 -1
    outer loop
      vertex 9.67332 16.7414 0
      vertex 9.38268 17.8261 0
      vertex 9.70711 18.0429 0
    endloop
  endfacet
  facet normal 0 0 -1
    outer loop
      vertex 9.30385 16.616 0
      vertex 9.38268 17.8261 0
      vertex 9.67332 16.7414 0
    endloop
  endfacet
  facet normal 0 0 -1
    outer loop
      vertex 9 17.75 0
      vertex 9.30385 16.616 0
      vertex 9.0105 16.3588 0
    endloop
  endfacet
  facet normal 0 0 -1
    outer loop
      vertex 9.30385 16.616 0
      vertex 9 17.75 0
      vertex 9.38268 17.8261 0
    endloop
  endfacet
  facet normal 0 0 -1
    outer loop
      vertex 7.48246 16.0138 0
      vertex 8.83792 16.0088 0
      vertex 7.54181 15.6282 0
    endloop
  endfacet
  facet normal 0 0 -1
    outer loop
      vertex 9.0105 16.3588 0
      vertex 8.61732 17.8261 0
      vertex 9 17.75 0
    endloop
  endfacet
  facet normal 0 0 -1
    outer loop
      vertex 7.54181 15.6282 0
      vertex 8.83792 16.0088 0
      vertex 8.8124 15.6195 0
    endloop
  endfacet
  facet normal -0 0 -1
    outer loop
      vertex 11.3912 23.1528 0
      vertex 10.5972 22.3588 0
      vertex 11.134 23.4462 0
    endloop
  endfacet
  facet normal 0 0 -1
    outer loop
      vertex 10.3038 22.616 0
      vertex 11.134 23.4462 0
      vertex 10.5972 22.3588 0
    endloop
  endfacet
  facet normal -0 0 -1
    outer loop
      vertex 11.134 23.4462 0
      vertex 10.3038 22.616 0
      vertex 11.0086 23.8156 0
    endloop
  endfacet
  facet normal 0 0 -1
    outer loop
      vertex 9.93437 22.7414 0
      vertex 11.0086 23.8156 0
      vertex 10.3038 22.616 0
    endloop
  endfacet
  facet normal 0 0 -1
    outer loop
      vertex 11.0086 23.8156 0
      vertex 10.6305 25.5528 0
      vertex 11 25.6782 0
    endloop
  endfacet
  facet normal 0 0 -1
    outer loop
      vertex 9.05932 24.2344 0
      vertex 11.0086 23.8156 0
      vertex 9.93437 22.7414 0
    endloop
  endfacet
  facet normal 0 -0 -1
    outer loop
      vertex 10.2412 25.5783 0
      vertex 11.0086 23.8156 0
      vertex 9.1018 24.6222 0
    endloop
  endfacet
  facet normal 0 0 -1
    outer loop
      vertex 11.0086 23.8156 0
      vertex 10.2412 25.5783 0
      vertex 10.6305 25.5528 0
    endloop
  endfacet
  facet normal -0 0 -1
    outer loop
      vertex 10.2412 25.5783 0
      vertex 9.1018 24.6222 0
      vertex 9.89124 25.7509 0
    endloop
  endfacet
  facet normal 0 0 -1
    outer loop
      vertex 9.05932 24.2344 0
      vertex 9.93437 22.7414 0
      vertex 9.54503 22.7159 0
    endloop
  endfacet
  facet normal 0 0 -1
    outer loop
      vertex 8.99261 24.9968 0
      vertex 9.89124 25.7509 0
      vertex 9.1018 24.6222 0
    endloop
  endfacet
  facet normal 0 0 -1
    outer loop
      vertex 8.56735 23.6481 0
      vertex 9.54503 22.7159 0
      vertex 9.19509 22.5434 0
    endloop
  endfacet
  facet normal 0 0 -1
    outer loop
      vertex 10.4126 20.9566 0
      vertex 9.92388 19.1327 0
      vertex 10.0627 20.7841 0
    endloop
  endfacet
  facet normal 0 0 -1
    outer loop
      vertex 9.70711 19.4571 0
      vertex 10.0627 20.7841 0
      vertex 9.92388 19.1327 0
    endloop
  endfacet
  facet normal 0 0 -1
    outer loop
      vertex 9.70711 19.4571 0
      vertex 9.67332 20.7586 0
      vertex 10.0627 20.7841 0
    endloop
  endfacet
  facet normal 0 0 -1
    outer loop
      vertex 9.38268 19.6739 0
      vertex 9.67332 20.7586 0
      vertex 9.70711 19.4571 0
    endloop
  endfacet
  facet normal 0 0 -1
    outer loop
      vertex 9.38268 19.6739 0
      vertex 9.30385 20.884 0
      vertex 9.67332 20.7586 0
    endloop
  endfacet
  facet normal 0 0 -1
    outer loop
      vertex 9 19.75 0
      vertex 9.30385 20.884 0
      vertex 9.38268 19.6739 0
    endloop
  endfacet
  facet normal -0 0 -1
    outer loop
      vertex 9.30385 20.884 0
      vertex 9 19.75 0
      vertex 9.0105 21.1412 0
    endloop
  endfacet
  facet normal 0 0 -1
    outer loop
      vertex 8.61732 19.6739 0
      vertex 9.0105 21.1412 0
      vertex 9 19.75 0
    endloop
  endfacet
  facet normal 0 0 -1
    outer loop
      vertex 7.54181 21.8718 0
      vertex 8.61732 19.6739 0
      vertex 8.29289 19.4571 0
    endloop
  endfacet
  facet normal 0 0 -1
    outer loop
      vertex 7.54181 21.8718 0
      vertex 9.0105 21.1412 0
      vertex 8.61732 19.6739 0
    endloop
  endfacet
  facet normal 0 0 -1
    outer loop
      vertex 12.8636 26.7941 0
      vertex 11.4659 26.2854 0
      vertex 11.4914 26.6748 0
    endloop
  endfacet
  facet normal 0 0 -1
    outer loop
      vertex 11.8695 24.9376 0
      vertex 11.2934 25.9355 0
      vertex 11.4659 26.2854 0
    endloop
  endfacet
  facet normal 0 0 -1
    outer loop
      vertex 11 25.6782 0
      vertex 11.5 24.8122 0
      vertex 11.2066 24.5549 0
    endloop
  endfacet
  facet normal 0 0 -1
    outer loop
      vertex 11 25.6782 0
      vertex 11.2066 24.5549 0
      vertex 11.0341 24.205 0
    endloop
  endfacet
  facet normal 0 0 -1
    outer loop
      vertex 11.5 24.8122 0
      vertex 11 25.6782 0
      vertex 11.2934 25.9355 0
    endloop
  endfacet
  facet normal 0 0 -1
    outer loop
      vertex 11.0086 23.8156 0
      vertex 11 25.6782 0
      vertex 11.0341 24.205 0
    endloop
  endfacet
  facet normal 0 0 -1
    outer loop
      vertex 10.0627 16.7159 0
      vertex 11.2929 18.0429 0
      vertex 10.4126 16.5434 0
    endloop
  endfacet
  facet normal 0 0 -1
    outer loop
      vertex 11.2934 11.5645 0
      vertex 11.8695 12.5624 0
      vertex 11.4659 11.2146 0
    endloop
  endfacet
  facet normal -0 0 -1
    outer loop
      vertex 11.8695 12.5624 0
      vertex 11.2934 11.5645 0
      vertex 11.5 12.6878 0
    endloop
  endfacet
  facet normal 0 0 -1
    outer loop
      vertex 11 11.8218 0
      vertex 11.5 12.6878 0
      vertex 11.2934 11.5645 0
    endloop
  endfacet
  facet normal -0 0 -1
    outer loop
      vertex 11.5 12.6878 0
      vertex 11 11.8218 0
      vertex 11.2066 12.9451 0
    endloop
  endfacet
  facet normal -0 0 -1
    outer loop
      vertex 11.2066 12.9451 0
      vertex 10.6305 11.9472 0
      vertex 11.0341 13.295 0
    endloop
  endfacet
  facet normal 0 0 -1
    outer loop
      vertex 10.6305 11.9472 0
      vertex 11.2066 12.9451 0
      vertex 11 11.8218 0
    endloop
  endfacet
  facet normal -0 0 -1
    outer loop
      vertex 14.2929 24.0429 0
      vertex 12.9659 23.6873 0
      vertex 12.9914 24.0767 0
    endloop
  endfacet
  facet normal 0 0 -1
    outer loop
      vertex 13.3695 22.3395 0
      vertex 12.7934 23.3374 0
      vertex 12.9659 23.6873 0
    endloop
  endfacet
  facet normal 0 0 -1
    outer loop
      vertex 12.5 23.0801 0
      vertex 13 22.2141 0
      vertex 12.7066 21.9568 0
    endloop
  endfacet
  facet normal 0 0 -1
    outer loop
      vertex 12.1305 22.9547 0
      vertex 12.7066 21.9568 0
      vertex 12.5341 21.6069 0
    endloop
  endfacet
  facet normal 0 0 -1
    outer loop
      vertex 13 22.2141 0
      vertex 12.5 23.0801 0
      vertex 12.7934 23.3374 0
    endloop
  endfacet
  facet normal 0 0 -1
    outer loop
      vertex 10.7953 21.6195 0
      vertex 12.5341 21.6069 0
      vertex 12.5086 21.2175 0
    endloop
  endfacet
  facet normal -0 0 -1
    outer loop
      vertex 13.6305 20.3566 0
      vertex 12.9239 19.1327 0
      vertex 13.2412 20.3821 0
    endloop
  endfacet
  facet normal 0 0 -1
    outer loop
      vertex 12.7071 19.4571 0
      vertex 13.2412 20.3821 0
      vertex 12.9239 19.1327 0
    endloop
  endfacet
  facet normal -0 0 -1
    outer loop
      vertex 13.2412 20.3821 0
      vertex 12.7071 19.4571 0
      vertex 12.8912 20.5547 0
    endloop
  endfacet
  facet normal 0 0 -1
    outer loop
      vertex 12.3827 19.6739 0
      vertex 12.8912 20.5547 0
      vertex 12.7071 19.4571 0
    endloop
  endfacet
  facet normal -0 0 -1
    outer loop
      vertex 12.8912 20.5547 0
      vertex 12.3827 19.6739 0
      vertex 12.634 20.8481 0
    endloop
  endfacet
  facet normal 0 0 -1
    outer loop
      vertex 12 19.75 0
      vertex 12.634 20.8481 0
      vertex 12.3827 19.6739 0
    endloop
  endfacet
  facet normal -0 0 -1
    outer loop
      vertex 12.634 20.8481 0
      vertex 12 19.75 0
      vertex 12.5086 21.2175 0
    endloop
  endfacet
  facet normal 0 0 -1
    outer loop
      vertex 12.7066 21.9568 0
      vertex 12.1305 22.9547 0
      vertex 12.5 23.0801 0
    endloop
  endfacet
  facet normal 0 0 -1
    outer loop
      vertex 11.6173 19.6739 0
      vertex 12.5086 21.2175 0
      vertex 12 19.75 0
    endloop
  endfacet
  facet normal 0 0 -1
    outer loop
      vertex 12.5341 21.6069 0
      vertex 11.7412 22.9802 0
      vertex 12.1305 22.9547 0
    endloop
  endfacet
  facet normal 0 0 -1
    outer loop
      vertex 10.7953 21.6195 0
      vertex 12.5086 21.2175 0
      vertex 11.6173 19.6739 0
    endloop
  endfacet
  facet normal 0 0 -1
    outer loop
      vertex 10.7698 22.0088 0
      vertex 12.5341 21.6069 0
      vertex 10.7953 21.6195 0
    endloop
  endfacet
  facet normal 0 0 -1
    outer loop
      vertex 10.7953 21.6195 0
      vertex 11.6173 19.6739 0
      vertex 11.2929 19.4571 0
    endloop
  endfacet
  facet normal 0 0 -1
    outer loop
      vertex 12.5341 21.6069 0
      vertex 10.7698 22.0088 0
      vertex 11.7412 22.9802 0
    endloop
  endfacet
  facet normal 0 0 -1
    outer loop
      vertex 10.7953 21.6195 0
      vertex 11.2929 19.4571 0
      vertex 11.0761 19.1327 0
    endloop
  endfacet
  facet normal -0 0 -1
    outer loop
      vertex 11.7412 22.9802 0
      vertex 10.7698 22.0088 0
      vertex 11.3912 23.1528 0
    endloop
  endfacet
  facet normal 0 0 -1
    outer loop
      vertex 10.7953 21.6195 0
      vertex 11.0761 19.1327 0
      vertex 11 18.75 0
    endloop
  endfacet
  facet normal 0 0 -1
    outer loop
      vertex 12.7934 14.1626 0
      vertex 13.3695 15.1605 0
      vertex 12.9659 13.8127 0
    endloop
  endfacet
  facet normal -0 0 -1
    outer loop
      vertex 13.3695 15.1605 0
      vertex 12.7934 14.1626 0
      vertex 13 15.2859 0
    endloop
  endfacet
  facet normal 0 0 -1
    outer loop
      vertex 12.5 14.4199 0
      vertex 13 15.2859 0
      vertex 12.7934 14.1626 0
    endloop
  endfacet
  facet normal -0 0 -1
    outer loop
      vertex 13 15.2859 0
      vertex 12.5 14.4199 0
      vertex 12.7066 15.5432 0
    endloop
  endfacet
  facet normal -0 0 -1
    outer loop
      vertex 12.7066 15.5432 0
      vertex 12.1305 14.5453 0
      vertex 12.5341 15.8931 0
    endloop
  endfacet
  facet normal 0 0 -1
    outer loop
      vertex 12.1305 14.5453 0
      vertex 12.7066 15.5432 0
      vertex 12.5 14.4199 0
    endloop
  endfacet
  facet normal 0 0 -1
    outer loop
      vertex 15.5865 27.3968 0
      vertex 14.4135 27.3968 0
      vertex 14.422 27.7869 0
    endloop
  endfacet
  facet normal 0 0 -1
    outer loop
      vertex 13.9745 26.7699 0
      vertex 14.6173 25.6739 0
      vertex 14.2929 25.4571 0
    endloop
  endfacet
  facet normal 0 0 -1
    outer loop
      vertex 15 25.75 0
      vertex 14.2563 27.0397 0
      vertex 14.4135 27.3968 0
    endloop
  endfacet
  facet normal 0 0 -1
    outer loop
      vertex 13.6108 26.6285 0
      vertex 14.2929 25.4571 0
      vertex 14.0761 25.1327 0
    endloop
  endfacet
  facet normal 0 0 -1
    outer loop
      vertex 12.6088 24.7395 0
      vertex 14.0761 25.1327 0
      vertex 14 24.75 0
    endloop
  endfacet
  facet normal 0 0 -1
    outer loop
      vertex 14.6173 25.6739 0
      vertex 13.9745 26.7699 0
      vertex 14.2563 27.0397 0
    endloop
  endfacet
  facet normal 0 0 -1
    outer loop
      vertex 15.7066 16.7607 0
      vertex 14.2934 16.7607 0
      vertex 15 17.75 0
    endloop
  endfacet
  facet normal -0 0 -1
    outer loop
      vertex 15 17.75 0
      vertex 14.2934 16.7607 0
      vertex 14.6173 17.8261 0
    endloop
  endfacet
  facet normal 0 0 -1
    outer loop
      vertex 14 17.018 0
      vertex 14.6173 17.8261 0
      vertex 14.2934 16.7607 0
    endloop
  endfacet
  facet normal -0 0 -1
    outer loop
      vertex 14.6173 17.8261 0
      vertex 14 17.018 0
      vertex 14.2929 18.0429 0
    endloop
  endfacet
  facet normal 0 0 -1
    outer loop
      vertex 13.6305 17.1434 0
      vertex 14.2929 18.0429 0
      vertex 14 17.018 0
    endloop
  endfacet
  facet normal -0 0 -1
    outer loop
      vertex 14.2929 18.0429 0
      vertex 13.6305 17.1434 0
      vertex 14.0761 18.3673 0
    endloop
  endfacet
  facet normal 0 0 -1
    outer loop
      vertex 12.9239 18.3673 0
      vertex 14.0761 18.3673 0
      vertex 13.6305 17.1434 0
    endloop
  endfacet
  facet normal 0 0 -1
    outer loop
      vertex 14.0761 18.3673 0
      vertex 12.9239 18.3673 0
      vertex 14 18.75 0
    endloop
  endfacet
  facet normal 0 0 -1
    outer loop
      vertex 12.9239 19.1327 0
      vertex 14 18.75 0
      vertex 13 18.75 0
    endloop
  endfacet
  facet normal 0 0 -1
    outer loop
      vertex 12.9239 18.3673 0
      vertex 13.6305 17.1434 0
      vertex 13.2412 17.1179 0
    endloop
  endfacet
  facet normal 0 0 -1
    outer loop
      vertex 14 18.75 0
      vertex 13.6305 20.3566 0
      vertex 14 20.482 0
    endloop
  endfacet
  facet normal 0 0 -1
    outer loop
      vertex 14 18.75 0
      vertex 12.9239 19.1327 0
      vertex 13.6305 20.3566 0
    endloop
  endfacet
  facet normal -0 0 -1
    outer loop
      vertex 14 18.75 0
      vertex 12.9239 18.3673 0
      vertex 13 18.75 0
    endloop
  endfacet
  facet normal 0 0 -1
    outer loop
      vertex 12.7071 18.0429 0
      vertex 13.2412 17.1179 0
      vertex 12.8912 16.9453 0
    endloop
  endfacet
  facet normal 0 0 -1
    outer loop
      vertex 13.2412 17.1179 0
      vertex 12.7071 18.0429 0
      vertex 12.9239 18.3673 0
    endloop
  endfacet
  facet normal 0 0 -1
    outer loop
      vertex 12.3827 17.8261 0
      vertex 12.8912 16.9453 0
      vertex 12.634 16.6519 0
    endloop
  endfacet
  facet normal 0 0 -1
    outer loop
      vertex 12 17.75 0
      vertex 12.634 16.6519 0
      vertex 12.5086 16.2825 0
    endloop
  endfacet
  facet normal 0 0 -1
    outer loop
      vertex 12.8912 16.9453 0
      vertex 12.3827 17.8261 0
      vertex 12.7071 18.0429 0
    endloop
  endfacet
  facet normal 0 0 -1
    outer loop
      vertex 11.7412 14.5198 0
      vertex 12.5341 15.8931 0
      vertex 12.1305 14.5453 0
    endloop
  endfacet
  facet normal 0 0 -1
    outer loop
      vertex 10.7698 15.4912 0
      vertex 12.5341 15.8931 0
      vertex 11.7412 14.5198 0
    endloop
  endfacet
  facet normal 0 0 -1
    outer loop
      vertex 12.634 16.6519 0
      vertex 12 17.75 0
      vertex 12.3827 17.8261 0
    endloop
  endfacet
  facet normal 0 -0 -1
    outer loop
      vertex 10.7953 15.8805 0
      vertex 12.5341 15.8931 0
      vertex 10.7698 15.4912 0
    endloop
  endfacet
  facet normal 0 0 -1
    outer loop
      vertex 10.6699 16.25 0
      vertex 12.5086 16.2825 0
      vertex 10.7953 15.8805 0
    endloop
  endfacet
  facet normal 0 0 -1
    outer loop
      vertex 10.7698 15.4912 0
      vertex 11.7412 14.5198 0
      vertex 11.3912 14.3472 0
    endloop
  endfacet
  facet normal 0 0 -1
    outer loop
      vertex 12.5086 16.2825 0
      vertex 11.6173 17.8261 0
      vertex 12 17.75 0
    endloop
  endfacet
  facet normal 0 0 -1
    outer loop
      vertex 10.5972 15.1412 0
      vertex 11.3912 14.3472 0
      vertex 11.134 14.0538 0
    endloop
  endfacet
  facet normal -0 0 -1
    outer loop
      vertex 12.5086 16.2825 0
      vertex 10.6699 16.25 0
      vertex 11.6173 17.8261 0
    endloop
  endfacet
  facet normal 0 0 -1
    outer loop
      vertex 10.3038 14.884 0
      vertex 11.134 14.0538 0
      vertex 11.0086 13.6844 0
    endloop
  endfacet
  facet normal 0 0 -1
    outer loop
      vertex 10.4126 16.5434 0
      vertex 11.6173 17.8261 0
      vertex 10.6699 16.25 0
    endloop
  endfacet
  facet normal 0 0 -1
    outer loop
      vertex 10.2412 11.9217 0
      vertex 11.0341 13.295 0
      vertex 10.6305 11.9472 0
    endloop
  endfacet
  facet normal -0 0 -1
    outer loop
      vertex 11.6173 17.8261 0
      vertex 10.4126 16.5434 0
      vertex 11.2929 18.0429 0
    endloop
  endfacet
  facet normal 0 0 -1
    outer loop
      vertex 10.5972 22.3588 0
      vertex 11.3912 23.1528 0
      vertex 10.7698 22.0088 0
    endloop
  endfacet
  facet normal -0 0 -1
    outer loop
      vertex 12.5341 15.8931 0
      vertex 10.7953 15.8805 0
      vertex 12.5086 16.2825 0
    endloop
  endfacet
  facet normal 0 0 -1
    outer loop
      vertex 9.1018 12.8778 0
      vertex 11.0341 13.295 0
      vertex 10.2412 11.9217 0
    endloop
  endfacet
  facet normal 0 0 -1
    outer loop
      vertex 11.3912 14.3472 0
      vertex 10.5972 15.1412 0
      vertex 10.7698 15.4912 0
    endloop
  endfacet
  facet normal 0 0 -1
    outer loop
      vertex 11.134 14.0538 0
      vertex 10.3038 14.884 0
      vertex 10.5972 15.1412 0
    endloop
  endfacet
  facet normal 0 0 -1
    outer loop
      vertex 9.05932 13.2656 0
      vertex 11.0341 13.295 0
      vertex 9.1018 12.8778 0
    endloop
  endfacet
  facet normal 0 0 -1
    outer loop
      vertex 11.0086 13.6844 0
      vertex 9.93437 14.7586 0
      vertex 10.3038 14.884 0
    endloop
  endfacet
  facet normal 0 0 -1
    outer loop
      vertex 9.1018 12.8778 0
      vertex 10.2412 11.9217 0
      vertex 9.89124 11.7491 0
    endloop
  endfacet
  facet normal 0 0 -1
    outer loop
      vertex 8.99261 12.5032 0
      vertex 9.89124 11.7491 0
      vertex 9.63398 11.4558 0
    endloop
  endfacet
  facet normal -0 0 -1
    outer loop
      vertex 11.0341 13.295 0
      vertex 9.05932 13.2656 0
      vertex 11.0086 13.6844 0
    endloop
  endfacet
  facet normal 0 0 -1
    outer loop
      vertex 8.74839 12.1989 0
      vertex 9.63398 11.4558 0
      vertex 9.50856 11.0863 0
    endloop
  endfacet
  facet normal -0 0 -1
    outer loop
      vertex 11.0086 13.6844 0
      vertex 9.05932 13.2656 0
      vertex 9.93437 14.7586 0
    endloop
  endfacet
  facet normal 0 0 -1
    outer loop
      vertex 15.8912 22.1414 0
      vertex 14.1088 22.1414 0
      vertex 15 23.75 0
    endloop
  endfacet
  facet normal -0 0 -1
    outer loop
      vertex 15 23.75 0
      vertex 14.1088 22.1414 0
      vertex 14.6173 23.8261 0
    endloop
  endfacet
  facet normal 0 0 -1
    outer loop
      vertex 13.7588 22.314 0
      vertex 14.6173 23.8261 0
      vertex 14.1088 22.1414 0
    endloop
  endfacet
  facet normal -0 0 -1
    outer loop
      vertex 14.6173 23.8261 0
      vertex 13.7588 22.314 0
      vertex 14.2929 24.0429 0
    endloop
  endfacet
  facet normal 0 0 -1
    outer loop
      vertex 12.9659 23.6873 0
      vertex 14.2929 24.0429 0
      vertex 13.7588 22.314 0
    endloop
  endfacet
  facet normal 0 0 -1
    outer loop
      vertex 14.2929 24.0429 0
      vertex 12.9914 24.0767 0
      vertex 14.0761 24.3673 0
    endloop
  endfacet
  facet normal -0 0 -1
    outer loop
      vertex 14.0761 24.3673 0
      vertex 12.9914 24.0767 0
      vertex 14 24.75 0
    endloop
  endfacet
  facet normal 0 0 -1
    outer loop
      vertex 12.866 24.4462 0
      vertex 14 24.75 0
      vertex 12.9914 24.0767 0
    endloop
  endfacet
  facet normal 0 0 -1
    outer loop
      vertex 12.9659 23.6873 0
      vertex 13.7588 22.314 0
      vertex 13.3695 22.3395 0
    endloop
  endfacet
  facet normal 0 0 -1
    outer loop
      vertex 12.6088 24.7395 0
      vertex 14 24.75 0
      vertex 12.866 24.4462 0
    endloop
  endfacet
  facet normal 0 0 -1
    outer loop
      vertex 12.7934 23.3374 0
      vertex 13.3695 22.3395 0
      vertex 13 22.2141 0
    endloop
  endfacet
  facet normal 0 0 -1
    outer loop
      vertex 14.2929 25.4571 0
      vertex 13.6108 26.6285 0
      vertex 13.9745 26.7699 0
    endloop
  endfacet
  facet normal -0 0 -1
    outer loop
      vertex 14.0761 25.1327 0
      vertex 12.6088 24.7395 0
      vertex 13.2207 26.637 0
    endloop
  endfacet
  facet normal 0 0 -1
    outer loop
      vertex 14.0761 25.1327 0
      vertex 13.2207 26.637 0
      vertex 13.6108 26.6285 0
    endloop
  endfacet
  facet normal 0 0 -1
    outer loop
      vertex 12.2588 24.9121 0
      vertex 13.2207 26.637 0
      vertex 12.6088 24.7395 0
    endloop
  endfacet
  facet normal -0 0 -1
    outer loop
      vertex 13.2207 26.637 0
      vertex 12.2588 24.9121 0
      vertex 12.8636 26.7941 0
    endloop
  endfacet
  facet normal 0 0 -1
    outer loop
      vertex 11.4659 26.2854 0
      vertex 12.8636 26.7941 0
      vertex 12.2588 24.9121 0
    endloop
  endfacet
  facet normal -0 0 -1
    outer loop
      vertex 12.8636 26.7941 0
      vertex 11.4914 26.6748 0
      vertex 12.5938 27.076 0
    endloop
  endfacet
  facet normal 0 0 -1
    outer loop
      vertex 15.7437 10.4603 0
      vertex 14.2563 10.4603 0
      vertex 15 11.75 0
    endloop
  endfacet
  facet normal -0 0 -1
    outer loop
      vertex 15 11.75 0
      vertex 14.2563 10.4603 0
      vertex 14.6173 11.8261 0
    endloop
  endfacet
  facet normal 0 0 -1
    outer loop
      vertex 13.9745 10.7301 0
      vertex 14.6173 11.8261 0
      vertex 14.2563 10.4603 0
    endloop
  endfacet
  facet normal -0 0 -1
    outer loop
      vertex 14.6173 11.8261 0
      vertex 13.9745 10.7301 0
      vertex 14.2929 12.0429 0
    endloop
  endfacet
  facet normal 0 0 -1
    outer loop
      vertex 13.6108 10.8715 0
      vertex 14.2929 12.0429 0
      vertex 13.9745 10.7301 0
    endloop
  endfacet
  facet normal -0 0 -1
    outer loop
      vertex 14.2929 12.0429 0
      vertex 13.6108 10.8715 0
      vertex 14.0761 12.3673 0
    endloop
  endfacet
  facet normal 0 0 -1
    outer loop
      vertex 17.0761 18.3673 0
      vertex 15.9239 18.3673 0
      vertex 16 18.75 0
    endloop
  endfacet
  facet normal 0 0 -1
    outer loop
      vertex 16.3695 17.1434 0
      vertex 15.7071 18.0429 0
      vertex 15.9239 18.3673 0
    endloop
  endfacet
  facet normal 0 0 -1
    outer loop
      vertex 15.3827 17.8261 0
      vertex 16 17.018 0
      vertex 15.7066 16.7607 0
    endloop
  endfacet
  facet normal 0 0 -1
    outer loop
      vertex 14.4659 16.4107 0
      vertex 15.7066 16.7607 0
      vertex 15.5341 16.4107 0
    endloop
  endfacet
  facet normal 0 0 -1
    outer loop
      vertex 16 17.018 0
      vertex 15.3827 17.8261 0
      vertex 15.7071 18.0429 0
    endloop
  endfacet
  facet normal 0 0 -1
    outer loop
      vertex 14.4914 16.0214 0
      vertex 15.5341 16.4107 0
      vertex 15.5086 16.0214 0
    endloop
  endfacet
  facet normal 0 0 -1
    outer loop
      vertex 15.8912 15.3586 0
      vertex 14.1088 15.3586 0
      vertex 15.634 15.6519 0
    endloop
  endfacet
  facet normal 0 0 -1
    outer loop
      vertex 15.634 15.6519 0
      vertex 14.366 15.6519 0
      vertex 15.5086 16.0214 0
    endloop
  endfacet
  facet normal 0 0 -1
    outer loop
      vertex 14.4659 16.4107 0
      vertex 15.5341 16.4107 0
      vertex 14.4914 16.0214 0
    endloop
  endfacet
  facet normal 0 0 -1
    outer loop
      vertex 14.1088 15.3586 0
      vertex 15 13.75 0
      vertex 14.6173 13.6739 0
    endloop
  endfacet
  facet normal 0 0 -1
    outer loop
      vertex 15.7066 16.7607 0
      vertex 15 17.75 0
      vertex 15.3827 17.8261 0
    endloop
  endfacet
  facet normal 0 0 -1
    outer loop
      vertex 14.2934 16.7607 0
      vertex 15.7066 16.7607 0
      vertex 14.4659 16.4107 0
    endloop
  endfacet
  facet normal -0 0 -1
    outer loop
      vertex 15.5086 16.0214 0
      vertex 14.366 15.6519 0
      vertex 14.4914 16.0214 0
    endloop
  endfacet
  facet normal 0 0 -1
    outer loop
      vertex 13.7588 15.186 0
      vertex 14.6173 13.6739 0
      vertex 14.2929 13.4571 0
    endloop
  endfacet
  facet normal -0 0 -1
    outer loop
      vertex 15.634 15.6519 0
      vertex 14.1088 15.3586 0
      vertex 14.366 15.6519 0
    endloop
  endfacet
  facet normal 0 0 -1
    outer loop
      vertex 12.9914 13.4233 0
      vertex 14.2929 13.4571 0
      vertex 14.0761 13.1327 0
    endloop
  endfacet
  facet normal 0 0 -1
    outer loop
      vertex 12.9914 13.4233 0
      vertex 14.0761 13.1327 0
      vertex 14 12.75 0
    endloop
  endfacet
  facet normal 0 0 -1
    outer loop
      vertex 14.6173 13.6739 0
      vertex 13.7588 15.186 0
      vertex 14.1088 15.3586 0
    endloop
  endfacet
  facet normal 0 0 -1
    outer loop
      vertex 13.2207 10.863 0
      vertex 14.0761 12.3673 0
      vertex 13.6108 10.8715 0
    endloop
  endfacet
  facet normal 0 0 -1
    outer loop
      vertex 12.6088 12.7605 0
      vertex 14.0761 12.3673 0
      vertex 13.2207 10.863 0
    endloop
  endfacet
  facet normal 0 0 -1
    outer loop
      vertex 12.9659 13.8127 0
      vertex 14.2929 13.4571 0
      vertex 12.9914 13.4233 0
    endloop
  endfacet
  facet normal 0 0 -1
    outer loop
      vertex 14.0761 12.3673 0
      vertex 12.6088 12.7605 0
      vertex 14 12.75 0
    endloop
  endfacet
  facet normal 0 0 -1
    outer loop
      vertex 14.2929 13.4571 0
      vertex 12.9659 13.8127 0
      vertex 13.7588 15.186 0
    endloop
  endfacet
  facet normal 0 0 -1
    outer loop
      vertex 13.7588 15.186 0
      vertex 12.9659 13.8127 0
      vertex 13.3695 15.1605 0
    endloop
  endfacet
  facet normal 0 0 -1
    outer loop
      vertex 14 12.75 0
      vertex 12.866 13.0538 0
      vertex 12.9914 13.4233 0
    endloop
  endfacet
  facet normal 0 0 -1
    outer loop
      vertex 12.2588 12.5879 0
      vertex 13.2207 10.863 0
      vertex 12.8636 10.7059 0
    endloop
  endfacet
  facet normal 0 0 -1
    outer loop
      vertex 14 12.75 0
      vertex 12.6088 12.7605 0
      vertex 12.866 13.0538 0
    endloop
  endfacet
  facet normal 0 0 -1
    outer loop
      vertex 11.4914 10.8252 0
      vertex 12.8636 10.7059 0
      vertex 12.5938 10.424 0
    endloop
  endfacet
  facet normal 0 0 -1
    outer loop
      vertex 11.4914 10.8252 0
      vertex 12.5938 10.424 0
      vertex 12.4524 10.0604 0
    endloop
  endfacet
  facet normal 0 0 -1
    outer loop
      vertex 13.2207 10.863 0
      vertex 12.2588 12.5879 0
      vertex 12.6088 12.7605 0
    endloop
  endfacet
  facet normal 0 0 -1
    outer loop
      vertex 17.3912 12.7605 0
      vertex 15.9239 12.3673 0
      vertex 16 12.75 0
    endloop
  endfacet
  facet normal 0 0 -1
    outer loop
      vertex 15.3827 11.8261 0
      vertex 16.0255 10.7301 0
      vertex 15.7437 10.4603 0
    endloop
  endfacet
  facet normal 0 0 -1
    outer loop
      vertex 16.3892 10.8715 0
      vertex 15.7071 12.0429 0
      vertex 15.9239 12.3673 0
    endloop
  endfacet
  facet normal 0 0 -1
    outer loop
      vertex 14.4135 10.1032 0
      vertex 15.5865 10.1032 0
      vertex 14.422 9.71308 0
    endloop
  endfacet
  facet normal 0 0 -1
    outer loop
      vertex 16.0255 10.7301 0
      vertex 15.3827 11.8261 0
      vertex 15.7071 12.0429 0
    endloop
  endfacet
  facet normal 0 0 -1
    outer loop
      vertex 14.422 9.71308 0
      vertex 15.5865 10.1032 0
      vertex 15.578 9.71308 0
    endloop
  endfacet
  facet normal 0 0 -1
    outer loop
      vertex 15.7071 25.4571 0
      vertex 16.3892 26.6285 0
      vertex 15.9239 25.1327 0
    endloop
  endfacet
  facet normal -0 0 -1
    outer loop
      vertex 16.3892 26.6285 0
      vertex 15.7071 25.4571 0
      vertex 16.0255 26.7699 0
    endloop
  endfacet
  facet normal 0 0 -1
    outer loop
      vertex 15.3827 25.6739 0
      vertex 16.0255 26.7699 0
      vertex 15.7071 25.4571 0
    endloop
  endfacet
  facet normal -0 0 -1
    outer loop
      vertex 16.0255 26.7699 0
      vertex 15.3827 25.6739 0
      vertex 15.7437 27.0397 0
    endloop
  endfacet
  facet normal 0 0 -1
    outer loop
      vertex 14.4135 27.3968 0
      vertex 15.7437 27.0397 0
      vertex 15 25.75 0
    endloop
  endfacet
  facet normal 0 0 -1
    outer loop
      vertex 15 25.75 0
      vertex 15.7437 27.0397 0
      vertex 15.3827 25.6739 0
    endloop
  endfacet
  facet normal 0 0 -1
    outer loop
      vertex 19.2047 15.8805 0
      vertex 17.4659 15.8931 0
      vertex 17.4914 16.2825 0
    endloop
  endfacet
  facet normal 0 0 -1
    outer loop
      vertex 17.8695 14.5453 0
      vertex 17.2934 15.5432 0
      vertex 17.4659 15.8931 0
    endloop
  endfacet
  facet normal 0 0 -1
    outer loop
      vertex 17 15.2859 0
      vertex 17.5 14.4199 0
      vertex 17.2066 14.1626 0
    endloop
  endfacet
  facet normal 0 0 -1
    outer loop
      vertex 16.6305 15.1605 0
      vertex 17.2066 14.1626 0
      vertex 17.0341 13.8127 0
    endloop
  endfacet
  facet normal 0 0 -1
    outer loop
      vertex 17.5 14.4199 0
      vertex 17 15.2859 0
      vertex 17.2934 15.5432 0
    endloop
  endfacet
  facet normal 0 0 -1
    outer loop
      vertex 15.7071 13.4571 0
      vertex 17.0341 13.8127 0
      vertex 17.0086 13.4233 0
    endloop
  endfacet
  facet normal 0 0 -1
    outer loop
      vertex 18.5086 26.6748 0
      vertex 17.4062 27.076 0
      vertex 17.5476 27.4396 0
    endloop
  endfacet
  facet normal 0 0 -1
    outer loop
      vertex 16.7793 26.637 0
      vertex 17.7412 24.9121 0
      vertex 17.3912 24.7395 0
    endloop
  endfacet
  facet normal 0 0 -1
    outer loop
      vertex 18.5341 26.2854 0
      vertex 17.1364 26.7941 0
      vertex 17.4062 27.076 0
    endloop
  endfacet
  facet normal 0 0 -1
    outer loop
      vertex 16 24.75 0
      vertex 17.3912 24.7395 0
      vertex 17.134 24.4462 0
    endloop
  endfacet
  facet normal 0 0 -1
    outer loop
      vertex 16 24.75 0
      vertex 17.134 24.4462 0
      vertex 17.0086 24.0767 0
    endloop
  endfacet
  facet normal 0 0 -1
    outer loop
      vertex 17.7412 24.9121 0
      vertex 16.7793 26.637 0
      vertex 17.1364 26.7941 0
    endloop
  endfacet
  facet normal 0 0 -1
    outer loop
      vertex 16.2412 22.314 0
      vertex 17.0341 23.6873 0
      vertex 16.6305 22.3395 0
    endloop
  endfacet
  facet normal 0 0 -1
    outer loop
      vertex 17.0341 23.6873 0
      vertex 15.7071 24.0429 0
      vertex 17.0086 24.0767 0
    endloop
  endfacet
  facet normal 0 0 -1
    outer loop
      vertex 15.9239 25.1327 0
      vertex 17.3912 24.7395 0
      vertex 16 24.75 0
    endloop
  endfacet
  facet normal -0 0 -1
    outer loop
      vertex 17.0341 23.6873 0
      vertex 16.2412 22.314 0
      vertex 15.7071 24.0429 0
    endloop
  endfacet
  facet normal 0 0 -1
    outer loop
      vertex 17.3912 24.7395 0
      vertex 15.9239 25.1327 0
      vertex 16.7793 26.637 0
    endloop
  endfacet
  facet normal 0 0 -1
    outer loop
      vertex 16.7793 26.637 0
      vertex 15.9239 25.1327 0
      vertex 16.3892 26.6285 0
    endloop
  endfacet
  facet normal 0 0 -1
    outer loop
      vertex 17.0086 24.0767 0
      vertex 15.9239 24.3673 0
      vertex 16 24.75 0
    endloop
  endfacet
  facet normal 0 0 -1
    outer loop
      vertex 15.3827 23.8261 0
      vertex 16.2412 22.314 0
      vertex 15.8912 22.1414 0
    endloop
  endfacet
  facet normal -0 0 -1
    outer loop
      vertex 17.0086 24.0767 0
      vertex 15.7071 24.0429 0
      vertex 15.9239 24.3673 0
    endloop
  endfacet
  facet normal 0 0 -1
    outer loop
      vertex 14.366 21.8481 0
      vertex 15.8912 22.1414 0
      vertex 15.634 21.8481 0
    endloop
  endfacet
  facet normal 0 0 -1
    outer loop
      vertex 14.4914 21.4786 0
      vertex 15.634 21.8481 0
      vertex 15.5086 21.4786 0
    endloop
  endfacet
  facet normal 0 0 -1
    outer loop
      vertex 16.2412 22.314 0
      vertex 15.3827 23.8261 0
      vertex 15.7071 24.0429 0
    endloop
  endfacet
  facet normal 0 0 -1
    outer loop
      vertex 15.7066 20.7393 0
      vertex 14.2934 20.7393 0
      vertex 15.5341 21.0893 0
    endloop
  endfacet
  facet normal 0 0 -1
    outer loop
      vertex 15.5341 21.0893 0
      vertex 14.4659 21.0893 0
      vertex 15.5086 21.4786 0
    endloop
  endfacet
  facet normal 0 0 -1
    outer loop
      vertex 14.366 21.8481 0
      vertex 15.634 21.8481 0
      vertex 14.4914 21.4786 0
    endloop
  endfacet
  facet normal 0 0 -1
    outer loop
      vertex 14.2934 20.7393 0
      vertex 15 19.75 0
      vertex 14.6173 19.6739 0
    endloop
  endfacet
  facet normal 0 0 -1
    outer loop
      vertex 15.8912 22.1414 0
      vertex 15 23.75 0
      vertex 15.3827 23.8261 0
    endloop
  endfacet
  facet normal 0 0 -1
    outer loop
      vertex 14.1088 22.1414 0
      vertex 15.8912 22.1414 0
      vertex 14.366 21.8481 0
    endloop
  endfacet
  facet normal -0 0 -1
    outer loop
      vertex 15.5086 21.4786 0
      vertex 14.4659 21.0893 0
      vertex 14.4914 21.4786 0
    endloop
  endfacet
  facet normal -0 0 -1
    outer loop
      vertex 15.5341 21.0893 0
      vertex 14.2934 20.7393 0
      vertex 14.4659 21.0893 0
    endloop
  endfacet
  facet normal 0 0 -1
    outer loop
      vertex 14 20.482 0
      vertex 14.6173 19.6739 0
      vertex 14.2929 19.4571 0
    endloop
  endfacet
  facet normal 0 0 -1
    outer loop
      vertex 14 20.482 0
      vertex 14.2929 19.4571 0
      vertex 14.0761 19.1327 0
    endloop
  endfacet
  facet normal 0 0 -1
    outer loop
      vertex 14 20.482 0
      vertex 14.0761 19.1327 0
      vertex 14 18.75 0
    endloop
  endfacet
  facet normal 0 0 -1
    outer loop
      vertex 14.6173 19.6739 0
      vertex 14 20.482 0
      vertex 14.2934 20.7393 0
    endloop
  endfacet
  facet normal 0 0 -1
    outer loop
      vertex 17.1364 10.7059 0
      vertex 18.5341 11.2146 0
      vertex 17.4062 10.424 0
    endloop
  endfacet
  facet normal -0 0 -1
    outer loop
      vertex 18.5341 11.2146 0
      vertex 17.1364 10.7059 0
      vertex 17.7412 12.5879 0
    endloop
  endfacet
  facet normal 0 0 -1
    outer loop
      vertex 16.7793 10.863 0
      vertex 17.7412 12.5879 0
      vertex 17.1364 10.7059 0
    endloop
  endfacet
  facet normal -0 0 -1
    outer loop
      vertex 17.7412 12.5879 0
      vertex 16.7793 10.863 0
      vertex 17.3912 12.7605 0
    endloop
  endfacet
  facet normal 0 0 -1
    outer loop
      vertex 15.9239 12.3673 0
      vertex 17.3912 12.7605 0
      vertex 16.7793 10.863 0
    endloop
  endfacet
  facet normal -0 0 -1
    outer loop
      vertex 17.3912 12.7605 0
      vertex 16 12.75 0
      vertex 17.134 13.0538 0
    endloop
  endfacet
  facet normal -0 0 -1
    outer loop
      vertex 17.134 13.0538 0
      vertex 16 12.75 0
      vertex 17.0086 13.4233 0
    endloop
  endfacet
  facet normal 0 0 -1
    outer loop
      vertex 15.9239 13.1327 0
      vertex 17.0086 13.4233 0
      vertex 16 12.75 0
    endloop
  endfacet
  facet normal 0 0 -1
    outer loop
      vertex 15.9239 12.3673 0
      vertex 16.7793 10.863 0
      vertex 16.3892 10.8715 0
    endloop
  endfacet
  facet normal 0 0 -1
    outer loop
      vertex 15.7071 13.4571 0
      vertex 17.0086 13.4233 0
      vertex 15.9239 13.1327 0
    endloop
  endfacet
  facet normal 0 0 -1
    outer loop
      vertex 15.7071 12.0429 0
      vertex 16.3892 10.8715 0
      vertex 16.0255 10.7301 0
    endloop
  endfacet
  facet normal 0 0 -1
    outer loop
      vertex 17.2066 14.1626 0
      vertex 16.6305 15.1605 0
      vertex 17 15.2859 0
    endloop
  endfacet
  facet normal 0 -0 -1
    outer loop
      vertex 16.2412 15.186 0
      vertex 17.0341 13.8127 0
      vertex 15.7071 13.4571 0
    endloop
  endfacet
  facet normal 0 0 -1
    outer loop
      vertex 17.0341 13.8127 0
      vertex 16.2412 15.186 0
      vertex 16.6305 15.1605 0
    endloop
  endfacet
  facet normal 0 0 -1
    outer loop
      vertex 15.3827 13.6739 0
      vertex 16.2412 15.186 0
      vertex 15.7071 13.4571 0
    endloop
  endfacet
  facet normal -0 0 -1
    outer loop
      vertex 16.2412 15.186 0
      vertex 15.3827 13.6739 0
      vertex 15.8912 15.3586 0
    endloop
  endfacet
  facet normal 0 0 -1
    outer loop
      vertex 15 13.75 0
      vertex 15.8912 15.3586 0
      vertex 15.3827 13.6739 0
    endloop
  endfacet
  facet normal 0 0 -1
    outer loop
      vertex 14.1088 15.3586 0
      vertex 15.8912 15.3586 0
      vertex 15 13.75 0
    endloop
  endfacet
  facet normal 0 0 -1
    outer loop
      vertex 17.2934 21.9568 0
      vertex 17.8695 22.9547 0
      vertex 17.4659 21.6069 0
    endloop
  endfacet
  facet normal -0 0 -1
    outer loop
      vertex 17.8695 22.9547 0
      vertex 17.2934 21.9568 0
      vertex 17.5 23.0801 0
    endloop
  endfacet
  facet normal 0 0 -1
    outer loop
      vertex 17 22.2141 0
      vertex 17.5 23.0801 0
      vertex 17.2934 21.9568 0
    endloop
  endfacet
  facet normal -0 0 -1
    outer loop
      vertex 17.5 23.0801 0
      vertex 17 22.2141 0
      vertex 17.2066 23.3374 0
    endloop
  endfacet
  facet normal -0 0 -1
    outer loop
      vertex 17.2066 23.3374 0
      vertex 16.6305 22.3395 0
      vertex 17.0341 23.6873 0
    endloop
  endfacet
  facet normal 0 0 -1
    outer loop
      vertex 16.6305 22.3395 0
      vertex 17.2066 23.3374 0
      vertex 17 22.2141 0
    endloop
  endfacet
  facet normal -0 0 -1
    outer loop
      vertex 19.4028 15.1412 0
      vertex 18.6088 14.3472 0
      vertex 19.2302 15.4912 0
    endloop
  endfacet
  facet normal 0 0 -1
    outer loop
      vertex 19.3695 11.9472 0
      vertex 18.9659 13.295 0
      vertex 18.9914 13.6844 0
    endloop
  endfacet
  facet normal 0 0 -1
    outer loop
      vertex 19.3695 11.9472 0
      vertex 18.7934 12.9451 0
      vertex 18.9659 13.295 0
    endloop
  endfacet
  facet normal 0 0 -1
    outer loop
      vertex 18.5 12.6878 0
      vertex 19 11.8218 0
      vertex 18.7066 11.5645 0
    endloop
  endfacet
  facet normal 0 0 -1
    outer loop
      vertex 18.1305 12.5624 0
      vertex 18.7066 11.5645 0
      vertex 18.5341 11.2146 0
    endloop
  endfacet
  facet normal 0 0 -1
    outer loop
      vertex 19 11.8218 0
      vertex 18.5 12.6878 0
      vertex 18.7934 12.9451 0
    endloop
  endfacet
  facet normal 0 0 -1
    outer loop
      vertex 17.4062 10.424 0
      vertex 18.5086 10.8252 0
      vertex 17.5476 10.0604 0
    endloop
  endfacet
  facet normal 0 0 -1
    outer loop
      vertex 19.2047 15.8805 0
      vertex 18.9239 18.3673 0
      vertex 19 18.75 0
    endloop
  endfacet
  facet normal 0 0 -1
    outer loop
      vertex 18.2588 14.5198 0
      vertex 19.2302 15.4912 0
      vertex 18.6088 14.3472 0
    endloop
  endfacet
  facet normal 0 0 -1
    outer loop
      vertex 19.2047 15.8805 0
      vertex 18.7071 18.0429 0
      vertex 18.9239 18.3673 0
    endloop
  endfacet
  facet normal 0 0 -1
    outer loop
      vertex 17.4659 15.8931 0
      vertex 19.2302 15.4912 0
      vertex 18.2588 14.5198 0
    endloop
  endfacet
  facet normal 0 0 -1
    outer loop
      vertex 19.2047 15.8805 0
      vertex 18.3827 17.8261 0
      vertex 18.7071 18.0429 0
    endloop
  endfacet
  facet normal 0 0 -1
    outer loop
      vertex 17.4659 15.8931 0
      vertex 19.2047 15.8805 0
      vertex 19.2302 15.4912 0
    endloop
  endfacet
  facet normal 0 0 -1
    outer loop
      vertex 19.2047 15.8805 0
      vertex 17.4914 16.2825 0
      vertex 18.3827 17.8261 0
    endloop
  endfacet
  facet normal 0 0 -1
    outer loop
      vertex 17.4659 15.8931 0
      vertex 18.2588 14.5198 0
      vertex 17.8695 14.5453 0
    endloop
  endfacet
  facet normal 0 0 -1
    outer loop
      vertex 18.3827 17.8261 0
      vertex 17.4914 16.2825 0
      vertex 18 17.75 0
    endloop
  endfacet
  facet normal 0 0 -1
    outer loop
      vertex 17.2934 15.5432 0
      vertex 17.8695 14.5453 0
      vertex 17.5 14.4199 0
    endloop
  endfacet
  facet normal 0 0 -1
    outer loop
      vertex 17.366 16.6519 0
      vertex 18 17.75 0
      vertex 17.4914 16.2825 0
    endloop
  endfacet
  facet normal -0 0 -1
    outer loop
      vertex 18 17.75 0
      vertex 17.366 16.6519 0
      vertex 17.6173 17.8261 0
    endloop
  endfacet
  facet normal 0 0 -1
    outer loop
      vertex 17.1088 16.9453 0
      vertex 17.6173 17.8261 0
      vertex 17.366 16.6519 0
    endloop
  endfacet
  facet normal -0 0 -1
    outer loop
      vertex 17.6173 17.8261 0
      vertex 17.1088 16.9453 0
      vertex 17.2929 18.0429 0
    endloop
  endfacet
  facet normal 0 0 -1
    outer loop
      vertex 16.7588 17.1179 0
      vertex 17.2929 18.0429 0
      vertex 17.1088 16.9453 0
    endloop
  endfacet
  facet normal -0 0 -1
    outer loop
      vertex 17.2929 18.0429 0
      vertex 16.7588 17.1179 0
      vertex 17.0761 18.3673 0
    endloop
  endfacet
  facet normal 0 0 -1
    outer loop
      vertex 16.3695 17.1434 0
      vertex 17.0761 18.3673 0
      vertex 16.7588 17.1179 0
    endloop
  endfacet
  facet normal 0 0 -1
    outer loop
      vertex 18.7934 24.5549 0
      vertex 19.3695 25.5528 0
      vertex 18.9659 24.205 0
    endloop
  endfacet
  facet normal -0 0 -1
    outer loop
      vertex 19.3695 25.5528 0
      vertex 18.7934 24.5549 0
      vertex 19 25.6782 0
    endloop
  endfacet
  facet normal 0 0 -1
    outer loop
      vertex 18.5 24.8122 0
      vertex 19 25.6782 0
      vertex 18.7934 24.5549 0
    endloop
  endfacet
  facet normal -0 0 -1
    outer loop
      vertex 19 25.6782 0
      vertex 18.5 24.8122 0
      vertex 18.7066 25.9355 0
    endloop
  endfacet
  facet normal -0 0 -1
    outer loop
      vertex 18.7066 25.9355 0
      vertex 18.1305 24.9376 0
      vertex 18.5341 26.2854 0
    endloop
  endfacet
  facet normal 0 0 -1
    outer loop
      vertex 18.1305 24.9376 0
      vertex 18.7066 25.9355 0
      vertex 18.5 24.8122 0
    endloop
  endfacet
  facet normal 0 0 -1
    outer loop
      vertex 18.9914 23.8156 0
      vertex 20.9407 24.2344 0
      vertex 20.0656 22.7414 0
    endloop
  endfacet
  facet normal 0 0 -1
    outer loop
      vertex 20.8982 24.6222 0
      vertex 20.366 26.0442 0
      vertex 20.4914 26.4137 0
    endloop
  endfacet
  facet normal 0 0 -1
    outer loop
      vertex 20.8982 24.6222 0
      vertex 20.1088 25.7509 0
      vertex 20.366 26.0442 0
    endloop
  endfacet
  facet normal 0 0 -1
    outer loop
      vertex 18.9659 24.205 0
      vertex 20.9407 24.2344 0
      vertex 18.9914 23.8156 0
    endloop
  endfacet
  facet normal 0 0 -1
    outer loop
      vertex 20.8982 24.6222 0
      vertex 19.7588 25.5783 0
      vertex 20.1088 25.7509 0
    endloop
  endfacet
  facet normal 0 0 -1
    outer loop
      vertex 18.9914 23.8156 0
      vertex 20.0656 22.7414 0
      vertex 19.6962 22.616 0
    endloop
  endfacet
  facet normal 0 0 -1
    outer loop
      vertex 18.866 23.4462 0
      vertex 19.6962 22.616 0
      vertex 19.4028 22.3588 0
    endloop
  endfacet
  facet normal -0 0 -1
    outer loop
      vertex 20.9407 24.2344 0
      vertex 18.9659 24.205 0
      vertex 20.8982 24.6222 0
    endloop
  endfacet
  facet normal 0 0 -1
    outer loop
      vertex 18.6088 23.1528 0
      vertex 19.4028 22.3588 0
      vertex 19.2302 22.0088 0
    endloop
  endfacet
  facet normal 0 0 -1
    outer loop
      vertex 17.4659 21.6069 0
      vertex 19.2047 21.6195 0
      vertex 17.4914 21.2175 0
    endloop
  endfacet
  facet normal -0 0 -1
    outer loop
      vertex 19.9373 20.7841 0
      vertex 18.7071 19.4571 0
      vertex 19.5874 20.9566 0
    endloop
  endfacet
  facet normal 0 0 -1
    outer loop
      vertex 18.3827 19.6739 0
      vertex 19.5874 20.9566 0
      vertex 18.7071 19.4571 0
    endloop
  endfacet
  facet normal -0 0 -1
    outer loop
      vertex 20.8982 24.6222 0
      vertex 18.9659 24.205 0
      vertex 19.7588 25.5783 0
    endloop
  endfacet
  facet normal 0 0 -1
    outer loop
      vertex 19.7588 25.5783 0
      vertex 18.9659 24.205 0
      vertex 19.3695 25.5528 0
    endloop
  endfacet
  facet normal -0 0 -1
    outer loop
      vertex 19.5874 20.9566 0
      vertex 18.3827 19.6739 0
      vertex 19.3301 21.25 0
    endloop
  endfacet
  facet normal 0 0 -1
    outer loop
      vertex 19.6962 22.616 0
      vertex 18.866 23.4462 0
      vertex 18.9914 23.8156 0
    endloop
  endfacet
  facet normal 0 0 -1
    outer loop
      vertex 17.4914 21.2175 0
      vertex 19.3301 21.25 0
      vertex 18.3827 19.6739 0
    endloop
  endfacet
  facet normal 0 0 -1
    outer loop
      vertex 19.4028 22.3588 0
      vertex 18.6088 23.1528 0
      vertex 18.866 23.4462 0
    endloop
  endfacet
  facet normal -0 0 -1
    outer loop
      vertex 19.3301 21.25 0
      vertex 17.4914 21.2175 0
      vertex 19.2047 21.6195 0
    endloop
  endfacet
  facet normal -0 0 -1
    outer loop
      vertex 19.2047 21.6195 0
      vertex 17.4659 21.6069 0
      vertex 19.2302 22.0088 0
    endloop
  endfacet
  facet normal 0 0 -1
    outer loop
      vertex 17.4914 21.2175 0
      vertex 18.3827 19.6739 0
      vertex 18 19.75 0
    endloop
  endfacet
  facet normal 0 0 -1
    outer loop
      vertex 19.2302 22.0088 0
      vertex 18.2588 22.9802 0
      vertex 18.6088 23.1528 0
    endloop
  endfacet
  facet normal 0 0 -1
    outer loop
      vertex 17.366 20.8481 0
      vertex 18 19.75 0
      vertex 17.6173 19.6739 0
    endloop
  endfacet
  facet normal -0 0 -1
    outer loop
      vertex 19.2302 22.0088 0
      vertex 17.4659 21.6069 0
      vertex 18.2588 22.9802 0
    endloop
  endfacet
  facet normal 0 0 -1
    outer loop
      vertex 18.2588 22.9802 0
      vertex 17.4659 21.6069 0
      vertex 17.8695 22.9547 0
    endloop
  endfacet
  facet normal 0 0 -1
    outer loop
      vertex 18 19.75 0
      vertex 17.366 20.8481 0
      vertex 17.4914 21.2175 0
    endloop
  endfacet
  facet normal 0 0 -1
    outer loop
      vertex 17.1088 20.5547 0
      vertex 17.6173 19.6739 0
      vertex 17.2929 19.4571 0
    endloop
  endfacet
  facet normal 0 0 -1
    outer loop
      vertex 17.6173 19.6739 0
      vertex 17.1088 20.5547 0
      vertex 17.366 20.8481 0
    endloop
  endfacet
  facet normal 0 0 -1
    outer loop
      vertex 16.7588 20.3821 0
      vertex 17.2929 19.4571 0
      vertex 17.0761 19.1327 0
    endloop
  endfacet
  facet normal 0 0 -1
    outer loop
      vertex 15.9239 19.1327 0
      vertex 17.0761 19.1327 0
      vertex 17 18.75 0
    endloop
  endfacet
  facet normal 0 0 -1
    outer loop
      vertex 15.9239 18.3673 0
      vertex 17.0761 18.3673 0
      vertex 16.3695 17.1434 0
    endloop
  endfacet
  facet normal 0 0 -1
    outer loop
      vertex 15.9239 19.1327 0
      vertex 17 18.75 0
      vertex 16 18.75 0
    endloop
  endfacet
  facet normal 0 0 -1
    outer loop
      vertex 17.0761 18.3673 0
      vertex 16 18.75 0
      vertex 17 18.75 0
    endloop
  endfacet
  facet normal 0 0 -1
    outer loop
      vertex 17.2929 19.4571 0
      vertex 16.7588 20.3821 0
      vertex 17.1088 20.5547 0
    endloop
  endfacet
  facet normal 0 0 -1
    outer loop
      vertex 15.7071 18.0429 0
      vertex 16.3695 17.1434 0
      vertex 16 17.018 0
    endloop
  endfacet
  facet normal 0 -0 -1
    outer loop
      vertex 16.3695 20.3566 0
      vertex 17.0761 19.1327 0
      vertex 15.9239 19.1327 0
    endloop
  endfacet
  facet normal 0 0 -1
    outer loop
      vertex 17.0761 19.1327 0
      vertex 16.3695 20.3566 0
      vertex 16.7588 20.3821 0
    endloop
  endfacet
  facet normal 0 0 -1
    outer loop
      vertex 15.7071 19.4571 0
      vertex 16.3695 20.3566 0
      vertex 15.9239 19.1327 0
    endloop
  endfacet
  facet normal -0 0 -1
    outer loop
      vertex 16.3695 20.3566 0
      vertex 15.7071 19.4571 0
      vertex 16 20.482 0
    endloop
  endfacet
  facet normal 0 0 -1
    outer loop
      vertex 15.3827 19.6739 0
      vertex 16 20.482 0
      vertex 15.7071 19.4571 0
    endloop
  endfacet
  facet normal -0 0 -1
    outer loop
      vertex 16 20.482 0
      vertex 15.3827 19.6739 0
      vertex 15.7066 20.7393 0
    endloop
  endfacet
  facet normal 0 0 -1
    outer loop
      vertex 14.2934 20.7393 0
      vertex 15.7066 20.7393 0
      vertex 15 19.75 0
    endloop
  endfacet
  facet normal 0 0 -1
    outer loop
      vertex 15 19.75 0
      vertex 15.7066 20.7393 0
      vertex 15.3827 19.6739 0
    endloop
  endfacet
  facet normal 0 0 -1
    outer loop
      vertex 21.4327 13.8519 0
      vertex 20.455 14.7841 0
      vertex 20.8049 14.9566 0
    endloop
  endfacet
  facet normal -0 0 -1
    outer loop
      vertex 21.0074 12.5032 0
      vertex 20.1088 11.7491 0
      vertex 20.8982 12.8778 0
    endloop
  endfacet
  facet normal 0 0 -1
    outer loop
      vertex 19.7588 11.9217 0
      vertex 20.8982 12.8778 0
      vertex 20.1088 11.7491 0
    endloop
  endfacet
  facet normal 0 0 -1
    outer loop
      vertex 18.9914 13.6844 0
      vertex 19.7588 11.9217 0
      vertex 19.3695 11.9472 0
    endloop
  endfacet
  facet normal 0 0 -1
    outer loop
      vertex 20.8982 12.8778 0
      vertex 20.0656 14.7586 0
      vertex 20.455 14.7841 0
    endloop
  endfacet
  facet normal 0 0 -1
    outer loop
      vertex 19.7588 11.9217 0
      vertex 18.9914 13.6844 0
      vertex 20.8982 12.8778 0
    endloop
  endfacet
  facet normal 0 0 -1
    outer loop
      vertex 20.8982 12.8778 0
      vertex 18.9914 13.6844 0
      vertex 20.0656 14.7586 0
    endloop
  endfacet
  facet normal 0 0 -1
    outer loop
      vertex 18.7934 12.9451 0
      vertex 19.3695 11.9472 0
      vertex 19 11.8218 0
    endloop
  endfacet
  facet normal -0 0 -1
    outer loop
      vertex 20.0656 14.7586 0
      vertex 18.9914 13.6844 0
      vertex 19.6962 14.884 0
    endloop
  endfacet
  facet normal 0 0 -1
    outer loop
      vertex 18.866 14.0538 0
      vertex 19.6962 14.884 0
      vertex 18.9914 13.6844 0
    endloop
  endfacet
  facet normal 0 0 -1
    outer loop
      vertex 18.6088 14.3472 0
      vertex 19.4028 15.1412 0
      vertex 18.866 14.0538 0
    endloop
  endfacet
  facet normal -0 0 -1
    outer loop
      vertex 19.6962 14.884 0
      vertex 18.866 14.0538 0
      vertex 19.4028 15.1412 0
    endloop
  endfacet
  facet normal -0 0 -1
    outer loop
      vertex 22.4582 21.8718 0
      vertex 21.1621 21.4912 0
      vertex 21.1876 21.8805 0
    endloop
  endfacet
  facet normal 0 0 -1
    outer loop
      vertex 20.9895 21.1412 0
      vertex 21.3827 19.6739 0
      vertex 21 19.75 0
    endloop
  endfacet
  facet normal -0 0 -1
    outer loop
      vertex 22.72 21.1526 0
      vertex 20.9895 21.1412 0
      vertex 21.1621 21.4912 0
    endloop
  endfacet
  facet normal 0 0 -1
    outer loop
      vertex 21 19.75 0
      vertex 20.6962 20.884 0
      vertex 20.9895 21.1412 0
    endloop
  endfacet
  facet normal 0 0 -1
    outer loop
      vertex 20.6173 19.6739 0
      vertex 20.6962 20.884 0
      vertex 21 19.75 0
    endloop
  endfacet
  facet normal 0 0 -1
    outer loop
      vertex 20.6173 19.6739 0
      vertex 20.3267 20.7586 0
      vertex 20.6962 20.884 0
    endloop
  endfacet
  facet normal 0 0 -1
    outer loop
      vertex 20.2929 19.4571 0
      vertex 20.3267 20.7586 0
      vertex 20.6173 19.6739 0
    endloop
  endfacet
  facet normal 0 0 -1
    outer loop
      vertex 18.9239 19.1327 0
      vertex 20.2929 19.4571 0
      vertex 20.0761 19.1327 0
    endloop
  endfacet
  facet normal 0 0 -1
    outer loop
      vertex 19 18.75 0
      vertex 20.0761 19.1327 0
      vertex 20 18.75 0
    endloop
  endfacet
  facet normal 0 0 -1
    outer loop
      vertex 20.2929 19.4571 0
      vertex 19.9373 20.7841 0
      vertex 20.3267 20.7586 0
    endloop
  endfacet
  facet normal 0 0 -1
    outer loop
      vertex 19 18.75 0
      vertex 20.0761 18.3673 0
      vertex 19.5874 16.5434 0
    endloop
  endfacet
  facet normal 0 0 -1
    outer loop
      vertex 19 18.75 0
      vertex 19.5874 16.5434 0
      vertex 19.3301 16.25 0
    endloop
  endfacet
  facet normal 0 0 -1
    outer loop
      vertex 18.7071 19.4571 0
      vertex 20.2929 19.4571 0
      vertex 18.9239 19.1327 0
    endloop
  endfacet
  facet normal 0 0 -1
    outer loop
      vertex 20.0761 18.3673 0
      vertex 19 18.75 0
      vertex 20 18.75 0
    endloop
  endfacet
  facet normal 0 0 -1
    outer loop
      vertex 18.9239 19.1327 0
      vertex 20.0761 19.1327 0
      vertex 19 18.75 0
    endloop
  endfacet
  facet normal 0 0 -1
    outer loop
      vertex 19 18.75 0
      vertex 19.3301 16.25 0
      vertex 19.2047 15.8805 0
    endloop
  endfacet
  facet normal 0 0 -1
    outer loop
      vertex 20.2929 19.4571 0
      vertex 18.7071 19.4571 0
      vertex 19.9373 20.7841 0
    endloop
  endfacet
  facet normal 0 0 -1
    outer loop
      vertex 20.9895 21.1412 0
      vertex 22.72 21.1526 0
      vertex 21.3827 19.6739 0
    endloop
  endfacet
  facet normal 0 0 -1
    outer loop
      vertex 22.72 21.1526 0
      vertex 21.1621 21.4912 0
      vertex 22.5175 21.4862 0
    endloop
  endfacet
  facet normal 0 0 -1
    outer loop
      vertex 21.0622 22.25 0
      vertex 22.4582 21.8718 0
      vertex 21.1876 21.8805 0
    endloop
  endfacet
  facet normal 0 -0 -1
    outer loop
      vertex 21.8072 23.5389 0
      vertex 22.4582 21.8718 0
      vertex 21.0622 22.25 0
    endloop
  endfacet
  facet normal 0 0 -1
    outer loop
      vertex 21.1621 21.4912 0
      vertex 22.4582 21.8718 0
      vertex 22.5175 21.4862 0
    endloop
  endfacet
  facet normal 0 0 -1
    outer loop
      vertex 22.4582 21.8718 0
      vertex 21.8072 23.5389 0
      vertex 22.1951 23.5814 0
    endloop
  endfacet
  facet normal 0 0 -1
    outer loop
      vertex 20.8049 22.5434 0
      vertex 21.8072 23.5389 0
      vertex 21.0622 22.25 0
    endloop
  endfacet
  facet normal -0 0 -1
    outer loop
      vertex 21.8072 23.5389 0
      vertex 20.8049 22.5434 0
      vertex 21.4327 23.6481 0
    endloop
  endfacet
  facet normal 0 0 -1
    outer loop
      vertex 20.455 22.7159 0
      vertex 21.4327 23.6481 0
      vertex 20.8049 22.5434 0
    endloop
  endfacet
  facet normal -0 0 -1
    outer loop
      vertex 21.4327 23.6481 0
      vertex 20.455 22.7159 0
      vertex 21.1284 23.8923 0
    endloop
  endfacet
  facet normal 0 0 -1
    outer loop
      vertex 20.0656 22.7414 0
      vertex 21.1284 23.8923 0
      vertex 20.455 22.7159 0
    endloop
  endfacet
  facet normal 0 0 -1
    outer loop
      vertex 21.7071 18.0429 0
      vertex 21.1621 16.0088 0
      vertex 21.3827 17.8261 0
    endloop
  endfacet
  facet normal 0 0 -1
    outer loop
      vertex 20.9895 16.3588 0
      vertex 21.3827 17.8261 0
      vertex 21.1621 16.0088 0
    endloop
  endfacet
  facet normal 0 0 -1
    outer loop
      vertex 21.3827 17.8261 0
      vertex 20.9895 16.3588 0
      vertex 21 17.75 0
    endloop
  endfacet
  facet normal 0 0 -1
    outer loop
      vertex 20.6962 16.616 0
      vertex 21 17.75 0
      vertex 20.9895 16.3588 0
    endloop
  endfacet
  facet normal 0 0 -1
    outer loop
      vertex 20.6962 16.616 0
      vertex 20.6173 17.8261 0
      vertex 21 17.75 0
    endloop
  endfacet
  facet normal 0 0 -1
    outer loop
      vertex 20.3267 16.7414 0
      vertex 20.6173 17.8261 0
      vertex 20.6962 16.616 0
    endloop
  endfacet
  facet normal 0 0 -1
    outer loop
      vertex 20.3267 16.7414 0
      vertex 20.2929 18.0429 0
      vertex 20.6173 17.8261 0
    endloop
  endfacet
  facet normal 0 0 -1
    outer loop
      vertex 19.9373 16.7159 0
      vertex 20.2929 18.0429 0
      vertex 20.3267 16.7414 0
    endloop
  endfacet
  facet normal -0 0 -1
    outer loop
      vertex 20.2929 18.0429 0
      vertex 19.9373 16.7159 0
      vertex 20.0761 18.3673 0
    endloop
  endfacet
  facet normal 0 0 -1
    outer loop
      vertex 19.5874 16.5434 0
      vertex 20.0761 18.3673 0
      vertex 19.9373 16.7159 0
    endloop
  endfacet
  facet normal 0 0 -1
    outer loop
      vertex 22.5372 23.769 0
      vertex 23.1152 22.7679 0
      vertex 22.7816 22.5655 0
    endloop
  endfacet
  facet normal 0 0 -1
    outer loop
      vertex 23.1152 22.7679 0
      vertex 22.7814 24.0733 0
      vertex 22.8906 24.4479 0
    endloop
  endfacet
  facet normal 0 0 -1
    outer loop
      vertex 22.1951 23.5814 0
      vertex 22.7816 22.5655 0
      vertex 22.5509 22.2508 0
    endloop
  endfacet
  facet normal 0 0 -1
    outer loop
      vertex 23.1152 22.7679 0
      vertex 22.5372 23.769 0
      vertex 22.7814 24.0733 0
    endloop
  endfacet
  facet normal 0 0 -1
    outer loop
      vertex 22.1951 23.5814 0
      vertex 22.5509 22.2508 0
      vertex 22.4582 21.8718 0
    endloop
  endfacet
  facet normal 0 0 -1
    outer loop
      vertex 22.7816 22.5655 0
      vertex 22.1951 23.5814 0
      vertex 22.5372 23.769 0
    endloop
  endfacet
  facet normal -0 0 -1
    outer loop
      vertex 23.0346 20.9219 0
      vertex 21.7071 19.4571 0
      vertex 22.72 21.1526 0
    endloop
  endfacet
  facet normal 0 0 -1
    outer loop
      vertex 21.3827 19.6739 0
      vertex 22.72 21.1526 0
      vertex 21.7071 19.4571 0
    endloop
  endfacet
  facet normal 0 0 -1
    outer loop
      vertex 22.1951 13.9186 0
      vertex 21.9239 18.3673 0
      vertex 22 18.75 0
    endloop
  endfacet
  facet normal 0 0 -1
    outer loop
      vertex 21.0622 15.25 0
      vertex 22.1951 13.9186 0
      vertex 21.8072 13.9611 0
    endloop
  endfacet
  facet normal 0 0 -1
    outer loop
      vertex 22.1951 13.9186 0
      vertex 21.7071 18.0429 0
      vertex 21.9239 18.3673 0
    endloop
  endfacet
  facet normal 0 0 -1
    outer loop
      vertex 20.8049 14.9566 0
      vertex 21.8072 13.9611 0
      vertex 21.4327 13.8519 0
    endloop
  endfacet
  facet normal 0 0 -1
    outer loop
      vertex 21.1621 16.0088 0
      vertex 22.1951 13.9186 0
      vertex 21.1876 15.6195 0
    endloop
  endfacet
  facet normal 0 0 -1
    outer loop
      vertex 22.1951 13.9186 0
      vertex 21.1621 16.0088 0
      vertex 21.7071 18.0429 0
    endloop
  endfacet
  facet normal 0 0 -1
    outer loop
      vertex 20.455 14.7841 0
      vertex 21.4327 13.8519 0
      vertex 21.1284 13.6077 0
    endloop
  endfacet
  facet normal 0 0 -1
    outer loop
      vertex 22.1951 13.9186 0
      vertex 21.0622 15.25 0
      vertex 21.1876 15.6195 0
    endloop
  endfacet
  facet normal 0 0 -1
    outer loop
      vertex 20.455 14.7841 0
      vertex 21.1284 13.6077 0
      vertex 20.9407 13.2656 0
    endloop
  endfacet
  facet normal 0 0 -1
    outer loop
      vertex 20.455 14.7841 0
      vertex 20.9407 13.2656 0
      vertex 20.8982 12.8778 0
    endloop
  endfacet
  facet normal 0 0 -1
    outer loop
      vertex 21.8072 13.9611 0
      vertex 20.8049 14.9566 0
      vertex 21.0622 15.25 0
    endloop
  endfacet
  facet normal -0 0 -1
    outer loop
      vertex 23.5009 14.6728 0
      vertex 22.7814 13.4267 0
      vertex 23.1152 14.7321 0
    endloop
  endfacet
  facet normal 0 0 -1
    outer loop
      vertex 22.5372 13.731 0
      vertex 23.1152 14.7321 0
      vertex 22.7814 13.4267 0
    endloop
  endfacet
  facet normal -0 0 -1
    outer loop
      vertex 23.1152 14.7321 0
      vertex 22.5372 13.731 0
      vertex 22.7816 14.9345 0
    endloop
  endfacet
  facet normal 0 0 -1
    outer loop
      vertex 22.1951 13.9186 0
      vertex 22.7816 14.9345 0
      vertex 22.5372 13.731 0
    endloop
  endfacet
  facet normal -0 0 -1
    outer loop
      vertex 22.7816 14.9345 0
      vertex 22.1951 13.9186 0
      vertex 22.5509 15.2492 0
    endloop
  endfacet
  facet normal 0 0 -1
    outer loop
      vertex 22 18.75 0
      vertex 22.4582 15.6282 0
      vertex 22.1951 13.9186 0
    endloop
  endfacet
  facet normal -0 0 -1
    outer loop
      vertex 22.5509 15.2492 0
      vertex 22.1951 13.9186 0
      vertex 22.4582 15.6282 0
    endloop
  endfacet
  facet normal 0 0 -1
    outer loop
      vertex 24.3635 21.4056 0
      vertex 24.7071 19.4571 0
      vertex 24.3827 19.6739 0
    endloop
  endfacet
  facet normal 0 0 -1
    outer loop
      vertex 24.7071 19.4571 0
      vertex 24.3635 21.4056 0
      vertex 24.4563 21.7846 0
    endloop
  endfacet
  facet normal 0 0 -1
    outer loop
      vertex 24.3827 19.6739 0
      vertex 24.1328 21.0909 0
      vertex 24.3635 21.4056 0
    endloop
  endfacet
  facet normal 0 0 -1
    outer loop
      vertex 24 19.75 0
      vertex 24.1328 21.0909 0
      vertex 24.3827 19.6739 0
    endloop
  endfacet
  facet normal 0 0 -1
    outer loop
      vertex 24 19.75 0
      vertex 23.7993 20.8885 0
      vertex 24.1328 21.0909 0
    endloop
  endfacet
  facet normal 0 0 -1
    outer loop
      vertex 23.6173 19.6739 0
      vertex 23.7993 20.8885 0
      vertex 24 19.75 0
    endloop
  endfacet
  facet normal 0 0 -1
    outer loop
      vertex 23.6173 19.6739 0
      vertex 23.4136 20.8291 0
      vertex 23.7993 20.8885 0
    endloop
  endfacet
  facet normal 0 0 -1
    outer loop
      vertex 23.2929 19.4571 0
      vertex 23.4136 20.8291 0
      vertex 23.6173 19.6739 0
    endloop
  endfacet
  facet normal 0 0 -1
    outer loop
      vertex 21.9239 19.1327 0
      vertex 23.0761 19.1327 0
      vertex 22 18.75 0
    endloop
  endfacet
  facet normal 0 0 -1
    outer loop
      vertex 23.2929 19.4571 0
      vertex 23.0346 20.9219 0
      vertex 23.4136 20.8291 0
    endloop
  endfacet
  facet normal 0 0 -1
    outer loop
      vertex 22 18.75 0
      vertex 23.0761 19.1327 0
      vertex 23 18.75 0
    endloop
  endfacet
  facet normal 0 0 -1
    outer loop
      vertex 22 18.75 0
      vertex 22.72 16.3474 0
      vertex 22.5175 16.0138 0
    endloop
  endfacet
  facet normal 0 0 -1
    outer loop
      vertex 23.0761 19.1327 0
      vertex 21.9239 19.1327 0
      vertex 23.2929 19.4571 0
    endloop
  endfacet
  facet normal 0 0 -1
    outer loop
      vertex 23.0761 18.3673 0
      vertex 22 18.75 0
      vertex 23 18.75 0
    endloop
  endfacet
  facet normal 0 0 -1
    outer loop
      vertex 21.7071 19.4571 0
      vertex 23.2929 19.4571 0
      vertex 21.9239 19.1327 0
    endloop
  endfacet
  facet normal 0 0 -1
    outer loop
      vertex 22 18.75 0
      vertex 22.5175 16.0138 0
      vertex 22.4582 15.6282 0
    endloop
  endfacet
  facet normal 0 0 -1
    outer loop
      vertex 23.2929 19.4571 0
      vertex 21.7071 19.4571 0
      vertex 23.0346 20.9219 0
    endloop
  endfacet
  facet normal 0 0 -1
    outer loop
      vertex 51.55 0 0
      vertex 52.35 0.800003 0
      vertex 52.3431 0.695587 0
    endloop
  endfacet
  facet normal 0 0 -1
    outer loop
      vertex 52.35 0.800003 0
      vertex 38.1 18.75 0
      vertex 52.35 36.7 0
    endloop
  endfacet
  facet normal 0 0 -1
    outer loop
      vertex 51.55 0 0
      vertex 52.3431 0.695587 0
      vertex 52.3227 0.592941 0
    endloop
  endfacet
  facet normal 0 0 -1
    outer loop
      vertex 38.0625 19.0347 0
      vertex 52.35 36.7 0
      vertex 38.1 18.75 0
    endloop
  endfacet
  facet normal 0 0 -1
    outer loop
      vertex 51.55 0 0
      vertex 52.3227 0.592941 0
      vertex 52.2891 0.493851 0
    endloop
  endfacet
  facet normal 0 0 -1
    outer loop
      vertex 37.9526 19.3 0
      vertex 52.35 36.7 0
      vertex 38.0625 19.0347 0
    endloop
  endfacet
  facet normal 0 0 -1
    outer loop
      vertex 51.55 0 0
      vertex 52.2891 0.493851 0
      vertex 52.2428 0.400009 0
    endloop
  endfacet
  facet normal 0 0 -1
    outer loop
      vertex 37.7778 19.5278 0
      vertex 52.35 36.7 0
      vertex 37.9526 19.3 0
    endloop
  endfacet
  facet normal 0 0 -1
    outer loop
      vertex 51.55 0 0
      vertex 52.2428 0.400009 0
      vertex 52.1847 0.312988 0
    endloop
  endfacet
  facet normal 0 0 -1
    outer loop
      vertex 37.55 19.7026 0
      vertex 52.35 36.7 0
      vertex 37.7778 19.5278 0
    endloop
  endfacet
  facet normal 0 0 -1
    outer loop
      vertex 51.55 0 0
      vertex 52.1847 0.312988 0
      vertex 52.1157 0.234314 0
    endloop
  endfacet
  facet normal 0 0 -1
    outer loop
      vertex 52.35 36.7 0
      vertex 51.55 37.5 0
      vertex 52.3431 36.8044 0
    endloop
  endfacet
  facet normal 0 0 -1
    outer loop
      vertex 51.55 0 0
      vertex 52.1157 0.234314 0
      vertex 52.037 0.165314 0
    endloop
  endfacet
  facet normal 0 0 -1
    outer loop
      vertex 52.3431 36.8044 0
      vertex 51.55 37.5 0
      vertex 52.3227 36.9071 0
    endloop
  endfacet
  facet normal 0 0 -1
    outer loop
      vertex 51.55 0 0
      vertex 52.037 0.165314 0
      vertex 51.95 0.107178 0
    endloop
  endfacet
  facet normal 0 0 -1
    outer loop
      vertex 52.3227 36.9071 0
      vertex 51.55 37.5 0
      vertex 52.2891 37.0061 0
    endloop
  endfacet
  facet normal 0 0 -1
    outer loop
      vertex 51.55 0 0
      vertex 51.95 0.107178 0
      vertex 51.8561 0.0608978 0
    endloop
  endfacet
  facet normal 0 0 -1
    outer loop
      vertex 52.2891 37.0061 0
      vertex 51.55 37.5 0
      vertex 52.2428 37.1 0
    endloop
  endfacet
  facet normal 0 0 -1
    outer loop
      vertex 51.55 0 0
      vertex 51.8561 0.0608978 0
      vertex 51.757 0.0272675 0
    endloop
  endfacet
  facet normal 0 0 -1
    outer loop
      vertex 52.1847 37.187 0
      vertex 51.55 37.5 0
      vertex 52.1157 37.2657 0
    endloop
  endfacet
  facet normal 0 0 -1
    outer loop
      vertex 51.55 0 0
      vertex 51.757 0.0272675 0
      vertex 51.6544 0.0068512 0
    endloop
  endfacet
  facet normal 0 0 -1
    outer loop
      vertex 52.1157 37.2657 0
      vertex 51.55 37.5 0
      vertex 52.037 37.3347 0
    endloop
  endfacet
  facet normal 0 0 -1
    outer loop
      vertex 37.55 17.7974 0
      vertex 52.35 0.800003 0
      vertex 51.55 0 0
    endloop
  endfacet
  facet normal 0 0 -1
    outer loop
      vertex 52.037 37.3347 0
      vertex 51.55 37.5 0
      vertex 51.95 37.3928 0
    endloop
  endfacet
  facet normal 0 0 -1
    outer loop
      vertex 51.95 37.3928 0
      vertex 51.55 37.5 0
      vertex 51.8561 37.4391 0
    endloop
  endfacet
  facet normal 0 0 -1
    outer loop
      vertex 52.35 0.800003 0
      vertex 38.0625 18.4653 0
      vertex 38.1 18.75 0
    endloop
  endfacet
  facet normal 0 0 -1
    outer loop
      vertex 52.35 0.800003 0
      vertex 37.9526 18.2 0
      vertex 38.0625 18.4653 0
    endloop
  endfacet
  facet normal 0 0 -1
    outer loop
      vertex 52.35 0.800003 0
      vertex 37.7778 17.9722 0
      vertex 37.9526 18.2 0
    endloop
  endfacet
  facet normal 0 0 -1
    outer loop
      vertex 52.35 0.800003 0
      vertex 37.55 17.7974 0
      vertex 37.7778 17.9722 0
    endloop
  endfacet
  facet normal 0 0 -1
    outer loop
      vertex 51.55 0 0
      vertex 37.2847 17.6875 0
      vertex 37.55 17.7974 0
    endloop
  endfacet
  facet normal 0 0 -1
    outer loop
      vertex 51.55 0 0
      vertex 37 17.65 0
      vertex 37.2847 17.6875 0
    endloop
  endfacet
  facet normal 0 0 -1
    outer loop
      vertex 22.6604 12.3221 0
      vertex 37 17.65 0
      vertex 51.55 0 0
    endloop
  endfacet
  facet normal -0 0 -1
    outer loop
      vertex 37 17.65 0
      vertex 22.6604 12.3221 0
      vertex 36.7153 17.6875 0
    endloop
  endfacet
  facet normal 0 -0 -1
    outer loop
      vertex 22.8481 12.6642 0
      vertex 36.7153 17.6875 0
      vertex 22.6604 12.3221 0
    endloop
  endfacet
  facet normal 0 0 -1
    outer loop
      vertex 35.9375 18.4653 0
      vertex 25 18.75 0
      vertex 35.9 18.75 0
    endloop
  endfacet
  facet normal 0 0 -1
    outer loop
      vertex 24.9239 18.3673 0
      vertex 35.9375 18.4653 0
      vertex 36.0474 18.2 0
    endloop
  endfacet
  facet normal 0 0 -1
    outer loop
      vertex 24.3969 15.3298 0
      vertex 36.0474 18.2 0
      vertex 36.2222 17.9722 0
    endloop
  endfacet
  facet normal -0 0 -1
    outer loop
      vertex 36.7153 17.6875 0
      vertex 22.8481 12.6642 0
      vertex 36.45 17.7974 0
    endloop
  endfacet
  facet normal -0 0 -1
    outer loop
      vertex 35.9375 18.4653 0
      vertex 24.9239 18.3673 0
      vertex 25 18.75 0
    endloop
  endfacet
  facet normal -0 0 -1
    outer loop
      vertex 36.0474 18.2 0
      vertex 24.4563 15.7154 0
      vertex 24.9239 18.3673 0
    endloop
  endfacet
  facet normal 0 0 -1
    outer loop
      vertex 24.9239 18.3673 0
      vertex 24.4563 15.7154 0
      vertex 24.7071 18.0429 0
    endloop
  endfacet
  facet normal 0 0 -1
    outer loop
      vertex 36.0474 18.2 0
      vertex 24.3969 15.3298 0
      vertex 24.4563 15.7154 0
    endloop
  endfacet
  facet normal -0 0 -1
    outer loop
      vertex 36.45 17.7974 0
      vertex 24.3969 15.3298 0
      vertex 36.2222 17.9722 0
    endloop
  endfacet
  facet normal 0 -0 -1
    outer loop
      vertex 24.3969 15.3298 0
      vertex 36.45 17.7974 0
      vertex 24.1945 14.9962 0
    endloop
  endfacet
  facet normal 0 0 -1
    outer loop
      vertex 24.1945 14.9962 0
      vertex 22.8481 12.6642 0
      vertex 23.8799 14.7655 0
    endloop
  endfacet
  facet normal 0 -0 -1
    outer loop
      vertex 22.8906 13.0521 0
      vertex 23.8799 14.7655 0
      vertex 22.8481 12.6642 0
    endloop
  endfacet
  facet normal 0 0 -1
    outer loop
      vertex 22.7814 13.4267 0
      vertex 23.5009 14.6728 0
      vertex 22.8906 13.0521 0
    endloop
  endfacet
  facet normal 0 0 -1
    outer loop
      vertex 23.8799 14.7655 0
      vertex 22.8906 13.0521 0
      vertex 23.5009 14.6728 0
    endloop
  endfacet
  facet normal 0 -0 -1
    outer loop
      vertex 24.1945 14.9962 0
      vertex 36.45 17.7974 0
      vertex 22.8481 12.6642 0
    endloop
  endfacet
  facet normal 0 0 -1
    outer loop
      vertex 51.55 0 0
      vertex 22.3561 12.0779 0
      vertex 22.6604 12.3221 0
    endloop
  endfacet
  facet normal 0 0 -1
    outer loop
      vertex 20.2934 10.347 0
      vertex 22.3561 12.0779 0
      vertex 51.55 0 0
    endloop
  endfacet
  facet normal 0 0 -1
    outer loop
      vertex 22.3561 12.0779 0
      vertex 20.2934 10.347 0
      vertex 21.9816 11.9687 0
    endloop
  endfacet
  facet normal 0 0 -1
    outer loop
      vertex 20.1088 11.7491 0
      vertex 21.0074 12.5032 0
      vertex 20.366 11.4558 0
    endloop
  endfacet
  facet normal -0 0 -1
    outer loop
      vertex 21.2516 12.1989 0
      vertex 20.366 11.4558 0
      vertex 21.0074 12.5032 0
    endloop
  endfacet
  facet normal 0 0 -1
    outer loop
      vertex 20.366 11.4558 0
      vertex 21.2516 12.1989 0
      vertex 20.4914 11.0863 0
    endloop
  endfacet
  facet normal -0 0 -1
    outer loop
      vertex 21.5937 12.0112 0
      vertex 20.4914 11.0863 0
      vertex 21.2516 12.1989 0
    endloop
  endfacet
  facet normal 0 -0 -1
    outer loop
      vertex 20.4659 10.697 0
      vertex 21.9816 11.9687 0
      vertex 20.2934 10.347 0
    endloop
  endfacet
  facet normal 0 0 -1
    outer loop
      vertex 21.5937 12.0112 0
      vertex 20.4659 10.697 0
      vertex 20.4914 11.0863 0
    endloop
  endfacet
  facet normal -0 0 -1
    outer loop
      vertex 21.9816 11.9687 0
      vertex 20.4659 10.697 0
      vertex 21.5937 12.0112 0
    endloop
  endfacet
  facet normal 0 0 -1
    outer loop
      vertex 51.55 0 0
      vertex 20 10.0897 0
      vertex 20.2934 10.347 0
    endloop
  endfacet
  facet normal 0 0 -1
    outer loop
      vertex 51.55 0 0
      vertex 19.6305 9.96433 0
      vertex 20 10.0897 0
    endloop
  endfacet
  facet normal 0 0 -1
    outer loop
      vertex 17.1001 9.04334 0
      vertex 19.6305 9.96433 0
      vertex 51.55 0 0
    endloop
  endfacet
  facet normal 0 0 -1
    outer loop
      vertex 18.7066 11.5645 0
      vertex 18.1305 12.5624 0
      vertex 18.5 12.6878 0
    endloop
  endfacet
  facet normal 0 0 -1
    outer loop
      vertex 18.5341 11.2146 0
      vertex 17.7412 12.5879 0
      vertex 18.1305 12.5624 0
    endloop
  endfacet
  facet normal 0 0 -1
    outer loop
      vertex 17.5476 10.0604 0
      vertex 18.5086 10.8252 0
      vertex 18.634 10.4558 0
    endloop
  endfacet
  facet normal -0 0 -1
    outer loop
      vertex 18.5086 10.8252 0
      vertex 17.4062 10.424 0
      vertex 18.5341 11.2146 0
    endloop
  endfacet
  facet normal -0 0 -1
    outer loop
      vertex 18.8912 10.1624 0
      vertex 17.5476 10.0604 0
      vertex 18.634 10.4558 0
    endloop
  endfacet
  facet normal 0 0 -1
    outer loop
      vertex 17.5391 9.67029 0
      vertex 18.8912 10.1624 0
      vertex 19.2412 9.98985 0
    endloop
  endfacet
  facet normal -0 0 -1
    outer loop
      vertex 19.6305 9.96433 0
      vertex 17.1001 9.04334 0
      vertex 19.2412 9.98985 0
    endloop
  endfacet
  facet normal 0 0 -1
    outer loop
      vertex 18.8912 10.1624 0
      vertex 17.5391 9.67029 0
      vertex 17.5476 10.0604 0
    endloop
  endfacet
  facet normal 0 0 -1
    outer loop
      vertex 19.2412 9.98985 0
      vertex 17.382 9.31315 0
      vertex 17.5391 9.67029 0
    endloop
  endfacet
  facet normal 0 0 -1
    outer loop
      vertex 19.2412 9.98985 0
      vertex 17.1001 9.04334 0
      vertex 17.382 9.31315 0
    endloop
  endfacet
  facet normal 0 0 -1
    outer loop
      vertex 51.55 0 0
      vertex 16.7365 8.90192 0
      vertex 17.1001 9.04334 0
    endloop
  endfacet
  facet normal 0 0 -1
    outer loop
      vertex 0.800003 0 0
      vertex 16.7365 8.90192 0
      vertex 51.55 0 0
    endloop
  endfacet
  facet normal 0 0 -1
    outer loop
      vertex 15.7437 10.4603 0
      vertex 15 11.75 0
      vertex 15.3827 11.8261 0
    endloop
  endfacet
  facet normal 0 0 -1
    outer loop
      vertex 15.5865 10.1032 0
      vertex 14.4135 10.1032 0
      vertex 15.7437 10.4603 0
    endloop
  endfacet
  facet normal 0 0 -1
    outer loop
      vertex 14.422 9.71308 0
      vertex 15.578 9.71308 0
      vertex 15.7194 9.34943 0
    endloop
  endfacet
  facet normal 0 0 -1
    outer loop
      vertex 14.2563 10.4603 0
      vertex 15.7437 10.4603 0
      vertex 14.4135 10.1032 0
    endloop
  endfacet
  facet normal 0 0 -1
    outer loop
      vertex 14.2806 9.34943 0
      vertex 15.7194 9.34943 0
      vertex 15.9893 9.06758 0
    endloop
  endfacet
  facet normal 0 0 -1
    outer loop
      vertex 14.0107 9.06758 0
      vertex 15.9893 9.06758 0
      vertex 16.3464 8.91043 0
    endloop
  endfacet
  facet normal 0 0 -1
    outer loop
      vertex 15.7194 9.34943 0
      vertex 14.2806 9.34943 0
      vertex 14.422 9.71308 0
    endloop
  endfacet
  facet normal -0 0 -1
    outer loop
      vertex 16.7365 8.90192 0
      vertex 0.800003 0 0
      vertex 16.3464 8.91043 0
    endloop
  endfacet
  facet normal 0 0 -1
    outer loop
      vertex 15.9893 9.06758 0
      vertex 14.0107 9.06758 0
      vertex 14.2806 9.34943 0
    endloop
  endfacet
  facet normal 0 0 -1
    outer loop
      vertex 16.3464 8.91043 0
      vertex 13.6536 8.91043 0
      vertex 14.0107 9.06758 0
    endloop
  endfacet
  facet normal -0 0 -1
    outer loop
      vertex 16.3464 8.91043 0
      vertex 0.800003 0 0
      vertex 13.6536 8.91043 0
    endloop
  endfacet
  facet normal 0 0 -1
    outer loop
      vertex 11.366 10.4558 0
      vertex 12.4524 10.0604 0
      vertex 12.4609 9.67029 0
    endloop
  endfacet
  facet normal 0 0 -1
    outer loop
      vertex 11.4659 11.2146 0
      vertex 12.8636 10.7059 0
      vertex 11.4914 10.8252 0
    endloop
  endfacet
  facet normal 0 0 -1
    outer loop
      vertex 12.8636 10.7059 0
      vertex 11.4659 11.2146 0
      vertex 12.2588 12.5879 0
    endloop
  endfacet
  facet normal 0 0 -1
    outer loop
      vertex 12.2588 12.5879 0
      vertex 11.4659 11.2146 0
      vertex 11.8695 12.5624 0
    endloop
  endfacet
  facet normal 0 0 -1
    outer loop
      vertex 11.1088 10.1624 0
      vertex 12.4609 9.67029 0
      vertex 12.618 9.31315 0
    endloop
  endfacet
  facet normal 0 0 -1
    outer loop
      vertex 12.4524 10.0604 0
      vertex 11.366 10.4558 0
      vertex 11.4914 10.8252 0
    endloop
  endfacet
  facet normal 0 0 -1
    outer loop
      vertex 10.7588 9.98985 0
      vertex 12.618 9.31315 0
      vertex 12.8999 9.04334 0
    endloop
  endfacet
  facet normal 0 0 -1
    outer loop
      vertex 12.4609 9.67029 0
      vertex 11.1088 10.1624 0
      vertex 11.366 10.4558 0
    endloop
  endfacet
  facet normal 0 0 -1
    outer loop
      vertex 12.618 9.31315 0
      vertex 10.7588 9.98985 0
      vertex 11.1088 10.1624 0
    endloop
  endfacet
  facet normal 0 0 -1
    outer loop
      vertex 12.8999 9.04334 0
      vertex 10.3695 9.96433 0
      vertex 10.7588 9.98985 0
    endloop
  endfacet
  facet normal 0 0 -1
    outer loop
      vertex 0.800003 0 0
      vertex 12.8999 9.04334 0
      vertex 13.2635 8.90192 0
    endloop
  endfacet
  facet normal -0 0 -1
    outer loop
      vertex 12.8999 9.04334 0
      vertex 0.800003 0 0
      vertex 10.3695 9.96433 0
    endloop
  endfacet
  facet normal 0 0 -1
    outer loop
      vertex 8.40631 12.0112 0
      vertex 9.50856 11.0863 0
      vertex 9.53407 10.697 0
    endloop
  endfacet
  facet normal 0 0 -1
    outer loop
      vertex 8.87164 13.6077 0
      vertex 9.93437 14.7586 0
      vertex 9.05932 13.2656 0
    endloop
  endfacet
  facet normal 0 0 -1
    outer loop
      vertex 9.89124 11.7491 0
      vertex 8.99261 12.5032 0
      vertex 9.1018 12.8778 0
    endloop
  endfacet
  facet normal 0 0 -1
    outer loop
      vertex 9.63398 11.4558 0
      vertex 8.74839 12.1989 0
      vertex 8.99261 12.5032 0
    endloop
  endfacet
  facet normal 0 0 -1
    outer loop
      vertex 8.01845 11.9687 0
      vertex 9.53407 10.697 0
      vertex 9.70665 10.347 0
    endloop
  endfacet
  facet normal 0 0 -1
    outer loop
      vertex 9.50856 11.0863 0
      vertex 8.40631 12.0112 0
      vertex 8.74839 12.1989 0
    endloop
  endfacet
  facet normal 0 0 -1
    outer loop
      vertex 9.53407 10.697 0
      vertex 8.01845 11.9687 0
      vertex 8.40631 12.0112 0
    endloop
  endfacet
  facet normal 0 0 -1
    outer loop
      vertex 9.70665 10.347 0
      vertex 7.64385 12.0779 0
      vertex 8.01845 11.9687 0
    endloop
  endfacet
  facet normal 0 0 -1
    outer loop
      vertex 0.800003 0 0
      vertex 9.70665 10.347 0
      vertex 10 10.0897 0
    endloop
  endfacet
  facet normal -0 0 -1
    outer loop
      vertex 9.70665 10.347 0
      vertex 0 0.800003 0
      vertex 7.64385 12.0779 0
    endloop
  endfacet
  facet normal 0 0 -1
    outer loop
      vertex 6.12015 14.7655 0
      vertex 7.10941 13.0521 0
      vertex 7.15188 12.6642 0
    endloop
  endfacet
  facet normal 0 0 -1
    outer loop
      vertex 7.21859 13.4267 0
      vertex 6.49915 14.6728 0
      vertex 6.88479 14.7321 0
    endloop
  endfacet
  facet normal 0 0 -1
    outer loop
      vertex 7.10941 13.0521 0
      vertex 6.12015 14.7655 0
      vertex 6.49915 14.6728 0
    endloop
  endfacet
  facet normal 0 0 -1
    outer loop
      vertex 7.15188 12.6642 0
      vertex 5.80549 14.9962 0
      vertex 6.12015 14.7655 0
    endloop
  endfacet
  facet normal 0 0 -1
    outer loop
      vertex 0 0.800003 0
      vertex 7.15188 12.6642 0
      vertex 7.33956 12.3221 0
    endloop
  endfacet
  facet normal -0 0 -1
    outer loop
      vertex 7.15188 12.6642 0
      vertex 0 0.800003 0
      vertex 5.80549 14.9962 0
    endloop
  endfacet
  facet normal 0 0 -1
    outer loop
      vertex 5.54372 15.7154 0
      vertex 5.07612 18.3673 0
      vertex 5.29289 18.0429 0
    endloop
  endfacet
  facet normal 0 0 -1
    outer loop
      vertex 0 0.800003 0
      vertex 5.54372 15.7154 0
      vertex 5.60307 15.3298 0
    endloop
  endfacet
  facet normal -0 0 -1
    outer loop
      vertex 5.54372 15.7154 0
      vertex 0 0.800003 0
      vertex 5.07612 18.3673 0
    endloop
  endfacet
  facet normal -0 0 -1
    outer loop
      vertex 5.80549 14.9962 0
      vertex 0 0.800003 0
      vertex 5.60307 15.3298 0
    endloop
  endfacet
  facet normal -0 0 -1
    outer loop
      vertex 7.64385 12.0779 0
      vertex 0 0.800003 0
      vertex 7.33956 12.3221 0
    endloop
  endfacet
  facet normal 0 0 -1
    outer loop
      vertex 9.70665 10.347 0
      vertex 0.800003 0 0
      vertex 0 0.800003 0
    endloop
  endfacet
  facet normal -0 0 -1
    outer loop
      vertex 10.3695 9.96433 0
      vertex 0.800003 0 0
      vertex 10 10.0897 0
    endloop
  endfacet
  facet normal 0 0 -1
    outer loop
      vertex 13.6536 8.91043 0
      vertex 0.800003 0 0
      vertex 13.2635 8.90192 0
    endloop
  endfacet
  facet normal 0 0 -1
    outer loop
      vertex 51.757 37.4727 0
      vertex 51.55 37.5 0
      vertex 51.6544 37.4931 0
    endloop
  endfacet
  facet normal 0 0 -1
    outer loop
      vertex 51.8561 37.4391 0
      vertex 51.55 37.5 0
      vertex 51.757 37.4727 0
    endloop
  endfacet
  facet normal 0 0 -1
    outer loop
      vertex 52.2428 37.1 0
      vertex 51.55 37.5 0
      vertex 52.1847 37.187 0
    endloop
  endfacet
  facet normal -0 0 -1
    outer loop
      vertex 52.35 36.7 0
      vertex 37.55 19.7026 0
      vertex 51.55 37.5 0
    endloop
  endfacet
  facet normal 0 0 -1
    outer loop
      vertex 37.2847 19.8125 0
      vertex 51.55 37.5 0
      vertex 37.55 19.7026 0
    endloop
  endfacet
  facet normal 0 0 -1
    outer loop
      vertex 37 19.85 0
      vertex 51.55 37.5 0
      vertex 37.2847 19.8125 0
    endloop
  endfacet
  facet normal 0 0 -1
    outer loop
      vertex 22.6604 25.1779 0
      vertex 37 19.85 0
      vertex 36.7153 19.8125 0
    endloop
  endfacet
  facet normal 0 0 -1
    outer loop
      vertex 22.8481 24.8358 0
      vertex 36.7153 19.8125 0
      vertex 36.45 19.7026 0
    endloop
  endfacet
  facet normal 0 0 -1
    outer loop
      vertex 24.3969 22.1702 0
      vertex 36.45 19.7026 0
      vertex 36.2222 19.5278 0
    endloop
  endfacet
  facet normal 0 0 -1
    outer loop
      vertex 25 18.75 0
      vertex 35.9375 19.0347 0
      vertex 35.9 18.75 0
    endloop
  endfacet
  facet normal 0 0 -1
    outer loop
      vertex 24.9239 19.1327 0
      vertex 35.9375 19.0347 0
      vertex 25 18.75 0
    endloop
  endfacet
  facet normal 0 0 -1
    outer loop
      vertex 35.9375 19.0347 0
      vertex 24.9239 19.1327 0
      vertex 36.0474 19.3 0
    endloop
  endfacet
  facet normal 0 0 -1
    outer loop
      vertex 24.4563 21.7846 0
      vertex 36.0474 19.3 0
      vertex 24.9239 19.1327 0
    endloop
  endfacet
  facet normal 0 0 -1
    outer loop
      vertex 24.3969 22.1702 0
      vertex 36.0474 19.3 0
      vertex 24.4563 21.7846 0
    endloop
  endfacet
  facet normal 0 0 -1
    outer loop
      vertex 24.4563 21.7846 0
      vertex 24.9239 19.1327 0
      vertex 24.7071 19.4571 0
    endloop
  endfacet
  facet normal 0 0 -1
    outer loop
      vertex 36.0474 19.3 0
      vertex 24.3969 22.1702 0
      vertex 36.2222 19.5278 0
    endloop
  endfacet
  facet normal 0 0 -1
    outer loop
      vertex 36.45 19.7026 0
      vertex 24.3969 22.1702 0
      vertex 24.1945 22.5038 0
    endloop
  endfacet
  facet normal 0 0 -1
    outer loop
      vertex 36.45 19.7026 0
      vertex 24.1945 22.5038 0
      vertex 22.8481 24.8358 0
    endloop
  endfacet
  facet normal 0 0 -1
    outer loop
      vertex 22.8481 24.8358 0
      vertex 24.1945 22.5038 0
      vertex 23.8799 22.7345 0
    endloop
  endfacet
  facet normal 0 0 -1
    outer loop
      vertex 22.8906 24.4479 0
      vertex 23.8799 22.7345 0
      vertex 23.5009 22.8272 0
    endloop
  endfacet
  facet normal 0 0 -1
    outer loop
      vertex 22.8906 24.4479 0
      vertex 23.5009 22.8272 0
      vertex 23.1152 22.7679 0
    endloop
  endfacet
  facet normal 0 0 -1
    outer loop
      vertex 23.8799 22.7345 0
      vertex 22.8906 24.4479 0
      vertex 22.8481 24.8358 0
    endloop
  endfacet
  facet normal 0 0 -1
    outer loop
      vertex 36.7153 19.8125 0
      vertex 22.8481 24.8358 0
      vertex 22.6604 25.1779 0
    endloop
  endfacet
  facet normal 0 0 -1
    outer loop
      vertex 37 19.85 0
      vertex 22.6604 25.1779 0
      vertex 51.55 37.5 0
    endloop
  endfacet
  facet normal 0 0 -1
    outer loop
      vertex 22.3561 25.4221 0
      vertex 51.55 37.5 0
      vertex 22.6604 25.1779 0
    endloop
  endfacet
  facet normal 0 0 -1
    outer loop
      vertex 20.2934 27.153 0
      vertex 22.3561 25.4221 0
      vertex 21.9816 25.5313 0
    endloop
  endfacet
  facet normal 0 0 -1
    outer loop
      vertex 20.4659 26.803 0
      vertex 21.9816 25.5313 0
      vertex 21.5937 25.4888 0
    endloop
  endfacet
  facet normal -0 0 -1
    outer loop
      vertex 21.1284 23.8923 0
      vertex 20.0656 22.7414 0
      vertex 20.9407 24.2344 0
    endloop
  endfacet
  facet normal 0 0 -1
    outer loop
      vertex 20.4914 26.4137 0
      vertex 21.0074 24.9968 0
      vertex 20.8982 24.6222 0
    endloop
  endfacet
  facet normal 0 0 -1
    outer loop
      vertex 20.4914 26.4137 0
      vertex 21.2516 25.3011 0
      vertex 21.0074 24.9968 0
    endloop
  endfacet
  facet normal 0 0 -1
    outer loop
      vertex 20.4914 26.4137 0
      vertex 21.5937 25.4888 0
      vertex 21.2516 25.3011 0
    endloop
  endfacet
  facet normal 0 0 -1
    outer loop
      vertex 20.4659 26.803 0
      vertex 21.5937 25.4888 0
      vertex 20.4914 26.4137 0
    endloop
  endfacet
  facet normal 0 0 -1
    outer loop
      vertex 21.9816 25.5313 0
      vertex 20.4659 26.803 0
      vertex 20.2934 27.153 0
    endloop
  endfacet
  facet normal 0 0 -1
    outer loop
      vertex 22.3561 25.4221 0
      vertex 20.2934 27.153 0
      vertex 51.55 37.5 0
    endloop
  endfacet
  facet normal 0 0 -1
    outer loop
      vertex 20 27.4103 0
      vertex 51.55 37.5 0
      vertex 20.2934 27.153 0
    endloop
  endfacet
  facet normal 0 0 -1
    outer loop
      vertex 19.6305 27.5357 0
      vertex 51.55 37.5 0
      vertex 20 27.4103 0
    endloop
  endfacet
  facet normal 0 0 -1
    outer loop
      vertex 17.1001 28.4567 0
      vertex 19.6305 27.5357 0
      vertex 19.2412 27.5102 0
    endloop
  endfacet
  facet normal 0 0 -1
    outer loop
      vertex 17.7412 24.9121 0
      vertex 18.5341 26.2854 0
      vertex 18.1305 24.9376 0
    endloop
  endfacet
  facet normal 0 0 -1
    outer loop
      vertex 17.1364 26.7941 0
      vertex 18.5341 26.2854 0
      vertex 17.7412 24.9121 0
    endloop
  endfacet
  facet normal 0 0 -1
    outer loop
      vertex 17.4062 27.076 0
      vertex 18.5086 26.6748 0
      vertex 18.5341 26.2854 0
    endloop
  endfacet
  facet normal 0 0 -1
    outer loop
      vertex 18.5086 26.6748 0
      vertex 17.5476 27.4396 0
      vertex 18.634 27.0442 0
    endloop
  endfacet
  facet normal 0 0 -1
    outer loop
      vertex 17.5476 27.4396 0
      vertex 18.8912 27.3376 0
      vertex 18.634 27.0442 0
    endloop
  endfacet
  facet normal 0 0 -1
    outer loop
      vertex 17.5391 27.8297 0
      vertex 18.8912 27.3376 0
      vertex 17.5476 27.4396 0
    endloop
  endfacet
  facet normal 0 0 -1
    outer loop
      vertex 18.8912 27.3376 0
      vertex 17.5391 27.8297 0
      vertex 19.2412 27.5102 0
    endloop
  endfacet
  facet normal 0 0 -1
    outer loop
      vertex 17.382 28.1868 0
      vertex 19.2412 27.5102 0
      vertex 17.5391 27.8297 0
    endloop
  endfacet
  facet normal 0 0 -1
    outer loop
      vertex 17.1001 28.4567 0
      vertex 19.2412 27.5102 0
      vertex 17.382 28.1868 0
    endloop
  endfacet
  facet normal 0 0 -1
    outer loop
      vertex 19.6305 27.5357 0
      vertex 17.1001 28.4567 0
      vertex 51.55 37.5 0
    endloop
  endfacet
  facet normal 0 0 -1
    outer loop
      vertex 16.7365 28.5981 0
      vertex 51.55 37.5 0
      vertex 17.1001 28.4567 0
    endloop
  endfacet
  facet normal 0 0 -1
    outer loop
      vertex 0.800003 37.5 0
      vertex 16.7365 28.5981 0
      vertex 16.3464 28.5896 0
    endloop
  endfacet
  facet normal 0 0 -1
    outer loop
      vertex 14.4135 27.3968 0
      vertex 15.5865 27.3968 0
      vertex 15.7437 27.0397 0
    endloop
  endfacet
  facet normal 0 0 -1
    outer loop
      vertex 14.2563 27.0397 0
      vertex 15 25.75 0
      vertex 14.6173 25.6739 0
    endloop
  endfacet
  facet normal 0 0 -1
    outer loop
      vertex 15.5865 27.3968 0
      vertex 14.422 27.7869 0
      vertex 15.578 27.7869 0
    endloop
  endfacet
  facet normal 0 0 -1
    outer loop
      vertex 15.578 27.7869 0
      vertex 14.422 27.7869 0
      vertex 15.7194 28.1506 0
    endloop
  endfacet
  facet normal 0 0 -1
    outer loop
      vertex 14.2806 28.1506 0
      vertex 15.7194 28.1506 0
      vertex 14.422 27.7869 0
    endloop
  endfacet
  facet normal 0 0 -1
    outer loop
      vertex 15.7194 28.1506 0
      vertex 14.2806 28.1506 0
      vertex 15.9893 28.4324 0
    endloop
  endfacet
  facet normal 0 0 -1
    outer loop
      vertex 14.0107 28.4324 0
      vertex 15.9893 28.4324 0
      vertex 14.2806 28.1506 0
    endloop
  endfacet
  facet normal 0 0 -1
    outer loop
      vertex 15.9893 28.4324 0
      vertex 14.0107 28.4324 0
      vertex 16.3464 28.5896 0
    endloop
  endfacet
  facet normal 0 0 -1
    outer loop
      vertex 13.6536 28.5896 0
      vertex 16.3464 28.5896 0
      vertex 14.0107 28.4324 0
    endloop
  endfacet
  facet normal 0 0 -1
    outer loop
      vertex 0.800003 37.5 0
      vertex 16.3464 28.5896 0
      vertex 13.6536 28.5896 0
    endloop
  endfacet
  facet normal 0 0 -1
    outer loop
      vertex 0.800003 37.5 0
      vertex 13.6536 28.5896 0
      vertex 13.2635 28.5981 0
    endloop
  endfacet
  facet normal -0 0 -1
    outer loop
      vertex 12.5938 27.076 0
      vertex 11.4914 26.6748 0
      vertex 12.4524 27.4396 0
    endloop
  endfacet
  facet normal 0 0 -1
    outer loop
      vertex 11.4659 26.2854 0
      vertex 12.2588 24.9121 0
      vertex 11.8695 24.9376 0
    endloop
  endfacet
  facet normal 0 0 -1
    outer loop
      vertex 11.2934 25.9355 0
      vertex 11.8695 24.9376 0
      vertex 11.5 24.8122 0
    endloop
  endfacet
  facet normal 0 0 -1
    outer loop
      vertex 11.366 27.0442 0
      vertex 12.4524 27.4396 0
      vertex 11.4914 26.6748 0
    endloop
  endfacet
  facet normal -0 0 -1
    outer loop
      vertex 12.4524 27.4396 0
      vertex 11.366 27.0442 0
      vertex 12.4609 27.8297 0
    endloop
  endfacet
  facet normal 0 0 -1
    outer loop
      vertex 11.1088 27.3376 0
      vertex 12.4609 27.8297 0
      vertex 11.366 27.0442 0
    endloop
  endfacet
  facet normal -0 0 -1
    outer loop
      vertex 12.4609 27.8297 0
      vertex 11.1088 27.3376 0
      vertex 12.618 28.1868 0
    endloop
  endfacet
  facet normal 0 0 -1
    outer loop
      vertex 10.7588 27.5102 0
      vertex 12.618 28.1868 0
      vertex 11.1088 27.3376 0
    endloop
  endfacet
  facet normal -0 0 -1
    outer loop
      vertex 12.618 28.1868 0
      vertex 10.7588 27.5102 0
      vertex 12.8999 28.4567 0
    endloop
  endfacet
  facet normal 0 0 -1
    outer loop
      vertex 10.3695 27.5357 0
      vertex 12.8999 28.4567 0
      vertex 10.7588 27.5102 0
    endloop
  endfacet
  facet normal 0 0 -1
    outer loop
      vertex 0.800003 37.5 0
      vertex 12.8999 28.4567 0
      vertex 10.3695 27.5357 0
    endloop
  endfacet
  facet normal 0 0 -1
    outer loop
      vertex 0.800003 37.5 0
      vertex 10.3695 27.5357 0
      vertex 10 27.4103 0
    endloop
  endfacet
  facet normal -0 0 -1
    outer loop
      vertex 9.89124 25.7509 0
      vertex 8.99261 24.9968 0
      vertex 9.63398 26.0442 0
    endloop
  endfacet
  facet normal 0 0 -1
    outer loop
      vertex 8.74839 25.3011 0
      vertex 9.63398 26.0442 0
      vertex 8.99261 24.9968 0
    endloop
  endfacet
  facet normal -0 0 -1
    outer loop
      vertex 9.63398 26.0442 0
      vertex 8.74839 25.3011 0
      vertex 9.50856 26.4137 0
    endloop
  endfacet
  facet normal 0 0 -1
    outer loop
      vertex 8.40631 25.4888 0
      vertex 9.50856 26.4137 0
      vertex 8.74839 25.3011 0
    endloop
  endfacet
  facet normal -0 0 -1
    outer loop
      vertex 9.50856 26.4137 0
      vertex 8.40631 25.4888 0
      vertex 9.53407 26.803 0
    endloop
  endfacet
  facet normal 0 0 -1
    outer loop
      vertex 8.01845 25.5313 0
      vertex 9.53407 26.803 0
      vertex 8.40631 25.4888 0
    endloop
  endfacet
  facet normal -0 0 -1
    outer loop
      vertex 9.53407 26.803 0
      vertex 8.01845 25.5313 0
      vertex 9.70665 27.153 0
    endloop
  endfacet
  facet normal 0 0 -1
    outer loop
      vertex 7.64385 25.4221 0
      vertex 9.70665 27.153 0
      vertex 8.01845 25.5313 0
    endloop
  endfacet
  facet normal 0 0 -1
    outer loop
      vertex 0 36.7 0
      vertex 9.70665 27.153 0
      vertex 7.64385 25.4221 0
    endloop
  endfacet
  facet normal 0 0 -1
    outer loop
      vertex 0 36.7 0
      vertex 7.64385 25.4221 0
      vertex 7.33956 25.1779 0
    endloop
  endfacet
  facet normal -0 0 -1
    outer loop
      vertex 7.21859 24.0733 0
      vertex 6.49915 22.8272 0
      vertex 7.10941 24.4479 0
    endloop
  endfacet
  facet normal 0 0 -1
    outer loop
      vertex 6.12015 22.7345 0
      vertex 7.10941 24.4479 0
      vertex 6.49915 22.8272 0
    endloop
  endfacet
  facet normal -0 0 -1
    outer loop
      vertex 7.10941 24.4479 0
      vertex 6.12015 22.7345 0
      vertex 7.15188 24.8358 0
    endloop
  endfacet
  facet normal 0 0 -1
    outer loop
      vertex 5.80549 22.5038 0
      vertex 7.15188 24.8358 0
      vertex 6.12015 22.7345 0
    endloop
  endfacet
  facet normal 0 0 -1
    outer loop
      vertex 0 36.7 0
      vertex 7.15188 24.8358 0
      vertex 5.80549 22.5038 0
    endloop
  endfacet
  facet normal 0 0 -1
    outer loop
      vertex 0 36.7 0
      vertex 5.80549 22.5038 0
      vertex 5.60307 22.1702 0
    endloop
  endfacet
  facet normal 0 0 -1
    outer loop
      vertex 5.07612 19.1327 0
      vertex 5.54372 21.7846 0
      vertex 5.29289 19.4571 0
    endloop
  endfacet
  facet normal 0 0 -1
    outer loop
      vertex 0 36.7 0
      vertex 5.54372 21.7846 0
      vertex 5.07612 19.1327 0
    endloop
  endfacet
  facet normal 0 0 -1
    outer loop
      vertex 0 36.7 0
      vertex 5.07612 19.1327 0
      vertex 5 18.75 0
    endloop
  endfacet
  facet normal -0 0 -1
    outer loop
      vertex 5.07612 18.3673 0
      vertex 0 0.800003 0
      vertex 5 18.75 0
    endloop
  endfacet
  facet normal 0 0 -1
    outer loop
      vertex 16.7365 28.5981 0
      vertex 0.800003 37.5 0
      vertex 51.55 37.5 0
    endloop
  endfacet
  facet normal 0 0 -1
    outer loop
      vertex 12.8999 28.4567 0
      vertex 0.800003 37.5 0
      vertex 13.2635 28.5981 0
    endloop
  endfacet
  facet normal 0 -0 -1
    outer loop
      vertex 0.800003 37.5 0
      vertex 9.70665 27.153 0
      vertex 0 36.7 0
    endloop
  endfacet
  facet normal 0 0 -1
    outer loop
      vertex 7.15188 24.8358 0
      vertex 0 36.7 0
      vertex 7.33956 25.1779 0
    endloop
  endfacet
  facet normal 0 0 -1
    outer loop
      vertex 0 36.7 0
      vertex 5 18.75 0
      vertex 0 0.800003 0
    endloop
  endfacet
  facet normal 0 0 -1
    outer loop
      vertex 0 0.800003 0
      vertex 0.800003 0 0
      vertex 0.695587 0.0068512 0
    endloop
  endfacet
  facet normal 0 0 -1
    outer loop
      vertex 5.54372 21.7846 0
      vertex 0 36.7 0
      vertex 5.60307 22.1702 0
    endloop
  endfacet
  facet normal 0 0 -1
    outer loop
      vertex 0 0.800003 0
      vertex 0.695587 0.0068512 0
      vertex 0.592941 0.0272675 0
    endloop
  endfacet
  facet normal 0 0 -1
    outer loop
      vertex 9.70665 27.153 0
      vertex 0.800003 37.5 0
      vertex 10 27.4103 0
    endloop
  endfacet
  facet normal 0 0 -1
    outer loop
      vertex 0 0.800003 0
      vertex 0.592941 0.0272675 0
      vertex 0.493851 0.0608978 0
    endloop
  endfacet
  facet normal 0 0 -1
    outer loop
      vertex 0.800003 37.5 0
      vertex 0 36.7 0
      vertex 0.695587 37.4931 0
    endloop
  endfacet
  facet normal 0 0 -1
    outer loop
      vertex 0 0.800003 0
      vertex 0.493851 0.0608978 0
      vertex 0.400009 0.107178 0
    endloop
  endfacet
  facet normal 0 0 -1
    outer loop
      vertex 0.695587 37.4931 0
      vertex 0 36.7 0
      vertex 0.592941 37.4727 0
    endloop
  endfacet
  facet normal 0 0 -1
    outer loop
      vertex 0 0.800003 0
      vertex 0.400009 0.107178 0
      vertex 0.312988 0.165314 0
    endloop
  endfacet
  facet normal 0 0 -1
    outer loop
      vertex 0.592941 37.4727 0
      vertex 0 36.7 0
      vertex 0.493851 37.4391 0
    endloop
  endfacet
  facet normal 0 0 -1
    outer loop
      vertex 0 0.800003 0
      vertex 0.312988 0.165314 0
      vertex 0.234314 0.234314 0
    endloop
  endfacet
  facet normal 0 0 -1
    outer loop
      vertex 0.493851 37.4391 0
      vertex 0 36.7 0
      vertex 0.400009 37.3928 0
    endloop
  endfacet
  facet normal 0 0 -1
    outer loop
      vertex 0 0.800003 0
      vertex 0.234314 0.234314 0
      vertex 0.165314 0.312988 0
    endloop
  endfacet
  facet normal 0 0 -1
    outer loop
      vertex 0.400009 37.3928 0
      vertex 0 36.7 0
      vertex 0.312988 37.3347 0
    endloop
  endfacet
  facet normal 0 0 -1
    outer loop
      vertex 0 0.800003 0
      vertex 0.165314 0.312988 0
      vertex 0.107178 0.400009 0
    endloop
  endfacet
  facet normal 0 0 -1
    outer loop
      vertex 0.312988 37.3347 0
      vertex 0 36.7 0
      vertex 0.234314 37.2657 0
    endloop
  endfacet
  facet normal 0 0 -1
    outer loop
      vertex 0 0.800003 0
      vertex 0.107178 0.400009 0
      vertex 0.0608978 0.493851 0
    endloop
  endfacet
  facet normal 0 0 -1
    outer loop
      vertex 0.234314 37.2657 0
      vertex 0 36.7 0
      vertex 0.165314 37.187 0
    endloop
  endfacet
  facet normal 0 0 -1
    outer loop
      vertex 0 0.800003 0
      vertex 0.0608978 0.493851 0
      vertex 0.0272675 0.592941 0
    endloop
  endfacet
  facet normal 0 0 -1
    outer loop
      vertex 0.165314 37.187 0
      vertex 0 36.7 0
      vertex 0.107178 37.1 0
    endloop
  endfacet
  facet normal 0 0 -1
    outer loop
      vertex 0 0.800003 0
      vertex 0.0272675 0.592941 0
      vertex 0.0068512 0.695587 0
    endloop
  endfacet
  facet normal 0 0 -1
    outer loop
      vertex 0.107178 37.1 0
      vertex 0 36.7 0
      vertex 0.0608978 37.0061 0
    endloop
  endfacet
  facet normal 0 0 -1
    outer loop
      vertex 0.0608978 37.0061 0
      vertex 0 36.7 0
      vertex 0.0272675 36.9071 0
    endloop
  endfacet
  facet normal 0 0 -1
    outer loop
      vertex 0.0272675 36.9071 0
      vertex 0 36.7 0
      vertex 0.0068512 36.8044 0
    endloop
  endfacet
  facet normal 0 0 -1
    outer loop
      vertex 24.3635 16.0944 0
      vertex 24.7071 18.0429 0
      vertex 24.4563 15.7154 0
    endloop
  endfacet
  facet normal 0 0 -1
    outer loop
      vertex 24.7071 18.0429 0
      vertex 24.3635 16.0944 0
      vertex 24.3827 17.8261 0
    endloop
  endfacet
  facet normal 0 0 -1
    outer loop
      vertex 24.1328 16.4091 0
      vertex 24.3827 17.8261 0
      vertex 24.3635 16.0944 0
    endloop
  endfacet
  facet normal 0 0 -1
    outer loop
      vertex 24.1328 16.4091 0
      vertex 24 17.75 0
      vertex 24.3827 17.8261 0
    endloop
  endfacet
  facet normal 0 0 -1
    outer loop
      vertex 23.7993 16.6115 0
      vertex 24 17.75 0
      vertex 24.1328 16.4091 0
    endloop
  endfacet
  facet normal 0 0 -1
    outer loop
      vertex 23.7993 16.6115 0
      vertex 23.6173 17.8261 0
      vertex 24 17.75 0
    endloop
  endfacet
  facet normal 0 0 -1
    outer loop
      vertex 23.4136 16.6709 0
      vertex 23.6173 17.8261 0
      vertex 23.7993 16.6115 0
    endloop
  endfacet
  facet normal 0 0 -1
    outer loop
      vertex 23.4136 16.6709 0
      vertex 23.2929 18.0429 0
      vertex 23.6173 17.8261 0
    endloop
  endfacet
  facet normal 0 0 -1
    outer loop
      vertex 23.0346 16.5781 0
      vertex 23.2929 18.0429 0
      vertex 23.4136 16.6709 0
    endloop
  endfacet
  facet normal 0 0 -1
    outer loop
      vertex 22 18.75 0
      vertex 23.2929 18.0429 0
      vertex 23.0346 16.5781 0
    endloop
  endfacet
  facet normal 0 0 -1
    outer loop
      vertex 22 18.75 0
      vertex 23.0346 16.5781 0
      vertex 22.72 16.3474 0
    endloop
  endfacet
  facet normal 0 0 -1
    outer loop
      vertex 23.2929 18.0429 0
      vertex 22 18.75 0
      vertex 23.0761 18.3673 0
    endloop
  endfacet
  facet normal -0.83145 0.5556 0
    outer loop
      vertex 0.107178 37.1 0
      vertex 0.165314 37.187 3.2
      vertex 0.165314 37.187 0
    endloop
  endfacet
  facet normal -0.83145 0.5556 0
    outer loop
      vertex 0.165314 37.187 3.2
      vertex 0.107178 37.1 0
      vertex 0.107178 37.1 3.2
    endloop
  endfacet
  facet normal 0.980817 -0.194929 0
    outer loop
      vertex 52.3227 0.592941 3.2
      vertex 52.3431 0.695587 0
      vertex 52.3431 0.695587 3.2
    endloop
  endfacet
  facet normal 0.980817 -0.194929 0
    outer loop
      vertex 52.3431 0.695587 0
      vertex 52.3227 0.592941 3.2
      vertex 52.3227 0.592941 0
    endloop
  endfacet
  facet normal -0.065938 0.997824 0
    outer loop
      vertex 0.800003 37.5 0
      vertex 0.695587 37.4931 3.2
      vertex 0.800003 37.5 3.2
    endloop
  endfacet
  facet normal -0.065938 0.997824 0
    outer loop
      vertex 0.695587 37.4931 3.2
      vertex 0.800003 37.5 0
      vertex 0.695587 37.4931 0
    endloop
  endfacet
  facet normal 0 -1 0
    outer loop
      vertex 0.800003 0 0
      vertex 51.55 0 3.2
      vertex 0.800003 0 3.2
    endloop
  endfacet
  facet normal 0 -1 -0
    outer loop
      vertex 51.55 0 3.2
      vertex 0.800003 0 0
      vertex 51.55 0 0
    endloop
  endfacet
  facet normal 0.659248 -0.751925 0
    outer loop
      vertex 52.037 0.165314 0
      vertex 52.1157 0.234314 3.2
      vertex 52.037 0.165314 3.2
    endloop
  endfacet
  facet normal 0.659248 -0.751925 0
    outer loop
      vertex 52.1157 0.234314 3.2
      vertex 52.037 0.165314 0
      vertex 52.1157 0.234314 0
    endloop
  endfacet
  facet normal -0.831512 -0.555507 0
    outer loop
      vertex 0.165314 0.312988 0
      vertex 0.107178 0.400009 3.2
      vertex 0.107178 0.400009 0
    endloop
  endfacet
  facet normal -0.831512 -0.555507 0
    outer loop
      vertex 0.107178 0.400009 3.2
      vertex 0.165314 0.312988 0
      vertex 0.165314 0.312988 3.2
    endloop
  endfacet
  facet normal 0.997824 -0.065938 0
    outer loop
      vertex 52.3431 0.695587 3.2
      vertex 52.35 0.800003 0
      vertex 52.35 0.800003 3.2
    endloop
  endfacet
  facet normal 0.997824 -0.065938 0
    outer loop
      vertex 52.35 0.800003 0
      vertex 52.3431 0.695587 3.2
      vertex 52.3431 0.695587 0
    endloop
  endfacet
  facet normal 0.0654837 -0.997854 0
    outer loop
      vertex 51.55 0 0
      vertex 51.6544 0.0068512 3.2
      vertex 51.55 0 3.2
    endloop
  endfacet
  facet normal 0.0654837 -0.997854 0
    outer loop
      vertex 51.6544 0.0068512 3.2
      vertex 51.55 0 0
      vertex 51.6544 0.0068512 0
    endloop
  endfacet
  facet normal 0.896788 -0.44246 0
    outer loop
      vertex 52.2428 0.400009 3.2
      vertex 52.2891 0.493851 0
      vertex 52.2891 0.493851 3.2
    endloop
  endfacet
  facet normal 0.896788 -0.44246 0
    outer loop
      vertex 52.2891 0.493851 0
      vertex 52.2428 0.400009 3.2
      vertex 52.2428 0.400009 0
    endloop
  endfacet
  facet normal 1 -0 0
    outer loop
      vertex 52.35 0.800003 3.2
      vertex 52.35 36.7 0
      vertex 52.35 36.7 3.2
    endloop
  endfacet
  facet normal 1 0 0
    outer loop
      vertex 52.35 36.7 0
      vertex 52.35 0.800003 3.2
      vertex 52.35 0.800003 0
    endloop
  endfacet
  facet normal 0 1 -0
    outer loop
      vertex 51.55 37.5 0
      vertex 0.800003 37.5 3.2
      vertex 51.55 37.5 3.2
    endloop
  endfacet
  facet normal 0 1 0
    outer loop
      vertex 0.800003 37.5 3.2
      vertex 51.55 37.5 0
      vertex 0.800003 37.5 0
    endloop
  endfacet
  facet normal -1 0 0
    outer loop
      vertex 0 0.800003 0
      vertex 0 36.7 3.2
      vertex 0 36.7 0
    endloop
  endfacet
  facet normal -1 -0 0
    outer loop
      vertex 0 36.7 3.2
      vertex 0 0.800003 0
      vertex 0 0.800003 3.2
    endloop
  endfacet
  facet normal -0.896863 -0.442308 0
    outer loop
      vertex 0.107178 0.400009 0
      vertex 0.0608978 0.493851 3.2
      vertex 0.0608978 0.493851 0
    endloop
  endfacet
  facet normal -0.896863 -0.442308 0
    outer loop
      vertex 0.0608978 0.493851 3.2
      vertex 0.107178 0.400009 0
      vertex 0.107178 0.400009 3.2
    endloop
  endfacet
  facet normal 0.442088 -0.896972 0
    outer loop
      vertex 51.8561 0.0608978 0
      vertex 51.95 0.107178 3.2
      vertex 51.8561 0.0608978 3.2
    endloop
  endfacet
  facet normal 0.442088 -0.896972 0
    outer loop
      vertex 51.95 0.107178 3.2
      vertex 51.8561 0.0608978 0
      vertex 51.95 0.107178 0
    endloop
  endfacet
  facet normal -0.896972 0.442088 0
    outer loop
      vertex 0.0608978 37.0061 0
      vertex 0.107178 37.1 3.2
      vertex 0.107178 37.1 0
    endloop
  endfacet
  facet normal -0.896972 0.442088 0
    outer loop
      vertex 0.107178 37.1 3.2
      vertex 0.0608978 37.0061 0
      vertex 0.0608978 37.0061 3.2
    endloop
  endfacet
  facet normal 0.751817 -0.659371 0
    outer loop
      vertex 52.1157 0.234314 3.2
      vertex 52.1847 0.312988 0
      vertex 52.1847 0.312988 3.2
    endloop
  endfacet
  facet normal 0.751817 -0.659371 0
    outer loop
      vertex 52.1847 0.312988 0
      vertex 52.1157 0.234314 3.2
      vertex 52.1157 0.234314 0
    endloop
  endfacet
  facet normal -0.751817 -0.659371 0
    outer loop
      vertex 0.234314 0.234314 0
      vertex 0.165314 0.312988 3.2
      vertex 0.165314 0.312988 0
    endloop
  endfacet
  facet normal -0.751817 -0.659371 0
    outer loop
      vertex 0.165314 0.312988 3.2
      vertex 0.234314 0.234314 0
      vertex 0.234314 0.234314 3.2
    endloop
  endfacet
  facet normal -0.997854 -0.0654737 0
    outer loop
      vertex 0.0068512 0.695587 0
      vertex 0 0.800003 3.2
      vertex 0 0.800003 0
    endloop
  endfacet
  facet normal -0.997854 -0.0654737 0
    outer loop
      vertex 0 0.800003 3.2
      vertex 0.0068512 0.695587 0
      vertex 0.0068512 0.695587 3.2
    endloop
  endfacet
  facet normal -0.997854 0.0654837 0
    outer loop
      vertex 0 36.7 0
      vertex 0.0068512 36.8044 3.2
      vertex 0.0068512 36.8044 0
    endloop
  endfacet
  facet normal -0.997854 0.0654837 0
    outer loop
      vertex 0.0068512 36.8044 3.2
      vertex 0 36.7 0
      vertex 0 36.7 3.2
    endloop
  endfacet
  facet normal -0.321386 -0.946948 0
    outer loop
      vertex 0.493851 0.0608978 0
      vertex 0.592941 0.0272675 3.2
      vertex 0.493851 0.0608978 3.2
    endloop
  endfacet
  facet normal -0.321386 -0.946948 -0
    outer loop
      vertex 0.592941 0.0272675 3.2
      vertex 0.493851 0.0608978 0
      vertex 0.592941 0.0272675 0
    endloop
  endfacet
  facet normal 0 0 1
    outer loop
      vertex 8 18.75 3.2
      vertex 6.96539 16.5781 3.2
      vertex 7.28004 16.3474 3.2
    endloop
  endfacet
  facet normal 0 0 1
    outer loop
      vertex 6.70711 18.0429 3.2
      vertex 8 18.75 3.2
      vertex 6.92388 18.3673 3.2
    endloop
  endfacet
  facet normal 0 0 1
    outer loop
      vertex 8 18.75 3.2
      vertex 6.70711 18.0429 3.2
      vertex 6.96539 16.5781 3.2
    endloop
  endfacet
  facet normal 0 0 1
    outer loop
      vertex 6.70711 18.0429 3.2
      vertex 6.58639 16.6709 3.2
      vertex 6.96539 16.5781 3.2
    endloop
  endfacet
  facet normal -0 0 1
    outer loop
      vertex 6.38268 17.8261 3.2
      vertex 6.58639 16.6709 3.2
      vertex 6.70711 18.0429 3.2
    endloop
  endfacet
  facet normal 0 0 1
    outer loop
      vertex 6.38268 17.8261 3.2
      vertex 6.20075 16.6115 3.2
      vertex 6.58639 16.6709 3.2
    endloop
  endfacet
  facet normal -0 0 1
    outer loop
      vertex 6 17.75 3.2
      vertex 6.20075 16.6115 3.2
      vertex 6.38268 17.8261 3.2
    endloop
  endfacet
  facet normal 0 0 1
    outer loop
      vertex 6 17.75 3.2
      vertex 5.86718 16.4091 3.2
      vertex 6.20075 16.6115 3.2
    endloop
  endfacet
  facet normal 0 0 1
    outer loop
      vertex 5.61732 17.8261 3.2
      vertex 5.86718 16.4091 3.2
      vertex 6 17.75 3.2
    endloop
  endfacet
  facet normal 0 0 1
    outer loop
      vertex 5.86718 16.4091 3.2
      vertex 5.61732 17.8261 3.2
      vertex 5.63646 16.0944 3.2
    endloop
  endfacet
  facet normal 0 0 1
    outer loop
      vertex 5.29289 18.0429 3.2
      vertex 5.63646 16.0944 3.2
      vertex 5.61732 17.8261 3.2
    endloop
  endfacet
  facet normal 0 0 1
    outer loop
      vertex 5.63646 16.0944 3.2
      vertex 5.29289 18.0429 3.2
      vertex 5.54372 15.7154 3.2
    endloop
  endfacet
  facet normal 0 0 1
    outer loop
      vertex 6.70711 19.4571 3.2
      vertex 8.29289 19.4571 3.2
      vertex 6.96539 20.9219 3.2
    endloop
  endfacet
  facet normal 0 0 1
    outer loop
      vertex 8 18.75 3.2
      vertex 7.48246 16.0138 3.2
      vertex 7.54181 15.6282 3.2
    endloop
  endfacet
  facet normal 0 0 1
    outer loop
      vertex 8.29289 19.4571 3.2
      vertex 6.70711 19.4571 3.2
      vertex 8.07612 19.1327 3.2
    endloop
  endfacet
  facet normal 0 0 1
    outer loop
      vertex 6.92388 18.3673 3.2
      vertex 8 18.75 3.2
      vertex 7 18.75 3.2
    endloop
  endfacet
  facet normal 0 0 1
    outer loop
      vertex 8 18.75 3.2
      vertex 7.28004 16.3474 3.2
      vertex 7.48246 16.0138 3.2
    endloop
  endfacet
  facet normal 0 -0 1
    outer loop
      vertex 6.92388 19.1327 3.2
      vertex 8.07612 19.1327 3.2
      vertex 6.70711 19.4571 3.2
    endloop
  endfacet
  facet normal 0 0 1
    outer loop
      vertex 8 18.75 3.2
      vertex 6.92388 19.1327 3.2
      vertex 7 18.75 3.2
    endloop
  endfacet
  facet normal 0 0 1
    outer loop
      vertex 8.07612 19.1327 3.2
      vertex 6.92388 19.1327 3.2
      vertex 8 18.75 3.2
    endloop
  endfacet
  facet normal -0 0 1
    outer loop
      vertex 6.58639 20.8291 3.2
      vertex 6.70711 19.4571 3.2
      vertex 6.96539 20.9219 3.2
    endloop
  endfacet
  facet normal 0 0 1
    outer loop
      vertex 6.58639 20.8291 3.2
      vertex 6.38268 19.6739 3.2
      vertex 6.70711 19.4571 3.2
    endloop
  endfacet
  facet normal 0 0 1
    outer loop
      vertex 6.20075 20.8885 3.2
      vertex 6.38268 19.6739 3.2
      vertex 6.58639 20.8291 3.2
    endloop
  endfacet
  facet normal 0 0 1
    outer loop
      vertex 6.20075 20.8885 3.2
      vertex 6 19.75 3.2
      vertex 6.38268 19.6739 3.2
    endloop
  endfacet
  facet normal 0 0 1
    outer loop
      vertex 5.86718 21.0909 3.2
      vertex 6 19.75 3.2
      vertex 6.20075 20.8885 3.2
    endloop
  endfacet
  facet normal 0 0 1
    outer loop
      vertex 5.61732 19.6739 3.2
      vertex 5.86718 21.0909 3.2
      vertex 5.63646 21.4056 3.2
    endloop
  endfacet
  facet normal 0 0 1
    outer loop
      vertex 5.86718 21.0909 3.2
      vertex 5.61732 19.6739 3.2
      vertex 6 19.75 3.2
    endloop
  endfacet
  facet normal 0 0 1
    outer loop
      vertex 5.29289 19.4571 3.2
      vertex 5.63646 21.4056 3.2
      vertex 5.54372 21.7846 3.2
    endloop
  endfacet
  facet normal 0 0 1
    outer loop
      vertex 5.63646 21.4056 3.2
      vertex 5.29289 19.4571 3.2
      vertex 5.61732 19.6739 3.2
    endloop
  endfacet
  facet normal 0 0 1
    outer loop
      vertex 8.93782 15.25 3.2
      vertex 7.44907 15.2492 3.2
      vertex 8.19276 13.9611 3.2
    endloop
  endfacet
  facet normal 0 0 1
    outer loop
      vertex 8.19276 13.9611 3.2
      vertex 7.44907 15.2492 3.2
      vertex 7.80489 13.9186 3.2
    endloop
  endfacet
  facet normal -0 0 1
    outer loop
      vertex 7.21836 14.9345 3.2
      vertex 7.80489 13.9186 3.2
      vertex 7.44907 15.2492 3.2
    endloop
  endfacet
  facet normal 0 0 1
    outer loop
      vertex 7.80489 13.9186 3.2
      vertex 7.21836 14.9345 3.2
      vertex 7.46281 13.731 3.2
    endloop
  endfacet
  facet normal -0 0 1
    outer loop
      vertex 6.88479 14.7321 3.2
      vertex 7.46281 13.731 3.2
      vertex 7.21836 14.9345 3.2
    endloop
  endfacet
  facet normal 0 0 1
    outer loop
      vertex 7.46281 13.731 3.2
      vertex 6.88479 14.7321 3.2
      vertex 7.21859 13.4267 3.2
    endloop
  endfacet
  facet normal -0 0 1
    outer loop
      vertex 6.49915 14.6728 3.2
      vertex 7.21859 13.4267 3.2
      vertex 6.88479 14.7321 3.2
    endloop
  endfacet
  facet normal 0 0 1
    outer loop
      vertex 11.0086 13.6844 3.2
      vertex 9.05932 13.2656 3.2
      vertex 9.1018 12.8778 3.2
    endloop
  endfacet
  facet normal 0 0 1
    outer loop
      vertex 8.19276 13.9611 3.2
      vertex 9.19509 14.9566 3.2
      vertex 8.93782 15.25 3.2
    endloop
  endfacet
  facet normal 0 0 1
    outer loop
      vertex 9.54503 14.7841 3.2
      vertex 8.87164 13.6077 3.2
      vertex 9.05932 13.2656 3.2
    endloop
  endfacet
  facet normal 0 0 1
    outer loop
      vertex 7.44907 15.2492 3.2
      vertex 8.8124 15.6195 3.2
      vertex 7.54181 15.6282 3.2
    endloop
  endfacet
  facet normal 0 0 1
    outer loop
      vertex 9.0105 16.3588 3.2
      vertex 7.54181 15.6282 3.2
      vertex 8.83792 16.0088 3.2
    endloop
  endfacet
  facet normal 0 0 1
    outer loop
      vertex 9.54503 14.7841 3.2
      vertex 8.56735 13.8519 3.2
      vertex 8.87164 13.6077 3.2
    endloop
  endfacet
  facet normal -0 0 1
    outer loop
      vertex 7.54181 15.6282 3.2
      vertex 8.8124 15.6195 3.2
      vertex 8.83792 16.0088 3.2
    endloop
  endfacet
  facet normal 0 0 1
    outer loop
      vertex 9.19509 14.9566 3.2
      vertex 8.19276 13.9611 3.2
      vertex 8.56735 13.8519 3.2
    endloop
  endfacet
  facet normal 0 0 1
    outer loop
      vertex 7.54181 15.6282 3.2
      vertex 8.29289 18.0429 3.2
      vertex 8.07612 18.3673 3.2
    endloop
  endfacet
  facet normal 0 0 1
    outer loop
      vertex 7.54181 15.6282 3.2
      vertex 8.07612 18.3673 3.2
      vertex 8 18.75 3.2
    endloop
  endfacet
  facet normal 0 0 1
    outer loop
      vertex 8.61732 19.6739 3.2
      vertex 7.28004 21.1526 3.2
      vertex 8.29289 19.4571 3.2
    endloop
  endfacet
  facet normal -0 0 1
    outer loop
      vertex 6.96539 20.9219 3.2
      vertex 8.29289 19.4571 3.2
      vertex 7.28004 21.1526 3.2
    endloop
  endfacet
  facet normal 0 0 1
    outer loop
      vertex 8.8124 15.6195 3.2
      vertex 7.44907 15.2492 3.2
      vertex 8.93782 15.25 3.2
    endloop
  endfacet
  facet normal 0 0 1
    outer loop
      vertex 7.21836 22.5655 3.2
      vertex 7.80489 23.5814 3.2
      vertex 7.46281 23.769 3.2
    endloop
  endfacet
  facet normal 0 0 1
    outer loop
      vertex 7.80489 23.5814 3.2
      vertex 7.44907 22.2508 3.2
      vertex 7.54181 21.8718 3.2
    endloop
  endfacet
  facet normal 0 0 1
    outer loop
      vertex 6.88479 22.7679 3.2
      vertex 7.46281 23.769 3.2
      vertex 7.21859 24.0733 3.2
    endloop
  endfacet
  facet normal 0 0 1
    outer loop
      vertex 7.80489 23.5814 3.2
      vertex 7.21836 22.5655 3.2
      vertex 7.44907 22.2508 3.2
    endloop
  endfacet
  facet normal 0 0 1
    outer loop
      vertex 6.49915 22.8272 3.2
      vertex 7.21859 24.0733 3.2
      vertex 7.10941 24.4479 3.2
    endloop
  endfacet
  facet normal 0 0 1
    outer loop
      vertex 7.46281 23.769 3.2
      vertex 6.88479 22.7679 3.2
      vertex 7.21836 22.5655 3.2
    endloop
  endfacet
  facet normal 0 0 1
    outer loop
      vertex 9.93437 22.7414 3.2
      vertex 8.87164 23.8923 3.2
      vertex 9.54503 22.7159 3.2
    endloop
  endfacet
  facet normal -0 0 1
    outer loop
      vertex 8.56735 23.6481 3.2
      vertex 9.54503 22.7159 3.2
      vertex 8.87164 23.8923 3.2
    endloop
  endfacet
  facet normal 0 0 1
    outer loop
      vertex 9.54503 22.7159 3.2
      vertex 8.56735 23.6481 3.2
      vertex 9.19509 22.5434 3.2
    endloop
  endfacet
  facet normal -0 0 1
    outer loop
      vertex 8.19276 23.5389 3.2
      vertex 9.19509 22.5434 3.2
      vertex 8.56735 23.6481 3.2
    endloop
  endfacet
  facet normal 0 0 1
    outer loop
      vertex 9.19509 22.5434 3.2
      vertex 8.19276 23.5389 3.2
      vertex 8.93782 22.25 3.2
    endloop
  endfacet
  facet normal 0 0 1
    outer loop
      vertex 7.54181 21.8718 3.2
      vertex 8.19276 23.5389 3.2
      vertex 7.80489 23.5814 3.2
    endloop
  endfacet
  facet normal 0 0 1
    outer loop
      vertex 8.19276 23.5389 3.2
      vertex 7.54181 21.8718 3.2
      vertex 8.93782 22.25 3.2
    endloop
  endfacet
  facet normal 0 0 1
    outer loop
      vertex 8.93782 22.25 3.2
      vertex 7.54181 21.8718 3.2
      vertex 8.8124 21.8805 3.2
    endloop
  endfacet
  facet normal 0 0 1
    outer loop
      vertex 8.83792 21.4912 3.2
      vertex 7.48246 21.4862 3.2
      vertex 9.0105 21.1412 3.2
    endloop
  endfacet
  facet normal -0 0 1
    outer loop
      vertex 7.28004 21.1526 3.2
      vertex 9.0105 21.1412 3.2
      vertex 7.48246 21.4862 3.2
    endloop
  endfacet
  facet normal 0 0 1
    outer loop
      vertex 9.0105 21.1412 3.2
      vertex 7.28004 21.1526 3.2
      vertex 8.61732 19.6739 3.2
    endloop
  endfacet
  facet normal 0 0 1
    outer loop
      vertex 9.70711 19.4571 3.2
      vertex 11.2929 19.4571 3.2
      vertex 10.0627 20.7841 3.2
    endloop
  endfacet
  facet normal 0 0 1
    outer loop
      vertex 11 18.75 3.2
      vertex 10.6699 16.25 3.2
      vertex 10.7953 15.8805 3.2
    endloop
  endfacet
  facet normal 0 0 1
    outer loop
      vertex 11.0761 19.1327 3.2
      vertex 9.92388 19.1327 3.2
      vertex 11 18.75 3.2
    endloop
  endfacet
  facet normal 0 0 1
    outer loop
      vertex 9.92388 18.3673 3.2
      vertex 11 18.75 3.2
      vertex 10 18.75 3.2
    endloop
  endfacet
  facet normal 0 0 1
    outer loop
      vertex 11.2929 19.4571 3.2
      vertex 9.70711 19.4571 3.2
      vertex 11.0761 19.1327 3.2
    endloop
  endfacet
  facet normal 0 0 1
    outer loop
      vertex 11 18.75 3.2
      vertex 10.4126 16.5434 3.2
      vertex 10.6699 16.25 3.2
    endloop
  endfacet
  facet normal 0 0 1
    outer loop
      vertex 11 18.75 3.2
      vertex 9.92388 18.3673 3.2
      vertex 10.4126 16.5434 3.2
    endloop
  endfacet
  facet normal 0 0 1
    outer loop
      vertex 11 18.75 3.2
      vertex 9.92388 19.1327 3.2
      vertex 10 18.75 3.2
    endloop
  endfacet
  facet normal 0 0 1
    outer loop
      vertex 11.0761 19.1327 3.2
      vertex 9.70711 19.4571 3.2
      vertex 9.92388 19.1327 3.2
    endloop
  endfacet
  facet normal -0 0 1
    outer loop
      vertex 9.67332 20.7586 3.2
      vertex 9.70711 19.4571 3.2
      vertex 10.0627 20.7841 3.2
    endloop
  endfacet
  facet normal 0 0 1
    outer loop
      vertex 9.67332 20.7586 3.2
      vertex 9.38268 19.6739 3.2
      vertex 9.70711 19.4571 3.2
    endloop
  endfacet
  facet normal 0 0 1
    outer loop
      vertex 9.30385 20.884 3.2
      vertex 9.38268 19.6739 3.2
      vertex 9.67332 20.7586 3.2
    endloop
  endfacet
  facet normal 0 0 1
    outer loop
      vertex 9 19.75 3.2
      vertex 9.30385 20.884 3.2
      vertex 9.0105 21.1412 3.2
    endloop
  endfacet
  facet normal 0 0 1
    outer loop
      vertex 9.30385 20.884 3.2
      vertex 9 19.75 3.2
      vertex 9.38268 19.6739 3.2
    endloop
  endfacet
  facet normal 0 0 1
    outer loop
      vertex 7.48246 21.4862 3.2
      vertex 8.83792 21.4912 3.2
      vertex 7.54181 21.8718 3.2
    endloop
  endfacet
  facet normal 0 0 1
    outer loop
      vertex 9.0105 21.1412 3.2
      vertex 8.61732 19.6739 3.2
      vertex 9 19.75 3.2
    endloop
  endfacet
  facet normal -0 0 1
    outer loop
      vertex 7.54181 21.8718 3.2
      vertex 8.83792 21.4912 3.2
      vertex 8.8124 21.8805 3.2
    endloop
  endfacet
  facet normal 0 0 1
    outer loop
      vertex 11.3912 14.3472 3.2
      vertex 10.5972 15.1412 3.2
      vertex 11.134 14.0538 3.2
    endloop
  endfacet
  facet normal -0 0 1
    outer loop
      vertex 10.3038 14.884 3.2
      vertex 11.134 14.0538 3.2
      vertex 10.5972 15.1412 3.2
    endloop
  endfacet
  facet normal 0 0 1
    outer loop
      vertex 11.134 14.0538 3.2
      vertex 10.3038 14.884 3.2
      vertex 11.0086 13.6844 3.2
    endloop
  endfacet
  facet normal -0 0 1
    outer loop
      vertex 9.93437 14.7586 3.2
      vertex 11.0086 13.6844 3.2
      vertex 10.3038 14.884 3.2
    endloop
  endfacet
  facet normal 0 0 1
    outer loop
      vertex 11.0086 13.6844 3.2
      vertex 10.6305 11.9472 3.2
      vertex 11 11.8218 3.2
    endloop
  endfacet
  facet normal 0 0 1
    outer loop
      vertex 9.05932 13.2656 3.2
      vertex 11.0086 13.6844 3.2
      vertex 9.93437 14.7586 3.2
    endloop
  endfacet
  facet normal 0 -0 1
    outer loop
      vertex 10.2412 11.9217 3.2
      vertex 11.0086 13.6844 3.2
      vertex 9.1018 12.8778 3.2
    endloop
  endfacet
  facet normal 0 0 1
    outer loop
      vertex 11.0086 13.6844 3.2
      vertex 10.2412 11.9217 3.2
      vertex 10.6305 11.9472 3.2
    endloop
  endfacet
  facet normal 0 0 1
    outer loop
      vertex 10.2412 11.9217 3.2
      vertex 9.1018 12.8778 3.2
      vertex 9.89124 11.7491 3.2
    endloop
  endfacet
  facet normal 0 0 1
    outer loop
      vertex 9.05932 13.2656 3.2
      vertex 9.93437 14.7586 3.2
      vertex 9.54503 14.7841 3.2
    endloop
  endfacet
  facet normal -0 0 1
    outer loop
      vertex 8.99261 12.5032 3.2
      vertex 9.89124 11.7491 3.2
      vertex 9.1018 12.8778 3.2
    endloop
  endfacet
  facet normal 0 0 1
    outer loop
      vertex 8.56735 13.8519 3.2
      vertex 9.54503 14.7841 3.2
      vertex 9.19509 14.9566 3.2
    endloop
  endfacet
  facet normal 0 0 1
    outer loop
      vertex 10.4126 16.5434 3.2
      vertex 9.92388 18.3673 3.2
      vertex 10.0627 16.7159 3.2
    endloop
  endfacet
  facet normal -0 0 1
    outer loop
      vertex 9.70711 18.0429 3.2
      vertex 10.0627 16.7159 3.2
      vertex 9.92388 18.3673 3.2
    endloop
  endfacet
  facet normal 0 0 1
    outer loop
      vertex 9.70711 18.0429 3.2
      vertex 9.67332 16.7414 3.2
      vertex 10.0627 16.7159 3.2
    endloop
  endfacet
  facet normal -0 0 1
    outer loop
      vertex 9.38268 17.8261 3.2
      vertex 9.67332 16.7414 3.2
      vertex 9.70711 18.0429 3.2
    endloop
  endfacet
  facet normal 0 0 1
    outer loop
      vertex 9.38268 17.8261 3.2
      vertex 9.30385 16.616 3.2
      vertex 9.67332 16.7414 3.2
    endloop
  endfacet
  facet normal -0 0 1
    outer loop
      vertex 9 17.75 3.2
      vertex 9.30385 16.616 3.2
      vertex 9.38268 17.8261 3.2
    endloop
  endfacet
  facet normal 0 0 1
    outer loop
      vertex 9.30385 16.616 3.2
      vertex 9 17.75 3.2
      vertex 9.0105 16.3588 3.2
    endloop
  endfacet
  facet normal 0 0 1
    outer loop
      vertex 8.61732 17.8261 3.2
      vertex 9.0105 16.3588 3.2
      vertex 9 17.75 3.2
    endloop
  endfacet
  facet normal 0 0 1
    outer loop
      vertex 7.54181 15.6282 3.2
      vertex 8.61732 17.8261 3.2
      vertex 8.29289 18.0429 3.2
    endloop
  endfacet
  facet normal 0 0 1
    outer loop
      vertex 7.54181 15.6282 3.2
      vertex 9.0105 16.3588 3.2
      vertex 8.61732 17.8261 3.2
    endloop
  endfacet
  facet normal 0 0 1
    outer loop
      vertex 12.8636 10.7059 3.2
      vertex 11.4659 11.2146 3.2
      vertex 11.4914 10.8252 3.2
    endloop
  endfacet
  facet normal 0 0 1
    outer loop
      vertex 11.8695 12.5624 3.2
      vertex 11.2934 11.5645 3.2
      vertex 11.4659 11.2146 3.2
    endloop
  endfacet
  facet normal 0 0 1
    outer loop
      vertex 11 11.8218 3.2
      vertex 11.5 12.6878 3.2
      vertex 11.2066 12.9451 3.2
    endloop
  endfacet
  facet normal 0 0 1
    outer loop
      vertex 11 11.8218 3.2
      vertex 11.2066 12.9451 3.2
      vertex 11.0341 13.295 3.2
    endloop
  endfacet
  facet normal 0 0 1
    outer loop
      vertex 11.5 12.6878 3.2
      vertex 11 11.8218 3.2
      vertex 11.2934 11.5645 3.2
    endloop
  endfacet
  facet normal 0 0 1
    outer loop
      vertex 11.0086 13.6844 3.2
      vertex 11 11.8218 3.2
      vertex 11.0341 13.295 3.2
    endloop
  endfacet
  facet normal -0 0 1
    outer loop
      vertex 10.0627 20.7841 3.2
      vertex 11.2929 19.4571 3.2
      vertex 10.4126 20.9566 3.2
    endloop
  endfacet
  facet normal -0 0 1
    outer loop
      vertex 11.2934 25.9355 3.2
      vertex 11.8695 24.9376 3.2
      vertex 11.4659 26.2854 3.2
    endloop
  endfacet
  facet normal 0 0 1
    outer loop
      vertex 11.8695 24.9376 3.2
      vertex 11.2934 25.9355 3.2
      vertex 11.5 24.8122 3.2
    endloop
  endfacet
  facet normal -0 0 1
    outer loop
      vertex 11 25.6782 3.2
      vertex 11.5 24.8122 3.2
      vertex 11.2934 25.9355 3.2
    endloop
  endfacet
  facet normal 0 0 1
    outer loop
      vertex 11.5 24.8122 3.2
      vertex 11 25.6782 3.2
      vertex 11.2066 24.5549 3.2
    endloop
  endfacet
  facet normal 0 0 1
    outer loop
      vertex 11.2066 24.5549 3.2
      vertex 10.6305 25.5528 3.2
      vertex 11.0341 24.205 3.2
    endloop
  endfacet
  facet normal -0 0 1
    outer loop
      vertex 10.6305 25.5528 3.2
      vertex 11.2066 24.5549 3.2
      vertex 11 25.6782 3.2
    endloop
  endfacet
  facet normal 0 0 1
    outer loop
      vertex 14.2929 13.4571 3.2
      vertex 12.9659 13.8127 3.2
      vertex 12.9914 13.4233 3.2
    endloop
  endfacet
  facet normal 0 0 1
    outer loop
      vertex 13.3695 15.1605 3.2
      vertex 12.7934 14.1626 3.2
      vertex 12.9659 13.8127 3.2
    endloop
  endfacet
  facet normal 0 0 1
    outer loop
      vertex 12.5 14.4199 3.2
      vertex 13 15.2859 3.2
      vertex 12.7066 15.5432 3.2
    endloop
  endfacet
  facet normal 0 0 1
    outer loop
      vertex 12.1305 14.5453 3.2
      vertex 12.7066 15.5432 3.2
      vertex 12.5341 15.8931 3.2
    endloop
  endfacet
  facet normal 0 0 1
    outer loop
      vertex 13 15.2859 3.2
      vertex 12.5 14.4199 3.2
      vertex 12.7934 14.1626 3.2
    endloop
  endfacet
  facet normal 0 0 1
    outer loop
      vertex 10.7953 15.8805 3.2
      vertex 12.5341 15.8931 3.2
      vertex 12.5086 16.2825 3.2
    endloop
  endfacet
  facet normal 0 0 1
    outer loop
      vertex 13.6305 17.1434 3.2
      vertex 12.9239 18.3673 3.2
      vertex 13.2412 17.1179 3.2
    endloop
  endfacet
  facet normal -0 0 1
    outer loop
      vertex 12.7071 18.0429 3.2
      vertex 13.2412 17.1179 3.2
      vertex 12.9239 18.3673 3.2
    endloop
  endfacet
  facet normal 0 0 1
    outer loop
      vertex 13.2412 17.1179 3.2
      vertex 12.7071 18.0429 3.2
      vertex 12.8912 16.9453 3.2
    endloop
  endfacet
  facet normal -0 0 1
    outer loop
      vertex 12.3827 17.8261 3.2
      vertex 12.8912 16.9453 3.2
      vertex 12.7071 18.0429 3.2
    endloop
  endfacet
  facet normal 0 0 1
    outer loop
      vertex 12.8912 16.9453 3.2
      vertex 12.3827 17.8261 3.2
      vertex 12.634 16.6519 3.2
    endloop
  endfacet
  facet normal -0 0 1
    outer loop
      vertex 12 17.75 3.2
      vertex 12.634 16.6519 3.2
      vertex 12.3827 17.8261 3.2
    endloop
  endfacet
  facet normal 0 0 1
    outer loop
      vertex 12.634 16.6519 3.2
      vertex 12 17.75 3.2
      vertex 12.5086 16.2825 3.2
    endloop
  endfacet
  facet normal 0 0 1
    outer loop
      vertex 12.7066 15.5432 3.2
      vertex 12.1305 14.5453 3.2
      vertex 12.5 14.4199 3.2
    endloop
  endfacet
  facet normal 0 0 1
    outer loop
      vertex 11.6173 17.8261 3.2
      vertex 12.5086 16.2825 3.2
      vertex 12 17.75 3.2
    endloop
  endfacet
  facet normal 0 0 1
    outer loop
      vertex 12.5341 15.8931 3.2
      vertex 11.7412 14.5198 3.2
      vertex 12.1305 14.5453 3.2
    endloop
  endfacet
  facet normal 0 0 1
    outer loop
      vertex 10.7953 15.8805 3.2
      vertex 12.5086 16.2825 3.2
      vertex 11.6173 17.8261 3.2
    endloop
  endfacet
  facet normal 0 0 1
    outer loop
      vertex 10.7698 15.4912 3.2
      vertex 12.5341 15.8931 3.2
      vertex 10.7953 15.8805 3.2
    endloop
  endfacet
  facet normal 0 0 1
    outer loop
      vertex 10.7953 15.8805 3.2
      vertex 11.6173 17.8261 3.2
      vertex 11.2929 18.0429 3.2
    endloop
  endfacet
  facet normal 0 0 1
    outer loop
      vertex 12.5341 15.8931 3.2
      vertex 10.7698 15.4912 3.2
      vertex 11.7412 14.5198 3.2
    endloop
  endfacet
  facet normal 0 0 1
    outer loop
      vertex 10.7953 15.8805 3.2
      vertex 11.2929 18.0429 3.2
      vertex 11.0761 18.3673 3.2
    endloop
  endfacet
  facet normal 0 0 1
    outer loop
      vertex 11.7412 14.5198 3.2
      vertex 10.7698 15.4912 3.2
      vertex 11.3912 14.3472 3.2
    endloop
  endfacet
  facet normal 0 0 1
    outer loop
      vertex 10.7953 15.8805 3.2
      vertex 11.0761 18.3673 3.2
      vertex 11 18.75 3.2
    endloop
  endfacet
  facet normal -0 0 1
    outer loop
      vertex 12.7934 23.3374 3.2
      vertex 13.3695 22.3395 3.2
      vertex 12.9659 23.6873 3.2
    endloop
  endfacet
  facet normal 0 0 1
    outer loop
      vertex 13.3695 22.3395 3.2
      vertex 12.7934 23.3374 3.2
      vertex 13 22.2141 3.2
    endloop
  endfacet
  facet normal -0 0 1
    outer loop
      vertex 12.5 23.0801 3.2
      vertex 13 22.2141 3.2
      vertex 12.7934 23.3374 3.2
    endloop
  endfacet
  facet normal 0 0 1
    outer loop
      vertex 13 22.2141 3.2
      vertex 12.5 23.0801 3.2
      vertex 12.7066 21.9568 3.2
    endloop
  endfacet
  facet normal 0 0 1
    outer loop
      vertex 12.7066 21.9568 3.2
      vertex 12.1305 22.9547 3.2
      vertex 12.5341 21.6069 3.2
    endloop
  endfacet
  facet normal -0 0 1
    outer loop
      vertex 12.1305 22.9547 3.2
      vertex 12.7066 21.9568 3.2
      vertex 12.5 23.0801 3.2
    endloop
  endfacet
  facet normal 0 0 1
    outer loop
      vertex 15.5865 10.1032 3.2
      vertex 14.4135 10.1032 3.2
      vertex 14.422 9.71308 3.2
    endloop
  endfacet
  facet normal 0 0 1
    outer loop
      vertex 13.9745 10.7301 3.2
      vertex 14.6173 11.8261 3.2
      vertex 14.2929 12.0429 3.2
    endloop
  endfacet
  facet normal 0 0 1
    outer loop
      vertex 15 11.75 3.2
      vertex 14.2563 10.4603 3.2
      vertex 14.4135 10.1032 3.2
    endloop
  endfacet
  facet normal 0 0 1
    outer loop
      vertex 13.6108 10.8715 3.2
      vertex 14.2929 12.0429 3.2
      vertex 14.0761 12.3673 3.2
    endloop
  endfacet
  facet normal 0 0 1
    outer loop
      vertex 12.6088 12.7605 3.2
      vertex 14.0761 12.3673 3.2
      vertex 14 12.75 3.2
    endloop
  endfacet
  facet normal 0 0 1
    outer loop
      vertex 14.6173 11.8261 3.2
      vertex 13.9745 10.7301 3.2
      vertex 14.2563 10.4603 3.2
    endloop
  endfacet
  facet normal 0 0 1
    outer loop
      vertex 15.7066 20.7393 3.2
      vertex 14.2934 20.7393 3.2
      vertex 15 19.75 3.2
    endloop
  endfacet
  facet normal 0 0 1
    outer loop
      vertex 15 19.75 3.2
      vertex 14.2934 20.7393 3.2
      vertex 14.6173 19.6739 3.2
    endloop
  endfacet
  facet normal -0 0 1
    outer loop
      vertex 14 20.482 3.2
      vertex 14.6173 19.6739 3.2
      vertex 14.2934 20.7393 3.2
    endloop
  endfacet
  facet normal 0 0 1
    outer loop
      vertex 14.6173 19.6739 3.2
      vertex 14 20.482 3.2
      vertex 14.2929 19.4571 3.2
    endloop
  endfacet
  facet normal -0 0 1
    outer loop
      vertex 13.6305 20.3566 3.2
      vertex 14.2929 19.4571 3.2
      vertex 14 20.482 3.2
    endloop
  endfacet
  facet normal 0 0 1
    outer loop
      vertex 14.2929 19.4571 3.2
      vertex 13.6305 20.3566 3.2
      vertex 14.0761 19.1327 3.2
    endloop
  endfacet
  facet normal 0 0 1
    outer loop
      vertex 12.9239 19.1327 3.2
      vertex 14.0761 19.1327 3.2
      vertex 13.6305 20.3566 3.2
    endloop
  endfacet
  facet normal 0 0 1
    outer loop
      vertex 14.0761 19.1327 3.2
      vertex 12.9239 19.1327 3.2
      vertex 14 18.75 3.2
    endloop
  endfacet
  facet normal 0 0 1
    outer loop
      vertex 12.9239 18.3673 3.2
      vertex 14 18.75 3.2
      vertex 13 18.75 3.2
    endloop
  endfacet
  facet normal 0 0 1
    outer loop
      vertex 12.9239 19.1327 3.2
      vertex 13.6305 20.3566 3.2
      vertex 13.2412 20.3821 3.2
    endloop
  endfacet
  facet normal 0 0 1
    outer loop
      vertex 14 18.75 3.2
      vertex 13.6305 17.1434 3.2
      vertex 14 17.018 3.2
    endloop
  endfacet
  facet normal 0 0 1
    outer loop
      vertex 14 18.75 3.2
      vertex 12.9239 18.3673 3.2
      vertex 13.6305 17.1434 3.2
    endloop
  endfacet
  facet normal 0 0 1
    outer loop
      vertex 14 18.75 3.2
      vertex 12.9239 19.1327 3.2
      vertex 13 18.75 3.2
    endloop
  endfacet
  facet normal 0 0 1
    outer loop
      vertex 12.7071 19.4571 3.2
      vertex 13.2412 20.3821 3.2
      vertex 12.8912 20.5547 3.2
    endloop
  endfacet
  facet normal 0 0 1
    outer loop
      vertex 13.2412 20.3821 3.2
      vertex 12.7071 19.4571 3.2
      vertex 12.9239 19.1327 3.2
    endloop
  endfacet
  facet normal 0 0 1
    outer loop
      vertex 12.3827 19.6739 3.2
      vertex 12.8912 20.5547 3.2
      vertex 12.634 20.8481 3.2
    endloop
  endfacet
  facet normal 0 0 1
    outer loop
      vertex 12 19.75 3.2
      vertex 12.634 20.8481 3.2
      vertex 12.5086 21.2175 3.2
    endloop
  endfacet
  facet normal 0 0 1
    outer loop
      vertex 12.8912 20.5547 3.2
      vertex 12.3827 19.6739 3.2
      vertex 12.7071 19.4571 3.2
    endloop
  endfacet
  facet normal 0 0 1
    outer loop
      vertex 11.7412 22.9802 3.2
      vertex 12.5341 21.6069 3.2
      vertex 12.1305 22.9547 3.2
    endloop
  endfacet
  facet normal -0 0 1
    outer loop
      vertex 10.7698 22.0088 3.2
      vertex 12.5341 21.6069 3.2
      vertex 11.7412 22.9802 3.2
    endloop
  endfacet
  facet normal 0 0 1
    outer loop
      vertex 12.634 20.8481 3.2
      vertex 12 19.75 3.2
      vertex 12.3827 19.6739 3.2
    endloop
  endfacet
  facet normal -0 -0 1
    outer loop
      vertex 10.7953 21.6195 3.2
      vertex 12.5341 21.6069 3.2
      vertex 10.7698 22.0088 3.2
    endloop
  endfacet
  facet normal -0 0 1
    outer loop
      vertex 10.6699 21.25 3.2
      vertex 12.5086 21.2175 3.2
      vertex 10.7953 21.6195 3.2
    endloop
  endfacet
  facet normal 0 0 1
    outer loop
      vertex 10.7698 22.0088 3.2
      vertex 11.7412 22.9802 3.2
      vertex 11.3912 23.1528 3.2
    endloop
  endfacet
  facet normal 0 0 1
    outer loop
      vertex 12.5086 21.2175 3.2
      vertex 11.6173 19.6739 3.2
      vertex 12 19.75 3.2
    endloop
  endfacet
  facet normal 0 0 1
    outer loop
      vertex 10.5972 22.3588 3.2
      vertex 11.3912 23.1528 3.2
      vertex 11.134 23.4462 3.2
    endloop
  endfacet
  facet normal 0 0 1
    outer loop
      vertex 12.5086 21.2175 3.2
      vertex 10.6699 21.25 3.2
      vertex 11.6173 19.6739 3.2
    endloop
  endfacet
  facet normal 0 0 1
    outer loop
      vertex 10.3038 22.616 3.2
      vertex 11.134 23.4462 3.2
      vertex 11.0086 23.8156 3.2
    endloop
  endfacet
  facet normal -0 0 1
    outer loop
      vertex 10.4126 20.9566 3.2
      vertex 11.6173 19.6739 3.2
      vertex 10.6699 21.25 3.2
    endloop
  endfacet
  facet normal 0 0 1
    outer loop
      vertex 10.2412 25.5783 3.2
      vertex 11.0341 24.205 3.2
      vertex 10.6305 25.5528 3.2
    endloop
  endfacet
  facet normal 0 0 1
    outer loop
      vertex 11.6173 19.6739 3.2
      vertex 10.4126 20.9566 3.2
      vertex 11.2929 19.4571 3.2
    endloop
  endfacet
  facet normal -0 0 1
    outer loop
      vertex 10.5972 15.1412 3.2
      vertex 11.3912 14.3472 3.2
      vertex 10.7698 15.4912 3.2
    endloop
  endfacet
  facet normal 0 0 1
    outer loop
      vertex 12.5341 21.6069 3.2
      vertex 10.7953 21.6195 3.2
      vertex 12.5086 21.2175 3.2
    endloop
  endfacet
  facet normal -0 0 1
    outer loop
      vertex 9.1018 24.6222 3.2
      vertex 11.0341 24.205 3.2
      vertex 10.2412 25.5783 3.2
    endloop
  endfacet
  facet normal 0 0 1
    outer loop
      vertex 11.3912 23.1528 3.2
      vertex 10.5972 22.3588 3.2
      vertex 10.7698 22.0088 3.2
    endloop
  endfacet
  facet normal 0 0 1
    outer loop
      vertex 11.134 23.4462 3.2
      vertex 10.3038 22.616 3.2
      vertex 10.5972 22.3588 3.2
    endloop
  endfacet
  facet normal -0 0 1
    outer loop
      vertex 9.05932 24.2344 3.2
      vertex 11.0341 24.205 3.2
      vertex 9.1018 24.6222 3.2
    endloop
  endfacet
  facet normal 0 0 1
    outer loop
      vertex 11.0086 23.8156 3.2
      vertex 9.93437 22.7414 3.2
      vertex 10.3038 22.616 3.2
    endloop
  endfacet
  facet normal 0 0 1
    outer loop
      vertex 9.1018 24.6222 3.2
      vertex 10.2412 25.5783 3.2
      vertex 9.89124 25.7509 3.2
    endloop
  endfacet
  facet normal 0 0 1
    outer loop
      vertex 8.99261 24.9968 3.2
      vertex 9.89124 25.7509 3.2
      vertex 9.63398 26.0442 3.2
    endloop
  endfacet
  facet normal 0 0 1
    outer loop
      vertex 11.0341 24.205 3.2
      vertex 9.05932 24.2344 3.2
      vertex 11.0086 23.8156 3.2
    endloop
  endfacet
  facet normal 0 0 1
    outer loop
      vertex 8.74839 25.3011 3.2
      vertex 9.63398 26.0442 3.2
      vertex 9.50856 26.4137 3.2
    endloop
  endfacet
  facet normal 0 0 1
    outer loop
      vertex 11.0086 23.8156 3.2
      vertex 9.05932 24.2344 3.2
      vertex 9.93437 22.7414 3.2
    endloop
  endfacet
  facet normal 0 0 1
    outer loop
      vertex 15.8912 15.3586 3.2
      vertex 14.1088 15.3586 3.2
      vertex 15 13.75 3.2
    endloop
  endfacet
  facet normal 0 0 1
    outer loop
      vertex 15 13.75 3.2
      vertex 14.1088 15.3586 3.2
      vertex 14.6173 13.6739 3.2
    endloop
  endfacet
  facet normal -0 0 1
    outer loop
      vertex 13.7588 15.186 3.2
      vertex 14.6173 13.6739 3.2
      vertex 14.1088 15.3586 3.2
    endloop
  endfacet
  facet normal 0 0 1
    outer loop
      vertex 14.6173 13.6739 3.2
      vertex 13.7588 15.186 3.2
      vertex 14.2929 13.4571 3.2
    endloop
  endfacet
  facet normal -0 0 1
    outer loop
      vertex 12.9659 13.8127 3.2
      vertex 14.2929 13.4571 3.2
      vertex 13.7588 15.186 3.2
    endloop
  endfacet
  facet normal 0 0 1
    outer loop
      vertex 14.2929 13.4571 3.2
      vertex 12.9914 13.4233 3.2
      vertex 14.0761 13.1327 3.2
    endloop
  endfacet
  facet normal 0 0 1
    outer loop
      vertex 14.0761 13.1327 3.2
      vertex 12.9914 13.4233 3.2
      vertex 14 12.75 3.2
    endloop
  endfacet
  facet normal -0 0 1
    outer loop
      vertex 12.866 13.0538 3.2
      vertex 14 12.75 3.2
      vertex 12.9914 13.4233 3.2
    endloop
  endfacet
  facet normal 0 0 1
    outer loop
      vertex 12.9659 13.8127 3.2
      vertex 13.7588 15.186 3.2
      vertex 13.3695 15.1605 3.2
    endloop
  endfacet
  facet normal -0 0 1
    outer loop
      vertex 12.6088 12.7605 3.2
      vertex 14 12.75 3.2
      vertex 12.866 13.0538 3.2
    endloop
  endfacet
  facet normal 0 0 1
    outer loop
      vertex 12.7934 14.1626 3.2
      vertex 13.3695 15.1605 3.2
      vertex 13 15.2859 3.2
    endloop
  endfacet
  facet normal 0 0 1
    outer loop
      vertex 14.2929 12.0429 3.2
      vertex 13.6108 10.8715 3.2
      vertex 13.9745 10.7301 3.2
    endloop
  endfacet
  facet normal 0 0 1
    outer loop
      vertex 14.0761 12.3673 3.2
      vertex 12.6088 12.7605 3.2
      vertex 13.2207 10.863 3.2
    endloop
  endfacet
  facet normal 0 0 1
    outer loop
      vertex 14.0761 12.3673 3.2
      vertex 13.2207 10.863 3.2
      vertex 13.6108 10.8715 3.2
    endloop
  endfacet
  facet normal -0 0 1
    outer loop
      vertex 12.2588 12.5879 3.2
      vertex 13.2207 10.863 3.2
      vertex 12.6088 12.7605 3.2
    endloop
  endfacet
  facet normal 0 0 1
    outer loop
      vertex 13.2207 10.863 3.2
      vertex 12.2588 12.5879 3.2
      vertex 12.8636 10.7059 3.2
    endloop
  endfacet
  facet normal -0 0 1
    outer loop
      vertex 11.4659 11.2146 3.2
      vertex 12.8636 10.7059 3.2
      vertex 12.2588 12.5879 3.2
    endloop
  endfacet
  facet normal 0 0 1
    outer loop
      vertex 12.8636 10.7059 3.2
      vertex 11.4914 10.8252 3.2
      vertex 12.5938 10.424 3.2
    endloop
  endfacet
  facet normal 0 0 1
    outer loop
      vertex 15.7437 27.0397 3.2
      vertex 14.2563 27.0397 3.2
      vertex 15 25.75 3.2
    endloop
  endfacet
  facet normal 0 0 1
    outer loop
      vertex 15 25.75 3.2
      vertex 14.2563 27.0397 3.2
      vertex 14.6173 25.6739 3.2
    endloop
  endfacet
  facet normal -0 0 1
    outer loop
      vertex 13.9745 26.7699 3.2
      vertex 14.6173 25.6739 3.2
      vertex 14.2563 27.0397 3.2
    endloop
  endfacet
  facet normal 0 0 1
    outer loop
      vertex 14.6173 25.6739 3.2
      vertex 13.9745 26.7699 3.2
      vertex 14.2929 25.4571 3.2
    endloop
  endfacet
  facet normal -0 0 1
    outer loop
      vertex 13.6108 26.6285 3.2
      vertex 14.2929 25.4571 3.2
      vertex 13.9745 26.7699 3.2
    endloop
  endfacet
  facet normal 0 0 1
    outer loop
      vertex 14.2929 25.4571 3.2
      vertex 13.6108 26.6285 3.2
      vertex 14.0761 25.1327 3.2
    endloop
  endfacet
  facet normal 0 0 1
    outer loop
      vertex 17.0761 19.1327 3.2
      vertex 15.9239 19.1327 3.2
      vertex 16 18.75 3.2
    endloop
  endfacet
  facet normal 0 0 1
    outer loop
      vertex 16.3695 20.3566 3.2
      vertex 15.7071 19.4571 3.2
      vertex 15.9239 19.1327 3.2
    endloop
  endfacet
  facet normal 0 0 1
    outer loop
      vertex 15.3827 19.6739 3.2
      vertex 16 20.482 3.2
      vertex 15.7066 20.7393 3.2
    endloop
  endfacet
  facet normal -0 0 1
    outer loop
      vertex 14.4659 21.0893 3.2
      vertex 15.7066 20.7393 3.2
      vertex 15.5341 21.0893 3.2
    endloop
  endfacet
  facet normal 0 0 1
    outer loop
      vertex 16 20.482 3.2
      vertex 15.3827 19.6739 3.2
      vertex 15.7071 19.4571 3.2
    endloop
  endfacet
  facet normal -0 0 1
    outer loop
      vertex 14.4914 21.4786 3.2
      vertex 15.5341 21.0893 3.2
      vertex 15.5086 21.4786 3.2
    endloop
  endfacet
  facet normal 0 0 1
    outer loop
      vertex 15.8912 22.1414 3.2
      vertex 14.1088 22.1414 3.2
      vertex 15.634 21.8481 3.2
    endloop
  endfacet
  facet normal 0 0 1
    outer loop
      vertex 15.634 21.8481 3.2
      vertex 14.366 21.8481 3.2
      vertex 15.5086 21.4786 3.2
    endloop
  endfacet
  facet normal 0 0 1
    outer loop
      vertex 14.4659 21.0893 3.2
      vertex 15.5341 21.0893 3.2
      vertex 14.4914 21.4786 3.2
    endloop
  endfacet
  facet normal 0 0 1
    outer loop
      vertex 14.1088 22.1414 3.2
      vertex 15 23.75 3.2
      vertex 14.6173 23.8261 3.2
    endloop
  endfacet
  facet normal 0 0 1
    outer loop
      vertex 15.7066 20.7393 3.2
      vertex 15 19.75 3.2
      vertex 15.3827 19.6739 3.2
    endloop
  endfacet
  facet normal 0 0 1
    outer loop
      vertex 14.2934 20.7393 3.2
      vertex 15.7066 20.7393 3.2
      vertex 14.4659 21.0893 3.2
    endloop
  endfacet
  facet normal 0 0 1
    outer loop
      vertex 15.5086 21.4786 3.2
      vertex 14.366 21.8481 3.2
      vertex 14.4914 21.4786 3.2
    endloop
  endfacet
  facet normal 0 0 1
    outer loop
      vertex 13.7588 22.314 3.2
      vertex 14.6173 23.8261 3.2
      vertex 14.2929 24.0429 3.2
    endloop
  endfacet
  facet normal 0 0 1
    outer loop
      vertex 15.634 21.8481 3.2
      vertex 14.1088 22.1414 3.2
      vertex 14.366 21.8481 3.2
    endloop
  endfacet
  facet normal -0 0 1
    outer loop
      vertex 12.9914 24.0767 3.2
      vertex 14.2929 24.0429 3.2
      vertex 14.0761 24.3673 3.2
    endloop
  endfacet
  facet normal 0 0 1
    outer loop
      vertex 12.9914 24.0767 3.2
      vertex 14.0761 24.3673 3.2
      vertex 14 24.75 3.2
    endloop
  endfacet
  facet normal 0 0 1
    outer loop
      vertex 14.6173 23.8261 3.2
      vertex 13.7588 22.314 3.2
      vertex 14.1088 22.1414 3.2
    endloop
  endfacet
  facet normal 0 0 1
    outer loop
      vertex 13.2207 26.637 3.2
      vertex 14.0761 25.1327 3.2
      vertex 13.6108 26.6285 3.2
    endloop
  endfacet
  facet normal 0 0 1
    outer loop
      vertex 12.6088 24.7395 3.2
      vertex 14.0761 25.1327 3.2
      vertex 13.2207 26.637 3.2
    endloop
  endfacet
  facet normal 0 0 1
    outer loop
      vertex 12.9659 23.6873 3.2
      vertex 14.2929 24.0429 3.2
      vertex 12.9914 24.0767 3.2
    endloop
  endfacet
  facet normal 0 0 1
    outer loop
      vertex 14.0761 25.1327 3.2
      vertex 12.6088 24.7395 3.2
      vertex 14 24.75 3.2
    endloop
  endfacet
  facet normal 0 0 1
    outer loop
      vertex 14.2929 24.0429 3.2
      vertex 12.9659 23.6873 3.2
      vertex 13.7588 22.314 3.2
    endloop
  endfacet
  facet normal 0 0 1
    outer loop
      vertex 13.7588 22.314 3.2
      vertex 12.9659 23.6873 3.2
      vertex 13.3695 22.3395 3.2
    endloop
  endfacet
  facet normal 0 0 1
    outer loop
      vertex 14 24.75 3.2
      vertex 12.866 24.4462 3.2
      vertex 12.9914 24.0767 3.2
    endloop
  endfacet
  facet normal 0 0 1
    outer loop
      vertex 12.2588 24.9121 3.2
      vertex 13.2207 26.637 3.2
      vertex 12.8636 26.7941 3.2
    endloop
  endfacet
  facet normal 0 0 1
    outer loop
      vertex 14 24.75 3.2
      vertex 12.6088 24.7395 3.2
      vertex 12.866 24.4462 3.2
    endloop
  endfacet
  facet normal 0 0 1
    outer loop
      vertex 11.4914 26.6748 3.2
      vertex 12.8636 26.7941 3.2
      vertex 12.5938 27.076 3.2
    endloop
  endfacet
  facet normal 0 0 1
    outer loop
      vertex 11.4914 26.6748 3.2
      vertex 12.5938 27.076 3.2
      vertex 12.4524 27.4396 3.2
    endloop
  endfacet
  facet normal 0 0 1
    outer loop
      vertex 13.2207 26.637 3.2
      vertex 12.2588 24.9121 3.2
      vertex 12.6088 24.7395 3.2
    endloop
  endfacet
  facet normal 0 0 1
    outer loop
      vertex 17.3912 24.7395 3.2
      vertex 15.9239 25.1327 3.2
      vertex 16 24.75 3.2
    endloop
  endfacet
  facet normal 0 0 1
    outer loop
      vertex 15.3827 25.6739 3.2
      vertex 16.0255 26.7699 3.2
      vertex 15.7437 27.0397 3.2
    endloop
  endfacet
  facet normal 0 0 1
    outer loop
      vertex 16.3892 26.6285 3.2
      vertex 15.7071 25.4571 3.2
      vertex 15.9239 25.1327 3.2
    endloop
  endfacet
  facet normal 0 0 1
    outer loop
      vertex 14.4135 27.3968 3.2
      vertex 15.5865 27.3968 3.2
      vertex 14.422 27.7869 3.2
    endloop
  endfacet
  facet normal 0 0 1
    outer loop
      vertex 16.0255 26.7699 3.2
      vertex 15.3827 25.6739 3.2
      vertex 15.7071 25.4571 3.2
    endloop
  endfacet
  facet normal -0 0 1
    outer loop
      vertex 14.422 27.7869 3.2
      vertex 15.5865 27.3968 3.2
      vertex 15.578 27.7869 3.2
    endloop
  endfacet
  facet normal -0 0 1
    outer loop
      vertex 15.7071 12.0429 3.2
      vertex 16.3892 10.8715 3.2
      vertex 15.9239 12.3673 3.2
    endloop
  endfacet
  facet normal 0 0 1
    outer loop
      vertex 16.3892 10.8715 3.2
      vertex 15.7071 12.0429 3.2
      vertex 16.0255 10.7301 3.2
    endloop
  endfacet
  facet normal -0 0 1
    outer loop
      vertex 15.3827 11.8261 3.2
      vertex 16.0255 10.7301 3.2
      vertex 15.7071 12.0429 3.2
    endloop
  endfacet
  facet normal 0 0 1
    outer loop
      vertex 16.0255 10.7301 3.2
      vertex 15.3827 11.8261 3.2
      vertex 15.7437 10.4603 3.2
    endloop
  endfacet
  facet normal 0 0 1
    outer loop
      vertex 14.4135 10.1032 3.2
      vertex 15.7437 10.4603 3.2
      vertex 15 11.75 3.2
    endloop
  endfacet
  facet normal -0 0 1
    outer loop
      vertex 15 11.75 3.2
      vertex 15.7437 10.4603 3.2
      vertex 15.3827 11.8261 3.2
    endloop
  endfacet
  facet normal 0 0 1
    outer loop
      vertex 19.2047 21.6195 3.2
      vertex 17.4659 21.6069 3.2
      vertex 17.4914 21.2175 3.2
    endloop
  endfacet
  facet normal 0 0 1
    outer loop
      vertex 17.8695 22.9547 3.2
      vertex 17.2934 21.9568 3.2
      vertex 17.4659 21.6069 3.2
    endloop
  endfacet
  facet normal 0 0 1
    outer loop
      vertex 17 22.2141 3.2
      vertex 17.5 23.0801 3.2
      vertex 17.2066 23.3374 3.2
    endloop
  endfacet
  facet normal 0 0 1
    outer loop
      vertex 16.6305 22.3395 3.2
      vertex 17.2066 23.3374 3.2
      vertex 17.0341 23.6873 3.2
    endloop
  endfacet
  facet normal 0 0 1
    outer loop
      vertex 17.5 23.0801 3.2
      vertex 17 22.2141 3.2
      vertex 17.2934 21.9568 3.2
    endloop
  endfacet
  facet normal -0 0 1
    outer loop
      vertex 15.7071 24.0429 3.2
      vertex 17.0341 23.6873 3.2
      vertex 17.0086 24.0767 3.2
    endloop
  endfacet
  facet normal 0 0 1
    outer loop
      vertex 18.5086 10.8252 3.2
      vertex 17.4062 10.424 3.2
      vertex 17.5476 10.0604 3.2
    endloop
  endfacet
  facet normal 0 0 1
    outer loop
      vertex 16.7793 10.863 3.2
      vertex 17.7412 12.5879 3.2
      vertex 17.3912 12.7605 3.2
    endloop
  endfacet
  facet normal 0 0 1
    outer loop
      vertex 18.5341 11.2146 3.2
      vertex 17.1364 10.7059 3.2
      vertex 17.4062 10.424 3.2
    endloop
  endfacet
  facet normal 0 0 1
    outer loop
      vertex 16 12.75 3.2
      vertex 17.3912 12.7605 3.2
      vertex 17.134 13.0538 3.2
    endloop
  endfacet
  facet normal 0 0 1
    outer loop
      vertex 16 12.75 3.2
      vertex 17.134 13.0538 3.2
      vertex 17.0086 13.4233 3.2
    endloop
  endfacet
  facet normal 0 0 1
    outer loop
      vertex 17.7412 12.5879 3.2
      vertex 16.7793 10.863 3.2
      vertex 17.1364 10.7059 3.2
    endloop
  endfacet
  facet normal 0 0 1
    outer loop
      vertex 16.2412 15.186 3.2
      vertex 17.0341 13.8127 3.2
      vertex 16.6305 15.1605 3.2
    endloop
  endfacet
  facet normal 0 0 1
    outer loop
      vertex 17.0341 13.8127 3.2
      vertex 15.7071 13.4571 3.2
      vertex 17.0086 13.4233 3.2
    endloop
  endfacet
  facet normal 0 0 1
    outer loop
      vertex 15.9239 12.3673 3.2
      vertex 17.3912 12.7605 3.2
      vertex 16 12.75 3.2
    endloop
  endfacet
  facet normal 0 0 1
    outer loop
      vertex 17.0341 13.8127 3.2
      vertex 16.2412 15.186 3.2
      vertex 15.7071 13.4571 3.2
    endloop
  endfacet
  facet normal 0 0 1
    outer loop
      vertex 17.3912 12.7605 3.2
      vertex 15.9239 12.3673 3.2
      vertex 16.7793 10.863 3.2
    endloop
  endfacet
  facet normal 0 0 1
    outer loop
      vertex 16.7793 10.863 3.2
      vertex 15.9239 12.3673 3.2
      vertex 16.3892 10.8715 3.2
    endloop
  endfacet
  facet normal 0 0 1
    outer loop
      vertex 17.0086 13.4233 3.2
      vertex 15.9239 13.1327 3.2
      vertex 16 12.75 3.2
    endloop
  endfacet
  facet normal 0 0 1
    outer loop
      vertex 15.3827 13.6739 3.2
      vertex 16.2412 15.186 3.2
      vertex 15.8912 15.3586 3.2
    endloop
  endfacet
  facet normal 0 0 1
    outer loop
      vertex 17.0086 13.4233 3.2
      vertex 15.7071 13.4571 3.2
      vertex 15.9239 13.1327 3.2
    endloop
  endfacet
  facet normal -0 0 1
    outer loop
      vertex 14.366 15.6519 3.2
      vertex 15.8912 15.3586 3.2
      vertex 15.634 15.6519 3.2
    endloop
  endfacet
  facet normal -0 0 1
    outer loop
      vertex 14.4914 16.0214 3.2
      vertex 15.634 15.6519 3.2
      vertex 15.5086 16.0214 3.2
    endloop
  endfacet
  facet normal 0 0 1
    outer loop
      vertex 16.2412 15.186 3.2
      vertex 15.3827 13.6739 3.2
      vertex 15.7071 13.4571 3.2
    endloop
  endfacet
  facet normal 0 0 1
    outer loop
      vertex 15.7066 16.7607 3.2
      vertex 14.2934 16.7607 3.2
      vertex 15.5341 16.4107 3.2
    endloop
  endfacet
  facet normal 0 0 1
    outer loop
      vertex 15.5341 16.4107 3.2
      vertex 14.4659 16.4107 3.2
      vertex 15.5086 16.0214 3.2
    endloop
  endfacet
  facet normal 0 0 1
    outer loop
      vertex 14.366 15.6519 3.2
      vertex 15.634 15.6519 3.2
      vertex 14.4914 16.0214 3.2
    endloop
  endfacet
  facet normal 0 0 1
    outer loop
      vertex 14.2934 16.7607 3.2
      vertex 15 17.75 3.2
      vertex 14.6173 17.8261 3.2
    endloop
  endfacet
  facet normal 0 0 1
    outer loop
      vertex 15.8912 15.3586 3.2
      vertex 15 13.75 3.2
      vertex 15.3827 13.6739 3.2
    endloop
  endfacet
  facet normal 0 0 1
    outer loop
      vertex 14.1088 15.3586 3.2
      vertex 15.8912 15.3586 3.2
      vertex 14.366 15.6519 3.2
    endloop
  endfacet
  facet normal 0 0 1
    outer loop
      vertex 15.5086 16.0214 3.2
      vertex 14.4659 16.4107 3.2
      vertex 14.4914 16.0214 3.2
    endloop
  endfacet
  facet normal 0 0 1
    outer loop
      vertex 15.5341 16.4107 3.2
      vertex 14.2934 16.7607 3.2
      vertex 14.4659 16.4107 3.2
    endloop
  endfacet
  facet normal 0 0 1
    outer loop
      vertex 14 17.018 3.2
      vertex 14.6173 17.8261 3.2
      vertex 14.2929 18.0429 3.2
    endloop
  endfacet
  facet normal 0 0 1
    outer loop
      vertex 14 17.018 3.2
      vertex 14.2929 18.0429 3.2
      vertex 14.0761 18.3673 3.2
    endloop
  endfacet
  facet normal 0 0 1
    outer loop
      vertex 14 17.018 3.2
      vertex 14.0761 18.3673 3.2
      vertex 14 18.75 3.2
    endloop
  endfacet
  facet normal 0 0 1
    outer loop
      vertex 14.6173 17.8261 3.2
      vertex 14 17.018 3.2
      vertex 14.2934 16.7607 3.2
    endloop
  endfacet
  facet normal -0 0 1
    outer loop
      vertex 17.1364 26.7941 3.2
      vertex 18.5341 26.2854 3.2
      vertex 17.4062 27.076 3.2
    endloop
  endfacet
  facet normal 0 0 1
    outer loop
      vertex 18.5341 26.2854 3.2
      vertex 17.1364 26.7941 3.2
      vertex 17.7412 24.9121 3.2
    endloop
  endfacet
  facet normal -0 0 1
    outer loop
      vertex 16.7793 26.637 3.2
      vertex 17.7412 24.9121 3.2
      vertex 17.1364 26.7941 3.2
    endloop
  endfacet
  facet normal 0 0 1
    outer loop
      vertex 17.7412 24.9121 3.2
      vertex 16.7793 26.637 3.2
      vertex 17.3912 24.7395 3.2
    endloop
  endfacet
  facet normal -0 0 1
    outer loop
      vertex 15.9239 25.1327 3.2
      vertex 17.3912 24.7395 3.2
      vertex 16.7793 26.637 3.2
    endloop
  endfacet
  facet normal 0 0 1
    outer loop
      vertex 17.3912 24.7395 3.2
      vertex 16 24.75 3.2
      vertex 17.134 24.4462 3.2
    endloop
  endfacet
  facet normal 0 0 1
    outer loop
      vertex 17.134 24.4462 3.2
      vertex 16 24.75 3.2
      vertex 17.0086 24.0767 3.2
    endloop
  endfacet
  facet normal -0 0 1
    outer loop
      vertex 15.9239 24.3673 3.2
      vertex 17.0086 24.0767 3.2
      vertex 16 24.75 3.2
    endloop
  endfacet
  facet normal 0 0 1
    outer loop
      vertex 15.9239 25.1327 3.2
      vertex 16.7793 26.637 3.2
      vertex 16.3892 26.6285 3.2
    endloop
  endfacet
  facet normal 0 0 1
    outer loop
      vertex 15.7071 24.0429 3.2
      vertex 17.0086 24.0767 3.2
      vertex 15.9239 24.3673 3.2
    endloop
  endfacet
  facet normal 0 0 1
    outer loop
      vertex 15.7071 25.4571 3.2
      vertex 16.3892 26.6285 3.2
      vertex 16.0255 26.7699 3.2
    endloop
  endfacet
  facet normal 0 0 1
    outer loop
      vertex 17.2066 23.3374 3.2
      vertex 16.6305 22.3395 3.2
      vertex 17 22.2141 3.2
    endloop
  endfacet
  facet normal 0 -0 1
    outer loop
      vertex 16.2412 22.314 3.2
      vertex 17.0341 23.6873 3.2
      vertex 15.7071 24.0429 3.2
    endloop
  endfacet
  facet normal 0 0 1
    outer loop
      vertex 17.0341 23.6873 3.2
      vertex 16.2412 22.314 3.2
      vertex 16.6305 22.3395 3.2
    endloop
  endfacet
  facet normal -0 0 1
    outer loop
      vertex 15.3827 23.8261 3.2
      vertex 16.2412 22.314 3.2
      vertex 15.7071 24.0429 3.2
    endloop
  endfacet
  facet normal 0 0 1
    outer loop
      vertex 16.2412 22.314 3.2
      vertex 15.3827 23.8261 3.2
      vertex 15.8912 22.1414 3.2
    endloop
  endfacet
  facet normal -0 0 1
    outer loop
      vertex 15 23.75 3.2
      vertex 15.8912 22.1414 3.2
      vertex 15.3827 23.8261 3.2
    endloop
  endfacet
  facet normal 0 0 1
    outer loop
      vertex 14.1088 22.1414 3.2
      vertex 15.8912 22.1414 3.2
      vertex 15 23.75 3.2
    endloop
  endfacet
  facet normal -0 0 1
    outer loop
      vertex 17.2934 15.5432 3.2
      vertex 17.8695 14.5453 3.2
      vertex 17.4659 15.8931 3.2
    endloop
  endfacet
  facet normal 0 0 1
    outer loop
      vertex 17.8695 14.5453 3.2
      vertex 17.2934 15.5432 3.2
      vertex 17.5 14.4199 3.2
    endloop
  endfacet
  facet normal -0 0 1
    outer loop
      vertex 17 15.2859 3.2
      vertex 17.5 14.4199 3.2
      vertex 17.2934 15.5432 3.2
    endloop
  endfacet
  facet normal 0 0 1
    outer loop
      vertex 17.5 14.4199 3.2
      vertex 17 15.2859 3.2
      vertex 17.2066 14.1626 3.2
    endloop
  endfacet
  facet normal 0 0 1
    outer loop
      vertex 17.2066 14.1626 3.2
      vertex 16.6305 15.1605 3.2
      vertex 17.0341 13.8127 3.2
    endloop
  endfacet
  facet normal -0 0 1
    outer loop
      vertex 16.6305 15.1605 3.2
      vertex 17.2066 14.1626 3.2
      vertex 17 15.2859 3.2
    endloop
  endfacet
  facet normal 0 0 1
    outer loop
      vertex 19.4028 22.3588 3.2
      vertex 18.6088 23.1528 3.2
      vertex 19.2302 22.0088 3.2
    endloop
  endfacet
  facet normal 0 0 1
    outer loop
      vertex 19.3695 25.5528 3.2
      vertex 18.9659 24.205 3.2
      vertex 18.9914 23.8156 3.2
    endloop
  endfacet
  facet normal 0 0 1
    outer loop
      vertex 19.3695 25.5528 3.2
      vertex 18.7934 24.5549 3.2
      vertex 18.9659 24.205 3.2
    endloop
  endfacet
  facet normal 0 0 1
    outer loop
      vertex 18.5 24.8122 3.2
      vertex 19 25.6782 3.2
      vertex 18.7066 25.9355 3.2
    endloop
  endfacet
  facet normal 0 0 1
    outer loop
      vertex 18.1305 24.9376 3.2
      vertex 18.7066 25.9355 3.2
      vertex 18.5341 26.2854 3.2
    endloop
  endfacet
  facet normal 0 0 1
    outer loop
      vertex 19 25.6782 3.2
      vertex 18.5 24.8122 3.2
      vertex 18.7934 24.5549 3.2
    endloop
  endfacet
  facet normal -0 0 1
    outer loop
      vertex 17.4062 27.076 3.2
      vertex 18.5086 26.6748 3.2
      vertex 17.5476 27.4396 3.2
    endloop
  endfacet
  facet normal 0 0 1
    outer loop
      vertex 19.2047 21.6195 3.2
      vertex 18.9239 19.1327 3.2
      vertex 19 18.75 3.2
    endloop
  endfacet
  facet normal -0 0 1
    outer loop
      vertex 18.2588 22.9802 3.2
      vertex 19.2302 22.0088 3.2
      vertex 18.6088 23.1528 3.2
    endloop
  endfacet
  facet normal 0 0 1
    outer loop
      vertex 19.2047 21.6195 3.2
      vertex 18.7071 19.4571 3.2
      vertex 18.9239 19.1327 3.2
    endloop
  endfacet
  facet normal 0 0 1
    outer loop
      vertex 17.4659 21.6069 3.2
      vertex 19.2302 22.0088 3.2
      vertex 18.2588 22.9802 3.2
    endloop
  endfacet
  facet normal 0 0 1
    outer loop
      vertex 19.2047 21.6195 3.2
      vertex 18.3827 19.6739 3.2
      vertex 18.7071 19.4571 3.2
    endloop
  endfacet
  facet normal 0 0 1
    outer loop
      vertex 17.4659 21.6069 3.2
      vertex 19.2047 21.6195 3.2
      vertex 19.2302 22.0088 3.2
    endloop
  endfacet
  facet normal 0 0 1
    outer loop
      vertex 19.2047 21.6195 3.2
      vertex 17.4914 21.2175 3.2
      vertex 18.3827 19.6739 3.2
    endloop
  endfacet
  facet normal 0 0 1
    outer loop
      vertex 17.4659 21.6069 3.2
      vertex 18.2588 22.9802 3.2
      vertex 17.8695 22.9547 3.2
    endloop
  endfacet
  facet normal 0 0 1
    outer loop
      vertex 18.3827 19.6739 3.2
      vertex 17.4914 21.2175 3.2
      vertex 18 19.75 3.2
    endloop
  endfacet
  facet normal 0 0 1
    outer loop
      vertex 17.2934 21.9568 3.2
      vertex 17.8695 22.9547 3.2
      vertex 17.5 23.0801 3.2
    endloop
  endfacet
  facet normal -0 0 1
    outer loop
      vertex 17.366 20.8481 3.2
      vertex 18 19.75 3.2
      vertex 17.4914 21.2175 3.2
    endloop
  endfacet
  facet normal 0 0 1
    outer loop
      vertex 18 19.75 3.2
      vertex 17.366 20.8481 3.2
      vertex 17.6173 19.6739 3.2
    endloop
  endfacet
  facet normal -0 0 1
    outer loop
      vertex 17.1088 20.5547 3.2
      vertex 17.6173 19.6739 3.2
      vertex 17.366 20.8481 3.2
    endloop
  endfacet
  facet normal 0 0 1
    outer loop
      vertex 17.6173 19.6739 3.2
      vertex 17.1088 20.5547 3.2
      vertex 17.2929 19.4571 3.2
    endloop
  endfacet
  facet normal -0 0 1
    outer loop
      vertex 16.7588 20.3821 3.2
      vertex 17.2929 19.4571 3.2
      vertex 17.1088 20.5547 3.2
    endloop
  endfacet
  facet normal 0 0 1
    outer loop
      vertex 17.2929 19.4571 3.2
      vertex 16.7588 20.3821 3.2
      vertex 17.0761 19.1327 3.2
    endloop
  endfacet
  facet normal -0 0 1
    outer loop
      vertex 16.3695 20.3566 3.2
      vertex 17.0761 19.1327 3.2
      vertex 16.7588 20.3821 3.2
    endloop
  endfacet
  facet normal -0 0 1
    outer loop
      vertex 18.7934 12.9451 3.2
      vertex 19.3695 11.9472 3.2
      vertex 18.9659 13.295 3.2
    endloop
  endfacet
  facet normal 0 0 1
    outer loop
      vertex 19.3695 11.9472 3.2
      vertex 18.7934 12.9451 3.2
      vertex 19 11.8218 3.2
    endloop
  endfacet
  facet normal -0 0 1
    outer loop
      vertex 18.5 12.6878 3.2
      vertex 19 11.8218 3.2
      vertex 18.7934 12.9451 3.2
    endloop
  endfacet
  facet normal 0 0 1
    outer loop
      vertex 19 11.8218 3.2
      vertex 18.5 12.6878 3.2
      vertex 18.7066 11.5645 3.2
    endloop
  endfacet
  facet normal 0 0 1
    outer loop
      vertex 18.7066 11.5645 3.2
      vertex 18.1305 12.5624 3.2
      vertex 18.5341 11.2146 3.2
    endloop
  endfacet
  facet normal -0 0 1
    outer loop
      vertex 18.1305 12.5624 3.2
      vertex 18.7066 11.5645 3.2
      vertex 18.5 12.6878 3.2
    endloop
  endfacet
  facet normal -0 0 1
    outer loop
      vertex 18.9914 13.6844 3.2
      vertex 20.9407 13.2656 3.2
      vertex 20.0656 14.7586 3.2
    endloop
  endfacet
  facet normal 0 0 1
    outer loop
      vertex 20.8982 12.8778 3.2
      vertex 20.366 11.4558 3.2
      vertex 20.4914 11.0863 3.2
    endloop
  endfacet
  facet normal 0 0 1
    outer loop
      vertex 20.8982 12.8778 3.2
      vertex 20.1088 11.7491 3.2
      vertex 20.366 11.4558 3.2
    endloop
  endfacet
  facet normal -0 0 1
    outer loop
      vertex 18.9659 13.295 3.2
      vertex 20.9407 13.2656 3.2
      vertex 18.9914 13.6844 3.2
    endloop
  endfacet
  facet normal 0 0 1
    outer loop
      vertex 20.8982 12.8778 3.2
      vertex 19.7588 11.9217 3.2
      vertex 20.1088 11.7491 3.2
    endloop
  endfacet
  facet normal 0 0 1
    outer loop
      vertex 18.9914 13.6844 3.2
      vertex 20.0656 14.7586 3.2
      vertex 19.6962 14.884 3.2
    endloop
  endfacet
  facet normal 0 0 1
    outer loop
      vertex 18.866 14.0538 3.2
      vertex 19.6962 14.884 3.2
      vertex 19.4028 15.1412 3.2
    endloop
  endfacet
  facet normal 0 0 1
    outer loop
      vertex 20.9407 13.2656 3.2
      vertex 18.9659 13.295 3.2
      vertex 20.8982 12.8778 3.2
    endloop
  endfacet
  facet normal 0 0 1
    outer loop
      vertex 18.6088 14.3472 3.2
      vertex 19.4028 15.1412 3.2
      vertex 19.2302 15.4912 3.2
    endloop
  endfacet
  facet normal -0 0 1
    outer loop
      vertex 17.4659 15.8931 3.2
      vertex 19.2047 15.8805 3.2
      vertex 17.4914 16.2825 3.2
    endloop
  endfacet
  facet normal 0 0 1
    outer loop
      vertex 19.9373 16.7159 3.2
      vertex 18.7071 18.0429 3.2
      vertex 19.5874 16.5434 3.2
    endloop
  endfacet
  facet normal -0 0 1
    outer loop
      vertex 18.3827 17.8261 3.2
      vertex 19.5874 16.5434 3.2
      vertex 18.7071 18.0429 3.2
    endloop
  endfacet
  facet normal 0 0 1
    outer loop
      vertex 20.8982 12.8778 3.2
      vertex 18.9659 13.295 3.2
      vertex 19.7588 11.9217 3.2
    endloop
  endfacet
  facet normal 0 0 1
    outer loop
      vertex 19.7588 11.9217 3.2
      vertex 18.9659 13.295 3.2
      vertex 19.3695 11.9472 3.2
    endloop
  endfacet
  facet normal 0 0 1
    outer loop
      vertex 19.5874 16.5434 3.2
      vertex 18.3827 17.8261 3.2
      vertex 19.3301 16.25 3.2
    endloop
  endfacet
  facet normal 0 0 1
    outer loop
      vertex 19.6962 14.884 3.2
      vertex 18.866 14.0538 3.2
      vertex 18.9914 13.6844 3.2
    endloop
  endfacet
  facet normal -0 0 1
    outer loop
      vertex 17.4914 16.2825 3.2
      vertex 19.3301 16.25 3.2
      vertex 18.3827 17.8261 3.2
    endloop
  endfacet
  facet normal 0 0 1
    outer loop
      vertex 19.4028 15.1412 3.2
      vertex 18.6088 14.3472 3.2
      vertex 18.866 14.0538 3.2
    endloop
  endfacet
  facet normal 0 0 1
    outer loop
      vertex 19.3301 16.25 3.2
      vertex 17.4914 16.2825 3.2
      vertex 19.2047 15.8805 3.2
    endloop
  endfacet
  facet normal 0 0 1
    outer loop
      vertex 19.2047 15.8805 3.2
      vertex 17.4659 15.8931 3.2
      vertex 19.2302 15.4912 3.2
    endloop
  endfacet
  facet normal 0 0 1
    outer loop
      vertex 17.4914 16.2825 3.2
      vertex 18.3827 17.8261 3.2
      vertex 18 17.75 3.2
    endloop
  endfacet
  facet normal 0 0 1
    outer loop
      vertex 19.2302 15.4912 3.2
      vertex 18.2588 14.5198 3.2
      vertex 18.6088 14.3472 3.2
    endloop
  endfacet
  facet normal 0 0 1
    outer loop
      vertex 17.366 16.6519 3.2
      vertex 18 17.75 3.2
      vertex 17.6173 17.8261 3.2
    endloop
  endfacet
  facet normal 0 0 1
    outer loop
      vertex 19.2302 15.4912 3.2
      vertex 17.4659 15.8931 3.2
      vertex 18.2588 14.5198 3.2
    endloop
  endfacet
  facet normal 0 0 1
    outer loop
      vertex 18.2588 14.5198 3.2
      vertex 17.4659 15.8931 3.2
      vertex 17.8695 14.5453 3.2
    endloop
  endfacet
  facet normal 0 0 1
    outer loop
      vertex 18 17.75 3.2
      vertex 17.366 16.6519 3.2
      vertex 17.4914 16.2825 3.2
    endloop
  endfacet
  facet normal 0 0 1
    outer loop
      vertex 17.1088 16.9453 3.2
      vertex 17.6173 17.8261 3.2
      vertex 17.2929 18.0429 3.2
    endloop
  endfacet
  facet normal 0 0 1
    outer loop
      vertex 17.6173 17.8261 3.2
      vertex 17.1088 16.9453 3.2
      vertex 17.366 16.6519 3.2
    endloop
  endfacet
  facet normal 0 0 1
    outer loop
      vertex 16.7588 17.1179 3.2
      vertex 17.2929 18.0429 3.2
      vertex 17.0761 18.3673 3.2
    endloop
  endfacet
  facet normal 0 0 1
    outer loop
      vertex 15.9239 18.3673 3.2
      vertex 17.0761 18.3673 3.2
      vertex 17 18.75 3.2
    endloop
  endfacet
  facet normal 0 0 1
    outer loop
      vertex 15.9239 19.1327 3.2
      vertex 17.0761 19.1327 3.2
      vertex 16.3695 20.3566 3.2
    endloop
  endfacet
  facet normal 0 0 1
    outer loop
      vertex 15.9239 18.3673 3.2
      vertex 17 18.75 3.2
      vertex 16 18.75 3.2
    endloop
  endfacet
  facet normal 0 0 1
    outer loop
      vertex 17.0761 19.1327 3.2
      vertex 16 18.75 3.2
      vertex 17 18.75 3.2
    endloop
  endfacet
  facet normal 0 0 1
    outer loop
      vertex 17.2929 18.0429 3.2
      vertex 16.7588 17.1179 3.2
      vertex 17.1088 16.9453 3.2
    endloop
  endfacet
  facet normal 0 0 1
    outer loop
      vertex 15.7071 19.4571 3.2
      vertex 16.3695 20.3566 3.2
      vertex 16 20.482 3.2
    endloop
  endfacet
  facet normal 0 -0 1
    outer loop
      vertex 16.3695 17.1434 3.2
      vertex 17.0761 18.3673 3.2
      vertex 15.9239 18.3673 3.2
    endloop
  endfacet
  facet normal 0 0 1
    outer loop
      vertex 17.0761 18.3673 3.2
      vertex 16.3695 17.1434 3.2
      vertex 16.7588 17.1179 3.2
    endloop
  endfacet
  facet normal -0 0 1
    outer loop
      vertex 15.7071 18.0429 3.2
      vertex 16.3695 17.1434 3.2
      vertex 15.9239 18.3673 3.2
    endloop
  endfacet
  facet normal 0 0 1
    outer loop
      vertex 16.3695 17.1434 3.2
      vertex 15.7071 18.0429 3.2
      vertex 16 17.018 3.2
    endloop
  endfacet
  facet normal -0 0 1
    outer loop
      vertex 15.3827 17.8261 3.2
      vertex 16 17.018 3.2
      vertex 15.7071 18.0429 3.2
    endloop
  endfacet
  facet normal 0 0 1
    outer loop
      vertex 16 17.018 3.2
      vertex 15.3827 17.8261 3.2
      vertex 15.7066 16.7607 3.2
    endloop
  endfacet
  facet normal 0 0 1
    outer loop
      vertex 14.2934 16.7607 3.2
      vertex 15.7066 16.7607 3.2
      vertex 15 17.75 3.2
    endloop
  endfacet
  facet normal -0 0 1
    outer loop
      vertex 15 17.75 3.2
      vertex 15.7066 16.7607 3.2
      vertex 15.3827 17.8261 3.2
    endloop
  endfacet
  facet normal 0 0 1
    outer loop
      vertex 21.4327 23.6481 3.2
      vertex 20.455 22.7159 3.2
      vertex 20.8049 22.5434 3.2
    endloop
  endfacet
  facet normal 0 0 1
    outer loop
      vertex 21.0074 24.9968 3.2
      vertex 20.1088 25.7509 3.2
      vertex 20.8982 24.6222 3.2
    endloop
  endfacet
  facet normal -0 0 1
    outer loop
      vertex 19.7588 25.5783 3.2
      vertex 20.8982 24.6222 3.2
      vertex 20.1088 25.7509 3.2
    endloop
  endfacet
  facet normal 0 0 1
    outer loop
      vertex 18.9914 23.8156 3.2
      vertex 19.7588 25.5783 3.2
      vertex 19.3695 25.5528 3.2
    endloop
  endfacet
  facet normal 0 0 1
    outer loop
      vertex 20.8982 24.6222 3.2
      vertex 20.0656 22.7414 3.2
      vertex 20.455 22.7159 3.2
    endloop
  endfacet
  facet normal 0 0 1
    outer loop
      vertex 19.7588 25.5783 3.2
      vertex 18.9914 23.8156 3.2
      vertex 20.8982 24.6222 3.2
    endloop
  endfacet
  facet normal 0 0 1
    outer loop
      vertex 20.8982 24.6222 3.2
      vertex 18.9914 23.8156 3.2
      vertex 20.0656 22.7414 3.2
    endloop
  endfacet
  facet normal 0 0 1
    outer loop
      vertex 18.7934 24.5549 3.2
      vertex 19.3695 25.5528 3.2
      vertex 19 25.6782 3.2
    endloop
  endfacet
  facet normal 0 0 1
    outer loop
      vertex 20.0656 22.7414 3.2
      vertex 18.9914 23.8156 3.2
      vertex 19.6962 22.616 3.2
    endloop
  endfacet
  facet normal -0 0 1
    outer loop
      vertex 18.866 23.4462 3.2
      vertex 19.6962 22.616 3.2
      vertex 18.9914 23.8156 3.2
    endloop
  endfacet
  facet normal -0 0 1
    outer loop
      vertex 18.6088 23.1528 3.2
      vertex 19.4028 22.3588 3.2
      vertex 18.866 23.4462 3.2
    endloop
  endfacet
  facet normal 0 0 1
    outer loop
      vertex 19.6962 22.616 3.2
      vertex 18.866 23.4462 3.2
      vertex 19.4028 22.3588 3.2
    endloop
  endfacet
  facet normal 0 0 1
    outer loop
      vertex 22.4582 15.6282 3.2
      vertex 21.1621 16.0088 3.2
      vertex 21.1876 15.6195 3.2
    endloop
  endfacet
  facet normal 0 0 1
    outer loop
      vertex 20.9895 16.3588 3.2
      vertex 21.3827 17.8261 3.2
      vertex 21 17.75 3.2
    endloop
  endfacet
  facet normal 0 0 1
    outer loop
      vertex 22.72 16.3474 3.2
      vertex 20.9895 16.3588 3.2
      vertex 21.1621 16.0088 3.2
    endloop
  endfacet
  facet normal 0 0 1
    outer loop
      vertex 21 17.75 3.2
      vertex 20.6962 16.616 3.2
      vertex 20.9895 16.3588 3.2
    endloop
  endfacet
  facet normal 0 0 1
    outer loop
      vertex 20.6173 17.8261 3.2
      vertex 20.6962 16.616 3.2
      vertex 21 17.75 3.2
    endloop
  endfacet
  facet normal 0 0 1
    outer loop
      vertex 20.6173 17.8261 3.2
      vertex 20.3267 16.7414 3.2
      vertex 20.6962 16.616 3.2
    endloop
  endfacet
  facet normal 0 0 1
    outer loop
      vertex 20.2929 18.0429 3.2
      vertex 20.3267 16.7414 3.2
      vertex 20.6173 17.8261 3.2
    endloop
  endfacet
  facet normal -0 0 1
    outer loop
      vertex 18.9239 18.3673 3.2
      vertex 20.2929 18.0429 3.2
      vertex 20.0761 18.3673 3.2
    endloop
  endfacet
  facet normal -0 0 1
    outer loop
      vertex 19 18.75 3.2
      vertex 20.0761 18.3673 3.2
      vertex 20 18.75 3.2
    endloop
  endfacet
  facet normal 0 0 1
    outer loop
      vertex 20.2929 18.0429 3.2
      vertex 19.9373 16.7159 3.2
      vertex 20.3267 16.7414 3.2
    endloop
  endfacet
  facet normal 0 0 1
    outer loop
      vertex 19 18.75 3.2
      vertex 20.0761 19.1327 3.2
      vertex 19.5874 20.9566 3.2
    endloop
  endfacet
  facet normal 0 0 1
    outer loop
      vertex 19 18.75 3.2
      vertex 19.5874 20.9566 3.2
      vertex 19.3301 21.25 3.2
    endloop
  endfacet
  facet normal 0 0 1
    outer loop
      vertex 18.7071 18.0429 3.2
      vertex 20.2929 18.0429 3.2
      vertex 18.9239 18.3673 3.2
    endloop
  endfacet
  facet normal 0 0 1
    outer loop
      vertex 20.0761 19.1327 3.2
      vertex 19 18.75 3.2
      vertex 20 18.75 3.2
    endloop
  endfacet
  facet normal 0 0 1
    outer loop
      vertex 18.9239 18.3673 3.2
      vertex 20.0761 18.3673 3.2
      vertex 19 18.75 3.2
    endloop
  endfacet
  facet normal 0 0 1
    outer loop
      vertex 19 18.75 3.2
      vertex 19.3301 21.25 3.2
      vertex 19.2047 21.6195 3.2
    endloop
  endfacet
  facet normal 0 0 1
    outer loop
      vertex 20.2929 18.0429 3.2
      vertex 18.7071 18.0429 3.2
      vertex 19.9373 16.7159 3.2
    endloop
  endfacet
  facet normal -0 0 1
    outer loop
      vertex 20.9895 16.3588 3.2
      vertex 22.72 16.3474 3.2
      vertex 21.3827 17.8261 3.2
    endloop
  endfacet
  facet normal 0 0 1
    outer loop
      vertex 22.72 16.3474 3.2
      vertex 21.1621 16.0088 3.2
      vertex 22.5175 16.0138 3.2
    endloop
  endfacet
  facet normal 0 0 1
    outer loop
      vertex 21.0622 15.25 3.2
      vertex 22.4582 15.6282 3.2
      vertex 21.1876 15.6195 3.2
    endloop
  endfacet
  facet normal 0 -0 1
    outer loop
      vertex 21.8072 13.9611 3.2
      vertex 22.4582 15.6282 3.2
      vertex 21.0622 15.25 3.2
    endloop
  endfacet
  facet normal -0 0 1
    outer loop
      vertex 21.1621 16.0088 3.2
      vertex 22.4582 15.6282 3.2
      vertex 22.5175 16.0138 3.2
    endloop
  endfacet
  facet normal 0 0 1
    outer loop
      vertex 22.4582 15.6282 3.2
      vertex 21.8072 13.9611 3.2
      vertex 22.1951 13.9186 3.2
    endloop
  endfacet
  facet normal -0 0 1
    outer loop
      vertex 20.8049 14.9566 3.2
      vertex 21.8072 13.9611 3.2
      vertex 21.0622 15.25 3.2
    endloop
  endfacet
  facet normal 0 0 1
    outer loop
      vertex 21.8072 13.9611 3.2
      vertex 20.8049 14.9566 3.2
      vertex 21.4327 13.8519 3.2
    endloop
  endfacet
  facet normal -0 0 1
    outer loop
      vertex 20.455 14.7841 3.2
      vertex 21.4327 13.8519 3.2
      vertex 20.8049 14.9566 3.2
    endloop
  endfacet
  facet normal 0 0 1
    outer loop
      vertex 21.4327 13.8519 3.2
      vertex 20.455 14.7841 3.2
      vertex 21.1284 13.6077 3.2
    endloop
  endfacet
  facet normal -0 0 1
    outer loop
      vertex 20.0656 14.7586 3.2
      vertex 21.1284 13.6077 3.2
      vertex 20.455 14.7841 3.2
    endloop
  endfacet
  facet normal 0 0 1
    outer loop
      vertex 21.7071 19.4571 3.2
      vertex 21.1621 21.4912 3.2
      vertex 21.3827 19.6739 3.2
    endloop
  endfacet
  facet normal -0 0 1
    outer loop
      vertex 20.9895 21.1412 3.2
      vertex 21.3827 19.6739 3.2
      vertex 21.1621 21.4912 3.2
    endloop
  endfacet
  facet normal 0 0 1
    outer loop
      vertex 21.3827 19.6739 3.2
      vertex 20.9895 21.1412 3.2
      vertex 21 19.75 3.2
    endloop
  endfacet
  facet normal -0 0 1
    outer loop
      vertex 20.6962 20.884 3.2
      vertex 21 19.75 3.2
      vertex 20.9895 21.1412 3.2
    endloop
  endfacet
  facet normal 0 0 1
    outer loop
      vertex 20.6962 20.884 3.2
      vertex 20.6173 19.6739 3.2
      vertex 21 19.75 3.2
    endloop
  endfacet
  facet normal -0 0 1
    outer loop
      vertex 20.3267 20.7586 3.2
      vertex 20.6173 19.6739 3.2
      vertex 20.6962 20.884 3.2
    endloop
  endfacet
  facet normal 0 0 1
    outer loop
      vertex 20.3267 20.7586 3.2
      vertex 20.2929 19.4571 3.2
      vertex 20.6173 19.6739 3.2
    endloop
  endfacet
  facet normal 0 0 1
    outer loop
      vertex 19.9373 20.7841 3.2
      vertex 20.2929 19.4571 3.2
      vertex 20.3267 20.7586 3.2
    endloop
  endfacet
  facet normal 0 0 1
    outer loop
      vertex 20.2929 19.4571 3.2
      vertex 19.9373 20.7841 3.2
      vertex 20.0761 19.1327 3.2
    endloop
  endfacet
  facet normal 0 0 1
    outer loop
      vertex 19.5874 20.9566 3.2
      vertex 20.0761 19.1327 3.2
      vertex 19.9373 20.7841 3.2
    endloop
  endfacet
  facet normal 0 0 1
    outer loop
      vertex 22.5372 13.731 3.2
      vertex 23.1152 14.7321 3.2
      vertex 22.7816 14.9345 3.2
    endloop
  endfacet
  facet normal 0 0 1
    outer loop
      vertex 23.1152 14.7321 3.2
      vertex 22.7814 13.4267 3.2
      vertex 22.8906 13.0521 3.2
    endloop
  endfacet
  facet normal 0 0 1
    outer loop
      vertex 22.1951 13.9186 3.2
      vertex 22.7816 14.9345 3.2
      vertex 22.5509 15.2492 3.2
    endloop
  endfacet
  facet normal 0 0 1
    outer loop
      vertex 23.1152 14.7321 3.2
      vertex 22.5372 13.731 3.2
      vertex 22.7814 13.4267 3.2
    endloop
  endfacet
  facet normal 0 0 1
    outer loop
      vertex 22.1951 13.9186 3.2
      vertex 22.5509 15.2492 3.2
      vertex 22.4582 15.6282 3.2
    endloop
  endfacet
  facet normal 0 0 1
    outer loop
      vertex 22.7816 14.9345 3.2
      vertex 22.1951 13.9186 3.2
      vertex 22.5372 13.731 3.2
    endloop
  endfacet
  facet normal 0 0 1
    outer loop
      vertex 23.0346 16.5781 3.2
      vertex 21.7071 18.0429 3.2
      vertex 22.72 16.3474 3.2
    endloop
  endfacet
  facet normal -0 0 1
    outer loop
      vertex 21.3827 17.8261 3.2
      vertex 22.72 16.3474 3.2
      vertex 21.7071 18.0429 3.2
    endloop
  endfacet
  facet normal 0 0 1
    outer loop
      vertex 22.1951 23.5814 3.2
      vertex 21.9239 19.1327 3.2
      vertex 22 18.75 3.2
    endloop
  endfacet
  facet normal 0 0 1
    outer loop
      vertex 21.0622 22.25 3.2
      vertex 22.1951 23.5814 3.2
      vertex 21.8072 23.5389 3.2
    endloop
  endfacet
  facet normal 0 0 1
    outer loop
      vertex 22.1951 23.5814 3.2
      vertex 21.7071 19.4571 3.2
      vertex 21.9239 19.1327 3.2
    endloop
  endfacet
  facet normal 0 0 1
    outer loop
      vertex 20.8049 22.5434 3.2
      vertex 21.8072 23.5389 3.2
      vertex 21.4327 23.6481 3.2
    endloop
  endfacet
  facet normal 0 0 1
    outer loop
      vertex 21.1621 21.4912 3.2
      vertex 22.1951 23.5814 3.2
      vertex 21.1876 21.8805 3.2
    endloop
  endfacet
  facet normal 0 0 1
    outer loop
      vertex 22.1951 23.5814 3.2
      vertex 21.1621 21.4912 3.2
      vertex 21.7071 19.4571 3.2
    endloop
  endfacet
  facet normal 0 0 1
    outer loop
      vertex 20.455 22.7159 3.2
      vertex 21.4327 23.6481 3.2
      vertex 21.1284 23.8923 3.2
    endloop
  endfacet
  facet normal 0 0 1
    outer loop
      vertex 22.1951 23.5814 3.2
      vertex 21.0622 22.25 3.2
      vertex 21.1876 21.8805 3.2
    endloop
  endfacet
  facet normal 0 0 1
    outer loop
      vertex 20.455 22.7159 3.2
      vertex 21.1284 23.8923 3.2
      vertex 20.9407 24.2344 3.2
    endloop
  endfacet
  facet normal 0 0 1
    outer loop
      vertex 20.455 22.7159 3.2
      vertex 20.9407 24.2344 3.2
      vertex 20.8982 24.6222 3.2
    endloop
  endfacet
  facet normal 0 0 1
    outer loop
      vertex 21.8072 23.5389 3.2
      vertex 20.8049 22.5434 3.2
      vertex 21.0622 22.25 3.2
    endloop
  endfacet
  facet normal 0 0 1
    outer loop
      vertex 23.5009 22.8272 3.2
      vertex 22.7814 24.0733 3.2
      vertex 23.1152 22.7679 3.2
    endloop
  endfacet
  facet normal -0 0 1
    outer loop
      vertex 22.5372 23.769 3.2
      vertex 23.1152 22.7679 3.2
      vertex 22.7814 24.0733 3.2
    endloop
  endfacet
  facet normal 0 0 1
    outer loop
      vertex 23.1152 22.7679 3.2
      vertex 22.5372 23.769 3.2
      vertex 22.7816 22.5655 3.2
    endloop
  endfacet
  facet normal -0 0 1
    outer loop
      vertex 22.1951 23.5814 3.2
      vertex 22.7816 22.5655 3.2
      vertex 22.5372 23.769 3.2
    endloop
  endfacet
  facet normal 0 0 1
    outer loop
      vertex 22.7816 22.5655 3.2
      vertex 22.1951 23.5814 3.2
      vertex 22.5509 22.2508 3.2
    endloop
  endfacet
  facet normal 0 0 1
    outer loop
      vertex 22 18.75 3.2
      vertex 22.4582 21.8718 3.2
      vertex 22.1951 23.5814 3.2
    endloop
  endfacet
  facet normal 0 0 1
    outer loop
      vertex 22.5509 22.2508 3.2
      vertex 22.1951 23.5814 3.2
      vertex 22.4582 21.8718 3.2
    endloop
  endfacet
  facet normal 0 0 1
    outer loop
      vertex 24.3635 16.0944 3.2
      vertex 24.7071 18.0429 3.2
      vertex 24.3827 17.8261 3.2
    endloop
  endfacet
  facet normal 0 0 1
    outer loop
      vertex 24.7071 18.0429 3.2
      vertex 24.3635 16.0944 3.2
      vertex 24.4563 15.7154 3.2
    endloop
  endfacet
  facet normal 0 0 1
    outer loop
      vertex 24.3827 17.8261 3.2
      vertex 24.1328 16.4091 3.2
      vertex 24.3635 16.0944 3.2
    endloop
  endfacet
  facet normal -0 0 1
    outer loop
      vertex 24 17.75 3.2
      vertex 24.1328 16.4091 3.2
      vertex 24.3827 17.8261 3.2
    endloop
  endfacet
  facet normal 0 0 1
    outer loop
      vertex 24 17.75 3.2
      vertex 23.7993 16.6115 3.2
      vertex 24.1328 16.4091 3.2
    endloop
  endfacet
  facet normal 0 0 1
    outer loop
      vertex 23.6173 17.8261 3.2
      vertex 23.7993 16.6115 3.2
      vertex 24 17.75 3.2
    endloop
  endfacet
  facet normal 0 0 1
    outer loop
      vertex 23.6173 17.8261 3.2
      vertex 23.4136 16.6709 3.2
      vertex 23.7993 16.6115 3.2
    endloop
  endfacet
  facet normal 0 0 1
    outer loop
      vertex 23.2929 18.0429 3.2
      vertex 23.4136 16.6709 3.2
      vertex 23.6173 17.8261 3.2
    endloop
  endfacet
  facet normal 0 0 1
    outer loop
      vertex 21.9239 18.3673 3.2
      vertex 23.0761 18.3673 3.2
      vertex 22 18.75 3.2
    endloop
  endfacet
  facet normal 0 0 1
    outer loop
      vertex 23.2929 18.0429 3.2
      vertex 23.0346 16.5781 3.2
      vertex 23.4136 16.6709 3.2
    endloop
  endfacet
  facet normal -0 0 1
    outer loop
      vertex 22 18.75 3.2
      vertex 23.0761 18.3673 3.2
      vertex 23 18.75 3.2
    endloop
  endfacet
  facet normal 0 0 1
    outer loop
      vertex 22 18.75 3.2
      vertex 22.72 21.1526 3.2
      vertex 22.5175 21.4862 3.2
    endloop
  endfacet
  facet normal 0 0 1
    outer loop
      vertex 23.0761 18.3673 3.2
      vertex 21.9239 18.3673 3.2
      vertex 23.2929 18.0429 3.2
    endloop
  endfacet
  facet normal 0 0 1
    outer loop
      vertex 23.0761 19.1327 3.2
      vertex 22 18.75 3.2
      vertex 23 18.75 3.2
    endloop
  endfacet
  facet normal 0 0 1
    outer loop
      vertex 21.7071 18.0429 3.2
      vertex 23.2929 18.0429 3.2
      vertex 21.9239 18.3673 3.2
    endloop
  endfacet
  facet normal 0 0 1
    outer loop
      vertex 22 18.75 3.2
      vertex 22.5175 21.4862 3.2
      vertex 22.4582 21.8718 3.2
    endloop
  endfacet
  facet normal 0 0 1
    outer loop
      vertex 23.2929 18.0429 3.2
      vertex 21.7071 18.0429 3.2
      vertex 23.0346 16.5781 3.2
    endloop
  endfacet
  facet normal 0 0 1
    outer loop
      vertex 51.55 37.5 3.2
      vertex 52.35 36.7 3.2
      vertex 52.3431 36.8044 3.2
    endloop
  endfacet
  facet normal 0 0 1
    outer loop
      vertex 52.35 36.7 3.2
      vertex 47 18.75 3.2
      vertex 52.35 0.800003 3.2
    endloop
  endfacet
  facet normal 0 0 1
    outer loop
      vertex 51.55 37.5 3.2
      vertex 52.3431 36.8044 3.2
      vertex 52.3227 36.9071 3.2
    endloop
  endfacet
  facet normal -0 0 1
    outer loop
      vertex 46.8769 17.1857 3.2
      vertex 52.35 0.800003 3.2
      vertex 47 18.75 3.2
    endloop
  endfacet
  facet normal 0 0 1
    outer loop
      vertex 51.55 37.5 3.2
      vertex 52.3227 36.9071 3.2
      vertex 52.2891 37.0061 3.2
    endloop
  endfacet
  facet normal -0 0 1
    outer loop
      vertex 46.5106 15.6598 3.2
      vertex 52.35 0.800003 3.2
      vertex 46.8769 17.1857 3.2
    endloop
  endfacet
  facet normal 0 0 1
    outer loop
      vertex 51.55 37.5 3.2
      vertex 52.2891 37.0061 3.2
      vertex 52.2428 37.1 3.2
    endloop
  endfacet
  facet normal -0 0 1
    outer loop
      vertex 45.9101 14.2101 3.2
      vertex 52.35 0.800003 3.2
      vertex 46.5106 15.6598 3.2
    endloop
  endfacet
  facet normal 0 0 1
    outer loop
      vertex 51.55 37.5 3.2
      vertex 52.2428 37.1 3.2
      vertex 52.1847 37.187 3.2
    endloop
  endfacet
  facet normal -0 0 1
    outer loop
      vertex 45.0902 12.8721 3.2
      vertex 52.35 0.800003 3.2
      vertex 45.9101 14.2101 3.2
    endloop
  endfacet
  facet normal 0 0 1
    outer loop
      vertex 51.55 37.5 3.2
      vertex 52.1847 37.187 3.2
      vertex 52.1157 37.2657 3.2
    endloop
  endfacet
  facet normal -0 0 1
    outer loop
      vertex 44.0711 11.6789 3.2
      vertex 52.35 0.800003 3.2
      vertex 45.0902 12.8721 3.2
    endloop
  endfacet
  facet normal 0 0 1
    outer loop
      vertex 51.55 37.5 3.2
      vertex 52.1157 37.2657 3.2
      vertex 52.037 37.3347 3.2
    endloop
  endfacet
  facet normal -0 0 1
    outer loop
      vertex 42.8779 10.6598 3.2
      vertex 52.35 0.800003 3.2
      vertex 44.0711 11.6789 3.2
    endloop
  endfacet
  facet normal 0 0 1
    outer loop
      vertex 51.55 37.5 3.2
      vertex 52.037 37.3347 3.2
      vertex 51.95 37.3928 3.2
    endloop
  endfacet
  facet normal 0 -0 1
    outer loop
      vertex 51.55 0 3.2
      vertex 52.35 0.800003 3.2
      vertex 42.8779 10.6598 3.2
    endloop
  endfacet
  facet normal 0 0 1
    outer loop
      vertex 51.55 37.5 3.2
      vertex 51.95 37.3928 3.2
      vertex 51.8561 37.4391 3.2
    endloop
  endfacet
  facet normal 0 0 1
    outer loop
      vertex 52.35 0.800003 3.2
      vertex 51.55 0 3.2
      vertex 52.3431 0.695587 3.2
    endloop
  endfacet
  facet normal 0 0 1
    outer loop
      vertex 51.55 37.5 3.2
      vertex 51.8561 37.4391 3.2
      vertex 51.757 37.4727 3.2
    endloop
  endfacet
  facet normal 0 0 1
    outer loop
      vertex 52.3227 0.592941 3.2
      vertex 51.55 0 3.2
      vertex 52.2891 0.493851 3.2
    endloop
  endfacet
  facet normal 0 0 1
    outer loop
      vertex 51.55 37.5 3.2
      vertex 51.757 37.4727 3.2
      vertex 51.6544 37.4931 3.2
    endloop
  endfacet
  facet normal 0 0 1
    outer loop
      vertex 52.2891 0.493851 3.2
      vertex 51.55 0 3.2
      vertex 52.2428 0.400009 3.2
    endloop
  endfacet
  facet normal 0 0 1
    outer loop
      vertex 52.35 36.7 3.2
      vertex 51.55 37.5 3.2
      vertex 42.8779 26.8402 3.2
    endloop
  endfacet
  facet normal 0 0 1
    outer loop
      vertex 52.2428 0.400009 3.2
      vertex 51.55 0 3.2
      vertex 52.1847 0.312988 3.2
    endloop
  endfacet
  facet normal 0 0 1
    outer loop
      vertex 52.1847 0.312988 3.2
      vertex 51.55 0 3.2
      vertex 52.1157 0.234314 3.2
    endloop
  endfacet
  facet normal 0 0 1
    outer loop
      vertex 52.35 36.7 3.2
      vertex 46.8769 20.3143 3.2
      vertex 47 18.75 3.2
    endloop
  endfacet
  facet normal 0 0 1
    outer loop
      vertex 52.35 36.7 3.2
      vertex 46.5106 21.8402 3.2
      vertex 46.8769 20.3143 3.2
    endloop
  endfacet
  facet normal 0 0 1
    outer loop
      vertex 52.35 36.7 3.2
      vertex 45.9101 23.2899 3.2
      vertex 46.5106 21.8402 3.2
    endloop
  endfacet
  facet normal 0 0 1
    outer loop
      vertex 52.35 36.7 3.2
      vertex 45.0902 24.6279 3.2
      vertex 45.9101 23.2899 3.2
    endloop
  endfacet
  facet normal 0 0 1
    outer loop
      vertex 52.35 36.7 3.2
      vertex 44.0711 25.8211 3.2
      vertex 45.0902 24.6279 3.2
    endloop
  endfacet
  facet normal 0 0 1
    outer loop
      vertex 52.35 36.7 3.2
      vertex 42.8779 26.8402 3.2
      vertex 44.0711 25.8211 3.2
    endloop
  endfacet
  facet normal 0 0 1
    outer loop
      vertex 51.55 37.5 3.2
      vertex 41.5399 27.6601 3.2
      vertex 42.8779 26.8402 3.2
    endloop
  endfacet
  facet normal 0 0 1
    outer loop
      vertex 51.55 37.5 3.2
      vertex 40.0902 28.2606 3.2
      vertex 41.5399 27.6601 3.2
    endloop
  endfacet
  facet normal 0 0 1
    outer loop
      vertex 51.55 37.5 3.2
      vertex 38.5643 28.6269 3.2
      vertex 40.0902 28.2606 3.2
    endloop
  endfacet
  facet normal 0 0 1
    outer loop
      vertex 51.55 37.5 3.2
      vertex 37 28.75 3.2
      vertex 38.5643 28.6269 3.2
    endloop
  endfacet
  facet normal 0 0 1
    outer loop
      vertex 51.55 37.5 3.2
      vertex 35.4357 28.6269 3.2
      vertex 37 28.75 3.2
    endloop
  endfacet
  facet normal 0 0 1
    outer loop
      vertex 51.55 37.5 3.2
      vertex 33.9098 28.2606 3.2
      vertex 35.4357 28.6269 3.2
    endloop
  endfacet
  facet normal -0 0 1
    outer loop
      vertex 16.7365 28.5981 3.2
      vertex 33.9098 28.2606 3.2
      vertex 51.55 37.5 3.2
    endloop
  endfacet
  facet normal -0 0 1
    outer loop
      vertex 24.9239 19.1327 3.2
      vertex 27 18.75 3.2
      vertex 27.1231 20.3143 3.2
    endloop
  endfacet
  facet normal -0 0 1
    outer loop
      vertex 24.4563 21.7846 3.2
      vertex 27.1231 20.3143 3.2
      vertex 27.4894 21.8402 3.2
    endloop
  endfacet
  facet normal -0 0 1
    outer loop
      vertex 24.3969 22.1702 3.2
      vertex 27.4894 21.8402 3.2
      vertex 28.0899 23.2899 3.2
    endloop
  endfacet
  facet normal 0 0 1
    outer loop
      vertex 22.8481 24.8358 3.2
      vertex 28.0899 23.2899 3.2
      vertex 28.9098 24.6279 3.2
    endloop
  endfacet
  facet normal 0 0 1
    outer loop
      vertex 27 18.75 3.2
      vertex 24.9239 19.1327 3.2
      vertex 25 18.75 3.2
    endloop
  endfacet
  facet normal 0 0 1
    outer loop
      vertex 27.1231 20.3143 3.2
      vertex 24.4563 21.7846 3.2
      vertex 24.3635 21.4056 3.2
    endloop
  endfacet
  facet normal 0 0 1
    outer loop
      vertex 27.1231 20.3143 3.2
      vertex 24.7071 19.4571 3.2
      vertex 24.9239 19.1327 3.2
    endloop
  endfacet
  facet normal -0 0 1
    outer loop
      vertex 22.6604 25.1779 3.2
      vertex 28.9098 24.6279 3.2
      vertex 29.9289 25.8211 3.2
    endloop
  endfacet
  facet normal 0 0 1
    outer loop
      vertex 20.2934 27.153 3.2
      vertex 29.9289 25.8211 3.2
      vertex 31.1221 26.8402 3.2
    endloop
  endfacet
  facet normal 0 0 1
    outer loop
      vertex 27.4894 21.8402 3.2
      vertex 24.3969 22.1702 3.2
      vertex 24.4563 21.7846 3.2
    endloop
  endfacet
  facet normal 0 0 1
    outer loop
      vertex 28.0899 23.2899 3.2
      vertex 24.1945 22.5038 3.2
      vertex 24.3969 22.1702 3.2
    endloop
  endfacet
  facet normal 0 0 1
    outer loop
      vertex 28.0899 23.2899 3.2
      vertex 22.8481 24.8358 3.2
      vertex 24.1945 22.5038 3.2
    endloop
  endfacet
  facet normal -0 0 1
    outer loop
      vertex 20 27.4103 3.2
      vertex 31.1221 26.8402 3.2
      vertex 32.4601 27.6601 3.2
    endloop
  endfacet
  facet normal 0 0 1
    outer loop
      vertex 24.1945 22.5038 3.2
      vertex 22.8481 24.8358 3.2
      vertex 23.8799 22.7345 3.2
    endloop
  endfacet
  facet normal -0 -0 1
    outer loop
      vertex 22.8906 24.4479 3.2
      vertex 23.8799 22.7345 3.2
      vertex 22.8481 24.8358 3.2
    endloop
  endfacet
  facet normal -0 0 1
    outer loop
      vertex 22.7814 24.0733 3.2
      vertex 23.5009 22.8272 3.2
      vertex 22.8906 24.4479 3.2
    endloop
  endfacet
  facet normal -0 -0 1
    outer loop
      vertex 17.1001 28.4567 3.2
      vertex 33.9098 28.2606 3.2
      vertex 16.7365 28.5981 3.2
    endloop
  endfacet
  facet normal 0 0 1
    outer loop
      vertex 23.8799 22.7345 3.2
      vertex 22.8906 24.4479 3.2
      vertex 23.5009 22.8272 3.2
    endloop
  endfacet
  facet normal 0 0 1
    outer loop
      vertex 28.9098 24.6279 3.2
      vertex 22.6604 25.1779 3.2
      vertex 22.8481 24.8358 3.2
    endloop
  endfacet
  facet normal 0 0 1
    outer loop
      vertex 29.9289 25.8211 3.2
      vertex 22.3561 25.4221 3.2
      vertex 22.6604 25.1779 3.2
    endloop
  endfacet
  facet normal 0 0 1
    outer loop
      vertex 29.9289 25.8211 3.2
      vertex 20.2934 27.153 3.2
      vertex 22.3561 25.4221 3.2
    endloop
  endfacet
  facet normal 0 0 1
    outer loop
      vertex 22.3561 25.4221 3.2
      vertex 20.2934 27.153 3.2
      vertex 21.9816 25.5313 3.2
    endloop
  endfacet
  facet normal -0 0 1
    outer loop
      vertex 20.1088 25.7509 3.2
      vertex 21.0074 24.9968 3.2
      vertex 20.366 26.0442 3.2
    endloop
  endfacet
  facet normal 0 0 1
    outer loop
      vertex 21.2516 25.3011 3.2
      vertex 20.366 26.0442 3.2
      vertex 21.0074 24.9968 3.2
    endloop
  endfacet
  facet normal -0 0 1
    outer loop
      vertex 20.366 26.0442 3.2
      vertex 21.2516 25.3011 3.2
      vertex 20.4914 26.4137 3.2
    endloop
  endfacet
  facet normal 0 0 1
    outer loop
      vertex 21.5937 25.4888 3.2
      vertex 20.4914 26.4137 3.2
      vertex 21.2516 25.3011 3.2
    endloop
  endfacet
  facet normal -0 -0 1
    outer loop
      vertex 20.4659 26.803 3.2
      vertex 21.9816 25.5313 3.2
      vertex 20.2934 27.153 3.2
    endloop
  endfacet
  facet normal 0 0 1
    outer loop
      vertex 21.5937 25.4888 3.2
      vertex 20.4659 26.803 3.2
      vertex 20.4914 26.4137 3.2
    endloop
  endfacet
  facet normal 0 0 1
    outer loop
      vertex 21.9816 25.5313 3.2
      vertex 20.4659 26.803 3.2
      vertex 21.5937 25.4888 3.2
    endloop
  endfacet
  facet normal 0 0 1
    outer loop
      vertex 31.1221 26.8402 3.2
      vertex 20 27.4103 3.2
      vertex 20.2934 27.153 3.2
    endloop
  endfacet
  facet normal 0 0 1
    outer loop
      vertex 32.4601 27.6601 3.2
      vertex 19.6305 27.5357 3.2
      vertex 20 27.4103 3.2
    endloop
  endfacet
  facet normal 0 0 1
    outer loop
      vertex 33.9098 28.2606 3.2
      vertex 19.6305 27.5357 3.2
      vertex 32.4601 27.6601 3.2
    endloop
  endfacet
  facet normal 0 0 1
    outer loop
      vertex 18.7066 25.9355 3.2
      vertex 18.1305 24.9376 3.2
      vertex 18.5 24.8122 3.2
    endloop
  endfacet
  facet normal 0 0 1
    outer loop
      vertex 18.5341 26.2854 3.2
      vertex 17.7412 24.9121 3.2
      vertex 18.1305 24.9376 3.2
    endloop
  endfacet
  facet normal 0 0 1
    outer loop
      vertex 17.5476 27.4396 3.2
      vertex 18.5086 26.6748 3.2
      vertex 18.634 27.0442 3.2
    endloop
  endfacet
  facet normal 0 0 1
    outer loop
      vertex 18.5086 26.6748 3.2
      vertex 17.4062 27.076 3.2
      vertex 18.5341 26.2854 3.2
    endloop
  endfacet
  facet normal 0 0 1
    outer loop
      vertex 18.8912 27.3376 3.2
      vertex 17.5476 27.4396 3.2
      vertex 18.634 27.0442 3.2
    endloop
  endfacet
  facet normal 0 0 1
    outer loop
      vertex 17.5391 27.8297 3.2
      vertex 18.8912 27.3376 3.2
      vertex 19.2412 27.5102 3.2
    endloop
  endfacet
  facet normal 0 0 1
    outer loop
      vertex 19.6305 27.5357 3.2
      vertex 17.1001 28.4567 3.2
      vertex 19.2412 27.5102 3.2
    endloop
  endfacet
  facet normal 0 0 1
    outer loop
      vertex 18.8912 27.3376 3.2
      vertex 17.5391 27.8297 3.2
      vertex 17.5476 27.4396 3.2
    endloop
  endfacet
  facet normal 0 0 1
    outer loop
      vertex 19.2412 27.5102 3.2
      vertex 17.382 28.1868 3.2
      vertex 17.5391 27.8297 3.2
    endloop
  endfacet
  facet normal 0 0 1
    outer loop
      vertex 19.2412 27.5102 3.2
      vertex 17.1001 28.4567 3.2
      vertex 17.382 28.1868 3.2
    endloop
  endfacet
  facet normal 0 -0 1
    outer loop
      vertex 19.6305 27.5357 3.2
      vertex 33.9098 28.2606 3.2
      vertex 17.1001 28.4567 3.2
    endloop
  endfacet
  facet normal -0 0 1
    outer loop
      vertex 0.800003 37.5 3.2
      vertex 16.7365 28.5981 3.2
      vertex 51.55 37.5 3.2
    endloop
  endfacet
  facet normal 0 0 1
    outer loop
      vertex 15.7437 27.0397 3.2
      vertex 15 25.75 3.2
      vertex 15.3827 25.6739 3.2
    endloop
  endfacet
  facet normal 0 0 1
    outer loop
      vertex 15.5865 27.3968 3.2
      vertex 14.4135 27.3968 3.2
      vertex 15.7437 27.0397 3.2
    endloop
  endfacet
  facet normal 0 0 1
    outer loop
      vertex 14.422 27.7869 3.2
      vertex 15.578 27.7869 3.2
      vertex 15.7194 28.1506 3.2
    endloop
  endfacet
  facet normal 0 0 1
    outer loop
      vertex 14.2563 27.0397 3.2
      vertex 15.7437 27.0397 3.2
      vertex 14.4135 27.3968 3.2
    endloop
  endfacet
  facet normal 0 0 1
    outer loop
      vertex 14.2806 28.1506 3.2
      vertex 15.7194 28.1506 3.2
      vertex 15.9893 28.4324 3.2
    endloop
  endfacet
  facet normal 0 0 1
    outer loop
      vertex 14.0107 28.4324 3.2
      vertex 15.9893 28.4324 3.2
      vertex 16.3464 28.5896 3.2
    endloop
  endfacet
  facet normal 0 0 1
    outer loop
      vertex 15.7194 28.1506 3.2
      vertex 14.2806 28.1506 3.2
      vertex 14.422 27.7869 3.2
    endloop
  endfacet
  facet normal 0 0 1
    outer loop
      vertex 16.7365 28.5981 3.2
      vertex 0.800003 37.5 3.2
      vertex 16.3464 28.5896 3.2
    endloop
  endfacet
  facet normal 0 0 1
    outer loop
      vertex 15.9893 28.4324 3.2
      vertex 14.0107 28.4324 3.2
      vertex 14.2806 28.1506 3.2
    endloop
  endfacet
  facet normal 0 0 1
    outer loop
      vertex 16.3464 28.5896 3.2
      vertex 13.6536 28.5896 3.2
      vertex 14.0107 28.4324 3.2
    endloop
  endfacet
  facet normal 0 0 1
    outer loop
      vertex 16.3464 28.5896 3.2
      vertex 0.800003 37.5 3.2
      vertex 13.6536 28.5896 3.2
    endloop
  endfacet
  facet normal 0 0 1
    outer loop
      vertex 11.366 27.0442 3.2
      vertex 12.4524 27.4396 3.2
      vertex 12.4609 27.8297 3.2
    endloop
  endfacet
  facet normal 0 0 1
    outer loop
      vertex 11.4659 26.2854 3.2
      vertex 12.8636 26.7941 3.2
      vertex 11.4914 26.6748 3.2
    endloop
  endfacet
  facet normal 0 0 1
    outer loop
      vertex 12.8636 26.7941 3.2
      vertex 11.4659 26.2854 3.2
      vertex 12.2588 24.9121 3.2
    endloop
  endfacet
  facet normal 0 0 1
    outer loop
      vertex 12.2588 24.9121 3.2
      vertex 11.4659 26.2854 3.2
      vertex 11.8695 24.9376 3.2
    endloop
  endfacet
  facet normal 0 0 1
    outer loop
      vertex 11.1088 27.3376 3.2
      vertex 12.4609 27.8297 3.2
      vertex 12.618 28.1868 3.2
    endloop
  endfacet
  facet normal 0 0 1
    outer loop
      vertex 12.4524 27.4396 3.2
      vertex 11.366 27.0442 3.2
      vertex 11.4914 26.6748 3.2
    endloop
  endfacet
  facet normal 0 0 1
    outer loop
      vertex 10.7588 27.5102 3.2
      vertex 12.618 28.1868 3.2
      vertex 12.8999 28.4567 3.2
    endloop
  endfacet
  facet normal 0 0 1
    outer loop
      vertex 12.4609 27.8297 3.2
      vertex 11.1088 27.3376 3.2
      vertex 11.366 27.0442 3.2
    endloop
  endfacet
  facet normal 0 0 1
    outer loop
      vertex 12.618 28.1868 3.2
      vertex 10.7588 27.5102 3.2
      vertex 11.1088 27.3376 3.2
    endloop
  endfacet
  facet normal 0 0 1
    outer loop
      vertex 12.8999 28.4567 3.2
      vertex 10.3695 27.5357 3.2
      vertex 10.7588 27.5102 3.2
    endloop
  endfacet
  facet normal 0 0 1
    outer loop
      vertex 0.800003 37.5 3.2
      vertex 12.8999 28.4567 3.2
      vertex 13.2635 28.5981 3.2
    endloop
  endfacet
  facet normal 0 0 1
    outer loop
      vertex 12.8999 28.4567 3.2
      vertex 0.800003 37.5 3.2
      vertex 10.3695 27.5357 3.2
    endloop
  endfacet
  facet normal 0 0 1
    outer loop
      vertex 8.40631 25.4888 3.2
      vertex 9.50856 26.4137 3.2
      vertex 9.53407 26.803 3.2
    endloop
  endfacet
  facet normal -0 0 1
    outer loop
      vertex 8.87164 23.8923 3.2
      vertex 9.93437 22.7414 3.2
      vertex 9.05932 24.2344 3.2
    endloop
  endfacet
  facet normal 0 0 1
    outer loop
      vertex 9.89124 25.7509 3.2
      vertex 8.99261 24.9968 3.2
      vertex 9.1018 24.6222 3.2
    endloop
  endfacet
  facet normal 0 0 1
    outer loop
      vertex 9.63398 26.0442 3.2
      vertex 8.74839 25.3011 3.2
      vertex 8.99261 24.9968 3.2
    endloop
  endfacet
  facet normal 0 0 1
    outer loop
      vertex 8.01845 25.5313 3.2
      vertex 9.53407 26.803 3.2
      vertex 9.70665 27.153 3.2
    endloop
  endfacet
  facet normal 0 0 1
    outer loop
      vertex 9.50856 26.4137 3.2
      vertex 8.40631 25.4888 3.2
      vertex 8.74839 25.3011 3.2
    endloop
  endfacet
  facet normal 0 0 1
    outer loop
      vertex 9.53407 26.803 3.2
      vertex 8.01845 25.5313 3.2
      vertex 8.40631 25.4888 3.2
    endloop
  endfacet
  facet normal 0 0 1
    outer loop
      vertex 9.70665 27.153 3.2
      vertex 7.64385 25.4221 3.2
      vertex 8.01845 25.5313 3.2
    endloop
  endfacet
  facet normal 0 0 1
    outer loop
      vertex 0.800003 37.5 3.2
      vertex 9.70665 27.153 3.2
      vertex 10 27.4103 3.2
    endloop
  endfacet
  facet normal 0 0 1
    outer loop
      vertex 9.70665 27.153 3.2
      vertex 0 36.7 3.2
      vertex 7.64385 25.4221 3.2
    endloop
  endfacet
  facet normal 0 0 1
    outer loop
      vertex 6.12015 22.7345 3.2
      vertex 7.10941 24.4479 3.2
      vertex 7.15188 24.8358 3.2
    endloop
  endfacet
  facet normal 0 0 1
    outer loop
      vertex 7.21859 24.0733 3.2
      vertex 6.49915 22.8272 3.2
      vertex 6.88479 22.7679 3.2
    endloop
  endfacet
  facet normal 0 0 1
    outer loop
      vertex 7.10941 24.4479 3.2
      vertex 6.12015 22.7345 3.2
      vertex 6.49915 22.8272 3.2
    endloop
  endfacet
  facet normal 0 0 1
    outer loop
      vertex 7.15188 24.8358 3.2
      vertex 5.80549 22.5038 3.2
      vertex 6.12015 22.7345 3.2
    endloop
  endfacet
  facet normal 0 0 1
    outer loop
      vertex 0 36.7 3.2
      vertex 7.15188 24.8358 3.2
      vertex 7.33956 25.1779 3.2
    endloop
  endfacet
  facet normal 0 0 1
    outer loop
      vertex 7.15188 24.8358 3.2
      vertex 0 36.7 3.2
      vertex 5.80549 22.5038 3.2
    endloop
  endfacet
  facet normal 0 0 1
    outer loop
      vertex 5.54372 21.7846 3.2
      vertex 5.07612 19.1327 3.2
      vertex 5.29289 19.4571 3.2
    endloop
  endfacet
  facet normal 0 0 1
    outer loop
      vertex 0 36.7 3.2
      vertex 5.54372 21.7846 3.2
      vertex 5.60307 22.1702 3.2
    endloop
  endfacet
  facet normal 0 0 1
    outer loop
      vertex 5.54372 21.7846 3.2
      vertex 0 36.7 3.2
      vertex 5.07612 19.1327 3.2
    endloop
  endfacet
  facet normal 0 0 1
    outer loop
      vertex 5.80549 22.5038 3.2
      vertex 0 36.7 3.2
      vertex 5.60307 22.1702 3.2
    endloop
  endfacet
  facet normal 0 0 1
    outer loop
      vertex 7.64385 25.4221 3.2
      vertex 0 36.7 3.2
      vertex 7.33956 25.1779 3.2
    endloop
  endfacet
  facet normal 0 0 1
    outer loop
      vertex 9.70665 27.153 3.2
      vertex 0.800003 37.5 3.2
      vertex 0 36.7 3.2
    endloop
  endfacet
  facet normal 0 0 1
    outer loop
      vertex 10.3695 27.5357 3.2
      vertex 0.800003 37.5 3.2
      vertex 10 27.4103 3.2
    endloop
  endfacet
  facet normal 0 0 1
    outer loop
      vertex 13.6536 28.5896 3.2
      vertex 0.800003 37.5 3.2
      vertex 13.2635 28.5981 3.2
    endloop
  endfacet
  facet normal 0 0 1
    outer loop
      vertex 52.1157 0.234314 3.2
      vertex 51.55 0 3.2
      vertex 52.037 0.165314 3.2
    endloop
  endfacet
  facet normal 0 0 1
    outer loop
      vertex 51.95 0.107178 3.2
      vertex 51.55 0 3.2
      vertex 51.8561 0.0608978 3.2
    endloop
  endfacet
  facet normal 0 0 1
    outer loop
      vertex 51.8561 0.0608978 3.2
      vertex 51.55 0 3.2
      vertex 51.757 0.0272675 3.2
    endloop
  endfacet
  facet normal 0 0 1
    outer loop
      vertex 51.757 0.0272675 3.2
      vertex 51.55 0 3.2
      vertex 51.6544 0.0068512 3.2
    endloop
  endfacet
  facet normal 0 0 1
    outer loop
      vertex 52.037 0.165314 3.2
      vertex 51.55 0 3.2
      vertex 51.95 0.107178 3.2
    endloop
  endfacet
  facet normal 0 0 1
    outer loop
      vertex 52.3431 0.695587 3.2
      vertex 51.55 0 3.2
      vertex 52.3227 0.592941 3.2
    endloop
  endfacet
  facet normal -0 0 1
    outer loop
      vertex 41.5399 9.83994 3.2
      vertex 51.55 0 3.2
      vertex 42.8779 10.6598 3.2
    endloop
  endfacet
  facet normal -0 0 1
    outer loop
      vertex 40.0902 9.23944 3.2
      vertex 51.55 0 3.2
      vertex 41.5399 9.83994 3.2
    endloop
  endfacet
  facet normal -0 0 1
    outer loop
      vertex 38.5643 8.87312 3.2
      vertex 51.55 0 3.2
      vertex 40.0902 9.23944 3.2
    endloop
  endfacet
  facet normal -0 0 1
    outer loop
      vertex 37 8.75 3.2
      vertex 51.55 0 3.2
      vertex 38.5643 8.87312 3.2
    endloop
  endfacet
  facet normal 0 0 1
    outer loop
      vertex 35.4357 8.87312 3.2
      vertex 51.55 0 3.2
      vertex 37 8.75 3.2
    endloop
  endfacet
  facet normal 0 0 1
    outer loop
      vertex 33.9098 9.23944 3.2
      vertex 51.55 0 3.2
      vertex 35.4357 8.87312 3.2
    endloop
  endfacet
  facet normal 0 0 1
    outer loop
      vertex 19.6305 9.96433 3.2
      vertex 33.9098 9.23944 3.2
      vertex 32.4601 9.83994 3.2
    endloop
  endfacet
  facet normal 0 0 1
    outer loop
      vertex 24.9239 18.3673 3.2
      vertex 27 18.75 3.2
      vertex 25 18.75 3.2
    endloop
  endfacet
  facet normal 0 0 1
    outer loop
      vertex 27 18.75 3.2
      vertex 24.9239 18.3673 3.2
      vertex 27.1231 17.1857 3.2
    endloop
  endfacet
  facet normal -0 0 1
    outer loop
      vertex 24.7071 18.0429 3.2
      vertex 27.1231 17.1857 3.2
      vertex 24.9239 18.3673 3.2
    endloop
  endfacet
  facet normal 0 0 1
    outer loop
      vertex 24.4563 15.7154 3.2
      vertex 27.1231 17.1857 3.2
      vertex 24.7071 18.0429 3.2
    endloop
  endfacet
  facet normal 0 0 1
    outer loop
      vertex 27.1231 17.1857 3.2
      vertex 24.4563 15.7154 3.2
      vertex 27.4894 15.6598 3.2
    endloop
  endfacet
  facet normal 0 0 1
    outer loop
      vertex 24.3969 15.3298 3.2
      vertex 27.4894 15.6598 3.2
      vertex 24.4563 15.7154 3.2
    endloop
  endfacet
  facet normal 0 0 1
    outer loop
      vertex 27.4894 15.6598 3.2
      vertex 24.3969 15.3298 3.2
      vertex 28.0899 14.2101 3.2
    endloop
  endfacet
  facet normal -0 0 1
    outer loop
      vertex 24.1945 14.9962 3.2
      vertex 28.0899 14.2101 3.2
      vertex 24.3969 15.3298 3.2
    endloop
  endfacet
  facet normal 0 0 1
    outer loop
      vertex 22.8481 12.6642 3.2
      vertex 28.0899 14.2101 3.2
      vertex 24.1945 14.9962 3.2
    endloop
  endfacet
  facet normal 0 0 1
    outer loop
      vertex 28.0899 14.2101 3.2
      vertex 22.8481 12.6642 3.2
      vertex 28.9098 12.8721 3.2
    endloop
  endfacet
  facet normal 0 0 1
    outer loop
      vertex 22.6604 12.3221 3.2
      vertex 28.9098 12.8721 3.2
      vertex 22.8481 12.6642 3.2
    endloop
  endfacet
  facet normal 0 0 1
    outer loop
      vertex 22.8481 12.6642 3.2
      vertex 24.1945 14.9962 3.2
      vertex 23.8799 14.7655 3.2
    endloop
  endfacet
  facet normal 0 0 1
    outer loop
      vertex 28.9098 12.8721 3.2
      vertex 22.6604 12.3221 3.2
      vertex 29.9289 11.6789 3.2
    endloop
  endfacet
  facet normal 0 0 1
    outer loop
      vertex 22.8906 13.0521 3.2
      vertex 23.8799 14.7655 3.2
      vertex 23.5009 14.6728 3.2
    endloop
  endfacet
  facet normal 0 0 1
    outer loop
      vertex 22.8906 13.0521 3.2
      vertex 23.5009 14.6728 3.2
      vertex 23.1152 14.7321 3.2
    endloop
  endfacet
  facet normal 0 0 1
    outer loop
      vertex 23.8799 14.7655 3.2
      vertex 22.8906 13.0521 3.2
      vertex 22.8481 12.6642 3.2
    endloop
  endfacet
  facet normal -0 0 1
    outer loop
      vertex 22.3561 12.0779 3.2
      vertex 29.9289 11.6789 3.2
      vertex 22.6604 12.3221 3.2
    endloop
  endfacet
  facet normal 0 0 1
    outer loop
      vertex 20.2934 10.347 3.2
      vertex 29.9289 11.6789 3.2
      vertex 22.3561 12.0779 3.2
    endloop
  endfacet
  facet normal 0 0 1
    outer loop
      vertex 29.9289 11.6789 3.2
      vertex 20.2934 10.347 3.2
      vertex 31.1221 10.6598 3.2
    endloop
  endfacet
  facet normal 0 0 1
    outer loop
      vertex 20 10.0897 3.2
      vertex 31.1221 10.6598 3.2
      vertex 20.2934 10.347 3.2
    endloop
  endfacet
  facet normal 0 0 1
    outer loop
      vertex 20.2934 10.347 3.2
      vertex 22.3561 12.0779 3.2
      vertex 21.9816 11.9687 3.2
    endloop
  endfacet
  facet normal 0 0 1
    outer loop
      vertex 20.4659 10.697 3.2
      vertex 21.9816 11.9687 3.2
      vertex 21.5937 12.0112 3.2
    endloop
  endfacet
  facet normal 0 0 1
    outer loop
      vertex 21.1284 13.6077 3.2
      vertex 20.0656 14.7586 3.2
      vertex 20.9407 13.2656 3.2
    endloop
  endfacet
  facet normal 0 0 1
    outer loop
      vertex 20.4914 11.0863 3.2
      vertex 21.0074 12.5032 3.2
      vertex 20.8982 12.8778 3.2
    endloop
  endfacet
  facet normal 0 0 1
    outer loop
      vertex 20.4914 11.0863 3.2
      vertex 21.2516 12.1989 3.2
      vertex 21.0074 12.5032 3.2
    endloop
  endfacet
  facet normal 0 0 1
    outer loop
      vertex 20.4914 11.0863 3.2
      vertex 21.5937 12.0112 3.2
      vertex 21.2516 12.1989 3.2
    endloop
  endfacet
  facet normal 0 0 1
    outer loop
      vertex 20.4659 10.697 3.2
      vertex 21.5937 12.0112 3.2
      vertex 20.4914 11.0863 3.2
    endloop
  endfacet
  facet normal 0 0 1
    outer loop
      vertex 21.9816 11.9687 3.2
      vertex 20.4659 10.697 3.2
      vertex 20.2934 10.347 3.2
    endloop
  endfacet
  facet normal 0 0 1
    outer loop
      vertex 31.1221 10.6598 3.2
      vertex 20 10.0897 3.2
      vertex 32.4601 9.83994 3.2
    endloop
  endfacet
  facet normal -0 0 1
    outer loop
      vertex 19.6305 9.96433 3.2
      vertex 32.4601 9.83994 3.2
      vertex 20 10.0897 3.2
    endloop
  endfacet
  facet normal 0 0 1
    outer loop
      vertex 33.9098 9.23944 3.2
      vertex 19.6305 9.96433 3.2
      vertex 17.1001 9.04334 3.2
    endloop
  endfacet
  facet normal 0 0 1
    outer loop
      vertex 17.1001 9.04334 3.2
      vertex 19.6305 9.96433 3.2
      vertex 19.2412 9.98985 3.2
    endloop
  endfacet
  facet normal 0 0 1
    outer loop
      vertex 17.7412 12.5879 3.2
      vertex 18.5341 11.2146 3.2
      vertex 18.1305 12.5624 3.2
    endloop
  endfacet
  facet normal 0 0 1
    outer loop
      vertex 17.1364 10.7059 3.2
      vertex 18.5341 11.2146 3.2
      vertex 17.7412 12.5879 3.2
    endloop
  endfacet
  facet normal 0 0 1
    outer loop
      vertex 17.4062 10.424 3.2
      vertex 18.5086 10.8252 3.2
      vertex 18.5341 11.2146 3.2
    endloop
  endfacet
  facet normal 0 0 1
    outer loop
      vertex 18.5086 10.8252 3.2
      vertex 17.5476 10.0604 3.2
      vertex 18.634 10.4558 3.2
    endloop
  endfacet
  facet normal 0 0 1
    outer loop
      vertex 17.5476 10.0604 3.2
      vertex 18.8912 10.1624 3.2
      vertex 18.634 10.4558 3.2
    endloop
  endfacet
  facet normal 0 0 1
    outer loop
      vertex 17.5391 9.67029 3.2
      vertex 18.8912 10.1624 3.2
      vertex 17.5476 10.0604 3.2
    endloop
  endfacet
  facet normal 0 0 1
    outer loop
      vertex 18.8912 10.1624 3.2
      vertex 17.5391 9.67029 3.2
      vertex 19.2412 9.98985 3.2
    endloop
  endfacet
  facet normal 0 0 1
    outer loop
      vertex 17.382 9.31315 3.2
      vertex 19.2412 9.98985 3.2
      vertex 17.5391 9.67029 3.2
    endloop
  endfacet
  facet normal 0 0 1
    outer loop
      vertex 17.1001 9.04334 3.2
      vertex 19.2412 9.98985 3.2
      vertex 17.382 9.31315 3.2
    endloop
  endfacet
  facet normal 0 0 1
    outer loop
      vertex 33.9098 9.23944 3.2
      vertex 17.1001 9.04334 3.2
      vertex 16.7365 8.90192 3.2
    endloop
  endfacet
  facet normal 0 0 1
    outer loop
      vertex 33.9098 9.23944 3.2
      vertex 16.7365 8.90192 3.2
      vertex 51.55 0 3.2
    endloop
  endfacet
  facet normal 0 0 1
    outer loop
      vertex 0.800003 0 3.2
      vertex 16.7365 8.90192 3.2
      vertex 16.3464 8.91043 3.2
    endloop
  endfacet
  facet normal 0 0 1
    outer loop
      vertex 14.4135 10.1032 3.2
      vertex 15.5865 10.1032 3.2
      vertex 15.7437 10.4603 3.2
    endloop
  endfacet
  facet normal 0 0 1
    outer loop
      vertex 14.2563 10.4603 3.2
      vertex 15 11.75 3.2
      vertex 14.6173 11.8261 3.2
    endloop
  endfacet
  facet normal 0 0 1
    outer loop
      vertex 15.5865 10.1032 3.2
      vertex 14.422 9.71308 3.2
      vertex 15.578 9.71308 3.2
    endloop
  endfacet
  facet normal 0 0 1
    outer loop
      vertex 15.578 9.71308 3.2
      vertex 14.422 9.71308 3.2
      vertex 15.7194 9.34943 3.2
    endloop
  endfacet
  facet normal 0 0 1
    outer loop
      vertex 14.2806 9.34943 3.2
      vertex 15.7194 9.34943 3.2
      vertex 14.422 9.71308 3.2
    endloop
  endfacet
  facet normal 0 0 1
    outer loop
      vertex 15.7194 9.34943 3.2
      vertex 14.2806 9.34943 3.2
      vertex 15.9893 9.06758 3.2
    endloop
  endfacet
  facet normal 0 0 1
    outer loop
      vertex 14.0107 9.06758 3.2
      vertex 15.9893 9.06758 3.2
      vertex 14.2806 9.34943 3.2
    endloop
  endfacet
  facet normal 0 0 1
    outer loop
      vertex 15.9893 9.06758 3.2
      vertex 14.0107 9.06758 3.2
      vertex 16.3464 8.91043 3.2
    endloop
  endfacet
  facet normal 0 0 1
    outer loop
      vertex 13.6536 8.91043 3.2
      vertex 16.3464 8.91043 3.2
      vertex 14.0107 9.06758 3.2
    endloop
  endfacet
  facet normal 0 0 1
    outer loop
      vertex 0.800003 0 3.2
      vertex 16.3464 8.91043 3.2
      vertex 13.6536 8.91043 3.2
    endloop
  endfacet
  facet normal 0 0 1
    outer loop
      vertex 0.800003 0 3.2
      vertex 13.6536 8.91043 3.2
      vertex 13.2635 8.90192 3.2
    endloop
  endfacet
  facet normal 0 0 1
    outer loop
      vertex 12.5938 10.424 3.2
      vertex 11.4914 10.8252 3.2
      vertex 12.4524 10.0604 3.2
    endloop
  endfacet
  facet normal 0 0 1
    outer loop
      vertex 11.4659 11.2146 3.2
      vertex 12.2588 12.5879 3.2
      vertex 11.8695 12.5624 3.2
    endloop
  endfacet
  facet normal 0 0 1
    outer loop
      vertex 11.2934 11.5645 3.2
      vertex 11.8695 12.5624 3.2
      vertex 11.5 12.6878 3.2
    endloop
  endfacet
  facet normal -0 0 1
    outer loop
      vertex 11.366 10.4558 3.2
      vertex 12.4524 10.0604 3.2
      vertex 11.4914 10.8252 3.2
    endloop
  endfacet
  facet normal 0 0 1
    outer loop
      vertex 12.4524 10.0604 3.2
      vertex 11.366 10.4558 3.2
      vertex 12.4609 9.67029 3.2
    endloop
  endfacet
  facet normal -0 0 1
    outer loop
      vertex 11.1088 10.1624 3.2
      vertex 12.4609 9.67029 3.2
      vertex 11.366 10.4558 3.2
    endloop
  endfacet
  facet normal 0 0 1
    outer loop
      vertex 12.4609 9.67029 3.2
      vertex 11.1088 10.1624 3.2
      vertex 12.618 9.31315 3.2
    endloop
  endfacet
  facet normal -0 0 1
    outer loop
      vertex 10.7588 9.98985 3.2
      vertex 12.618 9.31315 3.2
      vertex 11.1088 10.1624 3.2
    endloop
  endfacet
  facet normal 0 0 1
    outer loop
      vertex 12.618 9.31315 3.2
      vertex 10.7588 9.98985 3.2
      vertex 12.8999 9.04334 3.2
    endloop
  endfacet
  facet normal -0 0 1
    outer loop
      vertex 10.3695 9.96433 3.2
      vertex 12.8999 9.04334 3.2
      vertex 10.7588 9.98985 3.2
    endloop
  endfacet
  facet normal 0 0 1
    outer loop
      vertex 0.800003 0 3.2
      vertex 12.8999 9.04334 3.2
      vertex 10.3695 9.96433 3.2
    endloop
  endfacet
  facet normal 0 0 1
    outer loop
      vertex 0.800003 0 3.2
      vertex 10.3695 9.96433 3.2
      vertex 10 10.0897 3.2
    endloop
  endfacet
  facet normal 0 0 1
    outer loop
      vertex 9.89124 11.7491 3.2
      vertex 8.99261 12.5032 3.2
      vertex 9.63398 11.4558 3.2
    endloop
  endfacet
  facet normal -0 0 1
    outer loop
      vertex 8.74839 12.1989 3.2
      vertex 9.63398 11.4558 3.2
      vertex 8.99261 12.5032 3.2
    endloop
  endfacet
  facet normal 0 0 1
    outer loop
      vertex 9.63398 11.4558 3.2
      vertex 8.74839 12.1989 3.2
      vertex 9.50856 11.0863 3.2
    endloop
  endfacet
  facet normal -0 0 1
    outer loop
      vertex 8.40631 12.0112 3.2
      vertex 9.50856 11.0863 3.2
      vertex 8.74839 12.1989 3.2
    endloop
  endfacet
  facet normal 0 0 1
    outer loop
      vertex 9.50856 11.0863 3.2
      vertex 8.40631 12.0112 3.2
      vertex 9.53407 10.697 3.2
    endloop
  endfacet
  facet normal -0 0 1
    outer loop
      vertex 8.01845 11.9687 3.2
      vertex 9.53407 10.697 3.2
      vertex 8.40631 12.0112 3.2
    endloop
  endfacet
  facet normal 0 0 1
    outer loop
      vertex 9.53407 10.697 3.2
      vertex 8.01845 11.9687 3.2
      vertex 9.70665 10.347 3.2
    endloop
  endfacet
  facet normal 0 0 1
    outer loop
      vertex 7.64385 12.0779 3.2
      vertex 9.70665 10.347 3.2
      vertex 8.01845 11.9687 3.2
    endloop
  endfacet
  facet normal 0 0 1
    outer loop
      vertex 0 0.800003 3.2
      vertex 9.70665 10.347 3.2
      vertex 7.64385 12.0779 3.2
    endloop
  endfacet
  facet normal 0 0 1
    outer loop
      vertex 0 0.800003 3.2
      vertex 7.64385 12.0779 3.2
      vertex 7.33956 12.3221 3.2
    endloop
  endfacet
  facet normal 0 0 1
    outer loop
      vertex 7.21859 13.4267 3.2
      vertex 6.49915 14.6728 3.2
      vertex 7.10941 13.0521 3.2
    endloop
  endfacet
  facet normal 0 0 1
    outer loop
      vertex 6.12015 14.7655 3.2
      vertex 7.10941 13.0521 3.2
      vertex 6.49915 14.6728 3.2
    endloop
  endfacet
  facet normal 0 0 1
    outer loop
      vertex 7.10941 13.0521 3.2
      vertex 6.12015 14.7655 3.2
      vertex 7.15188 12.6642 3.2
    endloop
  endfacet
  facet normal 0 0 1
    outer loop
      vertex 5.80549 14.9962 3.2
      vertex 7.15188 12.6642 3.2
      vertex 6.12015 14.7655 3.2
    endloop
  endfacet
  facet normal 0 0 1
    outer loop
      vertex 0 0.800003 3.2
      vertex 7.15188 12.6642 3.2
      vertex 5.80549 14.9962 3.2
    endloop
  endfacet
  facet normal 0 0 1
    outer loop
      vertex 0 0.800003 3.2
      vertex 5.80549 14.9962 3.2
      vertex 5.60307 15.3298 3.2
    endloop
  endfacet
  facet normal 0 0 1
    outer loop
      vertex 5.07612 18.3673 3.2
      vertex 5.54372 15.7154 3.2
      vertex 5.29289 18.0429 3.2
    endloop
  endfacet
  facet normal 0 0 1
    outer loop
      vertex 0 0.800003 3.2
      vertex 5.54372 15.7154 3.2
      vertex 5.07612 18.3673 3.2
    endloop
  endfacet
  facet normal 0 0 1
    outer loop
      vertex 0 0.800003 3.2
      vertex 5.07612 18.3673 3.2
      vertex 5 18.75 3.2
    endloop
  endfacet
  facet normal 0 0 1
    outer loop
      vertex 5.07612 19.1327 3.2
      vertex 0 36.7 3.2
      vertex 5 18.75 3.2
    endloop
  endfacet
  facet normal 0 0 1
    outer loop
      vertex 16.7365 8.90192 3.2
      vertex 0.800003 0 3.2
      vertex 51.55 0 3.2
    endloop
  endfacet
  facet normal 0 0 1
    outer loop
      vertex 12.8999 9.04334 3.2
      vertex 0.800003 0 3.2
      vertex 13.2635 8.90192 3.2
    endloop
  endfacet
  facet normal 0 -0 1
    outer loop
      vertex 0.800003 0 3.2
      vertex 9.70665 10.347 3.2
      vertex 0 0.800003 3.2
    endloop
  endfacet
  facet normal 0 0 1
    outer loop
      vertex 7.15188 12.6642 3.2
      vertex 0 0.800003 3.2
      vertex 7.33956 12.3221 3.2
    endloop
  endfacet
  facet normal 0 0 1
    outer loop
      vertex 0 0.800003 3.2
      vertex 5 18.75 3.2
      vertex 0 36.7 3.2
    endloop
  endfacet
  facet normal 0 0 1
    outer loop
      vertex 0 36.7 3.2
      vertex 0.800003 37.5 3.2
      vertex 0.695587 37.4931 3.2
    endloop
  endfacet
  facet normal 0 0 1
    outer loop
      vertex 5.54372 15.7154 3.2
      vertex 0 0.800003 3.2
      vertex 5.60307 15.3298 3.2
    endloop
  endfacet
  facet normal 0 0 1
    outer loop
      vertex 0 36.7 3.2
      vertex 0.695587 37.4931 3.2
      vertex 0.592941 37.4727 3.2
    endloop
  endfacet
  facet normal 0 0 1
    outer loop
      vertex 9.70665 10.347 3.2
      vertex 0.800003 0 3.2
      vertex 10 10.0897 3.2
    endloop
  endfacet
  facet normal 0 0 1
    outer loop
      vertex 0 36.7 3.2
      vertex 0.592941 37.4727 3.2
      vertex 0.493851 37.4391 3.2
    endloop
  endfacet
  facet normal 0 0 1
    outer loop
      vertex 0.800003 0 3.2
      vertex 0 0.800003 3.2
      vertex 0.695587 0.0068512 3.2
    endloop
  endfacet
  facet normal 0 0 1
    outer loop
      vertex 0 36.7 3.2
      vertex 0.493851 37.4391 3.2
      vertex 0.400009 37.3928 3.2
    endloop
  endfacet
  facet normal 0 0 1
    outer loop
      vertex 0.695587 0.0068512 3.2
      vertex 0 0.800003 3.2
      vertex 0.592941 0.0272675 3.2
    endloop
  endfacet
  facet normal 0 0 1
    outer loop
      vertex 0 36.7 3.2
      vertex 0.400009 37.3928 3.2
      vertex 0.312988 37.3347 3.2
    endloop
  endfacet
  facet normal 0 0 1
    outer loop
      vertex 0.592941 0.0272675 3.2
      vertex 0 0.800003 3.2
      vertex 0.493851 0.0608978 3.2
    endloop
  endfacet
  facet normal 0 0 1
    outer loop
      vertex 0 36.7 3.2
      vertex 0.312988 37.3347 3.2
      vertex 0.234314 37.2657 3.2
    endloop
  endfacet
  facet normal 0 0 1
    outer loop
      vertex 0.493851 0.0608978 3.2
      vertex 0 0.800003 3.2
      vertex 0.400009 0.107178 3.2
    endloop
  endfacet
  facet normal 0 0 1
    outer loop
      vertex 0 36.7 3.2
      vertex 0.234314 37.2657 3.2
      vertex 0.165314 37.187 3.2
    endloop
  endfacet
  facet normal 0 0 1
    outer loop
      vertex 0.400009 0.107178 3.2
      vertex 0 0.800003 3.2
      vertex 0.312988 0.165314 3.2
    endloop
  endfacet
  facet normal 0 0 1
    outer loop
      vertex 0 36.7 3.2
      vertex 0.165314 37.187 3.2
      vertex 0.107178 37.1 3.2
    endloop
  endfacet
  facet normal 0 0 1
    outer loop
      vertex 0.312988 0.165314 3.2
      vertex 0 0.800003 3.2
      vertex 0.234314 0.234314 3.2
    endloop
  endfacet
  facet normal 0 0 1
    outer loop
      vertex 0 36.7 3.2
      vertex 0.107178 37.1 3.2
      vertex 0.0608978 37.0061 3.2
    endloop
  endfacet
  facet normal 0 0 1
    outer loop
      vertex 0.234314 0.234314 3.2
      vertex 0 0.800003 3.2
      vertex 0.165314 0.312988 3.2
    endloop
  endfacet
  facet normal 0 0 1
    outer loop
      vertex 0 36.7 3.2
      vertex 0.0608978 37.0061 3.2
      vertex 0.0272675 36.9071 3.2
    endloop
  endfacet
  facet normal 0 0 1
    outer loop
      vertex 0.165314 0.312988 3.2
      vertex 0 0.800003 3.2
      vertex 0.107178 0.400009 3.2
    endloop
  endfacet
  facet normal 0 0 1
    outer loop
      vertex 0 36.7 3.2
      vertex 0.0272675 36.9071 3.2
      vertex 0.0068512 36.8044 3.2
    endloop
  endfacet
  facet normal 0 0 1
    outer loop
      vertex 0.107178 0.400009 3.2
      vertex 0 0.800003 3.2
      vertex 0.0608978 0.493851 3.2
    endloop
  endfacet
  facet normal 0 0 1
    outer loop
      vertex 0.0608978 0.493851 3.2
      vertex 0 0.800003 3.2
      vertex 0.0272675 0.592941 3.2
    endloop
  endfacet
  facet normal 0 0 1
    outer loop
      vertex 0.0272675 0.592941 3.2
      vertex 0 0.800003 3.2
      vertex 0.0068512 0.695587 3.2
    endloop
  endfacet
  facet normal 0 0 1
    outer loop
      vertex 27.1231 20.3143 3.2
      vertex 24.3635 21.4056 3.2
      vertex 24.7071 19.4571 3.2
    endloop
  endfacet
  facet normal 0 0 1
    outer loop
      vertex 24.7071 19.4571 3.2
      vertex 24.3635 21.4056 3.2
      vertex 24.3827 19.6739 3.2
    endloop
  endfacet
  facet normal -0 0 1
    outer loop
      vertex 24.1328 21.0909 3.2
      vertex 24.3827 19.6739 3.2
      vertex 24.3635 21.4056 3.2
    endloop
  endfacet
  facet normal 0 0 1
    outer loop
      vertex 24.1328 21.0909 3.2
      vertex 24 19.75 3.2
      vertex 24.3827 19.6739 3.2
    endloop
  endfacet
  facet normal -0 0 1
    outer loop
      vertex 23.7993 20.8885 3.2
      vertex 24 19.75 3.2
      vertex 24.1328 21.0909 3.2
    endloop
  endfacet
  facet normal 0 0 1
    outer loop
      vertex 23.7993 20.8885 3.2
      vertex 23.6173 19.6739 3.2
      vertex 24 19.75 3.2
    endloop
  endfacet
  facet normal -0 0 1
    outer loop
      vertex 23.4136 20.8291 3.2
      vertex 23.6173 19.6739 3.2
      vertex 23.7993 20.8885 3.2
    endloop
  endfacet
  facet normal 0 0 1
    outer loop
      vertex 23.4136 20.8291 3.2
      vertex 23.2929 19.4571 3.2
      vertex 23.6173 19.6739 3.2
    endloop
  endfacet
  facet normal 0 0 1
    outer loop
      vertex 23.0346 20.9219 3.2
      vertex 23.2929 19.4571 3.2
      vertex 23.4136 20.8291 3.2
    endloop
  endfacet
  facet normal 0 0 1
    outer loop
      vertex 22 18.75 3.2
      vertex 23.2929 19.4571 3.2
      vertex 23.0346 20.9219 3.2
    endloop
  endfacet
  facet normal 0 0 1
    outer loop
      vertex 22 18.75 3.2
      vertex 23.0346 20.9219 3.2
      vertex 22.72 21.1526 3.2
    endloop
  endfacet
  facet normal 0 0 1
    outer loop
      vertex 23.2929 19.4571 3.2
      vertex 22 18.75 3.2
      vertex 23.0761 19.1327 3.2
    endloop
  endfacet
  facet normal 0.831671 -0.555269 0
    outer loop
      vertex 52.1847 0.312988 3.2
      vertex 52.2428 0.400009 0
      vertex 52.2428 0.400009 3.2
    endloop
  endfacet
  facet normal 0.831671 -0.555269 0
    outer loop
      vertex 52.2428 0.400009 0
      vertex 52.1847 0.312988 3.2
      vertex 52.1847 0.312988 0
    endloop
  endfacet
  facet normal 0.195163 -0.980771 0
    outer loop
      vertex 51.6544 0.0068512 0
      vertex 51.757 0.0272675 3.2
      vertex 51.6544 0.0068512 3.2
    endloop
  endfacet
  facet normal 0.195163 -0.980771 0
    outer loop
      vertex 51.757 0.0272675 3.2
      vertex 51.6544 0.0068512 0
      vertex 51.757 0.0272675 0
    endloop
  endfacet
  facet normal 0.44224 0.896897 -0
    outer loop
      vertex 51.95 37.3928 0
      vertex 51.8561 37.4391 3.2
      vertex 51.95 37.3928 3.2
    endloop
  endfacet
  facet normal 0.44224 0.896897 0
    outer loop
      vertex 51.8561 37.4391 3.2
      vertex 51.95 37.3928 0
      vertex 51.8561 37.4391 0
    endloop
  endfacet
  facet normal -0.980807 0.19498 0
    outer loop
      vertex 0.0068512 36.8044 0
      vertex 0.0272675 36.9071 3.2
      vertex 0.0272675 36.9071 0
    endloop
  endfacet
  facet normal -0.980807 0.19498 0
    outer loop
      vertex 0.0272675 36.9071 3.2
      vertex 0.0068512 36.8044 0
      vertex 0.0068512 36.8044 3.2
    endloop
  endfacet
  facet normal 0.947036 -0.321126 0
    outer loop
      vertex 52.2891 0.493851 3.2
      vertex 52.3227 0.592941 0
      vertex 52.3227 0.592941 3.2
    endloop
  endfacet
  facet normal 0.947036 -0.321126 0
    outer loop
      vertex 52.3227 0.592941 0
      vertex 52.2891 0.493851 3.2
      vertex 52.2891 0.493851 0
    endloop
  endfacet
  facet normal -0.195079 -0.980788 0
    outer loop
      vertex 0.592941 0.0272675 0
      vertex 0.695587 0.0068512 3.2
      vertex 0.592941 0.0272675 3.2
    endloop
  endfacet
  facet normal -0.195079 -0.980788 -0
    outer loop
      vertex 0.695587 0.0068512 3.2
      vertex 0.592941 0.0272675 0
      vertex 0.695587 0.0068512 0
    endloop
  endfacet
  facet normal 0.980837 0.19483 0
    outer loop
      vertex 52.3431 36.8044 3.2
      vertex 52.3227 36.9071 0
      vertex 52.3227 36.9071 3.2
    endloop
  endfacet
  facet normal 0.980837 0.19483 0
    outer loop
      vertex 52.3227 36.9071 0
      vertex 52.3431 36.8044 3.2
      vertex 52.3431 36.8044 0
    endloop
  endfacet
  facet normal -0.555269 0.831671 0
    outer loop
      vertex 0.400009 37.3928 0
      vertex 0.312988 37.3347 3.2
      vertex 0.400009 37.3928 3.2
    endloop
  endfacet
  facet normal -0.555269 0.831671 0
    outer loop
      vertex 0.312988 37.3347 3.2
      vertex 0.400009 37.3928 0
      vertex 0.312988 37.3347 0
    endloop
  endfacet
  facet normal -0.0654737 -0.997854 0
    outer loop
      vertex 0.695587 0.0068512 0
      vertex 0.800003 0 3.2
      vertex 0.695587 0.0068512 3.2
    endloop
  endfacet
  facet normal -0.0654737 -0.997854 -0
    outer loop
      vertex 0.800003 0 3.2
      vertex 0.695587 0.0068512 0
      vertex 0.800003 0 0
    endloop
  endfacet
  facet normal -0.442308 -0.896863 0
    outer loop
      vertex 0.400009 0.107178 0
      vertex 0.493851 0.0608978 3.2
      vertex 0.400009 0.107178 3.2
    endloop
  endfacet
  facet normal -0.442308 -0.896863 -0
    outer loop
      vertex 0.493851 0.0608978 3.2
      vertex 0.400009 0.107178 0
      vertex 0.493851 0.0608978 0
    endloop
  endfacet
  facet normal -0.751925 0.659248 0
    outer loop
      vertex 0.165314 37.187 0
      vertex 0.234314 37.2657 3.2
      vertex 0.234314 37.2657 0
    endloop
  endfacet
  facet normal -0.751925 0.659248 0
    outer loop
      vertex 0.234314 37.2657 3.2
      vertex 0.165314 37.187 0
      vertex 0.165314 37.187 3.2
    endloop
  endfacet
  facet normal 0.659248 0.751925 -0
    outer loop
      vertex 52.1157 37.2657 0
      vertex 52.037 37.3347 3.2
      vertex 52.1157 37.2657 3.2
    endloop
  endfacet
  facet normal 0.659248 0.751925 0
    outer loop
      vertex 52.037 37.3347 3.2
      vertex 52.1157 37.2657 0
      vertex 52.037 37.3347 0
    endloop
  endfacet
  facet normal -0.946859 0.321648 0
    outer loop
      vertex 0.0272675 36.9071 0
      vertex 0.0608978 37.0061 3.2
      vertex 0.0608978 37.0061 0
    endloop
  endfacet
  facet normal -0.946859 0.321648 0
    outer loop
      vertex 0.0608978 37.0061 3.2
      vertex 0.0272675 36.9071 0
      vertex 0.0272675 36.9071 3.2
    endloop
  endfacet
  facet normal 0.555362 0.831609 -0
    outer loop
      vertex 52.037 37.3347 0
      vertex 51.95 37.3928 3.2
      vertex 52.037 37.3347 3.2
    endloop
  endfacet
  facet normal 0.555362 0.831609 0
    outer loop
      vertex 51.95 37.3928 3.2
      vertex 52.037 37.3347 0
      vertex 51.95 37.3928 0
    endloop
  endfacet
  facet normal 0.831609 0.555362 0
    outer loop
      vertex 52.2428 37.1 3.2
      vertex 52.1847 37.187 0
      vertex 52.1847 37.187 3.2
    endloop
  endfacet
  facet normal 0.831609 0.555362 0
    outer loop
      vertex 52.1847 37.187 0
      vertex 52.2428 37.1 3.2
      vertex 52.2428 37.1 0
    endloop
  endfacet
  facet normal 0.0659481 0.997823 -0
    outer loop
      vertex 51.6544 37.4931 0
      vertex 51.55 37.5 3.2
      vertex 51.6544 37.4931 3.2
    endloop
  endfacet
  facet normal 0.0659481 0.997823 0
    outer loop
      vertex 51.55 37.5 3.2
      vertex 51.6544 37.4931 0
      vertex 51.55 37.5 0
    endloop
  endfacet
  facet normal -0.659371 -0.751817 0
    outer loop
      vertex 0.234314 0.234314 0
      vertex 0.312988 0.165314 3.2
      vertex 0.234314 0.234314 3.2
    endloop
  endfacet
  facet normal -0.659371 -0.751817 -0
    outer loop
      vertex 0.312988 0.165314 3.2
      vertex 0.234314 0.234314 0
      vertex 0.312988 0.165314 0
    endloop
  endfacet
  facet normal -0.980788 -0.195079 0
    outer loop
      vertex 0.0272675 0.592941 0
      vertex 0.0068512 0.695587 3.2
      vertex 0.0068512 0.695587 0
    endloop
  endfacet
  facet normal -0.980788 -0.195079 0
    outer loop
      vertex 0.0068512 0.695587 3.2
      vertex 0.0272675 0.592941 0
      vertex 0.0272675 0.592941 3.2
    endloop
  endfacet
  facet normal -0.659371 0.751817 0
    outer loop
      vertex 0.312988 37.3347 0
      vertex 0.234314 37.2657 3.2
      vertex 0.312988 37.3347 3.2
    endloop
  endfacet
  facet normal -0.659371 0.751817 0
    outer loop
      vertex 0.234314 37.2657 3.2
      vertex 0.312988 37.3347 0
      vertex 0.234314 37.2657 0
    endloop
  endfacet
  facet normal 0.997823 0.0659481 0
    outer loop
      vertex 52.35 36.7 3.2
      vertex 52.3431 36.8044 0
      vertex 52.3431 36.8044 3.2
    endloop
  endfacet
  facet normal 0.997823 0.0659481 0
    outer loop
      vertex 52.3431 36.8044 0
      vertex 52.35 36.7 3.2
      vertex 52.35 36.7 0
    endloop
  endfacet
  facet normal -0.44246 0.896788 0
    outer loop
      vertex 0.493851 37.4391 0
      vertex 0.400009 37.3928 3.2
      vertex 0.493851 37.4391 3.2
    endloop
  endfacet
  facet normal -0.44246 0.896788 0
    outer loop
      vertex 0.400009 37.3928 3.2
      vertex 0.493851 37.4391 0
      vertex 0.400009 37.3928 0
    endloop
  endfacet
  facet normal 0.896897 0.44224 0
    outer loop
      vertex 52.2891 37.0061 3.2
      vertex 52.2428 37.1 0
      vertex 52.2428 37.1 3.2
    endloop
  endfacet
  facet normal 0.896897 0.44224 0
    outer loop
      vertex 52.2428 37.1 0
      vertex 52.2891 37.0061 3.2
      vertex 52.2891 37.0061 0
    endloop
  endfacet
  facet normal 0.946948 0.321388 0
    outer loop
      vertex 52.3227 36.9071 3.2
      vertex 52.2891 37.0061 0
      vertex 52.2891 37.0061 3.2
    endloop
  endfacet
  facet normal 0.946948 0.321388 0
    outer loop
      vertex 52.2891 37.0061 0
      vertex 52.3227 36.9071 3.2
      vertex 52.3227 36.9071 0
    endloop
  endfacet
  facet normal 0.5556 -0.83145 0
    outer loop
      vertex 51.95 0.107178 0
      vertex 52.037 0.165314 3.2
      vertex 51.95 0.107178 3.2
    endloop
  endfacet
  facet normal 0.5556 -0.83145 0
    outer loop
      vertex 52.037 0.165314 3.2
      vertex 51.95 0.107178 0
      vertex 52.037 0.165314 0
    endloop
  endfacet
endsolid OpenSCAD_Model
