solid OpenSCAD_Model
  facet normal -1 0 0
    outer loop
      vertex 0 3.29999 0
      vertex 0 2.09999 2.79999
      vertex 0 3.29999 5.39999
    endloop
  endfacet
  facet normal -1 0 0
    outer loop
      vertex 0 3.29999 0
      vertex 0 2.08203 2.52589
      vertex 0 2.09999 2.79999
    endloop
  endfacet
  facet normal -1 0 0
    outer loop
      vertex 0 3.29999 0
      vertex 0 2.02844 2.25647
      vertex 0 2.08203 2.52589
    endloop
  endfacet
  facet normal -1 0 0
    outer loop
      vertex 0 3.29999 0
      vertex 0 1.94014 1.99635
      vertex 0 2.02844 2.25647
    endloop
  endfacet
  facet normal -1 0 0
    outer loop
      vertex 0 3.29999 0
      vertex 0 1.81865 1.74998
      vertex 0 1.94014 1.99635
    endloop
  endfacet
  facet normal -1 0 0
    outer loop
      vertex 0 3.29999 0
      vertex 0 1.66603 1.52159
      vertex 0 1.81865 1.74998
    endloop
  endfacet
  facet normal -1 0 0
    outer loop
      vertex 0 3.29999 0
      vertex 0 1.48491 1.31506
      vertex 0 1.66603 1.52159
    endloop
  endfacet
  facet normal -1 0 0
    outer loop
      vertex 0 3.29999 0
      vertex 0 1.2784 1.13396
      vertex 0 1.48491 1.31506
    endloop
  endfacet
  facet normal -1 0 0
    outer loop
      vertex 0 3.29999 0
      vertex 0 1.04999 0.981339
      vertex 0 1.2784 1.13396
    endloop
  endfacet
  facet normal -1 0 0
    outer loop
      vertex 0 3.29999 0
      vertex 0 0.803635 0.859848
      vertex 0 1.04999 0.981339
    endloop
  endfacet
  facet normal -1 0 0
    outer loop
      vertex 0 3.29999 0
      vertex 0 0.543518 0.771545
      vertex 0 0.803635 0.859848
    endloop
  endfacet
  facet normal -1 0 0
    outer loop
      vertex 0 3.29999 0
      vertex 0 0.274094 0.717957
      vertex 0 0.543518 0.771545
    endloop
  endfacet
  facet normal -1 0 0
    outer loop
      vertex 0 3.29999 0
      vertex 0 0 0.699997
      vertex 0 0.274094 0.717957
    endloop
  endfacet
  facet normal -1 0 0
    outer loop
      vertex 0 -3.29999 0
      vertex 0 0 0.699997
      vertex 0 3.29999 0
    endloop
  endfacet
  facet normal -1 -0 0
    outer loop
      vertex 0 0 0.699997
      vertex 0 -3.29999 0
      vertex 0 -0.274094 0.717957
    endloop
  endfacet
  facet normal -1 -0 0
    outer loop
      vertex 0 -2.08203 2.52589
      vertex 0 -3.29999 0
      vertex 0 -2.09999 2.79999
    endloop
  endfacet
  facet normal -1 -0 0
    outer loop
      vertex 0 -2.02844 2.25647
      vertex 0 -3.29999 0
      vertex 0 -2.08203 2.52589
    endloop
  endfacet
  facet normal -1 -0 0
    outer loop
      vertex 0 -1.94014 1.99635
      vertex 0 -3.29999 0
      vertex 0 -2.02844 2.25647
    endloop
  endfacet
  facet normal -1 -0 0
    outer loop
      vertex 0 -1.81865 1.74998
      vertex 0 -3.29999 0
      vertex 0 -1.94014 1.99635
    endloop
  endfacet
  facet normal -1 -0 0
    outer loop
      vertex 0 -1.66603 1.52159
      vertex 0 -3.29999 0
      vertex 0 -1.81865 1.74998
    endloop
  endfacet
  facet normal -1 -0 0
    outer loop
      vertex 0 -1.48491 1.31506
      vertex 0 -3.29999 0
      vertex 0 -1.66603 1.52159
    endloop
  endfacet
  facet normal -1 -0 0
    outer loop
      vertex 0 -1.2784 1.13396
      vertex 0 -3.29999 0
      vertex 0 -1.48491 1.31506
    endloop
  endfacet
  facet normal -1 -0 0
    outer loop
      vertex 0 -1.04999 0.981339
      vertex 0 -3.29999 0
      vertex 0 -1.2784 1.13396
    endloop
  endfacet
  facet normal -1 -0 0
    outer loop
      vertex 0 -0.803635 0.859848
      vertex 0 -3.29999 0
      vertex 0 -1.04999 0.981339
    endloop
  endfacet
  facet normal -1 -0 0
    outer loop
      vertex 0 -0.543518 0.771545
      vertex 0 -3.29999 0
      vertex 0 -0.803635 0.859848
    endloop
  endfacet
  facet normal -1 -0 0
    outer loop
      vertex 0 -0.274094 0.717957
      vertex 0 -3.29999 0
      vertex 0 -0.543518 0.771545
    endloop
  endfacet
  facet normal -1 0 0
    outer loop
      vertex 0 2.08203 3.0741
      vertex 0 3.29999 5.39999
      vertex 0 2.09999 2.79999
    endloop
  endfacet
  facet normal -1 0 0
    outer loop
      vertex 0 2.02844 3.34351
      vertex 0 3.29999 5.39999
      vertex 0 2.08203 3.0741
    endloop
  endfacet
  facet normal -1 0 0
    outer loop
      vertex 0 1.94014 3.60362
      vertex 0 3.29999 5.39999
      vertex 0 2.02844 3.34351
    endloop
  endfacet
  facet normal -1 0 0
    outer loop
      vertex 0 1.81865 3.84999
      vertex 0 3.29999 5.39999
      vertex 0 1.94014 3.60362
    endloop
  endfacet
  facet normal -1 0 0
    outer loop
      vertex 0 1.66603 4.07838
      vertex 0 3.29999 5.39999
      vertex 0 1.81865 3.84999
    endloop
  endfacet
  facet normal -1 0 0
    outer loop
      vertex 0 1.48491 4.28491
      vertex 0 3.29999 5.39999
      vertex 0 1.66603 4.07838
    endloop
  endfacet
  facet normal -1 0 0
    outer loop
      vertex 0 1.2 5.39999
      vertex 0 1.48491 4.28491
      vertex 0 1.2784 4.46603
    endloop
  endfacet
  facet normal -1 0 0
    outer loop
      vertex 0 1.2 5.39999
      vertex 0 1.2784 4.46603
      vertex 0 1.2 4.51842
    endloop
  endfacet
  facet normal -1 0 0
    outer loop
      vertex 0 1.48491 4.28491
      vertex 0 1.2 5.39999
      vertex 0 3.29999 5.39999
    endloop
  endfacet
  facet normal -1 0 0
    outer loop
      vertex 0 -1.2784 4.46603
      vertex 0 -1.2 5.39999
      vertex 0 -1.2 4.51842
    endloop
  endfacet
  facet normal -1 0 0
    outer loop
      vertex 0 -1.48491 4.28491
      vertex 0 -1.2 5.39999
      vertex 0 -1.2784 4.46603
    endloop
  endfacet
  facet normal -1 0 0
    outer loop
      vertex 0 -3.29999 5.39999
      vertex 0 -1.48491 4.28491
      vertex 0 -1.66603 4.07838
    endloop
  endfacet
  facet normal -1 0 0
    outer loop
      vertex 0 -3.29999 5.39999
      vertex 0 -1.66603 4.07838
      vertex 0 -1.81865 3.84999
    endloop
  endfacet
  facet normal -1 0 0
    outer loop
      vertex 0 -3.29999 5.39999
      vertex 0 -1.81865 3.84999
      vertex 0 -1.94014 3.60362
    endloop
  endfacet
  facet normal -1 0 0
    outer loop
      vertex 0 -3.29999 5.39999
      vertex 0 -2.09999 2.79999
      vertex 0 -3.29999 0
    endloop
  endfacet
  facet normal -1 0 0
    outer loop
      vertex 0 -2.09999 2.79999
      vertex 0 -3.29999 5.39999
      vertex 0 -2.08203 3.0741
    endloop
  endfacet
  facet normal -1 0 0
    outer loop
      vertex 0 -2.08203 3.0741
      vertex 0 -3.29999 5.39999
      vertex 0 -2.02844 3.34351
    endloop
  endfacet
  facet normal -1 0 0
    outer loop
      vertex 0 -1.48491 4.28491
      vertex 0 -3.29999 5.39999
      vertex 0 -1.2 5.39999
    endloop
  endfacet
  facet normal -1 0 0
    outer loop
      vertex 0 -2.02844 3.34351
      vertex 0 -3.29999 5.39999
      vertex 0 -1.94014 3.60362
    endloop
  endfacet
  facet normal 1 0 0
    outer loop
      vertex 40 -1.2 5.39999
      vertex 40 -1.2784 4.46603
      vertex 40 -1.2 4.51842
    endloop
  endfacet
  facet normal 1 0 0
    outer loop
      vertex 40 -1.2 5.39999
      vertex 40 -1.48491 4.28491
      vertex 40 -1.2784 4.46603
    endloop
  endfacet
  facet normal 1 -0 0
    outer loop
      vertex 40 -3.29999 5.39999
      vertex 40 -1.48491 4.28491
      vertex 40 -1.2 5.39999
    endloop
  endfacet
  facet normal 1 0 0
    outer loop
      vertex 40 -1.48491 4.28491
      vertex 40 -3.29999 5.39999
      vertex 40 -1.66603 4.07838
    endloop
  endfacet
  facet normal 1 0 0
    outer loop
      vertex 40 -1.66603 4.07838
      vertex 40 -3.29999 5.39999
      vertex 40 -1.81865 3.84999
    endloop
  endfacet
  facet normal 1 0 0
    outer loop
      vertex 40 -2.08203 3.0741
      vertex 40 -3.29999 5.39999
      vertex 40 -2.09999 2.79999
    endloop
  endfacet
  facet normal 1 0 0
    outer loop
      vertex 40 -2.02844 3.34351
      vertex 40 -3.29999 5.39999
      vertex 40 -2.08203 3.0741
    endloop
  endfacet
  facet normal 1 0 0
    outer loop
      vertex 40 -1.94014 3.60362
      vertex 40 -3.29999 5.39999
      vertex 40 -2.02844 3.34351
    endloop
  endfacet
  facet normal 1 0 0
    outer loop
      vertex 40 -1.81865 3.84999
      vertex 40 -3.29999 5.39999
      vertex 40 -1.94014 3.60362
    endloop
  endfacet
  facet normal 1 0 0
    outer loop
      vertex 40 3.29999 5.39999
      vertex 40 2.09999 2.79999
      vertex 40 3.29999 0
    endloop
  endfacet
  facet normal 1 0 0
    outer loop
      vertex 40 3.29999 5.39999
      vertex 40 2.08203 3.0741
      vertex 40 2.09999 2.79999
    endloop
  endfacet
  facet normal 1 0 0
    outer loop
      vertex 40 3.29999 5.39999
      vertex 40 2.02844 3.34351
      vertex 40 2.08203 3.0741
    endloop
  endfacet
  facet normal 1 0 0
    outer loop
      vertex 40 3.29999 5.39999
      vertex 40 1.94014 3.60362
      vertex 40 2.02844 3.34351
    endloop
  endfacet
  facet normal 1 0 0
    outer loop
      vertex 40 3.29999 5.39999
      vertex 40 1.81865 3.84999
      vertex 40 1.94014 3.60362
    endloop
  endfacet
  facet normal 1 0 0
    outer loop
      vertex 40 3.29999 5.39999
      vertex 40 1.66603 4.07838
      vertex 40 1.81865 3.84999
    endloop
  endfacet
  facet normal 1 0 0
    outer loop
      vertex 40 3.29999 5.39999
      vertex 40 1.48491 4.28491
      vertex 40 1.66603 4.07838
    endloop
  endfacet
  facet normal 1 -0 0
    outer loop
      vertex 40 1.2 5.39999
      vertex 40 1.48491 4.28491
      vertex 40 3.29999 5.39999
    endloop
  endfacet
  facet normal 1 0 0
    outer loop
      vertex 40 1.48491 4.28491
      vertex 40 1.2 5.39999
      vertex 40 1.2784 4.46603
    endloop
  endfacet
  facet normal 1 0 0
    outer loop
      vertex 40 1.2784 4.46603
      vertex 40 1.2 5.39999
      vertex 40 1.2 4.51842
    endloop
  endfacet
  facet normal 1 -0 0
    outer loop
      vertex 40 2.08203 2.52589
      vertex 40 3.29999 0
      vertex 40 2.09999 2.79999
    endloop
  endfacet
  facet normal 1 -0 0
    outer loop
      vertex 40 2.02844 2.25647
      vertex 40 3.29999 0
      vertex 40 2.08203 2.52589
    endloop
  endfacet
  facet normal 1 -0 0
    outer loop
      vertex 40 1.94014 1.99635
      vertex 40 3.29999 0
      vertex 40 2.02844 2.25647
    endloop
  endfacet
  facet normal 1 -0 0
    outer loop
      vertex 40 1.81865 1.74998
      vertex 40 3.29999 0
      vertex 40 1.94014 1.99635
    endloop
  endfacet
  facet normal 1 -0 0
    outer loop
      vertex 40 1.66603 1.52159
      vertex 40 3.29999 0
      vertex 40 1.81865 1.74998
    endloop
  endfacet
  facet normal 1 -0 0
    outer loop
      vertex 40 1.48491 1.31506
      vertex 40 3.29999 0
      vertex 40 1.66603 1.52159
    endloop
  endfacet
  facet normal 1 -0 0
    outer loop
      vertex 40 1.2784 1.13396
      vertex 40 3.29999 0
      vertex 40 1.48491 1.31506
    endloop
  endfacet
  facet normal 1 -0 0
    outer loop
      vertex 40 1.04999 0.981339
      vertex 40 3.29999 0
      vertex 40 1.2784 1.13396
    endloop
  endfacet
  facet normal 1 -0 0
    outer loop
      vertex 40 0.803635 0.859848
      vertex 40 3.29999 0
      vertex 40 1.04999 0.981339
    endloop
  endfacet
  facet normal 1 -0 0
    outer loop
      vertex 40 0.543518 0.771545
      vertex 40 3.29999 0
      vertex 40 0.803635 0.859848
    endloop
  endfacet
  facet normal 1 -0 0
    outer loop
      vertex 40 0.274094 0.717957
      vertex 40 3.29999 0
      vertex 40 0.543518 0.771545
    endloop
  endfacet
  facet normal 1 -0 0
    outer loop
      vertex 40 0 0.699997
      vertex 40 3.29999 0
      vertex 40 0.274094 0.717957
    endloop
  endfacet
  facet normal 1 0 0
    outer loop
      vertex 40 -3.29999 0
      vertex 40 0 0.699997
      vertex 40 -0.274094 0.717957
    endloop
  endfacet
  facet normal 1 0 0
    outer loop
      vertex 40 -3.29999 0
      vertex 40 -0.274094 0.717957
      vertex 40 -0.543518 0.771545
    endloop
  endfacet
  facet normal 1 0 0
    outer loop
      vertex 40 -3.29999 0
      vertex 40 -2.09999 2.79999
      vertex 40 -3.29999 5.39999
    endloop
  endfacet
  facet normal 1 0 0
    outer loop
      vertex 40 -2.09999 2.79999
      vertex 40 -3.29999 0
      vertex 40 -2.08203 2.52589
    endloop
  endfacet
  facet normal 1 0 0
    outer loop
      vertex 40 -2.08203 2.52589
      vertex 40 -3.29999 0
      vertex 40 -2.02844 2.25647
    endloop
  endfacet
  facet normal 1 0 0
    outer loop
      vertex 40 0 0.699997
      vertex 40 -3.29999 0
      vertex 40 3.29999 0
    endloop
  endfacet
  facet normal 1 0 0
    outer loop
      vertex 40 -0.803635 0.859848
      vertex 40 -3.29999 0
      vertex 40 -0.543518 0.771545
    endloop
  endfacet
  facet normal 1 0 0
    outer loop
      vertex 40 -1.04999 0.981339
      vertex 40 -3.29999 0
      vertex 40 -0.803635 0.859848
    endloop
  endfacet
  facet normal 1 0 0
    outer loop
      vertex 40 -1.2784 1.13396
      vertex 40 -3.29999 0
      vertex 40 -1.04999 0.981339
    endloop
  endfacet
  facet normal 1 0 0
    outer loop
      vertex 40 -1.48491 1.31506
      vertex 40 -3.29999 0
      vertex 40 -1.2784 1.13396
    endloop
  endfacet
  facet normal 1 0 0
    outer loop
      vertex 40 -1.66603 1.52159
      vertex 40 -3.29999 0
      vertex 40 -1.48491 1.31506
    endloop
  endfacet
  facet normal 1 0 0
    outer loop
      vertex 40 -1.81865 1.74998
      vertex 40 -3.29999 0
      vertex 40 -1.66603 1.52159
    endloop
  endfacet
  facet normal 1 0 0
    outer loop
      vertex 40 -1.94014 1.99635
      vertex 40 -3.29999 0
      vertex 40 -1.81865 1.74998
    endloop
  endfacet
  facet normal 1 0 0
    outer loop
      vertex 40 -2.02844 2.25647
      vertex 40 -3.29999 0
      vertex 40 -1.94014 1.99635
    endloop
  endfacet
  facet normal 0 0 -1
    outer loop
      vertex 0 -3.29999 0
      vertex 40 3.29999 0
      vertex 40 -3.29999 0
    endloop
  endfacet
  facet normal -0 0 -1
    outer loop
      vertex 40 3.29999 0
      vertex 0 -3.29999 0
      vertex 0 3.29999 0
    endloop
  endfacet
  facet normal 0 1 -0
    outer loop
      vertex 40 3.29999 0
      vertex 0 3.29999 5.39999
      vertex 40 3.29999 5.39999
    endloop
  endfacet
  facet normal 0 1 0
    outer loop
      vertex 0 3.29999 5.39999
      vertex 40 3.29999 0
      vertex 0 3.29999 0
    endloop
  endfacet
  facet normal -0 0 1
    outer loop
      vertex 0 3.29999 5.39999
      vertex 40 1.2 5.39999
      vertex 40 3.29999 5.39999
    endloop
  endfacet
  facet normal 0 0 1
    outer loop
      vertex 40 1.2 5.39999
      vertex 0 3.29999 5.39999
      vertex 0 1.2 5.39999
    endloop
  endfacet
  facet normal 0 -1 0
    outer loop
      vertex 0 1.2 4.51842
      vertex 40 1.2 5.39999
      vertex 0 1.2 5.39999
    endloop
  endfacet
  facet normal 0 -1 -0
    outer loop
      vertex 40 1.2 5.39999
      vertex 0 1.2 4.51842
      vertex 40 1.2 4.51842
    endloop
  endfacet
  facet normal 0 -0.555605 -0.831446
    outer loop
      vertex 0 1.2 4.51842
      vertex 40 1.2784 4.46603
      vertex 40 1.2 4.51842
    endloop
  endfacet
  facet normal -0 -0.555605 -0.831446
    outer loop
      vertex 40 1.2784 4.46603
      vertex 0 1.2 4.51842
      vertex 0 1.2784 4.46603
    endloop
  endfacet
  facet normal 0 -0.659378 -0.751812
    outer loop
      vertex 0 1.2784 4.46603
      vertex 40 1.48491 4.28491
      vertex 40 1.2784 4.46603
    endloop
  endfacet
  facet normal -0 -0.659378 -0.751812
    outer loop
      vertex 40 1.48491 4.28491
      vertex 0 1.2784 4.46603
      vertex 0 1.48491 4.28491
    endloop
  endfacet
  facet normal 0 -0.751843 -0.659342
    outer loop
      vertex 0 1.66603 4.07838
      vertex 40 1.48491 4.28491
      vertex 0 1.48491 4.28491
    endloop
  endfacet
  facet normal 0 -0.751843 -0.659342
    outer loop
      vertex 40 1.48491 4.28491
      vertex 0 1.66603 4.07838
      vertex 40 1.66603 4.07838
    endloop
  endfacet
  facet normal 0 -0.831445 -0.555607
    outer loop
      vertex 0 1.81865 3.84999
      vertex 40 1.66603 4.07838
      vertex 0 1.66603 4.07838
    endloop
  endfacet
  facet normal 0 -0.831445 -0.555607
    outer loop
      vertex 40 1.66603 4.07838
      vertex 0 1.81865 3.84999
      vertex 40 1.81865 3.84999
    endloop
  endfacet
  facet normal 0 -0.896882 -0.44227
    outer loop
      vertex 0 1.94014 3.60362
      vertex 40 1.81865 3.84999
      vertex 0 1.81865 3.84999
    endloop
  endfacet
  facet normal 0 -0.896882 -0.44227
    outer loop
      vertex 40 1.81865 3.84999
      vertex 0 1.94014 3.60362
      vertex 40 1.94014 3.60362
    endloop
  endfacet
  facet normal 0 -0.946925 -0.321454
    outer loop
      vertex 0 2.02844 3.34351
      vertex 40 1.94014 3.60362
      vertex 0 1.94014 3.60362
    endloop
  endfacet
  facet normal 0 -0.946925 -0.321454
    outer loop
      vertex 40 1.94014 3.60362
      vertex 0 2.02844 3.34351
      vertex 40 2.02844 3.34351
    endloop
  endfacet
  facet normal 0 -0.980785 -0.195094
    outer loop
      vertex 0 2.08203 3.0741
      vertex 40 2.02844 3.34351
      vertex 0 2.02844 3.34351
    endloop
  endfacet
  facet normal 0 -0.980785 -0.195094
    outer loop
      vertex 40 2.02844 3.34351
      vertex 0 2.08203 3.0741
      vertex 40 2.08203 3.0741
    endloop
  endfacet
  facet normal 0 -0.99786 -0.065381
    outer loop
      vertex 0 2.09999 2.79999
      vertex 40 2.08203 3.0741
      vertex 0 2.08203 3.0741
    endloop
  endfacet
  facet normal 0 -0.99786 -0.065381
    outer loop
      vertex 40 2.08203 3.0741
      vertex 0 2.09999 2.79999
      vertex 40 2.09999 2.79999
    endloop
  endfacet
  facet normal 0 -0.99786 0.0653833
    outer loop
      vertex 0 2.08203 2.52589
      vertex 40 2.09999 2.79999
      vertex 0 2.09999 2.79999
    endloop
  endfacet
  facet normal 0 -0.99786 0.0653833
    outer loop
      vertex 40 2.09999 2.79999
      vertex 0 2.08203 2.52589
      vertex 40 2.08203 2.52589
    endloop
  endfacet
  facet normal 0 -0.980786 0.195087
    outer loop
      vertex 0 2.02844 2.25647
      vertex 40 2.08203 2.52589
      vertex 0 2.08203 2.52589
    endloop
  endfacet
  facet normal 0 -0.980786 0.195087
    outer loop
      vertex 40 2.08203 2.52589
      vertex 0 2.02844 2.25647
      vertex 40 2.02844 2.25647
    endloop
  endfacet
  facet normal 0 -0.946929 0.321443
    outer loop
      vertex 0 1.94014 1.99635
      vertex 40 2.02844 2.25647
      vertex 0 2.02844 2.25647
    endloop
  endfacet
  facet normal 0 -0.946929 0.321443
    outer loop
      vertex 40 2.02844 2.25647
      vertex 0 1.94014 1.99635
      vertex 40 1.94014 1.99635
    endloop
  endfacet
  facet normal 0 -0.896882 0.44227
    outer loop
      vertex 0 1.81865 1.74998
      vertex 40 1.94014 1.99635
      vertex 0 1.94014 1.99635
    endloop
  endfacet
  facet normal 0 -0.896882 0.44227
    outer loop
      vertex 40 1.94014 1.99635
      vertex 0 1.81865 1.74998
      vertex 40 1.81865 1.74998
    endloop
  endfacet
  facet normal 0 -0.831445 0.555607
    outer loop
      vertex 0 1.66603 1.52159
      vertex 40 1.81865 1.74998
      vertex 0 1.81865 1.74998
    endloop
  endfacet
  facet normal 0 -0.831445 0.555607
    outer loop
      vertex 40 1.81865 1.74998
      vertex 0 1.66603 1.52159
      vertex 40 1.66603 1.52159
    endloop
  endfacet
  facet normal 0 -0.751843 0.659342
    outer loop
      vertex 0 1.48491 1.31506
      vertex 40 1.66603 1.52159
      vertex 0 1.66603 1.52159
    endloop
  endfacet
  facet normal 0 -0.751843 0.659342
    outer loop
      vertex 40 1.66603 1.52159
      vertex 0 1.48491 1.31506
      vertex 40 1.48491 1.31506
    endloop
  endfacet
  facet normal 0 -0.659337 0.751848
    outer loop
      vertex 0 1.48491 1.31506
      vertex 40 1.2784 1.13396
      vertex 40 1.48491 1.31506
    endloop
  endfacet
  facet normal 0 -0.659337 0.751848
    outer loop
      vertex 40 1.2784 1.13396
      vertex 0 1.48491 1.31506
      vertex 0 1.2784 1.13396
    endloop
  endfacet
  facet normal 0 -0.555576 0.831466
    outer loop
      vertex 0 1.2784 1.13396
      vertex 40 1.04999 0.981339
      vertex 40 1.2784 1.13396
    endloop
  endfacet
  facet normal 0 -0.555576 0.831466
    outer loop
      vertex 40 1.04999 0.981339
      vertex 0 1.2784 1.13396
      vertex 0 1.04999 0.981339
    endloop
  endfacet
  facet normal 0 -0.442295 0.89687
    outer loop
      vertex 0 1.04999 0.981339
      vertex 40 0.803635 0.859848
      vertex 40 1.04999 0.981339
    endloop
  endfacet
  facet normal 0 -0.442295 0.89687
    outer loop
      vertex 40 0.803635 0.859848
      vertex 0 1.04999 0.981339
      vertex 0 0.803635 0.859848
    endloop
  endfacet
  facet normal 0 -0.321456 0.946924
    outer loop
      vertex 0 0.803635 0.859848
      vertex 40 0.543518 0.771545
      vertex 40 0.803635 0.859848
    endloop
  endfacet
  facet normal 0 -0.321456 0.946924
    outer loop
      vertex 40 0.543518 0.771545
      vertex 0 0.803635 0.859848
      vertex 0 0.543518 0.771545
    endloop
  endfacet
  facet normal 0 -0.195077 0.980788
    outer loop
      vertex 0 0.543518 0.771545
      vertex 40 0.274094 0.717957
      vertex 40 0.543518 0.771545
    endloop
  endfacet
  facet normal 0 -0.195077 0.980788
    outer loop
      vertex 40 0.274094 0.717957
      vertex 0 0.543518 0.771545
      vertex 0 0.274094 0.717957
    endloop
  endfacet
  facet normal 0 -0.0653848 0.99786
    outer loop
      vertex 0 0.274094 0.717957
      vertex 40 0 0.699997
      vertex 40 0.274094 0.717957
    endloop
  endfacet
  facet normal 0 -0.0653848 0.99786
    outer loop
      vertex 40 0 0.699997
      vertex 0 0.274094 0.717957
      vertex 0 0 0.699997
    endloop
  endfacet
  facet normal -0 0.0653848 0.99786
    outer loop
      vertex 0 0 0.699997
      vertex 40 -0.274094 0.717957
      vertex 40 0 0.699997
    endloop
  endfacet
  facet normal 0 0.0653848 0.99786
    outer loop
      vertex 40 -0.274094 0.717957
      vertex 0 0 0.699997
      vertex 0 -0.274094 0.717957
    endloop
  endfacet
  facet normal -0 0.195077 0.980788
    outer loop
      vertex 0 -0.274094 0.717957
      vertex 40 -0.543518 0.771545
      vertex 40 -0.274094 0.717957
    endloop
  endfacet
  facet normal 0 0.195077 0.980788
    outer loop
      vertex 40 -0.543518 0.771545
      vertex 0 -0.274094 0.717957
      vertex 0 -0.543518 0.771545
    endloop
  endfacet
  facet normal -0 0.321456 0.946924
    outer loop
      vertex 0 -0.543518 0.771545
      vertex 40 -0.803635 0.859848
      vertex 40 -0.543518 0.771545
    endloop
  endfacet
  facet normal 0 0.321456 0.946924
    outer loop
      vertex 40 -0.803635 0.859848
      vertex 0 -0.543518 0.771545
      vertex 0 -0.803635 0.859848
    endloop
  endfacet
  facet normal -0 0.442295 0.89687
    outer loop
      vertex 0 -0.803635 0.859848
      vertex 40 -1.04999 0.981339
      vertex 40 -0.803635 0.859848
    endloop
  endfacet
  facet normal 0 0.442295 0.89687
    outer loop
      vertex 40 -1.04999 0.981339
      vertex 0 -0.803635 0.859848
      vertex 0 -1.04999 0.981339
    endloop
  endfacet
  facet normal -0 0.555576 0.831466
    outer loop
      vertex 0 -1.04999 0.981339
      vertex 40 -1.2784 1.13396
      vertex 40 -1.04999 0.981339
    endloop
  endfacet
  facet normal 0 0.555576 0.831466
    outer loop
      vertex 40 -1.2784 1.13396
      vertex 0 -1.04999 0.981339
      vertex 0 -1.2784 1.13396
    endloop
  endfacet
  facet normal -0 0.659337 0.751848
    outer loop
      vertex 0 -1.2784 1.13396
      vertex 40 -1.48491 1.31506
      vertex 40 -1.2784 1.13396
    endloop
  endfacet
  facet normal 0 0.659337 0.751848
    outer loop
      vertex 40 -1.48491 1.31506
      vertex 0 -1.2784 1.13396
      vertex 0 -1.48491 1.31506
    endloop
  endfacet
  facet normal 0 0.751843 0.659342
    outer loop
      vertex 40 -1.48491 1.31506
      vertex 0 -1.66603 1.52159
      vertex 40 -1.66603 1.52159
    endloop
  endfacet
  facet normal 0 0.751843 0.659342
    outer loop
      vertex 0 -1.66603 1.52159
      vertex 40 -1.48491 1.31506
      vertex 0 -1.48491 1.31506
    endloop
  endfacet
  facet normal 0 0.831445 0.555607
    outer loop
      vertex 40 -1.66603 1.52159
      vertex 0 -1.81865 1.74998
      vertex 40 -1.81865 1.74998
    endloop
  endfacet
  facet normal 0 0.831445 0.555607
    outer loop
      vertex 0 -1.81865 1.74998
      vertex 40 -1.66603 1.52159
      vertex 0 -1.66603 1.52159
    endloop
  endfacet
  facet normal 0 0.896882 0.44227
    outer loop
      vertex 40 -1.81865 1.74998
      vertex 0 -1.94014 1.99635
      vertex 40 -1.94014 1.99635
    endloop
  endfacet
  facet normal 0 0.896882 0.44227
    outer loop
      vertex 0 -1.94014 1.99635
      vertex 40 -1.81865 1.74998
      vertex 0 -1.81865 1.74998
    endloop
  endfacet
  facet normal 0 0.946929 0.321443
    outer loop
      vertex 40 -1.94014 1.99635
      vertex 0 -2.02844 2.25647
      vertex 40 -2.02844 2.25647
    endloop
  endfacet
  facet normal 0 0.946929 0.321443
    outer loop
      vertex 0 -2.02844 2.25647
      vertex 40 -1.94014 1.99635
      vertex 0 -1.94014 1.99635
    endloop
  endfacet
  facet normal 0 0.980786 0.195087
    outer loop
      vertex 40 -2.02844 2.25647
      vertex 0 -2.08203 2.52589
      vertex 40 -2.08203 2.52589
    endloop
  endfacet
  facet normal 0 0.980786 0.195087
    outer loop
      vertex 0 -2.08203 2.52589
      vertex 40 -2.02844 2.25647
      vertex 0 -2.02844 2.25647
    endloop
  endfacet
  facet normal 0 0.99786 0.0653833
    outer loop
      vertex 40 -2.08203 2.52589
      vertex 0 -2.09999 2.79999
      vertex 40 -2.09999 2.79999
    endloop
  endfacet
  facet normal 0 0.99786 0.0653833
    outer loop
      vertex 0 -2.09999 2.79999
      vertex 40 -2.08203 2.52589
      vertex 0 -2.08203 2.52589
    endloop
  endfacet
  facet normal 0 0.99786 -0.065381
    outer loop
      vertex 40 -2.09999 2.79999
      vertex 0 -2.08203 3.0741
      vertex 40 -2.08203 3.0741
    endloop
  endfacet
  facet normal 0 0.99786 -0.065381
    outer loop
      vertex 0 -2.08203 3.0741
      vertex 40 -2.09999 2.79999
      vertex 0 -2.09999 2.79999
    endloop
  endfacet
  facet normal 0 0.980785 -0.195094
    outer loop
      vertex 40 -2.08203 3.0741
      vertex 0 -2.02844 3.34351
      vertex 40 -2.02844 3.34351
    endloop
  endfacet
  facet normal 0 0.980785 -0.195094
    outer loop
      vertex 0 -2.02844 3.34351
      vertex 40 -2.08203 3.0741
      vertex 0 -2.08203 3.0741
    endloop
  endfacet
  facet normal 0 0.946925 -0.321454
    outer loop
      vertex 40 -2.02844 3.34351
      vertex 0 -1.94014 3.60362
      vertex 40 -1.94014 3.60362
    endloop
  endfacet
  facet normal 0 0.946925 -0.321454
    outer loop
      vertex 0 -1.94014 3.60362
      vertex 40 -2.02844 3.34351
      vertex 0 -2.02844 3.34351
    endloop
  endfacet
  facet normal 0 0.896882 -0.44227
    outer loop
      vertex 40 -1.94014 3.60362
      vertex 0 -1.81865 3.84999
      vertex 40 -1.81865 3.84999
    endloop
  endfacet
  facet normal 0 0.896882 -0.44227
    outer loop
      vertex 0 -1.81865 3.84999
      vertex 40 -1.94014 3.60362
      vertex 0 -1.94014 3.60362
    endloop
  endfacet
  facet normal 0 0.831445 -0.555607
    outer loop
      vertex 40 -1.81865 3.84999
      vertex 0 -1.66603 4.07838
      vertex 40 -1.66603 4.07838
    endloop
  endfacet
  facet normal 0 0.831445 -0.555607
    outer loop
      vertex 0 -1.66603 4.07838
      vertex 40 -1.81865 3.84999
      vertex 0 -1.81865 3.84999
    endloop
  endfacet
  facet normal 0 0.751843 -0.659342
    outer loop
      vertex 40 -1.66603 4.07838
      vertex 0 -1.48491 4.28491
      vertex 40 -1.48491 4.28491
    endloop
  endfacet
  facet normal 0 0.751843 -0.659342
    outer loop
      vertex 0 -1.48491 4.28491
      vertex 40 -1.66603 4.07838
      vertex 0 -1.66603 4.07838
    endloop
  endfacet
  facet normal 0 0.659378 -0.751812
    outer loop
      vertex 0 -1.48491 4.28491
      vertex 40 -1.2784 4.46603
      vertex 40 -1.48491 4.28491
    endloop
  endfacet
  facet normal 0 0.659378 -0.751812
    outer loop
      vertex 40 -1.2784 4.46603
      vertex 0 -1.48491 4.28491
      vertex 0 -1.2784 4.46603
    endloop
  endfacet
  facet normal 0 0.555605 -0.831446
    outer loop
      vertex 0 -1.2784 4.46603
      vertex 40 -1.2 4.51842
      vertex 40 -1.2784 4.46603
    endloop
  endfacet
  facet normal 0 0.555605 -0.831446
    outer loop
      vertex 40 -1.2 4.51842
      vertex 0 -1.2784 4.46603
      vertex 0 -1.2 4.51842
    endloop
  endfacet
  facet normal 0 1 -0
    outer loop
      vertex 40 -1.2 4.51842
      vertex 0 -1.2 5.39999
      vertex 40 -1.2 5.39999
    endloop
  endfacet
  facet normal 0 1 0
    outer loop
      vertex 0 -1.2 5.39999
      vertex 40 -1.2 4.51842
      vertex 0 -1.2 4.51842
    endloop
  endfacet
  facet normal -0 0 1
    outer loop
      vertex 0 -1.2 5.39999
      vertex 40 -3.29999 5.39999
      vertex 40 -1.2 5.39999
    endloop
  endfacet
  facet normal 0 0 1
    outer loop
      vertex 40 -3.29999 5.39999
      vertex 0 -1.2 5.39999
      vertex 0 -3.29999 5.39999
    endloop
  endfacet
  facet normal 0 -1 0
    outer loop
      vertex 0 -3.29999 0
      vertex 40 -3.29999 5.39999
      vertex 0 -3.29999 5.39999
    endloop
  endfacet
  facet normal 0 -1 -0
    outer loop
      vertex 40 -3.29999 5.39999
      vertex 0 -3.29999 0
      vertex 40 -3.29999 0
    endloop
  endfacet
  facet normal -1 0 0
    outer loop
      vertex 0 12.9 0
      vertex 0 11.7 2.79999
      vertex 0 12.9 5.39999
    endloop
  endfacet
  facet normal -1 0 0
    outer loop
      vertex 0 12.9 0
      vertex 0 11.682 2.52589
      vertex 0 11.7 2.79999
    endloop
  endfacet
  facet normal -1 0 0
    outer loop
      vertex 0 12.9 0
      vertex 0 11.6284 2.25647
      vertex 0 11.682 2.52589
    endloop
  endfacet
  facet normal -1 0 0
    outer loop
      vertex 0 12.9 0
      vertex 0 11.5401 1.99635
      vertex 0 11.6284 2.25647
    endloop
  endfacet
  facet normal -1 0 0
    outer loop
      vertex 0 12.9 0
      vertex 0 11.4186 1.74998
      vertex 0 11.5401 1.99635
    endloop
  endfacet
  facet normal -1 0 0
    outer loop
      vertex 0 12.9 0
      vertex 0 11.266 1.52159
      vertex 0 11.4186 1.74998
    endloop
  endfacet
  facet normal -1 0 0
    outer loop
      vertex 0 12.9 0
      vertex 0 11.0849 1.31506
      vertex 0 11.266 1.52159
    endloop
  endfacet
  facet normal -1 0 0
    outer loop
      vertex 0 12.9 0
      vertex 0 10.8784 1.13396
      vertex 0 11.0849 1.31506
    endloop
  endfacet
  facet normal -1 0 0
    outer loop
      vertex 0 12.9 0
      vertex 0 10.65 0.981339
      vertex 0 10.8784 1.13396
    endloop
  endfacet
  facet normal -1 0 0
    outer loop
      vertex 0 12.9 0
      vertex 0 10.4036 0.859848
      vertex 0 10.65 0.981339
    endloop
  endfacet
  facet normal -1 0 0
    outer loop
      vertex 0 12.9 0
      vertex 0 10.1435 0.771545
      vertex 0 10.4036 0.859848
    endloop
  endfacet
  facet normal -1 0 0
    outer loop
      vertex 0 12.9 0
      vertex 0 9.87409 0.717957
      vertex 0 10.1435 0.771545
    endloop
  endfacet
  facet normal -1 0 0
    outer loop
      vertex 0 12.9 0
      vertex 0 9.6 0.699997
      vertex 0 9.87409 0.717957
    endloop
  endfacet
  facet normal -1 0 0
    outer loop
      vertex 0 6.30001 0
      vertex 0 9.6 0.699997
      vertex 0 12.9 0
    endloop
  endfacet
  facet normal -1 -0 0
    outer loop
      vertex 0 9.6 0.699997
      vertex 0 6.30001 0
      vertex 0 9.32591 0.717957
    endloop
  endfacet
  facet normal -1 -0 0
    outer loop
      vertex 0 7.51797 2.52589
      vertex 0 6.30001 0
      vertex 0 7.50001 2.79999
    endloop
  endfacet
  facet normal -1 -0 0
    outer loop
      vertex 0 7.57156 2.25647
      vertex 0 6.30001 0
      vertex 0 7.51797 2.52589
    endloop
  endfacet
  facet normal -1 -0 0
    outer loop
      vertex 0 7.65986 1.99635
      vertex 0 6.30001 0
      vertex 0 7.57156 2.25647
    endloop
  endfacet
  facet normal -1 -0 0
    outer loop
      vertex 0 7.78135 1.74998
      vertex 0 6.30001 0
      vertex 0 7.65986 1.99635
    endloop
  endfacet
  facet normal -1 -0 0
    outer loop
      vertex 0 7.93397 1.52159
      vertex 0 6.30001 0
      vertex 0 7.78135 1.74998
    endloop
  endfacet
  facet normal -1 -0 0
    outer loop
      vertex 0 8.11509 1.31506
      vertex 0 6.30001 0
      vertex 0 7.93397 1.52159
    endloop
  endfacet
  facet normal -1 -0 0
    outer loop
      vertex 0 8.3216 1.13396
      vertex 0 6.30001 0
      vertex 0 8.11509 1.31506
    endloop
  endfacet
  facet normal -1 -0 0
    outer loop
      vertex 0 8.55001 0.981339
      vertex 0 6.30001 0
      vertex 0 8.3216 1.13396
    endloop
  endfacet
  facet normal -1 -0 0
    outer loop
      vertex 0 8.79636 0.859848
      vertex 0 6.30001 0
      vertex 0 8.55001 0.981339
    endloop
  endfacet
  facet normal -1 -0 0
    outer loop
      vertex 0 9.05648 0.771545
      vertex 0 6.30001 0
      vertex 0 8.79636 0.859848
    endloop
  endfacet
  facet normal -1 -0 0
    outer loop
      vertex 0 9.32591 0.717957
      vertex 0 6.30001 0
      vertex 0 9.05648 0.771545
    endloop
  endfacet
  facet normal -1 0 0
    outer loop
      vertex 0 11.682 3.0741
      vertex 0 12.9 5.39999
      vertex 0 11.7 2.79999
    endloop
  endfacet
  facet normal -1 0 0
    outer loop
      vertex 0 11.6284 3.34351
      vertex 0 12.9 5.39999
      vertex 0 11.682 3.0741
    endloop
  endfacet
  facet normal -1 0 0
    outer loop
      vertex 0 11.5401 3.60362
      vertex 0 12.9 5.39999
      vertex 0 11.6284 3.34351
    endloop
  endfacet
  facet normal -1 0 0
    outer loop
      vertex 0 11.4186 3.84999
      vertex 0 12.9 5.39999
      vertex 0 11.5401 3.60362
    endloop
  endfacet
  facet normal -1 0 0
    outer loop
      vertex 0 11.266 4.07838
      vertex 0 12.9 5.39999
      vertex 0 11.4186 3.84999
    endloop
  endfacet
  facet normal -1 0 0
    outer loop
      vertex 0 11.0849 4.28491
      vertex 0 12.9 5.39999
      vertex 0 11.266 4.07838
    endloop
  endfacet
  facet normal -1 0 0
    outer loop
      vertex 0 10.8 5.39999
      vertex 0 11.0849 4.28491
      vertex 0 10.8784 4.46603
    endloop
  endfacet
  facet normal -1 0 0
    outer loop
      vertex 0 10.8 5.39999
      vertex 0 10.8784 4.46603
      vertex 0 10.8 4.51842
    endloop
  endfacet
  facet normal -1 0 0
    outer loop
      vertex 0 11.0849 4.28491
      vertex 0 10.8 5.39999
      vertex 0 12.9 5.39999
    endloop
  endfacet
  facet normal -1 0 0
    outer loop
      vertex 0 8.3216 4.46603
      vertex 0 8.4 5.39999
      vertex 0 8.4 4.51842
    endloop
  endfacet
  facet normal -1 0 0
    outer loop
      vertex 0 8.11509 4.28491
      vertex 0 8.4 5.39999
      vertex 0 8.3216 4.46603
    endloop
  endfacet
  facet normal -1 0 0
    outer loop
      vertex 0 6.30001 5.39999
      vertex 0 8.11509 4.28491
      vertex 0 7.93397 4.07838
    endloop
  endfacet
  facet normal -1 0 0
    outer loop
      vertex 0 6.30001 5.39999
      vertex 0 7.93397 4.07838
      vertex 0 7.78135 3.84999
    endloop
  endfacet
  facet normal -1 0 0
    outer loop
      vertex 0 6.30001 5.39999
      vertex 0 7.78135 3.84999
      vertex 0 7.65986 3.60362
    endloop
  endfacet
  facet normal -1 0 0
    outer loop
      vertex 0 6.30001 5.39999
      vertex 0 7.50001 2.79999
      vertex 0 6.30001 0
    endloop
  endfacet
  facet normal -1 0 0
    outer loop
      vertex 0 7.50001 2.79999
      vertex 0 6.30001 5.39999
      vertex 0 7.51797 3.0741
    endloop
  endfacet
  facet normal -1 0 0
    outer loop
      vertex 0 7.51797 3.0741
      vertex 0 6.30001 5.39999
      vertex 0 7.57156 3.34351
    endloop
  endfacet
  facet normal -1 0 0
    outer loop
      vertex 0 8.11509 4.28491
      vertex 0 6.30001 5.39999
      vertex 0 8.4 5.39999
    endloop
  endfacet
  facet normal -1 0 0
    outer loop
      vertex 0 7.57156 3.34351
      vertex 0 6.30001 5.39999
      vertex 0 7.65986 3.60362
    endloop
  endfacet
  facet normal 1 0 0
    outer loop
      vertex 40 8.4 5.39999
      vertex 40 8.3216 4.46603
      vertex 40 8.4 4.51842
    endloop
  endfacet
  facet normal 1 0 0
    outer loop
      vertex 40 8.4 5.39999
      vertex 40 8.11509 4.28491
      vertex 40 8.3216 4.46603
    endloop
  endfacet
  facet normal 1 -0 0
    outer loop
      vertex 40 6.30001 5.39999
      vertex 40 8.11509 4.28491
      vertex 40 8.4 5.39999
    endloop
  endfacet
  facet normal 1 0 0
    outer loop
      vertex 40 8.11509 4.28491
      vertex 40 6.30001 5.39999
      vertex 40 7.93397 4.07838
    endloop
  endfacet
  facet normal 1 0 0
    outer loop
      vertex 40 7.93397 4.07838
      vertex 40 6.30001 5.39999
      vertex 40 7.78135 3.84999
    endloop
  endfacet
  facet normal 1 0 0
    outer loop
      vertex 40 7.51797 3.0741
      vertex 40 6.30001 5.39999
      vertex 40 7.50001 2.79999
    endloop
  endfacet
  facet normal 1 0 0
    outer loop
      vertex 40 7.57156 3.34351
      vertex 40 6.30001 5.39999
      vertex 40 7.51797 3.0741
    endloop
  endfacet
  facet normal 1 0 0
    outer loop
      vertex 40 7.65986 3.60362
      vertex 40 6.30001 5.39999
      vertex 40 7.57156 3.34351
    endloop
  endfacet
  facet normal 1 0 0
    outer loop
      vertex 40 7.78135 3.84999
      vertex 40 6.30001 5.39999
      vertex 40 7.65986 3.60362
    endloop
  endfacet
  facet normal 1 0 0
    outer loop
      vertex 40 12.9 5.39999
      vertex 40 11.7 2.79999
      vertex 40 12.9 0
    endloop
  endfacet
  facet normal 1 0 0
    outer loop
      vertex 40 12.9 5.39999
      vertex 40 11.682 3.0741
      vertex 40 11.7 2.79999
    endloop
  endfacet
  facet normal 1 0 0
    outer loop
      vertex 40 12.9 5.39999
      vertex 40 11.6284 3.34351
      vertex 40 11.682 3.0741
    endloop
  endfacet
  facet normal 1 0 0
    outer loop
      vertex 40 12.9 5.39999
      vertex 40 11.5401 3.60362
      vertex 40 11.6284 3.34351
    endloop
  endfacet
  facet normal 1 0 0
    outer loop
      vertex 40 12.9 5.39999
      vertex 40 11.4186 3.84999
      vertex 40 11.5401 3.60362
    endloop
  endfacet
  facet normal 1 0 0
    outer loop
      vertex 40 12.9 5.39999
      vertex 40 11.266 4.07838
      vertex 40 11.4186 3.84999
    endloop
  endfacet
  facet normal 1 0 0
    outer loop
      vertex 40 12.9 5.39999
      vertex 40 11.0849 4.28491
      vertex 40 11.266 4.07838
    endloop
  endfacet
  facet normal 1 -0 0
    outer loop
      vertex 40 10.8 5.39999
      vertex 40 11.0849 4.28491
      vertex 40 12.9 5.39999
    endloop
  endfacet
  facet normal 1 0 0
    outer loop
      vertex 40 11.0849 4.28491
      vertex 40 10.8 5.39999
      vertex 40 10.8784 4.46603
    endloop
  endfacet
  facet normal 1 0 0
    outer loop
      vertex 40 10.8784 4.46603
      vertex 40 10.8 5.39999
      vertex 40 10.8 4.51842
    endloop
  endfacet
  facet normal 1 -0 0
    outer loop
      vertex 40 11.682 2.52589
      vertex 40 12.9 0
      vertex 40 11.7 2.79999
    endloop
  endfacet
  facet normal 1 -0 0
    outer loop
      vertex 40 11.6284 2.25647
      vertex 40 12.9 0
      vertex 40 11.682 2.52589
    endloop
  endfacet
  facet normal 1 -0 0
    outer loop
      vertex 40 11.5401 1.99635
      vertex 40 12.9 0
      vertex 40 11.6284 2.25647
    endloop
  endfacet
  facet normal 1 -0 0
    outer loop
      vertex 40 11.4186 1.74998
      vertex 40 12.9 0
      vertex 40 11.5401 1.99635
    endloop
  endfacet
  facet normal 1 -0 0
    outer loop
      vertex 40 11.266 1.52159
      vertex 40 12.9 0
      vertex 40 11.4186 1.74998
    endloop
  endfacet
  facet normal 1 -0 0
    outer loop
      vertex 40 11.0849 1.31506
      vertex 40 12.9 0
      vertex 40 11.266 1.52159
    endloop
  endfacet
  facet normal 1 -0 0
    outer loop
      vertex 40 10.8784 1.13396
      vertex 40 12.9 0
      vertex 40 11.0849 1.31506
    endloop
  endfacet
  facet normal 1 -0 0
    outer loop
      vertex 40 10.65 0.981339
      vertex 40 12.9 0
      vertex 40 10.8784 1.13396
    endloop
  endfacet
  facet normal 1 -0 0
    outer loop
      vertex 40 10.4036 0.859848
      vertex 40 12.9 0
      vertex 40 10.65 0.981339
    endloop
  endfacet
  facet normal 1 -0 0
    outer loop
      vertex 40 10.1435 0.771545
      vertex 40 12.9 0
      vertex 40 10.4036 0.859848
    endloop
  endfacet
  facet normal 1 -0 0
    outer loop
      vertex 40 9.87409 0.717957
      vertex 40 12.9 0
      vertex 40 10.1435 0.771545
    endloop
  endfacet
  facet normal 1 -0 0
    outer loop
      vertex 40 9.6 0.699997
      vertex 40 12.9 0
      vertex 40 9.87409 0.717957
    endloop
  endfacet
  facet normal 1 0 0
    outer loop
      vertex 40 6.30001 0
      vertex 40 9.6 0.699997
      vertex 40 9.32591 0.717957
    endloop
  endfacet
  facet normal 1 0 0
    outer loop
      vertex 40 6.30001 0
      vertex 40 9.32591 0.717957
      vertex 40 9.05648 0.771545
    endloop
  endfacet
  facet normal 1 0 0
    outer loop
      vertex 40 6.30001 0
      vertex 40 7.50001 2.79999
      vertex 40 6.30001 5.39999
    endloop
  endfacet
  facet normal 1 0 0
    outer loop
      vertex 40 7.50001 2.79999
      vertex 40 6.30001 0
      vertex 40 7.51797 2.52589
    endloop
  endfacet
  facet normal 1 0 0
    outer loop
      vertex 40 7.51797 2.52589
      vertex 40 6.30001 0
      vertex 40 7.57156 2.25647
    endloop
  endfacet
  facet normal 1 0 0
    outer loop
      vertex 40 9.6 0.699997
      vertex 40 6.30001 0
      vertex 40 12.9 0
    endloop
  endfacet
  facet normal 1 0 0
    outer loop
      vertex 40 8.79636 0.859848
      vertex 40 6.30001 0
      vertex 40 9.05648 0.771545
    endloop
  endfacet
  facet normal 1 0 0
    outer loop
      vertex 40 8.55001 0.981339
      vertex 40 6.30001 0
      vertex 40 8.79636 0.859848
    endloop
  endfacet
  facet normal 1 0 0
    outer loop
      vertex 40 8.3216 1.13396
      vertex 40 6.30001 0
      vertex 40 8.55001 0.981339
    endloop
  endfacet
  facet normal 1 0 0
    outer loop
      vertex 40 8.11509 1.31506
      vertex 40 6.30001 0
      vertex 40 8.3216 1.13396
    endloop
  endfacet
  facet normal 1 0 0
    outer loop
      vertex 40 7.93397 1.52159
      vertex 40 6.30001 0
      vertex 40 8.11509 1.31506
    endloop
  endfacet
  facet normal 1 0 0
    outer loop
      vertex 40 7.78135 1.74998
      vertex 40 6.30001 0
      vertex 40 7.93397 1.52159
    endloop
  endfacet
  facet normal 1 0 0
    outer loop
      vertex 40 7.65986 1.99635
      vertex 40 6.30001 0
      vertex 40 7.78135 1.74998
    endloop
  endfacet
  facet normal 1 0 0
    outer loop
      vertex 40 7.57156 2.25647
      vertex 40 6.30001 0
      vertex 40 7.65986 1.99635
    endloop
  endfacet
  facet normal 0 0 -1
    outer loop
      vertex 0 6.30001 0
      vertex 40 12.9 0
      vertex 40 6.30001 0
    endloop
  endfacet
  facet normal -0 0 -1
    outer loop
      vertex 40 12.9 0
      vertex 0 6.30001 0
      vertex 0 12.9 0
    endloop
  endfacet
  facet normal 0 1 -0
    outer loop
      vertex 40 12.9 0
      vertex 0 12.9 5.39999
      vertex 40 12.9 5.39999
    endloop
  endfacet
  facet normal 0 1 0
    outer loop
      vertex 0 12.9 5.39999
      vertex 40 12.9 0
      vertex 0 12.9 0
    endloop
  endfacet
  facet normal -0 0 1
    outer loop
      vertex 0 12.9 5.39999
      vertex 40 10.8 5.39999
      vertex 40 12.9 5.39999
    endloop
  endfacet
  facet normal 0 0 1
    outer loop
      vertex 40 10.8 5.39999
      vertex 0 12.9 5.39999
      vertex 0 10.8 5.39999
    endloop
  endfacet
  facet normal 0 -1 0
    outer loop
      vertex 0 10.8 4.51842
      vertex 40 10.8 5.39999
      vertex 0 10.8 5.39999
    endloop
  endfacet
  facet normal 0 -1 -0
    outer loop
      vertex 40 10.8 5.39999
      vertex 0 10.8 4.51842
      vertex 40 10.8 4.51842
    endloop
  endfacet
  facet normal 0 -0.555605 -0.831446
    outer loop
      vertex 0 10.8 4.51842
      vertex 40 10.8784 4.46603
      vertex 40 10.8 4.51842
    endloop
  endfacet
  facet normal -0 -0.555605 -0.831446
    outer loop
      vertex 40 10.8784 4.46603
      vertex 0 10.8 4.51842
      vertex 0 10.8784 4.46603
    endloop
  endfacet
  facet normal 0 -0.659396 -0.751796
    outer loop
      vertex 0 10.8784 4.46603
      vertex 40 11.0849 4.28491
      vertex 40 10.8784 4.46603
    endloop
  endfacet
  facet normal -0 -0.659396 -0.751796
    outer loop
      vertex 40 11.0849 4.28491
      vertex 0 10.8784 4.46603
      vertex 0 11.0849 4.28491
    endloop
  endfacet
  facet normal 0 -0.751879 -0.659301
    outer loop
      vertex 0 11.266 4.07838
      vertex 40 11.0849 4.28491
      vertex 0 11.0849 4.28491
    endloop
  endfacet
  facet normal 0 -0.751879 -0.659301
    outer loop
      vertex 40 11.0849 4.28491
      vertex 0 11.266 4.07838
      vertex 40 11.266 4.07838
    endloop
  endfacet
  facet normal 0 -0.831479 -0.555557
    outer loop
      vertex 0 11.4186 3.84999
      vertex 40 11.266 4.07838
      vertex 0 11.266 4.07838
    endloop
  endfacet
  facet normal 0 -0.831479 -0.555557
    outer loop
      vertex 40 11.266 4.07838
      vertex 0 11.4186 3.84999
      vertex 40 11.4186 3.84999
    endloop
  endfacet
  facet normal 0 -0.896867 -0.4423
    outer loop
      vertex 0 11.5401 3.60362
      vertex 40 11.4186 3.84999
      vertex 0 11.4186 3.84999
    endloop
  endfacet
  facet normal 0 -0.896867 -0.4423
    outer loop
      vertex 40 11.4186 3.84999
      vertex 0 11.5401 3.60362
      vertex 40 11.5401 3.60362
    endloop
  endfacet
  facet normal 0 -0.946925 -0.321454
    outer loop
      vertex 0 11.6284 3.34351
      vertex 40 11.5401 3.60362
      vertex 0 11.5401 3.60362
    endloop
  endfacet
  facet normal 0 -0.946925 -0.321454
    outer loop
      vertex 40 11.5401 3.60362
      vertex 0 11.6284 3.34351
      vertex 40 11.6284 3.34351
    endloop
  endfacet
  facet normal 0 -0.980778 -0.195129
    outer loop
      vertex 0 11.682 3.0741
      vertex 40 11.6284 3.34351
      vertex 0 11.6284 3.34351
    endloop
  endfacet
  facet normal 0 -0.980778 -0.195129
    outer loop
      vertex 40 11.6284 3.34351
      vertex 0 11.682 3.0741
      vertex 40 11.682 3.0741
    endloop
  endfacet
  facet normal 0 -0.997851 -0.0655259
    outer loop
      vertex 0 11.7 2.79999
      vertex 40 11.682 3.0741
      vertex 0 11.682 3.0741
    endloop
  endfacet
  facet normal 0 -0.997851 -0.0655259
    outer loop
      vertex 40 11.682 3.0741
      vertex 0 11.7 2.79999
      vertex 40 11.7 2.79999
    endloop
  endfacet
  facet normal 0 -0.997851 0.0655283
    outer loop
      vertex 0 11.682 2.52589
      vertex 40 11.7 2.79999
      vertex 0 11.7 2.79999
    endloop
  endfacet
  facet normal 0 -0.997851 0.0655283
    outer loop
      vertex 40 11.7 2.79999
      vertex 0 11.682 2.52589
      vertex 40 11.682 2.52589
    endloop
  endfacet
  facet normal 0 -0.980779 0.195122
    outer loop
      vertex 0 11.6284 2.25647
      vertex 40 11.682 2.52589
      vertex 0 11.682 2.52589
    endloop
  endfacet
  facet normal 0 -0.980779 0.195122
    outer loop
      vertex 40 11.682 2.52589
      vertex 0 11.6284 2.25647
      vertex 40 11.6284 2.25647
    endloop
  endfacet
  facet normal 0 -0.946929 0.321443
    outer loop
      vertex 0 11.5401 1.99635
      vertex 40 11.6284 2.25647
      vertex 0 11.6284 2.25647
    endloop
  endfacet
  facet normal 0 -0.946929 0.321443
    outer loop
      vertex 40 11.6284 2.25647
      vertex 0 11.5401 1.99635
      vertex 40 11.5401 1.99635
    endloop
  endfacet
  facet normal 0 -0.896867 0.4423
    outer loop
      vertex 0 11.4186 1.74998
      vertex 40 11.5401 1.99635
      vertex 0 11.5401 1.99635
    endloop
  endfacet
  facet normal 0 -0.896867 0.4423
    outer loop
      vertex 40 11.5401 1.99635
      vertex 0 11.4186 1.74998
      vertex 40 11.4186 1.74998
    endloop
  endfacet
  facet normal 0 -0.831479 0.555557
    outer loop
      vertex 0 11.266 1.52159
      vertex 40 11.4186 1.74998
      vertex 0 11.4186 1.74998
    endloop
  endfacet
  facet normal 0 -0.831479 0.555557
    outer loop
      vertex 40 11.4186 1.74998
      vertex 0 11.266 1.52159
      vertex 40 11.266 1.52159
    endloop
  endfacet
  facet normal 0 -0.751879 0.659301
    outer loop
      vertex 0 11.0849 1.31506
      vertex 40 11.266 1.52159
      vertex 0 11.266 1.52159
    endloop
  endfacet
  facet normal 0 -0.751879 0.659301
    outer loop
      vertex 40 11.266 1.52159
      vertex 0 11.0849 1.31506
      vertex 40 11.0849 1.31506
    endloop
  endfacet
  facet normal 0 -0.659355 0.751832
    outer loop
      vertex 0 11.0849 1.31506
      vertex 40 10.8784 1.13396
      vertex 40 11.0849 1.31506
    endloop
  endfacet
  facet normal 0 -0.659355 0.751832
    outer loop
      vertex 40 10.8784 1.13396
      vertex 0 11.0849 1.31506
      vertex 0 10.8784 1.13396
    endloop
  endfacet
  facet normal 0 -0.555593 0.831454
    outer loop
      vertex 0 10.8784 1.13396
      vertex 40 10.65 0.981339
      vertex 40 10.8784 1.13396
    endloop
  endfacet
  facet normal 0 -0.555593 0.831454
    outer loop
      vertex 40 10.65 0.981339
      vertex 0 10.8784 1.13396
      vertex 0 10.65 0.981339
    endloop
  endfacet
  facet normal 0 -0.44223 0.896902
    outer loop
      vertex 0 10.65 0.981339
      vertex 40 10.4036 0.859848
      vertex 40 10.65 0.981339
    endloop
  endfacet
  facet normal 0 -0.44223 0.896902
    outer loop
      vertex 40 10.4036 0.859848
      vertex 0 10.65 0.981339
      vertex 0 10.4036 0.859848
    endloop
  endfacet
  facet normal 0 -0.321475 0.946918
    outer loop
      vertex 0 10.4036 0.859848
      vertex 40 10.1435 0.771545
      vertex 40 10.4036 0.859848
    endloop
  endfacet
  facet normal 0 -0.321475 0.946918
    outer loop
      vertex 40 10.1435 0.771545
      vertex 0 10.4036 0.859848
      vertex 0 10.1435 0.771545
    endloop
  endfacet
  facet normal 0 -0.195087 0.980786
    outer loop
      vertex 0 10.1435 0.771545
      vertex 40 9.87409 0.717957
      vertex 40 10.1435 0.771545
    endloop
  endfacet
  facet normal 0 -0.195087 0.980786
    outer loop
      vertex 40 9.87409 0.717957
      vertex 0 10.1435 0.771545
      vertex 0 9.87409 0.717957
    endloop
  endfacet
  facet normal 0 -0.0653857 0.99786
    outer loop
      vertex 0 9.87409 0.717957
      vertex 40 9.6 0.699997
      vertex 40 9.87409 0.717957
    endloop
  endfacet
  facet normal 0 -0.0653857 0.99786
    outer loop
      vertex 40 9.6 0.699997
      vertex 0 9.87409 0.717957
      vertex 0 9.6 0.699997
    endloop
  endfacet
  facet normal -0 0.0653857 0.99786
    outer loop
      vertex 0 9.6 0.699997
      vertex 40 9.32591 0.717957
      vertex 40 9.6 0.699997
    endloop
  endfacet
  facet normal 0 0.0653857 0.99786
    outer loop
      vertex 40 9.32591 0.717957
      vertex 0 9.6 0.699997
      vertex 0 9.32591 0.717957
    endloop
  endfacet
  facet normal -0 0.195073 0.980789
    outer loop
      vertex 0 9.32591 0.717957
      vertex 40 9.05648 0.771545
      vertex 40 9.32591 0.717957
    endloop
  endfacet
  facet normal 0 0.195073 0.980789
    outer loop
      vertex 40 9.05648 0.771545
      vertex 0 9.32591 0.717957
      vertex 0 9.05648 0.771545
    endloop
  endfacet
  facet normal -0 0.321453 0.946926
    outer loop
      vertex 0 9.05648 0.771545
      vertex 40 8.79636 0.859848
      vertex 40 9.05648 0.771545
    endloop
  endfacet
  facet normal 0 0.321453 0.946926
    outer loop
      vertex 40 8.79636 0.859848
      vertex 0 9.05648 0.771545
      vertex 0 8.79636 0.859848
    endloop
  endfacet
  facet normal -0 0.442302 0.896866
    outer loop
      vertex 0 8.79636 0.859848
      vertex 40 8.55001 0.981339
      vertex 40 8.79636 0.859848
    endloop
  endfacet
  facet normal 0 0.442302 0.896866
    outer loop
      vertex 40 8.55001 0.981339
      vertex 0 8.79636 0.859848
      vertex 0 8.55001 0.981339
    endloop
  endfacet
  facet normal -0 0.555576 0.831466
    outer loop
      vertex 0 8.55001 0.981339
      vertex 40 8.3216 1.13396
      vertex 40 8.55001 0.981339
    endloop
  endfacet
  facet normal 0 0.555576 0.831466
    outer loop
      vertex 40 8.3216 1.13396
      vertex 0 8.55001 0.981339
      vertex 0 8.3216 1.13396
    endloop
  endfacet
  facet normal -0 0.659337 0.751848
    outer loop
      vertex 0 8.3216 1.13396
      vertex 40 8.11509 1.31506
      vertex 40 8.3216 1.13396
    endloop
  endfacet
  facet normal 0 0.659337 0.751848
    outer loop
      vertex 40 8.11509 1.31506
      vertex 0 8.3216 1.13396
      vertex 0 8.11509 1.31506
    endloop
  endfacet
  facet normal 0 0.751843 0.659342
    outer loop
      vertex 40 8.11509 1.31506
      vertex 0 7.93397 1.52159
      vertex 40 7.93397 1.52159
    endloop
  endfacet
  facet normal 0 0.751843 0.659342
    outer loop
      vertex 0 7.93397 1.52159
      vertex 40 8.11509 1.31506
      vertex 0 8.11509 1.31506
    endloop
  endfacet
  facet normal 0 0.831445 0.555607
    outer loop
      vertex 40 7.93397 1.52159
      vertex 0 7.78135 1.74998
      vertex 40 7.78135 1.74998
    endloop
  endfacet
  facet normal 0 0.831445 0.555607
    outer loop
      vertex 0 7.78135 1.74998
      vertex 40 7.93397 1.52159
      vertex 0 7.93397 1.52159
    endloop
  endfacet
  facet normal 0 0.896882 0.44227
    outer loop
      vertex 40 7.78135 1.74998
      vertex 0 7.65986 1.99635
      vertex 40 7.65986 1.99635
    endloop
  endfacet
  facet normal 0 0.896882 0.44227
    outer loop
      vertex 0 7.65986 1.99635
      vertex 40 7.78135 1.74998
      vertex 0 7.78135 1.74998
    endloop
  endfacet
  facet normal 0 0.946929 0.321443
    outer loop
      vertex 40 7.65986 1.99635
      vertex 0 7.57156 2.25647
      vertex 40 7.57156 2.25647
    endloop
  endfacet
  facet normal 0 0.946929 0.321443
    outer loop
      vertex 0 7.57156 2.25647
      vertex 40 7.65986 1.99635
      vertex 0 7.65986 1.99635
    endloop
  endfacet
  facet normal 0 0.980786 0.195087
    outer loop
      vertex 40 7.57156 2.25647
      vertex 0 7.51797 2.52589
      vertex 40 7.51797 2.52589
    endloop
  endfacet
  facet normal 0 0.980786 0.195087
    outer loop
      vertex 0 7.51797 2.52589
      vertex 40 7.57156 2.25647
      vertex 0 7.57156 2.25647
    endloop
  endfacet
  facet normal 0 0.99786 0.0653833
    outer loop
      vertex 40 7.51797 2.52589
      vertex 0 7.50001 2.79999
      vertex 40 7.50001 2.79999
    endloop
  endfacet
  facet normal 0 0.99786 0.0653833
    outer loop
      vertex 0 7.50001 2.79999
      vertex 40 7.51797 2.52589
      vertex 0 7.51797 2.52589
    endloop
  endfacet
  facet normal 0 0.99786 -0.065381
    outer loop
      vertex 40 7.50001 2.79999
      vertex 0 7.51797 3.0741
      vertex 40 7.51797 3.0741
    endloop
  endfacet
  facet normal 0 0.99786 -0.065381
    outer loop
      vertex 0 7.51797 3.0741
      vertex 40 7.50001 2.79999
      vertex 0 7.50001 2.79999
    endloop
  endfacet
  facet normal 0 0.980785 -0.195094
    outer loop
      vertex 40 7.51797 3.0741
      vertex 0 7.57156 3.34351
      vertex 40 7.57156 3.34351
    endloop
  endfacet
  facet normal 0 0.980785 -0.195094
    outer loop
      vertex 0 7.57156 3.34351
      vertex 40 7.51797 3.0741
      vertex 0 7.51797 3.0741
    endloop
  endfacet
  facet normal 0 0.946925 -0.321454
    outer loop
      vertex 40 7.57156 3.34351
      vertex 0 7.65986 3.60362
      vertex 40 7.65986 3.60362
    endloop
  endfacet
  facet normal 0 0.946925 -0.321454
    outer loop
      vertex 0 7.65986 3.60362
      vertex 40 7.57156 3.34351
      vertex 0 7.57156 3.34351
    endloop
  endfacet
  facet normal 0 0.896882 -0.44227
    outer loop
      vertex 40 7.65986 3.60362
      vertex 0 7.78135 3.84999
      vertex 40 7.78135 3.84999
    endloop
  endfacet
  facet normal 0 0.896882 -0.44227
    outer loop
      vertex 0 7.78135 3.84999
      vertex 40 7.65986 3.60362
      vertex 0 7.65986 3.60362
    endloop
  endfacet
  facet normal 0 0.831445 -0.555607
    outer loop
      vertex 40 7.78135 3.84999
      vertex 0 7.93397 4.07838
      vertex 40 7.93397 4.07838
    endloop
  endfacet
  facet normal 0 0.831445 -0.555607
    outer loop
      vertex 0 7.93397 4.07838
      vertex 40 7.78135 3.84999
      vertex 0 7.78135 3.84999
    endloop
  endfacet
  facet normal 0 0.751843 -0.659342
    outer loop
      vertex 40 7.93397 4.07838
      vertex 0 8.11509 4.28491
      vertex 40 8.11509 4.28491
    endloop
  endfacet
  facet normal 0 0.751843 -0.659342
    outer loop
      vertex 0 8.11509 4.28491
      vertex 40 7.93397 4.07838
      vertex 0 7.93397 4.07838
    endloop
  endfacet
  facet normal 0 0.659378 -0.751812
    outer loop
      vertex 0 8.11509 4.28491
      vertex 40 8.3216 4.46603
      vertex 40 8.11509 4.28491
    endloop
  endfacet
  facet normal 0 0.659378 -0.751812
    outer loop
      vertex 40 8.3216 4.46603
      vertex 0 8.11509 4.28491
      vertex 0 8.3216 4.46603
    endloop
  endfacet
  facet normal 0 0.555605 -0.831446
    outer loop
      vertex 0 8.3216 4.46603
      vertex 40 8.4 4.51842
      vertex 40 8.3216 4.46603
    endloop
  endfacet
  facet normal 0 0.555605 -0.831446
    outer loop
      vertex 40 8.4 4.51842
      vertex 0 8.3216 4.46603
      vertex 0 8.4 4.51842
    endloop
  endfacet
  facet normal 0 1 -0
    outer loop
      vertex 40 8.4 4.51842
      vertex 0 8.4 5.39999
      vertex 40 8.4 5.39999
    endloop
  endfacet
  facet normal 0 1 0
    outer loop
      vertex 0 8.4 5.39999
      vertex 40 8.4 4.51842
      vertex 0 8.4 4.51842
    endloop
  endfacet
  facet normal -0 0 1
    outer loop
      vertex 0 8.4 5.39999
      vertex 40 6.30001 5.39999
      vertex 40 8.4 5.39999
    endloop
  endfacet
  facet normal 0 0 1
    outer loop
      vertex 40 6.30001 5.39999
      vertex 0 8.4 5.39999
      vertex 0 6.30001 5.39999
    endloop
  endfacet
  facet normal 0 -1 0
    outer loop
      vertex 0 6.30001 0
      vertex 40 6.30001 5.39999
      vertex 0 6.30001 5.39999
    endloop
  endfacet
  facet normal 0 -1 -0
    outer loop
      vertex 40 6.30001 5.39999
      vertex 0 6.30001 0
      vertex 40 6.30001 0
    endloop
  endfacet
  facet normal -1 0 0
    outer loop
      vertex 0 22.5 0
      vertex 0 21.3 2.79999
      vertex 0 22.5 5.39999
    endloop
  endfacet
  facet normal -1 0 0
    outer loop
      vertex 0 22.5 0
      vertex 0 21.282 2.52589
      vertex 0 21.3 2.79999
    endloop
  endfacet
  facet normal -1 0 0
    outer loop
      vertex 0 22.5 0
      vertex 0 21.2284 2.25647
      vertex 0 21.282 2.52589
    endloop
  endfacet
  facet normal -1 0 0
    outer loop
      vertex 0 22.5 0
      vertex 0 21.1401 1.99635
      vertex 0 21.2284 2.25647
    endloop
  endfacet
  facet normal -1 0 0
    outer loop
      vertex 0 22.5 0
      vertex 0 21.0187 1.74998
      vertex 0 21.1401 1.99635
    endloop
  endfacet
  facet normal -1 0 0
    outer loop
      vertex 0 22.5 0
      vertex 0 20.866 1.52159
      vertex 0 21.0187 1.74998
    endloop
  endfacet
  facet normal -1 0 0
    outer loop
      vertex 0 22.5 0
      vertex 0 20.6849 1.31506
      vertex 0 20.866 1.52159
    endloop
  endfacet
  facet normal -1 0 0
    outer loop
      vertex 0 22.5 0
      vertex 0 20.4784 1.13396
      vertex 0 20.6849 1.31506
    endloop
  endfacet
  facet normal -1 0 0
    outer loop
      vertex 0 22.5 0
      vertex 0 20.25 0.981339
      vertex 0 20.4784 1.13396
    endloop
  endfacet
  facet normal -1 0 0
    outer loop
      vertex 0 22.5 0
      vertex 0 20.0036 0.859848
      vertex 0 20.25 0.981339
    endloop
  endfacet
  facet normal -1 0 0
    outer loop
      vertex 0 22.5 0
      vertex 0 19.7435 0.771545
      vertex 0 20.0036 0.859848
    endloop
  endfacet
  facet normal -1 0 0
    outer loop
      vertex 0 22.5 0
      vertex 0 19.4741 0.717957
      vertex 0 19.7435 0.771545
    endloop
  endfacet
  facet normal -1 0 0
    outer loop
      vertex 0 22.5 0
      vertex 0 19.2 0.699997
      vertex 0 19.4741 0.717957
    endloop
  endfacet
  facet normal -1 0 0
    outer loop
      vertex 0 15.9 0
      vertex 0 19.2 0.699997
      vertex 0 22.5 0
    endloop
  endfacet
  facet normal -1 -0 0
    outer loop
      vertex 0 19.2 0.699997
      vertex 0 15.9 0
      vertex 0 18.9259 0.717957
    endloop
  endfacet
  facet normal -1 -0 0
    outer loop
      vertex 0 17.118 2.52589
      vertex 0 15.9 0
      vertex 0 17.1 2.79999
    endloop
  endfacet
  facet normal -1 -0 0
    outer loop
      vertex 0 17.1716 2.25647
      vertex 0 15.9 0
      vertex 0 17.118 2.52589
    endloop
  endfacet
  facet normal -1 -0 0
    outer loop
      vertex 0 17.2599 1.99635
      vertex 0 15.9 0
      vertex 0 17.1716 2.25647
    endloop
  endfacet
  facet normal -1 -0 0
    outer loop
      vertex 0 17.3814 1.74998
      vertex 0 15.9 0
      vertex 0 17.2599 1.99635
    endloop
  endfacet
  facet normal -1 -0 0
    outer loop
      vertex 0 17.534 1.52159
      vertex 0 15.9 0
      vertex 0 17.3814 1.74998
    endloop
  endfacet
  facet normal -1 -0 0
    outer loop
      vertex 0 17.7151 1.31506
      vertex 0 15.9 0
      vertex 0 17.534 1.52159
    endloop
  endfacet
  facet normal -1 -0 0
    outer loop
      vertex 0 17.9216 1.13396
      vertex 0 15.9 0
      vertex 0 17.7151 1.31506
    endloop
  endfacet
  facet normal -1 -0 0
    outer loop
      vertex 0 18.15 0.981339
      vertex 0 15.9 0
      vertex 0 17.9216 1.13396
    endloop
  endfacet
  facet normal -1 -0 0
    outer loop
      vertex 0 18.3964 0.859848
      vertex 0 15.9 0
      vertex 0 18.15 0.981339
    endloop
  endfacet
  facet normal -1 -0 0
    outer loop
      vertex 0 18.6565 0.771545
      vertex 0 15.9 0
      vertex 0 18.3964 0.859848
    endloop
  endfacet
  facet normal -1 -0 0
    outer loop
      vertex 0 18.9259 0.717957
      vertex 0 15.9 0
      vertex 0 18.6565 0.771545
    endloop
  endfacet
  facet normal -1 0 0
    outer loop
      vertex 0 21.282 3.0741
      vertex 0 22.5 5.39999
      vertex 0 21.3 2.79999
    endloop
  endfacet
  facet normal -1 0 0
    outer loop
      vertex 0 21.2284 3.34351
      vertex 0 22.5 5.39999
      vertex 0 21.282 3.0741
    endloop
  endfacet
  facet normal -1 0 0
    outer loop
      vertex 0 21.1401 3.60362
      vertex 0 22.5 5.39999
      vertex 0 21.2284 3.34351
    endloop
  endfacet
  facet normal -1 0 0
    outer loop
      vertex 0 21.0187 3.84999
      vertex 0 22.5 5.39999
      vertex 0 21.1401 3.60362
    endloop
  endfacet
  facet normal -1 0 0
    outer loop
      vertex 0 20.866 4.07838
      vertex 0 22.5 5.39999
      vertex 0 21.0187 3.84999
    endloop
  endfacet
  facet normal -1 0 0
    outer loop
      vertex 0 20.6849 4.28491
      vertex 0 22.5 5.39999
      vertex 0 20.866 4.07838
    endloop
  endfacet
  facet normal -1 0 0
    outer loop
      vertex 0 20.4 5.39999
      vertex 0 20.6849 4.28491
      vertex 0 20.4784 4.46603
    endloop
  endfacet
  facet normal -1 0 0
    outer loop
      vertex 0 20.4 5.39999
      vertex 0 20.4784 4.46603
      vertex 0 20.4 4.51842
    endloop
  endfacet
  facet normal -1 0 0
    outer loop
      vertex 0 20.6849 4.28491
      vertex 0 20.4 5.39999
      vertex 0 22.5 5.39999
    endloop
  endfacet
  facet normal -1 0 0
    outer loop
      vertex 0 17.9216 4.46603
      vertex 0 18 5.39999
      vertex 0 18 4.51842
    endloop
  endfacet
  facet normal -1 0 0
    outer loop
      vertex 0 17.7151 4.28491
      vertex 0 18 5.39999
      vertex 0 17.9216 4.46603
    endloop
  endfacet
  facet normal -1 0 0
    outer loop
      vertex 0 15.9 5.39999
      vertex 0 17.7151 4.28491
      vertex 0 17.534 4.07838
    endloop
  endfacet
  facet normal -1 0 0
    outer loop
      vertex 0 15.9 5.39999
      vertex 0 17.534 4.07838
      vertex 0 17.3814 3.84999
    endloop
  endfacet
  facet normal -1 0 0
    outer loop
      vertex 0 15.9 5.39999
      vertex 0 17.3814 3.84999
      vertex 0 17.2599 3.60362
    endloop
  endfacet
  facet normal -1 0 0
    outer loop
      vertex 0 15.9 5.39999
      vertex 0 17.1 2.79999
      vertex 0 15.9 0
    endloop
  endfacet
  facet normal -1 0 0
    outer loop
      vertex 0 17.1 2.79999
      vertex 0 15.9 5.39999
      vertex 0 17.118 3.0741
    endloop
  endfacet
  facet normal -1 0 0
    outer loop
      vertex 0 17.118 3.0741
      vertex 0 15.9 5.39999
      vertex 0 17.1716 3.34351
    endloop
  endfacet
  facet normal -1 0 0
    outer loop
      vertex 0 17.7151 4.28491
      vertex 0 15.9 5.39999
      vertex 0 18 5.39999
    endloop
  endfacet
  facet normal -1 0 0
    outer loop
      vertex 0 17.1716 3.34351
      vertex 0 15.9 5.39999
      vertex 0 17.2599 3.60362
    endloop
  endfacet
  facet normal 1 0 0
    outer loop
      vertex 40 18 5.39999
      vertex 40 17.9216 4.46603
      vertex 40 18 4.51842
    endloop
  endfacet
  facet normal 1 0 0
    outer loop
      vertex 40 18 5.39999
      vertex 40 17.7151 4.28491
      vertex 40 17.9216 4.46603
    endloop
  endfacet
  facet normal 1 -0 0
    outer loop
      vertex 40 15.9 5.39999
      vertex 40 17.7151 4.28491
      vertex 40 18 5.39999
    endloop
  endfacet
  facet normal 1 0 0
    outer loop
      vertex 40 17.7151 4.28491
      vertex 40 15.9 5.39999
      vertex 40 17.534 4.07838
    endloop
  endfacet
  facet normal 1 0 0
    outer loop
      vertex 40 17.534 4.07838
      vertex 40 15.9 5.39999
      vertex 40 17.3814 3.84999
    endloop
  endfacet
  facet normal 1 0 0
    outer loop
      vertex 40 17.118 3.0741
      vertex 40 15.9 5.39999
      vertex 40 17.1 2.79999
    endloop
  endfacet
  facet normal 1 0 0
    outer loop
      vertex 40 17.1716 3.34351
      vertex 40 15.9 5.39999
      vertex 40 17.118 3.0741
    endloop
  endfacet
  facet normal 1 0 0
    outer loop
      vertex 40 17.2599 3.60362
      vertex 40 15.9 5.39999
      vertex 40 17.1716 3.34351
    endloop
  endfacet
  facet normal 1 0 0
    outer loop
      vertex 40 17.3814 3.84999
      vertex 40 15.9 5.39999
      vertex 40 17.2599 3.60362
    endloop
  endfacet
  facet normal 1 0 0
    outer loop
      vertex 40 22.5 5.39999
      vertex 40 21.3 2.79999
      vertex 40 22.5 0
    endloop
  endfacet
  facet normal 1 0 0
    outer loop
      vertex 40 22.5 5.39999
      vertex 40 21.282 3.0741
      vertex 40 21.3 2.79999
    endloop
  endfacet
  facet normal 1 0 0
    outer loop
      vertex 40 22.5 5.39999
      vertex 40 21.2284 3.34351
      vertex 40 21.282 3.0741
    endloop
  endfacet
  facet normal 1 0 0
    outer loop
      vertex 40 22.5 5.39999
      vertex 40 21.1401 3.60362
      vertex 40 21.2284 3.34351
    endloop
  endfacet
  facet normal 1 0 0
    outer loop
      vertex 40 22.5 5.39999
      vertex 40 21.0187 3.84999
      vertex 40 21.1401 3.60362
    endloop
  endfacet
  facet normal 1 0 0
    outer loop
      vertex 40 22.5 5.39999
      vertex 40 20.866 4.07838
      vertex 40 21.0187 3.84999
    endloop
  endfacet
  facet normal 1 0 0
    outer loop
      vertex 40 22.5 5.39999
      vertex 40 20.6849 4.28491
      vertex 40 20.866 4.07838
    endloop
  endfacet
  facet normal 1 -0 0
    outer loop
      vertex 40 20.4 5.39999
      vertex 40 20.6849 4.28491
      vertex 40 22.5 5.39999
    endloop
  endfacet
  facet normal 1 0 0
    outer loop
      vertex 40 20.6849 4.28491
      vertex 40 20.4 5.39999
      vertex 40 20.4784 4.46603
    endloop
  endfacet
  facet normal 1 0 0
    outer loop
      vertex 40 20.4784 4.46603
      vertex 40 20.4 5.39999
      vertex 40 20.4 4.51842
    endloop
  endfacet
  facet normal 1 -0 0
    outer loop
      vertex 40 21.282 2.52589
      vertex 40 22.5 0
      vertex 40 21.3 2.79999
    endloop
  endfacet
  facet normal 1 -0 0
    outer loop
      vertex 40 21.2284 2.25647
      vertex 40 22.5 0
      vertex 40 21.282 2.52589
    endloop
  endfacet
  facet normal 1 -0 0
    outer loop
      vertex 40 21.1401 1.99635
      vertex 40 22.5 0
      vertex 40 21.2284 2.25647
    endloop
  endfacet
  facet normal 1 -0 0
    outer loop
      vertex 40 21.0187 1.74998
      vertex 40 22.5 0
      vertex 40 21.1401 1.99635
    endloop
  endfacet
  facet normal 1 -0 0
    outer loop
      vertex 40 20.866 1.52159
      vertex 40 22.5 0
      vertex 40 21.0187 1.74998
    endloop
  endfacet
  facet normal 1 -0 0
    outer loop
      vertex 40 20.6849 1.31506
      vertex 40 22.5 0
      vertex 40 20.866 1.52159
    endloop
  endfacet
  facet normal 1 -0 0
    outer loop
      vertex 40 20.4784 1.13396
      vertex 40 22.5 0
      vertex 40 20.6849 1.31506
    endloop
  endfacet
  facet normal 1 -0 0
    outer loop
      vertex 40 20.25 0.981339
      vertex 40 22.5 0
      vertex 40 20.4784 1.13396
    endloop
  endfacet
  facet normal 1 -0 0
    outer loop
      vertex 40 20.0036 0.859848
      vertex 40 22.5 0
      vertex 40 20.25 0.981339
    endloop
  endfacet
  facet normal 1 -0 0
    outer loop
      vertex 40 19.7435 0.771545
      vertex 40 22.5 0
      vertex 40 20.0036 0.859848
    endloop
  endfacet
  facet normal 1 -0 0
    outer loop
      vertex 40 19.4741 0.717957
      vertex 40 22.5 0
      vertex 40 19.7435 0.771545
    endloop
  endfacet
  facet normal 1 -0 0
    outer loop
      vertex 40 19.2 0.699997
      vertex 40 22.5 0
      vertex 40 19.4741 0.717957
    endloop
  endfacet
  facet normal 1 0 0
    outer loop
      vertex 40 15.9 0
      vertex 40 19.2 0.699997
      vertex 40 18.9259 0.717957
    endloop
  endfacet
  facet normal 1 0 0
    outer loop
      vertex 40 15.9 0
      vertex 40 18.9259 0.717957
      vertex 40 18.6565 0.771545
    endloop
  endfacet
  facet normal 1 0 0
    outer loop
      vertex 40 15.9 0
      vertex 40 17.1 2.79999
      vertex 40 15.9 5.39999
    endloop
  endfacet
  facet normal 1 0 0
    outer loop
      vertex 40 17.1 2.79999
      vertex 40 15.9 0
      vertex 40 17.118 2.52589
    endloop
  endfacet
  facet normal 1 0 0
    outer loop
      vertex 40 17.118 2.52589
      vertex 40 15.9 0
      vertex 40 17.1716 2.25647
    endloop
  endfacet
  facet normal 1 0 0
    outer loop
      vertex 40 19.2 0.699997
      vertex 40 15.9 0
      vertex 40 22.5 0
    endloop
  endfacet
  facet normal 1 0 0
    outer loop
      vertex 40 18.3964 0.859848
      vertex 40 15.9 0
      vertex 40 18.6565 0.771545
    endloop
  endfacet
  facet normal 1 0 0
    outer loop
      vertex 40 18.15 0.981339
      vertex 40 15.9 0
      vertex 40 18.3964 0.859848
    endloop
  endfacet
  facet normal 1 0 0
    outer loop
      vertex 40 17.9216 1.13396
      vertex 40 15.9 0
      vertex 40 18.15 0.981339
    endloop
  endfacet
  facet normal 1 0 0
    outer loop
      vertex 40 17.7151 1.31506
      vertex 40 15.9 0
      vertex 40 17.9216 1.13396
    endloop
  endfacet
  facet normal 1 0 0
    outer loop
      vertex 40 17.534 1.52159
      vertex 40 15.9 0
      vertex 40 17.7151 1.31506
    endloop
  endfacet
  facet normal 1 0 0
    outer loop
      vertex 40 17.3814 1.74998
      vertex 40 15.9 0
      vertex 40 17.534 1.52159
    endloop
  endfacet
  facet normal 1 0 0
    outer loop
      vertex 40 17.2599 1.99635
      vertex 40 15.9 0
      vertex 40 17.3814 1.74998
    endloop
  endfacet
  facet normal 1 0 0
    outer loop
      vertex 40 17.1716 2.25647
      vertex 40 15.9 0
      vertex 40 17.2599 1.99635
    endloop
  endfacet
  facet normal 0 0 -1
    outer loop
      vertex 0 15.9 0
      vertex 40 22.5 0
      vertex 40 15.9 0
    endloop
  endfacet
  facet normal -0 0 -1
    outer loop
      vertex 40 22.5 0
      vertex 0 15.9 0
      vertex 0 22.5 0
    endloop
  endfacet
  facet normal 0 1 -0
    outer loop
      vertex 40 22.5 0
      vertex 0 22.5 5.39999
      vertex 40 22.5 5.39999
    endloop
  endfacet
  facet normal 0 1 0
    outer loop
      vertex 0 22.5 5.39999
      vertex 40 22.5 0
      vertex 0 22.5 0
    endloop
  endfacet
  facet normal -0 0 1
    outer loop
      vertex 0 22.5 5.39999
      vertex 40 20.4 5.39999
      vertex 40 22.5 5.39999
    endloop
  endfacet
  facet normal 0 0 1
    outer loop
      vertex 40 20.4 5.39999
      vertex 0 22.5 5.39999
      vertex 0 20.4 5.39999
    endloop
  endfacet
  facet normal 0 -1 0
    outer loop
      vertex 0 20.4 4.51842
      vertex 40 20.4 5.39999
      vertex 0 20.4 5.39999
    endloop
  endfacet
  facet normal 0 -1 -0
    outer loop
      vertex 40 20.4 5.39999
      vertex 0 20.4 4.51842
      vertex 40 20.4 4.51842
    endloop
  endfacet
  facet normal 0 -0.555605 -0.831446
    outer loop
      vertex 0 20.4 4.51842
      vertex 40 20.4784 4.46603
      vertex 40 20.4 4.51842
    endloop
  endfacet
  facet normal -0 -0.555605 -0.831446
    outer loop
      vertex 40 20.4784 4.46603
      vertex 0 20.4 4.51842
      vertex 0 20.4784 4.46603
    endloop
  endfacet
  facet normal 0 -0.659396 -0.751796
    outer loop
      vertex 0 20.4784 4.46603
      vertex 40 20.6849 4.28491
      vertex 40 20.4784 4.46603
    endloop
  endfacet
  facet normal -0 -0.659396 -0.751796
    outer loop
      vertex 40 20.6849 4.28491
      vertex 0 20.4784 4.46603
      vertex 0 20.6849 4.28491
    endloop
  endfacet
  facet normal 0 -0.751879 -0.659301
    outer loop
      vertex 0 20.866 4.07838
      vertex 40 20.6849 4.28491
      vertex 0 20.6849 4.28491
    endloop
  endfacet
  facet normal 0 -0.751879 -0.659301
    outer loop
      vertex 40 20.6849 4.28491
      vertex 0 20.866 4.07838
      vertex 40 20.866 4.07838
    endloop
  endfacet
  facet normal 0 -0.83131 -0.555808
    outer loop
      vertex 0 21.0187 3.84999
      vertex 40 20.866 4.07838
      vertex 0 20.866 4.07838
    endloop
  endfacet
  facet normal 0 -0.83131 -0.555808
    outer loop
      vertex 40 20.866 4.07838
      vertex 0 21.0187 3.84999
      vertex 40 21.0187 3.84999
    endloop
  endfacet
  facet normal 0 -0.897012 -0.442007
    outer loop
      vertex 0 21.1401 3.60362
      vertex 40 21.0187 3.84999
      vertex 0 21.0187 3.84999
    endloop
  endfacet
  facet normal 0 -0.897012 -0.442007
    outer loop
      vertex 40 21.0187 3.84999
      vertex 0 21.1401 3.60362
      vertex 40 21.1401 3.60362
    endloop
  endfacet
  facet normal 0 -0.946925 -0.321454
    outer loop
      vertex 0 21.2284 3.34351
      vertex 40 21.1401 3.60362
      vertex 0 21.1401 3.60362
    endloop
  endfacet
  facet normal 0 -0.946925 -0.321454
    outer loop
      vertex 40 21.1401 3.60362
      vertex 0 21.2284 3.34351
      vertex 40 21.2284 3.34351
    endloop
  endfacet
  facet normal 0 -0.980778 -0.195129
    outer loop
      vertex 0 21.282 3.0741
      vertex 40 21.2284 3.34351
      vertex 0 21.2284 3.34351
    endloop
  endfacet
  facet normal 0 -0.980778 -0.195129
    outer loop
      vertex 40 21.2284 3.34351
      vertex 0 21.282 3.0741
      vertex 40 21.282 3.0741
    endloop
  endfacet
  facet normal 0 -0.997851 -0.0655259
    outer loop
      vertex 0 21.3 2.79999
      vertex 40 21.282 3.0741
      vertex 0 21.282 3.0741
    endloop
  endfacet
  facet normal 0 -0.997851 -0.0655259
    outer loop
      vertex 40 21.282 3.0741
      vertex 0 21.3 2.79999
      vertex 40 21.3 2.79999
    endloop
  endfacet
  facet normal 0 -0.997851 0.0655283
    outer loop
      vertex 0 21.282 2.52589
      vertex 40 21.3 2.79999
      vertex 0 21.3 2.79999
    endloop
  endfacet
  facet normal 0 -0.997851 0.0655283
    outer loop
      vertex 40 21.3 2.79999
      vertex 0 21.282 2.52589
      vertex 40 21.282 2.52589
    endloop
  endfacet
  facet normal 0 -0.980779 0.195122
    outer loop
      vertex 0 21.2284 2.25647
      vertex 40 21.282 2.52589
      vertex 0 21.282 2.52589
    endloop
  endfacet
  facet normal 0 -0.980779 0.195122
    outer loop
      vertex 40 21.282 2.52589
      vertex 0 21.2284 2.25647
      vertex 40 21.2284 2.25647
    endloop
  endfacet
  facet normal 0 -0.946929 0.321443
    outer loop
      vertex 0 21.1401 1.99635
      vertex 40 21.2284 2.25647
      vertex 0 21.2284 2.25647
    endloop
  endfacet
  facet normal 0 -0.946929 0.321443
    outer loop
      vertex 40 21.2284 2.25647
      vertex 0 21.1401 1.99635
      vertex 40 21.1401 1.99635
    endloop
  endfacet
  facet normal 0 -0.897012 0.442007
    outer loop
      vertex 0 21.0187 1.74998
      vertex 40 21.1401 1.99635
      vertex 0 21.1401 1.99635
    endloop
  endfacet
  facet normal 0 -0.897012 0.442007
    outer loop
      vertex 40 21.1401 1.99635
      vertex 0 21.0187 1.74998
      vertex 40 21.0187 1.74998
    endloop
  endfacet
  facet normal 0 -0.83131 0.555808
    outer loop
      vertex 0 20.866 1.52159
      vertex 40 21.0187 1.74998
      vertex 0 21.0187 1.74998
    endloop
  endfacet
  facet normal 0 -0.83131 0.555808
    outer loop
      vertex 40 21.0187 1.74998
      vertex 0 20.866 1.52159
      vertex 40 20.866 1.52159
    endloop
  endfacet
  facet normal 0 -0.751879 0.659301
    outer loop
      vertex 0 20.6849 1.31506
      vertex 40 20.866 1.52159
      vertex 0 20.866 1.52159
    endloop
  endfacet
  facet normal 0 -0.751879 0.659301
    outer loop
      vertex 40 20.866 1.52159
      vertex 0 20.6849 1.31506
      vertex 40 20.6849 1.31506
    endloop
  endfacet
  facet normal 0 -0.659355 0.751832
    outer loop
      vertex 0 20.6849 1.31506
      vertex 40 20.4784 1.13396
      vertex 40 20.6849 1.31506
    endloop
  endfacet
  facet normal 0 -0.659355 0.751832
    outer loop
      vertex 40 20.4784 1.13396
      vertex 0 20.6849 1.31506
      vertex 0 20.4784 1.13396
    endloop
  endfacet
  facet normal 0 -0.555593 0.831454
    outer loop
      vertex 0 20.4784 1.13396
      vertex 40 20.25 0.981339
      vertex 40 20.4784 1.13396
    endloop
  endfacet
  facet normal 0 -0.555593 0.831454
    outer loop
      vertex 40 20.25 0.981339
      vertex 0 20.4784 1.13396
      vertex 0 20.25 0.981339
    endloop
  endfacet
  facet normal 0 -0.44223 0.896902
    outer loop
      vertex 0 20.25 0.981339
      vertex 40 20.0036 0.859848
      vertex 40 20.25 0.981339
    endloop
  endfacet
  facet normal 0 -0.44223 0.896902
    outer loop
      vertex 40 20.0036 0.859848
      vertex 0 20.25 0.981339
      vertex 0 20.0036 0.859848
    endloop
  endfacet
  facet normal 0 -0.321475 0.946918
    outer loop
      vertex 0 20.0036 0.859848
      vertex 40 19.7435 0.771545
      vertex 40 20.0036 0.859848
    endloop
  endfacet
  facet normal 0 -0.321475 0.946918
    outer loop
      vertex 40 19.7435 0.771545
      vertex 0 20.0036 0.859848
      vertex 0 19.7435 0.771545
    endloop
  endfacet
  facet normal 0 -0.195094 0.980785
    outer loop
      vertex 0 19.7435 0.771545
      vertex 40 19.4741 0.717957
      vertex 40 19.7435 0.771545
    endloop
  endfacet
  facet normal 0 -0.195094 0.980785
    outer loop
      vertex 40 19.4741 0.717957
      vertex 0 19.7435 0.771545
      vertex 0 19.4741 0.717957
    endloop
  endfacet
  facet normal 0 -0.0653833 0.99786
    outer loop
      vertex 0 19.4741 0.717957
      vertex 40 19.2 0.699997
      vertex 40 19.4741 0.717957
    endloop
  endfacet
  facet normal 0 -0.0653833 0.99786
    outer loop
      vertex 40 19.2 0.699997
      vertex 0 19.4741 0.717957
      vertex 0 19.2 0.699997
    endloop
  endfacet
  facet normal -0 0.0653833 0.99786
    outer loop
      vertex 0 19.2 0.699997
      vertex 40 18.9259 0.717957
      vertex 40 19.2 0.699997
    endloop
  endfacet
  facet normal 0 0.0653833 0.99786
    outer loop
      vertex 40 18.9259 0.717957
      vertex 0 19.2 0.699997
      vertex 0 18.9259 0.717957
    endloop
  endfacet
  facet normal -0 0.195094 0.980785
    outer loop
      vertex 0 18.9259 0.717957
      vertex 40 18.6565 0.771545
      vertex 40 18.9259 0.717957
    endloop
  endfacet
  facet normal 0 0.195094 0.980785
    outer loop
      vertex 40 18.6565 0.771545
      vertex 0 18.9259 0.717957
      vertex 0 18.6565 0.771545
    endloop
  endfacet
  facet normal -0 0.321475 0.946918
    outer loop
      vertex 0 18.6565 0.771545
      vertex 40 18.3964 0.859848
      vertex 40 18.6565 0.771545
    endloop
  endfacet
  facet normal 0 0.321475 0.946918
    outer loop
      vertex 40 18.3964 0.859848
      vertex 0 18.6565 0.771545
      vertex 0 18.3964 0.859848
    endloop
  endfacet
  facet normal -0 0.44223 0.896902
    outer loop
      vertex 0 18.3964 0.859848
      vertex 40 18.15 0.981339
      vertex 40 18.3964 0.859848
    endloop
  endfacet
  facet normal 0 0.44223 0.896902
    outer loop
      vertex 40 18.15 0.981339
      vertex 0 18.3964 0.859848
      vertex 0 18.15 0.981339
    endloop
  endfacet
  facet normal -0 0.555593 0.831454
    outer loop
      vertex 0 18.15 0.981339
      vertex 40 17.9216 1.13396
      vertex 40 18.15 0.981339
    endloop
  endfacet
  facet normal 0 0.555593 0.831454
    outer loop
      vertex 40 17.9216 1.13396
      vertex 0 18.15 0.981339
      vertex 0 17.9216 1.13396
    endloop
  endfacet
  facet normal -0 0.659355 0.751832
    outer loop
      vertex 0 17.9216 1.13396
      vertex 40 17.7151 1.31506
      vertex 40 17.9216 1.13396
    endloop
  endfacet
  facet normal 0 0.659355 0.751832
    outer loop
      vertex 40 17.7151 1.31506
      vertex 0 17.9216 1.13396
      vertex 0 17.7151 1.31506
    endloop
  endfacet
  facet normal 0 0.751879 0.659301
    outer loop
      vertex 40 17.7151 1.31506
      vertex 0 17.534 1.52159
      vertex 40 17.534 1.52159
    endloop
  endfacet
  facet normal 0 0.751879 0.659301
    outer loop
      vertex 0 17.534 1.52159
      vertex 40 17.7151 1.31506
      vertex 0 17.7151 1.31506
    endloop
  endfacet
  facet normal 0 0.831479 0.555557
    outer loop
      vertex 40 17.534 1.52159
      vertex 0 17.3814 1.74998
      vertex 40 17.3814 1.74998
    endloop
  endfacet
  facet normal 0 0.831479 0.555557
    outer loop
      vertex 0 17.3814 1.74998
      vertex 40 17.534 1.52159
      vertex 0 17.534 1.52159
    endloop
  endfacet
  facet normal 0 0.896867 0.4423
    outer loop
      vertex 40 17.3814 1.74998
      vertex 0 17.2599 1.99635
      vertex 40 17.2599 1.99635
    endloop
  endfacet
  facet normal 0 0.896867 0.4423
    outer loop
      vertex 0 17.2599 1.99635
      vertex 40 17.3814 1.74998
      vertex 0 17.3814 1.74998
    endloop
  endfacet
  facet normal 0 0.946929 0.321443
    outer loop
      vertex 40 17.2599 1.99635
      vertex 0 17.1716 2.25647
      vertex 40 17.1716 2.25647
    endloop
  endfacet
  facet normal 0 0.946929 0.321443
    outer loop
      vertex 0 17.1716 2.25647
      vertex 40 17.2599 1.99635
      vertex 0 17.2599 1.99635
    endloop
  endfacet
  facet normal 0 0.980779 0.195122
    outer loop
      vertex 40 17.1716 2.25647
      vertex 0 17.118 2.52589
      vertex 40 17.118 2.52589
    endloop
  endfacet
  facet normal 0 0.980779 0.195122
    outer loop
      vertex 0 17.118 2.52589
      vertex 40 17.1716 2.25647
      vertex 0 17.1716 2.25647
    endloop
  endfacet
  facet normal 0 0.997851 0.0655283
    outer loop
      vertex 40 17.118 2.52589
      vertex 0 17.1 2.79999
      vertex 40 17.1 2.79999
    endloop
  endfacet
  facet normal 0 0.997851 0.0655283
    outer loop
      vertex 0 17.1 2.79999
      vertex 40 17.118 2.52589
      vertex 0 17.118 2.52589
    endloop
  endfacet
  facet normal 0 0.997851 -0.0655259
    outer loop
      vertex 40 17.1 2.79999
      vertex 0 17.118 3.0741
      vertex 40 17.118 3.0741
    endloop
  endfacet
  facet normal 0 0.997851 -0.0655259
    outer loop
      vertex 0 17.118 3.0741
      vertex 40 17.1 2.79999
      vertex 0 17.1 2.79999
    endloop
  endfacet
  facet normal 0 0.980778 -0.195129
    outer loop
      vertex 40 17.118 3.0741
      vertex 0 17.1716 3.34351
      vertex 40 17.1716 3.34351
    endloop
  endfacet
  facet normal 0 0.980778 -0.195129
    outer loop
      vertex 0 17.1716 3.34351
      vertex 40 17.118 3.0741
      vertex 0 17.118 3.0741
    endloop
  endfacet
  facet normal 0 0.946925 -0.321454
    outer loop
      vertex 40 17.1716 3.34351
      vertex 0 17.2599 3.60362
      vertex 40 17.2599 3.60362
    endloop
  endfacet
  facet normal 0 0.946925 -0.321454
    outer loop
      vertex 0 17.2599 3.60362
      vertex 40 17.1716 3.34351
      vertex 0 17.1716 3.34351
    endloop
  endfacet
  facet normal 0 0.896867 -0.4423
    outer loop
      vertex 40 17.2599 3.60362
      vertex 0 17.3814 3.84999
      vertex 40 17.3814 3.84999
    endloop
  endfacet
  facet normal 0 0.896867 -0.4423
    outer loop
      vertex 0 17.3814 3.84999
      vertex 40 17.2599 3.60362
      vertex 0 17.2599 3.60362
    endloop
  endfacet
  facet normal 0 0.831479 -0.555557
    outer loop
      vertex 40 17.3814 3.84999
      vertex 0 17.534 4.07838
      vertex 40 17.534 4.07838
    endloop
  endfacet
  facet normal 0 0.831479 -0.555557
    outer loop
      vertex 0 17.534 4.07838
      vertex 40 17.3814 3.84999
      vertex 0 17.3814 3.84999
    endloop
  endfacet
  facet normal 0 0.751879 -0.659301
    outer loop
      vertex 40 17.534 4.07838
      vertex 0 17.7151 4.28491
      vertex 40 17.7151 4.28491
    endloop
  endfacet
  facet normal 0 0.751879 -0.659301
    outer loop
      vertex 0 17.7151 4.28491
      vertex 40 17.534 4.07838
      vertex 0 17.534 4.07838
    endloop
  endfacet
  facet normal 0 0.659396 -0.751796
    outer loop
      vertex 0 17.7151 4.28491
      vertex 40 17.9216 4.46603
      vertex 40 17.7151 4.28491
    endloop
  endfacet
  facet normal 0 0.659396 -0.751796
    outer loop
      vertex 40 17.9216 4.46603
      vertex 0 17.7151 4.28491
      vertex 0 17.9216 4.46603
    endloop
  endfacet
  facet normal 0 0.555605 -0.831446
    outer loop
      vertex 0 17.9216 4.46603
      vertex 40 18 4.51842
      vertex 40 17.9216 4.46603
    endloop
  endfacet
  facet normal 0 0.555605 -0.831446
    outer loop
      vertex 40 18 4.51842
      vertex 0 17.9216 4.46603
      vertex 0 18 4.51842
    endloop
  endfacet
  facet normal 0 1 -0
    outer loop
      vertex 40 18 4.51842
      vertex 0 18 5.39999
      vertex 40 18 5.39999
    endloop
  endfacet
  facet normal 0 1 0
    outer loop
      vertex 0 18 5.39999
      vertex 40 18 4.51842
      vertex 0 18 4.51842
    endloop
  endfacet
  facet normal -0 0 1
    outer loop
      vertex 0 18 5.39999
      vertex 40 15.9 5.39999
      vertex 40 18 5.39999
    endloop
  endfacet
  facet normal 0 0 1
    outer loop
      vertex 40 15.9 5.39999
      vertex 0 18 5.39999
      vertex 0 15.9 5.39999
    endloop
  endfacet
  facet normal 0 -1 0
    outer loop
      vertex 0 15.9 0
      vertex 40 15.9 5.39999
      vertex 0 15.9 5.39999
    endloop
  endfacet
  facet normal 0 -1 -0
    outer loop
      vertex 40 15.9 5.39999
      vertex 0 15.9 0
      vertex 40 15.9 0
    endloop
  endfacet
  facet normal -1 0 0
    outer loop
      vertex 0 32.1 0
      vertex 0 30.9 2.79999
      vertex 0 32.1 5.39999
    endloop
  endfacet
  facet normal -1 0 0
    outer loop
      vertex 0 32.1 0
      vertex 0 30.882 2.52589
      vertex 0 30.9 2.79999
    endloop
  endfacet
  facet normal -1 0 0
    outer loop
      vertex 0 32.1 0
      vertex 0 30.8284 2.25647
      vertex 0 30.882 2.52589
    endloop
  endfacet
  facet normal -1 0 0
    outer loop
      vertex 0 32.1 0
      vertex 0 30.7401 1.99635
      vertex 0 30.8284 2.25647
    endloop
  endfacet
  facet normal -1 0 0
    outer loop
      vertex 0 32.1 0
      vertex 0 30.6186 1.74998
      vertex 0 30.7401 1.99635
    endloop
  endfacet
  facet normal -1 0 0
    outer loop
      vertex 0 32.1 0
      vertex 0 30.466 1.52159
      vertex 0 30.6186 1.74998
    endloop
  endfacet
  facet normal -1 0 0
    outer loop
      vertex 0 32.1 0
      vertex 0 30.2849 1.31506
      vertex 0 30.466 1.52159
    endloop
  endfacet
  facet normal -1 0 0
    outer loop
      vertex 0 32.1 0
      vertex 0 30.0784 1.13396
      vertex 0 30.2849 1.31506
    endloop
  endfacet
  facet normal -1 0 0
    outer loop
      vertex 0 32.1 0
      vertex 0 29.85 0.981339
      vertex 0 30.0784 1.13396
    endloop
  endfacet
  facet normal -1 0 0
    outer loop
      vertex 0 32.1 0
      vertex 0 29.6036 0.859848
      vertex 0 29.85 0.981339
    endloop
  endfacet
  facet normal -1 0 0
    outer loop
      vertex 0 32.1 0
      vertex 0 29.3435 0.771545
      vertex 0 29.6036 0.859848
    endloop
  endfacet
  facet normal -1 0 0
    outer loop
      vertex 0 32.1 0
      vertex 0 29.0741 0.717957
      vertex 0 29.3435 0.771545
    endloop
  endfacet
  facet normal -1 0 0
    outer loop
      vertex 0 32.1 0
      vertex 0 28.8 0.699997
      vertex 0 29.0741 0.717957
    endloop
  endfacet
  facet normal -1 0 0
    outer loop
      vertex 0 25.5 0
      vertex 0 28.8 0.699997
      vertex 0 32.1 0
    endloop
  endfacet
  facet normal -1 -0 0
    outer loop
      vertex 0 28.8 0.699997
      vertex 0 25.5 0
      vertex 0 28.5259 0.717957
    endloop
  endfacet
  facet normal -1 -0 0
    outer loop
      vertex 0 26.718 2.52589
      vertex 0 25.5 0
      vertex 0 26.7 2.79999
    endloop
  endfacet
  facet normal -1 -0 0
    outer loop
      vertex 0 26.7716 2.25647
      vertex 0 25.5 0
      vertex 0 26.718 2.52589
    endloop
  endfacet
  facet normal -1 -0 0
    outer loop
      vertex 0 26.8599 1.99635
      vertex 0 25.5 0
      vertex 0 26.7716 2.25647
    endloop
  endfacet
  facet normal -1 -0 0
    outer loop
      vertex 0 26.9813 1.74998
      vertex 0 25.5 0
      vertex 0 26.8599 1.99635
    endloop
  endfacet
  facet normal -1 -0 0
    outer loop
      vertex 0 27.134 1.52159
      vertex 0 25.5 0
      vertex 0 26.9813 1.74998
    endloop
  endfacet
  facet normal -1 -0 0
    outer loop
      vertex 0 27.3151 1.31506
      vertex 0 25.5 0
      vertex 0 27.134 1.52159
    endloop
  endfacet
  facet normal -1 -0 0
    outer loop
      vertex 0 27.5216 1.13396
      vertex 0 25.5 0
      vertex 0 27.3151 1.31506
    endloop
  endfacet
  facet normal -1 -0 0
    outer loop
      vertex 0 27.75 0.981339
      vertex 0 25.5 0
      vertex 0 27.5216 1.13396
    endloop
  endfacet
  facet normal -1 -0 0
    outer loop
      vertex 0 27.9964 0.859848
      vertex 0 25.5 0
      vertex 0 27.75 0.981339
    endloop
  endfacet
  facet normal -1 -0 0
    outer loop
      vertex 0 28.2565 0.771545
      vertex 0 25.5 0
      vertex 0 27.9964 0.859848
    endloop
  endfacet
  facet normal -1 -0 0
    outer loop
      vertex 0 28.5259 0.717957
      vertex 0 25.5 0
      vertex 0 28.2565 0.771545
    endloop
  endfacet
  facet normal -1 0 0
    outer loop
      vertex 0 30.882 3.0741
      vertex 0 32.1 5.39999
      vertex 0 30.9 2.79999
    endloop
  endfacet
  facet normal -1 0 0
    outer loop
      vertex 0 30.8284 3.34351
      vertex 0 32.1 5.39999
      vertex 0 30.882 3.0741
    endloop
  endfacet
  facet normal -1 0 0
    outer loop
      vertex 0 30.7401 3.60362
      vertex 0 32.1 5.39999
      vertex 0 30.8284 3.34351
    endloop
  endfacet
  facet normal -1 0 0
    outer loop
      vertex 0 30.6186 3.84999
      vertex 0 32.1 5.39999
      vertex 0 30.7401 3.60362
    endloop
  endfacet
  facet normal -1 0 0
    outer loop
      vertex 0 30.466 4.07838
      vertex 0 32.1 5.39999
      vertex 0 30.6186 3.84999
    endloop
  endfacet
  facet normal -1 0 0
    outer loop
      vertex 0 30.2849 4.28491
      vertex 0 32.1 5.39999
      vertex 0 30.466 4.07838
    endloop
  endfacet
  facet normal -1 0 0
    outer loop
      vertex 0 30 5.39999
      vertex 0 30.2849 4.28491
      vertex 0 30.0784 4.46603
    endloop
  endfacet
  facet normal -1 0 0
    outer loop
      vertex 0 30 5.39999
      vertex 0 30.0784 4.46603
      vertex 0 30 4.51842
    endloop
  endfacet
  facet normal -1 0 0
    outer loop
      vertex 0 30.2849 4.28491
      vertex 0 30 5.39999
      vertex 0 32.1 5.39999
    endloop
  endfacet
  facet normal -1 0 0
    outer loop
      vertex 0 27.5216 4.46603
      vertex 0 27.6 5.39999
      vertex 0 27.6 4.51842
    endloop
  endfacet
  facet normal -1 0 0
    outer loop
      vertex 0 27.3151 4.28491
      vertex 0 27.6 5.39999
      vertex 0 27.5216 4.46603
    endloop
  endfacet
  facet normal -1 0 0
    outer loop
      vertex 0 25.5 5.39999
      vertex 0 27.3151 4.28491
      vertex 0 27.134 4.07838
    endloop
  endfacet
  facet normal -1 0 0
    outer loop
      vertex 0 25.5 5.39999
      vertex 0 27.134 4.07838
      vertex 0 26.9813 3.84999
    endloop
  endfacet
  facet normal -1 0 0
    outer loop
      vertex 0 25.5 5.39999
      vertex 0 26.9813 3.84999
      vertex 0 26.8599 3.60362
    endloop
  endfacet
  facet normal -1 0 0
    outer loop
      vertex 0 25.5 5.39999
      vertex 0 26.7 2.79999
      vertex 0 25.5 0
    endloop
  endfacet
  facet normal -1 0 0
    outer loop
      vertex 0 26.7 2.79999
      vertex 0 25.5 5.39999
      vertex 0 26.718 3.0741
    endloop
  endfacet
  facet normal -1 0 0
    outer loop
      vertex 0 26.718 3.0741
      vertex 0 25.5 5.39999
      vertex 0 26.7716 3.34351
    endloop
  endfacet
  facet normal -1 0 0
    outer loop
      vertex 0 27.3151 4.28491
      vertex 0 25.5 5.39999
      vertex 0 27.6 5.39999
    endloop
  endfacet
  facet normal -1 0 0
    outer loop
      vertex 0 26.7716 3.34351
      vertex 0 25.5 5.39999
      vertex 0 26.8599 3.60362
    endloop
  endfacet
  facet normal 1 0 0
    outer loop
      vertex 40 27.6 5.39999
      vertex 40 27.5216 4.46603
      vertex 40 27.6 4.51842
    endloop
  endfacet
  facet normal 1 0 0
    outer loop
      vertex 40 27.6 5.39999
      vertex 40 27.3151 4.28491
      vertex 40 27.5216 4.46603
    endloop
  endfacet
  facet normal 1 -0 0
    outer loop
      vertex 40 25.5 5.39999
      vertex 40 27.3151 4.28491
      vertex 40 27.6 5.39999
    endloop
  endfacet
  facet normal 1 0 0
    outer loop
      vertex 40 27.3151 4.28491
      vertex 40 25.5 5.39999
      vertex 40 27.134 4.07838
    endloop
  endfacet
  facet normal 1 0 0
    outer loop
      vertex 40 27.134 4.07838
      vertex 40 25.5 5.39999
      vertex 40 26.9813 3.84999
    endloop
  endfacet
  facet normal 1 0 0
    outer loop
      vertex 40 26.718 3.0741
      vertex 40 25.5 5.39999
      vertex 40 26.7 2.79999
    endloop
  endfacet
  facet normal 1 0 0
    outer loop
      vertex 40 26.7716 3.34351
      vertex 40 25.5 5.39999
      vertex 40 26.718 3.0741
    endloop
  endfacet
  facet normal 1 0 0
    outer loop
      vertex 40 26.8599 3.60362
      vertex 40 25.5 5.39999
      vertex 40 26.7716 3.34351
    endloop
  endfacet
  facet normal 1 0 0
    outer loop
      vertex 40 26.9813 3.84999
      vertex 40 25.5 5.39999
      vertex 40 26.8599 3.60362
    endloop
  endfacet
  facet normal 1 0 0
    outer loop
      vertex 40 32.1 5.39999
      vertex 40 30.9 2.79999
      vertex 40 32.1 0
    endloop
  endfacet
  facet normal 1 0 0
    outer loop
      vertex 40 32.1 5.39999
      vertex 40 30.882 3.0741
      vertex 40 30.9 2.79999
    endloop
  endfacet
  facet normal 1 0 0
    outer loop
      vertex 40 32.1 5.39999
      vertex 40 30.8284 3.34351
      vertex 40 30.882 3.0741
    endloop
  endfacet
  facet normal 1 0 0
    outer loop
      vertex 40 32.1 5.39999
      vertex 40 30.7401 3.60362
      vertex 40 30.8284 3.34351
    endloop
  endfacet
  facet normal 1 0 0
    outer loop
      vertex 40 32.1 5.39999
      vertex 40 30.6186 3.84999
      vertex 40 30.7401 3.60362
    endloop
  endfacet
  facet normal 1 0 0
    outer loop
      vertex 40 32.1 5.39999
      vertex 40 30.466 4.07838
      vertex 40 30.6186 3.84999
    endloop
  endfacet
  facet normal 1 0 0
    outer loop
      vertex 40 32.1 5.39999
      vertex 40 30.2849 4.28491
      vertex 40 30.466 4.07838
    endloop
  endfacet
  facet normal 1 -0 0
    outer loop
      vertex 40 30 5.39999
      vertex 40 30.2849 4.28491
      vertex 40 32.1 5.39999
    endloop
  endfacet
  facet normal 1 0 0
    outer loop
      vertex 40 30.2849 4.28491
      vertex 40 30 5.39999
      vertex 40 30.0784 4.46603
    endloop
  endfacet
  facet normal 1 0 0
    outer loop
      vertex 40 30.0784 4.46603
      vertex 40 30 5.39999
      vertex 40 30 4.51842
    endloop
  endfacet
  facet normal 1 -0 0
    outer loop
      vertex 40 30.882 2.52589
      vertex 40 32.1 0
      vertex 40 30.9 2.79999
    endloop
  endfacet
  facet normal 1 -0 0
    outer loop
      vertex 40 30.8284 2.25647
      vertex 40 32.1 0
      vertex 40 30.882 2.52589
    endloop
  endfacet
  facet normal 1 -0 0
    outer loop
      vertex 40 30.7401 1.99635
      vertex 40 32.1 0
      vertex 40 30.8284 2.25647
    endloop
  endfacet
  facet normal 1 -0 0
    outer loop
      vertex 40 30.6186 1.74998
      vertex 40 32.1 0
      vertex 40 30.7401 1.99635
    endloop
  endfacet
  facet normal 1 -0 0
    outer loop
      vertex 40 30.466 1.52159
      vertex 40 32.1 0
      vertex 40 30.6186 1.74998
    endloop
  endfacet
  facet normal 1 -0 0
    outer loop
      vertex 40 30.2849 1.31506
      vertex 40 32.1 0
      vertex 40 30.466 1.52159
    endloop
  endfacet
  facet normal 1 -0 0
    outer loop
      vertex 40 30.0784 1.13396
      vertex 40 32.1 0
      vertex 40 30.2849 1.31506
    endloop
  endfacet
  facet normal 1 -0 0
    outer loop
      vertex 40 29.85 0.981339
      vertex 40 32.1 0
      vertex 40 30.0784 1.13396
    endloop
  endfacet
  facet normal 1 -0 0
    outer loop
      vertex 40 29.6036 0.859848
      vertex 40 32.1 0
      vertex 40 29.85 0.981339
    endloop
  endfacet
  facet normal 1 -0 0
    outer loop
      vertex 40 29.3435 0.771545
      vertex 40 32.1 0
      vertex 40 29.6036 0.859848
    endloop
  endfacet
  facet normal 1 -0 0
    outer loop
      vertex 40 29.0741 0.717957
      vertex 40 32.1 0
      vertex 40 29.3435 0.771545
    endloop
  endfacet
  facet normal 1 -0 0
    outer loop
      vertex 40 28.8 0.699997
      vertex 40 32.1 0
      vertex 40 29.0741 0.717957
    endloop
  endfacet
  facet normal 1 0 0
    outer loop
      vertex 40 25.5 0
      vertex 40 28.8 0.699997
      vertex 40 28.5259 0.717957
    endloop
  endfacet
  facet normal 1 0 0
    outer loop
      vertex 40 25.5 0
      vertex 40 28.5259 0.717957
      vertex 40 28.2565 0.771545
    endloop
  endfacet
  facet normal 1 0 0
    outer loop
      vertex 40 25.5 0
      vertex 40 26.7 2.79999
      vertex 40 25.5 5.39999
    endloop
  endfacet
  facet normal 1 0 0
    outer loop
      vertex 40 26.7 2.79999
      vertex 40 25.5 0
      vertex 40 26.718 2.52589
    endloop
  endfacet
  facet normal 1 0 0
    outer loop
      vertex 40 26.718 2.52589
      vertex 40 25.5 0
      vertex 40 26.7716 2.25647
    endloop
  endfacet
  facet normal 1 0 0
    outer loop
      vertex 40 28.8 0.699997
      vertex 40 25.5 0
      vertex 40 32.1 0
    endloop
  endfacet
  facet normal 1 0 0
    outer loop
      vertex 40 27.9964 0.859848
      vertex 40 25.5 0
      vertex 40 28.2565 0.771545
    endloop
  endfacet
  facet normal 1 0 0
    outer loop
      vertex 40 27.75 0.981339
      vertex 40 25.5 0
      vertex 40 27.9964 0.859848
    endloop
  endfacet
  facet normal 1 0 0
    outer loop
      vertex 40 27.5216 1.13396
      vertex 40 25.5 0
      vertex 40 27.75 0.981339
    endloop
  endfacet
  facet normal 1 0 0
    outer loop
      vertex 40 27.3151 1.31506
      vertex 40 25.5 0
      vertex 40 27.5216 1.13396
    endloop
  endfacet
  facet normal 1 0 0
    outer loop
      vertex 40 27.134 1.52159
      vertex 40 25.5 0
      vertex 40 27.3151 1.31506
    endloop
  endfacet
  facet normal 1 0 0
    outer loop
      vertex 40 26.9813 1.74998
      vertex 40 25.5 0
      vertex 40 27.134 1.52159
    endloop
  endfacet
  facet normal 1 0 0
    outer loop
      vertex 40 26.8599 1.99635
      vertex 40 25.5 0
      vertex 40 26.9813 1.74998
    endloop
  endfacet
  facet normal 1 0 0
    outer loop
      vertex 40 26.7716 2.25647
      vertex 40 25.5 0
      vertex 40 26.8599 1.99635
    endloop
  endfacet
  facet normal 0 0 -1
    outer loop
      vertex 0 25.5 0
      vertex 40 32.1 0
      vertex 40 25.5 0
    endloop
  endfacet
  facet normal -0 0 -1
    outer loop
      vertex 40 32.1 0
      vertex 0 25.5 0
      vertex 0 32.1 0
    endloop
  endfacet
  facet normal 0 1 -0
    outer loop
      vertex 40 32.1 0
      vertex 0 32.1 5.39999
      vertex 40 32.1 5.39999
    endloop
  endfacet
  facet normal 0 1 0
    outer loop
      vertex 0 32.1 5.39999
      vertex 40 32.1 0
      vertex 0 32.1 0
    endloop
  endfacet
  facet normal -0 0 1
    outer loop
      vertex 0 32.1 5.39999
      vertex 40 30 5.39999
      vertex 40 32.1 5.39999
    endloop
  endfacet
  facet normal 0 0 1
    outer loop
      vertex 40 30 5.39999
      vertex 0 32.1 5.39999
      vertex 0 30 5.39999
    endloop
  endfacet
  facet normal 0 -1 0
    outer loop
      vertex 0 30 4.51842
      vertex 40 30 5.39999
      vertex 0 30 5.39999
    endloop
  endfacet
  facet normal 0 -1 -0
    outer loop
      vertex 40 30 5.39999
      vertex 0 30 4.51842
      vertex 40 30 4.51842
    endloop
  endfacet
  facet normal 0 -0.555605 -0.831446
    outer loop
      vertex 0 30 4.51842
      vertex 40 30.0784 4.46603
      vertex 40 30 4.51842
    endloop
  endfacet
  facet normal -0 -0.555605 -0.831446
    outer loop
      vertex 40 30.0784 4.46603
      vertex 0 30 4.51842
      vertex 0 30.0784 4.46603
    endloop
  endfacet
  facet normal 0 -0.659396 -0.751796
    outer loop
      vertex 0 30.0784 4.46603
      vertex 40 30.2849 4.28491
      vertex 40 30.0784 4.46603
    endloop
  endfacet
  facet normal -0 -0.659396 -0.751796
    outer loop
      vertex 40 30.2849 4.28491
      vertex 0 30.0784 4.46603
      vertex 0 30.2849 4.28491
    endloop
  endfacet
  facet normal 0 -0.751879 -0.659301
    outer loop
      vertex 0 30.466 4.07838
      vertex 40 30.2849 4.28491
      vertex 0 30.2849 4.28491
    endloop
  endfacet
  facet normal 0 -0.751879 -0.659301
    outer loop
      vertex 40 30.2849 4.28491
      vertex 0 30.466 4.07838
      vertex 40 30.466 4.07838
    endloop
  endfacet
  facet normal 0 -0.831479 -0.555557
    outer loop
      vertex 0 30.6186 3.84999
      vertex 40 30.466 4.07838
      vertex 0 30.466 4.07838
    endloop
  endfacet
  facet normal 0 -0.831479 -0.555557
    outer loop
      vertex 40 30.466 4.07838
      vertex 0 30.6186 3.84999
      vertex 40 30.6186 3.84999
    endloop
  endfacet
  facet normal 0 -0.896867 -0.4423
    outer loop
      vertex 0 30.7401 3.60362
      vertex 40 30.6186 3.84999
      vertex 0 30.6186 3.84999
    endloop
  endfacet
  facet normal 0 -0.896867 -0.4423
    outer loop
      vertex 40 30.6186 3.84999
      vertex 0 30.7401 3.60362
      vertex 40 30.7401 3.60362
    endloop
  endfacet
  facet normal 0 -0.946925 -0.321454
    outer loop
      vertex 0 30.8284 3.34351
      vertex 40 30.7401 3.60362
      vertex 0 30.7401 3.60362
    endloop
  endfacet
  facet normal 0 -0.946925 -0.321454
    outer loop
      vertex 40 30.7401 3.60362
      vertex 0 30.8284 3.34351
      vertex 40 30.8284 3.34351
    endloop
  endfacet
  facet normal 0 -0.980778 -0.195129
    outer loop
      vertex 0 30.882 3.0741
      vertex 40 30.8284 3.34351
      vertex 0 30.8284 3.34351
    endloop
  endfacet
  facet normal 0 -0.980778 -0.195129
    outer loop
      vertex 40 30.8284 3.34351
      vertex 0 30.882 3.0741
      vertex 40 30.882 3.0741
    endloop
  endfacet
  facet normal 0 -0.997851 -0.0655259
    outer loop
      vertex 0 30.9 2.79999
      vertex 40 30.882 3.0741
      vertex 0 30.882 3.0741
    endloop
  endfacet
  facet normal 0 -0.997851 -0.0655259
    outer loop
      vertex 40 30.882 3.0741
      vertex 0 30.9 2.79999
      vertex 40 30.9 2.79999
    endloop
  endfacet
  facet normal 0 -0.997851 0.0655283
    outer loop
      vertex 0 30.882 2.52589
      vertex 40 30.9 2.79999
      vertex 0 30.9 2.79999
    endloop
  endfacet
  facet normal 0 -0.997851 0.0655283
    outer loop
      vertex 40 30.9 2.79999
      vertex 0 30.882 2.52589
      vertex 40 30.882 2.52589
    endloop
  endfacet
  facet normal 0 -0.980779 0.195122
    outer loop
      vertex 0 30.8284 2.25647
      vertex 40 30.882 2.52589
      vertex 0 30.882 2.52589
    endloop
  endfacet
  facet normal 0 -0.980779 0.195122
    outer loop
      vertex 40 30.882 2.52589
      vertex 0 30.8284 2.25647
      vertex 40 30.8284 2.25647
    endloop
  endfacet
  facet normal 0 -0.946929 0.321443
    outer loop
      vertex 0 30.7401 1.99635
      vertex 40 30.8284 2.25647
      vertex 0 30.8284 2.25647
    endloop
  endfacet
  facet normal 0 -0.946929 0.321443
    outer loop
      vertex 40 30.8284 2.25647
      vertex 0 30.7401 1.99635
      vertex 40 30.7401 1.99635
    endloop
  endfacet
  facet normal 0 -0.896867 0.4423
    outer loop
      vertex 0 30.6186 1.74998
      vertex 40 30.7401 1.99635
      vertex 0 30.7401 1.99635
    endloop
  endfacet
  facet normal 0 -0.896867 0.4423
    outer loop
      vertex 40 30.7401 1.99635
      vertex 0 30.6186 1.74998
      vertex 40 30.6186 1.74998
    endloop
  endfacet
  facet normal 0 -0.831479 0.555557
    outer loop
      vertex 0 30.466 1.52159
      vertex 40 30.6186 1.74998
      vertex 0 30.6186 1.74998
    endloop
  endfacet
  facet normal 0 -0.831479 0.555557
    outer loop
      vertex 40 30.6186 1.74998
      vertex 0 30.466 1.52159
      vertex 40 30.466 1.52159
    endloop
  endfacet
  facet normal 0 -0.751879 0.659301
    outer loop
      vertex 0 30.2849 1.31506
      vertex 40 30.466 1.52159
      vertex 0 30.466 1.52159
    endloop
  endfacet
  facet normal 0 -0.751879 0.659301
    outer loop
      vertex 40 30.466 1.52159
      vertex 0 30.2849 1.31506
      vertex 40 30.2849 1.31506
    endloop
  endfacet
  facet normal 0 -0.659355 0.751832
    outer loop
      vertex 0 30.2849 1.31506
      vertex 40 30.0784 1.13396
      vertex 40 30.2849 1.31506
    endloop
  endfacet
  facet normal 0 -0.659355 0.751832
    outer loop
      vertex 40 30.0784 1.13396
      vertex 0 30.2849 1.31506
      vertex 0 30.0784 1.13396
    endloop
  endfacet
  facet normal 0 -0.555593 0.831454
    outer loop
      vertex 0 30.0784 1.13396
      vertex 40 29.85 0.981339
      vertex 40 30.0784 1.13396
    endloop
  endfacet
  facet normal 0 -0.555593 0.831454
    outer loop
      vertex 40 29.85 0.981339
      vertex 0 30.0784 1.13396
      vertex 0 29.85 0.981339
    endloop
  endfacet
  facet normal 0 -0.44223 0.896902
    outer loop
      vertex 0 29.85 0.981339
      vertex 40 29.6036 0.859848
      vertex 40 29.85 0.981339
    endloop
  endfacet
  facet normal 0 -0.44223 0.896902
    outer loop
      vertex 40 29.6036 0.859848
      vertex 0 29.85 0.981339
      vertex 0 29.6036 0.859848
    endloop
  endfacet
  facet normal 0 -0.321475 0.946918
    outer loop
      vertex 0 29.6036 0.859848
      vertex 40 29.3435 0.771545
      vertex 40 29.6036 0.859848
    endloop
  endfacet
  facet normal 0 -0.321475 0.946918
    outer loop
      vertex 40 29.3435 0.771545
      vertex 0 29.6036 0.859848
      vertex 0 29.3435 0.771545
    endloop
  endfacet
  facet normal 0 -0.195094 0.980785
    outer loop
      vertex 0 29.3435 0.771545
      vertex 40 29.0741 0.717957
      vertex 40 29.3435 0.771545
    endloop
  endfacet
  facet normal 0 -0.195094 0.980785
    outer loop
      vertex 40 29.0741 0.717957
      vertex 0 29.3435 0.771545
      vertex 0 29.0741 0.717957
    endloop
  endfacet
  facet normal 0 -0.0653833 0.99786
    outer loop
      vertex 0 29.0741 0.717957
      vertex 40 28.8 0.699997
      vertex 40 29.0741 0.717957
    endloop
  endfacet
  facet normal 0 -0.0653833 0.99786
    outer loop
      vertex 40 28.8 0.699997
      vertex 0 29.0741 0.717957
      vertex 0 28.8 0.699997
    endloop
  endfacet
  facet normal -0 0.0653833 0.99786
    outer loop
      vertex 0 28.8 0.699997
      vertex 40 28.5259 0.717957
      vertex 40 28.8 0.699997
    endloop
  endfacet
  facet normal 0 0.0653833 0.99786
    outer loop
      vertex 40 28.5259 0.717957
      vertex 0 28.8 0.699997
      vertex 0 28.5259 0.717957
    endloop
  endfacet
  facet normal -0 0.195094 0.980785
    outer loop
      vertex 0 28.5259 0.717957
      vertex 40 28.2565 0.771545
      vertex 40 28.5259 0.717957
    endloop
  endfacet
  facet normal 0 0.195094 0.980785
    outer loop
      vertex 40 28.2565 0.771545
      vertex 0 28.5259 0.717957
      vertex 0 28.2565 0.771545
    endloop
  endfacet
  facet normal -0 0.321475 0.946918
    outer loop
      vertex 0 28.2565 0.771545
      vertex 40 27.9964 0.859848
      vertex 40 28.2565 0.771545
    endloop
  endfacet
  facet normal 0 0.321475 0.946918
    outer loop
      vertex 40 27.9964 0.859848
      vertex 0 28.2565 0.771545
      vertex 0 27.9964 0.859848
    endloop
  endfacet
  facet normal -0 0.44223 0.896902
    outer loop
      vertex 0 27.9964 0.859848
      vertex 40 27.75 0.981339
      vertex 40 27.9964 0.859848
    endloop
  endfacet
  facet normal 0 0.44223 0.896902
    outer loop
      vertex 40 27.75 0.981339
      vertex 0 27.9964 0.859848
      vertex 0 27.75 0.981339
    endloop
  endfacet
  facet normal -0 0.555593 0.831454
    outer loop
      vertex 0 27.75 0.981339
      vertex 40 27.5216 1.13396
      vertex 40 27.75 0.981339
    endloop
  endfacet
  facet normal 0 0.555593 0.831454
    outer loop
      vertex 40 27.5216 1.13396
      vertex 0 27.75 0.981339
      vertex 0 27.5216 1.13396
    endloop
  endfacet
  facet normal -0 0.659355 0.751832
    outer loop
      vertex 0 27.5216 1.13396
      vertex 40 27.3151 1.31506
      vertex 40 27.5216 1.13396
    endloop
  endfacet
  facet normal 0 0.659355 0.751832
    outer loop
      vertex 40 27.3151 1.31506
      vertex 0 27.5216 1.13396
      vertex 0 27.3151 1.31506
    endloop
  endfacet
  facet normal 0 0.751879 0.659301
    outer loop
      vertex 40 27.3151 1.31506
      vertex 0 27.134 1.52159
      vertex 40 27.134 1.52159
    endloop
  endfacet
  facet normal 0 0.751879 0.659301
    outer loop
      vertex 0 27.134 1.52159
      vertex 40 27.3151 1.31506
      vertex 0 27.3151 1.31506
    endloop
  endfacet
  facet normal 0 0.83131 0.555808
    outer loop
      vertex 40 27.134 1.52159
      vertex 0 26.9813 1.74998
      vertex 40 26.9813 1.74998
    endloop
  endfacet
  facet normal 0 0.83131 0.555808
    outer loop
      vertex 0 26.9813 1.74998
      vertex 40 27.134 1.52159
      vertex 0 27.134 1.52159
    endloop
  endfacet
  facet normal 0 0.897012 0.442007
    outer loop
      vertex 40 26.9813 1.74998
      vertex 0 26.8599 1.99635
      vertex 40 26.8599 1.99635
    endloop
  endfacet
  facet normal 0 0.897012 0.442007
    outer loop
      vertex 0 26.8599 1.99635
      vertex 40 26.9813 1.74998
      vertex 0 26.9813 1.74998
    endloop
  endfacet
  facet normal 0 0.946929 0.321443
    outer loop
      vertex 40 26.8599 1.99635
      vertex 0 26.7716 2.25647
      vertex 40 26.7716 2.25647
    endloop
  endfacet
  facet normal 0 0.946929 0.321443
    outer loop
      vertex 0 26.7716 2.25647
      vertex 40 26.8599 1.99635
      vertex 0 26.8599 1.99635
    endloop
  endfacet
  facet normal 0 0.980779 0.195122
    outer loop
      vertex 40 26.7716 2.25647
      vertex 0 26.718 2.52589
      vertex 40 26.718 2.52589
    endloop
  endfacet
  facet normal 0 0.980779 0.195122
    outer loop
      vertex 0 26.718 2.52589
      vertex 40 26.7716 2.25647
      vertex 0 26.7716 2.25647
    endloop
  endfacet
  facet normal 0 0.997851 0.0655283
    outer loop
      vertex 40 26.718 2.52589
      vertex 0 26.7 2.79999
      vertex 40 26.7 2.79999
    endloop
  endfacet
  facet normal 0 0.997851 0.0655283
    outer loop
      vertex 0 26.7 2.79999
      vertex 40 26.718 2.52589
      vertex 0 26.718 2.52589
    endloop
  endfacet
  facet normal 0 0.997851 -0.0655259
    outer loop
      vertex 40 26.7 2.79999
      vertex 0 26.718 3.0741
      vertex 40 26.718 3.0741
    endloop
  endfacet
  facet normal 0 0.997851 -0.0655259
    outer loop
      vertex 0 26.718 3.0741
      vertex 40 26.7 2.79999
      vertex 0 26.7 2.79999
    endloop
  endfacet
  facet normal 0 0.980778 -0.195129
    outer loop
      vertex 40 26.718 3.0741
      vertex 0 26.7716 3.34351
      vertex 40 26.7716 3.34351
    endloop
  endfacet
  facet normal 0 0.980778 -0.195129
    outer loop
      vertex 0 26.7716 3.34351
      vertex 40 26.718 3.0741
      vertex 0 26.718 3.0741
    endloop
  endfacet
  facet normal 0 0.946925 -0.321454
    outer loop
      vertex 40 26.7716 3.34351
      vertex 0 26.8599 3.60362
      vertex 40 26.8599 3.60362
    endloop
  endfacet
  facet normal 0 0.946925 -0.321454
    outer loop
      vertex 0 26.8599 3.60362
      vertex 40 26.7716 3.34351
      vertex 0 26.7716 3.34351
    endloop
  endfacet
  facet normal 0 0.897012 -0.442007
    outer loop
      vertex 40 26.8599 3.60362
      vertex 0 26.9813 3.84999
      vertex 40 26.9813 3.84999
    endloop
  endfacet
  facet normal 0 0.897012 -0.442007
    outer loop
      vertex 0 26.9813 3.84999
      vertex 40 26.8599 3.60362
      vertex 0 26.8599 3.60362
    endloop
  endfacet
  facet normal 0 0.83131 -0.555808
    outer loop
      vertex 40 26.9813 3.84999
      vertex 0 27.134 4.07838
      vertex 40 27.134 4.07838
    endloop
  endfacet
  facet normal 0 0.83131 -0.555808
    outer loop
      vertex 0 27.134 4.07838
      vertex 40 26.9813 3.84999
      vertex 0 26.9813 3.84999
    endloop
  endfacet
  facet normal 0 0.751879 -0.659301
    outer loop
      vertex 40 27.134 4.07838
      vertex 0 27.3151 4.28491
      vertex 40 27.3151 4.28491
    endloop
  endfacet
  facet normal 0 0.751879 -0.659301
    outer loop
      vertex 0 27.3151 4.28491
      vertex 40 27.134 4.07838
      vertex 0 27.134 4.07838
    endloop
  endfacet
  facet normal 0 0.659396 -0.751796
    outer loop
      vertex 0 27.3151 4.28491
      vertex 40 27.5216 4.46603
      vertex 40 27.3151 4.28491
    endloop
  endfacet
  facet normal 0 0.659396 -0.751796
    outer loop
      vertex 40 27.5216 4.46603
      vertex 0 27.3151 4.28491
      vertex 0 27.5216 4.46603
    endloop
  endfacet
  facet normal 0 0.555605 -0.831446
    outer loop
      vertex 0 27.5216 4.46603
      vertex 40 27.6 4.51842
      vertex 40 27.5216 4.46603
    endloop
  endfacet
  facet normal 0 0.555605 -0.831446
    outer loop
      vertex 40 27.6 4.51842
      vertex 0 27.5216 4.46603
      vertex 0 27.6 4.51842
    endloop
  endfacet
  facet normal 0 1 -0
    outer loop
      vertex 40 27.6 4.51842
      vertex 0 27.6 5.39999
      vertex 40 27.6 5.39999
    endloop
  endfacet
  facet normal 0 1 0
    outer loop
      vertex 0 27.6 5.39999
      vertex 40 27.6 4.51842
      vertex 0 27.6 4.51842
    endloop
  endfacet
  facet normal -0 0 1
    outer loop
      vertex 0 27.6 5.39999
      vertex 40 25.5 5.39999
      vertex 40 27.6 5.39999
    endloop
  endfacet
  facet normal 0 0 1
    outer loop
      vertex 40 25.5 5.39999
      vertex 0 27.6 5.39999
      vertex 0 25.5 5.39999
    endloop
  endfacet
  facet normal 0 -1 0
    outer loop
      vertex 0 25.5 0
      vertex 40 25.5 5.39999
      vertex 0 25.5 5.39999
    endloop
  endfacet
  facet normal 0 -1 -0
    outer loop
      vertex 40 25.5 5.39999
      vertex 0 25.5 0
      vertex 40 25.5 0
    endloop
  endfacet
  facet normal -1 0 0
    outer loop
      vertex 0 41.7 0
      vertex 0 40.5 2.79999
      vertex 0 41.7 5.39999
    endloop
  endfacet
  facet normal -1 0 0
    outer loop
      vertex 0 41.7 0
      vertex 0 40.482 2.52589
      vertex 0 40.5 2.79999
    endloop
  endfacet
  facet normal -1 0 0
    outer loop
      vertex 0 41.7 0
      vertex 0 40.4284 2.25647
      vertex 0 40.482 2.52589
    endloop
  endfacet
  facet normal -1 0 0
    outer loop
      vertex 0 41.7 0
      vertex 0 40.3401 1.99635
      vertex 0 40.4284 2.25647
    endloop
  endfacet
  facet normal -1 0 0
    outer loop
      vertex 0 41.7 0
      vertex 0 40.2187 1.74998
      vertex 0 40.3401 1.99635
    endloop
  endfacet
  facet normal -1 0 0
    outer loop
      vertex 0 41.7 0
      vertex 0 40.066 1.52159
      vertex 0 40.2187 1.74998
    endloop
  endfacet
  facet normal -1 0 0
    outer loop
      vertex 0 41.7 0
      vertex 0 39.8849 1.31506
      vertex 0 40.066 1.52159
    endloop
  endfacet
  facet normal -1 0 0
    outer loop
      vertex 0 41.7 0
      vertex 0 39.6784 1.13396
      vertex 0 39.8849 1.31506
    endloop
  endfacet
  facet normal -1 0 0
    outer loop
      vertex 0 41.7 0
      vertex 0 39.45 0.981339
      vertex 0 39.6784 1.13396
    endloop
  endfacet
  facet normal -1 0 0
    outer loop
      vertex 0 41.7 0
      vertex 0 39.2036 0.859848
      vertex 0 39.45 0.981339
    endloop
  endfacet
  facet normal -1 0 0
    outer loop
      vertex 0 41.7 0
      vertex 0 38.9435 0.771545
      vertex 0 39.2036 0.859848
    endloop
  endfacet
  facet normal -1 0 0
    outer loop
      vertex 0 41.7 0
      vertex 0 38.6741 0.717957
      vertex 0 38.9435 0.771545
    endloop
  endfacet
  facet normal -1 0 0
    outer loop
      vertex 0 41.7 0
      vertex 0 38.4 0.699997
      vertex 0 38.6741 0.717957
    endloop
  endfacet
  facet normal -1 0 0
    outer loop
      vertex 0 35.1 0
      vertex 0 38.4 0.699997
      vertex 0 41.7 0
    endloop
  endfacet
  facet normal -1 -0 0
    outer loop
      vertex 0 38.4 0.699997
      vertex 0 35.1 0
      vertex 0 38.1259 0.717957
    endloop
  endfacet
  facet normal -1 -0 0
    outer loop
      vertex 0 36.318 2.52589
      vertex 0 35.1 0
      vertex 0 36.3 2.79999
    endloop
  endfacet
  facet normal -1 -0 0
    outer loop
      vertex 0 36.3716 2.25647
      vertex 0 35.1 0
      vertex 0 36.318 2.52589
    endloop
  endfacet
  facet normal -1 -0 0
    outer loop
      vertex 0 36.4599 1.99635
      vertex 0 35.1 0
      vertex 0 36.3716 2.25647
    endloop
  endfacet
  facet normal -1 -0 0
    outer loop
      vertex 0 36.5814 1.74998
      vertex 0 35.1 0
      vertex 0 36.4599 1.99635
    endloop
  endfacet
  facet normal -1 -0 0
    outer loop
      vertex 0 36.734 1.52159
      vertex 0 35.1 0
      vertex 0 36.5814 1.74998
    endloop
  endfacet
  facet normal -1 -0 0
    outer loop
      vertex 0 36.9151 1.31506
      vertex 0 35.1 0
      vertex 0 36.734 1.52159
    endloop
  endfacet
  facet normal -1 -0 0
    outer loop
      vertex 0 37.1216 1.13396
      vertex 0 35.1 0
      vertex 0 36.9151 1.31506
    endloop
  endfacet
  facet normal -1 -0 0
    outer loop
      vertex 0 37.35 0.981339
      vertex 0 35.1 0
      vertex 0 37.1216 1.13396
    endloop
  endfacet
  facet normal -1 -0 0
    outer loop
      vertex 0 37.5964 0.859848
      vertex 0 35.1 0
      vertex 0 37.35 0.981339
    endloop
  endfacet
  facet normal -1 -0 0
    outer loop
      vertex 0 37.8565 0.771545
      vertex 0 35.1 0
      vertex 0 37.5964 0.859848
    endloop
  endfacet
  facet normal -1 -0 0
    outer loop
      vertex 0 38.1259 0.717957
      vertex 0 35.1 0
      vertex 0 37.8565 0.771545
    endloop
  endfacet
  facet normal -1 0 0
    outer loop
      vertex 0 40.482 3.0741
      vertex 0 41.7 5.39999
      vertex 0 40.5 2.79999
    endloop
  endfacet
  facet normal -1 0 0
    outer loop
      vertex 0 40.4284 3.34351
      vertex 0 41.7 5.39999
      vertex 0 40.482 3.0741
    endloop
  endfacet
  facet normal -1 0 0
    outer loop
      vertex 0 40.3401 3.60362
      vertex 0 41.7 5.39999
      vertex 0 40.4284 3.34351
    endloop
  endfacet
  facet normal -1 0 0
    outer loop
      vertex 0 40.2187 3.84999
      vertex 0 41.7 5.39999
      vertex 0 40.3401 3.60362
    endloop
  endfacet
  facet normal -1 0 0
    outer loop
      vertex 0 40.066 4.07838
      vertex 0 41.7 5.39999
      vertex 0 40.2187 3.84999
    endloop
  endfacet
  facet normal -1 0 0
    outer loop
      vertex 0 39.8849 4.28491
      vertex 0 41.7 5.39999
      vertex 0 40.066 4.07838
    endloop
  endfacet
  facet normal -1 0 0
    outer loop
      vertex 0 39.6 5.39999
      vertex 0 39.8849 4.28491
      vertex 0 39.6784 4.46603
    endloop
  endfacet
  facet normal -1 0 0
    outer loop
      vertex 0 39.6 5.39999
      vertex 0 39.6784 4.46603
      vertex 0 39.6 4.51842
    endloop
  endfacet
  facet normal -1 0 0
    outer loop
      vertex 0 39.8849 4.28491
      vertex 0 39.6 5.39999
      vertex 0 41.7 5.39999
    endloop
  endfacet
  facet normal -1 0 0
    outer loop
      vertex 0 37.1216 4.46603
      vertex 0 37.2 5.39999
      vertex 0 37.2 4.51842
    endloop
  endfacet
  facet normal -1 0 0
    outer loop
      vertex 0 36.9151 4.28491
      vertex 0 37.2 5.39999
      vertex 0 37.1216 4.46603
    endloop
  endfacet
  facet normal -1 0 0
    outer loop
      vertex 0 35.1 5.39999
      vertex 0 36.9151 4.28491
      vertex 0 36.734 4.07838
    endloop
  endfacet
  facet normal -1 0 0
    outer loop
      vertex 0 35.1 5.39999
      vertex 0 36.734 4.07838
      vertex 0 36.5814 3.84999
    endloop
  endfacet
  facet normal -1 0 0
    outer loop
      vertex 0 35.1 5.39999
      vertex 0 36.5814 3.84999
      vertex 0 36.4599 3.60362
    endloop
  endfacet
  facet normal -1 0 0
    outer loop
      vertex 0 35.1 5.39999
      vertex 0 36.3 2.79999
      vertex 0 35.1 0
    endloop
  endfacet
  facet normal -1 0 0
    outer loop
      vertex 0 36.3 2.79999
      vertex 0 35.1 5.39999
      vertex 0 36.318 3.0741
    endloop
  endfacet
  facet normal -1 0 0
    outer loop
      vertex 0 36.318 3.0741
      vertex 0 35.1 5.39999
      vertex 0 36.3716 3.34351
    endloop
  endfacet
  facet normal -1 0 0
    outer loop
      vertex 0 36.9151 4.28491
      vertex 0 35.1 5.39999
      vertex 0 37.2 5.39999
    endloop
  endfacet
  facet normal -1 0 0
    outer loop
      vertex 0 36.3716 3.34351
      vertex 0 35.1 5.39999
      vertex 0 36.4599 3.60362
    endloop
  endfacet
  facet normal 1 0 0
    outer loop
      vertex 40 37.2 5.39999
      vertex 40 37.1216 4.46603
      vertex 40 37.2 4.51842
    endloop
  endfacet
  facet normal 1 0 0
    outer loop
      vertex 40 37.2 5.39999
      vertex 40 36.9151 4.28491
      vertex 40 37.1216 4.46603
    endloop
  endfacet
  facet normal 1 -0 0
    outer loop
      vertex 40 35.1 5.39999
      vertex 40 36.9151 4.28491
      vertex 40 37.2 5.39999
    endloop
  endfacet
  facet normal 1 0 0
    outer loop
      vertex 40 36.9151 4.28491
      vertex 40 35.1 5.39999
      vertex 40 36.734 4.07838
    endloop
  endfacet
  facet normal 1 0 0
    outer loop
      vertex 40 36.734 4.07838
      vertex 40 35.1 5.39999
      vertex 40 36.5814 3.84999
    endloop
  endfacet
  facet normal 1 0 0
    outer loop
      vertex 40 36.318 3.0741
      vertex 40 35.1 5.39999
      vertex 40 36.3 2.79999
    endloop
  endfacet
  facet normal 1 0 0
    outer loop
      vertex 40 36.3716 3.34351
      vertex 40 35.1 5.39999
      vertex 40 36.318 3.0741
    endloop
  endfacet
  facet normal 1 0 0
    outer loop
      vertex 40 36.4599 3.60362
      vertex 40 35.1 5.39999
      vertex 40 36.3716 3.34351
    endloop
  endfacet
  facet normal 1 0 0
    outer loop
      vertex 40 36.5814 3.84999
      vertex 40 35.1 5.39999
      vertex 40 36.4599 3.60362
    endloop
  endfacet
  facet normal 1 0 0
    outer loop
      vertex 40 41.7 5.39999
      vertex 40 40.5 2.79999
      vertex 40 41.7 0
    endloop
  endfacet
  facet normal 1 0 0
    outer loop
      vertex 40 41.7 5.39999
      vertex 40 40.482 3.0741
      vertex 40 40.5 2.79999
    endloop
  endfacet
  facet normal 1 0 0
    outer loop
      vertex 40 41.7 5.39999
      vertex 40 40.4284 3.34351
      vertex 40 40.482 3.0741
    endloop
  endfacet
  facet normal 1 0 0
    outer loop
      vertex 40 41.7 5.39999
      vertex 40 40.3401 3.60362
      vertex 40 40.4284 3.34351
    endloop
  endfacet
  facet normal 1 0 0
    outer loop
      vertex 40 41.7 5.39999
      vertex 40 40.2187 3.84999
      vertex 40 40.3401 3.60362
    endloop
  endfacet
  facet normal 1 0 0
    outer loop
      vertex 40 41.7 5.39999
      vertex 40 40.066 4.07838
      vertex 40 40.2187 3.84999
    endloop
  endfacet
  facet normal 1 0 0
    outer loop
      vertex 40 41.7 5.39999
      vertex 40 39.8849 4.28491
      vertex 40 40.066 4.07838
    endloop
  endfacet
  facet normal 1 -0 0
    outer loop
      vertex 40 39.6 5.39999
      vertex 40 39.8849 4.28491
      vertex 40 41.7 5.39999
    endloop
  endfacet
  facet normal 1 0 0
    outer loop
      vertex 40 39.8849 4.28491
      vertex 40 39.6 5.39999
      vertex 40 39.6784 4.46603
    endloop
  endfacet
  facet normal 1 0 0
    outer loop
      vertex 40 39.6784 4.46603
      vertex 40 39.6 5.39999
      vertex 40 39.6 4.51842
    endloop
  endfacet
  facet normal 1 -0 0
    outer loop
      vertex 40 40.482 2.52589
      vertex 40 41.7 0
      vertex 40 40.5 2.79999
    endloop
  endfacet
  facet normal 1 -0 0
    outer loop
      vertex 40 40.4284 2.25647
      vertex 40 41.7 0
      vertex 40 40.482 2.52589
    endloop
  endfacet
  facet normal 1 -0 0
    outer loop
      vertex 40 40.3401 1.99635
      vertex 40 41.7 0
      vertex 40 40.4284 2.25647
    endloop
  endfacet
  facet normal 1 -0 0
    outer loop
      vertex 40 40.2187 1.74998
      vertex 40 41.7 0
      vertex 40 40.3401 1.99635
    endloop
  endfacet
  facet normal 1 -0 0
    outer loop
      vertex 40 40.066 1.52159
      vertex 40 41.7 0
      vertex 40 40.2187 1.74998
    endloop
  endfacet
  facet normal 1 -0 0
    outer loop
      vertex 40 39.8849 1.31506
      vertex 40 41.7 0
      vertex 40 40.066 1.52159
    endloop
  endfacet
  facet normal 1 -0 0
    outer loop
      vertex 40 39.6784 1.13396
      vertex 40 41.7 0
      vertex 40 39.8849 1.31506
    endloop
  endfacet
  facet normal 1 -0 0
    outer loop
      vertex 40 39.45 0.981339
      vertex 40 41.7 0
      vertex 40 39.6784 1.13396
    endloop
  endfacet
  facet normal 1 -0 0
    outer loop
      vertex 40 39.2036 0.859848
      vertex 40 41.7 0
      vertex 40 39.45 0.981339
    endloop
  endfacet
  facet normal 1 -0 0
    outer loop
      vertex 40 38.9435 0.771545
      vertex 40 41.7 0
      vertex 40 39.2036 0.859848
    endloop
  endfacet
  facet normal 1 -0 0
    outer loop
      vertex 40 38.6741 0.717957
      vertex 40 41.7 0
      vertex 40 38.9435 0.771545
    endloop
  endfacet
  facet normal 1 -0 0
    outer loop
      vertex 40 38.4 0.699997
      vertex 40 41.7 0
      vertex 40 38.6741 0.717957
    endloop
  endfacet
  facet normal 1 0 0
    outer loop
      vertex 40 35.1 0
      vertex 40 38.4 0.699997
      vertex 40 38.1259 0.717957
    endloop
  endfacet
  facet normal 1 0 0
    outer loop
      vertex 40 35.1 0
      vertex 40 38.1259 0.717957
      vertex 40 37.8565 0.771545
    endloop
  endfacet
  facet normal 1 0 0
    outer loop
      vertex 40 35.1 0
      vertex 40 36.3 2.79999
      vertex 40 35.1 5.39999
    endloop
  endfacet
  facet normal 1 0 0
    outer loop
      vertex 40 36.3 2.79999
      vertex 40 35.1 0
      vertex 40 36.318 2.52589
    endloop
  endfacet
  facet normal 1 0 0
    outer loop
      vertex 40 36.318 2.52589
      vertex 40 35.1 0
      vertex 40 36.3716 2.25647
    endloop
  endfacet
  facet normal 1 0 0
    outer loop
      vertex 40 38.4 0.699997
      vertex 40 35.1 0
      vertex 40 41.7 0
    endloop
  endfacet
  facet normal 1 0 0
    outer loop
      vertex 40 37.5964 0.859848
      vertex 40 35.1 0
      vertex 40 37.8565 0.771545
    endloop
  endfacet
  facet normal 1 0 0
    outer loop
      vertex 40 37.35 0.981339
      vertex 40 35.1 0
      vertex 40 37.5964 0.859848
    endloop
  endfacet
  facet normal 1 0 0
    outer loop
      vertex 40 37.1216 1.13396
      vertex 40 35.1 0
      vertex 40 37.35 0.981339
    endloop
  endfacet
  facet normal 1 0 0
    outer loop
      vertex 40 36.9151 1.31506
      vertex 40 35.1 0
      vertex 40 37.1216 1.13396
    endloop
  endfacet
  facet normal 1 0 0
    outer loop
      vertex 40 36.734 1.52159
      vertex 40 35.1 0
      vertex 40 36.9151 1.31506
    endloop
  endfacet
  facet normal 1 0 0
    outer loop
      vertex 40 36.5814 1.74998
      vertex 40 35.1 0
      vertex 40 36.734 1.52159
    endloop
  endfacet
  facet normal 1 0 0
    outer loop
      vertex 40 36.4599 1.99635
      vertex 40 35.1 0
      vertex 40 36.5814 1.74998
    endloop
  endfacet
  facet normal 1 0 0
    outer loop
      vertex 40 36.3716 2.25647
      vertex 40 35.1 0
      vertex 40 36.4599 1.99635
    endloop
  endfacet
  facet normal 0 0 -1
    outer loop
      vertex 0 35.1 0
      vertex 40 41.7 0
      vertex 40 35.1 0
    endloop
  endfacet
  facet normal -0 0 -1
    outer loop
      vertex 40 41.7 0
      vertex 0 35.1 0
      vertex 0 41.7 0
    endloop
  endfacet
  facet normal 0 1 -0
    outer loop
      vertex 40 41.7 0
      vertex 0 41.7 5.39999
      vertex 40 41.7 5.39999
    endloop
  endfacet
  facet normal 0 1 0
    outer loop
      vertex 0 41.7 5.39999
      vertex 40 41.7 0
      vertex 0 41.7 0
    endloop
  endfacet
  facet normal -0 0 1
    outer loop
      vertex 0 41.7 5.39999
      vertex 40 39.6 5.39999
      vertex 40 41.7 5.39999
    endloop
  endfacet
  facet normal 0 0 1
    outer loop
      vertex 40 39.6 5.39999
      vertex 0 41.7 5.39999
      vertex 0 39.6 5.39999
    endloop
  endfacet
  facet normal 0 -1 0
    outer loop
      vertex 0 39.6 4.51842
      vertex 40 39.6 5.39999
      vertex 0 39.6 5.39999
    endloop
  endfacet
  facet normal 0 -1 -0
    outer loop
      vertex 40 39.6 5.39999
      vertex 0 39.6 4.51842
      vertex 40 39.6 4.51842
    endloop
  endfacet
  facet normal 0 -0.555605 -0.831446
    outer loop
      vertex 0 39.6 4.51842
      vertex 40 39.6784 4.46603
      vertex 40 39.6 4.51842
    endloop
  endfacet
  facet normal -0 -0.555605 -0.831446
    outer loop
      vertex 40 39.6784 4.46603
      vertex 0 39.6 4.51842
      vertex 0 39.6784 4.46603
    endloop
  endfacet
  facet normal 0 -0.659396 -0.751796
    outer loop
      vertex 0 39.6784 4.46603
      vertex 40 39.8849 4.28491
      vertex 40 39.6784 4.46603
    endloop
  endfacet
  facet normal -0 -0.659396 -0.751796
    outer loop
      vertex 40 39.8849 4.28491
      vertex 0 39.6784 4.46603
      vertex 0 39.8849 4.28491
    endloop
  endfacet
  facet normal 0 -0.751879 -0.659301
    outer loop
      vertex 0 40.066 4.07838
      vertex 40 39.8849 4.28491
      vertex 0 39.8849 4.28491
    endloop
  endfacet
  facet normal 0 -0.751879 -0.659301
    outer loop
      vertex 40 39.8849 4.28491
      vertex 0 40.066 4.07838
      vertex 40 40.066 4.07838
    endloop
  endfacet
  facet normal 0 -0.83131 -0.555808
    outer loop
      vertex 0 40.2187 3.84999
      vertex 40 40.066 4.07838
      vertex 0 40.066 4.07838
    endloop
  endfacet
  facet normal 0 -0.83131 -0.555808
    outer loop
      vertex 40 40.066 4.07838
      vertex 0 40.2187 3.84999
      vertex 40 40.2187 3.84999
    endloop
  endfacet
  facet normal 0 -0.897012 -0.442007
    outer loop
      vertex 0 40.3401 3.60362
      vertex 40 40.2187 3.84999
      vertex 0 40.2187 3.84999
    endloop
  endfacet
  facet normal 0 -0.897012 -0.442007
    outer loop
      vertex 40 40.2187 3.84999
      vertex 0 40.3401 3.60362
      vertex 40 40.3401 3.60362
    endloop
  endfacet
  facet normal 0 -0.946925 -0.321454
    outer loop
      vertex 0 40.4284 3.34351
      vertex 40 40.3401 3.60362
      vertex 0 40.3401 3.60362
    endloop
  endfacet
  facet normal 0 -0.946925 -0.321454
    outer loop
      vertex 40 40.3401 3.60362
      vertex 0 40.4284 3.34351
      vertex 40 40.4284 3.34351
    endloop
  endfacet
  facet normal 0 -0.980778 -0.195129
    outer loop
      vertex 0 40.482 3.0741
      vertex 40 40.4284 3.34351
      vertex 0 40.4284 3.34351
    endloop
  endfacet
  facet normal 0 -0.980778 -0.195129
    outer loop
      vertex 40 40.4284 3.34351
      vertex 0 40.482 3.0741
      vertex 40 40.482 3.0741
    endloop
  endfacet
  facet normal 0 -0.997851 -0.0655259
    outer loop
      vertex 0 40.5 2.79999
      vertex 40 40.482 3.0741
      vertex 0 40.482 3.0741
    endloop
  endfacet
  facet normal 0 -0.997851 -0.0655259
    outer loop
      vertex 40 40.482 3.0741
      vertex 0 40.5 2.79999
      vertex 40 40.5 2.79999
    endloop
  endfacet
  facet normal 0 -0.997851 0.0655283
    outer loop
      vertex 0 40.482 2.52589
      vertex 40 40.5 2.79999
      vertex 0 40.5 2.79999
    endloop
  endfacet
  facet normal 0 -0.997851 0.0655283
    outer loop
      vertex 40 40.5 2.79999
      vertex 0 40.482 2.52589
      vertex 40 40.482 2.52589
    endloop
  endfacet
  facet normal 0 -0.980779 0.195122
    outer loop
      vertex 0 40.4284 2.25647
      vertex 40 40.482 2.52589
      vertex 0 40.482 2.52589
    endloop
  endfacet
  facet normal 0 -0.980779 0.195122
    outer loop
      vertex 40 40.482 2.52589
      vertex 0 40.4284 2.25647
      vertex 40 40.4284 2.25647
    endloop
  endfacet
  facet normal 0 -0.946929 0.321443
    outer loop
      vertex 0 40.3401 1.99635
      vertex 40 40.4284 2.25647
      vertex 0 40.4284 2.25647
    endloop
  endfacet
  facet normal 0 -0.946929 0.321443
    outer loop
      vertex 40 40.4284 2.25647
      vertex 0 40.3401 1.99635
      vertex 40 40.3401 1.99635
    endloop
  endfacet
  facet normal 0 -0.897012 0.442007
    outer loop
      vertex 0 40.2187 1.74998
      vertex 40 40.3401 1.99635
      vertex 0 40.3401 1.99635
    endloop
  endfacet
  facet normal 0 -0.897012 0.442007
    outer loop
      vertex 40 40.3401 1.99635
      vertex 0 40.2187 1.74998
      vertex 40 40.2187 1.74998
    endloop
  endfacet
  facet normal 0 -0.83131 0.555808
    outer loop
      vertex 0 40.066 1.52159
      vertex 40 40.2187 1.74998
      vertex 0 40.2187 1.74998
    endloop
  endfacet
  facet normal 0 -0.83131 0.555808
    outer loop
      vertex 40 40.2187 1.74998
      vertex 0 40.066 1.52159
      vertex 40 40.066 1.52159
    endloop
  endfacet
  facet normal 0 -0.751879 0.659301
    outer loop
      vertex 0 39.8849 1.31506
      vertex 40 40.066 1.52159
      vertex 0 40.066 1.52159
    endloop
  endfacet
  facet normal 0 -0.751879 0.659301
    outer loop
      vertex 40 40.066 1.52159
      vertex 0 39.8849 1.31506
      vertex 40 39.8849 1.31506
    endloop
  endfacet
  facet normal 0 -0.659355 0.751832
    outer loop
      vertex 0 39.8849 1.31506
      vertex 40 39.6784 1.13396
      vertex 40 39.8849 1.31506
    endloop
  endfacet
  facet normal 0 -0.659355 0.751832
    outer loop
      vertex 40 39.6784 1.13396
      vertex 0 39.8849 1.31506
      vertex 0 39.6784 1.13396
    endloop
  endfacet
  facet normal 0 -0.555593 0.831454
    outer loop
      vertex 0 39.6784 1.13396
      vertex 40 39.45 0.981339
      vertex 40 39.6784 1.13396
    endloop
  endfacet
  facet normal 0 -0.555593 0.831454
    outer loop
      vertex 40 39.45 0.981339
      vertex 0 39.6784 1.13396
      vertex 0 39.45 0.981339
    endloop
  endfacet
  facet normal 0 -0.44223 0.896902
    outer loop
      vertex 0 39.45 0.981339
      vertex 40 39.2036 0.859848
      vertex 40 39.45 0.981339
    endloop
  endfacet
  facet normal 0 -0.44223 0.896902
    outer loop
      vertex 40 39.2036 0.859848
      vertex 0 39.45 0.981339
      vertex 0 39.2036 0.859848
    endloop
  endfacet
  facet normal 0 -0.321475 0.946918
    outer loop
      vertex 0 39.2036 0.859848
      vertex 40 38.9435 0.771545
      vertex 40 39.2036 0.859848
    endloop
  endfacet
  facet normal 0 -0.321475 0.946918
    outer loop
      vertex 40 38.9435 0.771545
      vertex 0 39.2036 0.859848
      vertex 0 38.9435 0.771545
    endloop
  endfacet
  facet normal 0 -0.195094 0.980785
    outer loop
      vertex 0 38.9435 0.771545
      vertex 40 38.6741 0.717957
      vertex 40 38.9435 0.771545
    endloop
  endfacet
  facet normal 0 -0.195094 0.980785
    outer loop
      vertex 40 38.6741 0.717957
      vertex 0 38.9435 0.771545
      vertex 0 38.6741 0.717957
    endloop
  endfacet
  facet normal 0 -0.0653833 0.99786
    outer loop
      vertex 0 38.6741 0.717957
      vertex 40 38.4 0.699997
      vertex 40 38.6741 0.717957
    endloop
  endfacet
  facet normal 0 -0.0653833 0.99786
    outer loop
      vertex 40 38.4 0.699997
      vertex 0 38.6741 0.717957
      vertex 0 38.4 0.699997
    endloop
  endfacet
  facet normal -0 0.0653833 0.99786
    outer loop
      vertex 0 38.4 0.699997
      vertex 40 38.1259 0.717957
      vertex 40 38.4 0.699997
    endloop
  endfacet
  facet normal 0 0.0653833 0.99786
    outer loop
      vertex 40 38.1259 0.717957
      vertex 0 38.4 0.699997
      vertex 0 38.1259 0.717957
    endloop
  endfacet
  facet normal -0 0.195094 0.980785
    outer loop
      vertex 0 38.1259 0.717957
      vertex 40 37.8565 0.771545
      vertex 40 38.1259 0.717957
    endloop
  endfacet
  facet normal 0 0.195094 0.980785
    outer loop
      vertex 40 37.8565 0.771545
      vertex 0 38.1259 0.717957
      vertex 0 37.8565 0.771545
    endloop
  endfacet
  facet normal -0 0.321475 0.946918
    outer loop
      vertex 0 37.8565 0.771545
      vertex 40 37.5964 0.859848
      vertex 40 37.8565 0.771545
    endloop
  endfacet
  facet normal 0 0.321475 0.946918
    outer loop
      vertex 40 37.5964 0.859848
      vertex 0 37.8565 0.771545
      vertex 0 37.5964 0.859848
    endloop
  endfacet
  facet normal -0 0.44223 0.896902
    outer loop
      vertex 0 37.5964 0.859848
      vertex 40 37.35 0.981339
      vertex 40 37.5964 0.859848
    endloop
  endfacet
  facet normal 0 0.44223 0.896902
    outer loop
      vertex 40 37.35 0.981339
      vertex 0 37.5964 0.859848
      vertex 0 37.35 0.981339
    endloop
  endfacet
  facet normal -0 0.555593 0.831454
    outer loop
      vertex 0 37.35 0.981339
      vertex 40 37.1216 1.13396
      vertex 40 37.35 0.981339
    endloop
  endfacet
  facet normal 0 0.555593 0.831454
    outer loop
      vertex 40 37.1216 1.13396
      vertex 0 37.35 0.981339
      vertex 0 37.1216 1.13396
    endloop
  endfacet
  facet normal -0 0.659355 0.751832
    outer loop
      vertex 0 37.1216 1.13396
      vertex 40 36.9151 1.31506
      vertex 40 37.1216 1.13396
    endloop
  endfacet
  facet normal 0 0.659355 0.751832
    outer loop
      vertex 40 36.9151 1.31506
      vertex 0 37.1216 1.13396
      vertex 0 36.9151 1.31506
    endloop
  endfacet
  facet normal 0 0.751879 0.659301
    outer loop
      vertex 40 36.9151 1.31506
      vertex 0 36.734 1.52159
      vertex 40 36.734 1.52159
    endloop
  endfacet
  facet normal 0 0.751879 0.659301
    outer loop
      vertex 0 36.734 1.52159
      vertex 40 36.9151 1.31506
      vertex 0 36.9151 1.31506
    endloop
  endfacet
  facet normal 0 0.831479 0.555557
    outer loop
      vertex 40 36.734 1.52159
      vertex 0 36.5814 1.74998
      vertex 40 36.5814 1.74998
    endloop
  endfacet
  facet normal 0 0.831479 0.555557
    outer loop
      vertex 0 36.5814 1.74998
      vertex 40 36.734 1.52159
      vertex 0 36.734 1.52159
    endloop
  endfacet
  facet normal 0 0.896867 0.4423
    outer loop
      vertex 40 36.5814 1.74998
      vertex 0 36.4599 1.99635
      vertex 40 36.4599 1.99635
    endloop
  endfacet
  facet normal 0 0.896867 0.4423
    outer loop
      vertex 0 36.4599 1.99635
      vertex 40 36.5814 1.74998
      vertex 0 36.5814 1.74998
    endloop
  endfacet
  facet normal 0 0.946929 0.321443
    outer loop
      vertex 40 36.4599 1.99635
      vertex 0 36.3716 2.25647
      vertex 40 36.3716 2.25647
    endloop
  endfacet
  facet normal 0 0.946929 0.321443
    outer loop
      vertex 0 36.3716 2.25647
      vertex 40 36.4599 1.99635
      vertex 0 36.4599 1.99635
    endloop
  endfacet
  facet normal 0 0.980779 0.195122
    outer loop
      vertex 40 36.3716 2.25647
      vertex 0 36.318 2.52589
      vertex 40 36.318 2.52589
    endloop
  endfacet
  facet normal 0 0.980779 0.195122
    outer loop
      vertex 0 36.318 2.52589
      vertex 40 36.3716 2.25647
      vertex 0 36.3716 2.25647
    endloop
  endfacet
  facet normal 0 0.997851 0.0655283
    outer loop
      vertex 40 36.318 2.52589
      vertex 0 36.3 2.79999
      vertex 40 36.3 2.79999
    endloop
  endfacet
  facet normal 0 0.997851 0.0655283
    outer loop
      vertex 0 36.3 2.79999
      vertex 40 36.318 2.52589
      vertex 0 36.318 2.52589
    endloop
  endfacet
  facet normal 0 0.997851 -0.0655259
    outer loop
      vertex 40 36.3 2.79999
      vertex 0 36.318 3.0741
      vertex 40 36.318 3.0741
    endloop
  endfacet
  facet normal 0 0.997851 -0.0655259
    outer loop
      vertex 0 36.318 3.0741
      vertex 40 36.3 2.79999
      vertex 0 36.3 2.79999
    endloop
  endfacet
  facet normal 0 0.980778 -0.195129
    outer loop
      vertex 40 36.318 3.0741
      vertex 0 36.3716 3.34351
      vertex 40 36.3716 3.34351
    endloop
  endfacet
  facet normal 0 0.980778 -0.195129
    outer loop
      vertex 0 36.3716 3.34351
      vertex 40 36.318 3.0741
      vertex 0 36.318 3.0741
    endloop
  endfacet
  facet normal 0 0.946925 -0.321454
    outer loop
      vertex 40 36.3716 3.34351
      vertex 0 36.4599 3.60362
      vertex 40 36.4599 3.60362
    endloop
  endfacet
  facet normal 0 0.946925 -0.321454
    outer loop
      vertex 0 36.4599 3.60362
      vertex 40 36.3716 3.34351
      vertex 0 36.3716 3.34351
    endloop
  endfacet
  facet normal 0 0.896867 -0.4423
    outer loop
      vertex 40 36.4599 3.60362
      vertex 0 36.5814 3.84999
      vertex 40 36.5814 3.84999
    endloop
  endfacet
  facet normal 0 0.896867 -0.4423
    outer loop
      vertex 0 36.5814 3.84999
      vertex 40 36.4599 3.60362
      vertex 0 36.4599 3.60362
    endloop
  endfacet
  facet normal 0 0.831479 -0.555557
    outer loop
      vertex 40 36.5814 3.84999
      vertex 0 36.734 4.07838
      vertex 40 36.734 4.07838
    endloop
  endfacet
  facet normal 0 0.831479 -0.555557
    outer loop
      vertex 0 36.734 4.07838
      vertex 40 36.5814 3.84999
      vertex 0 36.5814 3.84999
    endloop
  endfacet
  facet normal 0 0.751879 -0.659301
    outer loop
      vertex 40 36.734 4.07838
      vertex 0 36.9151 4.28491
      vertex 40 36.9151 4.28491
    endloop
  endfacet
  facet normal 0 0.751879 -0.659301
    outer loop
      vertex 0 36.9151 4.28491
      vertex 40 36.734 4.07838
      vertex 0 36.734 4.07838
    endloop
  endfacet
  facet normal 0 0.659396 -0.751796
    outer loop
      vertex 0 36.9151 4.28491
      vertex 40 37.1216 4.46603
      vertex 40 36.9151 4.28491
    endloop
  endfacet
  facet normal 0 0.659396 -0.751796
    outer loop
      vertex 40 37.1216 4.46603
      vertex 0 36.9151 4.28491
      vertex 0 37.1216 4.46603
    endloop
  endfacet
  facet normal 0 0.555605 -0.831446
    outer loop
      vertex 0 37.1216 4.46603
      vertex 40 37.2 4.51842
      vertex 40 37.1216 4.46603
    endloop
  endfacet
  facet normal 0 0.555605 -0.831446
    outer loop
      vertex 40 37.2 4.51842
      vertex 0 37.1216 4.46603
      vertex 0 37.2 4.51842
    endloop
  endfacet
  facet normal 0 1 -0
    outer loop
      vertex 40 37.2 4.51842
      vertex 0 37.2 5.39999
      vertex 40 37.2 5.39999
    endloop
  endfacet
  facet normal 0 1 0
    outer loop
      vertex 0 37.2 5.39999
      vertex 40 37.2 4.51842
      vertex 0 37.2 4.51842
    endloop
  endfacet
  facet normal -0 0 1
    outer loop
      vertex 0 37.2 5.39999
      vertex 40 35.1 5.39999
      vertex 40 37.2 5.39999
    endloop
  endfacet
  facet normal 0 0 1
    outer loop
      vertex 40 35.1 5.39999
      vertex 0 37.2 5.39999
      vertex 0 35.1 5.39999
    endloop
  endfacet
  facet normal 0 -1 0
    outer loop
      vertex 0 35.1 0
      vertex 40 35.1 5.39999
      vertex 0 35.1 5.39999
    endloop
  endfacet
  facet normal 0 -1 -0
    outer loop
      vertex 40 35.1 5.39999
      vertex 0 35.1 0
      vertex 40 35.1 0
    endloop
  endfacet
  facet normal -1 0 0
    outer loop
      vertex 0 51.3 0
      vertex 0 50.1 2.79999
      vertex 0 51.3 5.39999
    endloop
  endfacet
  facet normal -1 0 0
    outer loop
      vertex 0 51.3 0
      vertex 0 50.082 2.52589
      vertex 0 50.1 2.79999
    endloop
  endfacet
  facet normal -1 0 0
    outer loop
      vertex 0 51.3 0
      vertex 0 50.0284 2.25647
      vertex 0 50.082 2.52589
    endloop
  endfacet
  facet normal -1 0 0
    outer loop
      vertex 0 51.3 0
      vertex 0 49.9401 1.99635
      vertex 0 50.0284 2.25647
    endloop
  endfacet
  facet normal -1 0 0
    outer loop
      vertex 0 51.3 0
      vertex 0 49.8186 1.74998
      vertex 0 49.9401 1.99635
    endloop
  endfacet
  facet normal -1 0 0
    outer loop
      vertex 0 51.3 0
      vertex 0 49.666 1.52159
      vertex 0 49.8186 1.74998
    endloop
  endfacet
  facet normal -1 0 0
    outer loop
      vertex 0 51.3 0
      vertex 0 49.4849 1.31506
      vertex 0 49.666 1.52159
    endloop
  endfacet
  facet normal -1 0 0
    outer loop
      vertex 0 51.3 0
      vertex 0 49.2784 1.13396
      vertex 0 49.4849 1.31506
    endloop
  endfacet
  facet normal -1 0 0
    outer loop
      vertex 0 51.3 0
      vertex 0 49.05 0.981339
      vertex 0 49.2784 1.13396
    endloop
  endfacet
  facet normal -1 0 0
    outer loop
      vertex 0 51.3 0
      vertex 0 48.8036 0.859848
      vertex 0 49.05 0.981339
    endloop
  endfacet
  facet normal -1 0 0
    outer loop
      vertex 0 51.3 0
      vertex 0 48.5435 0.771545
      vertex 0 48.8036 0.859848
    endloop
  endfacet
  facet normal -1 0 0
    outer loop
      vertex 0 51.3 0
      vertex 0 48.2741 0.717957
      vertex 0 48.5435 0.771545
    endloop
  endfacet
  facet normal -1 0 0
    outer loop
      vertex 0 51.3 0
      vertex 0 48 0.699997
      vertex 0 48.2741 0.717957
    endloop
  endfacet
  facet normal -1 0 0
    outer loop
      vertex 0 44.7 0
      vertex 0 48 0.699997
      vertex 0 51.3 0
    endloop
  endfacet
  facet normal -1 -0 0
    outer loop
      vertex 0 48 0.699997
      vertex 0 44.7 0
      vertex 0 47.7259 0.717957
    endloop
  endfacet
  facet normal -1 -0 0
    outer loop
      vertex 0 45.918 2.52589
      vertex 0 44.7 0
      vertex 0 45.9 2.79999
    endloop
  endfacet
  facet normal -1 -0 0
    outer loop
      vertex 0 45.9716 2.25647
      vertex 0 44.7 0
      vertex 0 45.918 2.52589
    endloop
  endfacet
  facet normal -1 -0 0
    outer loop
      vertex 0 46.0599 1.99635
      vertex 0 44.7 0
      vertex 0 45.9716 2.25647
    endloop
  endfacet
  facet normal -1 -0 0
    outer loop
      vertex 0 46.1814 1.74998
      vertex 0 44.7 0
      vertex 0 46.0599 1.99635
    endloop
  endfacet
  facet normal -1 -0 0
    outer loop
      vertex 0 46.334 1.52159
      vertex 0 44.7 0
      vertex 0 46.1814 1.74998
    endloop
  endfacet
  facet normal -1 -0 0
    outer loop
      vertex 0 46.5151 1.31506
      vertex 0 44.7 0
      vertex 0 46.334 1.52159
    endloop
  endfacet
  facet normal -1 -0 0
    outer loop
      vertex 0 46.7216 1.13396
      vertex 0 44.7 0
      vertex 0 46.5151 1.31506
    endloop
  endfacet
  facet normal -1 -0 0
    outer loop
      vertex 0 46.95 0.981339
      vertex 0 44.7 0
      vertex 0 46.7216 1.13396
    endloop
  endfacet
  facet normal -1 -0 0
    outer loop
      vertex 0 47.1964 0.859848
      vertex 0 44.7 0
      vertex 0 46.95 0.981339
    endloop
  endfacet
  facet normal -1 -0 0
    outer loop
      vertex 0 47.4565 0.771545
      vertex 0 44.7 0
      vertex 0 47.1964 0.859848
    endloop
  endfacet
  facet normal -1 -0 0
    outer loop
      vertex 0 47.7259 0.717957
      vertex 0 44.7 0
      vertex 0 47.4565 0.771545
    endloop
  endfacet
  facet normal -1 0 0
    outer loop
      vertex 0 50.082 3.0741
      vertex 0 51.3 5.39999
      vertex 0 50.1 2.79999
    endloop
  endfacet
  facet normal -1 0 0
    outer loop
      vertex 0 50.0284 3.34351
      vertex 0 51.3 5.39999
      vertex 0 50.082 3.0741
    endloop
  endfacet
  facet normal -1 0 0
    outer loop
      vertex 0 49.9401 3.60362
      vertex 0 51.3 5.39999
      vertex 0 50.0284 3.34351
    endloop
  endfacet
  facet normal -1 0 0
    outer loop
      vertex 0 49.8186 3.84999
      vertex 0 51.3 5.39999
      vertex 0 49.9401 3.60362
    endloop
  endfacet
  facet normal -1 0 0
    outer loop
      vertex 0 49.666 4.07838
      vertex 0 51.3 5.39999
      vertex 0 49.8186 3.84999
    endloop
  endfacet
  facet normal -1 0 0
    outer loop
      vertex 0 49.4849 4.28491
      vertex 0 51.3 5.39999
      vertex 0 49.666 4.07838
    endloop
  endfacet
  facet normal -1 0 0
    outer loop
      vertex 0 49.2 5.39999
      vertex 0 49.4849 4.28491
      vertex 0 49.2784 4.46603
    endloop
  endfacet
  facet normal -1 0 0
    outer loop
      vertex 0 49.2 5.39999
      vertex 0 49.2784 4.46603
      vertex 0 49.2 4.51842
    endloop
  endfacet
  facet normal -1 0 0
    outer loop
      vertex 0 49.4849 4.28491
      vertex 0 49.2 5.39999
      vertex 0 51.3 5.39999
    endloop
  endfacet
  facet normal -1 0 0
    outer loop
      vertex 0 46.7216 4.46603
      vertex 0 46.8 5.39999
      vertex 0 46.8 4.51842
    endloop
  endfacet
  facet normal -1 0 0
    outer loop
      vertex 0 46.5151 4.28491
      vertex 0 46.8 5.39999
      vertex 0 46.7216 4.46603
    endloop
  endfacet
  facet normal -1 0 0
    outer loop
      vertex 0 44.7 5.39999
      vertex 0 46.5151 4.28491
      vertex 0 46.334 4.07838
    endloop
  endfacet
  facet normal -1 0 0
    outer loop
      vertex 0 44.7 5.39999
      vertex 0 46.334 4.07838
      vertex 0 46.1814 3.84999
    endloop
  endfacet
  facet normal -1 0 0
    outer loop
      vertex 0 44.7 5.39999
      vertex 0 46.1814 3.84999
      vertex 0 46.0599 3.60362
    endloop
  endfacet
  facet normal -1 0 0
    outer loop
      vertex 0 44.7 5.39999
      vertex 0 45.9 2.79999
      vertex 0 44.7 0
    endloop
  endfacet
  facet normal -1 0 0
    outer loop
      vertex 0 45.9 2.79999
      vertex 0 44.7 5.39999
      vertex 0 45.918 3.0741
    endloop
  endfacet
  facet normal -1 0 0
    outer loop
      vertex 0 45.918 3.0741
      vertex 0 44.7 5.39999
      vertex 0 45.9716 3.34351
    endloop
  endfacet
  facet normal -1 0 0
    outer loop
      vertex 0 46.5151 4.28491
      vertex 0 44.7 5.39999
      vertex 0 46.8 5.39999
    endloop
  endfacet
  facet normal -1 0 0
    outer loop
      vertex 0 45.9716 3.34351
      vertex 0 44.7 5.39999
      vertex 0 46.0599 3.60362
    endloop
  endfacet
  facet normal 1 0 0
    outer loop
      vertex 40 46.8 5.39999
      vertex 40 46.7216 4.46603
      vertex 40 46.8 4.51842
    endloop
  endfacet
  facet normal 1 0 0
    outer loop
      vertex 40 46.8 5.39999
      vertex 40 46.5151 4.28491
      vertex 40 46.7216 4.46603
    endloop
  endfacet
  facet normal 1 -0 0
    outer loop
      vertex 40 44.7 5.39999
      vertex 40 46.5151 4.28491
      vertex 40 46.8 5.39999
    endloop
  endfacet
  facet normal 1 0 0
    outer loop
      vertex 40 46.5151 4.28491
      vertex 40 44.7 5.39999
      vertex 40 46.334 4.07838
    endloop
  endfacet
  facet normal 1 0 0
    outer loop
      vertex 40 46.334 4.07838
      vertex 40 44.7 5.39999
      vertex 40 46.1814 3.84999
    endloop
  endfacet
  facet normal 1 0 0
    outer loop
      vertex 40 45.918 3.0741
      vertex 40 44.7 5.39999
      vertex 40 45.9 2.79999
    endloop
  endfacet
  facet normal 1 0 0
    outer loop
      vertex 40 45.9716 3.34351
      vertex 40 44.7 5.39999
      vertex 40 45.918 3.0741
    endloop
  endfacet
  facet normal 1 0 0
    outer loop
      vertex 40 46.0599 3.60362
      vertex 40 44.7 5.39999
      vertex 40 45.9716 3.34351
    endloop
  endfacet
  facet normal 1 0 0
    outer loop
      vertex 40 46.1814 3.84999
      vertex 40 44.7 5.39999
      vertex 40 46.0599 3.60362
    endloop
  endfacet
  facet normal 1 0 0
    outer loop
      vertex 40 51.3 5.39999
      vertex 40 50.1 2.79999
      vertex 40 51.3 0
    endloop
  endfacet
  facet normal 1 0 0
    outer loop
      vertex 40 51.3 5.39999
      vertex 40 50.082 3.0741
      vertex 40 50.1 2.79999
    endloop
  endfacet
  facet normal 1 0 0
    outer loop
      vertex 40 51.3 5.39999
      vertex 40 50.0284 3.34351
      vertex 40 50.082 3.0741
    endloop
  endfacet
  facet normal 1 0 0
    outer loop
      vertex 40 51.3 5.39999
      vertex 40 49.9401 3.60362
      vertex 40 50.0284 3.34351
    endloop
  endfacet
  facet normal 1 0 0
    outer loop
      vertex 40 51.3 5.39999
      vertex 40 49.8186 3.84999
      vertex 40 49.9401 3.60362
    endloop
  endfacet
  facet normal 1 0 0
    outer loop
      vertex 40 51.3 5.39999
      vertex 40 49.666 4.07838
      vertex 40 49.8186 3.84999
    endloop
  endfacet
  facet normal 1 0 0
    outer loop
      vertex 40 51.3 5.39999
      vertex 40 49.4849 4.28491
      vertex 40 49.666 4.07838
    endloop
  endfacet
  facet normal 1 -0 0
    outer loop
      vertex 40 49.2 5.39999
      vertex 40 49.4849 4.28491
      vertex 40 51.3 5.39999
    endloop
  endfacet
  facet normal 1 0 0
    outer loop
      vertex 40 49.4849 4.28491
      vertex 40 49.2 5.39999
      vertex 40 49.2784 4.46603
    endloop
  endfacet
  facet normal 1 0 0
    outer loop
      vertex 40 49.2784 4.46603
      vertex 40 49.2 5.39999
      vertex 40 49.2 4.51842
    endloop
  endfacet
  facet normal 1 -0 0
    outer loop
      vertex 40 50.082 2.52589
      vertex 40 51.3 0
      vertex 40 50.1 2.79999
    endloop
  endfacet
  facet normal 1 -0 0
    outer loop
      vertex 40 50.0284 2.25647
      vertex 40 51.3 0
      vertex 40 50.082 2.52589
    endloop
  endfacet
  facet normal 1 -0 0
    outer loop
      vertex 40 49.9401 1.99635
      vertex 40 51.3 0
      vertex 40 50.0284 2.25647
    endloop
  endfacet
  facet normal 1 -0 0
    outer loop
      vertex 40 49.8186 1.74998
      vertex 40 51.3 0
      vertex 40 49.9401 1.99635
    endloop
  endfacet
  facet normal 1 -0 0
    outer loop
      vertex 40 49.666 1.52159
      vertex 40 51.3 0
      vertex 40 49.8186 1.74998
    endloop
  endfacet
  facet normal 1 -0 0
    outer loop
      vertex 40 49.4849 1.31506
      vertex 40 51.3 0
      vertex 40 49.666 1.52159
    endloop
  endfacet
  facet normal 1 -0 0
    outer loop
      vertex 40 49.2784 1.13396
      vertex 40 51.3 0
      vertex 40 49.4849 1.31506
    endloop
  endfacet
  facet normal 1 -0 0
    outer loop
      vertex 40 49.05 0.981339
      vertex 40 51.3 0
      vertex 40 49.2784 1.13396
    endloop
  endfacet
  facet normal 1 -0 0
    outer loop
      vertex 40 48.8036 0.859848
      vertex 40 51.3 0
      vertex 40 49.05 0.981339
    endloop
  endfacet
  facet normal 1 -0 0
    outer loop
      vertex 40 48.5435 0.771545
      vertex 40 51.3 0
      vertex 40 48.8036 0.859848
    endloop
  endfacet
  facet normal 1 -0 0
    outer loop
      vertex 40 48.2741 0.717957
      vertex 40 51.3 0
      vertex 40 48.5435 0.771545
    endloop
  endfacet
  facet normal 1 -0 0
    outer loop
      vertex 40 48 0.699997
      vertex 40 51.3 0
      vertex 40 48.2741 0.717957
    endloop
  endfacet
  facet normal 1 0 0
    outer loop
      vertex 40 44.7 0
      vertex 40 48 0.699997
      vertex 40 47.7259 0.717957
    endloop
  endfacet
  facet normal 1 0 0
    outer loop
      vertex 40 44.7 0
      vertex 40 47.7259 0.717957
      vertex 40 47.4565 0.771545
    endloop
  endfacet
  facet normal 1 0 0
    outer loop
      vertex 40 44.7 0
      vertex 40 45.9 2.79999
      vertex 40 44.7 5.39999
    endloop
  endfacet
  facet normal 1 0 0
    outer loop
      vertex 40 45.9 2.79999
      vertex 40 44.7 0
      vertex 40 45.918 2.52589
    endloop
  endfacet
  facet normal 1 0 0
    outer loop
      vertex 40 45.918 2.52589
      vertex 40 44.7 0
      vertex 40 45.9716 2.25647
    endloop
  endfacet
  facet normal 1 0 0
    outer loop
      vertex 40 48 0.699997
      vertex 40 44.7 0
      vertex 40 51.3 0
    endloop
  endfacet
  facet normal 1 0 0
    outer loop
      vertex 40 47.1964 0.859848
      vertex 40 44.7 0
      vertex 40 47.4565 0.771545
    endloop
  endfacet
  facet normal 1 0 0
    outer loop
      vertex 40 46.95 0.981339
      vertex 40 44.7 0
      vertex 40 47.1964 0.859848
    endloop
  endfacet
  facet normal 1 0 0
    outer loop
      vertex 40 46.7216 1.13396
      vertex 40 44.7 0
      vertex 40 46.95 0.981339
    endloop
  endfacet
  facet normal 1 0 0
    outer loop
      vertex 40 46.5151 1.31506
      vertex 40 44.7 0
      vertex 40 46.7216 1.13396
    endloop
  endfacet
  facet normal 1 0 0
    outer loop
      vertex 40 46.334 1.52159
      vertex 40 44.7 0
      vertex 40 46.5151 1.31506
    endloop
  endfacet
  facet normal 1 0 0
    outer loop
      vertex 40 46.1814 1.74998
      vertex 40 44.7 0
      vertex 40 46.334 1.52159
    endloop
  endfacet
  facet normal 1 0 0
    outer loop
      vertex 40 46.0599 1.99635
      vertex 40 44.7 0
      vertex 40 46.1814 1.74998
    endloop
  endfacet
  facet normal 1 0 0
    outer loop
      vertex 40 45.9716 2.25647
      vertex 40 44.7 0
      vertex 40 46.0599 1.99635
    endloop
  endfacet
  facet normal 0 0 -1
    outer loop
      vertex 0 44.7 0
      vertex 40 51.3 0
      vertex 40 44.7 0
    endloop
  endfacet
  facet normal -0 0 -1
    outer loop
      vertex 40 51.3 0
      vertex 0 44.7 0
      vertex 0 51.3 0
    endloop
  endfacet
  facet normal 0 1 -0
    outer loop
      vertex 40 51.3 0
      vertex 0 51.3 5.39999
      vertex 40 51.3 5.39999
    endloop
  endfacet
  facet normal 0 1 0
    outer loop
      vertex 0 51.3 5.39999
      vertex 40 51.3 0
      vertex 0 51.3 0
    endloop
  endfacet
  facet normal -0 0 1
    outer loop
      vertex 0 51.3 5.39999
      vertex 40 49.2 5.39999
      vertex 40 51.3 5.39999
    endloop
  endfacet
  facet normal 0 0 1
    outer loop
      vertex 40 49.2 5.39999
      vertex 0 51.3 5.39999
      vertex 0 49.2 5.39999
    endloop
  endfacet
  facet normal 0 -1 0
    outer loop
      vertex 0 49.2 4.51842
      vertex 40 49.2 5.39999
      vertex 0 49.2 5.39999
    endloop
  endfacet
  facet normal 0 -1 -0
    outer loop
      vertex 40 49.2 5.39999
      vertex 0 49.2 4.51842
      vertex 40 49.2 4.51842
    endloop
  endfacet
  facet normal 0 -0.555605 -0.831446
    outer loop
      vertex 0 49.2 4.51842
      vertex 40 49.2784 4.46603
      vertex 40 49.2 4.51842
    endloop
  endfacet
  facet normal -0 -0.555605 -0.831446
    outer loop
      vertex 40 49.2784 4.46603
      vertex 0 49.2 4.51842
      vertex 0 49.2784 4.46603
    endloop
  endfacet
  facet normal 0 -0.659396 -0.751796
    outer loop
      vertex 0 49.2784 4.46603
      vertex 40 49.4849 4.28491
      vertex 40 49.2784 4.46603
    endloop
  endfacet
  facet normal -0 -0.659396 -0.751796
    outer loop
      vertex 40 49.4849 4.28491
      vertex 0 49.2784 4.46603
      vertex 0 49.4849 4.28491
    endloop
  endfacet
  facet normal 0 -0.751879 -0.659301
    outer loop
      vertex 0 49.666 4.07838
      vertex 40 49.4849 4.28491
      vertex 0 49.4849 4.28491
    endloop
  endfacet
  facet normal 0 -0.751879 -0.659301
    outer loop
      vertex 40 49.4849 4.28491
      vertex 0 49.666 4.07838
      vertex 40 49.666 4.07838
    endloop
  endfacet
  facet normal 0 -0.831479 -0.555557
    outer loop
      vertex 0 49.8186 3.84999
      vertex 40 49.666 4.07838
      vertex 0 49.666 4.07838
    endloop
  endfacet
  facet normal 0 -0.831479 -0.555557
    outer loop
      vertex 40 49.666 4.07838
      vertex 0 49.8186 3.84999
      vertex 40 49.8186 3.84999
    endloop
  endfacet
  facet normal 0 -0.896867 -0.4423
    outer loop
      vertex 0 49.9401 3.60362
      vertex 40 49.8186 3.84999
      vertex 0 49.8186 3.84999
    endloop
  endfacet
  facet normal 0 -0.896867 -0.4423
    outer loop
      vertex 40 49.8186 3.84999
      vertex 0 49.9401 3.60362
      vertex 40 49.9401 3.60362
    endloop
  endfacet
  facet normal 0 -0.946925 -0.321454
    outer loop
      vertex 0 50.0284 3.34351
      vertex 40 49.9401 3.60362
      vertex 0 49.9401 3.60362
    endloop
  endfacet
  facet normal 0 -0.946925 -0.321454
    outer loop
      vertex 40 49.9401 3.60362
      vertex 0 50.0284 3.34351
      vertex 40 50.0284 3.34351
    endloop
  endfacet
  facet normal 0 -0.980778 -0.195129
    outer loop
      vertex 0 50.082 3.0741
      vertex 40 50.0284 3.34351
      vertex 0 50.0284 3.34351
    endloop
  endfacet
  facet normal 0 -0.980778 -0.195129
    outer loop
      vertex 40 50.0284 3.34351
      vertex 0 50.082 3.0741
      vertex 40 50.082 3.0741
    endloop
  endfacet
  facet normal 0 -0.997851 -0.0655259
    outer loop
      vertex 0 50.1 2.79999
      vertex 40 50.082 3.0741
      vertex 0 50.082 3.0741
    endloop
  endfacet
  facet normal 0 -0.997851 -0.0655259
    outer loop
      vertex 40 50.082 3.0741
      vertex 0 50.1 2.79999
      vertex 40 50.1 2.79999
    endloop
  endfacet
  facet normal 0 -0.997851 0.0655283
    outer loop
      vertex 0 50.082 2.52589
      vertex 40 50.1 2.79999
      vertex 0 50.1 2.79999
    endloop
  endfacet
  facet normal 0 -0.997851 0.0655283
    outer loop
      vertex 40 50.1 2.79999
      vertex 0 50.082 2.52589
      vertex 40 50.082 2.52589
    endloop
  endfacet
  facet normal 0 -0.980779 0.195122
    outer loop
      vertex 0 50.0284 2.25647
      vertex 40 50.082 2.52589
      vertex 0 50.082 2.52589
    endloop
  endfacet
  facet normal 0 -0.980779 0.195122
    outer loop
      vertex 40 50.082 2.52589
      vertex 0 50.0284 2.25647
      vertex 40 50.0284 2.25647
    endloop
  endfacet
  facet normal 0 -0.946929 0.321443
    outer loop
      vertex 0 49.9401 1.99635
      vertex 40 50.0284 2.25647
      vertex 0 50.0284 2.25647
    endloop
  endfacet
  facet normal 0 -0.946929 0.321443
    outer loop
      vertex 40 50.0284 2.25647
      vertex 0 49.9401 1.99635
      vertex 40 49.9401 1.99635
    endloop
  endfacet
  facet normal 0 -0.896867 0.4423
    outer loop
      vertex 0 49.8186 1.74998
      vertex 40 49.9401 1.99635
      vertex 0 49.9401 1.99635
    endloop
  endfacet
  facet normal 0 -0.896867 0.4423
    outer loop
      vertex 40 49.9401 1.99635
      vertex 0 49.8186 1.74998
      vertex 40 49.8186 1.74998
    endloop
  endfacet
  facet normal 0 -0.831479 0.555557
    outer loop
      vertex 0 49.666 1.52159
      vertex 40 49.8186 1.74998
      vertex 0 49.8186 1.74998
    endloop
  endfacet
  facet normal 0 -0.831479 0.555557
    outer loop
      vertex 40 49.8186 1.74998
      vertex 0 49.666 1.52159
      vertex 40 49.666 1.52159
    endloop
  endfacet
  facet normal 0 -0.751879 0.659301
    outer loop
      vertex 0 49.4849 1.31506
      vertex 40 49.666 1.52159
      vertex 0 49.666 1.52159
    endloop
  endfacet
  facet normal 0 -0.751879 0.659301
    outer loop
      vertex 40 49.666 1.52159
      vertex 0 49.4849 1.31506
      vertex 40 49.4849 1.31506
    endloop
  endfacet
  facet normal 0 -0.659355 0.751832
    outer loop
      vertex 0 49.4849 1.31506
      vertex 40 49.2784 1.13396
      vertex 40 49.4849 1.31506
    endloop
  endfacet
  facet normal 0 -0.659355 0.751832
    outer loop
      vertex 40 49.2784 1.13396
      vertex 0 49.4849 1.31506
      vertex 0 49.2784 1.13396
    endloop
  endfacet
  facet normal 0 -0.555593 0.831454
    outer loop
      vertex 0 49.2784 1.13396
      vertex 40 49.05 0.981339
      vertex 40 49.2784 1.13396
    endloop
  endfacet
  facet normal 0 -0.555593 0.831454
    outer loop
      vertex 40 49.05 0.981339
      vertex 0 49.2784 1.13396
      vertex 0 49.05 0.981339
    endloop
  endfacet
  facet normal 0 -0.44223 0.896902
    outer loop
      vertex 0 49.05 0.981339
      vertex 40 48.8036 0.859848
      vertex 40 49.05 0.981339
    endloop
  endfacet
  facet normal 0 -0.44223 0.896902
    outer loop
      vertex 40 48.8036 0.859848
      vertex 0 49.05 0.981339
      vertex 0 48.8036 0.859848
    endloop
  endfacet
  facet normal 0 -0.321475 0.946918
    outer loop
      vertex 0 48.8036 0.859848
      vertex 40 48.5435 0.771545
      vertex 40 48.8036 0.859848
    endloop
  endfacet
  facet normal 0 -0.321475 0.946918
    outer loop
      vertex 40 48.5435 0.771545
      vertex 0 48.8036 0.859848
      vertex 0 48.5435 0.771545
    endloop
  endfacet
  facet normal 0 -0.195094 0.980785
    outer loop
      vertex 0 48.5435 0.771545
      vertex 40 48.2741 0.717957
      vertex 40 48.5435 0.771545
    endloop
  endfacet
  facet normal 0 -0.195094 0.980785
    outer loop
      vertex 40 48.2741 0.717957
      vertex 0 48.5435 0.771545
      vertex 0 48.2741 0.717957
    endloop
  endfacet
  facet normal 0 -0.0653833 0.99786
    outer loop
      vertex 0 48.2741 0.717957
      vertex 40 48 0.699997
      vertex 40 48.2741 0.717957
    endloop
  endfacet
  facet normal 0 -0.0653833 0.99786
    outer loop
      vertex 40 48 0.699997
      vertex 0 48.2741 0.717957
      vertex 0 48 0.699997
    endloop
  endfacet
  facet normal -0 0.0653833 0.99786
    outer loop
      vertex 0 48 0.699997
      vertex 40 47.7259 0.717957
      vertex 40 48 0.699997
    endloop
  endfacet
  facet normal 0 0.0653833 0.99786
    outer loop
      vertex 40 47.7259 0.717957
      vertex 0 48 0.699997
      vertex 0 47.7259 0.717957
    endloop
  endfacet
  facet normal -0 0.195094 0.980785
    outer loop
      vertex 0 47.7259 0.717957
      vertex 40 47.4565 0.771545
      vertex 40 47.7259 0.717957
    endloop
  endfacet
  facet normal 0 0.195094 0.980785
    outer loop
      vertex 40 47.4565 0.771545
      vertex 0 47.7259 0.717957
      vertex 0 47.4565 0.771545
    endloop
  endfacet
  facet normal -0 0.321475 0.946918
    outer loop
      vertex 0 47.4565 0.771545
      vertex 40 47.1964 0.859848
      vertex 40 47.4565 0.771545
    endloop
  endfacet
  facet normal 0 0.321475 0.946918
    outer loop
      vertex 40 47.1964 0.859848
      vertex 0 47.4565 0.771545
      vertex 0 47.1964 0.859848
    endloop
  endfacet
  facet normal -0 0.44223 0.896902
    outer loop
      vertex 0 47.1964 0.859848
      vertex 40 46.95 0.981339
      vertex 40 47.1964 0.859848
    endloop
  endfacet
  facet normal 0 0.44223 0.896902
    outer loop
      vertex 40 46.95 0.981339
      vertex 0 47.1964 0.859848
      vertex 0 46.95 0.981339
    endloop
  endfacet
  facet normal -0 0.555593 0.831454
    outer loop
      vertex 0 46.95 0.981339
      vertex 40 46.7216 1.13396
      vertex 40 46.95 0.981339
    endloop
  endfacet
  facet normal 0 0.555593 0.831454
    outer loop
      vertex 40 46.7216 1.13396
      vertex 0 46.95 0.981339
      vertex 0 46.7216 1.13396
    endloop
  endfacet
  facet normal -0 0.659355 0.751832
    outer loop
      vertex 0 46.7216 1.13396
      vertex 40 46.5151 1.31506
      vertex 40 46.7216 1.13396
    endloop
  endfacet
  facet normal 0 0.659355 0.751832
    outer loop
      vertex 40 46.5151 1.31506
      vertex 0 46.7216 1.13396
      vertex 0 46.5151 1.31506
    endloop
  endfacet
  facet normal 0 0.751879 0.659301
    outer loop
      vertex 40 46.5151 1.31506
      vertex 0 46.334 1.52159
      vertex 40 46.334 1.52159
    endloop
  endfacet
  facet normal 0 0.751879 0.659301
    outer loop
      vertex 0 46.334 1.52159
      vertex 40 46.5151 1.31506
      vertex 0 46.5151 1.31506
    endloop
  endfacet
  facet normal 0 0.831479 0.555557
    outer loop
      vertex 40 46.334 1.52159
      vertex 0 46.1814 1.74998
      vertex 40 46.1814 1.74998
    endloop
  endfacet
  facet normal 0 0.831479 0.555557
    outer loop
      vertex 0 46.1814 1.74998
      vertex 40 46.334 1.52159
      vertex 0 46.334 1.52159
    endloop
  endfacet
  facet normal 0 0.896867 0.4423
    outer loop
      vertex 40 46.1814 1.74998
      vertex 0 46.0599 1.99635
      vertex 40 46.0599 1.99635
    endloop
  endfacet
  facet normal 0 0.896867 0.4423
    outer loop
      vertex 0 46.0599 1.99635
      vertex 40 46.1814 1.74998
      vertex 0 46.1814 1.74998
    endloop
  endfacet
  facet normal 0 0.946929 0.321443
    outer loop
      vertex 40 46.0599 1.99635
      vertex 0 45.9716 2.25647
      vertex 40 45.9716 2.25647
    endloop
  endfacet
  facet normal 0 0.946929 0.321443
    outer loop
      vertex 0 45.9716 2.25647
      vertex 40 46.0599 1.99635
      vertex 0 46.0599 1.99635
    endloop
  endfacet
  facet normal 0 0.980779 0.195122
    outer loop
      vertex 40 45.9716 2.25647
      vertex 0 45.918 2.52589
      vertex 40 45.918 2.52589
    endloop
  endfacet
  facet normal 0 0.980779 0.195122
    outer loop
      vertex 0 45.918 2.52589
      vertex 40 45.9716 2.25647
      vertex 0 45.9716 2.25647
    endloop
  endfacet
  facet normal 0 0.997851 0.0655283
    outer loop
      vertex 40 45.918 2.52589
      vertex 0 45.9 2.79999
      vertex 40 45.9 2.79999
    endloop
  endfacet
  facet normal 0 0.997851 0.0655283
    outer loop
      vertex 0 45.9 2.79999
      vertex 40 45.918 2.52589
      vertex 0 45.918 2.52589
    endloop
  endfacet
  facet normal 0 0.997851 -0.0655259
    outer loop
      vertex 40 45.9 2.79999
      vertex 0 45.918 3.0741
      vertex 40 45.918 3.0741
    endloop
  endfacet
  facet normal 0 0.997851 -0.0655259
    outer loop
      vertex 0 45.918 3.0741
      vertex 40 45.9 2.79999
      vertex 0 45.9 2.79999
    endloop
  endfacet
  facet normal 0 0.980778 -0.195129
    outer loop
      vertex 40 45.918 3.0741
      vertex 0 45.9716 3.34351
      vertex 40 45.9716 3.34351
    endloop
  endfacet
  facet normal 0 0.980778 -0.195129
    outer loop
      vertex 0 45.9716 3.34351
      vertex 40 45.918 3.0741
      vertex 0 45.918 3.0741
    endloop
  endfacet
  facet normal 0 0.946925 -0.321454
    outer loop
      vertex 40 45.9716 3.34351
      vertex 0 46.0599 3.60362
      vertex 40 46.0599 3.60362
    endloop
  endfacet
  facet normal 0 0.946925 -0.321454
    outer loop
      vertex 0 46.0599 3.60362
      vertex 40 45.9716 3.34351
      vertex 0 45.9716 3.34351
    endloop
  endfacet
  facet normal 0 0.896867 -0.4423
    outer loop
      vertex 40 46.0599 3.60362
      vertex 0 46.1814 3.84999
      vertex 40 46.1814 3.84999
    endloop
  endfacet
  facet normal 0 0.896867 -0.4423
    outer loop
      vertex 0 46.1814 3.84999
      vertex 40 46.0599 3.60362
      vertex 0 46.0599 3.60362
    endloop
  endfacet
  facet normal 0 0.831479 -0.555557
    outer loop
      vertex 40 46.1814 3.84999
      vertex 0 46.334 4.07838
      vertex 40 46.334 4.07838
    endloop
  endfacet
  facet normal 0 0.831479 -0.555557
    outer loop
      vertex 0 46.334 4.07838
      vertex 40 46.1814 3.84999
      vertex 0 46.1814 3.84999
    endloop
  endfacet
  facet normal 0 0.751879 -0.659301
    outer loop
      vertex 40 46.334 4.07838
      vertex 0 46.5151 4.28491
      vertex 40 46.5151 4.28491
    endloop
  endfacet
  facet normal 0 0.751879 -0.659301
    outer loop
      vertex 0 46.5151 4.28491
      vertex 40 46.334 4.07838
      vertex 0 46.334 4.07838
    endloop
  endfacet
  facet normal 0 0.659396 -0.751796
    outer loop
      vertex 0 46.5151 4.28491
      vertex 40 46.7216 4.46603
      vertex 40 46.5151 4.28491
    endloop
  endfacet
  facet normal 0 0.659396 -0.751796
    outer loop
      vertex 40 46.7216 4.46603
      vertex 0 46.5151 4.28491
      vertex 0 46.7216 4.46603
    endloop
  endfacet
  facet normal 0 0.555605 -0.831446
    outer loop
      vertex 0 46.7216 4.46603
      vertex 40 46.8 4.51842
      vertex 40 46.7216 4.46603
    endloop
  endfacet
  facet normal 0 0.555605 -0.831446
    outer loop
      vertex 40 46.8 4.51842
      vertex 0 46.7216 4.46603
      vertex 0 46.8 4.51842
    endloop
  endfacet
  facet normal 0 1 -0
    outer loop
      vertex 40 46.8 4.51842
      vertex 0 46.8 5.39999
      vertex 40 46.8 5.39999
    endloop
  endfacet
  facet normal 0 1 0
    outer loop
      vertex 0 46.8 5.39999
      vertex 40 46.8 4.51842
      vertex 0 46.8 4.51842
    endloop
  endfacet
  facet normal -0 0 1
    outer loop
      vertex 0 46.8 5.39999
      vertex 40 44.7 5.39999
      vertex 40 46.8 5.39999
    endloop
  endfacet
  facet normal 0 0 1
    outer loop
      vertex 40 44.7 5.39999
      vertex 0 46.8 5.39999
      vertex 0 44.7 5.39999
    endloop
  endfacet
  facet normal 0 -1 0
    outer loop
      vertex 0 44.7 0
      vertex 40 44.7 5.39999
      vertex 0 44.7 5.39999
    endloop
  endfacet
  facet normal 0 -1 -0
    outer loop
      vertex 40 44.7 5.39999
      vertex 0 44.7 0
      vertex 40 44.7 0
    endloop
  endfacet
  facet normal -1 0 0
    outer loop
      vertex 0 60.9 0
      vertex 0 59.7 2.79999
      vertex 0 60.9 5.39999
    endloop
  endfacet
  facet normal -1 0 0
    outer loop
      vertex 0 60.9 0
      vertex 0 59.682 2.52589
      vertex 0 59.7 2.79999
    endloop
  endfacet
  facet normal -1 0 0
    outer loop
      vertex 0 60.9 0
      vertex 0 59.6284 2.25647
      vertex 0 59.682 2.52589
    endloop
  endfacet
  facet normal -1 0 0
    outer loop
      vertex 0 60.9 0
      vertex 0 59.5401 1.99635
      vertex 0 59.6284 2.25647
    endloop
  endfacet
  facet normal -1 0 0
    outer loop
      vertex 0 60.9 0
      vertex 0 59.4186 1.74998
      vertex 0 59.5401 1.99635
    endloop
  endfacet
  facet normal -1 0 0
    outer loop
      vertex 0 60.9 0
      vertex 0 59.266 1.52159
      vertex 0 59.4186 1.74998
    endloop
  endfacet
  facet normal -1 0 0
    outer loop
      vertex 0 60.9 0
      vertex 0 59.0849 1.31506
      vertex 0 59.266 1.52159
    endloop
  endfacet
  facet normal -1 0 0
    outer loop
      vertex 0 60.9 0
      vertex 0 58.8784 1.13396
      vertex 0 59.0849 1.31506
    endloop
  endfacet
  facet normal -1 0 0
    outer loop
      vertex 0 60.9 0
      vertex 0 58.65 0.981339
      vertex 0 58.8784 1.13396
    endloop
  endfacet
  facet normal -1 0 0
    outer loop
      vertex 0 60.9 0
      vertex 0 58.4036 0.859848
      vertex 0 58.65 0.981339
    endloop
  endfacet
  facet normal -1 0 0
    outer loop
      vertex 0 60.9 0
      vertex 0 58.1435 0.771545
      vertex 0 58.4036 0.859848
    endloop
  endfacet
  facet normal -1 0 0
    outer loop
      vertex 0 60.9 0
      vertex 0 57.8741 0.717957
      vertex 0 58.1435 0.771545
    endloop
  endfacet
  facet normal -1 0 0
    outer loop
      vertex 0 60.9 0
      vertex 0 57.6 0.699997
      vertex 0 57.8741 0.717957
    endloop
  endfacet
  facet normal -1 0 0
    outer loop
      vertex 0 54.3 0
      vertex 0 57.6 0.699997
      vertex 0 60.9 0
    endloop
  endfacet
  facet normal -1 -0 0
    outer loop
      vertex 0 57.6 0.699997
      vertex 0 54.3 0
      vertex 0 57.3259 0.717957
    endloop
  endfacet
  facet normal -1 -0 0
    outer loop
      vertex 0 55.518 2.52589
      vertex 0 54.3 0
      vertex 0 55.5 2.79999
    endloop
  endfacet
  facet normal -1 -0 0
    outer loop
      vertex 0 55.5716 2.25647
      vertex 0 54.3 0
      vertex 0 55.518 2.52589
    endloop
  endfacet
  facet normal -1 -0 0
    outer loop
      vertex 0 55.6599 1.99635
      vertex 0 54.3 0
      vertex 0 55.5716 2.25647
    endloop
  endfacet
  facet normal -1 -0 0
    outer loop
      vertex 0 55.7813 1.74998
      vertex 0 54.3 0
      vertex 0 55.6599 1.99635
    endloop
  endfacet
  facet normal -1 -0 0
    outer loop
      vertex 0 55.934 1.52159
      vertex 0 54.3 0
      vertex 0 55.7813 1.74998
    endloop
  endfacet
  facet normal -1 -0 0
    outer loop
      vertex 0 56.1151 1.31506
      vertex 0 54.3 0
      vertex 0 55.934 1.52159
    endloop
  endfacet
  facet normal -1 -0 0
    outer loop
      vertex 0 56.3216 1.13396
      vertex 0 54.3 0
      vertex 0 56.1151 1.31506
    endloop
  endfacet
  facet normal -1 -0 0
    outer loop
      vertex 0 56.55 0.981339
      vertex 0 54.3 0
      vertex 0 56.3216 1.13396
    endloop
  endfacet
  facet normal -1 -0 0
    outer loop
      vertex 0 56.7964 0.859848
      vertex 0 54.3 0
      vertex 0 56.55 0.981339
    endloop
  endfacet
  facet normal -1 -0 0
    outer loop
      vertex 0 57.0565 0.771545
      vertex 0 54.3 0
      vertex 0 56.7964 0.859848
    endloop
  endfacet
  facet normal -1 -0 0
    outer loop
      vertex 0 57.3259 0.717957
      vertex 0 54.3 0
      vertex 0 57.0565 0.771545
    endloop
  endfacet
  facet normal -1 0 0
    outer loop
      vertex 0 59.682 3.0741
      vertex 0 60.9 5.39999
      vertex 0 59.7 2.79999
    endloop
  endfacet
  facet normal -1 0 0
    outer loop
      vertex 0 59.6284 3.34351
      vertex 0 60.9 5.39999
      vertex 0 59.682 3.0741
    endloop
  endfacet
  facet normal -1 0 0
    outer loop
      vertex 0 59.5401 3.60362
      vertex 0 60.9 5.39999
      vertex 0 59.6284 3.34351
    endloop
  endfacet
  facet normal -1 0 0
    outer loop
      vertex 0 59.4186 3.84999
      vertex 0 60.9 5.39999
      vertex 0 59.5401 3.60362
    endloop
  endfacet
  facet normal -1 0 0
    outer loop
      vertex 0 59.266 4.07838
      vertex 0 60.9 5.39999
      vertex 0 59.4186 3.84999
    endloop
  endfacet
  facet normal -1 0 0
    outer loop
      vertex 0 59.0849 4.28491
      vertex 0 60.9 5.39999
      vertex 0 59.266 4.07838
    endloop
  endfacet
  facet normal -1 0 0
    outer loop
      vertex 0 58.8 5.39999
      vertex 0 59.0849 4.28491
      vertex 0 58.8784 4.46603
    endloop
  endfacet
  facet normal -1 0 0
    outer loop
      vertex 0 58.8 5.39999
      vertex 0 58.8784 4.46603
      vertex 0 58.8 4.51842
    endloop
  endfacet
  facet normal -1 0 0
    outer loop
      vertex 0 59.0849 4.28491
      vertex 0 58.8 5.39999
      vertex 0 60.9 5.39999
    endloop
  endfacet
  facet normal -1 0 0
    outer loop
      vertex 0 56.3216 4.46603
      vertex 0 56.4 5.39999
      vertex 0 56.4 4.51842
    endloop
  endfacet
  facet normal -1 0 0
    outer loop
      vertex 0 56.1151 4.28491
      vertex 0 56.4 5.39999
      vertex 0 56.3216 4.46603
    endloop
  endfacet
  facet normal -1 0 0
    outer loop
      vertex 0 54.3 5.39999
      vertex 0 56.1151 4.28491
      vertex 0 55.934 4.07838
    endloop
  endfacet
  facet normal -1 0 0
    outer loop
      vertex 0 54.3 5.39999
      vertex 0 55.934 4.07838
      vertex 0 55.7813 3.84999
    endloop
  endfacet
  facet normal -1 0 0
    outer loop
      vertex 0 54.3 5.39999
      vertex 0 55.7813 3.84999
      vertex 0 55.6599 3.60362
    endloop
  endfacet
  facet normal -1 0 0
    outer loop
      vertex 0 54.3 5.39999
      vertex 0 55.5 2.79999
      vertex 0 54.3 0
    endloop
  endfacet
  facet normal -1 0 0
    outer loop
      vertex 0 55.5 2.79999
      vertex 0 54.3 5.39999
      vertex 0 55.518 3.0741
    endloop
  endfacet
  facet normal -1 0 0
    outer loop
      vertex 0 55.518 3.0741
      vertex 0 54.3 5.39999
      vertex 0 55.5716 3.34351
    endloop
  endfacet
  facet normal -1 0 0
    outer loop
      vertex 0 56.1151 4.28491
      vertex 0 54.3 5.39999
      vertex 0 56.4 5.39999
    endloop
  endfacet
  facet normal -1 0 0
    outer loop
      vertex 0 55.5716 3.34351
      vertex 0 54.3 5.39999
      vertex 0 55.6599 3.60362
    endloop
  endfacet
  facet normal 1 0 0
    outer loop
      vertex 40 56.4 5.39999
      vertex 40 56.3216 4.46603
      vertex 40 56.4 4.51842
    endloop
  endfacet
  facet normal 1 0 0
    outer loop
      vertex 40 56.4 5.39999
      vertex 40 56.1151 4.28491
      vertex 40 56.3216 4.46603
    endloop
  endfacet
  facet normal 1 -0 0
    outer loop
      vertex 40 54.3 5.39999
      vertex 40 56.1151 4.28491
      vertex 40 56.4 5.39999
    endloop
  endfacet
  facet normal 1 0 0
    outer loop
      vertex 40 56.1151 4.28491
      vertex 40 54.3 5.39999
      vertex 40 55.934 4.07838
    endloop
  endfacet
  facet normal 1 0 0
    outer loop
      vertex 40 55.934 4.07838
      vertex 40 54.3 5.39999
      vertex 40 55.7813 3.84999
    endloop
  endfacet
  facet normal 1 0 0
    outer loop
      vertex 40 55.518 3.0741
      vertex 40 54.3 5.39999
      vertex 40 55.5 2.79999
    endloop
  endfacet
  facet normal 1 0 0
    outer loop
      vertex 40 55.5716 3.34351
      vertex 40 54.3 5.39999
      vertex 40 55.518 3.0741
    endloop
  endfacet
  facet normal 1 0 0
    outer loop
      vertex 40 55.6599 3.60362
      vertex 40 54.3 5.39999
      vertex 40 55.5716 3.34351
    endloop
  endfacet
  facet normal 1 0 0
    outer loop
      vertex 40 55.7813 3.84999
      vertex 40 54.3 5.39999
      vertex 40 55.6599 3.60362
    endloop
  endfacet
  facet normal 1 0 0
    outer loop
      vertex 40 60.9 5.39999
      vertex 40 59.7 2.79999
      vertex 40 60.9 0
    endloop
  endfacet
  facet normal 1 0 0
    outer loop
      vertex 40 60.9 5.39999
      vertex 40 59.682 3.0741
      vertex 40 59.7 2.79999
    endloop
  endfacet
  facet normal 1 0 0
    outer loop
      vertex 40 60.9 5.39999
      vertex 40 59.6284 3.34351
      vertex 40 59.682 3.0741
    endloop
  endfacet
  facet normal 1 0 0
    outer loop
      vertex 40 60.9 5.39999
      vertex 40 59.5401 3.60362
      vertex 40 59.6284 3.34351
    endloop
  endfacet
  facet normal 1 0 0
    outer loop
      vertex 40 60.9 5.39999
      vertex 40 59.4186 3.84999
      vertex 40 59.5401 3.60362
    endloop
  endfacet
  facet normal 1 0 0
    outer loop
      vertex 40 60.9 5.39999
      vertex 40 59.266 4.07838
      vertex 40 59.4186 3.84999
    endloop
  endfacet
  facet normal 1 0 0
    outer loop
      vertex 40 60.9 5.39999
      vertex 40 59.0849 4.28491
      vertex 40 59.266 4.07838
    endloop
  endfacet
  facet normal 1 -0 0
    outer loop
      vertex 40 58.8 5.39999
      vertex 40 59.0849 4.28491
      vertex 40 60.9 5.39999
    endloop
  endfacet
  facet normal 1 0 0
    outer loop
      vertex 40 59.0849 4.28491
      vertex 40 58.8 5.39999
      vertex 40 58.8784 4.46603
    endloop
  endfacet
  facet normal 1 0 0
    outer loop
      vertex 40 58.8784 4.46603
      vertex 40 58.8 5.39999
      vertex 40 58.8 4.51842
    endloop
  endfacet
  facet normal 1 -0 0
    outer loop
      vertex 40 59.682 2.52589
      vertex 40 60.9 0
      vertex 40 59.7 2.79999
    endloop
  endfacet
  facet normal 1 -0 0
    outer loop
      vertex 40 59.6284 2.25647
      vertex 40 60.9 0
      vertex 40 59.682 2.52589
    endloop
  endfacet
  facet normal 1 -0 0
    outer loop
      vertex 40 59.5401 1.99635
      vertex 40 60.9 0
      vertex 40 59.6284 2.25647
    endloop
  endfacet
  facet normal 1 -0 0
    outer loop
      vertex 40 59.4186 1.74998
      vertex 40 60.9 0
      vertex 40 59.5401 1.99635
    endloop
  endfacet
  facet normal 1 -0 0
    outer loop
      vertex 40 59.266 1.52159
      vertex 40 60.9 0
      vertex 40 59.4186 1.74998
    endloop
  endfacet
  facet normal 1 -0 0
    outer loop
      vertex 40 59.0849 1.31506
      vertex 40 60.9 0
      vertex 40 59.266 1.52159
    endloop
  endfacet
  facet normal 1 -0 0
    outer loop
      vertex 40 58.8784 1.13396
      vertex 40 60.9 0
      vertex 40 59.0849 1.31506
    endloop
  endfacet
  facet normal 1 -0 0
    outer loop
      vertex 40 58.65 0.981339
      vertex 40 60.9 0
      vertex 40 58.8784 1.13396
    endloop
  endfacet
  facet normal 1 -0 0
    outer loop
      vertex 40 58.4036 0.859848
      vertex 40 60.9 0
      vertex 40 58.65 0.981339
    endloop
  endfacet
  facet normal 1 -0 0
    outer loop
      vertex 40 58.1435 0.771545
      vertex 40 60.9 0
      vertex 40 58.4036 0.859848
    endloop
  endfacet
  facet normal 1 -0 0
    outer loop
      vertex 40 57.8741 0.717957
      vertex 40 60.9 0
      vertex 40 58.1435 0.771545
    endloop
  endfacet
  facet normal 1 -0 0
    outer loop
      vertex 40 57.6 0.699997
      vertex 40 60.9 0
      vertex 40 57.8741 0.717957
    endloop
  endfacet
  facet normal 1 0 0
    outer loop
      vertex 40 54.3 0
      vertex 40 57.6 0.699997
      vertex 40 57.3259 0.717957
    endloop
  endfacet
  facet normal 1 0 0
    outer loop
      vertex 40 54.3 0
      vertex 40 57.3259 0.717957
      vertex 40 57.0565 0.771545
    endloop
  endfacet
  facet normal 1 0 0
    outer loop
      vertex 40 54.3 0
      vertex 40 55.5 2.79999
      vertex 40 54.3 5.39999
    endloop
  endfacet
  facet normal 1 0 0
    outer loop
      vertex 40 55.5 2.79999
      vertex 40 54.3 0
      vertex 40 55.518 2.52589
    endloop
  endfacet
  facet normal 1 0 0
    outer loop
      vertex 40 55.518 2.52589
      vertex 40 54.3 0
      vertex 40 55.5716 2.25647
    endloop
  endfacet
  facet normal 1 0 0
    outer loop
      vertex 40 57.6 0.699997
      vertex 40 54.3 0
      vertex 40 60.9 0
    endloop
  endfacet
  facet normal 1 0 0
    outer loop
      vertex 40 56.7964 0.859848
      vertex 40 54.3 0
      vertex 40 57.0565 0.771545
    endloop
  endfacet
  facet normal 1 0 0
    outer loop
      vertex 40 56.55 0.981339
      vertex 40 54.3 0
      vertex 40 56.7964 0.859848
    endloop
  endfacet
  facet normal 1 0 0
    outer loop
      vertex 40 56.3216 1.13396
      vertex 40 54.3 0
      vertex 40 56.55 0.981339
    endloop
  endfacet
  facet normal 1 0 0
    outer loop
      vertex 40 56.1151 1.31506
      vertex 40 54.3 0
      vertex 40 56.3216 1.13396
    endloop
  endfacet
  facet normal 1 0 0
    outer loop
      vertex 40 55.934 1.52159
      vertex 40 54.3 0
      vertex 40 56.1151 1.31506
    endloop
  endfacet
  facet normal 1 0 0
    outer loop
      vertex 40 55.7813 1.74998
      vertex 40 54.3 0
      vertex 40 55.934 1.52159
    endloop
  endfacet
  facet normal 1 0 0
    outer loop
      vertex 40 55.6599 1.99635
      vertex 40 54.3 0
      vertex 40 55.7813 1.74998
    endloop
  endfacet
  facet normal 1 0 0
    outer loop
      vertex 40 55.5716 2.25647
      vertex 40 54.3 0
      vertex 40 55.6599 1.99635
    endloop
  endfacet
  facet normal 0 0 -1
    outer loop
      vertex 0 54.3 0
      vertex 40 60.9 0
      vertex 40 54.3 0
    endloop
  endfacet
  facet normal -0 0 -1
    outer loop
      vertex 40 60.9 0
      vertex 0 54.3 0
      vertex 0 60.9 0
    endloop
  endfacet
  facet normal 0 1 -0
    outer loop
      vertex 40 60.9 0
      vertex 0 60.9 5.39999
      vertex 40 60.9 5.39999
    endloop
  endfacet
  facet normal 0 1 0
    outer loop
      vertex 0 60.9 5.39999
      vertex 40 60.9 0
      vertex 0 60.9 0
    endloop
  endfacet
  facet normal -0 0 1
    outer loop
      vertex 0 60.9 5.39999
      vertex 40 58.8 5.39999
      vertex 40 60.9 5.39999
    endloop
  endfacet
  facet normal 0 0 1
    outer loop
      vertex 40 58.8 5.39999
      vertex 0 60.9 5.39999
      vertex 0 58.8 5.39999
    endloop
  endfacet
  facet normal 0 -1 0
    outer loop
      vertex 0 58.8 4.51842
      vertex 40 58.8 5.39999
      vertex 0 58.8 5.39999
    endloop
  endfacet
  facet normal 0 -1 -0
    outer loop
      vertex 40 58.8 5.39999
      vertex 0 58.8 4.51842
      vertex 40 58.8 4.51842
    endloop
  endfacet
  facet normal 0 -0.555605 -0.831446
    outer loop
      vertex 0 58.8 4.51842
      vertex 40 58.8784 4.46603
      vertex 40 58.8 4.51842
    endloop
  endfacet
  facet normal -0 -0.555605 -0.831446
    outer loop
      vertex 40 58.8784 4.46603
      vertex 0 58.8 4.51842
      vertex 0 58.8784 4.46603
    endloop
  endfacet
  facet normal 0 -0.659396 -0.751796
    outer loop
      vertex 0 58.8784 4.46603
      vertex 40 59.0849 4.28491
      vertex 40 58.8784 4.46603
    endloop
  endfacet
  facet normal -0 -0.659396 -0.751796
    outer loop
      vertex 40 59.0849 4.28491
      vertex 0 58.8784 4.46603
      vertex 0 59.0849 4.28491
    endloop
  endfacet
  facet normal 0 -0.751879 -0.659301
    outer loop
      vertex 0 59.266 4.07838
      vertex 40 59.0849 4.28491
      vertex 0 59.0849 4.28491
    endloop
  endfacet
  facet normal 0 -0.751879 -0.659301
    outer loop
      vertex 40 59.0849 4.28491
      vertex 0 59.266 4.07838
      vertex 40 59.266 4.07838
    endloop
  endfacet
  facet normal 0 -0.831479 -0.555557
    outer loop
      vertex 0 59.4186 3.84999
      vertex 40 59.266 4.07838
      vertex 0 59.266 4.07838
    endloop
  endfacet
  facet normal 0 -0.831479 -0.555557
    outer loop
      vertex 40 59.266 4.07838
      vertex 0 59.4186 3.84999
      vertex 40 59.4186 3.84999
    endloop
  endfacet
  facet normal 0 -0.896867 -0.4423
    outer loop
      vertex 0 59.5401 3.60362
      vertex 40 59.4186 3.84999
      vertex 0 59.4186 3.84999
    endloop
  endfacet
  facet normal 0 -0.896867 -0.4423
    outer loop
      vertex 40 59.4186 3.84999
      vertex 0 59.5401 3.60362
      vertex 40 59.5401 3.60362
    endloop
  endfacet
  facet normal 0 -0.946925 -0.321454
    outer loop
      vertex 0 59.6284 3.34351
      vertex 40 59.5401 3.60362
      vertex 0 59.5401 3.60362
    endloop
  endfacet
  facet normal 0 -0.946925 -0.321454
    outer loop
      vertex 40 59.5401 3.60362
      vertex 0 59.6284 3.34351
      vertex 40 59.6284 3.34351
    endloop
  endfacet
  facet normal 0 -0.980778 -0.195129
    outer loop
      vertex 0 59.682 3.0741
      vertex 40 59.6284 3.34351
      vertex 0 59.6284 3.34351
    endloop
  endfacet
  facet normal 0 -0.980778 -0.195129
    outer loop
      vertex 40 59.6284 3.34351
      vertex 0 59.682 3.0741
      vertex 40 59.682 3.0741
    endloop
  endfacet
  facet normal 0 -0.997851 -0.0655259
    outer loop
      vertex 0 59.7 2.79999
      vertex 40 59.682 3.0741
      vertex 0 59.682 3.0741
    endloop
  endfacet
  facet normal 0 -0.997851 -0.0655259
    outer loop
      vertex 40 59.682 3.0741
      vertex 0 59.7 2.79999
      vertex 40 59.7 2.79999
    endloop
  endfacet
  facet normal 0 -0.997851 0.0655283
    outer loop
      vertex 0 59.682 2.52589
      vertex 40 59.7 2.79999
      vertex 0 59.7 2.79999
    endloop
  endfacet
  facet normal 0 -0.997851 0.0655283
    outer loop
      vertex 40 59.7 2.79999
      vertex 0 59.682 2.52589
      vertex 40 59.682 2.52589
    endloop
  endfacet
  facet normal 0 -0.980779 0.195122
    outer loop
      vertex 0 59.6284 2.25647
      vertex 40 59.682 2.52589
      vertex 0 59.682 2.52589
    endloop
  endfacet
  facet normal 0 -0.980779 0.195122
    outer loop
      vertex 40 59.682 2.52589
      vertex 0 59.6284 2.25647
      vertex 40 59.6284 2.25647
    endloop
  endfacet
  facet normal 0 -0.946929 0.321443
    outer loop
      vertex 0 59.5401 1.99635
      vertex 40 59.6284 2.25647
      vertex 0 59.6284 2.25647
    endloop
  endfacet
  facet normal 0 -0.946929 0.321443
    outer loop
      vertex 40 59.6284 2.25647
      vertex 0 59.5401 1.99635
      vertex 40 59.5401 1.99635
    endloop
  endfacet
  facet normal 0 -0.896867 0.4423
    outer loop
      vertex 0 59.4186 1.74998
      vertex 40 59.5401 1.99635
      vertex 0 59.5401 1.99635
    endloop
  endfacet
  facet normal 0 -0.896867 0.4423
    outer loop
      vertex 40 59.5401 1.99635
      vertex 0 59.4186 1.74998
      vertex 40 59.4186 1.74998
    endloop
  endfacet
  facet normal 0 -0.831479 0.555557
    outer loop
      vertex 0 59.266 1.52159
      vertex 40 59.4186 1.74998
      vertex 0 59.4186 1.74998
    endloop
  endfacet
  facet normal 0 -0.831479 0.555557
    outer loop
      vertex 40 59.4186 1.74998
      vertex 0 59.266 1.52159
      vertex 40 59.266 1.52159
    endloop
  endfacet
  facet normal 0 -0.751879 0.659301
    outer loop
      vertex 0 59.0849 1.31506
      vertex 40 59.266 1.52159
      vertex 0 59.266 1.52159
    endloop
  endfacet
  facet normal 0 -0.751879 0.659301
    outer loop
      vertex 40 59.266 1.52159
      vertex 0 59.0849 1.31506
      vertex 40 59.0849 1.31506
    endloop
  endfacet
  facet normal 0 -0.659355 0.751832
    outer loop
      vertex 0 59.0849 1.31506
      vertex 40 58.8784 1.13396
      vertex 40 59.0849 1.31506
    endloop
  endfacet
  facet normal 0 -0.659355 0.751832
    outer loop
      vertex 40 58.8784 1.13396
      vertex 0 59.0849 1.31506
      vertex 0 58.8784 1.13396
    endloop
  endfacet
  facet normal 0 -0.555593 0.831454
    outer loop
      vertex 0 58.8784 1.13396
      vertex 40 58.65 0.981339
      vertex 40 58.8784 1.13396
    endloop
  endfacet
  facet normal 0 -0.555593 0.831454
    outer loop
      vertex 40 58.65 0.981339
      vertex 0 58.8784 1.13396
      vertex 0 58.65 0.981339
    endloop
  endfacet
  facet normal 0 -0.44223 0.896902
    outer loop
      vertex 0 58.65 0.981339
      vertex 40 58.4036 0.859848
      vertex 40 58.65 0.981339
    endloop
  endfacet
  facet normal 0 -0.44223 0.896902
    outer loop
      vertex 40 58.4036 0.859848
      vertex 0 58.65 0.981339
      vertex 0 58.4036 0.859848
    endloop
  endfacet
  facet normal 0 -0.321475 0.946918
    outer loop
      vertex 0 58.4036 0.859848
      vertex 40 58.1435 0.771545
      vertex 40 58.4036 0.859848
    endloop
  endfacet
  facet normal 0 -0.321475 0.946918
    outer loop
      vertex 40 58.1435 0.771545
      vertex 0 58.4036 0.859848
      vertex 0 58.1435 0.771545
    endloop
  endfacet
  facet normal 0 -0.195094 0.980785
    outer loop
      vertex 0 58.1435 0.771545
      vertex 40 57.8741 0.717957
      vertex 40 58.1435 0.771545
    endloop
  endfacet
  facet normal 0 -0.195094 0.980785
    outer loop
      vertex 40 57.8741 0.717957
      vertex 0 58.1435 0.771545
      vertex 0 57.8741 0.717957
    endloop
  endfacet
  facet normal 0 -0.0653833 0.99786
    outer loop
      vertex 0 57.8741 0.717957
      vertex 40 57.6 0.699997
      vertex 40 57.8741 0.717957
    endloop
  endfacet
  facet normal 0 -0.0653833 0.99786
    outer loop
      vertex 40 57.6 0.699997
      vertex 0 57.8741 0.717957
      vertex 0 57.6 0.699997
    endloop
  endfacet
  facet normal -0 0.0653833 0.99786
    outer loop
      vertex 0 57.6 0.699997
      vertex 40 57.3259 0.717957
      vertex 40 57.6 0.699997
    endloop
  endfacet
  facet normal 0 0.0653833 0.99786
    outer loop
      vertex 40 57.3259 0.717957
      vertex 0 57.6 0.699997
      vertex 0 57.3259 0.717957
    endloop
  endfacet
  facet normal -0 0.195094 0.980785
    outer loop
      vertex 0 57.3259 0.717957
      vertex 40 57.0565 0.771545
      vertex 40 57.3259 0.717957
    endloop
  endfacet
  facet normal 0 0.195094 0.980785
    outer loop
      vertex 40 57.0565 0.771545
      vertex 0 57.3259 0.717957
      vertex 0 57.0565 0.771545
    endloop
  endfacet
  facet normal -0 0.321475 0.946918
    outer loop
      vertex 0 57.0565 0.771545
      vertex 40 56.7964 0.859848
      vertex 40 57.0565 0.771545
    endloop
  endfacet
  facet normal 0 0.321475 0.946918
    outer loop
      vertex 40 56.7964 0.859848
      vertex 0 57.0565 0.771545
      vertex 0 56.7964 0.859848
    endloop
  endfacet
  facet normal -0 0.44223 0.896902
    outer loop
      vertex 0 56.7964 0.859848
      vertex 40 56.55 0.981339
      vertex 40 56.7964 0.859848
    endloop
  endfacet
  facet normal 0 0.44223 0.896902
    outer loop
      vertex 40 56.55 0.981339
      vertex 0 56.7964 0.859848
      vertex 0 56.55 0.981339
    endloop
  endfacet
  facet normal -0 0.555593 0.831454
    outer loop
      vertex 0 56.55 0.981339
      vertex 40 56.3216 1.13396
      vertex 40 56.55 0.981339
    endloop
  endfacet
  facet normal 0 0.555593 0.831454
    outer loop
      vertex 40 56.3216 1.13396
      vertex 0 56.55 0.981339
      vertex 0 56.3216 1.13396
    endloop
  endfacet
  facet normal -0 0.659355 0.751832
    outer loop
      vertex 0 56.3216 1.13396
      vertex 40 56.1151 1.31506
      vertex 40 56.3216 1.13396
    endloop
  endfacet
  facet normal 0 0.659355 0.751832
    outer loop
      vertex 40 56.1151 1.31506
      vertex 0 56.3216 1.13396
      vertex 0 56.1151 1.31506
    endloop
  endfacet
  facet normal 0 0.751879 0.659301
    outer loop
      vertex 40 56.1151 1.31506
      vertex 0 55.934 1.52159
      vertex 40 55.934 1.52159
    endloop
  endfacet
  facet normal 0 0.751879 0.659301
    outer loop
      vertex 0 55.934 1.52159
      vertex 40 56.1151 1.31506
      vertex 0 56.1151 1.31506
    endloop
  endfacet
  facet normal 0 0.83131 0.555808
    outer loop
      vertex 40 55.934 1.52159
      vertex 0 55.7813 1.74998
      vertex 40 55.7813 1.74998
    endloop
  endfacet
  facet normal 0 0.83131 0.555808
    outer loop
      vertex 0 55.7813 1.74998
      vertex 40 55.934 1.52159
      vertex 0 55.934 1.52159
    endloop
  endfacet
  facet normal 0 0.897012 0.442007
    outer loop
      vertex 40 55.7813 1.74998
      vertex 0 55.6599 1.99635
      vertex 40 55.6599 1.99635
    endloop
  endfacet
  facet normal 0 0.897012 0.442007
    outer loop
      vertex 0 55.6599 1.99635
      vertex 40 55.7813 1.74998
      vertex 0 55.7813 1.74998
    endloop
  endfacet
  facet normal 0 0.946929 0.321443
    outer loop
      vertex 40 55.6599 1.99635
      vertex 0 55.5716 2.25647
      vertex 40 55.5716 2.25647
    endloop
  endfacet
  facet normal 0 0.946929 0.321443
    outer loop
      vertex 0 55.5716 2.25647
      vertex 40 55.6599 1.99635
      vertex 0 55.6599 1.99635
    endloop
  endfacet
  facet normal 0 0.980779 0.195122
    outer loop
      vertex 40 55.5716 2.25647
      vertex 0 55.518 2.52589
      vertex 40 55.518 2.52589
    endloop
  endfacet
  facet normal 0 0.980779 0.195122
    outer loop
      vertex 0 55.518 2.52589
      vertex 40 55.5716 2.25647
      vertex 0 55.5716 2.25647
    endloop
  endfacet
  facet normal 0 0.997851 0.0655283
    outer loop
      vertex 40 55.518 2.52589
      vertex 0 55.5 2.79999
      vertex 40 55.5 2.79999
    endloop
  endfacet
  facet normal 0 0.997851 0.0655283
    outer loop
      vertex 0 55.5 2.79999
      vertex 40 55.518 2.52589
      vertex 0 55.518 2.52589
    endloop
  endfacet
  facet normal 0 0.997851 -0.0655259
    outer loop
      vertex 40 55.5 2.79999
      vertex 0 55.518 3.0741
      vertex 40 55.518 3.0741
    endloop
  endfacet
  facet normal 0 0.997851 -0.0655259
    outer loop
      vertex 0 55.518 3.0741
      vertex 40 55.5 2.79999
      vertex 0 55.5 2.79999
    endloop
  endfacet
  facet normal 0 0.980778 -0.195129
    outer loop
      vertex 40 55.518 3.0741
      vertex 0 55.5716 3.34351
      vertex 40 55.5716 3.34351
    endloop
  endfacet
  facet normal 0 0.980778 -0.195129
    outer loop
      vertex 0 55.5716 3.34351
      vertex 40 55.518 3.0741
      vertex 0 55.518 3.0741
    endloop
  endfacet
  facet normal 0 0.946925 -0.321454
    outer loop
      vertex 40 55.5716 3.34351
      vertex 0 55.6599 3.60362
      vertex 40 55.6599 3.60362
    endloop
  endfacet
  facet normal 0 0.946925 -0.321454
    outer loop
      vertex 0 55.6599 3.60362
      vertex 40 55.5716 3.34351
      vertex 0 55.5716 3.34351
    endloop
  endfacet
  facet normal 0 0.897012 -0.442007
    outer loop
      vertex 40 55.6599 3.60362
      vertex 0 55.7813 3.84999
      vertex 40 55.7813 3.84999
    endloop
  endfacet
  facet normal 0 0.897012 -0.442007
    outer loop
      vertex 0 55.7813 3.84999
      vertex 40 55.6599 3.60362
      vertex 0 55.6599 3.60362
    endloop
  endfacet
  facet normal 0 0.83131 -0.555808
    outer loop
      vertex 40 55.7813 3.84999
      vertex 0 55.934 4.07838
      vertex 40 55.934 4.07838
    endloop
  endfacet
  facet normal 0 0.83131 -0.555808
    outer loop
      vertex 0 55.934 4.07838
      vertex 40 55.7813 3.84999
      vertex 0 55.7813 3.84999
    endloop
  endfacet
  facet normal 0 0.751879 -0.659301
    outer loop
      vertex 40 55.934 4.07838
      vertex 0 56.1151 4.28491
      vertex 40 56.1151 4.28491
    endloop
  endfacet
  facet normal 0 0.751879 -0.659301
    outer loop
      vertex 0 56.1151 4.28491
      vertex 40 55.934 4.07838
      vertex 0 55.934 4.07838
    endloop
  endfacet
  facet normal 0 0.659396 -0.751796
    outer loop
      vertex 0 56.1151 4.28491
      vertex 40 56.3216 4.46603
      vertex 40 56.1151 4.28491
    endloop
  endfacet
  facet normal 0 0.659396 -0.751796
    outer loop
      vertex 40 56.3216 4.46603
      vertex 0 56.1151 4.28491
      vertex 0 56.3216 4.46603
    endloop
  endfacet
  facet normal 0 0.555605 -0.831446
    outer loop
      vertex 0 56.3216 4.46603
      vertex 40 56.4 4.51842
      vertex 40 56.3216 4.46603
    endloop
  endfacet
  facet normal 0 0.555605 -0.831446
    outer loop
      vertex 40 56.4 4.51842
      vertex 0 56.3216 4.46603
      vertex 0 56.4 4.51842
    endloop
  endfacet
  facet normal 0 1 -0
    outer loop
      vertex 40 56.4 4.51842
      vertex 0 56.4 5.39999
      vertex 40 56.4 5.39999
    endloop
  endfacet
  facet normal 0 1 0
    outer loop
      vertex 0 56.4 5.39999
      vertex 40 56.4 4.51842
      vertex 0 56.4 4.51842
    endloop
  endfacet
  facet normal -0 0 1
    outer loop
      vertex 0 56.4 5.39999
      vertex 40 54.3 5.39999
      vertex 40 56.4 5.39999
    endloop
  endfacet
  facet normal 0 0 1
    outer loop
      vertex 40 54.3 5.39999
      vertex 0 56.4 5.39999
      vertex 0 54.3 5.39999
    endloop
  endfacet
  facet normal 0 -1 0
    outer loop
      vertex 0 54.3 0
      vertex 40 54.3 5.39999
      vertex 0 54.3 5.39999
    endloop
  endfacet
  facet normal 0 -1 -0
    outer loop
      vertex 40 54.3 5.39999
      vertex 0 54.3 0
      vertex 40 54.3 0
    endloop
  endfacet
  facet normal -1 0 0
    outer loop
      vertex 0 70.5 0
      vertex 0 69.3 2.79999
      vertex 0 70.5 5.39999
    endloop
  endfacet
  facet normal -1 0 0
    outer loop
      vertex 0 70.5 0
      vertex 0 69.282 2.52589
      vertex 0 69.3 2.79999
    endloop
  endfacet
  facet normal -1 0 0
    outer loop
      vertex 0 70.5 0
      vertex 0 69.2284 2.25647
      vertex 0 69.282 2.52589
    endloop
  endfacet
  facet normal -1 0 0
    outer loop
      vertex 0 70.5 0
      vertex 0 69.1401 1.99635
      vertex 0 69.2284 2.25647
    endloop
  endfacet
  facet normal -1 0 0
    outer loop
      vertex 0 70.5 0
      vertex 0 69.0186 1.74998
      vertex 0 69.1401 1.99635
    endloop
  endfacet
  facet normal -1 0 0
    outer loop
      vertex 0 70.5 0
      vertex 0 68.866 1.52159
      vertex 0 69.0186 1.74998
    endloop
  endfacet
  facet normal -1 0 0
    outer loop
      vertex 0 70.5 0
      vertex 0 68.6849 1.31506
      vertex 0 68.866 1.52159
    endloop
  endfacet
  facet normal -1 0 0
    outer loop
      vertex 0 70.5 0
      vertex 0 68.4784 1.13396
      vertex 0 68.6849 1.31506
    endloop
  endfacet
  facet normal -1 0 0
    outer loop
      vertex 0 70.5 0
      vertex 0 68.25 0.981339
      vertex 0 68.4784 1.13396
    endloop
  endfacet
  facet normal -1 0 0
    outer loop
      vertex 0 70.5 0
      vertex 0 68.0036 0.859848
      vertex 0 68.25 0.981339
    endloop
  endfacet
  facet normal -1 0 0
    outer loop
      vertex 0 70.5 0
      vertex 0 67.7435 0.771545
      vertex 0 68.0036 0.859848
    endloop
  endfacet
  facet normal -1 0 0
    outer loop
      vertex 0 70.5 0
      vertex 0 67.4741 0.717957
      vertex 0 67.7435 0.771545
    endloop
  endfacet
  facet normal -1 0 0
    outer loop
      vertex 0 70.5 0
      vertex 0 67.2 0.699997
      vertex 0 67.4741 0.717957
    endloop
  endfacet
  facet normal -1 0 0
    outer loop
      vertex 0 63.9 0
      vertex 0 67.2 0.699997
      vertex 0 70.5 0
    endloop
  endfacet
  facet normal -1 -0 0
    outer loop
      vertex 0 67.2 0.699997
      vertex 0 63.9 0
      vertex 0 66.9259 0.717957
    endloop
  endfacet
  facet normal -1 -0 0
    outer loop
      vertex 0 65.118 2.52589
      vertex 0 63.9 0
      vertex 0 65.1 2.79999
    endloop
  endfacet
  facet normal -1 -0 0
    outer loop
      vertex 0 65.1716 2.25647
      vertex 0 63.9 0
      vertex 0 65.118 2.52589
    endloop
  endfacet
  facet normal -1 -0 0
    outer loop
      vertex 0 65.2599 1.99635
      vertex 0 63.9 0
      vertex 0 65.1716 2.25647
    endloop
  endfacet
  facet normal -1 -0 0
    outer loop
      vertex 0 65.3813 1.74998
      vertex 0 63.9 0
      vertex 0 65.2599 1.99635
    endloop
  endfacet
  facet normal -1 -0 0
    outer loop
      vertex 0 65.534 1.52159
      vertex 0 63.9 0
      vertex 0 65.3813 1.74998
    endloop
  endfacet
  facet normal -1 -0 0
    outer loop
      vertex 0 65.7151 1.31506
      vertex 0 63.9 0
      vertex 0 65.534 1.52159
    endloop
  endfacet
  facet normal -1 -0 0
    outer loop
      vertex 0 65.9216 1.13396
      vertex 0 63.9 0
      vertex 0 65.7151 1.31506
    endloop
  endfacet
  facet normal -1 -0 0
    outer loop
      vertex 0 66.15 0.981339
      vertex 0 63.9 0
      vertex 0 65.9216 1.13396
    endloop
  endfacet
  facet normal -1 -0 0
    outer loop
      vertex 0 66.3964 0.859848
      vertex 0 63.9 0
      vertex 0 66.15 0.981339
    endloop
  endfacet
  facet normal -1 -0 0
    outer loop
      vertex 0 66.6565 0.771545
      vertex 0 63.9 0
      vertex 0 66.3964 0.859848
    endloop
  endfacet
  facet normal -1 -0 0
    outer loop
      vertex 0 66.9259 0.717957
      vertex 0 63.9 0
      vertex 0 66.6565 0.771545
    endloop
  endfacet
  facet normal -1 0 0
    outer loop
      vertex 0 69.282 3.0741
      vertex 0 70.5 5.39999
      vertex 0 69.3 2.79999
    endloop
  endfacet
  facet normal -1 0 0
    outer loop
      vertex 0 69.2284 3.34351
      vertex 0 70.5 5.39999
      vertex 0 69.282 3.0741
    endloop
  endfacet
  facet normal -1 0 0
    outer loop
      vertex 0 69.1401 3.60362
      vertex 0 70.5 5.39999
      vertex 0 69.2284 3.34351
    endloop
  endfacet
  facet normal -1 0 0
    outer loop
      vertex 0 69.0186 3.84999
      vertex 0 70.5 5.39999
      vertex 0 69.1401 3.60362
    endloop
  endfacet
  facet normal -1 0 0
    outer loop
      vertex 0 68.866 4.07838
      vertex 0 70.5 5.39999
      vertex 0 69.0186 3.84999
    endloop
  endfacet
  facet normal -1 0 0
    outer loop
      vertex 0 68.6849 4.28491
      vertex 0 70.5 5.39999
      vertex 0 68.866 4.07838
    endloop
  endfacet
  facet normal -1 0 0
    outer loop
      vertex 0 68.4 5.39999
      vertex 0 68.6849 4.28491
      vertex 0 68.4784 4.46603
    endloop
  endfacet
  facet normal -1 0 0
    outer loop
      vertex 0 68.4 5.39999
      vertex 0 68.4784 4.46603
      vertex 0 68.4 4.51842
    endloop
  endfacet
  facet normal -1 0 0
    outer loop
      vertex 0 68.6849 4.28491
      vertex 0 68.4 5.39999
      vertex 0 70.5 5.39999
    endloop
  endfacet
  facet normal -1 0 0
    outer loop
      vertex 0 65.9216 4.46603
      vertex 0 66 5.39999
      vertex 0 66 4.51842
    endloop
  endfacet
  facet normal -1 0 0
    outer loop
      vertex 0 65.7151 4.28491
      vertex 0 66 5.39999
      vertex 0 65.9216 4.46603
    endloop
  endfacet
  facet normal -1 0 0
    outer loop
      vertex 0 63.9 5.39999
      vertex 0 65.7151 4.28491
      vertex 0 65.534 4.07838
    endloop
  endfacet
  facet normal -1 0 0
    outer loop
      vertex 0 63.9 5.39999
      vertex 0 65.534 4.07838
      vertex 0 65.3813 3.84999
    endloop
  endfacet
  facet normal -1 0 0
    outer loop
      vertex 0 63.9 5.39999
      vertex 0 65.3813 3.84999
      vertex 0 65.2599 3.60362
    endloop
  endfacet
  facet normal -1 0 0
    outer loop
      vertex 0 63.9 5.39999
      vertex 0 65.1 2.79999
      vertex 0 63.9 0
    endloop
  endfacet
  facet normal -1 0 0
    outer loop
      vertex 0 65.1 2.79999
      vertex 0 63.9 5.39999
      vertex 0 65.118 3.0741
    endloop
  endfacet
  facet normal -1 0 0
    outer loop
      vertex 0 65.118 3.0741
      vertex 0 63.9 5.39999
      vertex 0 65.1716 3.34351
    endloop
  endfacet
  facet normal -1 0 0
    outer loop
      vertex 0 65.7151 4.28491
      vertex 0 63.9 5.39999
      vertex 0 66 5.39999
    endloop
  endfacet
  facet normal -1 0 0
    outer loop
      vertex 0 65.1716 3.34351
      vertex 0 63.9 5.39999
      vertex 0 65.2599 3.60362
    endloop
  endfacet
  facet normal 1 0 0
    outer loop
      vertex 40 66 5.39999
      vertex 40 65.9216 4.46603
      vertex 40 66 4.51842
    endloop
  endfacet
  facet normal 1 0 0
    outer loop
      vertex 40 66 5.39999
      vertex 40 65.7151 4.28491
      vertex 40 65.9216 4.46603
    endloop
  endfacet
  facet normal 1 -0 0
    outer loop
      vertex 40 63.9 5.39999
      vertex 40 65.7151 4.28491
      vertex 40 66 5.39999
    endloop
  endfacet
  facet normal 1 0 0
    outer loop
      vertex 40 65.7151 4.28491
      vertex 40 63.9 5.39999
      vertex 40 65.534 4.07838
    endloop
  endfacet
  facet normal 1 0 0
    outer loop
      vertex 40 65.534 4.07838
      vertex 40 63.9 5.39999
      vertex 40 65.3813 3.84999
    endloop
  endfacet
  facet normal 1 0 0
    outer loop
      vertex 40 65.118 3.0741
      vertex 40 63.9 5.39999
      vertex 40 65.1 2.79999
    endloop
  endfacet
  facet normal 1 0 0
    outer loop
      vertex 40 65.1716 3.34351
      vertex 40 63.9 5.39999
      vertex 40 65.118 3.0741
    endloop
  endfacet
  facet normal 1 0 0
    outer loop
      vertex 40 65.2599 3.60362
      vertex 40 63.9 5.39999
      vertex 40 65.1716 3.34351
    endloop
  endfacet
  facet normal 1 0 0
    outer loop
      vertex 40 65.3813 3.84999
      vertex 40 63.9 5.39999
      vertex 40 65.2599 3.60362
    endloop
  endfacet
  facet normal 1 0 0
    outer loop
      vertex 40 70.5 5.39999
      vertex 40 69.3 2.79999
      vertex 40 70.5 0
    endloop
  endfacet
  facet normal 1 0 0
    outer loop
      vertex 40 70.5 5.39999
      vertex 40 69.282 3.0741
      vertex 40 69.3 2.79999
    endloop
  endfacet
  facet normal 1 0 0
    outer loop
      vertex 40 70.5 5.39999
      vertex 40 69.2284 3.34351
      vertex 40 69.282 3.0741
    endloop
  endfacet
  facet normal 1 0 0
    outer loop
      vertex 40 70.5 5.39999
      vertex 40 69.1401 3.60362
      vertex 40 69.2284 3.34351
    endloop
  endfacet
  facet normal 1 0 0
    outer loop
      vertex 40 70.5 5.39999
      vertex 40 69.0186 3.84999
      vertex 40 69.1401 3.60362
    endloop
  endfacet
  facet normal 1 0 0
    outer loop
      vertex 40 70.5 5.39999
      vertex 40 68.866 4.07838
      vertex 40 69.0186 3.84999
    endloop
  endfacet
  facet normal 1 0 0
    outer loop
      vertex 40 70.5 5.39999
      vertex 40 68.6849 4.28491
      vertex 40 68.866 4.07838
    endloop
  endfacet
  facet normal 1 -0 0
    outer loop
      vertex 40 68.4 5.39999
      vertex 40 68.6849 4.28491
      vertex 40 70.5 5.39999
    endloop
  endfacet
  facet normal 1 0 0
    outer loop
      vertex 40 68.6849 4.28491
      vertex 40 68.4 5.39999
      vertex 40 68.4784 4.46603
    endloop
  endfacet
  facet normal 1 0 0
    outer loop
      vertex 40 68.4784 4.46603
      vertex 40 68.4 5.39999
      vertex 40 68.4 4.51842
    endloop
  endfacet
  facet normal 1 -0 0
    outer loop
      vertex 40 69.282 2.52589
      vertex 40 70.5 0
      vertex 40 69.3 2.79999
    endloop
  endfacet
  facet normal 1 -0 0
    outer loop
      vertex 40 69.2284 2.25647
      vertex 40 70.5 0
      vertex 40 69.282 2.52589
    endloop
  endfacet
  facet normal 1 -0 0
    outer loop
      vertex 40 69.1401 1.99635
      vertex 40 70.5 0
      vertex 40 69.2284 2.25647
    endloop
  endfacet
  facet normal 1 -0 0
    outer loop
      vertex 40 69.0186 1.74998
      vertex 40 70.5 0
      vertex 40 69.1401 1.99635
    endloop
  endfacet
  facet normal 1 -0 0
    outer loop
      vertex 40 68.866 1.52159
      vertex 40 70.5 0
      vertex 40 69.0186 1.74998
    endloop
  endfacet
  facet normal 1 -0 0
    outer loop
      vertex 40 68.6849 1.31506
      vertex 40 70.5 0
      vertex 40 68.866 1.52159
    endloop
  endfacet
  facet normal 1 -0 0
    outer loop
      vertex 40 68.4784 1.13396
      vertex 40 70.5 0
      vertex 40 68.6849 1.31506
    endloop
  endfacet
  facet normal 1 -0 0
    outer loop
      vertex 40 68.25 0.981339
      vertex 40 70.5 0
      vertex 40 68.4784 1.13396
    endloop
  endfacet
  facet normal 1 -0 0
    outer loop
      vertex 40 68.0036 0.859848
      vertex 40 70.5 0
      vertex 40 68.25 0.981339
    endloop
  endfacet
  facet normal 1 -0 0
    outer loop
      vertex 40 67.7435 0.771545
      vertex 40 70.5 0
      vertex 40 68.0036 0.859848
    endloop
  endfacet
  facet normal 1 -0 0
    outer loop
      vertex 40 67.4741 0.717957
      vertex 40 70.5 0
      vertex 40 67.7435 0.771545
    endloop
  endfacet
  facet normal 1 -0 0
    outer loop
      vertex 40 67.2 0.699997
      vertex 40 70.5 0
      vertex 40 67.4741 0.717957
    endloop
  endfacet
  facet normal 1 0 0
    outer loop
      vertex 40 63.9 0
      vertex 40 67.2 0.699997
      vertex 40 66.9259 0.717957
    endloop
  endfacet
  facet normal 1 0 0
    outer loop
      vertex 40 63.9 0
      vertex 40 66.9259 0.717957
      vertex 40 66.6565 0.771545
    endloop
  endfacet
  facet normal 1 0 0
    outer loop
      vertex 40 63.9 0
      vertex 40 65.1 2.79999
      vertex 40 63.9 5.39999
    endloop
  endfacet
  facet normal 1 0 0
    outer loop
      vertex 40 65.1 2.79999
      vertex 40 63.9 0
      vertex 40 65.118 2.52589
    endloop
  endfacet
  facet normal 1 0 0
    outer loop
      vertex 40 65.118 2.52589
      vertex 40 63.9 0
      vertex 40 65.1716 2.25647
    endloop
  endfacet
  facet normal 1 0 0
    outer loop
      vertex 40 67.2 0.699997
      vertex 40 63.9 0
      vertex 40 70.5 0
    endloop
  endfacet
  facet normal 1 0 0
    outer loop
      vertex 40 66.3964 0.859848
      vertex 40 63.9 0
      vertex 40 66.6565 0.771545
    endloop
  endfacet
  facet normal 1 0 0
    outer loop
      vertex 40 66.15 0.981339
      vertex 40 63.9 0
      vertex 40 66.3964 0.859848
    endloop
  endfacet
  facet normal 1 0 0
    outer loop
      vertex 40 65.9216 1.13396
      vertex 40 63.9 0
      vertex 40 66.15 0.981339
    endloop
  endfacet
  facet normal 1 0 0
    outer loop
      vertex 40 65.7151 1.31506
      vertex 40 63.9 0
      vertex 40 65.9216 1.13396
    endloop
  endfacet
  facet normal 1 0 0
    outer loop
      vertex 40 65.534 1.52159
      vertex 40 63.9 0
      vertex 40 65.7151 1.31506
    endloop
  endfacet
  facet normal 1 0 0
    outer loop
      vertex 40 65.3813 1.74998
      vertex 40 63.9 0
      vertex 40 65.534 1.52159
    endloop
  endfacet
  facet normal 1 0 0
    outer loop
      vertex 40 65.2599 1.99635
      vertex 40 63.9 0
      vertex 40 65.3813 1.74998
    endloop
  endfacet
  facet normal 1 0 0
    outer loop
      vertex 40 65.1716 2.25647
      vertex 40 63.9 0
      vertex 40 65.2599 1.99635
    endloop
  endfacet
  facet normal 0 0 -1
    outer loop
      vertex 0 63.9 0
      vertex 40 70.5 0
      vertex 40 63.9 0
    endloop
  endfacet
  facet normal -0 0 -1
    outer loop
      vertex 40 70.5 0
      vertex 0 63.9 0
      vertex 0 70.5 0
    endloop
  endfacet
  facet normal 0 1 -0
    outer loop
      vertex 40 70.5 0
      vertex 0 70.5 5.39999
      vertex 40 70.5 5.39999
    endloop
  endfacet
  facet normal 0 1 0
    outer loop
      vertex 0 70.5 5.39999
      vertex 40 70.5 0
      vertex 0 70.5 0
    endloop
  endfacet
  facet normal -0 0 1
    outer loop
      vertex 0 70.5 5.39999
      vertex 40 68.4 5.39999
      vertex 40 70.5 5.39999
    endloop
  endfacet
  facet normal 0 0 1
    outer loop
      vertex 40 68.4 5.39999
      vertex 0 70.5 5.39999
      vertex 0 68.4 5.39999
    endloop
  endfacet
  facet normal 0 -1 0
    outer loop
      vertex 0 68.4 4.51842
      vertex 40 68.4 5.39999
      vertex 0 68.4 5.39999
    endloop
  endfacet
  facet normal 0 -1 -0
    outer loop
      vertex 40 68.4 5.39999
      vertex 0 68.4 4.51842
      vertex 40 68.4 4.51842
    endloop
  endfacet
  facet normal 0 -0.555605 -0.831446
    outer loop
      vertex 0 68.4 4.51842
      vertex 40 68.4784 4.46603
      vertex 40 68.4 4.51842
    endloop
  endfacet
  facet normal -0 -0.555605 -0.831446
    outer loop
      vertex 40 68.4784 4.46603
      vertex 0 68.4 4.51842
      vertex 0 68.4784 4.46603
    endloop
  endfacet
  facet normal 0 -0.659396 -0.751796
    outer loop
      vertex 0 68.4784 4.46603
      vertex 40 68.6849 4.28491
      vertex 40 68.4784 4.46603
    endloop
  endfacet
  facet normal -0 -0.659396 -0.751796
    outer loop
      vertex 40 68.6849 4.28491
      vertex 0 68.4784 4.46603
      vertex 0 68.6849 4.28491
    endloop
  endfacet
  facet normal 0 -0.751879 -0.659301
    outer loop
      vertex 0 68.866 4.07838
      vertex 40 68.6849 4.28491
      vertex 0 68.6849 4.28491
    endloop
  endfacet
  facet normal 0 -0.751879 -0.659301
    outer loop
      vertex 40 68.6849 4.28491
      vertex 0 68.866 4.07838
      vertex 40 68.866 4.07838
    endloop
  endfacet
  facet normal 0 -0.831479 -0.555557
    outer loop
      vertex 0 69.0186 3.84999
      vertex 40 68.866 4.07838
      vertex 0 68.866 4.07838
    endloop
  endfacet
  facet normal 0 -0.831479 -0.555557
    outer loop
      vertex 40 68.866 4.07838
      vertex 0 69.0186 3.84999
      vertex 40 69.0186 3.84999
    endloop
  endfacet
  facet normal 0 -0.896867 -0.4423
    outer loop
      vertex 0 69.1401 3.60362
      vertex 40 69.0186 3.84999
      vertex 0 69.0186 3.84999
    endloop
  endfacet
  facet normal 0 -0.896867 -0.4423
    outer loop
      vertex 40 69.0186 3.84999
      vertex 0 69.1401 3.60362
      vertex 40 69.1401 3.60362
    endloop
  endfacet
  facet normal 0 -0.946925 -0.321454
    outer loop
      vertex 0 69.2284 3.34351
      vertex 40 69.1401 3.60362
      vertex 0 69.1401 3.60362
    endloop
  endfacet
  facet normal 0 -0.946925 -0.321454
    outer loop
      vertex 40 69.1401 3.60362
      vertex 0 69.2284 3.34351
      vertex 40 69.2284 3.34351
    endloop
  endfacet
  facet normal 0 -0.980778 -0.195129
    outer loop
      vertex 0 69.282 3.0741
      vertex 40 69.2284 3.34351
      vertex 0 69.2284 3.34351
    endloop
  endfacet
  facet normal 0 -0.980778 -0.195129
    outer loop
      vertex 40 69.2284 3.34351
      vertex 0 69.282 3.0741
      vertex 40 69.282 3.0741
    endloop
  endfacet
  facet normal 0 -0.997851 -0.0655259
    outer loop
      vertex 0 69.3 2.79999
      vertex 40 69.282 3.0741
      vertex 0 69.282 3.0741
    endloop
  endfacet
  facet normal 0 -0.997851 -0.0655259
    outer loop
      vertex 40 69.282 3.0741
      vertex 0 69.3 2.79999
      vertex 40 69.3 2.79999
    endloop
  endfacet
  facet normal 0 -0.997851 0.0655283
    outer loop
      vertex 0 69.282 2.52589
      vertex 40 69.3 2.79999
      vertex 0 69.3 2.79999
    endloop
  endfacet
  facet normal 0 -0.997851 0.0655283
    outer loop
      vertex 40 69.3 2.79999
      vertex 0 69.282 2.52589
      vertex 40 69.282 2.52589
    endloop
  endfacet
  facet normal 0 -0.980779 0.195122
    outer loop
      vertex 0 69.2284 2.25647
      vertex 40 69.282 2.52589
      vertex 0 69.282 2.52589
    endloop
  endfacet
  facet normal 0 -0.980779 0.195122
    outer loop
      vertex 40 69.282 2.52589
      vertex 0 69.2284 2.25647
      vertex 40 69.2284 2.25647
    endloop
  endfacet
  facet normal 0 -0.946929 0.321443
    outer loop
      vertex 0 69.1401 1.99635
      vertex 40 69.2284 2.25647
      vertex 0 69.2284 2.25647
    endloop
  endfacet
  facet normal 0 -0.946929 0.321443
    outer loop
      vertex 40 69.2284 2.25647
      vertex 0 69.1401 1.99635
      vertex 40 69.1401 1.99635
    endloop
  endfacet
  facet normal 0 -0.896867 0.4423
    outer loop
      vertex 0 69.0186 1.74998
      vertex 40 69.1401 1.99635
      vertex 0 69.1401 1.99635
    endloop
  endfacet
  facet normal 0 -0.896867 0.4423
    outer loop
      vertex 40 69.1401 1.99635
      vertex 0 69.0186 1.74998
      vertex 40 69.0186 1.74998
    endloop
  endfacet
  facet normal 0 -0.831479 0.555557
    outer loop
      vertex 0 68.866 1.52159
      vertex 40 69.0186 1.74998
      vertex 0 69.0186 1.74998
    endloop
  endfacet
  facet normal 0 -0.831479 0.555557
    outer loop
      vertex 40 69.0186 1.74998
      vertex 0 68.866 1.52159
      vertex 40 68.866 1.52159
    endloop
  endfacet
  facet normal 0 -0.751879 0.659301
    outer loop
      vertex 0 68.6849 1.31506
      vertex 40 68.866 1.52159
      vertex 0 68.866 1.52159
    endloop
  endfacet
  facet normal 0 -0.751879 0.659301
    outer loop
      vertex 40 68.866 1.52159
      vertex 0 68.6849 1.31506
      vertex 40 68.6849 1.31506
    endloop
  endfacet
  facet normal 0 -0.659355 0.751832
    outer loop
      vertex 0 68.6849 1.31506
      vertex 40 68.4784 1.13396
      vertex 40 68.6849 1.31506
    endloop
  endfacet
  facet normal 0 -0.659355 0.751832
    outer loop
      vertex 40 68.4784 1.13396
      vertex 0 68.6849 1.31506
      vertex 0 68.4784 1.13396
    endloop
  endfacet
  facet normal 0 -0.555593 0.831454
    outer loop
      vertex 0 68.4784 1.13396
      vertex 40 68.25 0.981339
      vertex 40 68.4784 1.13396
    endloop
  endfacet
  facet normal 0 -0.555593 0.831454
    outer loop
      vertex 40 68.25 0.981339
      vertex 0 68.4784 1.13396
      vertex 0 68.25 0.981339
    endloop
  endfacet
  facet normal 0 -0.44223 0.896902
    outer loop
      vertex 0 68.25 0.981339
      vertex 40 68.0036 0.859848
      vertex 40 68.25 0.981339
    endloop
  endfacet
  facet normal 0 -0.44223 0.896902
    outer loop
      vertex 40 68.0036 0.859848
      vertex 0 68.25 0.981339
      vertex 0 68.0036 0.859848
    endloop
  endfacet
  facet normal 0 -0.321475 0.946918
    outer loop
      vertex 0 68.0036 0.859848
      vertex 40 67.7435 0.771545
      vertex 40 68.0036 0.859848
    endloop
  endfacet
  facet normal 0 -0.321475 0.946918
    outer loop
      vertex 40 67.7435 0.771545
      vertex 0 68.0036 0.859848
      vertex 0 67.7435 0.771545
    endloop
  endfacet
  facet normal 0 -0.195094 0.980785
    outer loop
      vertex 0 67.7435 0.771545
      vertex 40 67.4741 0.717957
      vertex 40 67.7435 0.771545
    endloop
  endfacet
  facet normal 0 -0.195094 0.980785
    outer loop
      vertex 40 67.4741 0.717957
      vertex 0 67.7435 0.771545
      vertex 0 67.4741 0.717957
    endloop
  endfacet
  facet normal 0 -0.0653833 0.99786
    outer loop
      vertex 0 67.4741 0.717957
      vertex 40 67.2 0.699997
      vertex 40 67.4741 0.717957
    endloop
  endfacet
  facet normal 0 -0.0653833 0.99786
    outer loop
      vertex 40 67.2 0.699997
      vertex 0 67.4741 0.717957
      vertex 0 67.2 0.699997
    endloop
  endfacet
  facet normal -0 0.0653833 0.99786
    outer loop
      vertex 0 67.2 0.699997
      vertex 40 66.9259 0.717957
      vertex 40 67.2 0.699997
    endloop
  endfacet
  facet normal 0 0.0653833 0.99786
    outer loop
      vertex 40 66.9259 0.717957
      vertex 0 67.2 0.699997
      vertex 0 66.9259 0.717957
    endloop
  endfacet
  facet normal -0 0.195094 0.980785
    outer loop
      vertex 0 66.9259 0.717957
      vertex 40 66.6565 0.771545
      vertex 40 66.9259 0.717957
    endloop
  endfacet
  facet normal 0 0.195094 0.980785
    outer loop
      vertex 40 66.6565 0.771545
      vertex 0 66.9259 0.717957
      vertex 0 66.6565 0.771545
    endloop
  endfacet
  facet normal -0 0.321475 0.946918
    outer loop
      vertex 0 66.6565 0.771545
      vertex 40 66.3964 0.859848
      vertex 40 66.6565 0.771545
    endloop
  endfacet
  facet normal 0 0.321475 0.946918
    outer loop
      vertex 40 66.3964 0.859848
      vertex 0 66.6565 0.771545
      vertex 0 66.3964 0.859848
    endloop
  endfacet
  facet normal -0 0.44223 0.896902
    outer loop
      vertex 0 66.3964 0.859848
      vertex 40 66.15 0.981339
      vertex 40 66.3964 0.859848
    endloop
  endfacet
  facet normal 0 0.44223 0.896902
    outer loop
      vertex 40 66.15 0.981339
      vertex 0 66.3964 0.859848
      vertex 0 66.15 0.981339
    endloop
  endfacet
  facet normal -0 0.555593 0.831454
    outer loop
      vertex 0 66.15 0.981339
      vertex 40 65.9216 1.13396
      vertex 40 66.15 0.981339
    endloop
  endfacet
  facet normal 0 0.555593 0.831454
    outer loop
      vertex 40 65.9216 1.13396
      vertex 0 66.15 0.981339
      vertex 0 65.9216 1.13396
    endloop
  endfacet
  facet normal -0 0.659355 0.751832
    outer loop
      vertex 0 65.9216 1.13396
      vertex 40 65.7151 1.31506
      vertex 40 65.9216 1.13396
    endloop
  endfacet
  facet normal 0 0.659355 0.751832
    outer loop
      vertex 40 65.7151 1.31506
      vertex 0 65.9216 1.13396
      vertex 0 65.7151 1.31506
    endloop
  endfacet
  facet normal 0 0.751879 0.659301
    outer loop
      vertex 40 65.7151 1.31506
      vertex 0 65.534 1.52159
      vertex 40 65.534 1.52159
    endloop
  endfacet
  facet normal 0 0.751879 0.659301
    outer loop
      vertex 0 65.534 1.52159
      vertex 40 65.7151 1.31506
      vertex 0 65.7151 1.31506
    endloop
  endfacet
  facet normal 0 0.83131 0.555808
    outer loop
      vertex 40 65.534 1.52159
      vertex 0 65.3813 1.74998
      vertex 40 65.3813 1.74998
    endloop
  endfacet
  facet normal 0 0.83131 0.555808
    outer loop
      vertex 0 65.3813 1.74998
      vertex 40 65.534 1.52159
      vertex 0 65.534 1.52159
    endloop
  endfacet
  facet normal 0 0.897012 0.442007
    outer loop
      vertex 40 65.3813 1.74998
      vertex 0 65.2599 1.99635
      vertex 40 65.2599 1.99635
    endloop
  endfacet
  facet normal 0 0.897012 0.442007
    outer loop
      vertex 0 65.2599 1.99635
      vertex 40 65.3813 1.74998
      vertex 0 65.3813 1.74998
    endloop
  endfacet
  facet normal 0 0.946929 0.321443
    outer loop
      vertex 40 65.2599 1.99635
      vertex 0 65.1716 2.25647
      vertex 40 65.1716 2.25647
    endloop
  endfacet
  facet normal 0 0.946929 0.321443
    outer loop
      vertex 0 65.1716 2.25647
      vertex 40 65.2599 1.99635
      vertex 0 65.2599 1.99635
    endloop
  endfacet
  facet normal 0 0.980779 0.195122
    outer loop
      vertex 40 65.1716 2.25647
      vertex 0 65.118 2.52589
      vertex 40 65.118 2.52589
    endloop
  endfacet
  facet normal 0 0.980779 0.195122
    outer loop
      vertex 0 65.118 2.52589
      vertex 40 65.1716 2.25647
      vertex 0 65.1716 2.25647
    endloop
  endfacet
  facet normal 0 0.997851 0.0655283
    outer loop
      vertex 40 65.118 2.52589
      vertex 0 65.1 2.79999
      vertex 40 65.1 2.79999
    endloop
  endfacet
  facet normal 0 0.997851 0.0655283
    outer loop
      vertex 0 65.1 2.79999
      vertex 40 65.118 2.52589
      vertex 0 65.118 2.52589
    endloop
  endfacet
  facet normal 0 0.997851 -0.0655259
    outer loop
      vertex 40 65.1 2.79999
      vertex 0 65.118 3.0741
      vertex 40 65.118 3.0741
    endloop
  endfacet
  facet normal 0 0.997851 -0.0655259
    outer loop
      vertex 0 65.118 3.0741
      vertex 40 65.1 2.79999
      vertex 0 65.1 2.79999
    endloop
  endfacet
  facet normal 0 0.980778 -0.195129
    outer loop
      vertex 40 65.118 3.0741
      vertex 0 65.1716 3.34351
      vertex 40 65.1716 3.34351
    endloop
  endfacet
  facet normal 0 0.980778 -0.195129
    outer loop
      vertex 0 65.1716 3.34351
      vertex 40 65.118 3.0741
      vertex 0 65.118 3.0741
    endloop
  endfacet
  facet normal 0 0.946925 -0.321454
    outer loop
      vertex 40 65.1716 3.34351
      vertex 0 65.2599 3.60362
      vertex 40 65.2599 3.60362
    endloop
  endfacet
  facet normal 0 0.946925 -0.321454
    outer loop
      vertex 0 65.2599 3.60362
      vertex 40 65.1716 3.34351
      vertex 0 65.1716 3.34351
    endloop
  endfacet
  facet normal 0 0.897012 -0.442007
    outer loop
      vertex 40 65.2599 3.60362
      vertex 0 65.3813 3.84999
      vertex 40 65.3813 3.84999
    endloop
  endfacet
  facet normal 0 0.897012 -0.442007
    outer loop
      vertex 0 65.3813 3.84999
      vertex 40 65.2599 3.60362
      vertex 0 65.2599 3.60362
    endloop
  endfacet
  facet normal 0 0.83131 -0.555808
    outer loop
      vertex 40 65.3813 3.84999
      vertex 0 65.534 4.07838
      vertex 40 65.534 4.07838
    endloop
  endfacet
  facet normal 0 0.83131 -0.555808
    outer loop
      vertex 0 65.534 4.07838
      vertex 40 65.3813 3.84999
      vertex 0 65.3813 3.84999
    endloop
  endfacet
  facet normal 0 0.751879 -0.659301
    outer loop
      vertex 40 65.534 4.07838
      vertex 0 65.7151 4.28491
      vertex 40 65.7151 4.28491
    endloop
  endfacet
  facet normal 0 0.751879 -0.659301
    outer loop
      vertex 0 65.7151 4.28491
      vertex 40 65.534 4.07838
      vertex 0 65.534 4.07838
    endloop
  endfacet
  facet normal 0 0.659396 -0.751796
    outer loop
      vertex 0 65.7151 4.28491
      vertex 40 65.9216 4.46603
      vertex 40 65.7151 4.28491
    endloop
  endfacet
  facet normal 0 0.659396 -0.751796
    outer loop
      vertex 40 65.9216 4.46603
      vertex 0 65.7151 4.28491
      vertex 0 65.9216 4.46603
    endloop
  endfacet
  facet normal 0 0.555605 -0.831446
    outer loop
      vertex 0 65.9216 4.46603
      vertex 40 66 4.51842
      vertex 40 65.9216 4.46603
    endloop
  endfacet
  facet normal 0 0.555605 -0.831446
    outer loop
      vertex 40 66 4.51842
      vertex 0 65.9216 4.46603
      vertex 0 66 4.51842
    endloop
  endfacet
  facet normal 0 1 -0
    outer loop
      vertex 40 66 4.51842
      vertex 0 66 5.39999
      vertex 40 66 5.39999
    endloop
  endfacet
  facet normal 0 1 0
    outer loop
      vertex 0 66 5.39999
      vertex 40 66 4.51842
      vertex 0 66 4.51842
    endloop
  endfacet
  facet normal -0 0 1
    outer loop
      vertex 0 66 5.39999
      vertex 40 63.9 5.39999
      vertex 40 66 5.39999
    endloop
  endfacet
  facet normal 0 0 1
    outer loop
      vertex 40 63.9 5.39999
      vertex 0 66 5.39999
      vertex 0 63.9 5.39999
    endloop
  endfacet
  facet normal 0 -1 0
    outer loop
      vertex 0 63.9 0
      vertex 40 63.9 5.39999
      vertex 0 63.9 5.39999
    endloop
  endfacet
  facet normal 0 -1 -0
    outer loop
      vertex 40 63.9 5.39999
      vertex 0 63.9 0
      vertex 40 63.9 0
    endloop
  endfacet
  facet normal -1 0 0
    outer loop
      vertex 0 80.1 0
      vertex 0 78.9 2.79999
      vertex 0 80.1 5.39999
    endloop
  endfacet
  facet normal -1 0 0
    outer loop
      vertex 0 80.1 0
      vertex 0 78.882 2.52589
      vertex 0 78.9 2.79999
    endloop
  endfacet
  facet normal -1 0 0
    outer loop
      vertex 0 80.1 0
      vertex 0 78.8284 2.25647
      vertex 0 78.882 2.52589
    endloop
  endfacet
  facet normal -1 0 0
    outer loop
      vertex 0 80.1 0
      vertex 0 78.7401 1.99635
      vertex 0 78.8284 2.25647
    endloop
  endfacet
  facet normal -1 0 0
    outer loop
      vertex 0 80.1 0
      vertex 0 78.6187 1.74998
      vertex 0 78.7401 1.99635
    endloop
  endfacet
  facet normal -1 0 0
    outer loop
      vertex 0 80.1 0
      vertex 0 78.466 1.52159
      vertex 0 78.6187 1.74998
    endloop
  endfacet
  facet normal -1 0 0
    outer loop
      vertex 0 80.1 0
      vertex 0 78.2849 1.31506
      vertex 0 78.466 1.52159
    endloop
  endfacet
  facet normal -1 0 0
    outer loop
      vertex 0 80.1 0
      vertex 0 78.0784 1.13396
      vertex 0 78.2849 1.31506
    endloop
  endfacet
  facet normal -1 0 0
    outer loop
      vertex 0 80.1 0
      vertex 0 77.85 0.981339
      vertex 0 78.0784 1.13396
    endloop
  endfacet
  facet normal -1 0 0
    outer loop
      vertex 0 80.1 0
      vertex 0 77.6036 0.859848
      vertex 0 77.85 0.981339
    endloop
  endfacet
  facet normal -1 0 0
    outer loop
      vertex 0 80.1 0
      vertex 0 77.3435 0.771545
      vertex 0 77.6036 0.859848
    endloop
  endfacet
  facet normal -1 0 0
    outer loop
      vertex 0 80.1 0
      vertex 0 77.0741 0.717957
      vertex 0 77.3435 0.771545
    endloop
  endfacet
  facet normal -1 0 0
    outer loop
      vertex 0 80.1 0
      vertex 0 76.8 0.699997
      vertex 0 77.0741 0.717957
    endloop
  endfacet
  facet normal -1 0 0
    outer loop
      vertex 0 73.5 0
      vertex 0 76.8 0.699997
      vertex 0 80.1 0
    endloop
  endfacet
  facet normal -1 -0 0
    outer loop
      vertex 0 76.8 0.699997
      vertex 0 73.5 0
      vertex 0 76.5259 0.717957
    endloop
  endfacet
  facet normal -1 -0 0
    outer loop
      vertex 0 74.718 2.52589
      vertex 0 73.5 0
      vertex 0 74.7 2.79999
    endloop
  endfacet
  facet normal -1 -0 0
    outer loop
      vertex 0 74.7716 2.25647
      vertex 0 73.5 0
      vertex 0 74.718 2.52589
    endloop
  endfacet
  facet normal -1 -0 0
    outer loop
      vertex 0 74.8599 1.99635
      vertex 0 73.5 0
      vertex 0 74.7716 2.25647
    endloop
  endfacet
  facet normal -1 -0 0
    outer loop
      vertex 0 74.9814 1.74998
      vertex 0 73.5 0
      vertex 0 74.8599 1.99635
    endloop
  endfacet
  facet normal -1 -0 0
    outer loop
      vertex 0 75.134 1.52159
      vertex 0 73.5 0
      vertex 0 74.9814 1.74998
    endloop
  endfacet
  facet normal -1 -0 0
    outer loop
      vertex 0 75.3151 1.31506
      vertex 0 73.5 0
      vertex 0 75.134 1.52159
    endloop
  endfacet
  facet normal -1 -0 0
    outer loop
      vertex 0 75.5216 1.13396
      vertex 0 73.5 0
      vertex 0 75.3151 1.31506
    endloop
  endfacet
  facet normal -1 -0 0
    outer loop
      vertex 0 75.75 0.981339
      vertex 0 73.5 0
      vertex 0 75.5216 1.13396
    endloop
  endfacet
  facet normal -1 -0 0
    outer loop
      vertex 0 75.9964 0.859848
      vertex 0 73.5 0
      vertex 0 75.75 0.981339
    endloop
  endfacet
  facet normal -1 -0 0
    outer loop
      vertex 0 76.2565 0.771545
      vertex 0 73.5 0
      vertex 0 75.9964 0.859848
    endloop
  endfacet
  facet normal -1 -0 0
    outer loop
      vertex 0 76.5259 0.717957
      vertex 0 73.5 0
      vertex 0 76.2565 0.771545
    endloop
  endfacet
  facet normal -1 0 0
    outer loop
      vertex 0 78.882 3.0741
      vertex 0 80.1 5.39999
      vertex 0 78.9 2.79999
    endloop
  endfacet
  facet normal -1 0 0
    outer loop
      vertex 0 78.8284 3.34351
      vertex 0 80.1 5.39999
      vertex 0 78.882 3.0741
    endloop
  endfacet
  facet normal -1 0 0
    outer loop
      vertex 0 78.7401 3.60362
      vertex 0 80.1 5.39999
      vertex 0 78.8284 3.34351
    endloop
  endfacet
  facet normal -1 0 0
    outer loop
      vertex 0 78.6187 3.84999
      vertex 0 80.1 5.39999
      vertex 0 78.7401 3.60362
    endloop
  endfacet
  facet normal -1 0 0
    outer loop
      vertex 0 78.466 4.07838
      vertex 0 80.1 5.39999
      vertex 0 78.6187 3.84999
    endloop
  endfacet
  facet normal -1 0 0
    outer loop
      vertex 0 78.2849 4.28491
      vertex 0 80.1 5.39999
      vertex 0 78.466 4.07838
    endloop
  endfacet
  facet normal -1 0 0
    outer loop
      vertex 0 78 5.39999
      vertex 0 78.2849 4.28491
      vertex 0 78.0784 4.46603
    endloop
  endfacet
  facet normal -1 0 0
    outer loop
      vertex 0 78 5.39999
      vertex 0 78.0784 4.46603
      vertex 0 78 4.51842
    endloop
  endfacet
  facet normal -1 0 0
    outer loop
      vertex 0 78.2849 4.28491
      vertex 0 78 5.39999
      vertex 0 80.1 5.39999
    endloop
  endfacet
  facet normal -1 0 0
    outer loop
      vertex 0 75.5216 4.46603
      vertex 0 75.6 5.39999
      vertex 0 75.6 4.51842
    endloop
  endfacet
  facet normal -1 0 0
    outer loop
      vertex 0 75.3151 4.28491
      vertex 0 75.6 5.39999
      vertex 0 75.5216 4.46603
    endloop
  endfacet
  facet normal -1 0 0
    outer loop
      vertex 0 73.5 5.39999
      vertex 0 75.3151 4.28491
      vertex 0 75.134 4.07838
    endloop
  endfacet
  facet normal -1 0 0
    outer loop
      vertex 0 73.5 5.39999
      vertex 0 75.134 4.07838
      vertex 0 74.9814 3.84999
    endloop
  endfacet
  facet normal -1 0 0
    outer loop
      vertex 0 73.5 5.39999
      vertex 0 74.9814 3.84999
      vertex 0 74.8599 3.60362
    endloop
  endfacet
  facet normal -1 0 0
    outer loop
      vertex 0 73.5 5.39999
      vertex 0 74.7 2.79999
      vertex 0 73.5 0
    endloop
  endfacet
  facet normal -1 0 0
    outer loop
      vertex 0 74.7 2.79999
      vertex 0 73.5 5.39999
      vertex 0 74.718 3.0741
    endloop
  endfacet
  facet normal -1 0 0
    outer loop
      vertex 0 74.718 3.0741
      vertex 0 73.5 5.39999
      vertex 0 74.7716 3.34351
    endloop
  endfacet
  facet normal -1 0 0
    outer loop
      vertex 0 75.3151 4.28491
      vertex 0 73.5 5.39999
      vertex 0 75.6 5.39999
    endloop
  endfacet
  facet normal -1 0 0
    outer loop
      vertex 0 74.7716 3.34351
      vertex 0 73.5 5.39999
      vertex 0 74.8599 3.60362
    endloop
  endfacet
  facet normal 1 0 0
    outer loop
      vertex 40 75.6 5.39999
      vertex 40 75.5216 4.46603
      vertex 40 75.6 4.51842
    endloop
  endfacet
  facet normal 1 0 0
    outer loop
      vertex 40 75.6 5.39999
      vertex 40 75.3151 4.28491
      vertex 40 75.5216 4.46603
    endloop
  endfacet
  facet normal 1 -0 0
    outer loop
      vertex 40 73.5 5.39999
      vertex 40 75.3151 4.28491
      vertex 40 75.6 5.39999
    endloop
  endfacet
  facet normal 1 0 0
    outer loop
      vertex 40 75.3151 4.28491
      vertex 40 73.5 5.39999
      vertex 40 75.134 4.07838
    endloop
  endfacet
  facet normal 1 0 0
    outer loop
      vertex 40 75.134 4.07838
      vertex 40 73.5 5.39999
      vertex 40 74.9814 3.84999
    endloop
  endfacet
  facet normal 1 0 0
    outer loop
      vertex 40 74.718 3.0741
      vertex 40 73.5 5.39999
      vertex 40 74.7 2.79999
    endloop
  endfacet
  facet normal 1 0 0
    outer loop
      vertex 40 74.7716 3.34351
      vertex 40 73.5 5.39999
      vertex 40 74.718 3.0741
    endloop
  endfacet
  facet normal 1 0 0
    outer loop
      vertex 40 74.8599 3.60362
      vertex 40 73.5 5.39999
      vertex 40 74.7716 3.34351
    endloop
  endfacet
  facet normal 1 0 0
    outer loop
      vertex 40 74.9814 3.84999
      vertex 40 73.5 5.39999
      vertex 40 74.8599 3.60362
    endloop
  endfacet
  facet normal 1 0 0
    outer loop
      vertex 40 80.1 5.39999
      vertex 40 78.9 2.79999
      vertex 40 80.1 0
    endloop
  endfacet
  facet normal 1 0 0
    outer loop
      vertex 40 80.1 5.39999
      vertex 40 78.882 3.0741
      vertex 40 78.9 2.79999
    endloop
  endfacet
  facet normal 1 0 0
    outer loop
      vertex 40 80.1 5.39999
      vertex 40 78.8284 3.34351
      vertex 40 78.882 3.0741
    endloop
  endfacet
  facet normal 1 0 0
    outer loop
      vertex 40 80.1 5.39999
      vertex 40 78.7401 3.60362
      vertex 40 78.8284 3.34351
    endloop
  endfacet
  facet normal 1 0 0
    outer loop
      vertex 40 80.1 5.39999
      vertex 40 78.6187 3.84999
      vertex 40 78.7401 3.60362
    endloop
  endfacet
  facet normal 1 0 0
    outer loop
      vertex 40 80.1 5.39999
      vertex 40 78.466 4.07838
      vertex 40 78.6187 3.84999
    endloop
  endfacet
  facet normal 1 0 0
    outer loop
      vertex 40 80.1 5.39999
      vertex 40 78.2849 4.28491
      vertex 40 78.466 4.07838
    endloop
  endfacet
  facet normal 1 -0 0
    outer loop
      vertex 40 78 5.39999
      vertex 40 78.2849 4.28491
      vertex 40 80.1 5.39999
    endloop
  endfacet
  facet normal 1 0 0
    outer loop
      vertex 40 78.2849 4.28491
      vertex 40 78 5.39999
      vertex 40 78.0784 4.46603
    endloop
  endfacet
  facet normal 1 0 0
    outer loop
      vertex 40 78.0784 4.46603
      vertex 40 78 5.39999
      vertex 40 78 4.51842
    endloop
  endfacet
  facet normal 1 -0 0
    outer loop
      vertex 40 78.882 2.52589
      vertex 40 80.1 0
      vertex 40 78.9 2.79999
    endloop
  endfacet
  facet normal 1 -0 0
    outer loop
      vertex 40 78.8284 2.25647
      vertex 40 80.1 0
      vertex 40 78.882 2.52589
    endloop
  endfacet
  facet normal 1 -0 0
    outer loop
      vertex 40 78.7401 1.99635
      vertex 40 80.1 0
      vertex 40 78.8284 2.25647
    endloop
  endfacet
  facet normal 1 -0 0
    outer loop
      vertex 40 78.6187 1.74998
      vertex 40 80.1 0
      vertex 40 78.7401 1.99635
    endloop
  endfacet
  facet normal 1 -0 0
    outer loop
      vertex 40 78.466 1.52159
      vertex 40 80.1 0
      vertex 40 78.6187 1.74998
    endloop
  endfacet
  facet normal 1 -0 0
    outer loop
      vertex 40 78.2849 1.31506
      vertex 40 80.1 0
      vertex 40 78.466 1.52159
    endloop
  endfacet
  facet normal 1 -0 0
    outer loop
      vertex 40 78.0784 1.13396
      vertex 40 80.1 0
      vertex 40 78.2849 1.31506
    endloop
  endfacet
  facet normal 1 -0 0
    outer loop
      vertex 40 77.85 0.981339
      vertex 40 80.1 0
      vertex 40 78.0784 1.13396
    endloop
  endfacet
  facet normal 1 -0 0
    outer loop
      vertex 40 77.6036 0.859848
      vertex 40 80.1 0
      vertex 40 77.85 0.981339
    endloop
  endfacet
  facet normal 1 -0 0
    outer loop
      vertex 40 77.3435 0.771545
      vertex 40 80.1 0
      vertex 40 77.6036 0.859848
    endloop
  endfacet
  facet normal 1 -0 0
    outer loop
      vertex 40 77.0741 0.717957
      vertex 40 80.1 0
      vertex 40 77.3435 0.771545
    endloop
  endfacet
  facet normal 1 -0 0
    outer loop
      vertex 40 76.8 0.699997
      vertex 40 80.1 0
      vertex 40 77.0741 0.717957
    endloop
  endfacet
  facet normal 1 0 0
    outer loop
      vertex 40 73.5 0
      vertex 40 76.8 0.699997
      vertex 40 76.5259 0.717957
    endloop
  endfacet
  facet normal 1 0 0
    outer loop
      vertex 40 73.5 0
      vertex 40 76.5259 0.717957
      vertex 40 76.2565 0.771545
    endloop
  endfacet
  facet normal 1 0 0
    outer loop
      vertex 40 73.5 0
      vertex 40 74.7 2.79999
      vertex 40 73.5 5.39999
    endloop
  endfacet
  facet normal 1 0 0
    outer loop
      vertex 40 74.7 2.79999
      vertex 40 73.5 0
      vertex 40 74.718 2.52589
    endloop
  endfacet
  facet normal 1 0 0
    outer loop
      vertex 40 74.718 2.52589
      vertex 40 73.5 0
      vertex 40 74.7716 2.25647
    endloop
  endfacet
  facet normal 1 0 0
    outer loop
      vertex 40 76.8 0.699997
      vertex 40 73.5 0
      vertex 40 80.1 0
    endloop
  endfacet
  facet normal 1 0 0
    outer loop
      vertex 40 75.9964 0.859848
      vertex 40 73.5 0
      vertex 40 76.2565 0.771545
    endloop
  endfacet
  facet normal 1 0 0
    outer loop
      vertex 40 75.75 0.981339
      vertex 40 73.5 0
      vertex 40 75.9964 0.859848
    endloop
  endfacet
  facet normal 1 0 0
    outer loop
      vertex 40 75.5216 1.13396
      vertex 40 73.5 0
      vertex 40 75.75 0.981339
    endloop
  endfacet
  facet normal 1 0 0
    outer loop
      vertex 40 75.3151 1.31506
      vertex 40 73.5 0
      vertex 40 75.5216 1.13396
    endloop
  endfacet
  facet normal 1 0 0
    outer loop
      vertex 40 75.134 1.52159
      vertex 40 73.5 0
      vertex 40 75.3151 1.31506
    endloop
  endfacet
  facet normal 1 0 0
    outer loop
      vertex 40 74.9814 1.74998
      vertex 40 73.5 0
      vertex 40 75.134 1.52159
    endloop
  endfacet
  facet normal 1 0 0
    outer loop
      vertex 40 74.8599 1.99635
      vertex 40 73.5 0
      vertex 40 74.9814 1.74998
    endloop
  endfacet
  facet normal 1 0 0
    outer loop
      vertex 40 74.7716 2.25647
      vertex 40 73.5 0
      vertex 40 74.8599 1.99635
    endloop
  endfacet
  facet normal 0 0 -1
    outer loop
      vertex 0 73.5 0
      vertex 40 80.1 0
      vertex 40 73.5 0
    endloop
  endfacet
  facet normal -0 0 -1
    outer loop
      vertex 40 80.1 0
      vertex 0 73.5 0
      vertex 0 80.1 0
    endloop
  endfacet
  facet normal 0 1 -0
    outer loop
      vertex 40 80.1 0
      vertex 0 80.1 5.39999
      vertex 40 80.1 5.39999
    endloop
  endfacet
  facet normal 0 1 0
    outer loop
      vertex 0 80.1 5.39999
      vertex 40 80.1 0
      vertex 0 80.1 0
    endloop
  endfacet
  facet normal -0 0 1
    outer loop
      vertex 0 80.1 5.39999
      vertex 40 78 5.39999
      vertex 40 80.1 5.39999
    endloop
  endfacet
  facet normal 0 0 1
    outer loop
      vertex 40 78 5.39999
      vertex 0 80.1 5.39999
      vertex 0 78 5.39999
    endloop
  endfacet
  facet normal 0 -1 0
    outer loop
      vertex 0 78 4.51842
      vertex 40 78 5.39999
      vertex 0 78 5.39999
    endloop
  endfacet
  facet normal 0 -1 -0
    outer loop
      vertex 40 78 5.39999
      vertex 0 78 4.51842
      vertex 40 78 4.51842
    endloop
  endfacet
  facet normal 0 -0.555605 -0.831446
    outer loop
      vertex 0 78 4.51842
      vertex 40 78.0784 4.46603
      vertex 40 78 4.51842
    endloop
  endfacet
  facet normal -0 -0.555605 -0.831446
    outer loop
      vertex 40 78.0784 4.46603
      vertex 0 78 4.51842
      vertex 0 78.0784 4.46603
    endloop
  endfacet
  facet normal 0 -0.659396 -0.751796
    outer loop
      vertex 0 78.0784 4.46603
      vertex 40 78.2849 4.28491
      vertex 40 78.0784 4.46603
    endloop
  endfacet
  facet normal -0 -0.659396 -0.751796
    outer loop
      vertex 40 78.2849 4.28491
      vertex 0 78.0784 4.46603
      vertex 0 78.2849 4.28491
    endloop
  endfacet
  facet normal 0 -0.751879 -0.659301
    outer loop
      vertex 0 78.466 4.07838
      vertex 40 78.2849 4.28491
      vertex 0 78.2849 4.28491
    endloop
  endfacet
  facet normal 0 -0.751879 -0.659301
    outer loop
      vertex 40 78.2849 4.28491
      vertex 0 78.466 4.07838
      vertex 40 78.466 4.07838
    endloop
  endfacet
  facet normal 0 -0.83131 -0.555808
    outer loop
      vertex 0 78.6187 3.84999
      vertex 40 78.466 4.07838
      vertex 0 78.466 4.07838
    endloop
  endfacet
  facet normal 0 -0.83131 -0.555808
    outer loop
      vertex 40 78.466 4.07838
      vertex 0 78.6187 3.84999
      vertex 40 78.6187 3.84999
    endloop
  endfacet
  facet normal 0 -0.897012 -0.442007
    outer loop
      vertex 0 78.7401 3.60362
      vertex 40 78.6187 3.84999
      vertex 0 78.6187 3.84999
    endloop
  endfacet
  facet normal 0 -0.897012 -0.442007
    outer loop
      vertex 40 78.6187 3.84999
      vertex 0 78.7401 3.60362
      vertex 40 78.7401 3.60362
    endloop
  endfacet
  facet normal 0 -0.946925 -0.321454
    outer loop
      vertex 0 78.8284 3.34351
      vertex 40 78.7401 3.60362
      vertex 0 78.7401 3.60362
    endloop
  endfacet
  facet normal 0 -0.946925 -0.321454
    outer loop
      vertex 40 78.7401 3.60362
      vertex 0 78.8284 3.34351
      vertex 40 78.8284 3.34351
    endloop
  endfacet
  facet normal 0 -0.980778 -0.195129
    outer loop
      vertex 0 78.882 3.0741
      vertex 40 78.8284 3.34351
      vertex 0 78.8284 3.34351
    endloop
  endfacet
  facet normal 0 -0.980778 -0.195129
    outer loop
      vertex 40 78.8284 3.34351
      vertex 0 78.882 3.0741
      vertex 40 78.882 3.0741
    endloop
  endfacet
  facet normal 0 -0.997851 -0.0655259
    outer loop
      vertex 0 78.9 2.79999
      vertex 40 78.882 3.0741
      vertex 0 78.882 3.0741
    endloop
  endfacet
  facet normal 0 -0.997851 -0.0655259
    outer loop
      vertex 40 78.882 3.0741
      vertex 0 78.9 2.79999
      vertex 40 78.9 2.79999
    endloop
  endfacet
  facet normal 0 -0.997851 0.0655283
    outer loop
      vertex 0 78.882 2.52589
      vertex 40 78.9 2.79999
      vertex 0 78.9 2.79999
    endloop
  endfacet
  facet normal 0 -0.997851 0.0655283
    outer loop
      vertex 40 78.9 2.79999
      vertex 0 78.882 2.52589
      vertex 40 78.882 2.52589
    endloop
  endfacet
  facet normal 0 -0.980779 0.195122
    outer loop
      vertex 0 78.8284 2.25647
      vertex 40 78.882 2.52589
      vertex 0 78.882 2.52589
    endloop
  endfacet
  facet normal 0 -0.980779 0.195122
    outer loop
      vertex 40 78.882 2.52589
      vertex 0 78.8284 2.25647
      vertex 40 78.8284 2.25647
    endloop
  endfacet
  facet normal 0 -0.946929 0.321443
    outer loop
      vertex 0 78.7401 1.99635
      vertex 40 78.8284 2.25647
      vertex 0 78.8284 2.25647
    endloop
  endfacet
  facet normal 0 -0.946929 0.321443
    outer loop
      vertex 40 78.8284 2.25647
      vertex 0 78.7401 1.99635
      vertex 40 78.7401 1.99635
    endloop
  endfacet
  facet normal 0 -0.897012 0.442007
    outer loop
      vertex 0 78.6187 1.74998
      vertex 40 78.7401 1.99635
      vertex 0 78.7401 1.99635
    endloop
  endfacet
  facet normal 0 -0.897012 0.442007
    outer loop
      vertex 40 78.7401 1.99635
      vertex 0 78.6187 1.74998
      vertex 40 78.6187 1.74998
    endloop
  endfacet
  facet normal 0 -0.83131 0.555808
    outer loop
      vertex 0 78.466 1.52159
      vertex 40 78.6187 1.74998
      vertex 0 78.6187 1.74998
    endloop
  endfacet
  facet normal 0 -0.83131 0.555808
    outer loop
      vertex 40 78.6187 1.74998
      vertex 0 78.466 1.52159
      vertex 40 78.466 1.52159
    endloop
  endfacet
  facet normal 0 -0.751879 0.659301
    outer loop
      vertex 0 78.2849 1.31506
      vertex 40 78.466 1.52159
      vertex 0 78.466 1.52159
    endloop
  endfacet
  facet normal 0 -0.751879 0.659301
    outer loop
      vertex 40 78.466 1.52159
      vertex 0 78.2849 1.31506
      vertex 40 78.2849 1.31506
    endloop
  endfacet
  facet normal 0 -0.659355 0.751832
    outer loop
      vertex 0 78.2849 1.31506
      vertex 40 78.0784 1.13396
      vertex 40 78.2849 1.31506
    endloop
  endfacet
  facet normal 0 -0.659355 0.751832
    outer loop
      vertex 40 78.0784 1.13396
      vertex 0 78.2849 1.31506
      vertex 0 78.0784 1.13396
    endloop
  endfacet
  facet normal 0 -0.555593 0.831454
    outer loop
      vertex 0 78.0784 1.13396
      vertex 40 77.85 0.981339
      vertex 40 78.0784 1.13396
    endloop
  endfacet
  facet normal 0 -0.555593 0.831454
    outer loop
      vertex 40 77.85 0.981339
      vertex 0 78.0784 1.13396
      vertex 0 77.85 0.981339
    endloop
  endfacet
  facet normal 0 -0.44223 0.896902
    outer loop
      vertex 0 77.85 0.981339
      vertex 40 77.6036 0.859848
      vertex 40 77.85 0.981339
    endloop
  endfacet
  facet normal 0 -0.44223 0.896902
    outer loop
      vertex 40 77.6036 0.859848
      vertex 0 77.85 0.981339
      vertex 0 77.6036 0.859848
    endloop
  endfacet
  facet normal 0 -0.321475 0.946918
    outer loop
      vertex 0 77.6036 0.859848
      vertex 40 77.3435 0.771545
      vertex 40 77.6036 0.859848
    endloop
  endfacet
  facet normal 0 -0.321475 0.946918
    outer loop
      vertex 40 77.3435 0.771545
      vertex 0 77.6036 0.859848
      vertex 0 77.3435 0.771545
    endloop
  endfacet
  facet normal 0 -0.195094 0.980785
    outer loop
      vertex 0 77.3435 0.771545
      vertex 40 77.0741 0.717957
      vertex 40 77.3435 0.771545
    endloop
  endfacet
  facet normal 0 -0.195094 0.980785
    outer loop
      vertex 40 77.0741 0.717957
      vertex 0 77.3435 0.771545
      vertex 0 77.0741 0.717957
    endloop
  endfacet
  facet normal 0 -0.0653833 0.99786
    outer loop
      vertex 0 77.0741 0.717957
      vertex 40 76.8 0.699997
      vertex 40 77.0741 0.717957
    endloop
  endfacet
  facet normal 0 -0.0653833 0.99786
    outer loop
      vertex 40 76.8 0.699997
      vertex 0 77.0741 0.717957
      vertex 0 76.8 0.699997
    endloop
  endfacet
  facet normal -0 0.0653833 0.99786
    outer loop
      vertex 0 76.8 0.699997
      vertex 40 76.5259 0.717957
      vertex 40 76.8 0.699997
    endloop
  endfacet
  facet normal 0 0.0653833 0.99786
    outer loop
      vertex 40 76.5259 0.717957
      vertex 0 76.8 0.699997
      vertex 0 76.5259 0.717957
    endloop
  endfacet
  facet normal -0 0.195094 0.980785
    outer loop
      vertex 0 76.5259 0.717957
      vertex 40 76.2565 0.771545
      vertex 40 76.5259 0.717957
    endloop
  endfacet
  facet normal 0 0.195094 0.980785
    outer loop
      vertex 40 76.2565 0.771545
      vertex 0 76.5259 0.717957
      vertex 0 76.2565 0.771545
    endloop
  endfacet
  facet normal -0 0.321475 0.946918
    outer loop
      vertex 0 76.2565 0.771545
      vertex 40 75.9964 0.859848
      vertex 40 76.2565 0.771545
    endloop
  endfacet
  facet normal 0 0.321475 0.946918
    outer loop
      vertex 40 75.9964 0.859848
      vertex 0 76.2565 0.771545
      vertex 0 75.9964 0.859848
    endloop
  endfacet
  facet normal -0 0.44223 0.896902
    outer loop
      vertex 0 75.9964 0.859848
      vertex 40 75.75 0.981339
      vertex 40 75.9964 0.859848
    endloop
  endfacet
  facet normal 0 0.44223 0.896902
    outer loop
      vertex 40 75.75 0.981339
      vertex 0 75.9964 0.859848
      vertex 0 75.75 0.981339
    endloop
  endfacet
  facet normal -0 0.555593 0.831454
    outer loop
      vertex 0 75.75 0.981339
      vertex 40 75.5216 1.13396
      vertex 40 75.75 0.981339
    endloop
  endfacet
  facet normal 0 0.555593 0.831454
    outer loop
      vertex 40 75.5216 1.13396
      vertex 0 75.75 0.981339
      vertex 0 75.5216 1.13396
    endloop
  endfacet
  facet normal -0 0.659355 0.751832
    outer loop
      vertex 0 75.5216 1.13396
      vertex 40 75.3151 1.31506
      vertex 40 75.5216 1.13396
    endloop
  endfacet
  facet normal 0 0.659355 0.751832
    outer loop
      vertex 40 75.3151 1.31506
      vertex 0 75.5216 1.13396
      vertex 0 75.3151 1.31506
    endloop
  endfacet
  facet normal 0 0.751879 0.659301
    outer loop
      vertex 40 75.3151 1.31506
      vertex 0 75.134 1.52159
      vertex 40 75.134 1.52159
    endloop
  endfacet
  facet normal 0 0.751879 0.659301
    outer loop
      vertex 0 75.134 1.52159
      vertex 40 75.3151 1.31506
      vertex 0 75.3151 1.31506
    endloop
  endfacet
  facet normal 0 0.831479 0.555557
    outer loop
      vertex 40 75.134 1.52159
      vertex 0 74.9814 1.74998
      vertex 40 74.9814 1.74998
    endloop
  endfacet
  facet normal 0 0.831479 0.555557
    outer loop
      vertex 0 74.9814 1.74998
      vertex 40 75.134 1.52159
      vertex 0 75.134 1.52159
    endloop
  endfacet
  facet normal 0 0.896867 0.4423
    outer loop
      vertex 40 74.9814 1.74998
      vertex 0 74.8599 1.99635
      vertex 40 74.8599 1.99635
    endloop
  endfacet
  facet normal 0 0.896867 0.4423
    outer loop
      vertex 0 74.8599 1.99635
      vertex 40 74.9814 1.74998
      vertex 0 74.9814 1.74998
    endloop
  endfacet
  facet normal 0 0.946929 0.321443
    outer loop
      vertex 40 74.8599 1.99635
      vertex 0 74.7716 2.25647
      vertex 40 74.7716 2.25647
    endloop
  endfacet
  facet normal 0 0.946929 0.321443
    outer loop
      vertex 0 74.7716 2.25647
      vertex 40 74.8599 1.99635
      vertex 0 74.8599 1.99635
    endloop
  endfacet
  facet normal 0 0.980779 0.195122
    outer loop
      vertex 40 74.7716 2.25647
      vertex 0 74.718 2.52589
      vertex 40 74.718 2.52589
    endloop
  endfacet
  facet normal 0 0.980779 0.195122
    outer loop
      vertex 0 74.718 2.52589
      vertex 40 74.7716 2.25647
      vertex 0 74.7716 2.25647
    endloop
  endfacet
  facet normal 0 0.997851 0.0655283
    outer loop
      vertex 40 74.718 2.52589
      vertex 0 74.7 2.79999
      vertex 40 74.7 2.79999
    endloop
  endfacet
  facet normal 0 0.997851 0.0655283
    outer loop
      vertex 0 74.7 2.79999
      vertex 40 74.718 2.52589
      vertex 0 74.718 2.52589
    endloop
  endfacet
  facet normal 0 0.997851 -0.0655259
    outer loop
      vertex 40 74.7 2.79999
      vertex 0 74.718 3.0741
      vertex 40 74.718 3.0741
    endloop
  endfacet
  facet normal 0 0.997851 -0.0655259
    outer loop
      vertex 0 74.718 3.0741
      vertex 40 74.7 2.79999
      vertex 0 74.7 2.79999
    endloop
  endfacet
  facet normal 0 0.980778 -0.195129
    outer loop
      vertex 40 74.718 3.0741
      vertex 0 74.7716 3.34351
      vertex 40 74.7716 3.34351
    endloop
  endfacet
  facet normal 0 0.980778 -0.195129
    outer loop
      vertex 0 74.7716 3.34351
      vertex 40 74.718 3.0741
      vertex 0 74.718 3.0741
    endloop
  endfacet
  facet normal 0 0.946925 -0.321454
    outer loop
      vertex 40 74.7716 3.34351
      vertex 0 74.8599 3.60362
      vertex 40 74.8599 3.60362
    endloop
  endfacet
  facet normal 0 0.946925 -0.321454
    outer loop
      vertex 0 74.8599 3.60362
      vertex 40 74.7716 3.34351
      vertex 0 74.7716 3.34351
    endloop
  endfacet
  facet normal 0 0.896867 -0.4423
    outer loop
      vertex 40 74.8599 3.60362
      vertex 0 74.9814 3.84999
      vertex 40 74.9814 3.84999
    endloop
  endfacet
  facet normal 0 0.896867 -0.4423
    outer loop
      vertex 0 74.9814 3.84999
      vertex 40 74.8599 3.60362
      vertex 0 74.8599 3.60362
    endloop
  endfacet
  facet normal 0 0.831479 -0.555557
    outer loop
      vertex 40 74.9814 3.84999
      vertex 0 75.134 4.07838
      vertex 40 75.134 4.07838
    endloop
  endfacet
  facet normal 0 0.831479 -0.555557
    outer loop
      vertex 0 75.134 4.07838
      vertex 40 74.9814 3.84999
      vertex 0 74.9814 3.84999
    endloop
  endfacet
  facet normal 0 0.751879 -0.659301
    outer loop
      vertex 40 75.134 4.07838
      vertex 0 75.3151 4.28491
      vertex 40 75.3151 4.28491
    endloop
  endfacet
  facet normal 0 0.751879 -0.659301
    outer loop
      vertex 0 75.3151 4.28491
      vertex 40 75.134 4.07838
      vertex 0 75.134 4.07838
    endloop
  endfacet
  facet normal 0 0.659396 -0.751796
    outer loop
      vertex 0 75.3151 4.28491
      vertex 40 75.5216 4.46603
      vertex 40 75.3151 4.28491
    endloop
  endfacet
  facet normal 0 0.659396 -0.751796
    outer loop
      vertex 40 75.5216 4.46603
      vertex 0 75.3151 4.28491
      vertex 0 75.5216 4.46603
    endloop
  endfacet
  facet normal 0 0.555605 -0.831446
    outer loop
      vertex 0 75.5216 4.46603
      vertex 40 75.6 4.51842
      vertex 40 75.5216 4.46603
    endloop
  endfacet
  facet normal 0 0.555605 -0.831446
    outer loop
      vertex 40 75.6 4.51842
      vertex 0 75.5216 4.46603
      vertex 0 75.6 4.51842
    endloop
  endfacet
  facet normal 0 1 -0
    outer loop
      vertex 40 75.6 4.51842
      vertex 0 75.6 5.39999
      vertex 40 75.6 5.39999
    endloop
  endfacet
  facet normal 0 1 0
    outer loop
      vertex 0 75.6 5.39999
      vertex 40 75.6 4.51842
      vertex 0 75.6 4.51842
    endloop
  endfacet
  facet normal -0 0 1
    outer loop
      vertex 0 75.6 5.39999
      vertex 40 73.5 5.39999
      vertex 40 75.6 5.39999
    endloop
  endfacet
  facet normal 0 0 1
    outer loop
      vertex 40 73.5 5.39999
      vertex 0 75.6 5.39999
      vertex 0 73.5 5.39999
    endloop
  endfacet
  facet normal 0 -1 0
    outer loop
      vertex 0 73.5 0
      vertex 40 73.5 5.39999
      vertex 0 73.5 5.39999
    endloop
  endfacet
  facet normal 0 -1 -0
    outer loop
      vertex 40 73.5 5.39999
      vertex 0 73.5 0
      vertex 40 73.5 0
    endloop
  endfacet
endsolid OpenSCAD_Model
